club_display,slug_expected,total_usage,source_sections,crest_url,preferred_filename,source
NEC Nijmegen,nec-nijmegen,504,data/processed/player_season_modeling_v13a.parquet | data/processed/player_season_modeling_v13b_advanced.parquet | reports/dss/global_prospect_universe.csv | reports/strategy/transfer_portfolio_dataset.csv | reports/tm3_contract_intelligence/contract_intelligence_dataset.csv,,nec-nijmegen.svg,manual
Brighton & Hove Albion,brighton-hove-albion,474,reports/dss/global_prospect_universe.csv | reports/strategy/transfer_portfolio_dataset.csv | reports/tm3_contract_intelligence/contract_intelligence_dataset.csv,,brighton-hove-albion.svg,manual
Sunderland AFC,sunderland-afc,450,reports/dss/global_prospect_universe.csv | reports/strategy/transfer_portfolio_dataset.csv | reports/tm3_contract_intelligence/contract_intelligence_dataset.csv,,sunderland-afc.svg,manual
AS Monaco,as-monaco,400,reports/dss/global_prospect_universe.csv | reports/strategy/transfer_portfolio_dataset.csv | reports/tm3_contract_intelligence/contract_intelligence_dataset.csv,,as-monaco.svg,manual
Strasbourg,strasbourg,382,data/processed/player_season_modeling_v13a.parquet | data/processed/player_season_modeling_v13b_advanced.parquet | reports/dss/global_prospect_universe.csv | reports/strategy/transfer_portfolio_dataset.csv | reports/tm3_contract_intelligence/contract_intelligence_dataset.csv,,strasbourg.svg,manual
Feyenoord Rotterdam,feyenoord-rotterdam,360,data/processed/player_season_modeling_v13a.parquet | data/processed/player_season_modeling_v13b_advanced.parquet | reports/dss/global_prospect_universe.csv | reports/strategy/transfer_portfolio_dataset.csv | reports/tm3_contract_intelligence/contract_intelligence_dataset.csv,,feyenoord-rotterdam.svg,manual
KVC Westerlo,kvc-westerlo,360,reports/dss/global_prospect_universe.csv | reports/strategy/transfer_portfolio_dataset.csv | reports/tm3_contract_intelligence/contract_intelligence_dataset.csv,,kvc-westerlo.svg,manual
Hellas Verona,hellas-verona,344,data/processed/player_season_modeling_v13a.parquet | data/processed/player_season_modeling_v13b_advanced.parquet | reports/dss/global_prospect_universe.csv | reports/strategy/transfer_portfolio_dataset.csv | reports/tm3_contract_intelligence/contract_intelligence_dataset.csv,,hellas-verona.svg,manual
Aston Villa,aston-villa,330,data/processed/player_season_modeling_v13a.parquet | data/processed/player_season_modeling_v13b_advanced.parquet | reports/dss/global_prospect_universe.csv | reports/strategy/transfer_portfolio_dataset.csv | reports/tm3_contract_intelligence/contract_intelligence_dataset.csv,,aston-villa.svg,manual
PSV Eindhoven,psv-eindhoven,330,reports/dss/global_prospect_universe.csv | reports/strategy/transfer_portfolio_dataset.csv | reports/tm3_contract_intelligence/contract_intelligence_dataset.csv,,psv-eindhoven.svg,manual
Ajax,ajax,320,data/processed/player_season_modeling_v13a.parquet | data/processed/player_season_modeling_v13b_advanced.parquet | reports/dss/global_prospect_universe.csv | reports/strategy/transfer_portfolio_dataset.csv | reports/tm3_contract_intelligence/contract_intelligence_dataset.csv,,ajax.svg,manual
Ajax Amsterdam,ajax-amsterdam,300,reports/dss/global_prospect_universe.csv | reports/strategy/transfer_portfolio_dataset.csv | reports/tm3_contract_intelligence/contract_intelligence_dataset.csv,,ajax-amsterdam.svg,manual
Villarreal CF,villarreal-cf,300,reports/dss/global_prospect_universe.csv | reports/strategy/transfer_portfolio_dataset.csv | reports/tm3_contract_intelligence/contract_intelligence_dataset.csv,,villarreal-cf.svg,manual
Westerlo,westerlo,288,data/processed/player_season_modeling_v13a.parquet | data/processed/player_season_modeling_v13b_advanced.parquet | reports/dss/global_prospect_universe.csv | reports/strategy/transfer_portfolio_dataset.csv | reports/tm3_contract_intelligence/contract_intelligence_dataset.csv,,westerlo.svg,manual
Brighton,brighton,276,data/processed/player_season_modeling_v13a.parquet | data/processed/player_season_modeling_v13b_advanced.parquet | reports/dss/global_prospect_universe.csv | reports/strategy/transfer_portfolio_dataset.csv | reports/tm3_contract_intelligence/contract_intelligence_dataset.csv,,brighton.svg,manual
Newcastle United,newcastle-united,276,data/processed/player_season_modeling_v13a.parquet | data/processed/player_season_modeling_v13b_advanced.parquet | reports/dss/global_prospect_universe.csv | reports/strategy/transfer_portfolio_dataset.csv | reports/tm3_contract_intelligence/contract_intelligence_dataset.csv,,newcastle-united.svg,manual
Southampton FC,southampton-fc,270,data/processed/player_season_modeling_v13a.parquet | data/processed/player_season_modeling_v13b_advanced.parquet | reports/dss/global_prospect_universe.csv | reports/strategy/transfer_portfolio_dataset.csv | reports/tm3_contract_intelligence/contract_intelligence_dataset.csv,,southampton-fc.svg,manual
FC Famalicão,fc-famalicao,268,reports/dss/global_prospect_universe.csv | reports/strategy/transfer_portfolio_dataset.csv | reports/tm3_contract_intelligence/contract_intelligence_dataset.csv,,fc-famalicao.svg,manual
Anderlecht,anderlecht,258,data/processed/player_season_modeling_v13a.parquet | data/processed/player_season_modeling_v13b_advanced.parquet | reports/dss/global_prospect_universe.csv | reports/strategy/transfer_portfolio_dataset.csv | reports/tm3_contract_intelligence/contract_intelligence_dataset.csv,,anderlecht.svg,manual
Monaco,monaco,258,data/processed/player_season_modeling_v13a.parquet | data/processed/player_season_modeling_v13b_advanced.parquet | reports/dss/global_prospect_universe.csv | reports/strategy/transfer_portfolio_dataset.csv | reports/tm3_contract_intelligence/contract_intelligence_dataset.csv,,monaco.svg,manual
Cagliari Calcio,cagliari-calcio,254,data/processed/player_season_modeling_v13a.parquet | data/processed/player_season_modeling_v13b_advanced.parquet | reports/dss/global_prospect_universe.csv | reports/strategy/transfer_portfolio_dataset.csv | reports/tm3_contract_intelligence/contract_intelligence_dataset.csv,,cagliari-calcio.svg,manual
Arsenal FC,arsenal-fc,250,reports/dss/global_prospect_universe.csv | reports/strategy/transfer_portfolio_dataset.csv | reports/tm3_contract_intelligence/contract_intelligence_dataset.csv,,arsenal-fc.svg,manual
Fortuna Sittard,fortuna-sittard,250,data/processed/player_season_modeling_v13a.parquet | data/processed/player_season_modeling_v13b_advanced.parquet | reports/dss/global_prospect_universe.csv | reports/strategy/transfer_portfolio_dataset.csv | reports/tm3_contract_intelligence/contract_intelligence_dataset.csv,,fortuna-sittard.svg,manual
RSC Anderlecht,rsc-anderlecht,250,reports/dss/global_prospect_universe.csv | reports/strategy/transfer_portfolio_dataset.csv | reports/tm3_contract_intelligence/contract_intelligence_dataset.csv,,rsc-anderlecht.svg,manual
Royal Antwerp FC,royal-antwerp-fc,250,reports/dss/global_prospect_universe.csv | reports/strategy/transfer_portfolio_dataset.csv | reports/tm3_contract_intelligence/contract_intelligence_dataset.csv,,royal-antwerp-fc.svg,manual
Norwich City,norwich-city,244,data/processed/player_season_modeling_v13a.parquet | data/processed/player_season_modeling_v13b_advanced.parquet | reports/dss/global_prospect_universe.csv | reports/strategy/transfer_portfolio_dataset.csv | reports/tm3_contract_intelligence/contract_intelligence_dataset.csv,,norwich-city.svg,manual
Brentford FC,brentford-fc,240,reports/dss/global_prospect_universe.csv | reports/strategy/transfer_portfolio_dataset.csv | reports/tm3_contract_intelligence/contract_intelligence_dataset.csv,,brentford-fc.svg,manual
Sint-Truidense VV,sint-truidense-vv,240,reports/dss/global_prospect_universe.csv | reports/strategy/transfer_portfolio_dataset.csv | reports/tm3_contract_intelligence/contract_intelligence_dataset.csv,,sint-truidense-vv.svg,manual
Atlético de Madrid,atletico-de-madrid,230,reports/dss/global_prospect_universe.csv | reports/strategy/transfer_portfolio_dataset.csv | reports/tm3_contract_intelligence/contract_intelligence_dataset.csv,,atletico-de-madrid.svg,manual
FC Arouca,fc-arouca,230,reports/dss/global_prospect_universe.csv | reports/strategy/transfer_portfolio_dataset.csv | reports/tm3_contract_intelligence/contract_intelligence_dataset.csv,,fc-arouca.svg,manual
FC Augsburg,fc-augsburg,230,reports/dss/global_prospect_universe.csv | reports/strategy/transfer_portfolio_dataset.csv | reports/tm3_contract_intelligence/contract_intelligence_dataset.csv,,fc-augsburg.svg,manual
SC Braga,sc-braga,230,reports/dss/global_prospect_universe.csv | reports/strategy/transfer_portfolio_dataset.csv | reports/tm3_contract_intelligence/contract_intelligence_dataset.csv,,sc-braga.svg,manual
West Ham United,west-ham-united,228,data/processed/player_season_modeling_v13a.parquet | data/processed/player_season_modeling_v13b_advanced.parquet | reports/dss/global_prospect_universe.csv | reports/strategy/transfer_portfolio_dataset.csv | reports/tm3_contract_intelligence/contract_intelligence_dataset.csv,,west-ham-united.svg,manual
Venezia FC,venezia-fc,224,data/processed/player_season_modeling_v13a.parquet | data/processed/player_season_modeling_v13b_advanced.parquet | reports/dss/global_prospect_universe.csv | reports/strategy/transfer_portfolio_dataset.csv | reports/tm3_contract_intelligence/contract_intelligence_dataset.csv,,venezia-fc.svg,manual
Stuttgart,stuttgart,222,data/processed/player_season_modeling_v13a.parquet | data/processed/player_season_modeling_v13b_advanced.parquet | reports/dss/global_prospect_universe.csv | reports/strategy/transfer_portfolio_dataset.csv | reports/tm3_contract_intelligence/contract_intelligence_dataset.csv,,stuttgart.svg,manual
Burnley FC,burnley-fc,220,reports/dss/global_prospect_universe.csv | reports/strategy/transfer_portfolio_dataset.csv | reports/tm3_contract_intelligence/contract_intelligence_dataset.csv,,burnley-fc.svg,manual
Rennes,rennes,220,data/processed/player_season_modeling_v13a.parquet | data/processed/player_season_modeling_v13b_advanced.parquet | reports/dss/global_prospect_universe.csv | reports/strategy/transfer_portfolio_dataset.csv | reports/tm3_contract_intelligence/contract_intelligence_dataset.csv,,rennes.svg,manual
SC Freiburg,sc-freiburg,220,reports/dss/global_prospect_universe.csv | reports/strategy/transfer_portfolio_dataset.csv | reports/tm3_contract_intelligence/contract_intelligence_dataset.csv,,sc-freiburg.svg,manual
Chelsea,chelsea,218,data/processed/player_season_modeling_v13a.parquet | data/processed/player_season_modeling_v13b_advanced.parquet | reports/dss/global_prospect_universe.csv | reports/strategy/transfer_portfolio_dataset.csv | reports/tm3_contract_intelligence/contract_intelligence_dataset.csv,,chelsea.svg,manual
Union SG,union-sg,216,data/processed/player_season_modeling_v13a.parquet | data/processed/player_season_modeling_v13b_advanced.parquet | reports/dss/global_prospect_universe.csv | reports/strategy/transfer_portfolio_dataset.csv | reports/tm3_contract_intelligence/contract_intelligence_dataset.csv,,union-sg.svg,manual
Le Havre,le-havre,214,data/processed/player_season_modeling_v13a.parquet | data/processed/player_season_modeling_v13b_advanced.parquet | reports/dss/global_prospect_universe.csv | reports/strategy/transfer_portfolio_dataset.csv | reports/tm3_contract_intelligence/contract_intelligence_dataset.csv,,le-havre.svg,manual
Gent,gent,212,data/processed/player_season_modeling_v13a.parquet | data/processed/player_season_modeling_v13b_advanced.parquet | reports/dss/global_prospect_universe.csv | reports/strategy/transfer_portfolio_dataset.csv | reports/tm3_contract_intelligence/contract_intelligence_dataset.csv,,gent.svg,manual
Heracles Almelo,heracles-almelo,211,data/processed/player_season_modeling_v13a.parquet | data/processed/player_season_modeling_v13b_advanced.parquet | reports/dss/global_prospect_universe.csv | reports/strategy/transfer_portfolio_dataset.csv | reports/tm3_contract_intelligence/contract_intelligence_dataset.csv,,heracles-almelo.svg,manual
Elche CF,elche-cf,210,reports/dss/global_prospect_universe.csv | reports/strategy/transfer_portfolio_dataset.csv | reports/tm3_contract_intelligence/contract_intelligence_dataset.csv,,elche-cf.svg,manual
Rio Ave,rio-ave,210,data/processed/player_season_modeling_v13a.parquet | data/processed/player_season_modeling_v13b_advanced.parquet | reports/dss/global_prospect_universe.csv | reports/strategy/transfer_portfolio_dataset.csv | reports/tm3_contract_intelligence/contract_intelligence_dataset.csv,,rio-ave.svg,manual
Heerenveen,heerenveen,208,data/processed/player_season_modeling_v13a.parquet | data/processed/player_season_modeling_v13b_advanced.parquet | reports/dss/global_prospect_universe.csv | reports/strategy/transfer_portfolio_dataset.csv | reports/tm3_contract_intelligence/contract_intelligence_dataset.csv,,heerenveen.svg,manual
Manchester Utd,manchester-utd,208,data/processed/player_season_modeling_v13a.parquet | data/processed/player_season_modeling_v13b_advanced.parquet | reports/dss/global_prospect_universe.csv | reports/strategy/transfer_portfolio_dataset.csv | reports/tm3_contract_intelligence/contract_intelligence_dataset.csv,,manchester-utd.svg,manual
Marseille,marseille,208,data/processed/player_season_modeling_v13a.parquet | data/processed/player_season_modeling_v13b_advanced.parquet | reports/dss/global_prospect_universe.csv | reports/strategy/transfer_portfolio_dataset.csv | reports/tm3_contract_intelligence/contract_intelligence_dataset.csv,,marseille.svg,manual
Braga,braga,204,data/processed/player_season_modeling_v13a.parquet | data/processed/player_season_modeling_v13b_advanced.parquet | reports/dss/global_prospect_universe.csv | reports/strategy/transfer_portfolio_dataset.csv | reports/tm3_contract_intelligence/contract_intelligence_dataset.csv,,braga.svg,manual
PSV,psv,204,data/processed/player_season_modeling_v13a.parquet | data/processed/player_season_modeling_v13b_advanced.parquet | reports/dss/global_prospect_universe.csv | reports/strategy/transfer_portfolio_dataset.csv | reports/tm3_contract_intelligence/contract_intelligence_dataset.csv,,psv.svg,manual
Antwerp,antwerp,202,data/processed/player_season_modeling_v13a.parquet | data/processed/player_season_modeling_v13b_advanced.parquet | reports/dss/global_prospect_universe.csv | reports/strategy/transfer_portfolio_dataset.csv | reports/tm3_contract_intelligence/contract_intelligence_dataset.csv,,antwerp.svg,manual
Monza,monza,202,data/processed/player_season_modeling_v13a.parquet | data/processed/player_season_modeling_v13b_advanced.parquet | reports/dss/global_prospect_universe.csv | reports/strategy/transfer_portfolio_dataset.csv | reports/tm3_contract_intelligence/contract_intelligence_dataset.csv,,monza.svg,manual
Chelsea Football Club,chelsea-football-club,201,data/processed/player_season_modeling_v13a.parquet | data/processed/player_season_modeling_v13b_advanced.parquet | reports/dss/global_prospect_universe.csv | reports/tm3_contract_intelligence/contract_intelligence_dataset.csv,,chelsea-football-club.svg,manual
1.FC Union Berlin,1-fc-union-berlin,200,reports/dss/global_prospect_universe.csv | reports/strategy/transfer_portfolio_dataset.csv | reports/tm3_contract_intelligence/contract_intelligence_dataset.csv,,1-fc-union-berlin.svg,manual
Genoa CFC,genoa-cfc,200,reports/dss/global_prospect_universe.csv | reports/strategy/transfer_portfolio_dataset.csv | reports/tm3_contract_intelligence/contract_intelligence_dataset.csv,,genoa-cfc.svg,manual
Royal Charleroi SC,royal-charleroi-sc,200,reports/dss/global_prospect_universe.csv | reports/strategy/transfer_portfolio_dataset.csv | reports/tm3_contract_intelligence/contract_intelligence_dataset.csv,,royal-charleroi-sc.svg,manual
Sevilla FC,sevilla-fc,200,reports/dss/global_prospect_universe.csv | reports/strategy/transfer_portfolio_dataset.csv | reports/tm3_contract_intelligence/contract_intelligence_dataset.csv,,sevilla-fc.svg,manual
Leicester City,leicester-city,198,data/processed/player_season_modeling_v13a.parquet | data/processed/player_season_modeling_v13b_advanced.parquet | reports/dss/global_prospect_universe.csv | reports/strategy/transfer_portfolio_dataset.csv | reports/tm3_contract_intelligence/contract_intelligence_dataset.csv,,leicester-city.svg,manual
Hoffenheim,hoffenheim,196,data/processed/player_season_modeling_v13a.parquet | data/processed/player_season_modeling_v13b_advanced.parquet | reports/dss/global_prospect_universe.csv | reports/strategy/transfer_portfolio_dataset.csv | reports/tm3_contract_intelligence/contract_intelligence_dataset.csv,,hoffenheim.svg,manual
Lens,lens,196,data/processed/player_season_modeling_v13a.parquet | data/processed/player_season_modeling_v13b_advanced.parquet | reports/dss/global_prospect_universe.csv | reports/strategy/transfer_portfolio_dataset.csv | reports/tm3_contract_intelligence/contract_intelligence_dataset.csv,,lens.svg,manual
Charleroi,charleroi,194,data/processed/player_season_modeling_v13a.parquet | data/processed/player_season_modeling_v13b_advanced.parquet | reports/dss/global_prospect_universe.csv | reports/strategy/transfer_portfolio_dataset.csv | reports/tm3_contract_intelligence/contract_intelligence_dataset.csv,,charleroi.svg,manual
Leeds United,leeds-united,192,data/processed/player_season_modeling_v13a.parquet | data/processed/player_season_modeling_v13b_advanced.parquet | reports/dss/global_prospect_universe.csv | reports/strategy/transfer_portfolio_dataset.csv | reports/tm3_contract_intelligence/contract_intelligence_dataset.csv,,leeds-united.svg,manual
Nice,nice,192,data/processed/player_season_modeling_v13a.parquet | data/processed/player_season_modeling_v13b_advanced.parquet | reports/dss/global_prospect_universe.csv | reports/strategy/transfer_portfolio_dataset.csv | reports/tm3_contract_intelligence/contract_intelligence_dataset.csv,,nice.svg,manual
Mechelen,mechelen,190,data/processed/player_season_modeling_v13a.parquet | data/processed/player_season_modeling_v13b_advanced.parquet | reports/dss/global_prospect_universe.csv | reports/strategy/transfer_portfolio_dataset.csv | reports/tm3_contract_intelligence/contract_intelligence_dataset.csv,,mechelen.svg,manual
Sheffield United,sheffield-united,190,data/processed/player_season_modeling_v13a.parquet | data/processed/player_season_modeling_v13b_advanced.parquet | reports/dss/global_prospect_universe.csv | reports/strategy/transfer_portfolio_dataset.csv | reports/tm3_contract_intelligence/contract_intelligence_dataset.csv,,sheffield-united.svg,manual
Juventus,juventus,188,data/processed/player_season_modeling_v13a.parquet | data/processed/player_season_modeling_v13b_advanced.parquet | reports/dss/global_prospect_universe.csv | reports/strategy/transfer_portfolio_dataset.csv | reports/tm3_contract_intelligence/contract_intelligence_dataset.csv,,juventus.svg,manual
Sint-Truiden,sint-truiden,188,data/processed/player_season_modeling_v13a.parquet | data/processed/player_season_modeling_v13b_advanced.parquet | reports/dss/global_prospect_universe.csv | reports/strategy/transfer_portfolio_dataset.csv | reports/tm3_contract_intelligence/contract_intelligence_dataset.csv,,sint-truiden.svg,manual
Kortrijk,kortrijk,184,data/processed/player_season_modeling_v13a.parquet | data/processed/player_season_modeling_v13b_advanced.parquet | reports/dss/global_prospect_universe.csv | reports/strategy/transfer_portfolio_dataset.csv | reports/tm3_contract_intelligence/contract_intelligence_dataset.csv,,kortrijk.svg,manual
Valencia,valencia,182,data/processed/player_season_modeling_v13a.parquet | data/processed/player_season_modeling_v13b_advanced.parquet | reports/dss/global_prospect_universe.csv | reports/strategy/transfer_portfolio_dataset.csv | reports/tm3_contract_intelligence/contract_intelligence_dataset.csv,,valencia.svg,manual
Girona FC,girona-fc,180,reports/dss/global_prospect_universe.csv | reports/strategy/transfer_portfolio_dataset.csv | reports/tm3_contract_intelligence/contract_intelligence_dataset.csv,,girona-fc.svg,manual
Famalicão,famalicao,178,data/processed/player_season_modeling_v13a.parquet | data/processed/player_season_modeling_v13b_advanced.parquet | reports/dss/global_prospect_universe.csv | reports/strategy/transfer_portfolio_dataset.csv | reports/tm3_contract_intelligence/contract_intelligence_dataset.csv,,famalicao.svg,manual
Wolfsburg,wolfsburg,178,data/processed/player_season_modeling_v13a.parquet | data/processed/player_season_modeling_v13b_advanced.parquet | reports/dss/global_prospect_universe.csv | reports/strategy/transfer_portfolio_dataset.csv | reports/tm3_contract_intelligence/contract_intelligence_dataset.csv,,wolfsburg.svg,manual
Burnley,burnley,174,data/processed/player_season_modeling_v13a.parquet | data/processed/player_season_modeling_v13b_advanced.parquet | reports/dss/global_prospect_universe.csv | reports/strategy/transfer_portfolio_dataset.csv | reports/tm3_contract_intelligence/contract_intelligence_dataset.csv,,burnley.svg,manual
Southampton,southampton,172,data/processed/player_season_modeling_v13a.parquet | data/processed/player_season_modeling_v13b_advanced.parquet | reports/dss/global_prospect_universe.csv | reports/strategy/transfer_portfolio_dataset.csv | reports/tm3_contract_intelligence/contract_intelligence_dataset.csv,,southampton.svg,manual
Hull City,hull-city,170,data/processed/player_season_modeling_v13a.parquet | data/processed/player_season_modeling_v13b_advanced.parquet | reports/dss/global_prospect_universe.csv | reports/strategy/transfer_portfolio_dataset.csv | reports/tm3_contract_intelligence/contract_intelligence_dataset.csv,,hull-city.svg,manual
Lyon,lyon,170,data/processed/player_season_modeling_v13a.parquet | data/processed/player_season_modeling_v13b_advanced.parquet | reports/dss/global_prospect_universe.csv | reports/strategy/transfer_portfolio_dataset.csv | reports/tm3_contract_intelligence/contract_intelligence_dataset.csv,,lyon.svg,manual
PEC Zwolle,pec-zwolle,170,reports/dss/global_prospect_universe.csv | reports/strategy/transfer_portfolio_dataset.csv | reports/tm3_contract_intelligence/contract_intelligence_dataset.csv,,pec-zwolle.svg,manual
US Sassuolo,us-sassuolo,170,reports/dss/global_prospect_universe.csv | reports/strategy/transfer_portfolio_dataset.csv | reports/tm3_contract_intelligence/contract_intelligence_dataset.csv,,us-sassuolo.svg,manual
Benfica,benfica,168,data/processed/player_season_modeling_v13a.parquet | data/processed/player_season_modeling_v13b_advanced.parquet | reports/dss/global_prospect_universe.csv | reports/strategy/transfer_portfolio_dataset.csv | reports/tm3_contract_intelligence/contract_intelligence_dataset.csv,,benfica.svg,manual
Bournemouth,bournemouth,168,data/processed/player_season_modeling_v13a.parquet | data/processed/player_season_modeling_v13b_advanced.parquet | reports/dss/global_prospect_universe.csv | reports/strategy/transfer_portfolio_dataset.csv | reports/tm3_contract_intelligence/contract_intelligence_dataset.csv,,bournemouth.svg,manual
Saint-Étienne,saint-etienne,168,data/processed/player_season_modeling_v13a.parquet | data/processed/player_season_modeling_v13b_advanced.parquet | reports/dss/global_prospect_universe.csv | reports/strategy/transfer_portfolio_dataset.csv | reports/tm3_contract_intelligence/contract_intelligence_dataset.csv,,saint-etienne.svg,manual
Willem II Tilburg,willem-ii-tilburg,167,data/processed/player_season_modeling_v13a.parquet | data/processed/player_season_modeling_v13b_advanced.parquet | reports/dss/global_prospect_universe.csv | reports/strategy/transfer_portfolio_dataset.csv | reports/tm3_contract_intelligence/contract_intelligence_dataset.csv,,willem-ii-tilburg.svg,manual
Girona,girona,166,data/processed/player_season_modeling_v13a.parquet | data/processed/player_season_modeling_v13b_advanced.parquet | reports/dss/global_prospect_universe.csv | reports/strategy/transfer_portfolio_dataset.csv | reports/tm3_contract_intelligence/contract_intelligence_dataset.csv,,girona.svg,manual
Reims,reims,166,data/processed/player_season_modeling_v13a.parquet | data/processed/player_season_modeling_v13b_advanced.parquet | reports/dss/global_prospect_universe.csv | reports/strategy/transfer_portfolio_dataset.csv | reports/tm3_contract_intelligence/contract_intelligence_dataset.csv,,reims.svg,manual
Roma,roma,166,data/processed/player_season_modeling_v13a.parquet | data/processed/player_season_modeling_v13b_advanced.parquet | reports/dss/global_prospect_universe.csv | reports/strategy/transfer_portfolio_dataset.csv | reports/tm3_contract_intelligence/contract_intelligence_dataset.csv,,roma.svg,manual
Feyenoord,feyenoord,164,data/processed/player_season_modeling_v13a.parquet | data/processed/player_season_modeling_v13b_advanced.parquet | reports/dss/global_prospect_universe.csv | reports/strategy/transfer_portfolio_dataset.csv | reports/tm3_contract_intelligence/contract_intelligence_dataset.csv,,feyenoord.svg,manual
AFC Bournemouth,afc-bournemouth,160,reports/dss/global_prospect_universe.csv | reports/strategy/transfer_portfolio_dataset.csv | reports/tm3_contract_intelligence/contract_intelligence_dataset.csv,,afc-bournemouth.svg,manual
CD Mirandés,cd-mirandes,160,data/processed/player_season_modeling_v13a.parquet | data/processed/player_season_modeling_v13b_advanced.parquet | reports/dss/global_prospect_universe.csv | reports/strategy/transfer_portfolio_dataset.csv | reports/tm3_contract_intelligence/contract_intelligence_dataset.csv,,cd-mirandes.svg,manual
Dortmund,dortmund,160,data/processed/player_season_modeling_v13a.parquet | data/processed/player_season_modeling_v13b_advanced.parquet | reports/dss/global_prospect_universe.csv | reports/strategy/transfer_portfolio_dataset.csv | reports/tm3_contract_intelligence/contract_intelligence_dataset.csv,,dortmund.svg,manual
Gladbach,gladbach,160,data/processed/player_season_modeling_v13a.parquet | data/processed/player_season_modeling_v13b_advanced.parquet | reports/dss/global_prospect_universe.csv | reports/strategy/transfer_portfolio_dataset.csv | reports/tm3_contract_intelligence/contract_intelligence_dataset.csv,,gladbach.svg,manual
KV Mechelen,kv-mechelen,160,reports/dss/global_prospect_universe.csv | reports/strategy/transfer_portfolio_dataset.csv | reports/tm3_contract_intelligence/contract_intelligence_dataset.csv,,kv-mechelen.svg,manual
LOSC Lille,losc-lille,160,reports/dss/global_prospect_universe.csv | reports/strategy/transfer_portfolio_dataset.csv | reports/tm3_contract_intelligence/contract_intelligence_dataset.csv,,losc-lille.svg,manual
Torino FC,torino-fc,160,reports/dss/global_prospect_universe.csv | reports/strategy/transfer_portfolio_dataset.csv | reports/tm3_contract_intelligence/contract_intelligence_dataset.csv,,torino-fc.svg,manual
Twente,twente,160,data/processed/player_season_modeling_v13a.parquet | data/processed/player_season_modeling_v13b_advanced.parquet | reports/dss/global_prospect_universe.csv | reports/strategy/transfer_portfolio_dataset.csv | reports/tm3_contract_intelligence/contract_intelligence_dataset.csv,,twente.svg,manual
Wolverhampton Wanderers,wolverhampton-wanderers,160,reports/dss/global_prospect_universe.csv | reports/strategy/transfer_portfolio_dataset.csv | reports/tm3_contract_intelligence/contract_intelligence_dataset.csv,,wolverhampton-wanderers.svg,manual
Arouca,arouca,158,data/processed/player_season_modeling_v13a.parquet | data/processed/player_season_modeling_v13b_advanced.parquet | reports/dss/global_prospect_universe.csv | reports/strategy/transfer_portfolio_dataset.csv | reports/tm3_contract_intelligence/contract_intelligence_dataset.csv,,arouca.svg,manual
Ipswich Town,ipswich-town,158,data/processed/player_season_modeling_v13a.parquet | data/processed/player_season_modeling_v13b_advanced.parquet | reports/dss/global_prospect_universe.csv | reports/strategy/transfer_portfolio_dataset.csv | reports/tm3_contract_intelligence/contract_intelligence_dataset.csv,,ipswich-town.svg,manual
Sunderland,sunderland,158,data/processed/player_season_modeling_v13a.parquet | data/processed/player_season_modeling_v13b_advanced.parquet | reports/dss/global_prospect_universe.csv | reports/strategy/transfer_portfolio_dataset.csv | reports/tm3_contract_intelligence/contract_intelligence_dataset.csv,,sunderland.svg,manual
Empoli,empoli,156,data/processed/player_season_modeling_v13a.parquet | data/processed/player_season_modeling_v13b_advanced.parquet | reports/dss/global_prospect_universe.csv | reports/strategy/transfer_portfolio_dataset.csv | reports/tm3_contract_intelligence/contract_intelligence_dataset.csv,,empoli.svg,manual
Leverkusen,leverkusen,156,data/processed/player_season_modeling_v13a.parquet | data/processed/player_season_modeling_v13b_advanced.parquet | reports/dss/global_prospect_universe.csv | reports/strategy/transfer_portfolio_dataset.csv | reports/tm3_contract_intelligence/contract_intelligence_dataset.csv,,leverkusen.svg,manual
Swansea City,swansea-city,154,data/processed/player_season_modeling_v13a.parquet | data/processed/player_season_modeling_v13b_advanced.parquet | reports/dss/global_prospect_universe.csv | reports/strategy/transfer_portfolio_dataset.csv | reports/tm3_contract_intelligence/contract_intelligence_dataset.csv,,swansea-city.svg,manual
Manchester City Football Club,manchester-city-football-club,152,data/processed/player_season_modeling_v13a.parquet | data/processed/player_season_modeling_v13b_advanced.parquet | reports/dss/global_prospect_universe.csv | reports/tm3_contract_intelligence/contract_intelligence_dataset.csv,,manchester-city-football-club.svg,manual
FC Toulouse,fc-toulouse,150,reports/dss/global_prospect_universe.csv | reports/strategy/transfer_portfolio_dataset.csv | reports/tm3_contract_intelligence/contract_intelligence_dataset.csv,,fc-toulouse.svg,manual
Freiburg,freiburg,150,data/processed/player_season_modeling_v13a.parquet | data/processed/player_season_modeling_v13b_advanced.parquet | reports/dss/global_prospect_universe.csv | reports/strategy/transfer_portfolio_dataset.csv | reports/tm3_contract_intelligence/contract_intelligence_dataset.csv,,freiburg.svg,manual
Genoa,genoa,150,data/processed/player_season_modeling_v13a.parquet | data/processed/player_season_modeling_v13b_advanced.parquet | reports/dss/global_prospect_universe.csv | reports/strategy/transfer_portfolio_dataset.csv | reports/tm3_contract_intelligence/contract_intelligence_dataset.csv,,genoa.svg,manual
Lille,lille,150,data/processed/player_season_modeling_v13a.parquet | data/processed/player_season_modeling_v13b_advanced.parquet | reports/dss/global_prospect_universe.csv | reports/strategy/transfer_portfolio_dataset.csv | reports/tm3_contract_intelligence/contract_intelligence_dataset.csv,,lille.svg,manual
Tottenham Hotspur Football Club,tottenham-hotspur-football-club,150,data/processed/player_season_modeling_v13a.parquet | data/processed/player_season_modeling_v13b_advanced.parquet | reports/dss/global_prospect_universe.csv | reports/tm3_contract_intelligence/contract_intelligence_dataset.csv,,tottenham-hotspur-football-club.svg,manual
Toulouse,toulouse,150,data/processed/player_season_modeling_v13a.parquet | data/processed/player_season_modeling_v13b_advanced.parquet | reports/dss/global_prospect_universe.csv | reports/strategy/transfer_portfolio_dataset.csv | reports/tm3_contract_intelligence/contract_intelligence_dataset.csv,,toulouse.svg,manual
Gil Vicente FC,gil-vicente-fc,144,data/processed/player_season_modeling_v13a.parquet | data/processed/player_season_modeling_v13b_advanced.parquet | reports/dss/global_prospect_universe.csv | reports/strategy/transfer_portfolio_dataset.csv | reports/tm3_contract_intelligence/contract_intelligence_dataset.csv,,gil-vicente-fc.svg,manual
RCD Mallorca,rcd-mallorca,144,reports/dss/global_prospect_universe.csv | reports/strategy/transfer_portfolio_dataset.csv | reports/tm3_contract_intelligence/contract_intelligence_dataset.csv,,rcd-mallorca.svg,manual
Preston North End,preston-north-end,140,data/processed/player_season_modeling_v13a.parquet | data/processed/player_season_modeling_v13b_advanced.parquet | reports/dss/global_prospect_universe.csv | reports/strategy/transfer_portfolio_dataset.csv | reports/tm3_contract_intelligence/contract_intelligence_dataset.csv,,preston-north-end.svg,manual
US Lecce,us-lecce,140,reports/dss/global_prospect_universe.csv | reports/strategy/transfer_portfolio_dataset.csv | reports/tm3_contract_intelligence/contract_intelligence_dataset.csv,,us-lecce.svg,manual
Milan,milan,138,data/processed/player_season_modeling_v13a.parquet | data/processed/player_season_modeling_v13b_advanced.parquet | reports/dss/global_prospect_universe.csv | reports/strategy/transfer_portfolio_dataset.csv | reports/tm3_contract_intelligence/contract_intelligence_dataset.csv,,milan.svg,manual
Manchester United Football Club,manchester-united-football-club,137,data/processed/player_season_modeling_v13a.parquet | data/processed/player_season_modeling_v13b_advanced.parquet | reports/dss/global_prospect_universe.csv | reports/tm3_contract_intelligence/contract_intelligence_dataset.csv,,manchester-united-football-club.svg,manual
Espanyol,espanyol,136,data/processed/player_season_modeling_v13a.parquet | data/processed/player_season_modeling_v13b_advanced.parquet | reports/dss/global_prospect_universe.csv | reports/strategy/transfer_portfolio_dataset.csv | reports/tm3_contract_intelligence/contract_intelligence_dataset.csv,,espanyol.svg,manual
Liverpool Football Club,liverpool-football-club,136,data/processed/player_season_modeling_v13a.parquet | data/processed/player_season_modeling_v13b_advanced.parquet | reports/dss/global_prospect_universe.csv | reports/tm3_contract_intelligence/contract_intelligence_dataset.csv,,liverpool-football-club.svg,manual
Nantes,nantes,136,data/processed/player_season_modeling_v13a.parquet | data/processed/player_season_modeling_v13b_advanced.parquet | reports/dss/global_prospect_universe.csv | reports/strategy/transfer_portfolio_dataset.csv | reports/tm3_contract_intelligence/contract_intelligence_dataset.csv,,nantes.svg,manual
Luton Town,luton-town,135,data/processed/player_season_modeling_v13a.parquet | data/processed/player_season_modeling_v13b_advanced.parquet | reports/dss/global_prospect_universe.csv | reports/strategy/transfer_portfolio_dataset.csv | reports/tm3_contract_intelligence/contract_intelligence_dataset.csv,,luton-town.svg,manual
Liverpool,liverpool,132,data/processed/player_season_modeling_v13a.parquet | data/processed/player_season_modeling_v13b_advanced.parquet | reports/dss/global_prospect_universe.csv | reports/strategy/transfer_portfolio_dataset.csv | reports/tm3_contract_intelligence/contract_intelligence_dataset.csv,,liverpool.svg,manual
RCD Espanyol Barcelona,rcd-espanyol-barcelona,132,reports/dss/global_prospect_universe.csv | reports/strategy/transfer_portfolio_dataset.csv | reports/tm3_contract_intelligence/contract_intelligence_dataset.csv,,rcd-espanyol-barcelona.svg,manual
RKC Waalwijk,rkc-waalwijk,131,data/processed/player_season_modeling_v13a.parquet | data/processed/player_season_modeling_v13b_advanced.parquet | reports/dss/global_prospect_universe.csv | reports/strategy/transfer_portfolio_dataset.csv | reports/tm3_contract_intelligence/contract_intelligence_dataset.csv,,rkc-waalwijk.svg,manual
FCV Dender EH,fcv-dender-eh,130,reports/dss/global_prospect_universe.csv | reports/strategy/transfer_portfolio_dataset.csv | reports/tm3_contract_intelligence/contract_intelligence_dataset.csv,,fcv-dender-eh.svg,manual
Fiorentina,fiorentina,130,data/processed/player_season_modeling_v13a.parquet | data/processed/player_season_modeling_v13b_advanced.parquet | reports/dss/global_prospect_universe.csv | reports/strategy/transfer_portfolio_dataset.csv | reports/tm3_contract_intelligence/contract_intelligence_dataset.csv,,fiorentina.svg,manual
Olympique Lyon,olympique-lyon,130,reports/dss/global_prospect_universe.csv | reports/strategy/transfer_portfolio_dataset.csv | reports/tm3_contract_intelligence/contract_intelligence_dataset.csv,,olympique-lyon.svg,manual
Leeds United Association Football Club,leeds-united-association-football-club,128,data/processed/player_season_modeling_v13a.parquet | data/processed/player_season_modeling_v13b_advanced.parquet | reports/dss/global_prospect_universe.csv | reports/tm3_contract_intelligence/contract_intelligence_dataset.csv,,leeds-united-association-football-club.svg,manual
Mainz 05,mainz-05,128,data/processed/player_season_modeling_v13a.parquet | data/processed/player_season_modeling_v13b_advanced.parquet | reports/dss/global_prospect_universe.csv | reports/strategy/transfer_portfolio_dataset.csv | reports/tm3_contract_intelligence/contract_intelligence_dataset.csv,,mainz-05.svg,manual
Nottingham Forest Football Club,nottingham-forest-football-club,127,data/processed/player_season_modeling_v13a.parquet | data/processed/player_season_modeling_v13b_advanced.parquet | reports/dss/global_prospect_universe.csv | reports/tm3_contract_intelligence/contract_intelligence_dataset.csv,,nottingham-forest-football-club.svg,manual
Association sportive de Monaco Football Club,association-sportive-de-monaco-football-club,126,data/processed/player_season_modeling_v13a.parquet | data/processed/player_season_modeling_v13b_advanced.parquet | reports/dss/global_prospect_universe.csv | reports/tm3_contract_intelligence/contract_intelligence_dataset.csv,,association-sportive-de-monaco-football-club.svg,manual
Villarreal,villarreal,126,data/processed/player_season_modeling_v13a.parquet | data/processed/player_season_modeling_v13b_advanced.parquet | reports/dss/global_prospect_universe.csv | reports/strategy/transfer_portfolio_dataset.csv | reports/tm3_contract_intelligence/contract_intelligence_dataset.csv,,villarreal.svg,manual
Arsenal Football Club,arsenal-football-club,125,data/processed/player_season_modeling_v13a.parquet | data/processed/player_season_modeling_v13b_advanced.parquet | reports/dss/global_prospect_universe.csv | reports/tm3_contract_intelligence/contract_intelligence_dataset.csv,,arsenal-football-club.svg,manual
Como,como,124,data/processed/player_season_modeling_v13a.parquet | data/processed/player_season_modeling_v13b_advanced.parquet | reports/dss/global_prospect_universe.csv | reports/strategy/transfer_portfolio_dataset.csv | reports/tm3_contract_intelligence/contract_intelligence_dataset.csv,,como.svg,manual
Stoke City,stoke-city,124,data/processed/player_season_modeling_v13a.parquet | data/processed/player_season_modeling_v13b_advanced.parquet | reports/dss/global_prospect_universe.csv | reports/strategy/transfer_portfolio_dataset.csv | reports/tm3_contract_intelligence/contract_intelligence_dataset.csv,,stoke-city.svg,manual
Almería,almeria,122,data/processed/player_season_modeling_v13a.parquet | data/processed/player_season_modeling_v13b_advanced.parquet | reports/dss/global_prospect_universe.csv | reports/strategy/transfer_portfolio_dataset.csv | reports/tm3_contract_intelligence/contract_intelligence_dataset.csv,,almeria.svg,manual
Real Betis,real-betis,122,data/processed/player_season_modeling_v13a.parquet | data/processed/player_season_modeling_v13b_advanced.parquet | reports/dss/global_prospect_universe.csv | reports/strategy/transfer_portfolio_dataset.csv | reports/tm3_contract_intelligence/contract_intelligence_dataset.csv,,real-betis.svg,manual
Real Madrid Club de Fútbol,real-madrid-club-de-futbol,122,data/processed/player_season_modeling_v13a.parquet | data/processed/player_season_modeling_v13b_advanced.parquet | reports/dss/global_prospect_universe.csv | reports/tm3_contract_intelligence/contract_intelligence_dataset.csv,,real-madrid-club-de-futbol.svg,manual
Brest,brest,120,data/processed/player_season_modeling_v13a.parquet | data/processed/player_season_modeling_v13b_advanced.parquet | reports/dss/global_prospect_universe.csv | reports/strategy/transfer_portfolio_dataset.csv | reports/tm3_contract_intelligence/contract_intelligence_dataset.csv,,brest.svg,manual
Moreirense,moreirense,120,data/processed/player_season_modeling_v13a.parquet | data/processed/player_season_modeling_v13b_advanced.parquet | reports/dss/global_prospect_universe.csv | reports/strategy/transfer_portfolio_dataset.csv | reports/tm3_contract_intelligence/contract_intelligence_dataset.csv,,moreirense.svg,manual
OH Leuven,oh-leuven,120,data/processed/player_season_modeling_v13a.parquet | data/processed/player_season_modeling_v13b_advanced.parquet | reports/dss/global_prospect_universe.csv | reports/strategy/transfer_portfolio_dataset.csv | reports/tm3_contract_intelligence/contract_intelligence_dataset.csv,,oh-leuven.svg,manual
Porto,porto,120,data/processed/player_season_modeling_v13a.parquet | data/processed/player_season_modeling_v13b_advanced.parquet | reports/dss/global_prospect_universe.csv | reports/strategy/transfer_portfolio_dataset.csv | reports/tm3_contract_intelligence/contract_intelligence_dataset.csv,,porto.svg,manual
Willem II,willem-ii,120,data/processed/player_season_modeling_v13a.parquet | data/processed/player_season_modeling_v13b_advanced.parquet | reports/dss/global_prospect_universe.csv | reports/strategy/transfer_portfolio_dataset.csv | reports/tm3_contract_intelligence/contract_intelligence_dataset.csv,,willem-ii.svg,manual
Brighton and Hove Albion Football Club,brighton-and-hove-albion-football-club,119,data/processed/player_season_modeling_v13a.parquet | data/processed/player_season_modeling_v13b_advanced.parquet | reports/dss/global_prospect_universe.csv | reports/tm3_contract_intelligence/contract_intelligence_dataset.csv,,brighton-and-hove-albion-football-club.svg,manual
Derby County,derby-county,118,data/processed/player_season_modeling_v13a.parquet | data/processed/player_season_modeling_v13b_advanced.parquet | reports/dss/global_prospect_universe.csv | reports/strategy/transfer_portfolio_dataset.csv | reports/tm3_contract_intelligence/contract_intelligence_dataset.csv,,derby-county.svg,manual
Las Palmas,las-palmas,118,data/processed/player_season_modeling_v13a.parquet | data/processed/player_season_modeling_v13b_advanced.parquet | reports/dss/global_prospect_universe.csv | reports/strategy/transfer_portfolio_dataset.csv | reports/tm3_contract_intelligence/contract_intelligence_dataset.csv,,las-palmas.svg,manual
Valencia CF,valencia-cf,118,reports/dss/global_prospect_universe.csv | reports/strategy/transfer_portfolio_dataset.csv | reports/tm3_contract_intelligence/contract_intelligence_dataset.csv,,valencia-cf.svg,manual
Venezia,venezia,118,data/processed/player_season_modeling_v13a.parquet | data/processed/player_season_modeling_v13b_advanced.parquet | reports/dss/global_prospect_universe.csv | reports/strategy/transfer_portfolio_dataset.csv | reports/tm3_contract_intelligence/contract_intelligence_dataset.csv,,venezia.svg,manual
Zwolle,zwolle,118,data/processed/player_season_modeling_v13a.parquet | data/processed/player_season_modeling_v13b_advanced.parquet | reports/dss/global_prospect_universe.csv | reports/strategy/transfer_portfolio_dataset.csv | reports/tm3_contract_intelligence/contract_intelligence_dataset.csv,,zwolle.svg,manual
Nacional,nacional,116,data/processed/player_season_modeling_v13a.parquet | data/processed/player_season_modeling_v13b_advanced.parquet | reports/dss/global_prospect_universe.csv | reports/strategy/transfer_portfolio_dataset.csv | reports/tm3_contract_intelligence/contract_intelligence_dataset.csv,,nacional.svg,manual
RasenBallsport Leipzig,rasenballsport-leipzig,116,data/processed/player_season_modeling_v13a.parquet | data/processed/player_season_modeling_v13b_advanced.parquet | reports/dss/global_prospect_universe.csv | reports/tm3_contract_intelligence/contract_intelligence_dataset.csv,,rasenballsport-leipzig.svg,manual
Racing Club de Strasbourg Alsace,racing-club-de-strasbourg-alsace,115,data/processed/player_season_modeling_v13a.parquet | data/processed/player_season_modeling_v13b_advanced.parquet | reports/dss/global_prospect_universe.csv | reports/tm3_contract_intelligence/contract_intelligence_dataset.csv,,racing-club-de-strasbourg-alsace.svg,manual
Bologna,bologna,114,data/processed/player_season_modeling_v13a.parquet | data/processed/player_season_modeling_v13b_advanced.parquet | reports/dss/global_prospect_universe.csv | reports/strategy/transfer_portfolio_dataset.csv | reports/tm3_contract_intelligence/contract_intelligence_dataset.csv,,bologna.svg,manual
Everton,everton,114,data/processed/player_season_modeling_v13a.parquet | data/processed/player_season_modeling_v13b_advanced.parquet | reports/dss/global_prospect_universe.csv | reports/strategy/transfer_portfolio_dataset.csv | reports/tm3_contract_intelligence/contract_intelligence_dataset.csv,,everton.svg,manual
Sevilla,sevilla,114,data/processed/player_season_modeling_v13a.parquet | data/processed/player_season_modeling_v13b_advanced.parquet | reports/dss/global_prospect_universe.csv | reports/strategy/transfer_portfolio_dataset.csv | reports/tm3_contract_intelligence/contract_intelligence_dataset.csv,,sevilla.svg,manual
Beerschot Wilrijk,beerschot-wilrijk,112,data/processed/player_season_modeling_v13a.parquet | data/processed/player_season_modeling_v13b_advanced.parquet | reports/dss/global_prospect_universe.csv | reports/strategy/transfer_portfolio_dataset.csv | reports/tm3_contract_intelligence/contract_intelligence_dataset.csv,,beerschot-wilrijk.svg,manual
Eintracht Frankfurt Fußball AG,eintracht-frankfurt-fu-ball-ag,112,data/processed/player_season_modeling_v13a.parquet | data/processed/player_season_modeling_v13b_advanced.parquet | reports/dss/global_prospect_universe.csv | reports/tm3_contract_intelligence/contract_intelligence_dataset.csv,,eintracht-frankfurt-fu-ball-ag.svg,manual
Brentford Football Club,brentford-football-club,111,data/processed/player_season_modeling_v13a.parquet | data/processed/player_season_modeling_v13b_advanced.parquet | reports/dss/global_prospect_universe.csv | reports/tm3_contract_intelligence/contract_intelligence_dataset.csv,,brentford-football-club.svg,manual
Club Brugge Koninklijke Voetbalvereniging,club-brugge-koninklijke-voetbalvereniging,111,data/processed/player_season_modeling_v13a.parquet | data/processed/player_season_modeling_v13b_advanced.parquet | reports/dss/global_prospect_universe.csv | reports/tm3_contract_intelligence/contract_intelligence_dataset.csv,,club-brugge-koninklijke-voetbalvereniging.svg,manual
Cagliari,cagliari,110,data/processed/player_season_modeling_v13a.parquet | data/processed/player_season_modeling_v13b_advanced.parquet | reports/dss/global_prospect_universe.csv | reports/strategy/transfer_portfolio_dataset.csv | reports/tm3_contract_intelligence/contract_intelligence_dataset.csv,,cagliari.svg,manual
Estoril,estoril,110,data/processed/player_season_modeling_v13a.parquet | data/processed/player_season_modeling_v13b_advanced.parquet | reports/dss/global_prospect_universe.csv | reports/strategy/transfer_portfolio_dataset.csv | reports/tm3_contract_intelligence/contract_intelligence_dataset.csv,,estoril.svg,manual
Middlesbrough,middlesbrough,110,data/processed/player_season_modeling_v13a.parquet | data/processed/player_season_modeling_v13b_advanced.parquet | reports/dss/global_prospect_universe.csv | reports/strategy/transfer_portfolio_dataset.csv | reports/tm3_contract_intelligence/contract_intelligence_dataset.csv,,middlesbrough.svg,manual
RC Lens,rc-lens,110,reports/dss/global_prospect_universe.csv | reports/strategy/transfer_portfolio_dataset.csv | reports/tm3_contract_intelligence/contract_intelligence_dataset.csv,,rc-lens.svg,manual
Sunderland Association Football Club,sunderland-association-football-club,110,data/processed/player_season_modeling_v13a.parquet | data/processed/player_season_modeling_v13b_advanced.parquet | reports/dss/global_prospect_universe.csv | reports/tm3_contract_intelligence/contract_intelligence_dataset.csv,,sunderland-association-football-club.svg,manual
US Cremonese,us-cremonese,110,reports/dss/global_prospect_universe.csv | reports/strategy/transfer_portfolio_dataset.csv | reports/tm3_contract_intelligence/contract_intelligence_dataset.csv,,us-cremonese.svg,manual
Eindhovense Voetbalvereniging Philips Sport Vereniging,eindhovense-voetbalvereniging-philips-sport-vereniging,109,data/processed/player_season_modeling_v13a.parquet | data/processed/player_season_modeling_v13b_advanced.parquet | reports/dss/global_prospect_universe.csv | reports/tm3_contract_intelligence/contract_intelligence_dataset.csv,,eindhovense-voetbalvereniging-philips-sport-vereniging.svg,manual
Brentford,brentford,108,data/processed/player_season_modeling_v13a.parquet | data/processed/player_season_modeling_v13b_advanced.parquet | reports/dss/global_prospect_universe.csv | reports/strategy/transfer_portfolio_dataset.csv | reports/tm3_contract_intelligence/contract_intelligence_dataset.csv,,brentford.svg,manual
Crystal Palace Football Club,crystal-palace-football-club,108,data/processed/player_season_modeling_v13a.parquet | data/processed/player_season_modeling_v13b_advanced.parquet | reports/dss/global_prospect_universe.csv | reports/tm3_contract_intelligence/contract_intelligence_dataset.csv,,crystal-palace-football-club.svg,manual
WSG Tirol,wsg-tirol,108,data/processed/player_season_modeling_v13a.parquet | data/processed/player_season_modeling_v13b_advanced.parquet | reports/dss/global_prospect_universe.csv | reports/strategy/transfer_portfolio_dataset.csv | reports/tm3_contract_intelligence/contract_intelligence_dataset.csv,,wsg-tirol.svg,manual
Everton Football Club,everton-football-club,107,data/processed/player_season_modeling_v13a.parquet | data/processed/player_season_modeling_v13b_advanced.parquet | reports/dss/global_prospect_universe.csv | reports/tm3_contract_intelligence/contract_intelligence_dataset.csv,,everton-football-club.svg,manual
Futbol Club Barcelona,futbol-club-barcelona,106,data/processed/player_season_modeling_v13a.parquet | data/processed/player_season_modeling_v13b_advanced.parquet | reports/dss/global_prospect_universe.csv | reports/tm3_contract_intelligence/contract_intelligence_dataset.csv,,futbol-club-barcelona.svg,manual
Vitória Guimarães,vitoria-guimaraes,106,data/processed/player_season_modeling_v13a.parquet | data/processed/player_season_modeling_v13b_advanced.parquet | reports/dss/global_prospect_universe.csv | reports/strategy/transfer_portfolio_dataset.csv | reports/tm3_contract_intelligence/contract_intelligence_dataset.csv,,vitoria-guimaraes.svg,manual
Juventus Football Club,juventus-football-club,103,data/processed/player_season_modeling_v13a.parquet | data/processed/player_season_modeling_v13b_advanced.parquet | reports/dss/global_prospect_universe.csv | reports/tm3_contract_intelligence/contract_intelligence_dataset.csv,,juventus-football-club.svg,manual
Real Sociedad de Fútbol S.A.D.,real-sociedad-de-futbol-s-a-d,103,data/processed/player_season_modeling_v13a.parquet | data/processed/player_season_modeling_v13b_advanced.parquet | reports/dss/global_prospect_universe.csv | reports/tm3_contract_intelligence/contract_intelligence_dataset.csv,,real-sociedad-de-futbol-s-a-d.svg,manual
Arsenal,arsenal,102,data/processed/player_season_modeling_v13a.parquet | data/processed/player_season_modeling_v13b_advanced.parquet | reports/dss/global_prospect_universe.csv | reports/strategy/transfer_portfolio_dataset.csv | reports/tm3_contract_intelligence/contract_intelligence_dataset.csv,,arsenal.svg,manual
FC Twente Enschede,fc-twente-enschede,100,reports/dss/global_prospect_universe.csv | reports/strategy/transfer_portfolio_dataset.csv | reports/tm3_contract_intelligence/contract_intelligence_dataset.csv,,fc-twente-enschede.svg,manual
Real Oviedo,real-oviedo,100,reports/dss/global_prospect_universe.csv | reports/strategy/transfer_portfolio_dataset.csv | reports/tm3_contract_intelligence/contract_intelligence_dataset.csv,,real-oviedo.svg,manual
Zaragoza,zaragoza,100,data/processed/player_season_modeling_v13a.parquet | data/processed/player_season_modeling_v13b_advanced.parquet | reports/dss/global_prospect_universe.csv | reports/strategy/transfer_portfolio_dataset.csv | reports/tm3_contract_intelligence/contract_intelligence_dataset.csv,,zaragoza.svg,manual
Atalanta Bergamasca Calcio S.p.a.,atalanta-bergamasca-calcio-s-p-a,98,data/processed/player_season_modeling_v13a.parquet | data/processed/player_season_modeling_v13b_advanced.parquet | reports/dss/global_prospect_universe.csv | reports/tm3_contract_intelligence/contract_intelligence_dataset.csv,,atalanta-bergamasca-calcio-s-p-a.svg,manual
Burnley Football Club,burnley-football-club,98,data/processed/player_season_modeling_v13a.parquet | data/processed/player_season_modeling_v13b_advanced.parquet | reports/dss/global_prospect_universe.csv | reports/tm3_contract_intelligence/contract_intelligence_dataset.csv,,burnley-football-club.svg,manual
Football Club Utrecht,football-club-utrecht,98,data/processed/player_season_modeling_v13a.parquet | data/processed/player_season_modeling_v13b_advanced.parquet | reports/dss/global_prospect_universe.csv | reports/tm3_contract_intelligence/contract_intelligence_dataset.csv,,football-club-utrecht.svg,manual
Newcastle United Football Club,newcastle-united-football-club,98,data/processed/player_season_modeling_v13a.parquet | data/processed/player_season_modeling_v13b_advanced.parquet | reports/dss/global_prospect_universe.csv | reports/tm3_contract_intelligence/contract_intelligence_dataset.csv,,newcastle-united-football-club.svg,manual
Associazione Calcio Fiorentina,associazione-calcio-fiorentina,95,data/processed/player_season_modeling_v13a.parquet | data/processed/player_season_modeling_v13b_advanced.parquet | reports/dss/global_prospect_universe.csv | reports/tm3_contract_intelligence/contract_intelligence_dataset.csv,,associazione-calcio-fiorentina.svg,manual
Augsburg,augsburg,94,data/processed/player_season_modeling_v13a.parquet | data/processed/player_season_modeling_v13b_advanced.parquet | reports/dss/global_prospect_universe.csv | reports/strategy/transfer_portfolio_dataset.csv | reports/tm3_contract_intelligence/contract_intelligence_dataset.csv,,augsburg.svg,manual
Dender,dender,94,data/processed/player_season_modeling_v13a.parquet | data/processed/player_season_modeling_v13b_advanced.parquet | reports/dss/global_prospect_universe.csv | reports/strategy/transfer_portfolio_dataset.csv | reports/tm3_contract_intelligence/contract_intelligence_dataset.csv,,dender.svg,manual
Lecce,lecce,94,data/processed/player_season_modeling_v13a.parquet | data/processed/player_season_modeling_v13b_advanced.parquet | reports/dss/global_prospect_universe.csv | reports/strategy/transfer_portfolio_dataset.csv | reports/tm3_contract_intelligence/contract_intelligence_dataset.csv,,lecce.svg,manual
Paris Saint-Germain Football Club,paris-saint-germain-football-club,94,data/processed/player_season_modeling_v13a.parquet | data/processed/player_season_modeling_v13b_advanced.parquet | reports/dss/global_prospect_universe.csv | reports/tm3_contract_intelligence/contract_intelligence_dataset.csv,,paris-saint-germain-football-club.svg,manual
Union Berlin,union-berlin,94,data/processed/player_season_modeling_v13a.parquet | data/processed/player_season_modeling_v13b_advanced.parquet | reports/dss/global_prospect_universe.csv | reports/strategy/transfer_portfolio_dataset.csv | reports/tm3_contract_intelligence/contract_intelligence_dataset.csv,,union-berlin.svg,manual
Valladolid,valladolid,94,data/processed/player_season_modeling_v13a.parquet | data/processed/player_season_modeling_v13b_advanced.parquet | reports/dss/global_prospect_universe.csv | reports/strategy/transfer_portfolio_dataset.csv | reports/tm3_contract_intelligence/contract_intelligence_dataset.csv,,valladolid.svg,manual
Alkmaar Zaanstreek,alkmaar-zaanstreek,93,data/processed/player_season_modeling_v13a.parquet | data/processed/player_season_modeling_v13b_advanced.parquet | reports/dss/global_prospect_universe.csv | reports/tm3_contract_intelligence/contract_intelligence_dataset.csv,,alkmaar-zaanstreek.svg,manual
Olympique Gymnaste Club Nice Côte d'Azur,olympique-gymnaste-club-nice-cote-d-azur,93,data/processed/player_season_modeling_v13a.parquet | data/processed/player_season_modeling_v13b_advanced.parquet | reports/dss/global_prospect_universe.csv | reports/tm3_contract_intelligence/contract_intelligence_dataset.csv,,olympique-gymnaste-club-nice-cote-d-azur.svg,manual
Calcio Como,calcio-como,91,data/processed/player_season_modeling_v13a.parquet | data/processed/player_season_modeling_v13b_advanced.parquet | reports/dss/global_prospect_universe.csv | reports/tm3_contract_intelligence/contract_intelligence_dataset.csv,,calcio-como.svg,manual
Genoa Cricket and Football Club,genoa-cricket-and-football-club,90,data/processed/player_season_modeling_v13a.parquet | data/processed/player_season_modeling_v13b_advanced.parquet | reports/dss/global_prospect_universe.csv | reports/tm3_contract_intelligence/contract_intelligence_dataset.csv,,genoa-cricket-and-football-club.svg,manual
Club Atlético de Madrid S.A.D.,club-atletico-de-madrid-s-a-d,89,data/processed/player_season_modeling_v13a.parquet | data/processed/player_season_modeling_v13b_advanced.parquet | reports/dss/global_prospect_universe.csv | reports/tm3_contract_intelligence/contract_intelligence_dataset.csv,,club-atletico-de-madrid-s-a-d.svg,manual
Fußball-Club Augsburg 1907,fu-ball-club-augsburg-1907,89,data/processed/player_season_modeling_v13a.parquet | data/processed/player_season_modeling_v13b_advanced.parquet | reports/dss/global_prospect_universe.csv | reports/tm3_contract_intelligence/contract_intelligence_dataset.csv,,fu-ball-club-augsburg-1907.svg,manual
Austria Wien,austria-wien,88,data/processed/player_season_modeling_v13a.parquet | data/processed/player_season_modeling_v13b_advanced.parquet | reports/dss/global_prospect_universe.csv | reports/strategy/transfer_portfolio_dataset.csv | reports/tm3_contract_intelligence/contract_intelligence_dataset.csv,,austria-wien.svg,manual
Rheindorf Altach,rheindorf-altach,88,data/processed/player_season_modeling_v13a.parquet | data/processed/player_season_modeling_v13b_advanced.parquet | reports/dss/global_prospect_universe.csv | reports/strategy/transfer_portfolio_dataset.csv | reports/tm3_contract_intelligence/contract_intelligence_dataset.csv,,rheindorf-altach.svg,manual
Sporting Clube de Portugal,sporting-clube-de-portugal,86,data/processed/player_season_modeling_v13a.parquet | data/processed/player_season_modeling_v13b_advanced.parquet | reports/dss/global_prospect_universe.csv | reports/tm3_contract_intelligence/contract_intelligence_dataset.csv,,sporting-clube-de-portugal.svg,manual
Futebol Clube de Famalicão,futebol-clube-de-famalicao,85,data/processed/player_season_modeling_v13a.parquet | data/processed/player_season_modeling_v13b_advanced.parquet | reports/dss/global_prospect_universe.csv | reports/tm3_contract_intelligence/contract_intelligence_dataset.csv,,futebol-clube-de-famalicao.svg,manual
Verein für Bewegungsspiele Stuttgart 1893,verein-fur-bewegungsspiele-stuttgart-1893,85,data/processed/player_season_modeling_v13a.parquet | data/processed/player_season_modeling_v13b_advanced.parquet | reports/dss/global_prospect_universe.csv | reports/tm3_contract_intelligence/contract_intelligence_dataset.csv,,verein-fur-bewegungsspiele-stuttgart-1893.svg,manual
Association Football Club Bournemouth,association-football-club-bournemouth,84,data/processed/player_season_modeling_v13a.parquet | data/processed/player_season_modeling_v13b_advanced.parquet | reports/dss/global_prospect_universe.csv | reports/tm3_contract_intelligence/contract_intelligence_dataset.csv,,association-football-club-bournemouth.svg,manual
Associazione Calcio Milan,associazione-calcio-milan,84,data/processed/player_season_modeling_v13a.parquet | data/processed/player_season_modeling_v13b_advanced.parquet | reports/dss/global_prospect_universe.csv | reports/tm3_contract_intelligence/contract_intelligence_dataset.csv,,associazione-calcio-milan.svg,manual
Aston Villa Football Club,aston-villa-football-club,84,data/processed/player_season_modeling_v13a.parquet | data/processed/player_season_modeling_v13b_advanced.parquet | reports/dss/global_prospect_universe.csv | reports/tm3_contract_intelligence/contract_intelligence_dataset.csv,,aston-villa-football-club.svg,manual
CD Nacional,cd-nacional,84,reports/dss/global_prospect_universe.csv | reports/strategy/transfer_portfolio_dataset.csv | reports/tm3_contract_intelligence/contract_intelligence_dataset.csv,,cd-nacional.svg,manual
Casa Pia,casa-pia,84,data/processed/player_season_modeling_v13a.parquet | data/processed/player_season_modeling_v13b_advanced.parquet | reports/dss/global_prospect_universe.csv | reports/strategy/transfer_portfolio_dataset.csv | reports/tm3_contract_intelligence/contract_intelligence_dataset.csv,,casa-pia.svg,manual
AFC Ajax Amsterdam,afc-ajax-amsterdam,82,data/processed/player_season_modeling_v13a.parquet | data/processed/player_season_modeling_v13b_advanced.parquet | reports/dss/global_prospect_universe.csv | reports/tm3_contract_intelligence/contract_intelligence_dataset.csv,,afc-ajax-amsterdam.svg,manual
Bayer 04 Leverkusen Fußball,bayer-04-leverkusen-fu-ball,82,data/processed/player_season_modeling_v13a.parquet | data/processed/player_season_modeling_v13b_advanced.parquet | reports/dss/global_prospect_universe.csv | reports/tm3_contract_intelligence/contract_intelligence_dataset.csv,,bayer-04-leverkusen-fu-ball.svg,manual
Bristol City,bristol-city,82,data/processed/player_season_modeling_v13a.parquet | data/processed/player_season_modeling_v13b_advanced.parquet | reports/dss/global_prospect_universe.csv | reports/strategy/transfer_portfolio_dataset.csv | reports/tm3_contract_intelligence/contract_intelligence_dataset.csv,,bristol-city.svg,manual
Elche,elche,82,data/processed/player_season_modeling_v13a.parquet | data/processed/player_season_modeling_v13b_advanced.parquet | reports/dss/global_prospect_universe.csv | reports/strategy/transfer_portfolio_dataset.csv | reports/tm3_contract_intelligence/contract_intelligence_dataset.csv,,elche.svg,manual
1.FC Heidenheim 1846,1-fc-heidenheim-1846,80,reports/dss/global_prospect_universe.csv | reports/strategy/transfer_portfolio_dataset.csv | reports/tm3_contract_intelligence/contract_intelligence_dataset.csv,,1-fc-heidenheim-1846.svg,manual
AVS Futebol,avs-futebol,80,data/processed/player_season_modeling_v13a.parquet | data/processed/player_season_modeling_v13b_advanced.parquet | reports/dss/global_prospect_universe.csv | reports/strategy/transfer_portfolio_dataset.csv | reports/tm3_contract_intelligence/contract_intelligence_dataset.csv,,avs-futebol.svg,manual
FC Lorient,fc-lorient,80,reports/dss/global_prospect_universe.csv | reports/strategy/transfer_portfolio_dataset.csv | reports/tm3_contract_intelligence/contract_intelligence_dataset.csv,,fc-lorient.svg,manual
Girona Fútbol Club S. A. D.,girona-futbol-club-s-a-d,80,data/processed/player_season_modeling_v13a.parquet | data/processed/player_season_modeling_v13b_advanced.parquet | reports/dss/global_prospect_universe.csv | reports/tm3_contract_intelligence/contract_intelligence_dataset.csv,,girona-futbol-club-s-a-d.svg,manual
Rangers Football Club,rangers-football-club,80,data/processed/player_season_modeling_v13a.parquet | data/processed/player_season_modeling_v13b_advanced.parquet | reports/dss/global_prospect_universe.csv | reports/tm3_contract_intelligence/contract_intelligence_dataset.csv,,rangers-football-club.svg,manual
Unione Sportiva Sassuolo Calcio,unione-sportiva-sassuolo-calcio,79,data/processed/player_season_modeling_v13a.parquet | data/processed/player_season_modeling_v13b_advanced.parquet | reports/dss/global_prospect_universe.csv | reports/tm3_contract_intelligence/contract_intelligence_dataset.csv,,unione-sportiva-sassuolo-calcio.svg,manual
GD Chaves,gd-chaves,78,data/processed/player_season_modeling_v13a.parquet | data/processed/player_season_modeling_v13b_advanced.parquet | reports/dss/global_prospect_universe.csv | reports/strategy/transfer_portfolio_dataset.csv | reports/tm3_contract_intelligence/contract_intelligence_dataset.csv,,gd-chaves.svg,manual
Koninklijke Voetbal Club Westerlo,koninklijke-voetbal-club-westerlo,78,data/processed/player_season_modeling_v13a.parquet | data/processed/player_season_modeling_v13b_advanced.parquet | reports/dss/global_prospect_universe.csv | reports/tm3_contract_intelligence/contract_intelligence_dataset.csv,,koninklijke-voetbal-club-westerlo.svg,manual
Verein für Leibesübungen Wolfsburg,verein-fur-leibesubungen-wolfsburg,78,data/processed/player_season_modeling_v13a.parquet | data/processed/player_season_modeling_v13b_advanced.parquet | reports/dss/global_prospect_universe.csv | reports/tm3_contract_intelligence/contract_intelligence_dataset.csv,,verein-fur-leibesubungen-wolfsburg.svg,manual
FC Bayern München,fc-bayern-munchen,77,data/processed/player_season_modeling_v13a.parquet | data/processed/player_season_modeling_v13b_advanced.parquet | reports/dss/global_prospect_universe.csv | reports/tm3_contract_intelligence/contract_intelligence_dataset.csv,,fc-bayern-munchen.svg,manual
Sport Lisboa e Benfica,sport-lisboa-e-benfica,77,data/processed/player_season_modeling_v13a.parquet | data/processed/player_season_modeling_v13b_advanced.parquet | reports/dss/global_prospect_universe.csv | reports/tm3_contract_intelligence/contract_intelligence_dataset.csv,,sport-lisboa-e-benfica.svg,manual
Fußballclub Red Bull Salzburg,fu-ballclub-red-bull-salzburg,76,data/processed/player_season_modeling_v13a.parquet | data/processed/player_season_modeling_v13b_advanced.parquet | reports/dss/global_prospect_universe.csv | reports/tm3_contract_intelligence/contract_intelligence_dataset.csv,,fu-ballclub-red-bull-salzburg.svg,manual
Association de la Jeunesse auxerroise,association-de-la-jeunesse-auxerroise,75,data/processed/player_season_modeling_v13a.parquet | data/processed/player_season_modeling_v13b_advanced.parquet | reports/dss/global_prospect_universe.csv | reports/tm3_contract_intelligence/contract_intelligence_dataset.csv,,association-de-la-jeunesse-auxerroise.svg,manual
Royal Sporting Club Anderlecht,royal-sporting-club-anderlecht,75,data/processed/player_season_modeling_v13a.parquet | data/processed/player_season_modeling_v13b_advanced.parquet | reports/dss/global_prospect_universe.csv | reports/tm3_contract_intelligence/contract_intelligence_dataset.csv,,royal-sporting-club-anderlecht.svg,manual
Associazione Sportiva Roma,associazione-sportiva-roma,74,data/processed/player_season_modeling_v13a.parquet | data/processed/player_season_modeling_v13b_advanced.parquet | reports/dss/global_prospect_universe.csv | reports/tm3_contract_intelligence/contract_intelligence_dataset.csv,,associazione-sportiva-roma.svg,manual
Verona Hellas Football Club,verona-hellas-football-club,74,data/processed/player_season_modeling_v13a.parquet | data/processed/player_season_modeling_v13b_advanced.parquet | reports/dss/global_prospect_universe.csv | reports/tm3_contract_intelligence/contract_intelligence_dataset.csv,,verona-hellas-football-club.svg,manual
Atlético Madrid,atletico-madrid,72,data/processed/player_season_modeling_v13a.parquet | data/processed/player_season_modeling_v13b_advanced.parquet | reports/dss/global_prospect_universe.csv | reports/strategy/transfer_portfolio_dataset.csv | reports/tm3_contract_intelligence/contract_intelligence_dataset.csv,,atletico-madrid.svg,manual
Blau-Weiß Linz,blau-wei-linz,72,data/processed/player_season_modeling_v13a.parquet | data/processed/player_season_modeling_v13b_advanced.parquet | reports/dss/global_prospect_universe.csv | reports/strategy/transfer_portfolio_dataset.csv | reports/tm3_contract_intelligence/contract_intelligence_dataset.csv,,blau-wei-linz.svg,manual
Wolves,wolves,72,data/processed/player_season_modeling_v13a.parquet | data/processed/player_season_modeling_v13b_advanced.parquet | reports/dss/global_prospect_universe.csv | reports/strategy/transfer_portfolio_dataset.csv | reports/tm3_contract_intelligence/contract_intelligence_dataset.csv,,wolves.svg,manual
Elche Club de Fútbol S.A.D.,elche-club-de-futbol-s-a-d,71,data/processed/player_season_modeling_v13a.parquet | data/processed/player_season_modeling_v13b_advanced.parquet | reports/dss/global_prospect_universe.csv | reports/tm3_contract_intelligence/contract_intelligence_dataset.csv,,elche-club-de-futbol-s-a-d.svg,manual
Reial Club Deportiu Espanyol de Barcelona S.A.D.,reial-club-deportiu-espanyol-de-barcelona-s-a-d,71,data/processed/player_season_modeling_v13a.parquet | data/processed/player_season_modeling_v13b_advanced.parquet | reports/dss/global_prospect_universe.csv | reports/tm3_contract_intelligence/contract_intelligence_dataset.csv,,reial-club-deportiu-espanyol-de-barcelona-s-a-d.svg,manual
Villarreal Club de Fútbol S.A.D.,villarreal-club-de-futbol-s-a-d,71,data/processed/player_season_modeling_v13a.parquet | data/processed/player_season_modeling_v13b_advanced.parquet | reports/dss/global_prospect_universe.csv | reports/tm3_contract_intelligence/contract_intelligence_dataset.csv,,villarreal-club-de-futbol-s-a-d.svg,manual
Atalanta,atalanta,70,data/processed/player_season_modeling_v13a.parquet | data/processed/player_season_modeling_v13b_advanced.parquet | reports/dss/global_prospect_universe.csv | reports/strategy/transfer_portfolio_dataset.csv | reports/tm3_contract_intelligence/contract_intelligence_dataset.csv,,atalanta.svg,manual
Football Club Groningen,football-club-groningen,70,data/processed/player_season_modeling_v13a.parquet | data/processed/player_season_modeling_v13b_advanced.parquet | reports/dss/global_prospect_universe.csv | reports/tm3_contract_intelligence/contract_intelligence_dataset.csv,,football-club-groningen.svg,manual
GD Estoril Praia,gd-estoril-praia,70,reports/dss/global_prospect_universe.csv | reports/strategy/transfer_portfolio_dataset.csv | reports/tm3_contract_intelligence/contract_intelligence_dataset.csv,,gd-estoril-praia.svg,manual
Granada,granada,70,data/processed/player_season_modeling_v13a.parquet | data/processed/player_season_modeling_v13b_advanced.parquet | reports/dss/global_prospect_universe.csv | reports/strategy/transfer_portfolio_dataset.csv | reports/tm3_contract_intelligence/contract_intelligence_dataset.csv,,granada.svg,manual
Heidenheim,heidenheim,70,data/processed/player_season_modeling_v13a.parquet | data/processed/player_season_modeling_v13b_advanced.parquet | reports/dss/global_prospect_universe.csv | reports/strategy/transfer_portfolio_dataset.csv | reports/tm3_contract_intelligence/contract_intelligence_dataset.csv,,heidenheim.svg,manual
Real Betis Balompié,real-betis-balompie,70,reports/dss/global_prospect_universe.csv | reports/strategy/transfer_portfolio_dataset.csv | reports/tm3_contract_intelligence/contract_intelligence_dataset.csv,,real-betis-balompie.svg,manual
Wolverhampton Wanderers Football Club,wolverhampton-wanderers-football-club,69,data/processed/player_season_modeling_v13a.parquet | data/processed/player_season_modeling_v13b_advanced.parquet | reports/dss/global_prospect_universe.csv | reports/tm3_contract_intelligence/contract_intelligence_dataset.csv,,wolverhampton-wanderers-football-club.svg,manual
Yellow-Red Koninklijke Voetbalclub Mechelen,yellow-red-koninklijke-voetbalclub-mechelen,69,data/processed/player_season_modeling_v13a.parquet | data/processed/player_season_modeling_v13b_advanced.parquet | reports/dss/global_prospect_universe.csv | reports/tm3_contract_intelligence/contract_intelligence_dataset.csv,,yellow-red-koninklijke-voetbalclub-mechelen.svg,manual
Alavés,alaves,68,data/processed/player_season_modeling_v13a.parquet | data/processed/player_season_modeling_v13b_advanced.parquet | reports/dss/global_prospect_universe.csv | reports/strategy/transfer_portfolio_dataset.csv | reports/tm3_contract_intelligence/contract_intelligence_dataset.csv,,alaves.svg,manual
Beerschot VA,beerschot-va,68,data/processed/player_season_modeling_v13a.parquet | data/processed/player_season_modeling_v13b_advanced.parquet | reports/dss/global_prospect_universe.csv | reports/strategy/transfer_portfolio_dataset.csv | reports/tm3_contract_intelligence/contract_intelligence_dataset.csv,,beerschot-va.svg,manual
Futebol Clube de Arouca,futebol-clube-de-arouca,68,data/processed/player_season_modeling_v13a.parquet | data/processed/player_season_modeling_v13b_advanced.parquet | reports/dss/global_prospect_universe.csv | reports/tm3_contract_intelligence/contract_intelligence_dataset.csv,,futebol-clube-de-arouca.svg,manual
Inter,inter,68,data/processed/player_season_modeling_v13a.parquet | data/processed/player_season_modeling_v13b_advanced.parquet | reports/dss/global_prospect_universe.csv | reports/strategy/transfer_portfolio_dataset.csv | reports/tm3_contract_intelligence/contract_intelligence_dataset.csv,,inter.svg,manual
KV Kortrijk,kv-kortrijk,68,data/processed/player_season_modeling_v13a.parquet | data/processed/player_season_modeling_v13b_advanced.parquet | reports/dss/global_prospect_universe.csv | reports/strategy/transfer_portfolio_dataset.csv | reports/tm3_contract_intelligence/contract_intelligence_dataset.csv,,kv-kortrijk.svg,manual
Levante,levante,68,data/processed/player_season_modeling_v13a.parquet | data/processed/player_season_modeling_v13b_advanced.parquet | reports/dss/global_prospect_universe.csv | reports/strategy/transfer_portfolio_dataset.csv | reports/tm3_contract_intelligence/contract_intelligence_dataset.csv,,levante.svg,manual
Società Sportiva Lazio S.p.A.,societa-sportiva-lazio-s-p-a,68,data/processed/player_season_modeling_v13a.parquet | data/processed/player_season_modeling_v13b_advanced.parquet | reports/dss/global_prospect_universe.csv | reports/tm3_contract_intelligence/contract_intelligence_dataset.csv,,societa-sportiva-lazio-s-p-a.svg,manual
Sportclub Heerenveen,sportclub-heerenveen,68,data/processed/player_season_modeling_v13a.parquet | data/processed/player_season_modeling_v13b_advanced.parquet | reports/dss/global_prospect_universe.csv | reports/tm3_contract_intelligence/contract_intelligence_dataset.csv,,sportclub-heerenveen.svg,manual
Football Club de Nantes,football-club-de-nantes,67,data/processed/player_season_modeling_v13a.parquet | data/processed/player_season_modeling_v13b_advanced.parquet | reports/dss/global_prospect_universe.csv | reports/tm3_contract_intelligence/contract_intelligence_dataset.csv,,football-club-de-nantes.svg,manual
Pisa Sporting Club,pisa-sporting-club,67,data/processed/player_season_modeling_v13a.parquet | data/processed/player_season_modeling_v13b_advanced.parquet | reports/dss/global_prospect_universe.csv | reports/strategy/transfer_portfolio_dataset.csv | reports/tm3_contract_intelligence/contract_intelligence_dataset.csv,,pisa-sporting-club.svg,manual
Real Club Celta de Vigo S. A. D.,real-club-celta-de-vigo-s-a-d,67,data/processed/player_season_modeling_v13a.parquet | data/processed/player_season_modeling_v13b_advanced.parquet | reports/dss/global_prospect_universe.csv | reports/tm3_contract_intelligence/contract_intelligence_dataset.csv,,real-club-celta-de-vigo-s-a-d.svg,manual
Real Club Deportivo Mallorca S.A.D.,real-club-deportivo-mallorca-s-a-d,67,data/processed/player_season_modeling_v13a.parquet | data/processed/player_season_modeling_v13b_advanced.parquet | reports/dss/global_prospect_universe.csv | reports/tm3_contract_intelligence/contract_intelligence_dataset.csv,,real-club-deportivo-mallorca-s-a-d.svg,manual
Sportverein Werder Bremen von 1899,sportverein-werder-bremen-von-1899,67,data/processed/player_season_modeling_v13a.parquet | data/processed/player_season_modeling_v13b_advanced.parquet | reports/dss/global_prospect_universe.csv | reports/tm3_contract_intelligence/contract_intelligence_dataset.csv,,sportverein-werder-bremen-von-1899.svg,manual
Koninklijke Racing Club Genk,koninklijke-racing-club-genk,66,data/processed/player_season_modeling_v13a.parquet | data/processed/player_season_modeling_v13b_advanced.parquet | reports/dss/global_prospect_universe.csv | reports/tm3_contract_intelligence/contract_intelligence_dataset.csv,,koninklijke-racing-club-genk.svg,manual
Royal Antwerp Football Club,royal-antwerp-football-club,66,data/processed/player_season_modeling_v13a.parquet | data/processed/player_season_modeling_v13b_advanced.parquet | reports/dss/global_prospect_universe.csv | reports/tm3_contract_intelligence/contract_intelligence_dataset.csv,,royal-antwerp-football-club.svg,manual
West Ham United Football Club,west-ham-united-football-club,66,data/processed/player_season_modeling_v13a.parquet | data/processed/player_season_modeling_v13b_advanced.parquet | reports/dss/global_prospect_universe.csv | reports/tm3_contract_intelligence/contract_intelligence_dataset.csv,,west-ham-united-football-club.svg,manual
Futebol Clube do Porto,futebol-clube-do-porto,65,data/processed/player_season_modeling_v13a.parquet | data/processed/player_season_modeling_v13b_advanced.parquet | reports/dss/global_prospect_universe.csv | reports/tm3_contract_intelligence/contract_intelligence_dataset.csv,,futebol-clube-do-porto.svg,manual
Olympique de Marseille,olympique-de-marseille,65,data/processed/player_season_modeling_v13a.parquet | data/processed/player_season_modeling_v13b_advanced.parquet | reports/dss/global_prospect_universe.csv | reports/tm3_contract_intelligence/contract_intelligence_dataset.csv,,olympique-de-marseille.svg,manual
Valencia Club de Fútbol S. A. D.,valencia-club-de-futbol-s-a-d,65,data/processed/player_season_modeling_v13a.parquet | data/processed/player_season_modeling_v13b_advanced.parquet | reports/dss/global_prospect_universe.csv | reports/tm3_contract_intelligence/contract_intelligence_dataset.csv,,valencia-club-de-futbol-s-a-d.svg,manual
Fulham Football Club,fulham-football-club,64,data/processed/player_season_modeling_v13a.parquet | data/processed/player_season_modeling_v13b_advanced.parquet,,fulham-football-club.svg,manual
Sevilla Fútbol Club S.A.D.,sevilla-futbol-club-s-a-d,64,data/processed/player_season_modeling_v13a.parquet | data/processed/player_season_modeling_v13b_advanced.parquet | reports/dss/global_prospect_universe.csv | reports/tm3_contract_intelligence/contract_intelligence_dataset.csv,,sevilla-futbol-club-s-a-d.svg,manual
Stade Rennais Football Club,stade-rennais-football-club,63,data/processed/player_season_modeling_v13a.parquet | data/processed/player_season_modeling_v13b_advanced.parquet | reports/dss/global_prospect_universe.csv | reports/tm3_contract_intelligence/contract_intelligence_dataset.csv,,stade-rennais-football-club.svg,manual
Lorient,lorient,62,data/processed/player_season_modeling_v13a.parquet | data/processed/player_season_modeling_v13b_advanced.parquet,,lorient.svg,manual
Nijmegen Eendracht Combinatie,nijmegen-eendracht-combinatie,62,data/processed/player_season_modeling_v13a.parquet | data/processed/player_season_modeling_v13b_advanced.parquet | reports/dss/global_prospect_universe.csv | reports/tm3_contract_intelligence/contract_intelligence_dataset.csv,,nijmegen-eendracht-combinatie.svg,manual
Royale Union Saint-Gilloise,royale-union-saint-gilloise,62,data/processed/player_season_modeling_v13a.parquet | data/processed/player_season_modeling_v13b_advanced.parquet | reports/dss/global_prospect_universe.csv | reports/tm3_contract_intelligence/contract_intelligence_dataset.csv,,royale-union-saint-gilloise.svg,manual
Sheffield Weds,sheffield-weds,62,data/processed/player_season_modeling_v13a.parquet | data/processed/player_season_modeling_v13b_advanced.parquet | reports/dss/global_prospect_universe.csv | reports/strategy/transfer_portfolio_dataset.csv | reports/tm3_contract_intelligence/contract_intelligence_dataset.csv,,sheffield-weds.svg,manual
UD Las Palmas,ud-las-palmas,62,data/processed/player_season_modeling_v13a.parquet | data/processed/player_season_modeling_v13b_advanced.parquet | reports/dss/global_prospect_universe.csv | reports/strategy/transfer_portfolio_dataset.csv | reports/tm3_contract_intelligence/contract_intelligence_dataset.csv,,ud-las-palmas.svg,manual
Athletic Club Bilbao,athletic-club-bilbao,61,data/processed/player_season_modeling_v13a.parquet | data/processed/player_season_modeling_v13b_advanced.parquet | reports/dss/global_prospect_universe.csv | reports/tm3_contract_intelligence/contract_intelligence_dataset.csv,,athletic-club-bilbao.svg,manual
Koninklijke Atletiek Associatie Gent,koninklijke-atletiek-associatie-gent,61,data/processed/player_season_modeling_v13a.parquet | data/processed/player_season_modeling_v13b_advanced.parquet | reports/dss/global_prospect_universe.csv | reports/tm3_contract_intelligence/contract_intelligence_dataset.csv,,koninklijke-atletiek-associatie-gent.svg,manual
Sportklub Puntigamer Sturm Graz,sportklub-puntigamer-sturm-graz,61,data/processed/player_season_modeling_v13a.parquet | data/processed/player_season_modeling_v13b_advanced.parquet | reports/dss/global_prospect_universe.csv | reports/tm3_contract_intelligence/contract_intelligence_dataset.csv,,sportklub-puntigamer-sturm-graz.svg,manual
1. Fußball-Club Köln,1-fu-ball-club-koln,60,data/processed/player_season_modeling_v13a.parquet | data/processed/player_season_modeling_v13b_advanced.parquet | reports/dss/global_prospect_universe.csv | reports/tm3_contract_intelligence/contract_intelligence_dataset.csv,,1-fu-ball-club-koln.svg,manual
Bilbao Athletic,bilbao-athletic,60,reports/dss/global_prospect_universe.csv | reports/strategy/transfer_portfolio_dataset.csv | reports/tm3_contract_intelligence/contract_intelligence_dataset.csv,,bilbao-athletic.svg,manual
Boavista,boavista,60,data/processed/player_season_modeling_v13a.parquet | data/processed/player_season_modeling_v13b_advanced.parquet | reports/dss/global_prospect_universe.csv | reports/strategy/transfer_portfolio_dataset.csv | reports/tm3_contract_intelligence/contract_intelligence_dataset.csv,,boavista.svg,manual
Cercle Brugge Koninklijke Sportvereniging,cercle-brugge-koninklijke-sportvereniging,60,data/processed/player_season_modeling_v13a.parquet | data/processed/player_season_modeling_v13b_advanced.parquet | reports/dss/global_prospect_universe.csv | reports/tm3_contract_intelligence/contract_intelligence_dataset.csv,,cercle-brugge-koninklijke-sportvereniging.svg,manual
FC Barcelona Atlètic,fc-barcelona-atletic,60,reports/dss/global_prospect_universe.csv | reports/strategy/transfer_portfolio_dataset.csv | reports/tm3_contract_intelligence/contract_intelligence_dataset.csv,,fc-barcelona-atletic.svg,manual
FC St. Pauli,fc-st-pauli,60,reports/dss/global_prospect_universe.csv | reports/strategy/transfer_portfolio_dataset.csv | reports/tm3_contract_intelligence/contract_intelligence_dataset.csv,,fc-st-pauli.svg,manual
Hartberg,hartberg,60,data/processed/player_season_modeling_v13a.parquet | data/processed/player_season_modeling_v13b_advanced.parquet | reports/dss/global_prospect_universe.csv | reports/strategy/transfer_portfolio_dataset.csv | reports/tm3_contract_intelligence/contract_intelligence_dataset.csv,,hartberg.svg,manual
Levante UD,levante-ud,60,reports/dss/global_prospect_universe.csv | reports/strategy/transfer_portfolio_dataset.csv | reports/tm3_contract_intelligence/contract_intelligence_dataset.csv,,levante-ud.svg,manual
Lille Olympique Sporting Club,lille-olympique-sporting-club,60,data/processed/player_season_modeling_v13a.parquet | data/processed/player_season_modeling_v13b_advanced.parquet | reports/dss/global_prospect_universe.csv | reports/tm3_contract_intelligence/contract_intelligence_dataset.csv,,lille-olympique-sporting-club.svg,manual
1. Fußball- und Sportverein Mainz 05,1-fu-ball-und-sportverein-mainz-05,59,data/processed/player_season_modeling_v13a.parquet | data/processed/player_season_modeling_v13b_advanced.parquet | reports/dss/global_prospect_universe.csv | reports/tm3_contract_intelligence/contract_intelligence_dataset.csv,,1-fu-ball-und-sportverein-mainz-05.svg,manual
Football Club Lorient-Bretagne Sud,football-club-lorient-bretagne-sud,58,data/processed/player_season_modeling_v13a.parquet | data/processed/player_season_modeling_v13b_advanced.parquet | reports/dss/global_prospect_universe.csv | reports/tm3_contract_intelligence/contract_intelligence_dataset.csv,,football-club-lorient-bretagne-sud.svg,manual
Le Havre Athletic Club,le-havre-athletic-club,58,data/processed/player_season_modeling_v13a.parquet | data/processed/player_season_modeling_v13b_advanced.parquet | reports/dss/global_prospect_universe.csv | reports/tm3_contract_intelligence/contract_intelligence_dataset.csv,,le-havre-athletic-club.svg,manual
Paris FC,paris-fc,58,data/processed/player_season_modeling_v13a.parquet | data/processed/player_season_modeling_v13b_advanced.parquet | reports/dss/global_prospect_universe.csv | reports/strategy/transfer_portfolio_dataset.csv | reports/tm3_contract_intelligence/contract_intelligence_dataset.csv,,paris-fc.svg,manual
Turn- und Sportgemeinschaft 1899 Hoffenheim Fußball-Spielbetriebs,turn-und-sportgemeinschaft-1899-hoffenheim-fu-ball-spielbetriebs,58,data/processed/player_season_modeling_v13a.parquet | data/processed/player_season_modeling_v13b_advanced.parquet | reports/dss/global_prospect_universe.csv | reports/tm3_contract_intelligence/contract_intelligence_dataset.csv,,turn-und-sportgemeinschaft-1899-hoffenheim-fu-ball-spielbetriebs.svg,manual
Wolfsberger AC,wolfsberger-ac,58,data/processed/player_season_modeling_v13a.parquet | data/processed/player_season_modeling_v13b_advanced.parquet | reports/dss/global_prospect_universe.csv | reports/strategy/transfer_portfolio_dataset.csv | reports/tm3_contract_intelligence/contract_intelligence_dataset.csv,,wolfsberger-ac.svg,manual
Sporting Clube de Braga,sporting-clube-de-braga,57,data/processed/player_season_modeling_v13a.parquet | data/processed/player_season_modeling_v13b_advanced.parquet | reports/dss/global_prospect_universe.csv | reports/tm3_contract_intelligence/contract_intelligence_dataset.csv,,sporting-clube-de-braga.svg,manual
Unione Sportiva Lecce,unione-sportiva-lecce,57,data/processed/player_season_modeling_v13a.parquet | data/processed/player_season_modeling_v13b_advanced.parquet | reports/dss/global_prospect_universe.csv | reports/tm3_contract_intelligence/contract_intelligence_dataset.csv,,unione-sportiva-lecce.svg,manual
Millwall,millwall,56,data/processed/player_season_modeling_v13a.parquet | data/processed/player_season_modeling_v13b_advanced.parquet | reports/dss/global_prospect_universe.csv | reports/strategy/transfer_portfolio_dataset.csv | reports/tm3_contract_intelligence/contract_intelligence_dataset.csv,,millwall.svg,manual
Osasuna,osasuna,56,data/processed/player_season_modeling_v13a.parquet | data/processed/player_season_modeling_v13b_advanced.parquet | reports/dss/global_prospect_universe.csv | reports/strategy/transfer_portfolio_dataset.csv | reports/tm3_contract_intelligence/contract_intelligence_dataset.csv,,osasuna.svg,manual
UD Almería,ud-almeria,56,data/processed/player_season_modeling_v13a.parquet | data/processed/player_season_modeling_v13b_advanced.parquet | reports/dss/global_prospect_universe.csv | reports/strategy/transfer_portfolio_dataset.csv | reports/tm3_contract_intelligence/contract_intelligence_dataset.csv,,ud-almeria.svg,manual
1. Fußballclub Union Berlin,1-fu-ballclub-union-berlin,54,data/processed/player_season_modeling_v13a.parquet | data/processed/player_season_modeling_v13b_advanced.parquet | reports/dss/global_prospect_universe.csv | reports/tm3_contract_intelligence/contract_intelligence_dataset.csv,,1-fu-ballclub-union-berlin.svg,manual
Blackburn Rovers,blackburn-rovers,54,data/processed/player_season_modeling_v13a.parquet | data/processed/player_season_modeling_v13b_advanced.parquet | reports/dss/global_prospect_universe.csv | reports/strategy/transfer_portfolio_dataset.csv | reports/tm3_contract_intelligence/contract_intelligence_dataset.csv,,blackburn-rovers.svg,manual
Rio Ave Futebol Clube,rio-ave-futebol-clube,54,data/processed/player_season_modeling_v13a.parquet | data/processed/player_season_modeling_v13b_advanced.parquet | reports/dss/global_prospect_universe.csv | reports/tm3_contract_intelligence/contract_intelligence_dataset.csv,,rio-ave-futebol-clube.svg,manual
SD Eibar,sd-eibar,54,data/processed/player_season_modeling_v13a.parquet | data/processed/player_season_modeling_v13b_advanced.parquet | reports/dss/global_prospect_universe.csv | reports/strategy/transfer_portfolio_dataset.csv | reports/tm3_contract_intelligence/contract_intelligence_dataset.csv,,sd-eibar.svg,manual
Vitesse,vitesse,54,data/processed/player_season_modeling_v13a.parquet | data/processed/player_season_modeling_v13b_advanced.parquet,,vitesse.svg,manual
Vitesse Arnhem,vitesse-arnhem,54,data/processed/player_season_modeling_v13a.parquet | data/processed/player_season_modeling_v13b_advanced.parquet | reports/dss/global_prospect_universe.csv | reports/strategy/transfer_portfolio_dataset.csv | reports/tm3_contract_intelligence/contract_intelligence_dataset.csv,,vitesse-arnhem.svg,manual
West Bromwich Albion,west-bromwich-albion,54,data/processed/player_season_modeling_v13a.parquet | data/processed/player_season_modeling_v13b_advanced.parquet | reports/dss/global_prospect_universe.csv | reports/strategy/transfer_portfolio_dataset.csv | reports/tm3_contract_intelligence/contract_intelligence_dataset.csv,,west-bromwich-albion.svg,manual
Club Atlético Osasuna,club-atletico-osasuna,53,data/processed/player_season_modeling_v13a.parquet | data/processed/player_season_modeling_v13b_advanced.parquet | reports/dss/global_prospect_universe.csv | reports/tm3_contract_intelligence/contract_intelligence_dataset.csv,,club-atletico-osasuna.svg,manual
Bologna Football Club 1909,bologna-football-club-1909,52,data/processed/player_season_modeling_v13a.parquet | data/processed/player_season_modeling_v13b_advanced.parquet | reports/dss/global_prospect_universe.csv | reports/tm3_contract_intelligence/contract_intelligence_dataset.csv,,bologna-football-club-1909.svg,manual
Cardiff City,cardiff-city,52,data/processed/player_season_modeling_v13a.parquet | data/processed/player_season_modeling_v13b_advanced.parquet | reports/dss/global_prospect_universe.csv | reports/strategy/transfer_portfolio_dataset.csv | reports/tm3_contract_intelligence/contract_intelligence_dataset.csv,,cardiff-city.svg,manual
FC Empoli,fc-empoli,52,data/processed/player_season_modeling_v13a.parquet | data/processed/player_season_modeling_v13b_advanced.parquet | reports/dss/global_prospect_universe.csv | reports/strategy/transfer_portfolio_dataset.csv | reports/tm3_contract_intelligence/contract_intelligence_dataset.csv,,fc-empoli.svg,manual
Fortuna Sittardia Combinatie,fortuna-sittardia-combinatie,52,data/processed/player_season_modeling_v13a.parquet | data/processed/player_season_modeling_v13b_advanced.parquet | reports/dss/global_prospect_universe.csv | reports/tm3_contract_intelligence/contract_intelligence_dataset.csv,,fortuna-sittardia-combinatie.svg,manual
Rayo Vallecano,rayo-vallecano,52,data/processed/player_season_modeling_v13a.parquet | data/processed/player_season_modeling_v13b_advanced.parquet | reports/dss/global_prospect_universe.csv | reports/strategy/transfer_portfolio_dataset.csv | reports/tm3_contract_intelligence/contract_intelligence_dataset.csv,,rayo-vallecano.svg,manual
Football Club Internazionale Milano S.p.A.,football-club-internazionale-milano-s-p-a,51,data/processed/player_season_modeling_v13a.parquet | data/processed/player_season_modeling_v13b_advanced.parquet | reports/dss/global_prospect_universe.csv | reports/tm3_contract_intelligence/contract_intelligence_dataset.csv,,football-club-internazionale-milano-s-p-a.svg,manual
Paris Football Club,paris-football-club,51,data/processed/player_season_modeling_v13a.parquet | data/processed/player_season_modeling_v13b_advanced.parquet | reports/dss/global_prospect_universe.csv | reports/tm3_contract_intelligence/contract_intelligence_dataset.csv,,paris-football-club.svg,manual
Prins Hendrik Ende Desespereert Nimmer Combinatie Zwolle,prins-hendrik-ende-desespereert-nimmer-combinatie-zwolle,51,data/processed/player_season_modeling_v13a.parquet | data/processed/player_season_modeling_v13b_advanced.parquet | reports/dss/global_prospect_universe.csv | reports/tm3_contract_intelligence/contract_intelligence_dataset.csv,,prins-hendrik-ende-desespereert-nimmer-combinatie-zwolle.svg,manual
1.FC Nuremberg,1-fc-nuremberg,50,reports/dss/global_prospect_universe.csv | reports/strategy/transfer_portfolio_dataset.csv | reports/tm3_contract_intelligence/contract_intelligence_dataset.csv,,1-fc-nuremberg.svg,manual
Bolton Wanderers,bolton-wanderers,50,reports/dss/global_prospect_universe.csv | reports/strategy/transfer_portfolio_dataset.csv | reports/tm3_contract_intelligence/contract_intelligence_dataset.csv,,bolton-wanderers.svg,manual
FC Felgueiras 1932,fc-felgueiras-1932,50,reports/dss/global_prospect_universe.csv | reports/strategy/transfer_portfolio_dataset.csv | reports/tm3_contract_intelligence/contract_intelligence_dataset.csv,,fc-felgueiras-1932.svg,manual
FC Ingolstadt 04,fc-ingolstadt-04,50,reports/dss/global_prospect_universe.csv | reports/strategy/transfer_portfolio_dataset.csv | reports/tm3_contract_intelligence/contract_intelligence_dataset.csv,,fc-ingolstadt-04.svg,manual
FC Volendam,fc-volendam,50,reports/dss/global_prospect_universe.csv | reports/strategy/transfer_portfolio_dataset.csv | reports/tm3_contract_intelligence/contract_intelligence_dataset.csv,,fc-volendam.svg,manual
Köln,koln,50,data/processed/player_season_modeling_v13a.parquet | data/processed/player_season_modeling_v13b_advanced.parquet,,koln.svg,manual
Millwall FC,millwall-fc,50,reports/dss/global_prospect_universe.csv | reports/strategy/transfer_portfolio_dataset.csv | reports/tm3_contract_intelligence/contract_intelligence_dataset.csv,,millwall-fc.svg,manual
Reading FC,reading-fc,50,reports/dss/global_prospect_universe.csv | reports/strategy/transfer_portfolio_dataset.csv | reports/tm3_contract_intelligence/contract_intelligence_dataset.csv,,reading-fc.svg,manual
Sheffield Wednesday,sheffield-wednesday,50,reports/dss/global_prospect_universe.csv | reports/strategy/transfer_portfolio_dataset.csv | reports/tm3_contract_intelligence/contract_intelligence_dataset.csv,,sheffield-wednesday.svg,manual
TSV Hartberg,tsv-hartberg,50,reports/dss/global_prospect_universe.csv | reports/strategy/transfer_portfolio_dataset.csv | reports/tm3_contract_intelligence/contract_intelligence_dataset.csv,,tsv-hartberg.svg,manual
Beşiktaş Jimnastik Kulübü,besiktas-jimnastik-kulubu,49,data/processed/player_season_modeling_v13a.parquet | data/processed/player_season_modeling_v13b_advanced.parquet | reports/dss/global_prospect_universe.csv | reports/tm3_contract_intelligence/contract_intelligence_dataset.csv,,besiktas-jimnastik-kulubu.svg,manual
Football Club Twente,football-club-twente,49,data/processed/player_season_modeling_v13a.parquet | data/processed/player_season_modeling_v13b_advanced.parquet | reports/dss/global_prospect_universe.csv | reports/tm3_contract_intelligence/contract_intelligence_dataset.csv,,football-club-twente.svg,manual
Linzer Athletik-Sport-Klub,linzer-athletik-sport-klub,49,data/processed/player_season_modeling_v13a.parquet | data/processed/player_season_modeling_v13b_advanced.parquet | reports/dss/global_prospect_universe.csv | reports/tm3_contract_intelligence/contract_intelligence_dataset.csv,,linzer-athletik-sport-klub.svg,manual
Olympique Lyonnais,olympique-lyonnais,49,data/processed/player_season_modeling_v13a.parquet | data/processed/player_season_modeling_v13b_advanced.parquet | reports/dss/global_prospect_universe.csv | reports/tm3_contract_intelligence/contract_intelligence_dataset.csv,,olympique-lyonnais.svg,manual
Toulouse Football Club,toulouse-football-club,49,data/processed/player_season_modeling_v13a.parquet | data/processed/player_season_modeling_v13b_advanced.parquet | reports/dss/global_prospect_universe.csv | reports/tm3_contract_intelligence/contract_intelligence_dataset.csv,,toulouse-football-club.svg,manual
Al-Ittihad Football Club,al-ittihad-football-club,48,data/processed/player_season_modeling_v13a.parquet | data/processed/player_season_modeling_v13b_advanced.parquet | reports/dss/global_prospect_universe.csv | reports/tm3_contract_intelligence/contract_intelligence_dataset.csv,,al-ittihad-football-club.svg,manual
Metz,metz,48,data/processed/player_season_modeling_v13a.parquet | data/processed/player_season_modeling_v13b_advanced.parquet,,metz.svg,manual
QPR,qpr,48,data/processed/player_season_modeling_v13a.parquet | data/processed/player_season_modeling_v13b_advanced.parquet | reports/dss/global_prospect_universe.csv | reports/strategy/transfer_portfolio_dataset.csv | reports/tm3_contract_intelligence/contract_intelligence_dataset.csv,,qpr.svg,manual
Sassuolo,sassuolo,48,data/processed/player_season_modeling_v13a.parquet | data/processed/player_season_modeling_v13b_advanced.parquet,,sassuolo.svg,manual
Angers Sporting Club de l'Ouest,angers-sporting-club-de-l-ouest,47,data/processed/player_season_modeling_v13a.parquet | data/processed/player_season_modeling_v13b_advanced.parquet | reports/dss/global_prospect_universe.csv | reports/tm3_contract_intelligence/contract_intelligence_dataset.csv,,angers-sporting-club-de-l-ouest.svg,manual
Nooit Opgeven Altijd Doorzetten Aangenaam Door Vermaak En Nuttig Door Ontspanning Combinatie Breda,nooit-opgeven-altijd-doorzetten-aangenaam-door-vermaak-en-nuttig-door-ontspanning-combinatie-breda,47,data/processed/player_season_modeling_v13a.parquet | data/processed/player_season_modeling_v13b_advanced.parquet | reports/dss/global_prospect_universe.csv | reports/tm3_contract_intelligence/contract_intelligence_dataset.csv,,nooit-opgeven-altijd-doorzetten-aangenaam-door-vermaak-en-nuttig-door-ontspanning-combinatie-breda.svg,manual
Società Sportiva Calcio Napoli,societa-sportiva-calcio-napoli,47,data/processed/player_season_modeling_v13a.parquet | data/processed/player_season_modeling_v13b_advanced.parquet | reports/dss/global_prospect_universe.csv | reports/tm3_contract_intelligence/contract_intelligence_dataset.csv,,societa-sportiva-calcio-napoli.svg,manual
Hertha BSC,hertha-bsc,46,data/processed/player_season_modeling_v13a.parquet | data/processed/player_season_modeling_v13b_advanced.parquet,,hertha-bsc.svg,manual
Sportklub Rapid,sportklub-rapid,46,data/processed/player_season_modeling_v13a.parquet | data/processed/player_season_modeling_v13b_advanced.parquet | reports/dss/global_prospect_universe.csv | reports/tm3_contract_intelligence/contract_intelligence_dataset.csv,,sportklub-rapid.svg,manual
Galatasaray Spor Kulübü,galatasaray-spor-kulubu,45,data/processed/player_season_modeling_v13a.parquet | data/processed/player_season_modeling_v13b_advanced.parquet | reports/dss/global_prospect_universe.csv | reports/tm3_contract_intelligence/contract_intelligence_dataset.csv,,galatasaray-spor-kulubu.svg,manual
Borussia Verein für Leibesübungen 1900 Mönchengladbach,borussia-verein-fur-leibesubungen-1900-monchengladbach,44,data/processed/player_season_modeling_v13a.parquet | data/processed/player_season_modeling_v13b_advanced.parquet | reports/dss/global_prospect_universe.csv | reports/tm3_contract_intelligence/contract_intelligence_dataset.csv,,borussia-verein-fur-leibesubungen-1900-monchengladbach.svg,manual
Portsmouth,portsmouth,44,data/processed/player_season_modeling_v13a.parquet | data/processed/player_season_modeling_v13b_advanced.parquet | reports/dss/global_prospect_universe.csv | reports/strategy/transfer_portfolio_dataset.csv | reports/tm3_contract_intelligence/contract_intelligence_dataset.csv,,portsmouth.svg,manual
Rayo Vallecano de Madrid S. A. D.,rayo-vallecano-de-madrid-s-a-d,44,data/processed/player_season_modeling_v13a.parquet | data/processed/player_season_modeling_v13b_advanced.parquet | reports/dss/global_prospect_universe.csv | reports/tm3_contract_intelligence/contract_intelligence_dataset.csv,,rayo-vallecano-de-madrid-s-a-d.svg,manual
Brøndby Idrætsforening,br-ndby-idr-tsforening,42,data/processed/player_season_modeling_v13a.parquet | data/processed/player_season_modeling_v13b_advanced.parquet | reports/dss/global_prospect_universe.csv | reports/tm3_contract_intelligence/contract_intelligence_dataset.csv,,br-ndby-idr-tsforening.svg,manual
Clube Desportivo Nacional,clube-desportivo-nacional,42,data/processed/player_season_modeling_v13a.parquet | data/processed/player_season_modeling_v13b_advanced.parquet | reports/dss/global_prospect_universe.csv | reports/tm3_contract_intelligence/contract_intelligence_dataset.csv,,clube-desportivo-nacional.svg,manual
Leganés,leganes,42,data/processed/player_season_modeling_v13a.parquet | data/processed/player_season_modeling_v13b_advanced.parquet | reports/dss/global_prospect_universe.csv | reports/strategy/transfer_portfolio_dataset.csv | reports/tm3_contract_intelligence/contract_intelligence_dataset.csv,,leganes.svg,manual
Real Oviedo S.A.D.,real-oviedo-s-a-d,42,data/processed/player_season_modeling_v13a.parquet | data/processed/player_season_modeling_v13b_advanced.parquet | reports/dss/global_prospect_universe.csv | reports/tm3_contract_intelligence/contract_intelligence_dataset.csv,,real-oviedo-s-a-d.svg,manual
Royal Charleroi Sporting Club,royal-charleroi-sporting-club,42,data/processed/player_season_modeling_v13a.parquet | data/processed/player_season_modeling_v13b_advanced.parquet | reports/dss/global_prospect_universe.csv | reports/tm3_contract_intelligence/contract_intelligence_dataset.csv,,royal-charleroi-sporting-club.svg,manual
Royal Standard Club de Liège,royal-standard-club-de-liege,42,data/processed/player_season_modeling_v13a.parquet | data/processed/player_season_modeling_v13b_advanced.parquet | reports/dss/global_prospect_universe.csv | reports/tm3_contract_intelligence/contract_intelligence_dataset.csv,,royal-standard-club-de-liege.svg,manual
SpVgg Greuther Fürth,spvgg-greuther-furth,42,data/processed/player_season_modeling_v13a.parquet | data/processed/player_season_modeling_v13b_advanced.parquet | reports/dss/global_prospect_universe.csv | reports/strategy/transfer_portfolio_dataset.csv | reports/tm3_contract_intelligence/contract_intelligence_dataset.csv,,spvgg-greuther-furth.svg,manual
FC Andorra,fc-andorra,40,reports/dss/global_prospect_universe.csv | reports/strategy/transfer_portfolio_dataset.csv | reports/tm3_contract_intelligence/contract_intelligence_dataset.csv,,fc-andorra.svg,manual
Grupo Desportivo Estoril Praia,grupo-desportivo-estoril-praia,40,data/processed/player_season_modeling_v13a.parquet | data/processed/player_season_modeling_v13b_advanced.parquet | reports/dss/global_prospect_universe.csv | reports/tm3_contract_intelligence/contract_intelligence_dataset.csv,,grupo-desportivo-estoril-praia.svg,manual
Levante Unión Deportiva S.A.D.,levante-union-deportiva-s-a-d,40,data/processed/player_season_modeling_v13a.parquet | data/processed/player_season_modeling_v13b_advanced.parquet | reports/dss/global_prospect_universe.csv | reports/tm3_contract_intelligence/contract_intelligence_dataset.csv,,levante-union-deportiva-s-a-d.svg,manual
Mallorca,mallorca,40,data/processed/player_season_modeling_v13a.parquet | data/processed/player_season_modeling_v13b_advanced.parquet | reports/dss/global_prospect_universe.csv | reports/strategy/transfer_portfolio_dataset.csv | reports/tm3_contract_intelligence/contract_intelligence_dataset.csv,,mallorca.svg,manual
PSV Eindhoven U21,psv-eindhoven-u21,40,reports/dss/global_prospect_universe.csv | reports/strategy/transfer_portfolio_dataset.csv | reports/tm3_contract_intelligence/contract_intelligence_dataset.csv,,psv-eindhoven-u21.svg,manual
Racing Club de Lens,racing-club-de-lens,40,data/processed/player_season_modeling_v13a.parquet | data/processed/player_season_modeling_v13b_advanced.parquet | reports/dss/global_prospect_universe.csv | reports/tm3_contract_intelligence/contract_intelligence_dataset.csv,,racing-club-de-lens.svg,manual
Schalke 04,schalke-04,40,data/processed/player_season_modeling_v13a.parquet | data/processed/player_season_modeling_v13b_advanced.parquet,,schalke-04.svg,manual
Villarreal CF B,villarreal-cf-b,40,reports/dss/global_prospect_universe.csv | reports/strategy/transfer_portfolio_dataset.csv | reports/tm3_contract_intelligence/contract_intelligence_dataset.csv,,villarreal-cf-b.svg,manual
Excelsior,excelsior,38,data/processed/player_season_modeling_v13a.parquet | data/processed/player_season_modeling_v13b_advanced.parquet,,excelsior.svg,manual
FC Basel 1893 AG,fc-basel-1893-ag,38,data/processed/player_season_modeling_v13a.parquet | data/processed/player_season_modeling_v13b_advanced.parquet | reports/dss/global_prospect_universe.csv | reports/tm3_contract_intelligence/contract_intelligence_dataset.csv,,fc-basel-1893-ag.svg,manual
KV Oostende,kv-oostende,38,data/processed/player_season_modeling_v13a.parquet | data/processed/player_season_modeling_v13b_advanced.parquet | reports/dss/global_prospect_universe.csv | reports/strategy/transfer_portfolio_dataset.csv | reports/tm3_contract_intelligence/contract_intelligence_dataset.csv,,kv-oostende.svg,manual
Sport-Club Freiburg,sport-club-freiburg,38,data/processed/player_season_modeling_v13a.parquet | data/processed/player_season_modeling_v13b_advanced.parquet | reports/dss/global_prospect_universe.csv | reports/tm3_contract_intelligence/contract_intelligence_dataset.csv,,sport-club-freiburg.svg,manual
Vitória Sport Clube,vitoria-sport-clube,38,data/processed/player_season_modeling_v13a.parquet | data/processed/player_season_modeling_v13b_advanced.parquet,,vitoria-sport-clube.svg,manual
Werder Bremen,werder-bremen,38,data/processed/player_season_modeling_v13a.parquet | data/processed/player_season_modeling_v13b_advanced.parquet,,werder-bremen.svg,manual
Birmingham City,birmingham-city,36,data/processed/player_season_modeling_v13a.parquet | data/processed/player_season_modeling_v13b_advanced.parquet,,birmingham-city.svg,manual
Hamburger Sport Verein,hamburger-sport-verein,36,data/processed/player_season_modeling_v13a.parquet | data/processed/player_season_modeling_v13b_advanced.parquet,,hamburger-sport-verein.svg,manual
Koninklijke Sint-Truidense Voetbalvereniging,koninklijke-sint-truidense-voetbalvereniging,36,data/processed/player_season_modeling_v13a.parquet | data/processed/player_season_modeling_v13b_advanced.parquet | reports/dss/global_prospect_universe.csv | reports/tm3_contract_intelligence/contract_intelligence_dataset.csv,,koninklijke-sint-truidense-voetbalvereniging.svg,manual
Lazio,lazio,36,data/processed/player_season_modeling_v13a.parquet | data/processed/player_season_modeling_v13b_advanced.parquet | reports/dss/global_prospect_universe.csv | reports/strategy/transfer_portfolio_dataset.csv | reports/tm3_contract_intelligence/contract_intelligence_dataset.csv,,lazio.svg,manual
Salernitana,salernitana,36,data/processed/player_season_modeling_v13a.parquet | data/processed/player_season_modeling_v13b_advanced.parquet,,salernitana.svg,manual
Spezia,spezia,36,data/processed/player_season_modeling_v13a.parquet | data/processed/player_season_modeling_v13b_advanced.parquet,,spezia.svg,manual
The Celtic Football Club,the-celtic-football-club,36,data/processed/player_season_modeling_v13a.parquet | data/processed/player_season_modeling_v13b_advanced.parquet,,the-celtic-football-club.svg,manual
Unione Sportiva Cremonese S.p.A.,unione-sportiva-cremonese-s-p-a,36,data/processed/player_season_modeling_v13a.parquet | data/processed/player_season_modeling_v13b_advanced.parquet | reports/dss/global_prospect_universe.csv | reports/tm3_contract_intelligence/contract_intelligence_dataset.csv,,unione-sportiva-cremonese-s-p-a.svg,manual
Wattener Sportgemeinschaft Swarovski Tirol,wattener-sportgemeinschaft-swarovski-tirol,36,data/processed/player_season_modeling_v13a.parquet | data/processed/player_season_modeling_v13b_advanced.parquet | reports/dss/global_prospect_universe.csv | reports/tm3_contract_intelligence/contract_intelligence_dataset.csv,,wattener-sportgemeinschaft-swarovski-tirol.svg,manual
Zulte Waregem,zulte-waregem,36,data/processed/player_season_modeling_v13a.parquet | data/processed/player_season_modeling_v13b_advanced.parquet,,zulte-waregem.svg,manual
Fenerbahçe Spor Kulübü,fenerbahce-spor-kulubu,35,data/processed/player_season_modeling_v13a.parquet | data/processed/player_season_modeling_v13b_advanced.parquet | reports/dss/global_prospect_universe.csv | reports/tm3_contract_intelligence/contract_intelligence_dataset.csv,,fenerbahce-spor-kulubu.svg,manual
AC Monza,ac-monza,34,data/processed/player_season_modeling_v13a.parquet | data/processed/player_season_modeling_v13b_advanced.parquet | reports/dss/global_prospect_universe.csv | reports/strategy/transfer_portfolio_dataset.csv | reports/tm3_contract_intelligence/contract_intelligence_dataset.csv,,ac-monza.svg,manual
Bordeaux,bordeaux,34,data/processed/player_season_modeling_v13a.parquet | data/processed/player_season_modeling_v13b_advanced.parquet,,bordeaux.svg,manual
FC Girondins Bordeaux,fc-girondins-bordeaux,34,data/processed/player_season_modeling_v13a.parquet | data/processed/player_season_modeling_v13b_advanced.parquet | reports/dss/global_prospect_universe.csv | reports/strategy/transfer_portfolio_dataset.csv | reports/tm3_contract_intelligence/contract_intelligence_dataset.csv,,fc-girondins-bordeaux.svg,manual
FC Verbroedering Denderhoutem Denderleeuw Eendracht Hekelgem,fc-verbroedering-denderhoutem-denderleeuw-eendracht-hekelgem,34,data/processed/player_season_modeling_v13a.parquet | data/processed/player_season_modeling_v13b_advanced.parquet | reports/dss/global_prospect_universe.csv | reports/tm3_contract_intelligence/contract_intelligence_dataset.csv,,fc-verbroedering-denderhoutem-denderleeuw-eendracht-hekelgem.svg,manual
Moreirense FC,moreirense-fc,34,reports/dss/global_prospect_universe.csv | reports/strategy/transfer_portfolio_dataset.csv | reports/tm3_contract_intelligence/contract_intelligence_dataset.csv,,moreirense-fc.svg,manual
Oviedo,oviedo,34,data/processed/player_season_modeling_v13a.parquet | data/processed/player_season_modeling_v13b_advanced.parquet | reports/dss/global_prospect_universe.csv | reports/strategy/transfer_portfolio_dataset.csv | reports/tm3_contract_intelligence/contract_intelligence_dataset.csv,,oviedo.svg,manual
Aris Thessalonikis,aris-thessalonikis,33,data/processed/player_season_modeling_v13a.parquet | data/processed/player_season_modeling_v13b_advanced.parquet | reports/dss/global_prospect_universe.csv | reports/tm3_contract_intelligence/contract_intelligence_dataset.csv,,aris-thessalonikis.svg,manual
Getafe Club de Fútbol S. A. D. Team Dubai,getafe-club-de-futbol-s-a-d-team-dubai,33,data/processed/player_season_modeling_v13a.parquet | data/processed/player_season_modeling_v13b_advanced.parquet | reports/dss/global_prospect_universe.csv | reports/tm3_contract_intelligence/contract_intelligence_dataset.csv,,getafe-club-de-futbol-s-a-d-team-dubai.svg,manual
Burgos,burgos,32,data/processed/player_season_modeling_v13a.parquet | data/processed/player_season_modeling_v13b_advanced.parquet | reports/dss/global_prospect_universe.csv | reports/strategy/transfer_portfolio_dataset.csv | reports/tm3_contract_intelligence/contract_intelligence_dataset.csv,,burgos.svg,manual
Huddersfield Town,huddersfield-town,32,data/processed/player_season_modeling_v13a.parquet | data/processed/player_season_modeling_v13b_advanced.parquet,,huddersfield-town.svg,manual
Oostende,oostende,32,data/processed/player_season_modeling_v13a.parquet | data/processed/player_season_modeling_v13b_advanced.parquet,,oostende.svg,manual
Real Sociedad B,real-sociedad-b,32,data/processed/player_season_modeling_v13a.parquet | data/processed/player_season_modeling_v13b_advanced.parquet | reports/dss/global_prospect_universe.csv | reports/strategy/transfer_portfolio_dataset.csv | reports/tm3_contract_intelligence/contract_intelligence_dataset.csv,,real-sociedad-b.svg,manual
Sportclub Rheindorf Altach,sportclub-rheindorf-altach,32,data/processed/player_season_modeling_v13a.parquet | data/processed/player_season_modeling_v13b_advanced.parquet | reports/dss/global_prospect_universe.csv | reports/tm3_contract_intelligence/contract_intelligence_dataset.csv,,sportclub-rheindorf-altach.svg,manual
Villarreal B,villarreal-b,32,data/processed/player_season_modeling_v13a.parquet | data/processed/player_season_modeling_v13b_advanced.parquet,,villarreal-b.svg,manual
Volendam,volendam,32,data/processed/player_season_modeling_v13a.parquet | data/processed/player_season_modeling_v13b_advanced.parquet,,volendam.svg,manual
Athlitiki Enosi Konstantinoupoleos,athlitiki-enosi-konstantinoupoleos,31,data/processed/player_season_modeling_v13a.parquet | data/processed/player_season_modeling_v13b_advanced.parquet | reports/dss/global_prospect_universe.csv | reports/tm3_contract_intelligence/contract_intelligence_dataset.csv,,athlitiki-enosi-konstantinoupoleos.svg,manual
Casa Pia Atlético Clube,casa-pia-atletico-clube,31,data/processed/player_season_modeling_v13a.parquet | data/processed/player_season_modeling_v13b_advanced.parquet | reports/dss/global_prospect_universe.csv | reports/tm3_contract_intelligence/contract_intelligence_dataset.csv,,casa-pia-atletico-clube.svg,manual
Bochum,bochum,30,data/processed/player_season_modeling_v13a.parquet | data/processed/player_season_modeling_v13b_advanced.parquet | reports/dss/global_prospect_universe.csv | reports/strategy/transfer_portfolio_dataset.csv | reports/tm3_contract_intelligence/contract_intelligence_dataset.csv,,bochum.svg,manual
Castellón,castellon,30,data/processed/player_season_modeling_v13a.parquet | data/processed/player_season_modeling_v13b_advanced.parquet | reports/dss/global_prospect_universe.csv | reports/strategy/transfer_portfolio_dataset.csv | reports/tm3_contract_intelligence/contract_intelligence_dataset.csv,,castellon.svg,manual
Estrela,estrela,30,data/processed/player_season_modeling_v13a.parquet | data/processed/player_season_modeling_v13b_advanced.parquet | reports/dss/global_prospect_universe.csv | reports/strategy/transfer_portfolio_dataset.csv | reports/tm3_contract_intelligence/contract_intelligence_dataset.csv,,estrela.svg,manual
Grazer AK 1902,grazer-ak-1902,30,reports/dss/global_prospect_universe.csv | reports/strategy/transfer_portfolio_dataset.csv | reports/tm3_contract_intelligence/contract_intelligence_dataset.csv,,grazer-ak-1902.svg,manual
Rangers FC,rangers-fc,30,reports/dss/global_prospect_universe.csv | reports/strategy/transfer_portfolio_dataset.csv | reports/tm3_contract_intelligence/contract_intelligence_dataset.csv,,rangers-fc.svg,manual
Real Zaragoza,real-zaragoza,30,reports/dss/global_prospect_universe.csv | reports/strategy/transfer_portfolio_dataset.csv | reports/tm3_contract_intelligence/contract_intelligence_dataset.csv,,real-zaragoza.svg,manual
Red Star Belgrade,red-star-belgrade,30,reports/dss/global_prospect_universe.csv | reports/strategy/transfer_portfolio_dataset.csv | reports/tm3_contract_intelligence/contract_intelligence_dataset.csv,,red-star-belgrade.svg,manual
SK Austria Klagenfurt,sk-austria-klagenfurt,30,data/processed/player_season_modeling_v13a.parquet | data/processed/player_season_modeling_v13b_advanced.parquet | reports/dss/global_prospect_universe.csv | reports/strategy/transfer_portfolio_dataset.csv | reports/tm3_contract_intelligence/contract_intelligence_dataset.csv,,sk-austria-klagenfurt.svg,manual
Al-Ahli Saudi Football Club,al-ahli-saudi-football-club,28,data/processed/player_season_modeling_v13a.parquet | data/processed/player_season_modeling_v13b_advanced.parquet | reports/dss/global_prospect_universe.csv | reports/tm3_contract_intelligence/contract_intelligence_dataset.csv,,al-ahli-saudi-football-club.svg,manual
Almere City,almere-city,28,data/processed/player_season_modeling_v13a.parquet | data/processed/player_season_modeling_v13b_advanced.parquet | reports/dss/global_prospect_universe.csv | reports/strategy/transfer_portfolio_dataset.csv | reports/tm3_contract_intelligence/contract_intelligence_dataset.csv,,almere-city.svg,manual
Racing Sant,racing-sant,28,data/processed/player_season_modeling_v13a.parquet | data/processed/player_season_modeling_v13b_advanced.parquet | reports/dss/global_prospect_universe.csv | reports/strategy/transfer_portfolio_dataset.csv | reports/tm3_contract_intelligence/contract_intelligence_dataset.csv,,racing-sant.svg,manual
"AC Sparta Praha, a. s.",ac-sparta-praha-a-s,27,data/processed/player_season_modeling_v13a.parquet | data/processed/player_season_modeling_v13b_advanced.parquet | reports/dss/global_prospect_universe.csv | reports/tm3_contract_intelligence/contract_intelligence_dataset.csv,,ac-sparta-praha-a-s.svg,manual
Club Football Estrela da Amadora,club-football-estrela-da-amadora,27,data/processed/player_season_modeling_v13a.parquet | data/processed/player_season_modeling_v13b_advanced.parquet | reports/dss/global_prospect_universe.csv | reports/tm3_contract_intelligence/contract_intelligence_dataset.csv,,club-football-estrela-da-amadora.svg,manual
Gil Vicente Futebol Clube,gil-vicente-futebol-clube,27,data/processed/player_season_modeling_v13a.parquet | data/processed/player_season_modeling_v13b_advanced.parquet | reports/dss/global_prospect_universe.csv | reports/tm3_contract_intelligence/contract_intelligence_dataset.csv,,gil-vicente-futebol-clube.svg,manual
Real Betis Balompié S.A.D.,real-betis-balompie-s-a-d,27,data/processed/player_season_modeling_v13a.parquet | data/processed/player_season_modeling_v13b_advanced.parquet | reports/dss/global_prospect_universe.csv | reports/tm3_contract_intelligence/contract_intelligence_dataset.csv,,real-betis-balompie-s-a-d.svg,manual
Eupen,eupen,26,data/processed/player_season_modeling_v13a.parquet | data/processed/player_season_modeling_v13b_advanced.parquet,,eupen.svg,manual
Football Club Volendam,football-club-volendam,26,data/processed/player_season_modeling_v13a.parquet | data/processed/player_season_modeling_v13b_advanced.parquet | reports/dss/global_prospect_universe.csv | reports/tm3_contract_intelligence/contract_intelligence_dataset.csv,,football-club-volendam.svg,manual
Frosinone Calcio,frosinone-calcio,26,data/processed/player_season_modeling_v13a.parquet | data/processed/player_season_modeling_v13b_advanced.parquet | reports/dss/global_prospect_universe.csv | reports/strategy/transfer_portfolio_dataset.csv | reports/tm3_contract_intelligence/contract_intelligence_dataset.csv,,frosinone-calcio.svg,manual
Fußball-Club St. Pauli von 1910,fu-ball-club-st-pauli-von-1910,26,data/processed/player_season_modeling_v13a.parquet | data/processed/player_season_modeling_v13b_advanced.parquet | reports/dss/global_prospect_universe.csv | reports/tm3_contract_intelligence/contract_intelligence_dataset.csv,,fu-ball-club-st-pauli-von-1910.svg,manual
Grazer AK,grazer-ak,26,data/processed/player_season_modeling_v13a.parquet | data/processed/player_season_modeling_v13b_advanced.parquet | reports/dss/global_prospect_universe.csv | reports/strategy/transfer_portfolio_dataset.csv | reports/tm3_contract_intelligence/contract_intelligence_dataset.csv,,grazer-ak.svg,manual
Panathinaikos Athlitikos Omilos,panathinaikos-athlitikos-omilos,26,data/processed/player_season_modeling_v13a.parquet | data/processed/player_season_modeling_v13b_advanced.parquet,,panathinaikos-athlitikos-omilos.svg,manual
Samsunspor,samsunspor,26,data/processed/player_season_modeling_v13a.parquet | data/processed/player_season_modeling_v13b_advanced.parquet,,samsunspor.svg,manual
West Brom,west-brom,26,data/processed/player_season_modeling_v13a.parquet | data/processed/player_season_modeling_v13b_advanced.parquet,,west-brom.svg,manual
"SK Slavia Praha, a.s.",sk-slavia-praha-a-s,25,data/processed/player_season_modeling_v13a.parquet | data/processed/player_season_modeling_v13b_advanced.parquet | reports/dss/global_prospect_universe.csv | reports/tm3_contract_intelligence/contract_intelligence_dataset.csv,,sk-slavia-praha-a-s.svg,manual
Trabzonspor Kulübü,trabzonspor-kulubu,25,data/processed/player_season_modeling_v13a.parquet | data/processed/player_season_modeling_v13b_advanced.parquet | reports/dss/global_prospect_universe.csv | reports/tm3_contract_intelligence/contract_intelligence_dataset.csv,,trabzonspor-kulubu.svg,manual
1. Fußballclub Heidenheim 1846,1-fu-ballclub-heidenheim-1846,24,data/processed/player_season_modeling_v13a.parquet | data/processed/player_season_modeling_v13b_advanced.parquet | reports/dss/global_prospect_universe.csv | reports/tm3_contract_intelligence/contract_intelligence_dataset.csv,,1-fu-ballclub-heidenheim-1846.svg,manual
Arminia Bielefeld,arminia-bielefeld,24,data/processed/player_season_modeling_v13a.parquet | data/processed/player_season_modeling_v13b_advanced.parquet | reports/dss/global_prospect_universe.csv | reports/strategy/transfer_portfolio_dataset.csv | reports/tm3_contract_intelligence/contract_intelligence_dataset.csv,,arminia-bielefeld.svg,manual
Berner Sport Club Young Boys,berner-sport-club-young-boys,24,data/processed/player_season_modeling_v13a.parquet | data/processed/player_season_modeling_v13b_advanced.parquet | reports/dss/global_prospect_universe.csv | reports/tm3_contract_intelligence/contract_intelligence_dataset.csv,,berner-sport-club-young-boys.svg,manual
CD Leganés,cd-leganes,24,data/processed/player_season_modeling_v13a.parquet | data/processed/player_season_modeling_v13b_advanced.parquet,,cd-leganes.svg,manual
Coventry City,coventry-city,24,data/processed/player_season_modeling_v13a.parquet | data/processed/player_season_modeling_v13b_advanced.parquet,,coventry-city.svg,manual
Huesca,huesca,24,data/processed/player_season_modeling_v13a.parquet | data/processed/player_season_modeling_v13b_advanced.parquet,,huesca.svg,manual
Marítimo,maritimo,24,data/processed/player_season_modeling_v13a.parquet | data/processed/player_season_modeling_v13b_advanced.parquet,,maritimo.svg,manual
RWD Molenbeek,rwd-molenbeek,24,data/processed/player_season_modeling_v13a.parquet | data/processed/player_season_modeling_v13b_advanced.parquet | reports/dss/global_prospect_universe.csv | reports/strategy/transfer_portfolio_dataset.csv | reports/tm3_contract_intelligence/contract_intelligence_dataset.csv,,rwd-molenbeek.svg,manual
Sampdoria,sampdoria,24,data/processed/player_season_modeling_v13a.parquet | data/processed/player_season_modeling_v13b_advanced.parquet,,sampdoria.svg,manual
Football Club København,football-club-k-benhavn,23,data/processed/player_season_modeling_v13a.parquet | data/processed/player_season_modeling_v13b_advanced.parquet | reports/dss/global_prospect_universe.csv | reports/tm3_contract_intelligence/contract_intelligence_dataset.csv,,football-club-k-benhavn.svg,manual
GNK Dinamo Zagreb,gnk-dinamo-zagreb,23,data/processed/player_season_modeling_v13a.parquet | data/processed/player_season_modeling_v13b_advanced.parquet | reports/dss/global_prospect_universe.csv | reports/tm3_contract_intelligence/contract_intelligence_dataset.csv,,gnk-dinamo-zagreb.svg,manual
Olympiakos Syndesmos Filathlon Peiraios,olympiakos-syndesmos-filathlon-peiraios,23,data/processed/player_season_modeling_v13a.parquet | data/processed/player_season_modeling_v13b_advanced.parquet | reports/dss/global_prospect_universe.csv | reports/tm3_contract_intelligence/contract_intelligence_dataset.csv,,olympiakos-syndesmos-filathlon-peiraios.svg,manual
Aberdeen Football Club,aberdeen-football-club,22,data/processed/player_season_modeling_v13a.parquet | data/processed/player_season_modeling_v13b_advanced.parquet,,aberdeen-football-club.svg,manual
Blackpool,blackpool,22,data/processed/player_season_modeling_v13a.parquet | data/processed/player_season_modeling_v13b_advanced.parquet,,blackpool.svg,manual
Deportivo Alavés S. A. D.,deportivo-alaves-s-a-d,22,data/processed/player_season_modeling_v13a.parquet | data/processed/player_season_modeling_v13b_advanced.parquet,,deportivo-alaves-s-a-d.svg,manual
Football Club de Metz,football-club-de-metz,22,data/processed/player_season_modeling_v13a.parquet | data/processed/player_season_modeling_v13b_advanced.parquet,,football-club-de-metz.svg,manual
Fulham,fulham,22,data/processed/player_season_modeling_v13a.parquet | data/processed/player_season_modeling_v13b_advanced.parquet,,fulham.svg,manual
Oxford United,oxford-united,22,data/processed/player_season_modeling_v13a.parquet | data/processed/player_season_modeling_v13b_advanced.parquet | reports/dss/global_prospect_universe.csv | reports/strategy/transfer_portfolio_dataset.csv | reports/tm3_contract_intelligence/contract_intelligence_dataset.csv,,oxford-united.svg,manual
RZ Pellets WAC,rz-pellets-wac,22,data/processed/player_season_modeling_v13a.parquet | data/processed/player_season_modeling_v13b_advanced.parquet,,rz-pellets-wac.svg,manual
Reading,reading,22,data/processed/player_season_modeling_v13a.parquet | data/processed/player_season_modeling_v13b_advanced.parquet,,reading.svg,manual
Tenerife,tenerife,22,data/processed/player_season_modeling_v13a.parquet | data/processed/player_season_modeling_v13b_advanced.parquet,,tenerife.svg,manual
Waas-Beveren,waas-beveren,22,data/processed/player_season_modeling_v13a.parquet | data/processed/player_season_modeling_v13b_advanced.parquet,,waas-beveren.svg,manual
İstanbul Başakşehir Futbol Kulübü,istanbul-basaksehir-futbol-kulubu,22,data/processed/player_season_modeling_v13a.parquet | data/processed/player_season_modeling_v13b_advanced.parquet | reports/dss/global_prospect_universe.csv | reports/tm3_contract_intelligence/contract_intelligence_dataset.csv,,istanbul-basaksehir-futbol-kulubu.svg,manual
Athlitiki Enosi Kifisias,athlitiki-enosi-kifisias,21,data/processed/player_season_modeling_v13a.parquet | data/processed/player_season_modeling_v13b_advanced.parquet | reports/dss/global_prospect_universe.csv | reports/tm3_contract_intelligence/contract_intelligence_dataset.csv,,athlitiki-enosi-kifisias.svg,manual
Moreirense Futebol Clube,moreirense-futebol-clube,21,data/processed/player_season_modeling_v13a.parquet | data/processed/player_season_modeling_v13b_advanced.parquet | reports/dss/global_prospect_universe.csv | reports/tm3_contract_intelligence/contract_intelligence_dataset.csv,,moreirense-futebol-clube.svg,manual
Widzew Łódź Spółka Akcyjna,widzew-odz-spo-ka-akcyjna,21,data/processed/player_season_modeling_v13a.parquet | data/processed/player_season_modeling_v13b_advanced.parquet | reports/dss/global_prospect_universe.csv | reports/tm3_contract_intelligence/contract_intelligence_dataset.csv,,widzew-odz-spo-ka-akcyjna.svg,manual
1.FC Magdeburg,1-fc-magdeburg,20,reports/dss/global_prospect_universe.csv | reports/strategy/transfer_portfolio_dataset.csv | reports/tm3_contract_intelligence/contract_intelligence_dataset.csv,,1-fc-magdeburg.svg,manual
Adana Demirspor,adana-demirspor,20,reports/dss/global_prospect_universe.csv | reports/strategy/transfer_portfolio_dataset.csv | reports/tm3_contract_intelligence/contract_intelligence_dataset.csv,,adana-demirspor.svg,manual
Al-Hilal Saudi Football Club,al-hilal-saudi-football-club,20,data/processed/player_season_modeling_v13a.parquet | data/processed/player_season_modeling_v13b_advanced.parquet | reports/dss/global_prospect_universe.csv | reports/tm3_contract_intelligence/contract_intelligence_dataset.csv,,al-hilal-saudi-football-club.svg,manual
Al-Nassr Football Club,al-nassr-football-club,20,data/processed/player_season_modeling_v13a.parquet | data/processed/player_season_modeling_v13b_advanced.parquet,,al-nassr-football-club.svg,manual
Barnsley,barnsley,20,data/processed/player_season_modeling_v13a.parquet | data/processed/player_season_modeling_v13b_advanced.parquet,,barnsley.svg,manual
Centro Sportivo Alagoano (AL),centro-sportivo-alagoano-al,20,reports/dss/global_prospect_universe.csv | reports/strategy/transfer_portfolio_dataset.csv | reports/tm3_contract_intelligence/contract_intelligence_dataset.csv,,centro-sportivo-alagoano-al.svg,manual
Club NXT,club-nxt,20,reports/dss/global_prospect_universe.csv | reports/strategy/transfer_portfolio_dataset.csv | reports/tm3_contract_intelligence/contract_intelligence_dataset.csv,,club-nxt.svg,manual
Deportivo Alavés B,deportivo-alaves-b,20,reports/dss/global_prospect_universe.csv | reports/strategy/transfer_portfolio_dataset.csv | reports/tm3_contract_intelligence/contract_intelligence_dataset.csv,,deportivo-alaves-b.svg,manual
FC Liefering,fc-liefering,20,reports/dss/global_prospect_universe.csv | reports/strategy/transfer_portfolio_dataset.csv | reports/tm3_contract_intelligence/contract_intelligence_dataset.csv,,fc-liefering.svg,manual
Frosinone,frosinone,20,data/processed/player_season_modeling_v13a.parquet | data/processed/player_season_modeling_v13b_advanced.parquet,,frosinone.svg,manual
Futebol Clube de Alverca,futebol-clube-de-alverca,20,data/processed/player_season_modeling_v13a.parquet | data/processed/player_season_modeling_v13b_advanced.parquet,,futebol-clube-de-alverca.svg,manual
Hibernian FC,hibernian-fc,20,reports/dss/global_prospect_universe.csv | reports/strategy/transfer_portfolio_dataset.csv | reports/tm3_contract_intelligence/contract_intelligence_dataset.csv,,hibernian-fc.svg,manual
Jagiellonia-Bialystok Sportowa Spólka Akcyjna,jagiellonia-bialystok-sportowa-spolka-akcyjna,20,data/processed/player_season_modeling_v13a.parquet | data/processed/player_season_modeling_v13b_advanced.parquet | reports/dss/global_prospect_universe.csv | reports/tm3_contract_intelligence/contract_intelligence_dataset.csv,,jagiellonia-bialystok-sportowa-spolka-akcyjna.svg,manual
Leeds United U21,leeds-united-u21,20,reports/dss/global_prospect_universe.csv | reports/strategy/transfer_portfolio_dataset.csv | reports/tm3_contract_intelligence/contract_intelligence_dataset.csv,,leeds-united-u21.svg,manual
Lommel SK,lommel-sk,20,reports/dss/global_prospect_universe.csv | reports/strategy/transfer_portfolio_dataset.csv | reports/tm3_contract_intelligence/contract_intelligence_dataset.csv,,lommel-sk.svg,manual
Milan Primavera,milan-primavera,20,reports/dss/global_prospect_universe.csv | reports/strategy/transfer_portfolio_dataset.csv | reports/tm3_contract_intelligence/contract_intelligence_dataset.csv,,milan-primavera.svg,manual
Pau FC,pau-fc,20,reports/dss/global_prospect_universe.csv | reports/strategy/transfer_portfolio_dataset.csv | reports/tm3_contract_intelligence/contract_intelligence_dataset.csv,,pau-fc.svg,manual
Paços de Ferreira,pacos-de-ferreira,20,data/processed/player_season_modeling_v13a.parquet | data/processed/player_season_modeling_v13b_advanced.parquet,,pacos-de-ferreira.svg,manual
Pro Sesto 1913,pro-sesto-1913,20,reports/dss/global_prospect_universe.csv | reports/strategy/transfer_portfolio_dataset.csv | reports/tm3_contract_intelligence/contract_intelligence_dataset.csv,,pro-sesto-1913.svg,manual
RAAL La Louvière,raal-la-louviere,20,data/processed/player_season_modeling_v13a.parquet | data/processed/player_season_modeling_v13b_advanced.parquet,,raal-la-louviere.svg,manual
RC Celta Fortuna,rc-celta-fortuna,20,reports/dss/global_prospect_universe.csv | reports/strategy/transfer_portfolio_dataset.csv | reports/tm3_contract_intelligence/contract_intelligence_dataset.csv,,rc-celta-fortuna.svg,manual
Real Madrid Castilla,real-madrid-castilla,20,reports/dss/global_prospect_universe.csv | reports/strategy/transfer_portfolio_dataset.csv | reports/tm3_contract_intelligence/contract_intelligence_dataset.csv,,real-madrid-castilla.svg,manual
Sevilla Atlético,sevilla-atletico,20,reports/dss/global_prospect_universe.csv | reports/strategy/transfer_portfolio_dataset.csv | reports/tm3_contract_intelligence/contract_intelligence_dataset.csv,,sevilla-atletico.svg,manual
Sporting CP B,sporting-cp-b,20,reports/dss/global_prospect_universe.csv | reports/strategy/transfer_portfolio_dataset.csv | reports/tm3_contract_intelligence/contract_intelligence_dataset.csv,,sporting-cp-b.svg,manual
Sporting Gijón,sporting-gijon,20,data/processed/player_season_modeling_v13a.parquet | data/processed/player_season_modeling_v13b_advanced.parquet,,sporting-gijon.svg,manual
Standard de Liège 16 FC,standard-de-liege-16-fc,20,reports/dss/global_prospect_universe.csv | reports/strategy/transfer_portfolio_dataset.csv | reports/tm3_contract_intelligence/contract_intelligence_dataset.csv,,standard-de-liege-16-fc.svg,manual
TSG 1899 Hoffenheim II,tsg-1899-hoffenheim-ii,20,reports/dss/global_prospect_universe.csv | reports/strategy/transfer_portfolio_dataset.csv | reports/tm3_contract_intelligence/contract_intelligence_dataset.csv,,tsg-1899-hoffenheim-ii.svg,manual
Torino Primavera,torino-primavera,20,reports/dss/global_prospect_universe.csv | reports/strategy/transfer_portfolio_dataset.csv | reports/tm3_contract_intelligence/contract_intelligence_dataset.csv,,torino-primavera.svg,manual
Tottenham Hotspur U21,tottenham-hotspur-u21,20,reports/dss/global_prospect_universe.csv | reports/strategy/transfer_portfolio_dataset.csv | reports/tm3_contract_intelligence/contract_intelligence_dataset.csv,,tottenham-hotspur-u21.svg,manual
VfB Stuttgart II,vfb-stuttgart-ii,20,reports/dss/global_prospect_universe.csv | reports/strategy/transfer_portfolio_dataset.csv | reports/tm3_contract_intelligence/contract_intelligence_dataset.csv,,vfb-stuttgart-ii.svg,manual
West Ham United U21,west-ham-united-u21,20,reports/dss/global_prospect_universe.csv | reports/strategy/transfer_portfolio_dataset.csv | reports/tm3_contract_intelligence/contract_intelligence_dataset.csv,,west-ham-united-u21.svg,manual
Clermont Foot,clermont-foot,18,data/processed/player_season_modeling_v13a.parquet | data/processed/player_season_modeling_v13b_advanced.parquet,,clermont-foot.svg,manual
Clube Desportivo de Tondela,clube-desportivo-de-tondela,18,data/processed/player_season_modeling_v13a.parquet | data/processed/player_season_modeling_v13b_advanced.parquet,,clube-desportivo-de-tondela.svg,manual
Clube de Regatas do Flamengo,clube-de-regatas-do-flamengo,18,data/processed/player_season_modeling_v13a.parquet | data/processed/player_season_modeling_v13b_advanced.parquet,,clube-de-regatas-do-flamengo.svg,manual
Dijon,dijon,18,data/processed/player_season_modeling_v13a.parquet | data/processed/player_season_modeling_v13b_advanced.parquet,,dijon.svg,manual
Emmen,emmen,18,data/processed/player_season_modeling_v13a.parquet | data/processed/player_season_modeling_v13b_advanced.parquet,,emmen.svg,manual
Grêmio Foot-Ball Porto Alegrense,gremio-foot-ball-porto-alegrense,18,data/processed/player_season_modeling_v13a.parquet | data/processed/player_season_modeling_v13b_advanced.parquet,,gremio-foot-ball-porto-alegrense.svg,manual
HNK Hajduk Split,hnk-hajduk-split,18,data/processed/player_season_modeling_v13a.parquet | data/processed/player_season_modeling_v13b_advanced.parquet,,hnk-hajduk-split.svg,manual
Hibernian Football Club,hibernian-football-club,18,data/processed/player_season_modeling_v13a.parquet | data/processed/player_season_modeling_v13b_advanced.parquet | reports/dss/global_prospect_universe.csv | reports/tm3_contract_intelligence/contract_intelligence_dataset.csv,,hibernian-football-club.svg,manual
Nîmes,nimes,18,data/processed/player_season_modeling_v13a.parquet | data/processed/player_season_modeling_v13b_advanced.parquet,,nimes.svg,manual
Kocaelispor Kulübü,kocaelispor-kulubu,17,data/processed/player_season_modeling_v13a.parquet | data/processed/player_season_modeling_v13b_advanced.parquet | reports/dss/global_prospect_universe.csv | reports/tm3_contract_intelligence/contract_intelligence_dataset.csv,,kocaelispor-kulubu.svg,manual
New England Revolution,new-england-revolution,17,data/processed/player_season_modeling_v13a.parquet | data/processed/player_season_modeling_v13b_advanced.parquet | reports/dss/global_prospect_universe.csv | reports/tm3_contract_intelligence/contract_intelligence_dataset.csv,,new-england-revolution.svg,manual
Servette Football Club 1890 SA,servette-football-club-1890-sa,17,data/processed/player_season_modeling_v13a.parquet | data/processed/player_season_modeling_v13b_advanced.parquet | reports/dss/global_prospect_universe.csv | reports/tm3_contract_intelligence/contract_intelligence_dataset.csv,,servette-football-club-1890-sa.svg,manual
Turn- und Sportverein Egger Glas Hartberg,turn-und-sportverein-egger-glas-hartberg,17,data/processed/player_season_modeling_v13a.parquet | data/processed/player_season_modeling_v13b_advanced.parquet | reports/dss/global_prospect_universe.csv | reports/tm3_contract_intelligence/contract_intelligence_dataset.csv,,turn-und-sportverein-egger-glas-hartberg.svg,manual
B-SAD,b-sad,16,data/processed/player_season_modeling_v13a.parquet | data/processed/player_season_modeling_v13b_advanced.parquet,,b-sad.svg,manual
CD Lugo,cd-lugo,16,reports/strategy/transfer_portfolio_dataset.csv,,cd-lugo.svg,manual
FK Spartak Moskva,fk-spartak-moskva,16,data/processed/player_season_modeling_v13a.parquet | data/processed/player_season_modeling_v13b_advanced.parquet,,fk-spartak-moskva.svg,manual
Fußballclub Blau-Weiß Linz,fu-ballclub-blau-wei-linz,16,data/processed/player_season_modeling_v13a.parquet | data/processed/player_season_modeling_v13b_advanced.parquet | reports/dss/global_prospect_universe.csv | reports/tm3_contract_intelligence/contract_intelligence_dataset.csv,,fu-ballclub-blau-wei-linz.svg,manual
Gençlerbirliği Spor Kulübü,genclerbirligi-spor-kulubu,16,data/processed/player_season_modeling_v13a.parquet | data/processed/player_season_modeling_v13b_advanced.parquet,,genclerbirligi-spor-kulubu.svg,manual
Lugo,lugo,16,data/processed/player_season_modeling_v13a.parquet | data/processed/player_season_modeling_v13b_advanced.parquet,,lugo.svg,manual
Portimonense,portimonense,16,data/processed/player_season_modeling_v13a.parquet | data/processed/player_season_modeling_v13b_advanced.parquet,,portimonense.svg,manual
Radomiak S.A.,radomiak-s-a,16,data/processed/player_season_modeling_v13a.parquet | data/processed/player_season_modeling_v13b_advanced.parquet,,radomiak-s-a.svg,manual
Rotherham United,rotherham-united,16,data/processed/player_season_modeling_v13a.parquet | data/processed/player_season_modeling_v13b_advanced.parquet,,rotherham-united.svg,manual
Santa Clara,santa-clara,16,data/processed/player_season_modeling_v13a.parquet | data/processed/player_season_modeling_v13b_advanced.parquet,,santa-clara.svg,manual
Sportvereniging Zulte Waregem,sportvereniging-zulte-waregem,16,data/processed/player_season_modeling_v13a.parquet | data/processed/player_season_modeling_v13b_advanced.parquet,,sportvereniging-zulte-waregem.svg,manual
Troyes,troyes,16,data/processed/player_season_modeling_v13a.parquet | data/processed/player_season_modeling_v13b_advanced.parquet,,troyes.svg,manual
Alanyaspor,alanyaspor,15,data/processed/player_season_modeling_v13a.parquet | data/processed/player_season_modeling_v13b_advanced.parquet | reports/dss/global_prospect_universe.csv | reports/tm3_contract_intelligence/contract_intelligence_dataset.csv,,alanyaspor.svg,manual
Legia Warszawa Spółka Akcyjna,legia-warszawa-spo-ka-akcyjna,15,data/processed/player_season_modeling_v13a.parquet | data/processed/player_season_modeling_v13b_advanced.parquet | reports/dss/global_prospect_universe.csv | reports/tm3_contract_intelligence/contract_intelligence_dataset.csv,,legia-warszawa-spo-ka-akcyjna.svg,manual
ADO Den Haag,ado-den-haag,14,data/processed/player_season_modeling_v13a.parquet | data/processed/player_season_modeling_v13b_advanced.parquet,,ado-den-haag.svg,manual
Al-Kholood Club,al-kholood-club,14,data/processed/player_season_modeling_v13a.parquet | data/processed/player_season_modeling_v13b_advanced.parquet,,al-kholood-club.svg,manual
Alverca,alverca,14,data/processed/player_season_modeling_v13a.parquet | data/processed/player_season_modeling_v13b_advanced.parquet,,alverca.svg,manual
Arminia,arminia,14,data/processed/player_season_modeling_v13a.parquet | data/processed/player_season_modeling_v13b_advanced.parquet,,arminia.svg,manual
CS Marítimo,cs-maritimo,14,data/processed/player_season_modeling_v13a.parquet | data/processed/player_season_modeling_v13b_advanced.parquet,,cs-maritimo.svg,manual
Colorado Rapids,colorado-rapids,14,data/processed/player_season_modeling_v13a.parquet | data/processed/player_season_modeling_v13b_advanced.parquet | reports/dss/global_prospect_universe.csv | reports/tm3_contract_intelligence/contract_intelligence_dataset.csv,,colorado-rapids.svg,manual
Excel Mouscron,excel-mouscron,14,data/processed/player_season_modeling_v13a.parquet | data/processed/player_season_modeling_v13b_advanced.parquet,,excel-mouscron.svg,manual
Klub Sportowy Cracovia Spółka Akcyjna,klub-sportowy-cracovia-spo-ka-akcyjna,14,data/processed/player_season_modeling_v13a.parquet | data/processed/player_season_modeling_v13b_advanced.parquet | reports/dss/global_prospect_universe.csv | reports/tm3_contract_intelligence/contract_intelligence_dataset.csv,,klub-sportowy-cracovia-spo-ka-akcyjna.svg,manual
Minnesota United FC,minnesota-united-fc,14,data/processed/player_season_modeling_v13a.parquet | data/processed/player_season_modeling_v13b_advanced.parquet,,minnesota-united-fc.svg,manual
Neom Sports Club,neom-sports-club,14,data/processed/player_season_modeling_v13a.parquet | data/processed/player_season_modeling_v13b_advanced.parquet | reports/dss/global_prospect_universe.csv | reports/tm3_contract_intelligence/contract_intelligence_dataset.csv,,neom-sports-club.svg,manual
Pisa,pisa,14,data/processed/player_season_modeling_v13a.parquet | data/processed/player_season_modeling_v13b_advanced.parquet,,pisa.svg,manual
Plymouth Argyle,plymouth-argyle,14,data/processed/player_season_modeling_v13a.parquet | data/processed/player_season_modeling_v13b_advanced.parquet,,plymouth-argyle.svg,manual
SC Farense,sc-farense,14,data/processed/player_season_modeling_v13a.parquet | data/processed/player_season_modeling_v13b_advanced.parquet,,sc-farense.svg,manual
Hrvatski Nogometni Klub Rijeka,hrvatski-nogometni-klub-rijeka,13,data/processed/player_season_modeling_v13a.parquet | data/processed/player_season_modeling_v13b_advanced.parquet | reports/dss/global_prospect_universe.csv | reports/tm3_contract_intelligence/contract_intelligence_dataset.csv,,hrvatski-nogometni-klub-rijeka.svg,manual
Konyaspor,konyaspor,13,data/processed/player_season_modeling_v13a.parquet | data/processed/player_season_modeling_v13b_advanced.parquet | reports/dss/global_prospect_universe.csv | reports/tm3_contract_intelligence/contract_intelligence_dataset.csv,,konyaspor.svg,manual
Morski Klub Sportowy Pogoń Szczecin,morski-klub-sportowy-pogon-szczecin,13,data/processed/player_season_modeling_v13a.parquet | data/processed/player_season_modeling_v13b_advanced.parquet | reports/dss/global_prospect_universe.csv | reports/tm3_contract_intelligence/contract_intelligence_dataset.csv,,morski-klub-sportowy-pogon-szczecin.svg,manual
RZ Pellets Wolfsberger Athletiksport Club,rz-pellets-wolfsberger-athletiksport-club,13,data/processed/player_season_modeling_v13a.parquet | data/processed/player_season_modeling_v13b_advanced.parquet | reports/dss/global_prospect_universe.csv | reports/tm3_contract_intelligence/contract_intelligence_dataset.csv,,rz-pellets-wolfsberger-athletiksport-club.svg,manual
Andorra,andorra,12,data/processed/player_season_modeling_v13a.parquet | data/processed/player_season_modeling_v13b_advanced.parquet,,andorra.svg,manual
Football Club Lausanne-Sport,football-club-lausanne-sport,12,data/processed/player_season_modeling_v13a.parquet | data/processed/player_season_modeling_v13b_advanced.parquet,,football-club-lausanne-sport.svg,manual
Granada CF,granada-cf,12,data/processed/player_season_modeling_v13a.parquet | data/processed/player_season_modeling_v13b_advanced.parquet,,granada-cf.svg,manual
KAS Eupen,kas-eupen,12,data/processed/player_season_modeling_v13a.parquet | data/processed/player_season_modeling_v13b_advanced.parquet,,kas-eupen.svg,manual
RWDM,rwdm,12,data/processed/player_season_modeling_v13a.parquet | data/processed/player_season_modeling_v13b_advanced.parquet,,rwdm.svg,manual
Real Valladolid CF,real-valladolid-cf,12,data/processed/player_season_modeling_v13a.parquet | data/processed/player_season_modeling_v13b_advanced.parquet,,real-valladolid-cf.svg,manual
St. Louis City Soccer Club,st-louis-city-soccer-club,12,data/processed/player_season_modeling_v13a.parquet | data/processed/player_season_modeling_v13b_advanced.parquet,,st-louis-city-soccer-club.svg,manual
Stade Reims,stade-reims,12,data/processed/player_season_modeling_v13a.parquet | data/processed/player_season_modeling_v13b_advanced.parquet,,stade-reims.svg,manual
Tondela,tondela,12,data/processed/player_season_modeling_v13a.parquet | data/processed/player_season_modeling_v13b_advanced.parquet,,tondela.svg,manual
Toronto FC,toronto-fc,12,data/processed/player_season_modeling_v13a.parquet | data/processed/player_season_modeling_v13b_advanced.parquet,,toronto-fc.svg,manual
Wigan Athletic,wigan-athletic,12,data/processed/player_season_modeling_v13a.parquet | data/processed/player_season_modeling_v13b_advanced.parquet,,wigan-athletic.svg,manual
Wisła Płock Spółka Akcyjna,wis-a-p-ock-spo-ka-akcyjna,12,data/processed/player_season_modeling_v13a.parquet | data/processed/player_season_modeling_v13b_advanced.parquet,,wis-a-p-ock-spo-ka-akcyjna.svg,manual
Çaykur Rizespor Kulübü,caykur-rizespor-kulubu,12,data/processed/player_season_modeling_v13a.parquet | data/processed/player_season_modeling_v13b_advanced.parquet,,caykur-rizespor-kulubu.svg,manual
AVS Futebol SAD,avs-futebol-sad,11,data/processed/player_season_modeling_v13a.parquet | data/processed/player_season_modeling_v13b_advanced.parquet | reports/dss/global_prospect_universe.csv | reports/tm3_contract_intelligence/contract_intelligence_dataset.csv,,avs-futebol-sad.svg,manual
Club de Regatas Vasco da Gama,club-de-regatas-vasco-da-gama,11,data/processed/player_season_modeling_v13a.parquet | data/processed/player_season_modeling_v13b_advanced.parquet | reports/dss/global_prospect_universe.csv | reports/tm3_contract_intelligence/contract_intelligence_dataset.csv,,club-de-regatas-vasco-da-gama.svg,manual
Sociedade Esportiva Palmeiras,sociedade-esportiva-palmeiras,11,data/processed/player_season_modeling_v13a.parquet | data/processed/player_season_modeling_v13b_advanced.parquet | reports/dss/global_prospect_universe.csv | reports/tm3_contract_intelligence/contract_intelligence_dataset.csv,,sociedade-esportiva-palmeiras.svg,manual
A.G.S Asteras Tripolis,a-g-s-asteras-tripolis,10,data/processed/player_season_modeling_v13a.parquet | data/processed/player_season_modeling_v13b_advanced.parquet | reports/dss/global_prospect_universe.csv | reports/tm3_contract_intelligence/contract_intelligence_dataset.csv,,a-g-s-asteras-tripolis.svg,manual
Albacete,albacete,10,data/processed/player_season_modeling_v13a.parquet | data/processed/player_season_modeling_v13b_advanced.parquet,,albacete.svg,manual
Atlanta United Football Club,atlanta-united-football-club,10,data/processed/player_season_modeling_v13a.parquet | data/processed/player_season_modeling_v13b_advanced.parquet,,atlanta-united-football-club.svg,manual
Club Santos Laguna S. A. de C. V.,club-santos-laguna-s-a-de-c-v,10,data/processed/player_season_modeling_v13a.parquet | data/processed/player_season_modeling_v13b_advanced.parquet,,club-santos-laguna-s-a-de-c-v.svg,manual
Clube Desportivo Santa Clara,clube-desportivo-santa-clara,10,data/processed/player_season_modeling_v13a.parquet | data/processed/player_season_modeling_v13b_advanced.parquet,,clube-desportivo-santa-clara.svg,manual
Cremonese,cremonese,10,data/processed/player_season_modeling_v13a.parquet | data/processed/player_season_modeling_v13b_advanced.parquet,,cremonese.svg,manual
Cruzeiro Esporte Clube,cruzeiro-esporte-clube,10,data/processed/player_season_modeling_v13a.parquet | data/processed/player_season_modeling_v13b_advanced.parquet,,cruzeiro-esporte-clube.svg,manual
Eibar,eibar,10,data/processed/player_season_modeling_v13a.parquet | data/processed/player_season_modeling_v13b_advanced.parquet,,eibar.svg,manual
Fußballklub Austria Wien,fu-ballklub-austria-wien,10,data/processed/player_season_modeling_v13a.parquet | data/processed/player_season_modeling_v13b_advanced.parquet,,fu-ballklub-austria-wien.svg,manual
Greuther Fürth,greuther-furth,10,data/processed/player_season_modeling_v13a.parquet | data/processed/player_season_modeling_v13b_advanced.parquet,,greuther-furth.svg,manual
Hamburger SV,hamburger-sv,10,data/processed/player_season_modeling_v13a.parquet | data/processed/player_season_modeling_v13b_advanced.parquet,,hamburger-sv.svg,manual
Hammarby IF,hammarby-if,10,data/processed/player_season_modeling_v13a.parquet | data/processed/player_season_modeling_v13b_advanced.parquet,,hammarby-if.svg,manual
KKS Lech Poznań Spółka Akcyjna,kks-lech-poznan-spo-ka-akcyjna,10,data/processed/player_season_modeling_v13a.parquet | data/processed/player_season_modeling_v13b_advanced.parquet,,kks-lech-poznan-spo-ka-akcyjna.svg,manual
Omilos Filathlon Irakliou FC,omilos-filathlon-irakliou-fc,10,data/processed/player_season_modeling_v13a.parquet | data/processed/player_season_modeling_v13b_advanced.parquet,,omilos-filathlon-irakliou-fc.svg,manual
Ponferradina,ponferradina,10,data/processed/player_season_modeling_v13a.parquet | data/processed/player_season_modeling_v13b_advanced.parquet,,ponferradina.svg,manual
VVV-Venlo,vvv-venlo,10,data/processed/player_season_modeling_v13a.parquet | data/processed/player_season_modeling_v13b_advanced.parquet,,vvv-venlo.svg,manual
Al-Qadsiah Saudi Football Club,al-qadsiah-saudi-football-club,9,data/processed/player_season_modeling_v13a.parquet | data/processed/player_season_modeling_v13b_advanced.parquet | reports/dss/global_prospect_universe.csv | reports/tm3_contract_intelligence/contract_intelligence_dataset.csv,,al-qadsiah-saudi-football-club.svg,manual
Club Estudiantes de La Plata,club-estudiantes-de-la-plata,9,data/processed/player_season_modeling_v13a.parquet | data/processed/player_season_modeling_v13b_advanced.parquet | reports/dss/global_prospect_universe.csv | reports/tm3_contract_intelligence/contract_intelligence_dataset.csv,,club-estudiantes-de-la-plata.svg,manual
FC Sion,fc-sion,9,data/processed/player_season_modeling_v13a.parquet | data/processed/player_season_modeling_v13b_advanced.parquet | reports/dss/global_prospect_universe.csv | reports/tm3_contract_intelligence/contract_intelligence_dataset.csv,,fc-sion.svg,manual
Gaziantep Futbol Kulübü A.Ş.,gaziantep-futbol-kulubu-a-s,9,data/processed/player_season_modeling_v13a.parquet | data/processed/player_season_modeling_v13b_advanced.parquet | reports/dss/global_prospect_universe.csv | reports/tm3_contract_intelligence/contract_intelligence_dataset.csv,,gaziantep-futbol-kulubu-a-s.svg,manual
Grasshopper Club Zürich,grasshopper-club-zurich,9,data/processed/player_season_modeling_v13a.parquet | data/processed/player_season_modeling_v13b_advanced.parquet | reports/dss/global_prospect_universe.csv | reports/tm3_contract_intelligence/contract_intelligence_dataset.csv,,grasshopper-club-zurich.svg,manual
Göztepe Sportif Yatırımlar A.Ş.,goztepe-sportif-yat-r-mlar-a-s,9,data/processed/player_season_modeling_v13a.parquet | data/processed/player_season_modeling_v13b_advanced.parquet | reports/dss/global_prospect_universe.csv | reports/tm3_contract_intelligence/contract_intelligence_dataset.csv,,goztepe-sportif-yat-r-mlar-a-s.svg,manual
Panthessalonikios Athlitikos Omilos Konstantinoupoliton,panthessalonikios-athlitikos-omilos-konstantinoupoliton,9,data/processed/player_season_modeling_v13a.parquet | data/processed/player_season_modeling_v13b_advanced.parquet | reports/dss/global_prospect_universe.csv | reports/tm3_contract_intelligence/contract_intelligence_dataset.csv,,panthessalonikios-athlitikos-omilos-konstantinoupoliton.svg,manual
AS Cittadella,as-cittadella,8,reports/strategy/transfer_portfolio_dataset.csv,,as-cittadella.svg,manual
Admira Wacker Mödling,admira-wacker-modling,8,data/processed/player_season_modeling_v13a.parquet | data/processed/player_season_modeling_v13b_advanced.parquet,,admira-wacker-modling.svg,manual
Al-Fateh Club,al-fateh-club,8,data/processed/player_season_modeling_v13a.parquet | data/processed/player_season_modeling_v13b_advanced.parquet,,al-fateh-club.svg,manual
Brescia,brescia,8,data/processed/player_season_modeling_v13a.parquet | data/processed/player_season_modeling_v13b_advanced.parquet,,brescia.svg,manual
Cartagena,cartagena,8,data/processed/player_season_modeling_v13a.parquet | data/processed/player_season_modeling_v13b_advanced.parquet,,cartagena.svg,manual
Charlton Athletic,charlton-athletic,8,data/processed/player_season_modeling_v13a.parquet | data/processed/player_season_modeling_v13b_advanced.parquet,,charlton-athletic.svg,manual
Cádiz CF,cadiz-cf,8,data/processed/player_season_modeling_v13a.parquet | data/processed/player_season_modeling_v13b_advanced.parquet,,cadiz-cf.svg,manual
FC Oleksandriya,fc-oleksandriya,8,data/processed/player_season_modeling_v13a.parquet | data/processed/player_season_modeling_v13b_advanced.parquet,,fc-oleksandriya.svg,manual
FC Rubin Kazan,fc-rubin-kazan,8,data/processed/player_season_modeling_v13a.parquet | data/processed/player_season_modeling_v13b_advanced.parquet,,fc-rubin-kazan.svg,manual
"FC Viktoria Plzeň, a.s.",fc-viktoria-plzen-a-s,8,data/processed/player_season_modeling_v13a.parquet | data/processed/player_season_modeling_v13b_advanced.parquet,,fc-viktoria-plzen-a-s.svg,manual
FC Vizela,fc-vizela,8,data/processed/player_season_modeling_v13a.parquet | data/processed/player_season_modeling_v13b_advanced.parquet,,fc-vizela.svg,manual
Football Club Cincinnati,football-club-cincinnati,8,data/processed/player_season_modeling_v13a.parquet | data/processed/player_season_modeling_v13b_advanced.parquet,,football-club-cincinnati.svg,manual
Fotballklubben Bodø/Glimt,fotballklubben-bod-glimt,8,data/processed/player_season_modeling_v13a.parquet | data/processed/player_season_modeling_v13b_advanced.parquet,,fotballklubben-bod-glimt.svg,manual
Fútbol Club Juárez,futbol-club-juarez,8,data/processed/player_season_modeling_v13a.parquet | data/processed/player_season_modeling_v13b_advanced.parquet,,futbol-club-juarez.svg,manual
Ibiza,ibiza,8,data/processed/player_season_modeling_v13a.parquet | data/processed/player_season_modeling_v13b_advanced.parquet,,ibiza.svg,manual
Kasımpaşa A.Ş.,kas-mpasa-a-s,8,data/processed/player_season_modeling_v13a.parquet | data/processed/player_season_modeling_v13b_advanced.parquet,,kas-mpasa-a-s.svg,manual
La Louvière,la-louviere,8,data/processed/player_season_modeling_v13a.parquet | data/processed/player_season_modeling_v13b_advanced.parquet,,la-louviere.svg,manual
Málaga,malaga,8,data/processed/player_season_modeling_v13a.parquet | data/processed/player_season_modeling_v13b_advanced.parquet,,malaga.svg,manual
Panetolikos Agrinio,panetolikos-agrinio,8,data/processed/player_season_modeling_v13a.parquet | data/processed/player_season_modeling_v13b_advanced.parquet,,panetolikos-agrinio.svg,manual
Ried,ried,8,data/processed/player_season_modeling_v13a.parquet | data/processed/player_season_modeling_v13b_advanced.parquet,,ried.svg,manual
S. A. F. Botafogo,s-a-f-botafogo,8,data/processed/player_season_modeling_v13a.parquet | data/processed/player_season_modeling_v13b_advanced.parquet,,s-a-f-botafogo.svg,manual
SC Dinamo 1948 SA,sc-dinamo-1948-sa,8,data/processed/player_season_modeling_v13a.parquet | data/processed/player_season_modeling_v13b_advanced.parquet,,sc-dinamo-1948-sa.svg,manual
SD Huesca,sd-huesca,8,data/processed/player_season_modeling_v13a.parquet | data/processed/player_season_modeling_v13b_advanced.parquet,,sd-huesca.svg,manual
SPAL,spal,8,data/processed/player_season_modeling_v13a.parquet | data/processed/player_season_modeling_v13b_advanced.parquet,,spal.svg,manual
Seraing,seraing,8,data/processed/player_season_modeling_v13a.parquet | data/processed/player_season_modeling_v13b_advanced.parquet,,seraing.svg,manual
Spezia Calcio,spezia-calcio,8,data/processed/player_season_modeling_v13a.parquet | data/processed/player_season_modeling_v13b_advanced.parquet,,spezia-calcio.svg,manual
Sport Club Internacional,sport-club-internacional,8,data/processed/player_season_modeling_v13a.parquet | data/processed/player_season_modeling_v13b_advanced.parquet,,sport-club-internacional.svg,manual
Sporting Kansas City,sporting-kansas-city,8,data/processed/player_season_modeling_v13a.parquet | data/processed/player_season_modeling_v13b_advanced.parquet,,sporting-kansas-city.svg,manual
US Salernitana 1919,us-salernitana-1919,8,data/processed/player_season_modeling_v13a.parquet | data/processed/player_season_modeling_v13b_advanced.parquet,,us-salernitana-1919.svg,manual
Vizela,vizela,8,data/processed/player_season_modeling_v13a.parquet | data/processed/player_season_modeling_v13b_advanced.parquet,,vizela.svg,manual
Al-Najma Sport Club,al-najma-sport-club,7,data/processed/player_season_modeling_v13a.parquet | data/processed/player_season_modeling_v13b_advanced.parquet | reports/dss/global_prospect_universe.csv | reports/tm3_contract_intelligence/contract_intelligence_dataset.csv,,al-najma-sport-club.svg,manual
Club Atlético Rosario Central,club-atletico-rosario-central,7,data/processed/player_season_modeling_v13a.parquet | data/processed/player_season_modeling_v13b_advanced.parquet | reports/dss/global_prospect_universe.csv | reports/tm3_contract_intelligence/contract_intelligence_dataset.csv,,club-atletico-rosario-central.svg,manual
Club Internacional de Fútbol Miami,club-internacional-de-futbol-miami,7,data/processed/player_season_modeling_v13a.parquet | data/processed/player_season_modeling_v13b_advanced.parquet | reports/dss/global_prospect_universe.csv | reports/tm3_contract_intelligence/contract_intelligence_dataset.csv,,club-internacional-de-futbol-miami.svg,manual
AO FK Zenit Sankt-Peterburg,ao-fk-zenit-sankt-peterburg,6,data/processed/player_season_modeling_v13a.parquet | data/processed/player_season_modeling_v13b_advanced.parquet,,ao-fk-zenit-sankt-peterburg.svg,manual
Aalborg BK,aalborg-bk,6,data/processed/player_season_modeling_v13a.parquet | data/processed/player_season_modeling_v13b_advanced.parquet,,aalborg-bk.svg,manual
Al-Shabab Club,al-shabab-club,6,data/processed/player_season_modeling_v13a.parquet | data/processed/player_season_modeling_v13b_advanced.parquet,,al-shabab-club.svg,manual
Antalyaspor,antalyaspor,6,data/processed/player_season_modeling_v13a.parquet | data/processed/player_season_modeling_v13b_advanced.parquet,,antalyaspor.svg,manual
Athlitiki Enosi Larisas,athlitiki-enosi-larisas,6,data/processed/player_season_modeling_v13a.parquet | data/processed/player_season_modeling_v13b_advanced.parquet,,athlitiki-enosi-larisas.svg,manual
CF Fuenlabrada,cf-fuenlabrada,6,data/processed/player_season_modeling_v13a.parquet | data/processed/player_season_modeling_v13b_advanced.parquet,,cf-fuenlabrada.svg,manual
Chaves,chaves,6,data/processed/player_season_modeling_v13a.parquet | data/processed/player_season_modeling_v13b_advanced.parquet,,chaves.svg,manual
Clermont Foot 63,clermont-foot-63,6,data/processed/player_season_modeling_v13a.parquet | data/processed/player_season_modeling_v13b_advanced.parquet,,clermont-foot-63.svg,manual
Club Atlético River Plate,club-atletico-river-plate,6,data/processed/player_season_modeling_v13a.parquet | data/processed/player_season_modeling_v13b_advanced.parquet,,club-atletico-river-plate.svg,manual
Club Tigres UANL Sinergia Deportiva S.A. de C.V.,club-tigres-uanl-sinergia-deportiva-s-a-de-c-v,6,data/processed/player_season_modeling_v13a.parquet | data/processed/player_season_modeling_v13b_advanced.parquet,,club-tigres-uanl-sinergia-deportiva-s-a-de-c-v.svg,manual
Crotone,crotone,6,data/processed/player_season_modeling_v13a.parquet | data/processed/player_season_modeling_v13b_advanced.parquet,,crotone.svg,manual
Cádiz,cadiz,6,data/processed/player_season_modeling_v13a.parquet | data/processed/player_season_modeling_v13b_advanced.parquet,,cadiz.svg,manual
Dep La Coruña,dep-la-coruna,6,data/processed/player_season_modeling_v13a.parquet | data/processed/player_season_modeling_v13b_advanced.parquet,,dep-la-coruna.svg,manual
Dundee Football Club,dundee-football-club,6,data/processed/player_season_modeling_v13a.parquet | data/processed/player_season_modeling_v13b_advanced.parquet,,dundee-football-club.svg,manual
Esporte Clube Vitória,esporte-clube-vitoria,6,data/processed/player_season_modeling_v13a.parquet | data/processed/player_season_modeling_v13b_advanced.parquet,,esporte-clube-vitoria.svg,manual
FC Schalke 04,fc-schalke-04,6,data/processed/player_season_modeling_v13a.parquet | data/processed/player_season_modeling_v13b_advanced.parquet,,fc-schalke-04.svg,manual
Farense,farense,6,data/processed/player_season_modeling_v13a.parquet | data/processed/player_season_modeling_v13b_advanced.parquet,,farense.svg,manual
Fudbalski Klub Partizan Beograd,fudbalski-klub-partizan-beograd,6,data/processed/player_season_modeling_v13a.parquet | data/processed/player_season_modeling_v13b_advanced.parquet,,fudbalski-klub-partizan-beograd.svg,manual
Fudbalski Klub Spartak Ždrepčeva krv,fudbalski-klub-spartak-zdrepceva-krv,6,data/processed/player_season_modeling_v13a.parquet | data/processed/player_season_modeling_v13b_advanced.parquet,,fudbalski-klub-spartak-zdrepceva-krv.svg,manual
Fudbalski klub Crvena zvezda Beograd,fudbalski-klub-crvena-zvezda-beograd,6,data/processed/player_season_modeling_v13a.parquet | data/processed/player_season_modeling_v13b_advanced.parquet,,fudbalski-klub-crvena-zvezda-beograd.svg,manual
Fudbalski klub Čukarički Beograd,fudbalski-klub-cukaricki-beograd,6,data/processed/player_season_modeling_v13a.parquet | data/processed/player_season_modeling_v13b_advanced.parquet,,fudbalski-klub-cukaricki-beograd.svg,manual
Grazer Athletiksport Klub 1902,grazer-athletiksport-klub-1902,6,data/processed/player_season_modeling_v13a.parquet | data/processed/player_season_modeling_v13b_advanced.parquet,,grazer-athletiksport-klub-1902.svg,manual
Heart of Midlothian Football Club,heart-of-midlothian-football-club,6,data/processed/player_season_modeling_v13a.parquet | data/processed/player_season_modeling_v13b_advanced.parquet,,heart-of-midlothian-football-club.svg,manual
Houston Dynamo,houston-dynamo,6,data/processed/player_season_modeling_v13a.parquet | data/processed/player_season_modeling_v13b_advanced.parquet,,houston-dynamo.svg,manual
Internacional de Bogotá,internacional-de-bogota,6,data/processed/player_season_modeling_v13a.parquet | data/processed/player_season_modeling_v13b_advanced.parquet,,internacional-de-bogota.svg,manual
Los Angeles Galaxy,los-angeles-galaxy,6,data/processed/player_season_modeling_v13a.parquet | data/processed/player_season_modeling_v13b_advanced.parquet,,los-angeles-galaxy.svg,manual
Middlesbrough FC,middlesbrough-fc,6,data/processed/player_season_modeling_v13a.parquet | data/processed/player_season_modeling_v13b_advanced.parquet,,middlesbrough-fc.svg,manual
New York City Football Club,new-york-city-football-club,6,data/processed/player_season_modeling_v13a.parquet | data/processed/player_season_modeling_v13b_advanced.parquet,,new-york-city-football-club.svg,manual
Queens Park Rangers,queens-park-rangers,6,data/processed/player_season_modeling_v13a.parquet | data/processed/player_season_modeling_v13b_advanced.parquet,,queens-park-rangers.svg,manual
Red Bull Bragantino,red-bull-bragantino,6,data/processed/player_season_modeling_v13a.parquet | data/processed/player_season_modeling_v13b_advanced.parquet | reports/dss/global_prospect_universe.csv | reports/tm3_contract_intelligence/contract_intelligence_dataset.csv,,red-bull-bragantino.svg,manual
Ross County FC,ross-county-fc,6,data/processed/player_season_modeling_v13a.parquet | data/processed/player_season_modeling_v13b_advanced.parquet,,ross-county-fc.svg,manual
SV Darmstadt 98,sv-darmstadt-98,6,data/processed/player_season_modeling_v13a.parquet | data/processed/player_season_modeling_v13b_advanced.parquet,,sv-darmstadt-98.svg,manual
Saint Mirren Football Club,saint-mirren-football-club,6,data/processed/player_season_modeling_v13a.parquet | data/processed/player_season_modeling_v13b_advanced.parquet,,saint-mirren-football-club.svg,manual
St. Pölten,st-polten,6,data/processed/player_season_modeling_v13a.parquet | data/processed/player_season_modeling_v13b_advanced.parquet,,st-polten.svg,manual
Viborg Fodsports Forening,viborg-fodsports-forening,6,data/processed/player_season_modeling_v13a.parquet | data/processed/player_season_modeling_v13b_advanced.parquet,,viborg-fodsports-forening.svg,manual
BK Häcken,bk-hacken,5,data/processed/player_season_modeling_v13a.parquet | data/processed/player_season_modeling_v13b_advanced.parquet | reports/dss/global_prospect_universe.csv | reports/tm3_contract_intelligence/contract_intelligence_dataset.csv,,bk-hacken.svg,manual
Clube Atlético Paranaense,clube-atletico-paranaense,5,data/processed/player_season_modeling_v13a.parquet | data/processed/player_season_modeling_v13b_advanced.parquet | reports/dss/global_prospect_universe.csv | reports/tm3_contract_intelligence/contract_intelligence_dataset.csv,,clube-atletico-paranaense.svg,manual
Querétaro Fútbol Club,queretaro-futbol-club,5,data/processed/player_season_modeling_v13a.parquet | data/processed/player_season_modeling_v13b_advanced.parquet | reports/dss/global_prospect_universe.csv | reports/tm3_contract_intelligence/contract_intelligence_dataset.csv,,queretaro-futbol-club.svg,manual
"SK Sigma Olomouc, a.s.",sk-sigma-olomouc-a-s,5,data/processed/player_season_modeling_v13a.parquet | data/processed/player_season_modeling_v13b_advanced.parquet | reports/dss/global_prospect_universe.csv | reports/tm3_contract_intelligence/contract_intelligence_dataset.csv,,sk-sigma-olomouc-a-s.svg,manual
ACSM Politehnica Iasi,acsm-politehnica-iasi,4,data/processed/player_season_modeling_v13a.parquet | data/processed/player_season_modeling_v13b_advanced.parquet,,acsm-politehnica-iasi.svg,manual
Aarhus Gymnastik Forening,aarhus-gymnastik-forening,4,data/processed/player_season_modeling_v13a.parquet | data/processed/player_season_modeling_v13b_advanced.parquet,,aarhus-gymnastik-forening.svg,manual
Al-Fayha FC,al-fayha-fc,4,data/processed/player_season_modeling_v13a.parquet | data/processed/player_season_modeling_v13b_advanced.parquet,,al-fayha-fc.svg,manual
Al-Orobah FC,al-orobah-fc,4,data/processed/player_season_modeling_v13a.parquet | data/processed/player_season_modeling_v13b_advanced.parquet,,al-orobah-fc.svg,manual
Al-Taawoun Football Club,al-taawoun-football-club,4,data/processed/player_season_modeling_v13a.parquet | data/processed/player_season_modeling_v13b_advanced.parquet,,al-taawoun-football-club.svg,manual
Allmänna Idrottsklubben,allmanna-idrottsklubben,4,data/processed/player_season_modeling_v13a.parquet | data/processed/player_season_modeling_v13b_advanced.parquet,,allmanna-idrottsklubben.svg,manual
Benevento,benevento,4,data/processed/player_season_modeling_v13a.parquet | data/processed/player_season_modeling_v13b_advanced.parquet,,benevento.svg,manual
Bodrum FK,bodrum-fk,4,data/processed/player_season_modeling_v13a.parquet | data/processed/player_season_modeling_v13b_advanced.parquet,,bodrum-fk.svg,manual
Brescia Calcio,brescia-calcio,4,data/processed/player_season_modeling_v13a.parquet | data/processed/player_season_modeling_v13b_advanced.parquet,,brescia-calcio.svg,manual
Cambuur,cambuur,4,data/processed/player_season_modeling_v13a.parquet | data/processed/player_season_modeling_v13b_advanced.parquet,,cambuur.svg,manual
Club Atlético Talleres,club-atletico-talleres,4,data/processed/player_season_modeling_v13a.parquet | data/processed/player_season_modeling_v13b_advanced.parquet,,club-atletico-talleres.svg,manual
Club de Fútbol Monterrey Rayados A.C.,club-de-futbol-monterrey-rayados-a-c,4,data/processed/player_season_modeling_v13a.parquet | data/processed/player_season_modeling_v13b_advanced.parquet,,club-de-futbol-monterrey-rayados-a-c.svg,manual
Córdoba CF,cordoba-cf,4,data/processed/player_season_modeling_v13a.parquet | data/processed/player_season_modeling_v13b_advanced.parquet,,cordoba-cf.svg,manual
Darmstadt 98,darmstadt-98,4,data/processed/player_season_modeling_v13a.parquet | data/processed/player_season_modeling_v13b_advanced.parquet,,darmstadt-98.svg,manual
Dundee United Football Club,dundee-united-football-club,4,data/processed/player_season_modeling_v13a.parquet | data/processed/player_season_modeling_v13b_advanced.parquet,,dundee-united-football-club.svg,manual
Düsseldorf,dusseldorf,4,data/processed/player_season_modeling_v13a.parquet | data/processed/player_season_modeling_v13b_advanced.parquet,,dusseldorf.svg,manual
Esporte Clube Bahia,esporte-clube-bahia,4,data/processed/player_season_modeling_v13a.parquet | data/processed/player_season_modeling_v13b_advanced.parquet,,esporte-clube-bahia.svg,manual
Esporte Clube Juventude,esporte-clube-juventude,4,data/processed/player_season_modeling_v13a.parquet | data/processed/player_season_modeling_v13b_advanced.parquet,,esporte-clube-juventude.svg,manual
Eyüp Spor Kulübü,eyup-spor-kulubu,4,data/processed/player_season_modeling_v13a.parquet | data/processed/player_season_modeling_v13b_advanced.parquet,,eyup-spor-kulubu.svg,manual
FC Crotone,fc-crotone,4,data/processed/player_season_modeling_v13a.parquet | data/processed/player_season_modeling_v13b_advanced.parquet,,fc-crotone.svg,manual
FC Dallas,fc-dallas,4,data/processed/player_season_modeling_v13a.parquet | data/processed/player_season_modeling_v13b_advanced.parquet,,fc-dallas.svg,manual
FC Paços de Ferreira,fc-pacos-de-ferreira,4,data/processed/player_season_modeling_v13a.parquet | data/processed/player_season_modeling_v13b_advanced.parquet,,fc-pacos-de-ferreira.svg,manual
FK Dukla Praha a.s.,fk-dukla-praha-a-s,4,data/processed/player_season_modeling_v13a.parquet | data/processed/player_season_modeling_v13b_advanced.parquet,,fk-dukla-praha-a-s.svg,manual
Fodbold Club Midtjylland,fodbold-club-midtjylland,4,data/processed/player_season_modeling_v13a.parquet | data/processed/player_season_modeling_v13b_advanced.parquet,,fodbold-club-midtjylland.svg,manual
Fotbal Club Petrolul Ploiești,fotbal-club-petrolul-ploiesti,4,data/processed/player_season_modeling_v13a.parquet | data/processed/player_season_modeling_v13b_advanced.parquet,,fotbal-club-petrolul-ploiesti.svg,manual
Fudbalski Klub IMT Novi Beograd,fudbalski-klub-imt-novi-beograd,4,data/processed/player_season_modeling_v13a.parquet | data/processed/player_season_modeling_v13b_advanced.parquet,,fudbalski-klub-imt-novi-beograd.svg,manual
Fudbalski Klub Radnički Niš,fudbalski-klub-radnicki-nis,4,data/processed/player_season_modeling_v13a.parquet | data/processed/player_season_modeling_v13b_advanced.parquet,,fudbalski-klub-radnicki-nis.svg,manual
Gliwicki Klub Sportowy Piast Spółka Akcyjna,gliwicki-klub-sportowy-piast-spo-ka-akcyjna,4,data/processed/player_season_modeling_v13a.parquet | data/processed/player_season_modeling_v13b_advanced.parquet,,gliwicki-klub-sportowy-piast-spo-ka-akcyjna.svg,manual
Independiente Santa Fe,independiente-santa-fe,4,data/processed/player_season_modeling_v13a.parquet | data/processed/player_season_modeling_v13b_advanced.parquet,,independiente-santa-fe.svg,manual
Kayserispor Kulübü,kayserispor-kulubu,4,data/processed/player_season_modeling_v13a.parquet | data/processed/player_season_modeling_v13b_advanced.parquet,,kayserispor-kulubu.svg,manual
Kilmarnock Football Club,kilmarnock-football-club,4,data/processed/player_season_modeling_v13a.parquet | data/processed/player_season_modeling_v13b_advanced.parquet,,kilmarnock-football-club.svg,manual
Klub Sportowy Górnik Zabrze Sportowa Spółka Akcyjna,klub-sportowy-gornik-zabrze-sportowa-spo-ka-akcyjna,4,data/processed/player_season_modeling_v13a.parquet | data/processed/player_season_modeling_v13b_advanced.parquet,,klub-sportowy-gornik-zabrze-sportowa-spo-ka-akcyjna.svg,manual
Los Angeles Football Club,los-angeles-football-club,4,data/processed/player_season_modeling_v13a.parquet | data/processed/player_season_modeling_v13b_advanced.parquet,,los-angeles-football-club.svg,manual
Morski Związkowy Klub Sportowy Arka Gdynia Spółka Akcyjna,morski-zwiazkowy-klub-sportowy-arka-gdynia-spo-ka-akcyjna,4,data/processed/player_season_modeling_v13a.parquet | data/processed/player_season_modeling_v13b_advanced.parquet,,morski-zwiazkowy-klub-sportowy-arka-gdynia-spo-ka-akcyjna.svg,manual
Nashville SC,nashville-sc,4,data/processed/player_season_modeling_v13a.parquet | data/processed/player_season_modeling_v13b_advanced.parquet,,nashville-sc.svg,manual
Orlando City Soccer Club,orlando-city-soccer-club,4,data/processed/player_season_modeling_v13a.parquet | data/processed/player_season_modeling_v13b_advanced.parquet,,orlando-city-soccer-club.svg,manual
Paderborn 07,paderborn-07,4,data/processed/player_season_modeling_v13a.parquet | data/processed/player_season_modeling_v13b_advanced.parquet,,paderborn-07.svg,manual
Portimonense SC,portimonense-sc,4,data/processed/player_season_modeling_v13a.parquet | data/processed/player_season_modeling_v13b_advanced.parquet,,portimonense-sc.svg,manual
Portland Timbers,portland-timbers,4,data/processed/player_season_modeling_v13a.parquet | data/processed/player_season_modeling_v13b_advanced.parquet,,portland-timbers.svg,manual
RFC Seraing,rfc-seraing,4,data/processed/player_season_modeling_v13a.parquet | data/processed/player_season_modeling_v13b_advanced.parquet,,rfc-seraing.svg,manual
Racing Club Asociación Civil de Avellaneda,racing-club-asociacion-civil-de-avellaneda,4,data/processed/player_season_modeling_v13a.parquet | data/processed/player_season_modeling_v13b_advanced.parquet,,racing-club-asociacion-civil-de-avellaneda.svg,manual
SC Austria Lustenau,sc-austria-lustenau,4,data/processed/player_season_modeling_v13a.parquet | data/processed/player_season_modeling_v13b_advanced.parquet,,sc-austria-lustenau.svg,manual
SK Beveren,sk-beveren,4,data/processed/player_season_modeling_v13a.parquet | data/processed/player_season_modeling_v13b_advanced.parquet,,sk-beveren.svg,manual
Santos Futebol Clube,santos-futebol-clube,4,data/processed/player_season_modeling_v13a.parquet | data/processed/player_season_modeling_v13b_advanced.parquet,,santos-futebol-clube.svg,manual
Silkeborg Idrætsforening,silkeborg-idr-tsforening,4,data/processed/player_season_modeling_v13a.parquet | data/processed/player_season_modeling_v13b_advanced.parquet,,silkeborg-idr-tsforening.svg,manual
Sportclub Telstar,sportclub-telstar,4,data/processed/player_season_modeling_v13a.parquet | data/processed/player_season_modeling_v13b_advanced.parquet,,sportclub-telstar.svg,manual
Sportvereinigung Ried 1912,sportvereinigung-ried-1912,4,data/processed/player_season_modeling_v13a.parquet | data/processed/player_season_modeling_v13b_advanced.parquet,,sportvereinigung-ried-1912.svg,manual
São Paulo Futebol Clube,sao-paulo-futebol-clube,4,data/processed/player_season_modeling_v13a.parquet | data/processed/player_season_modeling_v13b_advanced.parquet,,sao-paulo-futebol-clube.svg,manual
Telstar,telstar,4,data/processed/player_season_modeling_v13a.parquet | data/processed/player_season_modeling_v13b_advanced.parquet,,telstar.svg,manual
VfL Bochum,vfl-bochum,4,data/processed/player_season_modeling_v13a.parquet | data/processed/player_season_modeling_v13b_advanced.parquet,,vfl-bochum.svg,manual
Viking Fotballklubb,viking-fotballklubb,4,data/processed/player_season_modeling_v13a.parquet | data/processed/player_season_modeling_v13b_advanced.parquet,,viking-fotballklubb.svg,manual
Zelvia,zelvia,4,data/processed/player_season_modeling_v13a.parquet | data/processed/player_season_modeling_v13b_advanced.parquet,,zelvia.svg,manual
1. FC Slovácko,1-fc-slovacko,2,data/processed/player_season_modeling_v13a.parquet | data/processed/player_season_modeling_v13b_advanced.parquet,,1-fc-slovacko.svg,manual
AC Ajaccio,ac-ajaccio,2,data/processed/player_season_modeling_v13a.parquet | data/processed/player_season_modeling_v13b_advanced.parquet,,ac-ajaccio.svg,manual
ASFC Buzau (2016-2025),asfc-buzau-2016-2025,2,data/processed/player_season_modeling_v13a.parquet | data/processed/player_season_modeling_v13b_advanced.parquet,,asfc-buzau-2016-2025.svg,manual
Ajaccio,ajaccio,2,data/processed/player_season_modeling_v13a.parquet | data/processed/player_season_modeling_v13b_advanced.parquet,,ajaccio.svg,manual
Al-Ettifaq Football Club,al-ettifaq-football-club,2,data/processed/player_season_modeling_v13a.parquet | data/processed/player_season_modeling_v13b_advanced.parquet,,al-ettifaq-football-club.svg,manual
Al-Okhdood Club,al-okhdood-club,2,data/processed/player_season_modeling_v13a.parquet | data/processed/player_season_modeling_v13b_advanced.parquet,,al-okhdood-club.svg,manual
Alcorcón,alcorcon,2,data/processed/player_season_modeling_v13a.parquet | data/processed/player_season_modeling_v13b_advanced.parquet,,alcorcon.svg,manual
Amiens,amiens,2,data/processed/player_season_modeling_v13a.parquet | data/processed/player_season_modeling_v13b_advanced.parquet,,amiens.svg,manual
Amiens SC,amiens-sc,2,data/processed/player_season_modeling_v13a.parquet | data/processed/player_season_modeling_v13b_advanced.parquet,,amiens-sc.svg,manual
Asociația Clubul Sportiv Campionii Fotbal Club Argeș,asociatia-clubul-sportiv-campionii-fotbal-club-arges,2,data/processed/player_season_modeling_v13a.parquet | data/processed/player_season_modeling_v13b_advanced.parquet,,asociatia-clubul-sportiv-campionii-fotbal-club-arges.svg,manual
Asociația Fotbal Club UTA Arad,asociatia-fotbal-club-uta-arad,2,data/processed/player_season_modeling_v13a.parquet | data/processed/player_season_modeling_v13b_advanced.parquet,,asociatia-fotbal-club-uta-arad.svg,manual
Atlético Bucaramanga,atletico-bucaramanga,2,data/processed/player_season_modeling_v13a.parquet | data/processed/player_season_modeling_v13b_advanced.parquet,,atletico-bucaramanga.svg,manual
Auckland Football Club,auckland-football-club,2,data/processed/player_season_modeling_v13a.parquet | data/processed/player_season_modeling_v13b_advanced.parquet,,auckland-football-club.svg,manual
Aves,aves,2,data/processed/player_season_modeling_v13a.parquet | data/processed/player_season_modeling_v13b_advanced.parquet,,aves.svg,manual
Boavista FC,boavista-fc,2,data/processed/player_season_modeling_v13a.parquet | data/processed/player_season_modeling_v13b_advanced.parquet,,boavista-fc.svg,manual
Chicago Fire Soccer Club,chicago-fire-soccer-club,2,data/processed/player_season_modeling_v13a.parquet | data/processed/player_season_modeling_v13b_advanced.parquet,,chicago-fire-soccer-club.svg,manual
Club Atlético Boca Juniors,club-atletico-boca-juniors,2,data/processed/player_season_modeling_v13a.parquet | data/processed/player_season_modeling_v13b_advanced.parquet,,club-atletico-boca-juniors.svg,manual
Club Universidad Nacional A. C.,club-universidad-nacional-a-c,2,data/processed/player_season_modeling_v13a.parquet | data/processed/player_season_modeling_v13b_advanced.parquet,,club-universidad-nacional-a-c.svg,manual
Club de Foot Montréal,club-de-foot-montreal,2,data/processed/player_season_modeling_v13a.parquet | data/processed/player_season_modeling_v13b_advanced.parquet,,club-de-foot-montreal.svg,manual
Club de Futbol América S. A. de C. V.,club-de-futbol-america-s-a-de-c-v,2,data/processed/player_season_modeling_v13a.parquet | data/processed/player_season_modeling_v13b_advanced.parquet,,club-de-futbol-america-s-a-de-c-v.svg,manual
Club de Fútbol Cruz Azul S.A. de C.V.,club-de-futbol-cruz-azul-s-a-de-c-v,2,data/processed/player_season_modeling_v13a.parquet | data/processed/player_season_modeling_v13b_advanced.parquet,,club-de-futbol-cruz-azul-s-a-de-c-v.svg,manual
Club de Gimnasia y Esgrima La Plata,club-de-gimnasia-y-esgrima-la-plata,2,data/processed/player_season_modeling_v13a.parquet | data/processed/player_season_modeling_v13b_advanced.parquet,,club-de-gimnasia-y-esgrima-la-plata.svg,manual
Clube do Remo,clube-do-remo,2,data/processed/player_season_modeling_v13a.parquet | data/processed/player_season_modeling_v13b_advanced.parquet,,clube-do-remo.svg,manual
Dinamo Makhachkala,dinamo-makhachkala,2,data/processed/player_season_modeling_v13a.parquet | data/processed/player_season_modeling_v13b_advanced.parquet,,dinamo-makhachkala.svg,manual
Djurgårdens Idrottsförening,djurgardens-idrottsforening,2,data/processed/player_season_modeling_v13a.parquet | data/processed/player_season_modeling_v13b_advanced.parquet,,djurgardens-idrottsforening.svg,manual
FC Emmen,fc-emmen,2,data/processed/player_season_modeling_v13a.parquet | data/processed/player_season_modeling_v13b_advanced.parquet,,fc-emmen.svg,manual
FC Lugano,fc-lugano,2,data/processed/player_season_modeling_v13a.parquet | data/processed/player_season_modeling_v13b_advanced.parquet,,fc-lugano.svg,manual
FC Shakhtar Donetsk,fc-shakhtar-donetsk,2,data/processed/player_season_modeling_v13a.parquet | data/processed/player_season_modeling_v13b_advanced.parquet,,fc-shakhtar-donetsk.svg,manual
FC St. Gallen 1879,fc-st-gallen-1879,2,data/processed/player_season_modeling_v13a.parquet | data/processed/player_season_modeling_v13b_advanced.parquet,,fc-st-gallen-1879.svg,manual
FC Zürich,fc-zurich,2,data/processed/player_season_modeling_v13a.parquet | data/processed/player_season_modeling_v13b_advanced.parquet,,fc-zurich.svg,manual
FK Baltika,fk-baltika,2,data/processed/player_season_modeling_v13a.parquet | data/processed/player_season_modeling_v13b_advanced.parquet,,fk-baltika.svg,manual
FK Jablonec a.s.,fk-jablonec-a-s,2,data/processed/player_season_modeling_v13a.parquet | data/processed/player_season_modeling_v13b_advanced.parquet,,fk-jablonec-a-s.svg,manual
"FK Teplice, a.s.",fk-teplice-a-s,2,data/processed/player_season_modeling_v13a.parquet | data/processed/player_season_modeling_v13b_advanced.parquet,,fk-teplice-a-s.svg,manual
Fodbold Club Fredericia,fodbold-club-fredericia,2,data/processed/player_season_modeling_v13a.parquet | data/processed/player_season_modeling_v13b_advanced.parquet,,fodbold-club-fredericia.svg,manual
Fortuna Düsseldorf,fortuna-dusseldorf,2,data/processed/player_season_modeling_v13a.parquet | data/processed/player_season_modeling_v13b_advanced.parquet,,fortuna-dusseldorf.svg,manual
Fotbal Club Rapid 1923 SA,fotbal-club-rapid-1923-sa,2,data/processed/player_season_modeling_v13a.parquet | data/processed/player_season_modeling_v13b_advanced.parquet,,fotbal-club-rapid-1923-sa.svg,manual
Fudbalski Klub Vojvodina,fudbalski-klub-vojvodina,2,data/processed/player_season_modeling_v13a.parquet | data/processed/player_season_modeling_v13b_advanced.parquet,,fudbalski-klub-vojvodina.svg,manual
GKS GieKSa Katowice Spółka Akcyjna,gks-gieksa-katowice-spo-ka-akcyjna,2,data/processed/player_season_modeling_v13a.parquet | data/processed/player_season_modeling_v13b_advanced.parquet,,gks-gieksa-katowice-spo-ka-akcyjna.svg,manual
Halmstads BK,halmstads-bk,2,data/processed/player_season_modeling_v13a.parquet | data/processed/player_season_modeling_v13b_advanced.parquet,,halmstads-bk.svg,manual
IK Sirius,ik-sirius,2,data/processed/player_season_modeling_v13a.parquet | data/processed/player_season_modeling_v13b_advanced.parquet,,ik-sirius.svg,manual
Idrottsföreningen  Brommapojkarna,idrottsforeningen-brommapojkarna,2,data/processed/player_season_modeling_v13a.parquet | data/processed/player_season_modeling_v13b_advanced.parquet,,idrottsforeningen-brommapojkarna.svg,manual
Junior FC,junior-fc,2,data/processed/player_season_modeling_v13a.parquet | data/processed/player_season_modeling_v13b_advanced.parquet,,junior-fc.svg,manual
KSC Lokeren (- 2020),ksc-lokeren-2020,2,data/processed/player_season_modeling_v13a.parquet | data/processed/player_season_modeling_v13b_advanced.parquet,,ksc-lokeren-2020.svg,manual
Kashima Antlers FC,kashima-antlers-fc,2,data/processed/player_season_modeling_v13a.parquet | data/processed/player_season_modeling_v13b_advanced.parquet,,kashima-antlers-fc.svg,manual
Livingston Football Club,livingston-football-club,2,data/processed/player_season_modeling_v13a.parquet | data/processed/player_season_modeling_v13b_advanced.parquet,,livingston-football-club.svg,manual
MKE Ankaragücü,mke-ankaragucu,2,data/processed/player_season_modeling_v13a.parquet | data/processed/player_season_modeling_v13b_advanced.parquet,,mke-ankaragucu.svg,manual
Malmö Fotbollförening,malmo-fotbollforening,2,data/processed/player_season_modeling_v13a.parquet | data/processed/player_season_modeling_v13b_advanced.parquet,,malmo-fotbollforening.svg,manual
Mattersburg,mattersburg,2,data/processed/player_season_modeling_v13a.parquet | data/processed/player_season_modeling_v13b_advanced.parquet,,mattersburg.svg,manual
Motherwell Football Club,motherwell-football-club,2,data/processed/player_season_modeling_v13a.parquet | data/processed/player_season_modeling_v13b_advanced.parquet,,motherwell-football-club.svg,manual
Málaga CF,malaga-cf,2,data/processed/player_season_modeling_v13a.parquet | data/processed/player_season_modeling_v13b_advanced.parquet,,malaga-cf.svg,manual
NK Varazdin,nk-varazdin,2,data/processed/player_season_modeling_v13a.parquet | data/processed/player_season_modeling_v13b_advanced.parquet,,nk-varazdin.svg,manual
Numancia,numancia,2,data/processed/player_season_modeling_v13a.parquet | data/processed/player_season_modeling_v13b_advanced.parquet,,numancia.svg,manual
Odense Boldklub,odense-boldklub,2,data/processed/player_season_modeling_v13a.parquet | data/processed/player_season_modeling_v13b_advanced.parquet,,odense-boldklub.svg,manual
PAS Giannina,pas-giannina,2,data/processed/player_season_modeling_v13a.parquet | data/processed/player_season_modeling_v13b_advanced.parquet,,pas-giannina.svg,manual
Panserraikos Serres,panserraikos-serres,2,data/processed/player_season_modeling_v13a.parquet | data/processed/player_season_modeling_v13b_advanced.parquet,,panserraikos-serres.svg,manual
Perth Glory Football Club,perth-glory-football-club,2,data/processed/player_season_modeling_v13a.parquet | data/processed/player_season_modeling_v13b_advanced.parquet,,perth-glory-football-club.svg,manual
Peterborough United,peterborough-united,2,data/processed/player_season_modeling_v13a.parquet | data/processed/player_season_modeling_v13b_advanced.parquet,,peterborough-united.svg,manual
Racing Ferrol,racing-ferrol,2,data/processed/player_season_modeling_v13a.parquet | data/processed/player_season_modeling_v13b_advanced.parquet,,racing-ferrol.svg,manual
Rakuten Vissel Kobe,rakuten-vissel-kobe,2,data/processed/player_season_modeling_v13a.parquet | data/processed/player_season_modeling_v13b_advanced.parquet,,rakuten-vissel-kobe.svg,manual
Real Salt Lake,real-salt-lake,2,data/processed/player_season_modeling_v13a.parquet | data/processed/player_season_modeling_v13b_advanced.parquet,,real-salt-lake.svg,manual
San Diego Football Club,san-diego-football-club,2,data/processed/player_season_modeling_v13a.parquet | data/processed/player_season_modeling_v13b_advanced.parquet,,san-diego-football-club.svg,manual
San Jose Earthquakes,san-jose-earthquakes,2,data/processed/player_season_modeling_v13a.parquet | data/processed/player_season_modeling_v13b_advanced.parquet,,san-jose-earthquakes.svg,manual
Sivasspor,sivasspor,2,data/processed/player_season_modeling_v13a.parquet | data/processed/player_season_modeling_v13b_advanced.parquet,,sivasspor.svg,manual
St Pauli,st-pauli,2,data/processed/player_season_modeling_v13a.parquet | data/processed/player_season_modeling_v13b_advanced.parquet,,st-pauli.svg,manual
St. Johnstone FC,st-johnstone-fc,2,data/processed/player_season_modeling_v13a.parquet | data/processed/player_season_modeling_v13b_advanced.parquet,,st-johnstone-fc.svg,manual
Sydney Football Club,sydney-football-club,2,data/processed/player_season_modeling_v13a.parquet | data/processed/player_season_modeling_v13b_advanced.parquet,,sydney-football-club.svg,manual
TOV FK Metalist 1925 Kharkiv,tov-fk-metalist-1925-kharkiv,2,data/processed/player_season_modeling_v13a.parquet | data/processed/player_season_modeling_v13b_advanced.parquet,,tov-fk-metalist-1925-kharkiv.svg,manual
U Craiova 1948 Club Sportiv SA,u-craiova-1948-club-sportiv-sa,2,data/processed/player_season_modeling_v13a.parquet | data/processed/player_season_modeling_v13b_advanced.parquet,,u-craiova-1948-club-sportiv-sa.svg,manual
UC Sampdoria,uc-sampdoria,2,data/processed/player_season_modeling_v13a.parquet | data/processed/player_season_modeling_v13b_advanced.parquet,,uc-sampdoria.svg,manual
Vitória Setúbal,vitoria-setubal,2,data/processed/player_season_modeling_v13a.parquet | data/processed/player_season_modeling_v13b_advanced.parquet,,vitoria-setubal.svg,manual
Vitória Setúbal FC,vitoria-setubal-fc,2,data/processed/player_season_modeling_v13a.parquet | data/processed/player_season_modeling_v13b_advanced.parquet,,vitoria-setubal-fc.svg,manual
Volou Neos Podosferikos Syllogos,volou-neos-podosferikos-syllogos,2,data/processed/player_season_modeling_v13a.parquet | data/processed/player_season_modeling_v13b_advanced.parquet,,volou-neos-podosferikos-syllogos.svg,manual
Vålerengens Idrettsforening,valerengens-idrettsforening,2,data/processed/player_season_modeling_v13a.parquet | data/processed/player_season_modeling_v13b_advanced.parquet,,valerengens-idrettsforening.svg,manual
Western Sydney Wanderers,western-sydney-wanderers,2,data/processed/player_season_modeling_v13a.parquet | data/processed/player_season_modeling_v13b_advanced.parquet,,western-sydney-wanderers.svg,manual
Yverdon Sport FC,yverdon-sport-fc,2,data/processed/player_season_modeling_v13a.parquet | data/processed/player_season_modeling_v13b_advanced.parquet,,yverdon-sport-fc.svg,manual
RFK Akhmat Grozny,rfk-akhmat-grozny,1,reports/tm3_contract_intelligence/contract_intelligence_dataset.csv,,rfk-akhmat-grozny.svg,manual
Sport Club Corinthians Paulista,sport-club-corinthians-paulista,1,reports/tm3_contract_intelligence/contract_intelligence_dataset.csv,,sport-club-corinthians-paulista.svg,manual
Železničar Pančevo,zeleznicar-pancevo,1,reports/tm3_contract_intelligence/contract_intelligence_dataset.csv,,zeleznicar-pancevo.svg,manual
