dataset,_player_key,player,clubs,n_clubs,latest_club,latest_season,cause_probable
dss_universe,pedro santos,Pedro Santos,D.C. United | GD Gafanha | FC Arouca | FC Famalicão,4,FC Famalicão,2025-2026,Jugador con cambio de club en histórico: requiere validación externa
dss_universe,diego lopez,Diego López,Rayo Vallecano | Valencia CF | Getafe CF B,3,Getafe CF B,2023-2024,Jugador con cambio de club en histórico: requiere validación externa
dss_universe,bruninho,Bruninho,Académico Viseu FC | Without Club | Portimonense SC,3,Portimonense SC,2022-2023,Jugador con cambio de club en histórico: requiere validación externa
dss_universe,david lopez,David López,Girona FC | RCD Mallorca,2,RCD Mallorca,2025-2026,Jugador con cambio de club en histórico: requiere validación externa
dss_universe,diego gomez,Diego Gómez,Angers SCO | Brighton & Hove Albion,2,Brighton & Hove Albion,2025-2026,Jugador con cambio de club en histórico: requiere validación externa
dss_universe,dudu,Dudu,São Gonçalo Esporte Clube (RJ) | FC Viktoria Köln,2,FC Viktoria Köln,2025-2026,Jugador con cambio de club en histórico: requiere validación externa
dss_universe,arthur,Arthur,Santa Lucia FC | Bayer 04 Leverkusen,2,Bayer 04 Leverkusen,2025-2026,Jugador con cambio de club en histórico: requiere validación externa
dss_universe,jesus rodriguez,Jesus Rodríguez,Recreativo Granada | Como 1907,2,Como 1907,2025-2026,Jugador con cambio de club en histórico: requiere validación externa
dss_universe,jesus vazquez,Jesus Vazquez,Retired | Valencia CF,2,Valencia CF,2025-2026,Jugador con cambio de club en histórico: requiere validación externa
dss_universe,joel silva,Joel silva,CD Santa Clara | CD Nacional,2,CD Nacional,2025-2026,Jugador con cambio de club en histórico: requiere validación externa
dss_universe,ousmane camara,Ousmane Camara,Angers SCO | AJ Auxerre,2,AJ Auxerre,2022-2023,Jugador con cambio de club en histórico: requiere validación externa
dss_universe,raul asencio,Raúl Asencio,AS Cittadella | Real Madrid,2,Real Madrid,2025-2026,Jugador con cambio de club en histórico: requiere validación externa
dss_universe,roberto fernandez,Roberto Férnandez,CD Lugo | RCD Espanyol Barcelona,2,RCD Espanyol Barcelona,2025-2026,Jugador con cambio de club en histórico: requiere validación externa
dss_universe,thomas kristensen,Thomas Kristensen,FC Helsingör | Udinese Calcio,2,Udinese Calcio,2025-2026,Jugador con cambio de club en histórico: requiere validación externa
dss_universe,vasco sousa,Vasco Sousa,Moreirense FC | FC Paços de Ferreira U19,2,FC Paços de Ferreira U19,2022-2023,Jugador con cambio de club en histórico: requiere validación externa
contract_intelligence,pedro santos,Pedro Santos,D.C. United | GD Gafanha | FC Arouca | FC Famalicão,4,FC Famalicão,2025-2026,Jugador con cambio de club en histórico: requiere validación externa
contract_intelligence,diego lopez,Diego López,Rayo Vallecano | Valencia CF | Getafe CF B,3,Getafe CF B,2023-2024,Jugador con cambio de club en histórico: requiere validación externa
contract_intelligence,bruninho,Bruninho,Académico Viseu FC | Without Club | Portimonense SC,3,Portimonense SC,2022-2023,Jugador con cambio de club en histórico: requiere validación externa
contract_intelligence,david lopez,David López,Girona FC | RCD Mallorca,2,RCD Mallorca,2025-2026,Jugador con cambio de club en histórico: requiere validación externa
contract_intelligence,diego gomez,Diego Gómez,Angers SCO | Brighton & Hove Albion,2,Brighton & Hove Albion,2025-2026,Jugador con cambio de club en histórico: requiere validación externa
contract_intelligence,dudu,Dudu,São Gonçalo Esporte Clube (RJ) | FC Viktoria Köln,2,FC Viktoria Köln,2025-2026,Jugador con cambio de club en histórico: requiere validación externa
contract_intelligence,arthur,Arthur,Santa Lucia FC | Bayer 04 Leverkusen,2,Bayer 04 Leverkusen,2025-2026,Jugador con cambio de club en histórico: requiere validación externa
contract_intelligence,jesus rodriguez,Jesus Rodríguez,Recreativo Granada | Como 1907,2,Como 1907,2025-2026,Jugador con cambio de club en histórico: requiere validación externa
contract_intelligence,jesus vazquez,Jesus Vazquez,Retired | Valencia CF,2,Valencia CF,2025-2026,Jugador con cambio de club en histórico: requiere validación externa
contract_intelligence,joel silva,Joel silva,CD Santa Clara | CD Nacional,2,CD Nacional,2025-2026,Jugador con cambio de club en histórico: requiere validación externa
contract_intelligence,ousmane camara,Ousmane Camara,Angers SCO | AJ Auxerre,2,AJ Auxerre,2022-2023,Jugador con cambio de club en histórico: requiere validación externa
contract_intelligence,raul asencio,Raúl Asencio,AS Cittadella | Real Madrid,2,Real Madrid,2025-2026,Jugador con cambio de club en histórico: requiere validación externa
contract_intelligence,roberto fernandez,Roberto Férnandez,CD Lugo | RCD Espanyol Barcelona,2,RCD Espanyol Barcelona,2025-2026,Jugador con cambio de club en histórico: requiere validación externa
contract_intelligence,thomas kristensen,Thomas Kristensen,FC Helsingör | Udinese Calcio,2,Udinese Calcio,2025-2026,Jugador con cambio de club en histórico: requiere validación externa
contract_intelligence,vasco sousa,Vasco Sousa,Moreirense FC | FC Paços de Ferreira U19,2,FC Paços de Ferreira U19,2022-2023,Jugador con cambio de club en histórico: requiere validación externa
portfolio,pedro santos,Pedro Santos,D.C. United | GD Gafanha | FC Arouca | FC Famalicão,4,FC Famalicão,2025-2026,Jugador con cambio de club en histórico: requiere validación externa
portfolio,diego lopez,Diego López,Rayo Vallecano | Valencia CF | Getafe CF B,3,Getafe CF B,2023-2024,Jugador con cambio de club en histórico: requiere validación externa
portfolio,bruninho,Bruninho,Académico Viseu FC | Without Club | Portimonense SC,3,Portimonense SC,2022-2023,Jugador con cambio de club en histórico: requiere validación externa
portfolio,david lopez,David López,Girona FC | RCD Mallorca,2,RCD Mallorca,2025-2026,Jugador con cambio de club en histórico: requiere validación externa
portfolio,diego gomez,Diego Gómez,Angers SCO | Brighton & Hove Albion,2,Brighton & Hove Albion,2025-2026,Jugador con cambio de club en histórico: requiere validación externa
portfolio,dudu,Dudu,São Gonçalo Esporte Clube (RJ) | FC Viktoria Köln,2,FC Viktoria Köln,2025-2026,Jugador con cambio de club en histórico: requiere validación externa
portfolio,arthur,Arthur,Santa Lucia FC | Bayer 04 Leverkusen,2,Bayer 04 Leverkusen,2025-2026,Jugador con cambio de club en histórico: requiere validación externa
portfolio,jesus rodriguez,Jesus Rodríguez,Recreativo Granada | Como 1907,2,Como 1907,2025-2026,Jugador con cambio de club en histórico: requiere validación externa
portfolio,jesus vazquez,Jesus Vazquez,Retired | Valencia CF,2,Valencia CF,2025-2026,Jugador con cambio de club en histórico: requiere validación externa
portfolio,joel silva,Joel silva,CD Santa Clara | CD Nacional,2,CD Nacional,2025-2026,Jugador con cambio de club en histórico: requiere validación externa
portfolio,ousmane camara,Ousmane Camara,Angers SCO | AJ Auxerre,2,AJ Auxerre,2022-2023,Jugador con cambio de club en histórico: requiere validación externa
portfolio,raul asencio,Raúl Asencio,AS Cittadella | Real Madrid,2,Real Madrid,2025-2026,Jugador con cambio de club en histórico: requiere validación externa
portfolio,roberto fernandez,Roberto Férnandez,CD Lugo | RCD Espanyol Barcelona,2,RCD Espanyol Barcelona,2025-2026,Jugador con cambio de club en histórico: requiere validación externa
portfolio,thomas kristensen,Thomas Kristensen,FC Helsingör | Udinese Calcio,2,Udinese Calcio,2025-2026,Jugador con cambio de club en histórico: requiere validación externa
portfolio,vasco sousa,Vasco Sousa,Moreirense FC | FC Paços de Ferreira U19,2,FC Paços de Ferreira U19,2022-2023,Jugador con cambio de club en histórico: requiere validación externa
modeling_productive,vitinha,Vitinha,Paris Saint-Germain | Marseille | Braga | Wolves | Porto,5,Porto,2021-2022,Jugador con cambio de club en histórico: requiere validación externa
modeling_productive,taylor harwood bellis,Taylor Harwood-Bellis,Southampton | Stoke City | Anderlecht | Blackburn Rovers | Burnley,5,Burnley,2022-2023,Jugador con cambio de club en histórico: requiere validación externa
modeling_productive,german valera,Germán Valera,Elche | Real Sociedad B | Andorra | Tenerife | Zaragoza,5,Zaragoza,2023-2024,Jugador con cambio de club en histórico: requiere validación externa
modeling_productive,liam delap,Liam Delap,Chelsea | Hull City | Ipswich Town | Preston North End | Stoke City,5,Stoke City,2022-2023,Jugador con cambio de club en histórico: requiere validación externa
modeling_productive,conor gallagher,Conor Gallagher,Charlton Athletic | Crystal Palace | Swansea City | Chelsea | West Brom,5,West Brom,2020-2021,Jugador con cambio de club en histórico: requiere validación externa
modeling_productive,elye wahi,Elye Wahi,Marseille | Montpellier | Eintracht Frankfurt | Lens | Nice,5,Nice,2025-2026,Jugador con cambio de club en histórico: requiere validación externa
modeling_productive,ozan kabak,Ozan Kabak,Hoffenheim | Norwich City | Liverpool | Schalke 04,4,Schalke 04,2020-2021,Jugador con cambio de club en histórico: requiere validación externa
modeling_productive,pablo,Pablo,West Ham United | Gil Vicente FC | Nacional | Famalicão,4,Famalicão,2022-2023,Jugador con cambio de club en histórico: requiere validación externa
modeling_productive,radu dragusin,Radu Drăgușin,Tottenham Hotspur | Salernitana | Sampdoria | Genoa,4,Genoa,2023-2024,Jugador con cambio de club en histórico: requiere validación externa
modeling_productive,tom cannon,Tom Cannon,Leicester City | Stoke City | Sheffield United | Preston North End,4,Preston North End,2022-2023,Jugador con cambio de club en histórico: requiere validación externa
modeling_productive,sergino dest,Sergiño Dest,Barcelona | Milan | PSV | Ajax,4,Ajax,2019-2020,Jugador con cambio de club en histórico: requiere validación externa
modeling_productive,rasmus hjlund,Rasmus Højlund,Napoli | Manchester Utd | Atalanta | Sturm Graz,4,Sturm Graz,2022-2023,Jugador con cambio de club en histórico: requiere validación externa
modeling_productive,morgan gibbs white,Morgan Gibbs-White,Nottingham Forest | Swansea City | Sheffield United | Wolves,4,Wolves,2020-2021,Jugador con cambio de club en histórico: requiere validación externa
modeling_productive,arvin appiah,Arvin Appiah,Almería | Rotherham United | Tenerife | Lugo,4,Lugo,2020-2021,Jugador con cambio de club en histórico: requiere validación externa
modeling_productive,victor mollejo,Victor Mollejo,Dep La Coruña | Tenerife | Mallorca | Zaragoza,4,Zaragoza,2022-2023,Jugador con cambio de club en histórico: requiere validación externa
modeling_productive,sepp van den berg,Sepp van den Berg,Brentford | Preston North End | Schalke 04 | Mainz 05,4,Mainz 05,2023-2024,Jugador con cambio de club en histórico: requiere validación externa
modeling_productive,brooke norton cuffy,Brooke Norton-Cuffy,Coventry City | Genoa | Rotherham United | Millwall,4,Millwall,2023-2024,Jugador con cambio de club en histórico: requiere validación externa
modeling_productive,raul moro,Raúl Moro,Osasuna | Valladolid | Ajax | Oviedo,4,Oviedo,2022-2023,Jugador con cambio de club en histórico: requiere validación externa
modeling_productive,troy parrott,Troy Parrott,AZ Alkmaar | Preston North End | Excelsior | Millwall,4,Millwall,2020-2021,Jugador con cambio de club en histórico: requiere validación externa
modeling_productive,alvaro carreras,Álvaro Carreras,Real Madrid | Preston North End | Benfica | Granada,4,Granada,2023-2024,Jugador con cambio de club en histórico: requiere validación externa
modeling_productive,william saliba,William Saliba,Arsenal | Marseille | Saint-Étienne | Nice,4,Nice,2020-2021,Jugador con cambio de club en histórico: requiere validación externa
modeling_productive,lesley ugochukwu,Lesley Ugochukwu,Burnley | Rennes | Chelsea | Southampton,4,Southampton,2024-2025,Jugador con cambio de club en histórico: requiere validación externa
modeling_productive,luke thomas,Luke Thomas,Leicester City | Middlesbrough | Sheffield United | Barnsley,4,Barnsley,2020-2021,Jugador con cambio de club en histórico: requiere validación externa
modeling_productive,jon karrikaburu,Jon Karrikaburu,Real Sociedad B | Andorra | Racing Sant | Leganés,4,Leganés,2022-2023,Jugador con cambio de club en histórico: requiere validación externa
modeling_productive,haissem hassan,Haissem Hassan,Oviedo | Villarreal B | CD Mirandés | Sporting Gijón,4,Sporting Gijón,2023-2024,Jugador con cambio de club en histórico: requiere validación externa
modeling_productive,ian maatsen,Ian Maatsen,Aston Villa | Coventry City | Burnley | Dortmund,4,Dortmund,2023-2024,Jugador con cambio de club en histórico: requiere validación externa
modeling_productive,francisco trincao,Francisco Trincão,Sporting CP | Barcelona | Braga | Wolves,4,Wolves,2021-2022,Jugador con cambio de club en histórico: requiere validación externa
modeling_productive,domingos quina,Domingos Quina,Barnsley | Rotherham United | Watford | Granada,4,Granada,2020-2021,Jugador con cambio de club en histórico: requiere validación externa
modeling_productive,lucien agoume,Lucien Agoume,Sevilla | Spezia | Troyes | Brest,4,Brest,2021-2022,Jugador con cambio de club en histórico: requiere validación externa
modeling_productive,luke cundle,Luke Cundle,Swansea City | Plymouth Argyle | Stoke City | Millwall,4,Millwall,2024-2025,Jugador con cambio de club en histórico: requiere validación externa
modeling_productive,nathan collins,Nathan Collins,Brentford | Burnley | Stoke City | Wolves,4,Wolves,2022-2023,Jugador con cambio de club en histórico: requiere validación externa
modeling_productive,bryan gil,Bryan Gil,Leganés | Valencia | Sevilla | Eibar,4,Eibar,2020-2021,Jugador con cambio de club en histórico: requiere validación externa
modeling_productive,issa kabore,Issa Kaboré,Mechelen | Luton Town | Troyes | Marseille,4,Marseille,2022-2023,Jugador con cambio de club en histórico: requiere validación externa
modeling_productive,fabio carvalho,Fabio Carvalho,Brentford | Hull City | Liverpool | Fulham,4,Fulham,2021-2022,Jugador con cambio de club en histórico: requiere validación externa
modeling_productive,ethan laird,Ethan Laird,Swansea City | Birmingham City | Bournemouth | QPR,4,QPR,2022-2023,Jugador con cambio de club en histórico: requiere validación externa
modeling_productive,yann gboho,Yann Gboho,Toulouse | Cercle Brugge | Vitesse | Rennes,4,Rennes,2020-2021,Jugador con cambio de club en histórico: requiere validación externa
modeling_productive,stefan lekovic,Stefan Lekovic,Estrela | Villarreal B | Monza,3,Monza,2024-2025,Jugador con cambio de club en histórico: requiere validación externa
modeling_productive,strahinja pavlovic,Strahinja Pavlović,Monaco | Cercle Brugge | RB Salzburg,3,RB Salzburg,2022-2023,Jugador con cambio de club en histórico: requiere validación externa
modeling_productive,alex millan,Álex Millán,Cercle Brugge | Famalicão | Villarreal B,3,Villarreal B,2022-2023,Jugador con cambio de club en histórico: requiere validación externa
modeling_productive,tiago tomas,Tiago Tomás,Stuttgart | Sporting CP | Wolfsburg,3,Wolfsburg,2023-2024,Jugador con cambio de club en histórico: requiere validación externa
modeling_productive,thomas buitink,Thomas Buitink,Fortuna Sittard | Zwolle | Vitesse,3,Vitesse,2020-2021,Jugador con cambio de club en histórico: requiere validación externa
modeling_productive,tyler morton,Tyler Morton,Lyon | Blackburn Rovers | Hull City,3,Hull City,2023-2024,Jugador con cambio de club en histórico: requiere validación externa
modeling_productive,umaro embalo,Úmaro Embaló,Fortuna Sittard | Rio Ave | Cartagena,3,Cartagena,2023-2024,Jugador con cambio de club en histórico: requiere validación externa
modeling_productive,tommy doyle,Tommy Doyle,Wolves | Cardiff City | Sheffield United,3,Sheffield United,2022-2023,Jugador con cambio de club en histórico: requiere validación externa
modeling_productive,trevoh chalobah,Trevoh Chalobah,Chelsea | Huddersfield Town | Lorient,3,Lorient,2020-2021,Jugador con cambio de club en histórico: requiere validación externa
modeling_productive,xavi simons,Xavi Simons,Tottenham Hotspur | RB Leipzig | PSV,3,PSV,2022-2023,Jugador con cambio de club en histórico: requiere validación externa
modeling_productive,wesley fofana,Wesley Fofana,Chelsea | Leicester City | Saint-Étienne,3,Saint-Étienne,2020-2021,Jugador con cambio de club en histórico: requiere validación externa
modeling_productive,samuel iling junior,Samuel Iling-Junior,West Brom | Middlesbrough | Juventus,3,Juventus,2022-2023,Jugador con cambio de club en histórico: requiere validación externa
modeling_productive,ruben vinagre,Rúben Vinagre,Famalicão | Sporting CP | Wolves,3,Wolves,2019-2020,Jugador con cambio de club en histórico: requiere validación externa
modeling_productive,ryan flamingo,Ryan Flamingo,Vitesse | Utrecht | PSV,3,PSV,2025-2026,Jugador con cambio de club en histórico: requiere validación externa
modeling_productive,ryan giles,Ryan Giles,Blackburn Rovers | Cardiff City | Middlesbrough,3,Middlesbrough,2022-2023,Jugador con cambio de club en histórico: requiere validación externa
modeling_productive,ryan gravenberch,Ryan Gravenberch,Liverpool | Bayern Munich | Ajax,3,Ajax,2021-2022,Jugador con cambio de club en histórico: requiere validación externa
modeling_productive,teden mengi,Teden Mengi,Luton Town | Derby County | Birmingham City,3,Birmingham City,2021-2022,Jugador con cambio de club en histórico: requiere validación externa
modeling_productive,roberto piccoli,Roberto Piccoli,Lecce | Spezia | Empoli,3,Empoli,2022-2023,Jugador con cambio de club en histórico: requiere validación externa
modeling_productive,roberto lopez,Roberto López,CD Mirandés | Real Sociedad B | Real Sociedad,3,Real Sociedad,2020-2021,Jugador con cambio de club en histórico: requiere validación externa
modeling_productive,roberto fernandez,Roberto Férnandez,Espanyol | Braga | Málaga,3,Málaga,2021-2022,Jugador con cambio de club en histórico: requiere validación externa
modeling_productive,ricardo pepi,Ricardo Pepi,Groningen | Augsburg | PSV,3,PSV,2023-2024,Jugador con cambio de club en histórico: requiere validación externa
modeling_productive,rodrigo riquelme,Rodrigo Riquelme,CD Mirandés | Bournemouth | Girona,3,Girona,2022-2023,Jugador con cambio de club en histórico: requiere validación externa
modeling_productive,romario baro,Romário Baró,Casa Pia | Porto | Estoril,3,Estoril,2021-2022,Jugador con cambio de club en histórico: requiere validación externa
modeling_productive,arne maier,Arne Maier,Augsburg | Arminia | Hertha BSC,3,Hertha BSC,2019-2020,Jugador con cambio de club en histórico: requiere validación externa
modeling_productive,reda khadra,Reda Khadra,Sheffield United | Birmingham City | Reims,3,Reims,2023-2024,Jugador con cambio de club en histórico: requiere validación externa
modeling_productive,renato veiga,Renato Veiga,Villarreal | Augsburg | Juventus,3,Juventus,2024-2025,Jugador con cambio de club en histórico: requiere validación externa
modeling_productive,anouar ait el hadj,Anouar Ait El Hadj,Union SG | Anderlecht | Genk,3,Genk,2023-2024,Jugador con cambio de club en histórico: requiere validación externa
modeling_productive,andrew omobamidele,Andrew Omobamidele,Strasbourg | Nottingham Forest | Norwich City,3,Norwich City,2021-2022,Jugador con cambio de club en histórico: requiere validación externa
modeling_productive,arthur vermeeren,Arthur Vermeeren,Marseille | RB Leipzig | Antwerp,3,Antwerp,2023-2024,Jugador con cambio de club en histórico: requiere validación externa
modeling_productive,sergio gomez,Sergio Gómez,Anderlecht | Huesca | Manchester City,3,Manchester City,2022-2023,Jugador con cambio de club en histórico: requiere validación externa
modeling_productive,stefan bajcetic,Stefan Bajcetic,Liverpool | Las Palmas | RB Salzburg,3,RB Salzburg,2024-2025,Jugador con cambio de club en histórico: requiere validación externa
modeling_productive,takefusa kubo,Takefusa Kubo,Real Sociedad | Mallorca | Getafe,3,Getafe,2020-2021,Jugador con cambio de club en histórico: requiere validación externa
modeling_productive,tahith chong,Tahith Chong,Werder Bremen | Birmingham City | Club Brugge,3,Club Brugge,2020-2021,Jugador con cambio de club en histórico: requiere validación externa
modeling_productive,saba goglichidze,Saba Goglichidze,Watford | Empoli | Udinese,3,Udinese,2025-2026,Jugador con cambio de club en histórico: requiere validación externa
modeling_productive,ansu fati,Ansu Fati,Barcelona | Monaco | Brighton,3,Brighton,2023-2024,Jugador con cambio de club en histórico: requiere validación externa
modeling_productive,anthony musaba,Anthony Musaba,Cercle Brugge | Heerenveen | NEC Nijmegen,3,NEC Nijmegen,2022-2023,Jugador con cambio de club en histórico: requiere validación externa
modeling_productive,anthony gordon,Anthony Gordon,Newcastle United | Preston North End | Everton,3,Everton,2019-2020,Jugador con cambio de club en histórico: requiere validación externa
modeling_productive,amin sarr,Amin Sarr,Heerenveen | Wolfsburg | Lyon,3,Lyon,2022-2023,Jugador con cambio de club en histórico: requiere validación externa
modeling_productive,saidou sow,Saidou Sow,Nantes | Saint-Étienne | Strasbourg,3,Strasbourg,2023-2024,Jugador con cambio de club en histórico: requiere validación externa
modeling_productive,sam greenwood,Sam Greenwood,Preston North End | Leeds United | Middlesbrough,3,Middlesbrough,2023-2024,Jugador con cambio de club en histórico: requiere validación externa
modeling_productive,amar dedic,Amar Dedić,RB Salzburg | RZ Pellets WAC | Marseille,3,Marseille,2024-2025,Jugador con cambio de club en histórico: requiere validación externa
modeling_productive,sam mccallum,Sam McCallum,Norwich City | Coventry City | QPR,3,QPR,2021-2022,Jugador con cambio de club en histórico: requiere validación externa
modeling_productive,rodrigo gomes,Rodrigo Gomes,Wolves | Estoril | Braga,3,Braga,2022-2023,Jugador con cambio de club en histórico: requiere validación externa
modeling_productive,sekou mara,Sekou Mara,Southampton | Bordeaux | Strasbourg,3,Strasbourg,2024-2025,Jugador con cambio de club en histórico: requiere validación externa
modeling_productive,alfie devine,Alfie Devine,Westerlo | Preston North End | Plymouth Argyle,3,Plymouth Argyle,2023-2024,Jugador con cambio de club en histórico: requiere validación externa
modeling_productive,alieu fadera,Alieu Fadera,Zulte Waregem | Como | Genk,3,Genk,2023-2024,Jugador con cambio de club en histórico: requiere validación externa
modeling_productive,tommaso baldanzi,Tommaso Baldanzi,Genoa | Roma | Empoli,3,Empoli,2023-2024,Jugador con cambio de club en histórico: requiere validación externa
modeling_productive,victor gomez,Victor Gomez,Braga | CD Mirandés | Málaga,3,Málaga,2021-2022,Jugador con cambio de club en histórico: requiere validación externa
modeling_productive,alberto costa,Alberto costa,Porto | Vitória Guimarães | Juventus,3,Juventus,2024-2025,Jugador con cambio de club en histórico: requiere validación externa
modeling_productive,brajan gruda,Brajan Gruda,RB Leipzig | Brighton | Mainz 05,3,Mainz 05,2023-2024,Jugador con cambio de club en histórico: requiere validación externa
modeling_productive,myron boadu,Myron Boadu,Twente | AZ Alkmaar | Monaco,3,Monaco,2021-2022,Jugador con cambio de club en histórico: requiere validación externa
modeling_productive,morgan rogers,Morgan Rogers,Aston Villa | Blackpool | Middlesbrough,3,Middlesbrough,2023-2024,Jugador con cambio de club en histórico: requiere validación externa
modeling_productive,noah ohio,Noah Ohio,Utrecht | Austria Wien | Standard Liège,3,Standard Liège,2023-2024,Jugador con cambio de club en histórico: requiere validación externa
modeling_productive,niels nkounkou,Niels Nkounkou,Cardiff City | Standard Liège | Eintracht Frankfurt,3,Eintracht Frankfurt,2023-2024,Jugador con cambio de club en histórico: requiere validación externa
modeling_productive,nikolas veratschnig,Nikolas Veratschnig,Wolfsberger AC | Mainz 05 | RZ Pellets WAC,3,RZ Pellets WAC,2022-2023,Jugador con cambio de club en histórico: requiere validación externa
modeling_productive,nicolo rovella,Nicolò Rovella,Lazio | Genoa | Monza,3,Monza,2022-2023,Jugador con cambio de club en histórico: requiere validación externa
modeling_productive,nico schlotterbeck,Nico Schlotterbeck,Dortmund | Union Berlin | Freiburg,3,Freiburg,2019-2020,Jugador con cambio de club en histórico: requiere validación externa
modeling_productive,benjamin sesko,Benjamin Šeško,Manchester Utd | RB Salzburg | RB Leipzig,3,RB Leipzig,2023-2024,Jugador con cambio de club en histórico: requiere validación externa
modeling_productive,nuno tavares,Nuno Tavares,Arsenal | Marseille | Benfica,3,Benfica,2020-2021,Jugador con cambio de club en histórico: requiere validación externa
modeling_productive,nuno santos,Nuno Santos,Boavista | Paços de Ferreira | Moreirense,3,Moreirense,2019-2020,Jugador con cambio de club en histórico: requiere validación externa
modeling_productive,armando broja,Armando Broja,Chelsea | Southampton | Vitesse,3,Vitesse,2020-2021,Jugador con cambio de club en histórico: requiere validación externa
modeling_productive,patrick wimmer,Patrick Wimmer,Wolfsburg | Austria Wien | Arminia,3,Arminia,2021-2022,Jugador con cambio de club en histórico: requiere validación externa
modeling_productive,ben wilmot,Ben Wilmot,Swansea City | Stoke City | Watford,3,Watford,2020-2021,Jugador con cambio de club en histórico: requiere validación externa
modeling_productive,pablo torre,Pablo Torre,Mallorca | Barcelona | Girona,3,Girona,2023-2024,Jugador con cambio de club en histórico: requiere validación externa
modeling_productive,ramon terrats,Ramón Terrats,Villarreal B | Villarreal | Girona,3,Girona,2021-2022,Jugador con cambio de club en histórico: requiere validación externa
modeling_productive,reinier,Reinier,Frosinone | Girona | Granada,3,Granada,2024-2025,Jugador con cambio de club en histórico: requiere validación externa
modeling_productive,pedro santos,Pedro Santos,Famalicão | Arouca | Moreirense,3,Moreirense,2024-2025,Jugador con cambio de club en histórico: requiere validación externa
modeling_productive,rabbi matondo,Rabbi Matondo,Cercle Brugge | Schalke 04 | Stoke City,3,Stoke City,2020-2021,Jugador con cambio de club en histórico: requiere validación externa
modeling_productive,rafael camacho,Rafael Camacho,Sporting CP | Rio Ave | B-SAD,3,B-SAD,2021-2022,Jugador con cambio de club en histórico: requiere validación externa
modeling_productive,martim neto,Martim Neto,Elche | Gil Vicente FC | Rio Ave,3,Rio Ave,2024-2025,Jugador con cambio de club en histórico: requiere validación externa
modeling_productive,cameron carter vickers,Cameron Carter-Vickers,Stoke City | Luton Town | Bournemouth,3,Bournemouth,2020-2021,Jugador con cambio de club en histórico: requiere validación externa
modeling_productive,borja sainz,Borja Sainz,Norwich City | Alavés | Zaragoza,3,Zaragoza,2021-2022,Jugador con cambio de club en histórico: requiere validación externa
modeling_productive,mika biereth,Mika Biereth,Monaco | Sturm Graz | RKC Waalwijk,3,RKC Waalwijk,2022-2023,Jugador con cambio de club en histórico: requiere validación externa
modeling_productive,bilal el khannouss,Bilal El Khannouss,Stuttgart | Leicester City | Genk,3,Genk,2023-2024,Jugador con cambio de club en histórico: requiere validación externa
modeling_productive,moises caicedo,Moisés Caicedo,Chelsea | Beerschot Wilrijk | Brighton,3,Brighton,2021-2022,Jugador con cambio de club en histórico: requiere validación externa
modeling_productive,moise kean,Moise Kean,Paris Saint-Germain | Everton | Juventus,3,Juventus,2022-2023,Jugador con cambio de club en histórico: requiere validación externa
modeling_productive,brandon soppy,Brandon Soppy,Atalanta | Rennes | Udinese,3,Udinese,2021-2022,Jugador con cambio de club en histórico: requiere validación externa
modeling_productive,badredine bouanani,Badredine Bouanani,Stuttgart | Lorient | Nice,3,Nice,2024-2025,Jugador con cambio de club en histórico: requiere validación externa
modeling_productive,nehuen perez,Nehuén Pérez,Udinese | Famalicão | Granada,3,Granada,2020-2021,Jugador con cambio de club en histórico: requiere validación externa
modeling_productive,aurelien tchouameni,Aurélien Tchouaméni,Real Madrid | Bordeaux | Monaco,3,Monaco,2021-2022,Jugador con cambio de club en histórico: requiere validación externa
modeling_productive,brenden aaronson,Brenden Aaronson,Leeds United | Union Berlin | RB Salzburg,3,RB Salzburg,2020-2021,Jugador con cambio de club en histórico: requiere validación externa
modeling_productive,malang sarr,Malang Sarr,Chelsea | Nice | Porto,3,Porto,2020-2021,Jugador con cambio de club en histórico: requiere validación externa
modeling_productive,mahamadou diawara,Mahamadou Diawara,Antwerp | Le Havre | Lyon,3,Lyon,2023-2024,Jugador con cambio de club en histórico: requiere validación externa
modeling_productive,manuel ugarte,Manuel Ugarte,Paris Saint-Germain | Famalicão | Sporting CP,3,Sporting CP,2021-2022,Jugador con cambio de club en histórico: requiere validación externa
modeling_productive,marc pubill,Marc Pubill,Atlético Madrid | Almería | Levante,3,Levante,2022-2023,Jugador con cambio de club en histórico: requiere validación externa
modeling_productive,mandela keita,Mandela Keita,Parma | Antwerp | OH Leuven,3,OH Leuven,2022-2023,Jugador con cambio de club en histórico: requiere validación externa
modeling_productive,matteo lovato,Matteo Lovato,Cagliari | Salernitana | Atalanta,3,Atalanta,2021-2022,Jugador con cambio de club en histórico: requiere validación externa
modeling_productive,charles de ketelaere,Charles De Ketelaere,Atalanta | Club Brugge | Milan,3,Milan,2022-2023,Jugador con cambio de club en histórico: requiere validación externa
modeling_productive,cesare casadei,Cesare Casadei,Torino | Leicester City | Reading,3,Reading,2022-2023,Jugador con cambio de club en histórico: requiere validación externa
modeling_productive,lucas gourna douath,Lucas Gourna-Douath,Le Havre | Saint-Étienne | RB Salzburg,3,RB Salzburg,2024-2025,Jugador con cambio de club en histórico: requiere validación externa
modeling_productive,luca pellegrini,Luca Pellegrini,Cagliari | Genoa | Juventus,3,Juventus,2021-2022,Jugador con cambio de club en histórico: requiere validación externa
modeling_productive,luca kronberger,Luca Kronberger,Admira Wacker Mödling | WSG Tirol | Ried,3,Ried,2022-2023,Jugador con cambio de club en histórico: requiere validación externa
modeling_productive,callum hudson odoi,Callum Hudson-Odoi,Nottingham Forest | Chelsea | Leverkusen,3,Leverkusen,2022-2023,Jugador con cambio de club en histórico: requiere validación externa
modeling_productive,levi colwill,Levi Colwill,Chelsea | Huddersfield Town | Brighton,3,Brighton,2022-2023,Jugador con cambio de club en histórico: requiere validación externa
modeling_productive,lequincio zeefuik,Lequincio Zeefuik,Heracles Almelo | OH Leuven | Volendam,3,Volendam,2023-2024,Jugador con cambio de club en histórico: requiere validación externa
modeling_productive,loic bade,Loïc Bade,Rennes | Lens | Sevilla,3,Sevilla,2022-2023,Jugador con cambio de club en histórico: requiere validación externa
modeling_productive,carlos alcaraz,Carlos Alcaraz,Everton | Juventus | Southampton,3,Southampton,2022-2023,Jugador con cambio de club en histórico: requiere validación externa
modeling_productive,lois openda,Loïs Openda,Lens | Club Brugge | Vitesse,3,Vitesse,2020-2021,Jugador con cambio de club en histórico: requiere validación externa
modeling_productive,lorenzo colombo,Lorenzo Colombo,Lecce | Monza | Empoli,3,Empoli,2024-2025,Jugador con cambio de club en histórico: requiere validación externa
modeling_productive,loum tchaouna,Loum Tchaouna,Burnley | Salernitana | Lazio,3,Lazio,2024-2025,Jugador con cambio de club en histórico: requiere validación externa
modeling_productive,lee buchanan,Lee Buchanan,Werder Bremen | Derby County | Birmingham City,3,Birmingham City,2023-2024,Jugador con cambio de club en histórico: requiere validación externa
modeling_productive,kelvin yeboah,Kelvin Yeboah,Sturm Graz | Genoa | Augsburg,3,Augsburg,2022-2023,Jugador con cambio de club en histórico: requiere validación externa
modeling_productive,mateus fernandes,Mateus Fernandes,West Ham United | Southampton | Estoril,3,Estoril,2023-2024,Jugador con cambio de club en histórico: requiere validación externa
modeling_productive,mattia viti,Mattia Viti,Empoli | Nice | Sassuolo,3,Sassuolo,2023-2024,Jugador con cambio de club en histórico: requiere validación externa
modeling_productive,maxime busi,Maxime Busi,Charleroi | Parma | Reims,3,Reims,2021-2022,Jugador con cambio de club en histórico: requiere validación externa
modeling_productive,matteo guendouzi,Mattéo Guendouzi,Arsenal | Hertha BSC | Marseille,3,Marseille,2021-2022,Jugador con cambio de club en histórico: requiere validación externa
modeling_productive,matias soule,Matìas Soulé,Frosinone | Roma | Juventus,3,Juventus,2022-2023,Jugador con cambio de club en histórico: requiere validación externa
modeling_productive,monchu,Monchu,Valladolid | Girona | Granada,3,Granada,2021-2022,Jugador con cambio de club en histórico: requiere validación externa
modeling_productive,michael olise,Michael Olise,Bayern Munich | Crystal Palace | Reading,3,Reading,2020-2021,Jugador con cambio de club en histórico: requiere validación externa
modeling_productive,miguel baeza,Miguel Baeza,Ponferradina | Celta Vigo | Rio Ave,3,Rio Ave,2022-2023,Jugador con cambio de club en histórico: requiere validación externa
modeling_productive,cameron archer,Cameron Archer,Preston North End | Middlesbrough | Sheffield United,3,Sheffield United,2023-2024,Jugador con cambio de club en histórico: requiere validación externa
modeling_productive,milos kerkez,Milos Kerkez,Liverpool | Bournemouth | AZ Alkmaar,3,AZ Alkmaar,2022-2023,Jugador con cambio de club en histórico: requiere validación externa
modeling_productive,modibo sagnan,Modibo Sagnan,CD Mirandés | Real Sociedad | Tondela,3,Tondela,2021-2022,Jugador con cambio de club en histórico: requiere validación externa
modeling_productive,chrislain matsima,Chrislain Matsima,Augsburg | Clermont Foot | Monaco,3,Monaco,2020-2021,Jugador con cambio de club en histórico: requiere validación externa
modeling_productive,daniel jebbison,Daniel Jebbison,Preston North End | Sheffield United | Watford,3,Watford,2024-2025,Jugador con cambio de club en histórico: requiere validación externa
modeling_productive,josh wilson esbrand,Josh Wilson-Esbrand,Cardiff City | Reims | Coventry City,3,Coventry City,2022-2023,Jugador con cambio de club en histórico: requiere validación externa
modeling_productive,josh maja,Josh Maja,Bordeaux | Stoke City | Fulham,3,Fulham,2020-2021,Jugador con cambio de club en histórico: requiere validación externa
modeling_productive,jose marsa,José Marsà,Mechelen | Sporting Gijón | Andorra,3,Andorra,2023-2024,Jugador con cambio de club en histórico: requiere validación externa
modeling_productive,jorge cuenca,Jorge Cuenca,Getafe | Almería | Villarreal,3,Villarreal,2022-2023,Jugador con cambio de club en histórico: requiere validación externa
modeling_productive,justin kluivert,Justin Kluivert,RB Leipzig | Roma | Nice,3,Nice,2021-2022,Jugador con cambio de club en histórico: requiere validación externa
modeling_productive,junior mwanga,Junior Mwanga,Strasbourg | Le Havre | Nantes,3,Nantes,2025-2026,Jugador con cambio de club en histórico: requiere validación externa
modeling_productive,junior dina ebimbe,Junior Dina Ebimbe,Paris Saint-Germain | Eintracht Frankfurt | Dijon,3,Dijon,2020-2021,Jugador con cambio de club en histórico: requiere validación externa
modeling_productive,julio enciso,Julio Enciso,Strasbourg | Brighton | Ipswich Town,3,Ipswich Town,2024-2025,Jugador con cambio de club en histórico: requiere validación externa
modeling_productive,ki jana hoever,Ki-Jana Hoever,Auxerre | Stoke City | Wolves,3,Wolves,2021-2022,Jugador con cambio de club en histórico: requiere validación externa
modeling_productive,jarrad branthwaite,Jarrad Branthwaite,Everton | Blackburn Rovers | PSV,3,PSV,2022-2023,Jugador con cambio de club en histórico: requiere validación externa
modeling_productive,jeremy sarmiento,Jeremy Sarmiento,Ipswich Town | Burnley | West Brom,3,West Brom,2023-2024,Jugador con cambio de club en histórico: requiere validación externa
modeling_productive,christoph lang,Christoph Lang,Hartberg | Rapid Wien | LASK,3,LASK,2024-2025,Jugador con cambio de club en histórico: requiere validación externa
modeling_productive,christos tzolis,Christos Tzolis,Club Brugge | Norwich City | Twente,3,Twente,2022-2023,Jugador con cambio de club en histórico: requiere validación externa
modeling_productive,cisse sandra,Cisse Sandra,Club Brugge | Excelsior | Willem II,3,Willem II,2024-2025,Jugador con cambio de club en histórico: requiere validación externa
modeling_productive,ilay camara,Ilay Camara,Anderlecht | Standard Liège | RWDM,3,RWDM,2023-2024,Jugador con cambio de club en histórico: requiere validación externa
modeling_productive,ilaix moriba,Ilaix Moriba,Celta Vigo | Getafe | Valencia,3,Valencia,2021-2022,Jugador con cambio de club en histórico: requiere validación externa
modeling_productive,ignace van der brempt,Ignace Van Der Brempt,Como | RB Salzburg | Club Brugge,3,Club Brugge,2021-2022,Jugador con cambio de club en histórico: requiere validación externa
modeling_productive,james garner,James Garner,Everton | Nottingham Forest | Watford,3,Watford,2020-2021,Jugador con cambio de club en histórico: requiere validación externa
modeling_productive,ismael kone,Ismaël Koné,Rennes | Marseille | Watford,3,Watford,2022-2023,Jugador con cambio de club en histórico: requiere validación externa
modeling_productive,denso kasius,Denso Kasius,AZ Alkmaar | Rapid Wien | Bologna,3,Bologna,2022-2023,Jugador con cambio de club en histórico: requiere validación externa
modeling_productive,daishawn redan,Daishawn Redan,Utrecht | Groningen | Zwolle,3,Zwolle,2021-2022,Jugador con cambio de club en histórico: requiere validación externa
modeling_productive,cyril ngonge,Cyril Ngonge,Hellas Verona | Groningen | RKC Waalwijk,3,RKC Waalwijk,2020-2021,Jugador con cambio de club en histórico: requiere validación externa
modeling_productive,hugo siquet,Hugo Siquet,Club Brugge | Cercle Brugge | Standard Liège,3,Standard Liège,2022-2023,Jugador con cambio de club en histórico: requiere validación externa
modeling_productive,hugo ekitike,Hugo Ekitike,Eintracht Frankfurt | Paris Saint-Germain | Reims,3,Reims,2021-2022,Jugador con cambio de club en histórico: requiere validación externa
modeling_productive,jayson molumby,Jayson Molumby,West Brom | Preston North End | Millwall,3,Millwall,2019-2020,Jugador con cambio de club en histórico: requiere validación externa
modeling_productive,jean onana,Jean Onana,Excel Mouscron | Bordeaux | Lens,3,Lens,2022-2023,Jugador con cambio de club en histórico: requiere validación externa
modeling_productive,jonathan panzo,Jonathan Panzo,Coventry City | Cercle Brugge | Dijon,3,Dijon,2020-2021,Jugador con cambio de club en histórico: requiere validación externa
modeling_productive,jonathan rowe,Jonathan Rowe,Bologna | Marseille | Norwich City,3,Norwich City,2023-2024,Jugador con cambio de club en histórico: requiere validación externa
modeling_productive,jordan james,Jordan James,Leicester City | Rennes | Birmingham City,3,Birmingham City,2022-2023,Jugador con cambio de club en histórico: requiere validación externa
modeling_productive,jeremy doku,Jeremy Doku,Manchester City | Anderlecht | Rennes,3,Rennes,2021-2022,Jugador con cambio de club en histórico: requiere validación externa
modeling_productive,gaetano oristanio,Gaetano Oristanio,Cagliari | Volendam | Venezia,3,Venezia,2024-2025,Jugador con cambio de club en histórico: requiere validación externa
modeling_productive,frans kratzig,Frans Krätzig,RB Salzburg | Austria Wien | Heidenheim,3,Heidenheim,2024-2025,Jugador con cambio de club en histórico: requiere validación externa
modeling_productive,gift orban,Gift Orban,Lyon | Hoffenheim | Gent,3,Gent,2023-2024,Jugador con cambio de club en histórico: requiere validación externa
modeling_productive,giuliano simeone,Giuliano Simeone,Atlético Madrid | Alavés | Zaragoza,3,Zaragoza,2022-2023,Jugador con cambio de club en histórico: requiere validación externa
modeling_productive,ian poveda,Ian Poveda,Blackpool | Leeds United | Blackburn Rovers,3,Blackburn Rovers,2021-2022,Jugador con cambio de club en histórico: requiere validación externa
modeling_productive,henrique araujo,Henrique Araújo,Famalicão | Arouca | Watford,3,Watford,2022-2023,Jugador con cambio de club en histórico: requiere validación externa
modeling_productive,dejan kulusevski,Dejan Kulusevski,Tottenham Hotspur | Parma | Juventus,3,Juventus,2021-2022,Jugador con cambio de club en histórico: requiere validación externa
modeling_productive,dominik szoboszlai,Dominik Szoboszlai,Liverpool | RB Salzburg | RB Leipzig,3,RB Leipzig,2021-2022,Jugador con cambio de club en histórico: requiere validación externa
modeling_productive,filip jrgensen,Filip Jørgensen,Chelsea | Villarreal | Villarreal B,3,Villarreal B,2022-2023,Jugador con cambio de club en histórico: requiere validación externa
modeling_productive,ferran torres,Ferrán Torres,Barcelona | Valencia | Manchester City,3,Manchester City,2021-2022,Jugador con cambio de club en histórico: requiere validación externa
modeling_productive,filippo terracciano,Filippo Terracciano,Cremonese | Hellas Verona | Milan,3,Milan,2024-2025,Jugador con cambio de club en histórico: requiere validación externa
modeling_productive,flavius daniliuc,Flavius Daniliuc,RB Salzburg | Salernitana | Nice,3,Nice,2021-2022,Jugador con cambio de club en histórico: requiere validación externa
modeling_productive,francisco conceicao,Francisco Conceição,Juventus | Ajax | Porto,3,Porto,2021-2022,Jugador con cambio de club en histórico: requiere validación externa
modeling_productive,georginio rutter,Georginio Rutter,Brighton | Leeds United | Hoffenheim,3,Hoffenheim,2022-2023,Jugador con cambio de club en histórico: requiere validación externa
modeling_productive,dean huijsen,Dean Huijsen,Real Madrid | Bournemouth | Roma,3,Roma,2023-2024,Jugador con cambio de club en histórico: requiere validación externa
modeling_productive,dujon sterling,Dujon Sterling,Wigan Athletic | Blackpool | Stoke City,3,Stoke City,2022-2023,Jugador con cambio de club en histórico: requiere validación externa
modeling_productive,el bilal toure,El Bilal Touré,Reims | Atalanta | Almería,3,Almería,2022-2023,Jugador con cambio de club en histórico: requiere validación externa
modeling_productive,fabio silva,Fábio Silva,Las Palmas | Wolves | PSV,3,PSV,2022-2023,Jugador con cambio de club en histórico: requiere validación externa
modeling_productive,folarin balogun,Folarin Balogun,Monaco | Middlesbrough | Reims,3,Reims,2022-2023,Jugador con cambio de club en histórico: requiere validación externa
modeling_productive,diogo queiros,Diogo Queirós,Famalicão | Excel Mouscron | Valladolid,3,Valladolid,2021-2022,Jugador con cambio de club en histórico: requiere validación externa
modeling_productive,djed spence,Djed Spence,Nottingham Forest | Middlesbrough | Rennes,3,Rennes,2022-2023,Jugador con cambio de club en histórico: requiere validación externa
modeling_productive,eric garcia,Eric García,Barcelona | Girona | Manchester City,3,Manchester City,2020-2021,Jugador con cambio de club en histórico: requiere validación externa
modeling_productive,erling haaland,Erling Haaland,Manchester City | RB Salzburg | Dortmund,3,Dortmund,2019-2020,Jugador con cambio de club en histórico: requiere validación externa
modeling_productive,eliot matazo,Eliot Matazo,Hull City | Monaco | Antwerp,3,Antwerp,2023-2024,Jugador con cambio de club en histórico: requiere validación externa
modeling_productive,ethan ampadu,Ethan Ampadu,Sheffield United | Spezia | Venezia,3,Venezia,2021-2022,Jugador con cambio de club en histórico: requiere validación externa
modeling_productive,yoann cathline,Yoann Cathline,Utrecht | Almere City | Lorient,3,Lorient,2022-2023,Jugador con cambio de club en histórico: requiere validación externa
modeling_productive,yan couto,Yan Couto,Dortmund | Braga | Girona,3,Girona,2022-2023,Jugador con cambio de club en histórico: requiere validación externa
modeling_productive,yasin ayari,Yasin Ayari,Brighton | Blackburn Rovers | Coventry City,3,Coventry City,2023-2024,Jugador con cambio de club en histórico: requiere validación externa
modeling_productive,achraf hakimi,Achraf Hakimi,Paris Saint-Germain | Dortmund | Inter,3,Inter,2020-2021,Jugador con cambio de club en histórico: requiere validación externa
modeling_productive,abde ezzalzouli,Abde Ezzalzouli,Real Betis | Barcelona | Osasuna,3,Osasuna,2022-2023,Jugador con cambio de club en histórico: requiere validación externa
modeling_productive,aaron ramsey,Aaron Ramsey,Burnley | Middlesbrough | Norwich City,3,Norwich City,2022-2023,Jugador con cambio de club en histórico: requiere validación externa
modeling_productive,aaron connolly,Aaron Connolly,Brighton | Middlesbrough | Hull City,3,Hull City,2022-2023,Jugador con cambio de club en histórico: requiere validación externa
modeling_productive,ademola lookman,Ademola Lookman,RB Leipzig | Fulham,2,Fulham,2020-2021,Jugador con cambio de club en histórico: requiere validación externa
modeling_productive,aaron hickey,Aaron Hickey,Brentford | Bologna,2,Bologna,2020-2021,Jugador con cambio de club en histórico: requiere validación externa
modeling_productive,aaron ramsdale,Aaron Ramsdale,Sheffield United | Bournemouth,2,Bournemouth,2019-2020,Jugador con cambio de club en histórico: requiere validación externa
modeling_productive,abdukodir khusanov,Abdukodir Khusanov,Manchester City | Lens,2,Lens,2024-2025,Jugador con cambio de club en histórico: requiere validación externa
modeling_productive,adam daghim,Adam Daghim,Wolfsburg | RB Salzburg,2,RB Salzburg,2024-2025,Jugador con cambio de club en histórico: requiere validación externa
modeling_productive,valentin barco,Valentín Barco,Strasbourg | Brighton,2,Brighton,2023-2024,Jugador con cambio de club en histórico: requiere validación externa
modeling_productive,valentin carboni,Valentin Carboni,Monza | Genoa,2,Genoa,2025-2026,Jugador con cambio de club en histórico: requiere validación externa
modeling_productive,valentino muller,Valentino Müller,WSG Tirol | LASK,2,LASK,2019-2020,Jugador con cambio de club en histórico: requiere validación externa
modeling_productive,vasco sousa,Vasco Sousa,Moreirense | Porto,2,Porto,2024-2025,Jugador con cambio de club en histórico: requiere validación externa
modeling_productive,vesel demaku,Vesel Demaku,SK Austria Klagenfurt | Austria Wien,2,Austria Wien,2019-2020,Jugador con cambio de club en histórico: requiere validación externa
modeling_productive,victor osimhen,Victor Osimhen,Napoli | Lille,2,Lille,2019-2020,Jugador con cambio de club en histórico: requiere validación externa
modeling_productive,vitalie damascan,Vitalie Damașcan,RKC Waalwijk | Fortuna Sittard,2,Fortuna Sittard,2019-2020,Jugador con cambio de club en histórico: requiere validación externa
modeling_productive,alexis tibidi,Alexis Tibidi,Rheindorf Altach | Stuttgart,2,Stuttgart,2021-2022,Jugador con cambio de club en histórico: requiere validación externa
modeling_productive,alfie doughty,Alfie Doughty,Luton Town | Cardiff City,2,Cardiff City,2021-2022,Jugador con cambio de club en histórico: requiere validación externa
modeling_productive,allahyar sayyadmanesh,Allahyar Sayyadmanesh,Westerlo | Hull City,2,Hull City,2021-2022,Jugador con cambio de club en histórico: requiere validación externa
modeling_productive,alvaro rodriguez,Álvaro Rodríguez,Elche | Getafe,2,Getafe,2024-2025,Jugador con cambio de club en histórico: requiere validación externa
modeling_productive,william osula,William Osula,Newcastle United | Sheffield United,2,Sheffield United,2023-2024,Jugador con cambio de club en histórico: requiere validación externa
modeling_productive,willian pacho,Willian Pacho,Paris Saint-Germain | Eintracht Frankfurt,2,Eintracht Frankfurt,2023-2024,Jugador con cambio de club en histórico: requiere validación externa
modeling_productive,willy kambwala,Willy Kambwala,Villarreal | Manchester Utd,2,Manchester Utd,2023-2024,Jugador con cambio de club en histórico: requiere validación externa
modeling_productive,wilson odobert,Wilson Odobert,Tottenham Hotspur | Burnley,2,Burnley,2023-2024,Jugador con cambio de club en histórico: requiere validación externa
modeling_productive,wout faes,Wout Faes,Oostende | Reims,2,Reims,2020-2021,Jugador con cambio de club en histórico: requiere validación externa
modeling_productive,ernest poku,Ernest Poku,Leverkusen | AZ Alkmaar,2,AZ Alkmaar,2023-2024,Jugador con cambio de club en histórico: requiere validación externa
modeling_productive,espen van ee,Espen van Ee,Arouca | Heerenveen,2,Heerenveen,2024-2025,Jugador con cambio de club en histórico: requiere validación externa
modeling_productive,evan ferguson,Evan Ferguson,Roma | Brighton,2,Brighton,2023-2024,Jugador con cambio de club en histórico: requiere validación externa
modeling_productive,evann guessand,Evann Guessand,Nantes | Nice,2,Nice,2021-2022,Jugador con cambio de club en histórico: requiere validación externa
modeling_productive,dwight mcneil,Dwight McNeil,Everton | Burnley,2,Burnley,2020-2021,Jugador con cambio de club en histórico: requiere validación externa
modeling_productive,eberechi eze,Eberechi Eze,Crystal Palace | QPR,2,QPR,2019-2020,Jugador con cambio de club en histórico: requiere validación externa
modeling_productive,ebrima colley,Ebrima Colley,Hellas Verona | Spezia,2,Spezia,2021-2022,Jugador con cambio de club en histórico: requiere validación externa
modeling_productive,eddie nketiah,Eddie Nketiah,Leeds United | Arsenal,2,Arsenal,2020-2021,Jugador con cambio de club en histórico: requiere validación externa
modeling_productive,eddie salcedo,Eddie Salcedo,Hellas Verona | Spezia,2,Spezia,2021-2022,Jugador con cambio de club en histórico: requiere validación externa
modeling_productive,edmond tapsoba,Edmond Tapsoba,Leverkusen | Vitória Guimarães,2,Vitória Guimarães,2019-2020,Jugador con cambio de club en histórico: requiere validación externa
modeling_productive,edo kayembe,Edo Kayembe,Anderlecht | Eupen,2,Eupen,2020-2021,Jugador con cambio de club en histórico: requiere validación externa
modeling_productive,edoardo bove,Edoardo Bove,Fiorentina | Roma,2,Roma,2022-2023,Jugador con cambio de club en histórico: requiere validación externa
modeling_productive,edouard michut,Edouard Michut,Fortuna Sittard | Sunderland,2,Sunderland,2022-2023,Jugador con cambio de club en histórico: requiere validación externa
modeling_productive,zion suzuki,Zion Suzuki,Parma | Sint-Truiden,2,Sint-Truiden,2023-2024,Jugador con cambio de club en histórico: requiere validación externa
modeling_productive,alberto moleiro,Alberto Moleiro,Villarreal | Las Palmas,2,Las Palmas,2023-2024,Jugador con cambio de club en histórico: requiere validación externa
modeling_productive,alberto soro,Alberto Soro,Granada | Zaragoza,2,Zaragoza,2019-2020,Jugador con cambio de club en histórico: requiere validación externa
modeling_productive,diogo leite,Diogo Leite,Braga | Porto,2,Porto,2019-2020,Jugador con cambio de club en histórico: requiere validación externa
modeling_productive,dion lopy,Dion Lopy,Almería | Reims,2,Reims,2022-2023,Jugador con cambio de club en histórico: requiere validación externa
modeling_productive,fally mayulu,Fally Mayulu,Rapid Wien | Bristol City,2,Bristol City,2024-2025,Jugador con cambio de club en histórico: requiere validación externa
modeling_productive,fares chaibi,Fares Chaïbi,Eintracht Frankfurt | Toulouse,2,Toulouse,2022-2023,Jugador con cambio de club en histórico: requiere validación externa
modeling_productive,federico chiesa,Federico Chiesa,Fiorentina | Juventus,2,Juventus,2020-2021,Jugador con cambio de club en histórico: requiere validación externa
modeling_productive,felix afena gyan,Felix Afena-Gyan,Cremonese | Roma,2,Roma,2021-2022,Jugador con cambio de club en histórico: requiere validación externa
modeling_productive,felix correia,Félix Correia,Gil Vicente FC | Marítimo,2,Marítimo,2022-2023,Jugador con cambio de club en histórico: requiere validación externa
modeling_productive,felix lemarechal,Félix Lemaréchal,Cercle Brugge | Strasbourg,2,Strasbourg,2025-2026,Jugador con cambio de club en histórico: requiere validación externa
modeling_productive,felix passlack,Felix Passlack,Fortuna Sittard | Dortmund,2,Dortmund,2020-2021,Jugador con cambio de club en histórico: requiere validación externa
modeling_productive,emil hansson,Emil Hansson,Fortuna Sittard | RKC Waalwijk,2,RKC Waalwijk,2019-2020,Jugador con cambio de club en histórico: requiere validación externa
modeling_productive,emile smith rowe,Emile Smith Rowe,Huddersfield Town | Arsenal,2,Arsenal,2020-2021,Jugador con cambio de club en histórico: requiere validación externa
modeling_productive,emmanuel dennis,Emmanuel Dennis,Club Brugge | Köln,2,Köln,2020-2021,Jugador con cambio de club en histórico: requiere validación externa
modeling_productive,endrick,Endrick,Lyon | Real Madrid,2,Real Madrid,2024-2025,Jugador con cambio de club en histórico: requiere validación externa
modeling_productive,enzo boyomo,Enzo Boyomo,Albacete | Valladolid,2,Valladolid,2023-2024,Jugador con cambio de club en histórico: requiere validación externa
modeling_productive,enzo fernandez,Enzo Fernández,Chelsea | Benfica,2,Benfica,2022-2023,Jugador con cambio de club en histórico: requiere validación externa
modeling_productive,eric martel,Eric Martel,Köln | Austria Wien,2,Austria Wien,2021-2022,Jugador con cambio de club en histórico: requiere validación externa
modeling_productive,ezechiel banzuzi,Ezechiel Banzuzi,RB Leipzig | OH Leuven,2,OH Leuven,2023-2024,Jugador con cambio de club en histórico: requiere validación externa
modeling_productive,fabian rieder,Fabian Rieder,Stuttgart | Rennes,2,Rennes,2023-2024,Jugador con cambio de club en histórico: requiere validación externa
modeling_productive,fabio miretti,Fabio Miretti,Juventus | Genoa,2,Genoa,2024-2025,Jugador con cambio de club en histórico: requiere validación externa
modeling_productive,fabio vieira,Fabio Vieira,Arsenal | Porto,2,Porto,2020-2021,Jugador con cambio de club en histórico: requiere validación externa
modeling_productive,facundo buonanotte,Facundo Buonanotte,Leicester City | Brighton,2,Brighton,2023-2024,Jugador con cambio de club en histórico: requiere validación externa
modeling_productive,facundo pellistri,Facundo Pellistri,Alavés | Granada,2,Granada,2023-2024,Jugador con cambio de club en histórico: requiere validación externa
modeling_productive,eduard lowen,Eduard Löwen,Hertha BSC | Augsburg,2,Augsburg,2019-2020,Jugador con cambio de club en histórico: requiere validación externa
modeling_productive,eduardo quaresma,Eduardo Quaresma,Sporting CP | Tondela,2,Tondela,2021-2022,Jugador con cambio de club en histórico: requiere validación externa
modeling_productive,elias havel,Elias Havel,Hartberg | LASK,2,LASK,2023-2024,Jugador con cambio de club en histórico: requiere validación externa
modeling_productive,elliot anderson,Elliot Anderson,Nottingham Forest | Newcastle United,2,Newcastle United,2022-2023,Jugador con cambio de club en histórico: requiere validación externa
modeling_productive,ellis simms,Ellis Simms,Coventry City | Sunderland,2,Sunderland,2022-2023,Jugador con cambio de club en histórico: requiere validación externa
modeling_productive,deyovaisio zeefuik,Deyovaisio Zeefuik,Hertha BSC | Groningen,2,Groningen,2019-2020,Jugador con cambio de club en histórico: requiere validación externa
modeling_productive,diego coppola,Diego Coppola,Paris FC | Hellas Verona,2,Hellas Verona,2022-2023,Jugador con cambio de club en histórico: requiere validación externa
modeling_productive,dies janse,Dies Janse,Groningen | Ajax,2,Ajax,2024-2025,Jugador con cambio de club en histórico: requiere validación externa
modeling_productive,dijon kameri,Dijon Kameri,Rheindorf Altach | RB Salzburg,2,RB Salzburg,2022-2023,Jugador con cambio de club en histórico: requiere validación externa
modeling_productive,diogo dalot,Diogo Dalot,Manchester Utd | Milan,2,Milan,2020-2021,Jugador con cambio de club en histórico: requiere validación externa
modeling_productive,dejan joveljic,Dejan Joveljić,Anderlecht | RZ Pellets WAC,2,RZ Pellets WAC,2020-2021,Jugador con cambio de club en histórico: requiere validación externa
modeling_productive,george bello,George Bello,Arminia | LASK,2,LASK,2023-2024,Jugador con cambio de club en histórico: requiere validación externa
modeling_productive,giacomo quagliata,Giacomo Quagliata,Cremonese | Heracles Almelo,2,Heracles Almelo,2021-2022,Jugador con cambio de club en histórico: requiere validación externa
modeling_productive,giacomo raspadori,Giacomo Raspadori,Napoli | Sassuolo,2,Sassuolo,2020-2021,Jugador con cambio de club en histórico: requiere validación externa
modeling_productive,gianluca scamacca,Gianluca Scamacca,Sassuolo | Genoa,2,Genoa,2020-2021,Jugador con cambio de club en histórico: requiere validación externa
modeling_productive,gianluigi donnarumma,Gianluigi Donnarumma,Paris Saint-Germain | Milan,2,Milan,2019-2020,Jugador con cambio de club en histórico: requiere validación externa
modeling_productive,festy ebosele,Festy Ebosele,Udinese | Watford,2,Udinese,2022-2023,Jugador con cambio de club en histórico: requiere validación externa
modeling_productive,fikayo tomori,Fikayo Tomori,Milan | Chelsea,2,Chelsea,2019-2020,Jugador con cambio de club en histórico: requiere validación externa
modeling_productive,filip stankovic,Filip Stankovic,Venezia | Volendam,2,Volendam,2022-2023,Jugador con cambio de club en histórico: requiere validación externa
modeling_productive,filip stevanovic,Filip Stevanovic,RKC Waalwijk | Heerenveen,2,Heerenveen,2021-2022,Jugador con cambio de club en histórico: requiere validación externa
modeling_productive,filippo ranocchia,Filippo Ranocchia,Empoli | Monza,2,Monza,2022-2023,Jugador con cambio de club en histórico: requiere validación externa
modeling_productive,florian muller,Florian Müller,Freiburg | Mainz 05,2,Mainz 05,2019-2020,Jugador con cambio de club en histórico: requiere validación externa
modeling_productive,florian wirtz,Florian Wirtz,Liverpool | Leverkusen,2,Leverkusen,2022-2023,Jugador con cambio de club en histórico: requiere validación externa
modeling_productive,fran villalba,Fran Villalba,Birmingham City | Almería,2,Almería,2019-2020,Jugador con cambio de club en histórico: requiere validación externa
modeling_productive,franjo ivanovic,Franjo Ivanović,Benfica | Union SG,2,Union SG,2024-2025,Jugador con cambio de club en histórico: requiere validación externa
modeling_productive,evert linthorst,Evert Linthorst,Go Ahead Eagles | VVV-Venlo,2,VVV-Venlo,2020-2021,Jugador con cambio de club en histórico: requiere validación externa
modeling_productive,freddie potts,Freddie Potts,West Ham United | Portsmouth,2,Portsmouth,2024-2025,Jugador con cambio de club en histórico: requiere validación externa
modeling_productive,fredrik oppegard,Fredrik Oppegard,Go Ahead Eagles | Heracles Almelo,2,Heracles Almelo,2023-2024,Jugador con cambio de club en histórico: requiere validación externa
modeling_productive,gabri martinez,Gabri Martínez,Braga | CD Mirandés,2,CD Mirandés,2023-2024,Jugador con cambio de club en histórico: requiere validación externa
modeling_productive,gabriel gudmundsson,Gabriel Gudmundsson,Groningen | Lille,2,Lille,2021-2022,Jugador con cambio de club en histórico: requiere validación externa
modeling_productive,gaetan coucke,Gaëtan Coucke,Mechelen | Genk,2,Genk,2019-2020,Jugador con cambio de club en histórico: requiere validación externa
modeling_productive,geny catamo,Geny Catamo,Sporting CP | Marítimo,2,Marítimo,2022-2023,Jugador con cambio de club en histórico: requiere validación externa
modeling_productive,djevencio van der kust,Djevencio van der Kust,Sparta Rotterdam | Utrecht,2,Utrecht,2022-2023,Jugador con cambio de club en histórico: requiere validación externa
modeling_productive,domagoj bradaric,Domagoj Bradarić,Salernitana | Lille,2,Lille,2021-2022,Jugador con cambio de club en histórico: requiere validación externa
modeling_productive,donyell malen,Donyell Malen,Dortmund | PSV,2,PSV,2019-2020,Jugador con cambio de club en histórico: requiere validación externa
modeling_productive,dusan vlahovic,Dušan Vlahović,Juventus | Fiorentina,2,Fiorentina,2019-2020,Jugador con cambio de club en histórico: requiere validación externa
modeling_productive,dario essugo,Dario Essugo,Las Palmas | Chaves,2,Chaves,2023-2024,Jugador con cambio de club en histórico: requiere validación externa
modeling_productive,dario maresic,Dario Maresic,LASK | Reims,2,Reims,2020-2021,Jugador con cambio de club en histórico: requiere validación externa
modeling_productive,darwin nunez,Darwin Núñez,Almería | Benfica,2,Benfica,2020-2021,Jugador con cambio de club en histórico: requiere validación externa
modeling_productive,dave kwakman,Dave Kwakman,Volendam | Groningen,2,Groningen,2024-2025,Jugador con cambio de club en histórico: requiere validación externa
modeling_productive,david datro fofana,David Datro Fofana,Union Berlin | Burnley,2,Burnley,2023-2024,Jugador con cambio de club en histórico: requiere validación externa
modeling_productive,david lopez,David López,Mallorca | Burgos,2,Burgos,2024-2025,Jugador con cambio de club en histórico: requiere validación externa
modeling_productive,ibrahim sangare,Ibrahim Sangaré,Toulouse | PSV,2,PSV,2020-2021,Jugador con cambio de club en histórico: requiere validación externa
modeling_productive,ibrahim sulemana,Ibrahim Sulemana,Cagliari | Hellas Verona,2,Hellas Verona,2022-2023,Jugador con cambio de club en histórico: requiere validación externa
modeling_productive,gideon mensah,Gideon Mensah,Vitória Guimarães | Zulte Waregem,2,Zulte Waregem,2019-2020,Jugador con cambio de club en histórico: requiere validación externa
modeling_productive,giovane,Giovane,Napoli | Hellas Verona,2,Hellas Verona,2025-2026,Jugador con cambio de club en histórico: requiere validación externa
modeling_productive,giovanni fabbian,Giovanni Fabbian,Fiorentina | Bologna,2,Bologna,2025-2026,Jugador con cambio de club en histórico: requiere validación externa
modeling_productive,giulian biancone,Giulian Biancone,Troyes | Cercle Brugge,2,Cercle Brugge,2020-2021,Jugador con cambio de club en histórico: requiere validación externa
modeling_productive,gjivai zechiel,Gjivai Zechiël,Utrecht | Sparta Rotterdam,2,Sparta Rotterdam,2024-2025,Jugador con cambio de club en histórico: requiere validación externa
modeling_productive,godfried roemeratoe,Godfried Roemeratoe,Willem II | Twente,2,Twente,2020-2021,Jugador con cambio de club en histórico: requiere validación externa
modeling_productive,goncalo ramos,Gonçalo Ramos,Paris Saint-Germain | Benfica,2,Benfica,2021-2022,Jugador con cambio de club en histórico: requiere validación externa
modeling_productive,gonzalo plata,Gonzalo Plata,Sporting CP | Valladolid,2,Valladolid,2021-2022,Jugador con cambio de club en histórico: requiere validación externa
modeling_productive,gonzalo villar,Gonzalo Villar,Elche | Roma,2,Roma,2020-2021,Jugador con cambio de club en histórico: requiere validación externa
modeling_productive,guela doue,Guela Doué,Strasbourg | Rennes,2,Rennes,2023-2024,Jugador con cambio de club en histórico: requiere validación externa
modeling_productive,habib diarra,Habib Diarra,Sunderland | Strasbourg,2,Strasbourg,2022-2023,Jugador con cambio de club en histórico: requiere validación externa
modeling_productive,hakim sahabo,Hakim Sahabo,Standard Liège | Beerschot Wilrijk,2,Beerschot Wilrijk,2024-2025,Jugador con cambio de club en histórico: requiere validación externa
modeling_productive,han noah massengo,Han-Noah Massengo,Bristol City | Auxerre,2,Auxerre,2022-2023,Jugador con cambio de club en histórico: requiere validación externa
modeling_productive,fraser hornby,Fraser Hornby,Reims | Kortrijk,2,Kortrijk,2019-2020,Jugador con cambio de club en histórico: requiere validación externa
modeling_productive,dango ouattara,Dango Ouattara,Bournemouth | Lorient,2,Lorient,2021-2022,Jugador con cambio de club en histórico: requiere validación externa
modeling_productive,dani escriche,Dani Escriche,Huesca | Elche,2,Elche,2019-2020,Jugador con cambio de club en histórico: requiere validación externa
modeling_productive,imran louza,Imran Louza,Nantes | Watford,2,Watford,2021-2022,Jugador con cambio de club en histórico: requiere validación externa
modeling_productive,isaac babadi,Isaac Babadi,Antwerp | PSV,2,PSV,2023-2024,Jugador con cambio de club en histórico: requiere validación externa
modeling_productive,isak jansson,Isak Jansson,Cartagena | Rapid Wien,2,Rapid Wien,2023-2024,Jugador con cambio de club en histórico: requiere validación externa
modeling_productive,ismail jakobs,Ismail Jakobs,Köln | Monaco,2,Monaco,2021-2022,Jugador con cambio de club en histórico: requiere validación externa
modeling_productive,ivan azon,Ivan Azón,Ipswich Town | Zaragoza,2,Zaragoza,2022-2023,Jugador con cambio de club en histórico: requiere validación externa
modeling_productive,hannes wolf,Hannes Wolf,Swansea City | Gladbach,2,Gladbach,2021-2022,Jugador con cambio de club en histórico: requiere validación externa
modeling_productive,harold moukoudi,Harold Moukoudi,Saint-Étienne | Middlesbrough,2,Middlesbrough,2019-2020,Jugador con cambio de club en histórico: requiere validación externa
modeling_productive,harrison armstrong,Harrison Armstrong,Everton | Preston North End,2,Preston North End,2025-2026,Jugador con cambio de club en histórico: requiere validación externa
modeling_productive,harry amass,Harry Amass,Manchester Utd | Sheffield Weds,2,Sheffield Weds,2025-2026,Jugador con cambio de club en histórico: requiere validación externa
modeling_productive,harry clarke,Harry Clarke,Ipswich Town | Stoke City,2,Stoke City,2022-2023,Jugador con cambio de club en histórico: requiere validación externa
modeling_productive,hector fort,Héctor Fort,Elche | Barcelona,2,Barcelona,2024-2025,Jugador con cambio de club en histórico: requiere validación externa
modeling_productive,hugo bueno,Hugo Bueno,Wolves | Feyenoord,2,Feyenoord,2024-2025,Jugador con cambio de club en histórico: requiere validación externa
modeling_productive,hugo duro,Hugo Duro,Valencia | Getafe,2,Getafe,2019-2020,Jugador con cambio de club en histórico: requiere validación externa
modeling_productive,hugo rincon,Hugo Rincón,CD Mirandés | Girona,2,Girona,2025-2026,Jugador con cambio de club en histórico: requiere validación externa
modeling_productive,ibrahima konate,Ibrahima Konaté,Liverpool | RB Leipzig,2,RB Leipzig,2019-2020,Jugador con cambio de club en histórico: requiere validación externa
modeling_productive,idrissa doumbia,Idrissa Doumbia,Sporting CP | Huesca,2,Huesca,2020-2021,Jugador con cambio de club en histórico: requiere validación externa
modeling_productive,ignatius ganago,Ignatius Ganago,Lens | Nice,2,Nice,2019-2020,Jugador con cambio de club en histórico: requiere validación externa
modeling_productive,igor matanovic,Igor Matanovic,Freiburg | Eintracht Frankfurt,2,Eintracht Frankfurt,2024-2025,Jugador con cambio de club en histórico: requiere validación externa
modeling_productive,ilias akhomach,Ilias Akhomach,Rayo Vallecano | Villarreal,2,Villarreal,2024-2025,Jugador con cambio de club en histórico: requiere validación externa
modeling_productive,demir ege tknaz,Demir Ege Tıknaz,Braga | Rio Ave,2,Rio Ave,2024-2025,Jugador con cambio de club en histórico: requiere validación externa
modeling_productive,dermane karim,Dermane Karim,Lorient | Kortrijk,2,Kortrijk,2024-2025,Jugador con cambio de club en histórico: requiere validación externa
modeling_productive,deroy duarte,Deroy Duarte,Fortuna Sittard | Sparta Rotterdam,2,Sparta Rotterdam,2019-2020,Jugador con cambio de club en histórico: requiere validación externa
modeling_productive,desire doue,Désiré Doué,Paris Saint-Germain | Rennes,2,Rennes,2023-2024,Jugador con cambio de club en histórico: requiere validación externa
modeling_productive,destiny udogie,Destiny Udogie,Tottenham Hotspur | Udinese,2,Udinese,2021-2022,Jugador con cambio de club en histórico: requiere validación externa
modeling_productive,devyne rensch,Devyne Rensch,Roma | Ajax,2,Ajax,2021-2022,Jugador con cambio de club en histórico: requiere validación externa
modeling_productive,crysencio summerville,Crysencio Summerville,West Ham United | Leeds United,2,Leeds United,2022-2023,Jugador con cambio de club en histórico: requiere validación externa
modeling_productive,daam foulon,Daam Foulon,Waas-Beveren | Benevento,2,Benevento,2020-2021,Jugador con cambio de club en histórico: requiere validación externa
modeling_productive,daan dierckx,Daan Dierckx,Standard Liège | Parma,2,Parma,2020-2021,Jugador con cambio de club en histórico: requiere validación externa
modeling_productive,daan heymans,Daan Heymans,Charleroi | Waas-Beveren,2,Waas-Beveren,2020-2021,Jugador con cambio de club en histórico: requiere validación externa
modeling_productive,dan ndoye,Dan Ndoye,Bologna | Nice,2,Nice,2020-2021,Jugador con cambio de club en histórico: requiere validación externa
modeling_productive,ivan ilic,Ivan Ilić,Torino | Hellas Verona,2,Hellas Verona,2022-2023,Jugador con cambio de club en histórico: requiere validación externa
modeling_productive,ivan romero,Iván Romero,Levante | Tenerife,2,Tenerife,2022-2023,Jugador con cambio de club en histórico: requiere validación externa
modeling_productive,ivor pandur,Ivor Pandur,Fortuna Sittard | Hellas Verona,2,Hellas Verona,2020-2021,Jugador con cambio de club en histórico: requiere validación externa
modeling_productive,jack clarke,Jack Clarke,Stoke City | Sunderland,2,Sunderland,2023-2024,Jugador con cambio de club en histórico: requiere validación externa
modeling_productive,jackson porozo,Jackson Porozo,Troyes | Boavista,2,Boavista,2020-2021,Jugador con cambio de club en histórico: requiere validación externa
modeling_productive,jacob bruun larsen,Jacob Bruun Larsen,Anderlecht | Hoffenheim,2,Hoffenheim,2019-2020,Jugador con cambio de club en histórico: requiere validación externa
modeling_productive,jacob ondrejka,Jacob Ondrejka,Parma | Antwerp,2,Antwerp,2023-2024,Jugador con cambio de club en histórico: requiere validación externa
modeling_productive,jacopo fazzini,Jacopo Fazzini,Fiorentina | Empoli,2,Empoli,2022-2023,Jugador con cambio de club en histórico: requiere validación externa
modeling_productive,jadon sancho,Jadon Sancho,Manchester Utd | Dortmund,2,Dortmund,2020-2021,Jugador con cambio de club en histórico: requiere validación externa
modeling_productive,jakub kiwior,Jakub Kiwior,Arsenal | Spezia,2,Spezia,2022-2023,Jugador con cambio de club en histórico: requiere validación externa
modeling_productive,jamal lewis,Jamal Lewis,Norwich City | Newcastle United,2,Newcastle United,2020-2021,Jugador con cambio de club en histórico: requiere validación externa
modeling_productive,james hill,James Hill,Bournemouth | Blackburn Rovers,2,Blackburn Rovers,2023-2024,Jugador con cambio de club en histórico: requiere validación externa
modeling_productive,james mcatee,James Mcatee,Manchester City | Sheffield United,2,Sheffield United,2023-2024,Jugador con cambio de club en histórico: requiere validación externa
modeling_productive,jamie gittens,Jamie Gittens,Chelsea | Dortmund,2,Dortmund,2022-2023,Jugador con cambio de club en histórico: requiere validación externa
modeling_productive,jamie leweling,Jamie Leweling,Stuttgart | Greuther Fürth,2,Greuther Fürth,2021-2022,Jugador con cambio de club en histórico: requiere validación externa
modeling_productive,ibrahima diallo,Ibrahima Diallo,Southampton | Brest,2,Brest,2020-2021,Jugador con cambio de club en histórico: requiere validación externa
modeling_productive,joao neves,João Neves,Paris Saint-Germain | Benfica,2,Benfica,2022-2023,Jugador con cambio de club en histórico: requiere validación externa
modeling_productive,jobe bellingham,Jobe Bellingham,Dortmund | Sunderland,2,Sunderland,2024-2025,Jugador con cambio de club en histórico: requiere validación externa
modeling_productive,joe gelhardt,Joe Gelhardt,Leeds United | Sunderland,2,Sunderland,2022-2023,Jugador con cambio de club en histórico: requiere validación externa
modeling_productive,jan paul van hecke,Jan Paul van Hecke,Blackburn Rovers | Heerenveen,2,Heerenveen,2020-2021,Jugador con cambio de club en histórico: requiere validación externa
modeling_productive,jannes van hecke,Jannes Van Hecke,Mechelen | Zulte Waregem,2,Zulte Waregem,2020-2021,Jugador con cambio de club en histórico: requiere validación externa
modeling_productive,jarell quansah,Jarell Quansah,Leverkusen | Liverpool,2,Liverpool,2024-2025,Jugador con cambio de club en histórico: requiere validación externa
modeling_productive,jarne steuckers,Jarne Steuckers,Sint-Truiden | Genk,2,Genk,2024-2025,Jugador con cambio de club en histórico: requiere validación externa
modeling_productive,javi lopez,Javi López,Real Sociedad | Alavés,2,Alavés,2021-2022,Jugador con cambio de club en histórico: requiere validación externa
modeling_productive,javi martinez,Javi Martínez,Osasuna | Huesca,2,Huesca,2022-2023,Jugador con cambio de club en histórico: requiere validación externa
modeling_productive,javi puado,Javi Puado,Espanyol | Zaragoza,2,Zaragoza,2019-2020,Jugador con cambio de club en histórico: requiere validación externa
modeling_productive,jayden addai,Jayden Addai,Como | AZ Alkmaar,2,AZ Alkmaar,2024-2025,Jugador con cambio de club en histórico: requiere validación externa
modeling_productive,jayden bogle,Jayden Bogle,Sheffield United | Derby County,2,Derby County,2019-2020,Jugador con cambio de club en histórico: requiere validación externa
modeling_productive,jean clair todibo,Jean-Clair Todibo,Schalke 04 | Nice,2,Nice,2020-2021,Jugador con cambio de club en histórico: requiere validación externa
modeling_productive,jean victor makengo,Jean-Victor Makengo,Toulouse | Udinese,2,Udinese,2020-2021,Jugador con cambio de club en histórico: requiere validación externa
modeling_productive,jeanuel belocian,Jeanuël Belocian,Wolfsburg | Rennes,2,Rennes,2023-2024,Jugador con cambio de club en histórico: requiere validación externa
modeling_productive,jeff reine adelaide,Jeff Reine-Adélaïde,Nice | Lyon,2,Lyon,2019-2020,Jugador con cambio de club en histórico: requiere validación externa
modeling_productive,john yeboah,John Yeboah,VVV-Venlo | Willem II,2,Willem II,2020-2021,Jugador con cambio de club en histórico: requiere validación externa
modeling_productive,jonathan david,Jonathan David,Lille | Gent,2,Gent,2019-2020,Jugador con cambio de club en histórico: requiere validación externa
modeling_productive,jonathan leko,Jonathan Leko,Birmingham City | Charlton Athletic,2,Charlton Athletic,2019-2020,Jugador con cambio de club en histórico: requiere validación externa
modeling_productive,jordan beyer,Jordan Beyer,Burnley | Gladbach,2,Gladbach,2021-2022,Jugador con cambio de club en histórico: requiere validación externa
modeling_productive,jordi mboula,Jordi Mboula,Estoril | Mallorca,2,Mallorca,2021-2022,Jugador con cambio de club en histórico: requiere validación externa
modeling_productive,jelle bataille,Jelle Bataille,Antwerp | Oostende,2,Oostende,2019-2020,Jugador con cambio de club en histórico: requiere validación externa
modeling_productive,jens odgaard,Jens Odgaard,RKC Waalwijk | Heerenveen,2,Heerenveen,2019-2020,Jugador con cambio de club en histórico: requiere validación externa
modeling_productive,jens petter hauge,Jens Petter Hauge,Eintracht Frankfurt | Milan,2,Milan,2020-2021,Jugador con cambio de club en histórico: requiere validación externa
modeling_productive,jenson seelt,Jenson Seelt,Wolfsburg | Sunderland,2,Sunderland,2023-2024,Jugador con cambio de club en histórico: requiere validación externa
modeling_productive,jeremy antonisse,Jeremy Antonisse,Moreirense | Emmen,2,Emmen,2022-2023,Jugador con cambio de club en histórico: requiere validación externa
modeling_productive,jessic ngankam,Jessic Ngankam,Greuther Fürth | Hertha BSC,2,Hertha BSC,2022-2023,Jugador con cambio de club en histórico: requiere validación externa
modeling_productive,jesus rodriguez,Jesus Rodríguez,Como | Real Betis,2,Real Betis,2024-2025,Jugador con cambio de club en histórico: requiere validación externa
modeling_productive,jhon solis,Jhon Solis,Girona | Birmingham City,2,Birmingham City,2025-2026,Jugador con cambio de club en histórico: requiere validación externa
modeling_productive,joao felix,João Félix,Atlético Madrid | Chelsea,2,Chelsea,2022-2023,Jugador con cambio de club en histórico: requiere validación externa
modeling_productive,joao ferreira,João Ferreira,Vitória Guimarães | Udinese,2,Udinese,2023-2024,Jugador con cambio de club en histórico: requiere validación externa
modeling_productive,joao marques,João Marques,Gil Vicente FC | Estoril,2,Estoril,2023-2024,Jugador con cambio de club en histórico: requiere validación externa
modeling_productive,christopher wooh,Christopher Wooh,Lens | Rennes,2,Rennes,2022-2023,Jugador con cambio de club en histórico: requiere validación externa
modeling_productive,cj egan riley,CJ Egan-Riley,Marseille | Burnley,2,Burnley,2024-2025,Jugador con cambio de club en histórico: requiere validación externa
modeling_productive,joshua zirkzee,Joshua Zirkzee,Anderlecht | Bologna,2,Bologna,2022-2023,Jugador con cambio de club en histórico: requiere validación externa
modeling_productive,josko gvardiol,Joško Gvardiol,Manchester City | RB Leipzig,2,RB Leipzig,2022-2023,Jugador con cambio de club en histórico: requiere validación externa
modeling_productive,jrgen strand larsen,Jørgen Strand Larsen,Celta Vigo | Groningen,2,Groningen,2022-2023,Jugador con cambio de club en histórico: requiere validación externa
modeling_productive,juan miranda,Juan Miranda,Real Betis | Schalke 04,2,Schalke 04,2019-2020,Jugador con cambio de club en histórico: requiere validación externa
modeling_productive,juan rodriguez,Juan Rodríguez,Cagliari | Tondela,2,Tondela,2025-2026,Jugador con cambio de club en histórico: requiere validación externa
modeling_productive,juanlu sanchez,Juanlu Sánchez,Sevilla | CD Mirandés,2,CD Mirandés,2022-2023,Jugador con cambio de club en histórico: requiere validación externa
modeling_productive,jude bellingham,Jude Bellingham,Real Madrid | Dortmund,2,Dortmund,2022-2023,Jugador con cambio de club en histórico: requiere validación externa
modeling_productive,joe rodon,Joe Rodon,Tottenham Hotspur | Swansea City,2,Swansea City,2020-2021,Jugador con cambio de club en histórico: requiere validación externa
modeling_productive,joe willock,Joe Willock,Newcastle United | Arsenal,2,Arsenal,2019-2020,Jugador con cambio de club en histórico: requiere validación externa
modeling_productive,joel piroe,Joël Piroe,Swansea City | Sparta Rotterdam,2,Sparta Rotterdam,2019-2020,Jugador con cambio de club en histórico: requiere validación externa
modeling_productive,joey veerman,Joey Veerman,Heerenveen | PSV,2,PSV,2021-2022,Jugador con cambio de club en histórico: requiere validación externa
modeling_productive,johan bakayoko,Johan Bakayoko,RB Leipzig | PSV,2,PSV,2022-2023,Jugador con cambio de club en histórico: requiere validación externa
modeling_productive,johann lepenant,Johann Lepenant,Nantes | Lyon,2,Lyon,2022-2023,Jugador con cambio de club en histórico: requiere validación externa
modeling_productive,johannes eggestein,Johannes Eggestein,LASK | Werder Bremen,2,Werder Bremen,2019-2020,Jugador con cambio de club en histórico: requiere validación externa
modeling_productive,kamal sowah,Kamal Sowah,OH Leuven | Club Brugge,2,Club Brugge,2021-2022,Jugador con cambio de club en histórico: requiere validación externa
modeling_productive,kamaldeen sulemana,Kamaldeen Sulemana,Southampton | Rennes,2,Rennes,2022-2023,Jugador con cambio de club en histórico: requiere validación externa
modeling_productive,jorrel hato,Jorrel Hato,Chelsea | Ajax,2,Ajax,2024-2025,Jugador con cambio de club en histórico: requiere validación externa
modeling_productive,josh bowler,Josh Bowler,Blackpool | Hull City,2,Hull City,2019-2020,Jugador con cambio de club en histórico: requiere validación externa
modeling_productive,josh doig,Josh Doig,Sassuolo | Hellas Verona,2,Hellas Verona,2023-2024,Jugador con cambio de club en histórico: requiere validación externa
modeling_productive,josh sargent,Josh Sargent,Norwich City | Werder Bremen,2,Werder Bremen,2019-2020,Jugador con cambio de club en histórico: requiere validación externa
modeling_productive,josh tymon,Josh Tymon,Famalicão | Stoke City,2,Stoke City,2020-2021,Jugador con cambio de club en histórico: requiere validación externa
modeling_productive,dani gomez,Dani Gómez,Levante | Tenerife,2,Tenerife,2019-2020,Jugador con cambio de club en histórico: requiere validación externa
modeling_productive,daniel maldini,Daniel Maldini,Spezia | Monza,2,Monza,2023-2024,Jugador con cambio de club en histórico: requiere validación externa
modeling_productive,daniel van kaam,Daniël van Kaam,Cambuur | Groningen,2,Groningen,2021-2022,Jugador con cambio de club en histórico: requiere validación externa
modeling_productive,daniele ghilardi,Daniele Ghilardi,Hellas Verona | Roma,2,Roma,2025-2026,Jugador con cambio de club en histórico: requiere validación externa
modeling_productive,danilo veiga,Danilo Veiga,Lecce | Estrela,2,Estrela,2024-2025,Jugador con cambio de club en histórico: requiere validación externa
modeling_productive,dante rigo,Dante Rigo,Sparta Rotterdam | ADO Den Haag,2,ADO Den Haag,2020-2021,Jugador con cambio de club en histórico: requiere validación externa
modeling_productive,chris richards,Chris Richards,Crystal Palace | Hoffenheim,2,Hoffenheim,2020-2021,Jugador con cambio de club en histórico: requiere validación externa
modeling_productive,chris willock,Chris Willock,Huddersfield Town | QPR,2,QPR,2020-2021,Jugador con cambio de club en histórico: requiere validación externa
modeling_productive,christian kouame,Christian Kouamé,Fiorentina | Genoa,2,Genoa,2019-2020,Jugador con cambio de club en histórico: requiere validación externa
modeling_productive,kevin denkey,Kévin Denkey,Cercle Brugge | Nîmes,2,Nîmes,2020-2021,Jugador con cambio de club en histórico: requiere validación externa
modeling_productive,kevin schade,Kevin Schade,Brentford | Freiburg,2,Freiburg,2021-2022,Jugador con cambio de club en histórico: requiere validación externa
modeling_productive,kian fitz jim,Kian Fitz-Jim,Ajax | Excelsior,2,Excelsior,2023-2024,Jugador con cambio de club en histórico: requiere validación externa
modeling_productive,kieran dowell,Kieran Dowell,Derby County | Wigan Athletic,2,Wigan Athletic,2019-2020,Jugador con cambio de club en histórico: requiere validación externa
modeling_productive,kik pierie,Kik Pierie,Excelsior | Twente,2,Twente,2020-2021,Jugador con cambio de club en histórico: requiere validación externa
modeling_productive,kike salas,Kike Salas,Sevilla | Tenerife,2,Tenerife,2022-2023,Jugador con cambio de club en histórico: requiere validación externa
modeling_productive,juho talvitie,Juho Talvitie,Heracles Almelo | NAC Breda,2,NAC Breda,2025-2026,Jugador con cambio de club en histórico: requiere validación externa
modeling_productive,julen lobete,Julen Lobete,RKC Waalwijk | Real Sociedad B,2,Real Sociedad B,2021-2022,Jugador con cambio de club en histórico: requiere validación externa
modeling_productive,julian baas,Julian Baas,Sparta Rotterdam | Excelsior,2,Excelsior,2022-2023,Jugador con cambio de club en histórico: requiere validación externa
modeling_productive,junior kadile,Junior Kadile,Almere City | Famalicão,2,Famalicão,2022-2023,Jugador con cambio de club en histórico: requiere validación externa
modeling_productive,jurgen ekkelenkamp,Jurgen Ekkelenkamp,Hertha BSC | Ajax,2,Ajax,2020-2021,Jugador con cambio de club en histórico: requiere validación externa
modeling_productive,kacper urbanski,Kacper Urbanski,Monza | Bologna,2,Bologna,2023-2024,Jugador con cambio de club en histórico: requiere validación externa
modeling_productive,kai havertz,Kai Havertz,Leverkusen | Chelsea,2,Chelsea,2020-2021,Jugador con cambio de club en histórico: requiere validación externa
modeling_productive,kaiky,Kaiky,Almería | Albacete,2,Albacete,2023-2024,Jugador con cambio de club en histórico: requiere validación externa
modeling_productive,kaine kesler hayden,Kaine Kesler-Hayden,Plymouth Argyle | Huddersfield Town,2,Huddersfield Town,2022-2023,Jugador con cambio de club en histórico: requiere validación externa
modeling_productive,kaj sierhuis,Kaj Sierhuis,Groningen | Reims,2,Reims,2020-2021,Jugador con cambio de club en histórico: requiere validación externa
modeling_productive,kristjan asllani,Kristjan Asllani,Inter | Empoli,2,Empoli,2021-2022,Jugador con cambio de club en histórico: requiere validación externa
modeling_productive,kristoffer askildsen,Kristoffer Askildsen,Sampdoria | Lecce,2,Lecce,2022-2023,Jugador con cambio de club en histórico: requiere validación externa
modeling_productive,lamine camara,Lamine Camara,Monaco | Metz,2,Metz,2023-2024,Jugador con cambio de club en histórico: requiere validación externa
modeling_productive,lazar samardzic,Lazar Samardzic,Atalanta | Udinese,2,Udinese,2021-2022,Jugador con cambio de club en histórico: requiere validación externa
modeling_productive,leo greiml,Leo Greiml,Rapid Wien | Schalke 04,2,Schalke 04,2022-2023,Jugador con cambio de club en histórico: requiere validación externa
modeling_productive,leo sauer,Leo Sauer,Feyenoord | NAC Breda,2,NAC Breda,2024-2025,Jugador con cambio de club en histórico: requiere validación externa
modeling_productive,leonardo buta,Leonardo Buta,Gil Vicente FC | Moreirense,2,Moreirense,2024-2025,Jugador con cambio de club en histórico: requiere validación externa
modeling_productive,leopold querfeld,Leopold Querfeld,Union Berlin | Rapid Wien,2,Rapid Wien,2023-2024,Jugador con cambio de club en histórico: requiere validación externa
modeling_productive,kamory doumbia,Kamory Doumbia,Brest | Reims,2,Reims,2022-2023,Jugador con cambio de club en histórico: requiere validación externa
modeling_productive,karim adeyemi,Karim Adeyemi,Dortmund | RB Salzburg,2,RB Salzburg,2020-2021,Jugador con cambio de club en histórico: requiere validación externa
modeling_productive,keane lewis potter,Keane Lewis-Potter,Brentford | Hull City,2,Hull City,2021-2022,Jugador con cambio de club en histórico: requiere validación externa
modeling_productive,keidi bare,Keidi Bare,Espanyol | Málaga,2,Málaga,2019-2020,Jugador con cambio de club en histórico: requiere validación externa
modeling_productive,keito nakamura,Keito Nakamura,Twente | LASK,2,LASK,2022-2023,Jugador con cambio de club en histórico: requiere validación externa
modeling_productive,kento shiogai,Kento Shiogai,Wolfsburg | NEC Nijmegen,2,NEC Nijmegen,2025-2026,Jugador con cambio de club en histórico: requiere validación externa
modeling_productive,kenzo goudmijn,Kenzo Goudmijn,Excelsior | Derby County,2,Derby County,2024-2025,Jugador con cambio de club en histórico: requiere validación externa
modeling_productive,kevin agudelo,Kevin Agudelo,Spezia | Genoa,2,Genoa,2019-2020,Jugador con cambio de club en histórico: requiere validación externa
modeling_productive,carlos romero,Carlos Romero,Espanyol | Villarreal B,2,Villarreal B,2023-2024,Jugador con cambio de club en histórico: requiere validación externa
modeling_productive,carney chukwuemeka,Carney Chukwuemeka,Dortmund | Chelsea,2,Chelsea,2022-2023,Jugador con cambio de club en histórico: requiere validación externa
modeling_productive,casper terho,Casper Terho,OH Leuven | Union SG,2,Union SG,2024-2025,Jugador con cambio de club en histórico: requiere validación externa
modeling_productive,castello lukeba,Castello Lukeba,RB Leipzig | Lyon,2,Lyon,2022-2023,Jugador con cambio de club en histórico: requiere validación externa
modeling_productive,caue,Cauê,Casa Pia | Gil Vicente FC,2,Gil Vicente FC,2024-2025,Jugador con cambio de club en histórico: requiere validación externa
modeling_productive,loic mbe soh,Loïc Mbe Soh,Nottingham Forest | Almere City,2,Almere City,2023-2024,Jugador con cambio de club en histórico: requiere validación externa
modeling_productive,louis patris,Louis Patris,OH Leuven | Anderlecht,2,Anderlecht,2023-2024,Jugador con cambio de club en histórico: requiere validación externa
modeling_productive,luca kilian,Luca Kilian,Köln | Mainz 05,2,Mainz 05,2020-2021,Jugador con cambio de club en histórico: requiere validación externa
modeling_productive,luca koleosho,Luca Koleosho,Paris FC | Burnley,2,Burnley,2023-2024,Jugador con cambio de club en histórico: requiere validación externa
modeling_productive,kilian ludewig,Kilian Ludewig,Barnsley | Schalke 04,2,Schalke 04,2020-2021,Jugador con cambio de club en histórico: requiere validación externa
modeling_productive,kjell scherpen,Kjell Scherpen,Oostende | Vitesse,2,Vitesse,2022-2023,Jugador con cambio de club en histórico: requiere validación externa
modeling_productive,koba koindredi,Koba Koindredi,Estoril | Oviedo,2,Oviedo,2022-2023,Jugador con cambio de club en histórico: requiere validación externa
modeling_productive,konan n dri,Konan N'dri,OH Leuven | Eupen,2,Eupen,2021-2022,Jugador con cambio de club en histórico: requiere validación externa
modeling_productive,koni de winter,Koni De Winter,Genoa | Empoli,2,Empoli,2022-2023,Jugador con cambio de club en histórico: requiere validación externa
modeling_productive,konrad de la fuente,Konrad De La Fuente,Marseille | Eibar,2,Eibar,2023-2024,Jugador con cambio de club en histórico: requiere validación externa
modeling_productive,krepin diatta,Krépin Diatta,Monaco | Club Brugge,2,Club Brugge,2020-2021,Jugador con cambio de club en histórico: requiere validación externa
modeling_productive,luis maximiano,Luís Maximiano,Sporting CP | Granada,2,Granada,2021-2022,Jugador con cambio de club en histórico: requiere validación externa
modeling_productive,luis perea,Luis Perea,Alcorcón | Leganés,2,Leganés,2020-2021,Jugador con cambio de club en histórico: requiere validación externa
modeling_productive,luka jovic,Luka Jović,Eintracht Frankfurt | Real Madrid,2,Real Madrid,2019-2020,Jugador con cambio de club en histórico: requiere validación externa
modeling_productive,lewis hall,Lewis Hall,Newcastle United | Chelsea,2,Chelsea,2022-2023,Jugador con cambio de club en histórico: requiere validación externa
modeling_productive,liberato cacace,Liberato Cacace,Sint-Truiden | Empoli,2,Empoli,2021-2022,Jugador con cambio de club en histórico: requiere validación externa
modeling_productive,lindon selahi,Lindon Selahi,Willem II | Twente,2,Twente,2019-2020,Jugador con cambio de club en histórico: requiere validación externa
modeling_productive,lluis lopez,Lluis López,Espanyol | Tenerife,2,Tenerife,2019-2020,Jugador con cambio de club en histórico: requiere validación externa
modeling_productive,clemens riedel,Clemens Riedel,Espanyol | Darmstadt 98,2,Darmstadt 98,2023-2024,Jugador con cambio de club en histórico: requiere validación externa
modeling_productive,cody drameh,Cody Drameh,Cardiff City | Luton Town,2,Luton Town,2022-2023,Jugador con cambio de club en histórico: requiere validación externa
modeling_productive,cole palmer,Cole Palmer,Chelsea | Manchester City,2,Manchester City,2022-2023,Jugador con cambio de club en histórico: requiere validación externa
modeling_productive,conrad harder,Conrad Harder,RB Leipzig | Sporting CP,2,Sporting CP,2024-2025,Jugador con cambio de club en histórico: requiere validación externa
modeling_productive,cristhian mosquera,Cristhian Mosquera,Arsenal | Valencia,2,Valencia,2023-2024,Jugador con cambio de club en histórico: requiere validación externa
modeling_productive,cristian romero,Cristian Romero,Atalanta | Genoa,2,Genoa,2019-2020,Jugador con cambio de club en histórico: requiere validación externa
modeling_productive,carlos baleba,Carlos Baleba,Brighton | Lille,2,Lille,2022-2023,Jugador con cambio de club en histórico: requiere validación externa
modeling_productive,carlos forbs,Carlos Forbs,Club Brugge | Ajax,2,Ajax,2023-2024,Jugador con cambio de club en histórico: requiere validación externa
modeling_productive,carlos martin,Carlos Martín,CD Mirandés | Alavés,2,Alavés,2024-2025,Jugador con cambio de club en histórico: requiere validación externa
modeling_productive,malick fofana,Malick Fofana,Lyon | Gent,2,Gent,2023-2024,Jugador con cambio de club en histórico: requiere validación externa
modeling_productive,malick thiaw,Malick Thiaw,Schalke 04 | Milan,2,Milan,2022-2023,Jugador con cambio de club en histórico: requiere validación externa
modeling_productive,malick yalcouye,Malick Yalcouye,Sturm Graz | Swansea City,2,Swansea City,2025-2026,Jugador con cambio de club en histórico: requiere validación externa
modeling_productive,malo gusto,Malo Gusto,Chelsea | Lyon,2,Lyon,2022-2023,Jugador con cambio de club en histórico: requiere validación externa
modeling_productive,mamadou coulibaly,Mamadou Coulibaly,Salernitana | Monaco,2,Monaco,2025-2026,Jugador con cambio de club en histórico: requiere validación externa
modeling_productive,mamadou diakhon,Mamadou Diakhon,Club Brugge | Reims,2,Reims,2024-2025,Jugador con cambio de club en histórico: requiere validación externa
modeling_productive,mamadou sangare,Mamadou Sangare,Hartberg | Rapid Wien,2,Rapid Wien,2024-2025,Jugador con cambio de club en histórico: requiere validación externa
modeling_productive,luca marianucci,Luca Marianucci,Torino | Empoli,2,Empoli,2024-2025,Jugador con cambio de club en histórico: requiere validación externa
modeling_productive,luca netz,Luca Netz,Nottingham Forest | Gladbach,2,Gladbach,2022-2023,Jugador con cambio de club en histórico: requiere validación externa
modeling_productive,luca oyen,Luca Oyen,Heerenveen | Genk,2,Genk,2023-2024,Jugador con cambio de club en histórico: requiere validación externa
modeling_productive,luca zidane,Luca Zidane,Racing Sant | Rayo Vallecano,2,Rayo Vallecano,2020-2021,Jugador con cambio de club en histórico: requiere validación externa
modeling_productive,lucas da cunha,Lucas Da Cunha,Clermont Foot | Nice,2,Nice,2021-2022,Jugador con cambio de club en histórico: requiere validación externa
modeling_productive,lucas paqueta,Lucas Paquetá,Lyon | Milan,2,Milan,2019-2020,Jugador con cambio de club en histórico: requiere validación externa
modeling_productive,lucas stassin,Lucas Stassin,Saint-Étienne | Westerlo,2,Westerlo,2024-2025,Jugador con cambio de club en histórico: requiere validación externa
modeling_productive,luciano valente,Luciano Valente,Feyenoord | Groningen,2,Groningen,2024-2025,Jugador con cambio de club en histórico: requiere validación externa
modeling_productive,luis binks,Luis Binks,Coventry City | Bologna,2,Bologna,2021-2022,Jugador con cambio de club en histórico: requiere validación externa
modeling_productive,luka sucic,Luka Sučić,Real Sociedad | RB Salzburg,2,RB Salzburg,2022-2023,Jugador con cambio de club en histórico: requiere validación externa
modeling_productive,lukas nmecha,Lukas Nmecha,Anderlecht | Middlesbrough,2,Middlesbrough,2019-2020,Jugador con cambio de club en histórico: requiere validación externa
modeling_productive,lyle foster,Lyle Foster,Burnley | Cercle Brugge,2,Cercle Brugge,2019-2020,Jugador con cambio de club en histórico: requiere validación externa
modeling_productive,maarten vandevoordt,Maarten Vandevoordt,RB Leipzig | Genk,2,Genk,2020-2021,Jugador con cambio de club en histórico: requiere validación externa
modeling_productive,majeed ashimeru,Majeed Ashimeru,Anderlecht | RB Salzburg,2,RB Salzburg,2020-2021,Jugador con cambio de club en histórico: requiere validación externa
modeling_productive,cenk ozkacar,Cenk Özkacar,OH Leuven | Valencia,2,Valencia,2022-2023,Jugador con cambio de club en histórico: requiere validación externa
modeling_productive,chadi riad,Chadi Riad,Crystal Palace | Real Betis,2,Real Betis,2023-2024,Jugador con cambio de club en histórico: requiere validación externa
modeling_productive,charlie cresswell,Charlie Cresswell,Toulouse | Millwall,2,Millwall,2022-2023,Jugador con cambio de club en histórico: requiere validación externa
modeling_productive,cheick doucoure,Cheick Doucouré,Crystal Palace | Lens,2,Lens,2020-2021,Jugador con cambio de club en histórico: requiere validación externa
modeling_productive,chemsdine talbi,Chemsdine Talbi,Sunderland | Club Brugge,2,Club Brugge,2024-2025,Jugador con cambio de club en histórico: requiere validación externa
modeling_productive,bruno amione,Bruno Amione,Hellas Verona | Sampdoria,2,Sampdoria,2022-2023,Jugador con cambio de club en histórico: requiere validación externa
modeling_productive,bruno rodrigues,Bruno Rodrigues,Chaves | Braga,2,Braga,2021-2022,Jugador con cambio de club en histórico: requiere validación externa
modeling_productive,bryan reynolds,Bryan Reynolds,Westerlo | Kortrijk,2,Kortrijk,2022-2023,Jugador con cambio de club en histórico: requiere validación externa
modeling_productive,bryan teixeira,Bryan Teixeira,Sturm Graz | SC Austria Lustenau,2,SC Austria Lustenau,2022-2023,Jugador con cambio de club en histórico: requiere validación externa
modeling_productive,caleb okoli,Caleb Okoli,Atalanta | Frosinone,2,Frosinone,2023-2024,Jugador con cambio de club en histórico: requiere validación externa
modeling_productive,calvin stengs,Calvin Stengs,AZ Alkmaar | Nice,2,Nice,2021-2022,Jugador con cambio de club en histórico: requiere validación externa
modeling_productive,mathys tel,Mathys Tel,Tottenham Hotspur | Bayern Munich,2,Bayern Munich,2023-2024,Jugador con cambio de club en histórico: requiere validación externa
modeling_productive,matte smets,Matte Smets,Sint-Truiden | Genk,2,Genk,2024-2025,Jugador con cambio de club en histórico: requiere validación externa
modeling_productive,matteo cancellieri,Matteo Cancellieri,Parma | Empoli,2,Empoli,2023-2024,Jugador con cambio de club en histórico: requiere validación externa
modeling_productive,mamadou sarr,Mamadou Sarr,Strasbourg | RWDM,2,RWDM,2023-2024,Jugador con cambio de club en histórico: requiere validación externa
modeling_productive,manu morlanes,Manu Morlanes,Almería | Espanyol,2,Espanyol,2021-2022,Jugador con cambio de club en histórico: requiere validación externa
modeling_productive,manu sanchez,Manu Sánchez,Atlético Madrid | Osasuna,2,Osasuna,2020-2021,Jugador con cambio de club en histórico: requiere validación externa
modeling_productive,marash kumbulla,Marash Kumbulla,Hellas Verona | Roma,2,Roma,2021-2022,Jugador con cambio de club en histórico: requiere validación externa
modeling_productive,marc guehi,Marc Guéhi,Swansea City | Crystal Palace,2,Crystal Palace,2021-2022,Jugador con cambio de club en histórico: requiere validación externa
modeling_productive,marcos paulo,Marcos Paulo,CD Mirandés | Famalicão,2,Famalicão,2021-2022,Jugador con cambio de club en histórico: requiere validación externa
modeling_productive,marcos pena,Marcos Peña,Famalicão | Almería,2,Almería,2023-2024,Jugador con cambio de club en histórico: requiere validación externa
modeling_productive,marcus forss,Marcus Forss,Brentford | Hull City,2,Hull City,2021-2022,Jugador con cambio de club en histórico: requiere validación externa
modeling_productive,marin pongracic,Marin Pongračić,Wolfsburg | RB Salzburg,2,RB Salzburg,2019-2020,Jugador con cambio de club en histórico: requiere validación externa
modeling_productive,mario martin,Mario Martín,Getafe | Valladolid,2,Valladolid,2024-2025,Jugador con cambio de club en histórico: requiere validación externa
modeling_productive,marko milovanovic,Marko Milovanović,Alverca | Almería,2,Almería,2023-2024,Jugador con cambio de club en histórico: requiere validación externa
modeling_productive,marlon,Marlon,Boavista | Sassuolo,2,Sassuolo,2019-2020,Jugador con cambio de club en histórico: requiere validación externa
modeling_productive,marouan azarkan,Marouan Azarkan,Utrecht | Excelsior,2,Excelsior,2022-2023,Jugador con cambio de club en histórico: requiere validación externa
modeling_productive,maxime esteve,Maxime Estève,Burnley | Montpellier,2,Montpellier,2023-2024,Jugador con cambio de club en histórico: requiere validación externa
modeling_productive,maxime lopez,Maxime Lopez,Sassuolo | Marseille,2,Marseille,2019-2020,Jugador con cambio de club en histórico: requiere validación externa
modeling_productive,maximilian bauer,Maximilian Bauer,Augsburg | Greuther Fürth,2,Greuther Fürth,2021-2022,Jugador con cambio de club en histórico: requiere validación externa
modeling_productive,maximilian beier,Maximilian Beier,Dortmund | Hoffenheim,2,Hoffenheim,2023-2024,Jugador con cambio de club en histórico: requiere validación externa
modeling_productive,maximo perrone,Máximo Perrone,Como | Las Palmas,2,Las Palmas,2023-2024,Jugador con cambio de club en histórico: requiere validación externa
modeling_productive,mayckel lahdo,Mayckel Lahdo,Nantes | AZ Alkmaar,2,AZ Alkmaar,2022-2023,Jugador con cambio de club en histórico: requiere validación externa
modeling_productive,melvin bard,Melvin Bard,Nice | Lyon,2,Lyon,2020-2021,Jugador con cambio de club en histórico: requiere validación externa
modeling_productive,mergim berisha,Mergim Berisha,RB Salzburg | Rheindorf Altach,2,Rheindorf Altach,2019-2020,Jugador con cambio de club en histórico: requiere validación externa
modeling_productive,martin degaard,Martin Ødegaard,Arsenal | Real Sociedad,2,Real Sociedad,2019-2020,Jugador con cambio de club en histórico: requiere validación externa
modeling_productive,martin satriano,Martin Satriano,Brest | Empoli,2,Empoli,2022-2023,Jugador con cambio de club en histórico: requiere validación externa
modeling_productive,marwan al sahafi,Marwan Al Sahafi,Antwerp | Beerschot Wilrijk,2,Beerschot Wilrijk,2024-2025,Jugador con cambio de club en histórico: requiere validación externa
modeling_productive,mason greenwood,Mason Greenwood,Manchester Utd | Getafe,2,Getafe,2023-2024,Jugador con cambio de club en histórico: requiere validación externa
modeling_productive,mateo joseph,Mateo Joseph,Mallorca | Leeds United,2,Leeds United,2024-2025,Jugador con cambio de club en histórico: requiere validación externa
modeling_productive,matheus cunha,Matheus Cunha,Atlético Madrid | Hertha BSC,2,Hertha BSC,2019-2020,Jugador con cambio de club en histórico: requiere validación externa
modeling_productive,mathias delorge,Mathias Delorge,Sint-Truiden | Gent,2,Gent,2025-2026,Jugador con cambio de club en histórico: requiere validación externa
modeling_productive,mathis amougou,Mathis Amougou,Strasbourg | Saint-Étienne,2,Saint-Étienne,2024-2025,Jugador con cambio de club en histórico: requiere validación externa
modeling_productive,borja garces,Borja Garcés,CF Fuenlabrada | Leganés,2,Leganés,2021-2022,Jugador con cambio de club en histórico: requiere validación externa
modeling_productive,boubacar kamara,Boubacar Kamara,Aston Villa | Marseille,2,Marseille,2019-2020,Jugador con cambio de club en histórico: requiere validación externa
modeling_productive,boubacar traore,Boubacar Traoré,Metz | Wolves,2,Wolves,2022-2023,Jugador con cambio de club en histórico: requiere validación externa
modeling_productive,boubakary soumare,Boubakary Soumaré,Leicester City | Lille,2,Lille,2019-2020,Jugador con cambio de club en histórico: requiere validación externa
modeling_productive,mika marmol,Mika Mármol,Las Palmas | Andorra,2,Andorra,2022-2023,Jugador con cambio de club en histórico: requiere validación externa
modeling_productive,mike penders,Mike Penders,Strasbourg | Genk,2,Genk,2024-2025,Jugador con cambio de club en histórico: requiere validación externa
modeling_productive,mike tresor,Mike Trésor,Willem II | Genk,2,Genk,2021-2022,Jugador con cambio de club en histórico: requiere validación externa
modeling_productive,mikkel damsgaard,Mikkel Damsgaard,Brentford | Sampdoria,2,Sampdoria,2021-2022,Jugador con cambio de club en histórico: requiere validación externa
modeling_productive,milan smit,Milan Smit,Go Ahead Eagles | Stoke City,2,Stoke City,2025-2026,Jugador con cambio de club en histórico: requiere validación externa
modeling_productive,million manhoef,Million Manhoef,Vitesse | Stoke City,2,Stoke City,2023-2024,Jugador con cambio de club en histórico: requiere validación externa
modeling_productive,matteo prati,Matteo Prati,Torino | Cagliari,2,Cagliari,2024-2025,Jugador con cambio de club en histórico: requiere validación externa
modeling_productive,matteo ruggeri,Matteo Ruggeri,Atalanta | Salernitana,2,Salernitana,2021-2022,Jugador con cambio de club en histórico: requiere validación externa
modeling_productive,matthaus taferner,Matthäus Taferner,RZ Pellets WAC | WSG Tirol,2,WSG Tirol,2023-2024,Jugador con cambio de club en histórico: requiere validación externa
modeling_productive,matthew sorinola,Matthew Sorinola,Swansea City | Plymouth Argyle,2,Plymouth Argyle,2023-2024,Jugador con cambio de club en histórico: requiere validación externa
modeling_productive,matthis abline,Matthis Abline,Nantes | Auxerre,2,Auxerre,2022-2023,Jugador con cambio de club en histórico: requiere validación externa
modeling_productive,mauro junior,Mauro Júnior,Heracles Almelo | PSV,2,PSV,2020-2021,Jugador con cambio de club en histórico: requiere validación externa
modeling_productive,mohammed salisu,Mohammed Salisu,Southampton | Valladolid,2,Valladolid,2019-2020,Jugador con cambio de club en histórico: requiere validación externa
modeling_productive,mert muldur,Mert Müldür,Sassuolo | Rapid Wien,2,Rapid Wien,2019-2020,Jugador con cambio de club en histórico: requiere validación externa
modeling_productive,mexx meerdink,Mexx Meerdink,AZ Alkmaar | Vitesse,2,Vitesse,2023-2024,Jugador con cambio de club en histórico: requiere validación externa
modeling_productive,michael kayode,Michael Kayode,Brentford | Fiorentina,2,Fiorentina,2023-2024,Jugador con cambio de club en histórico: requiere validación externa
modeling_productive,michael obafemi,Michael Obafemi,Southampton | Swansea City,2,Swansea City,2022-2023,Jugador con cambio de club en histórico: requiere validación externa
modeling_productive,michal sadilek,Michal Sadílek,PSV | Twente,2,Twente,2021-2022,Jugador con cambio de club en histórico: requiere validación externa
modeling_productive,micky van de ven,Micky van de Ven,Tottenham Hotspur | Wolfsburg,2,Wolfsburg,2022-2023,Jugador con cambio de club en histórico: requiere validación externa
modeling_productive,miguel rodriguez,Miguel Rodríguez,Utrecht | Celta Vigo,2,Celta Vigo,2023-2024,Jugador con cambio de club en histórico: requiere validación externa
modeling_productive,calvin twigt,Calvin Twigt,Go Ahead Eagles | Volendam,2,Volendam,2023-2024,Jugador con cambio de club en histórico: requiere validación externa
modeling_productive,can bozdogan,Can Bozdogan,Utrecht | Schalke 04,2,Schalke 04,2020-2021,Jugador con cambio de club en histórico: requiere validación externa
modeling_productive,carel eiting,Carel Eiting,Huddersfield Town | Ajax,2,Ajax,2019-2020,Jugador con cambio de club en histórico: requiere validación externa
modeling_productive,carles alena,Carles Aleñá,Real Betis | Getafe,2,Getafe,2020-2021,Jugador con cambio de club en histórico: requiere validación externa
modeling_productive,carles perez,Carles Pérez,Barcelona | Roma,2,Roma,2019-2020,Jugador con cambio de club en histórico: requiere validación externa
modeling_productive,benoit badiashile,Benoît Badiashile,Chelsea | Monaco,2,Monaco,2022-2023,Jugador con cambio de club en histórico: requiere validación externa
modeling_productive,bertug yldrm,Bertuğ Yıldırım,Getafe | Rennes,2,Rennes,2023-2024,Jugador con cambio de club en histórico: requiere validación externa
modeling_productive,billy gilmour,Billy Gilmour,Norwich City | Brighton,2,Brighton,2022-2023,Jugador con cambio de club en histórico: requiere validación externa
modeling_productive,bashir humphreys,Bashir Humphreys,Burnley | Swansea City,2,Swansea City,2023-2024,Jugador con cambio de club en histórico: requiere validación externa
modeling_productive,nathan,Nathan,Boavista | Famalicão,2,Famalicão,2023-2024,Jugador con cambio de club en histórico: requiere validación externa
modeling_productive,nathan ngoy,Nathan Ngoy,Standard Liège | Lille,2,Lille,2025-2026,Jugador con cambio de club en histórico: requiere validación externa
modeling_productive,neco williams,Neco Williams,Nottingham Forest | Fulham,2,Fulham,2021-2022,Jugador con cambio de club en histórico: requiere validación externa
modeling_productive,neraysho kasanwirjo,Neraysho Kasanwirjo,Groningen | Rapid Wien,2,Rapid Wien,2023-2024,Jugador con cambio de club en histórico: requiere validación externa
modeling_productive,ngal ayel mukau,Ngal'Ayel Mukau,Lille | Mechelen,2,Mechelen,2023-2024,Jugador con cambio de club en histórico: requiere validación externa
modeling_productive,mimeirhel benita,Mimeirhel Benita,Heracles Almelo | Excelsior,2,Excelsior,2023-2024,Jugador con cambio de club en histórico: requiere validación externa
modeling_productive,mio backhaus,Mio Backhaus,Werder Bremen | Volendam,2,Volendam,2023-2024,Jugador con cambio de club en histórico: requiere validación externa
modeling_productive,mitchel bakker,Mitchel Bakker,Paris Saint-Germain | Leverkusen,2,Leverkusen,2022-2023,Jugador con cambio de club en histórico: requiere validación externa
modeling_productive,mitchell van bergen,Mitchell van Bergen,Reims | Heerenveen,2,Heerenveen,2019-2020,Jugador con cambio de club en histórico: requiere validación externa
modeling_productive,mohamed ali cho,Mohamed Ali Cho,Real Sociedad | Nice,2,Nice,2023-2024,Jugador con cambio de club en histórico: requiere validación externa
modeling_productive,mohamed bamba,Mohamed Bamba,Lorient | Wolfsberger AC,2,Wolfsberger AC,2023-2024,Jugador con cambio de club en histórico: requiere validación externa
modeling_productive,mohamed camara,Mohamed Camara,Monaco | RB Salzburg,2,RB Salzburg,2020-2021,Jugador con cambio de club en histórico: requiere validación externa
modeling_productive,mohamed nassoh,Mohamed Nassoh,Sparta Rotterdam | NAC Breda,2,NAC Breda,2025-2026,Jugador con cambio de club en histórico: requiere validación externa
modeling_productive,mohamed sankoh,Mohamed Sankoh,Heracles Almelo | Vitesse,2,Vitesse,2022-2023,Jugador con cambio de club en histórico: requiere validación externa
modeling_productive,mohamed simakan,Mohamed Simakan,Strasbourg | RB Leipzig,2,RB Leipzig,2022-2023,Jugador con cambio de club en histórico: requiere validación externa
modeling_productive,myron van brederode,Myron van Brederode,Mechelen | AZ Alkmaar,2,AZ Alkmaar,2022-2023,Jugador con cambio de club en histórico: requiere validación externa
modeling_productive,myziane maolida,Myziane Maolida,Hertha BSC | Nice,2,Nice,2019-2020,Jugador con cambio de club en histórico: requiere validación externa
modeling_productive,nacho ferri,Nacho Ferri,Westerlo | Kortrijk,2,Kortrijk,2024-2025,Jugador con cambio de club en histórico: requiere validación externa
modeling_productive,naci unuvar,Naci Ünüvar,Heracles Almelo | Twente,2,Twente,2024-2025,Jugador con cambio de club en histórico: requiere validación externa
modeling_productive,naim garcia,Naim García,Leganés | Ponferradina,2,Ponferradina,2022-2023,Jugador con cambio de club en histórico: requiere validación externa
modeling_productive,naouirou ahamada,Naouirou Ahamada,Crystal Palace | Stuttgart,2,Stuttgart,2022-2023,Jugador con cambio de club en histórico: requiere validación externa
modeling_productive,bradley barcola,Bradley Barcola,Paris Saint-Germain | Lyon,2,Lyon,2022-2023,Jugador con cambio de club en histórico: requiere validación externa
modeling_productive,bradley locko,Bradley Locko,Brest | Reims,2,Reims,2022-2023,Jugador con cambio de club en histórico: requiere validación externa
modeling_productive,brandon williams,Brandon Williams,Manchester Utd | Norwich City,2,Norwich City,2021-2022,Jugador con cambio de club en histórico: requiere validación externa
modeling_productive,brennan johnson,Brennan Johnson,Nottingham Forest | Tottenham Hotspur,2,Tottenham Hotspur,2023-2024,Jugador con cambio de club en histórico: requiere validación externa
modeling_productive,assane diao,Assane Diao,Como | Real Betis,2,Real Betis,2023-2024,Jugador con cambio de club en histórico: requiere validación externa
modeling_productive,axel disasi,Axel Disasi,Reims | Monaco,2,Monaco,2020-2021,Jugador con cambio de club en histórico: requiere validación externa
modeling_productive,bafode diakite,Bafodé Diakité,Toulouse | Lille,2,Lille,2023-2024,Jugador con cambio de club en histórico: requiere validación externa
modeling_productive,bali mumba,Bali Mumba,Plymouth Argyle | Peterborough United,2,Peterborough United,2021-2022,Jugador con cambio de club en histórico: requiere validación externa
modeling_productive,bamba dieng,Bamba Dieng,Lorient | Marseille,2,Marseille,2021-2022,Jugador con cambio de club en histórico: requiere validación externa
modeling_productive,bamo meite,Bamo Meïté,Montpellier | Marseille,2,Marseille,2023-2024,Jugador con cambio de club en histórico: requiere validación externa
modeling_productive,oscar fraulo,Oscar Fraulo,Utrecht | Derby County,2,Derby County,2025-2026,Jugador con cambio de club en histórico: requiere validación externa
modeling_productive,oscar gloukh,Oscar Gloukh,Ajax | RB Salzburg,2,RB Salzburg,2022-2023,Jugador con cambio de club en histórico: requiere validación externa
modeling_productive,oumar diakite,Oumar Diakité,Cercle Brugge | Reims,2,Reims,2023-2024,Jugador con cambio de club en histórico: requiere validación externa
modeling_productive,oumar ngom,Oumar Ngom,Lecce | Estrela,2,Estrela,2025-2026,Jugador con cambio de club en histórico: requiere validación externa
modeling_productive,ousmane camara,Ousmane Camara,Angers | Castellón,2,Castellón,2024-2025,Jugador con cambio de club en histórico: requiere validación externa
modeling_productive,nhoa sangui,Nhoa Sangui,Paris FC | Reims,2,Reims,2024-2025,Jugador con cambio de club en histórico: requiere validación externa
modeling_productive,nicholas opoku,Nicholas Opoku,Amiens | Udinese,2,Udinese,2019-2020,Jugador con cambio de club en histórico: requiere validación externa
modeling_productive,nick woltemade,Nick Woltemade,Werder Bremen | Stuttgart,2,Stuttgart,2024-2025,Jugador con cambio de club en histórico: requiere validación externa
modeling_productive,nicola zalewski,Nicola Zalewski,Inter | Roma,2,Roma,2024-2025,Jugador con cambio de club en histórico: requiere validación externa
modeling_productive,nicolas jackson,Nicolas Jackson,Chelsea | Villarreal,2,Villarreal,2022-2023,Jugador con cambio de club en histórico: requiere validación externa
modeling_productive,nicolas seiwald,Nicolas Seiwald,RB Leipzig | RB Salzburg,2,RB Salzburg,2020-2021,Jugador con cambio de club en histórico: requiere validación externa
modeling_productive,nicolo savona,Nicolò Savona,Nottingham Forest | Juventus,2,Juventus,2024-2025,Jugador con cambio de club en histórico: requiere validación externa
modeling_productive,nikolas sattlberger,Nikolas Sattlberger,Genk | Rapid Wien,2,Rapid Wien,2023-2024,Jugador con cambio de club en histórico: requiere validación externa
modeling_productive,nilson angulo,Nilson Angulo,Sunderland | Anderlecht,2,Anderlecht,2024-2025,Jugador con cambio de club en histórico: requiere validación externa
modeling_productive,noa lang,Noa Lang,Club Brugge | Twente,2,Twente,2019-2020,Jugador con cambio de club en histórico: requiere validación externa
modeling_productive,noah fadiga,Noah Fadiga,Heracles Almelo | Brest,2,Brest,2022-2023,Jugador con cambio de club en histórico: requiere validación externa
modeling_productive,patrik walemark,Patrik Wålemark,Feyenoord | Heerenveen,2,Heerenveen,2023-2024,Jugador con cambio de club en histórico: requiere validación externa
modeling_productive,paul wanner,Paul Wanner,Heidenheim | PSV,2,PSV,2025-2026,Jugador con cambio de club en histórico: requiere validación externa
modeling_productive,paulo bernardo,Paulo Bernardo,Benfica | Paços de Ferreira,2,Paços de Ferreira,2022-2023,Jugador con cambio de club en histórico: requiere validación externa
modeling_productive,paxten aaronson,Paxten Aaronson,Vitesse | Utrecht,2,Utrecht,2024-2025,Jugador con cambio de club en histórico: requiere validación externa
modeling_productive,pedro goncalves,Pedro Gonçalves,Sporting CP | Famalicão,2,Famalicão,2019-2020,Jugador con cambio de club en histórico: requiere validación externa
modeling_productive,pedro pereira,Pedro Pereira,Bristol City | Crotone,2,Crotone,2020-2021,Jugador con cambio de club en histórico: requiere validación externa
modeling_productive,pedro porro,Pedro Porro,Sporting CP | Valladolid,2,Valladolid,2019-2020,Jugador con cambio de club en histórico: requiere validación externa
modeling_productive,noah sadiki,Noah Sadiki,Sunderland | Union SG,2,Union SG,2023-2024,Jugador con cambio de club en histórico: requiere validación externa
modeling_productive,noni madueke,Noni Madueke,Chelsea | PSV,2,PSV,2021-2022,Jugador con cambio de club en histórico: requiere validación externa
modeling_productive,nuno mendes,Nuno Mendes,Paris Saint-Germain | Sporting CP,2,Sporting CP,2020-2021,Jugador con cambio de club en histórico: requiere validación externa
modeling_productive,odilon kossounou,Odilon Kossounou,Club Brugge | Leverkusen,2,Leverkusen,2022-2023,Jugador con cambio de club en histórico: requiere validación externa
modeling_productive,oliver skipp,Oliver Skipp,Norwich City | Tottenham Hotspur,2,Tottenham Hotspur,2021-2022,Jugador con cambio de club en histórico: requiere validación externa
modeling_productive,omar fayed,Omar Fayed,Arouca | Beerschot Wilrijk,2,Beerschot Wilrijk,2024-2025,Jugador con cambio de club en histórico: requiere validación externa
modeling_productive,omari hutchinson,Omari Hutchinson,Nottingham Forest | Ipswich Town,2,Ipswich Town,2023-2024,Jugador con cambio de club en histórico: requiere validación externa
modeling_productive,orkun kokcu,Orkun Kökçü,Benfica | Feyenoord,2,Feyenoord,2020-2021,Jugador con cambio de club en histórico: requiere validación externa
modeling_productive,oscar bobb,Oscar Bobb,Fulham | Manchester City,2,Manchester City,2023-2024,Jugador con cambio de club en histórico: requiere validación externa
modeling_productive,papa ndiaga yade,Papa Ndiaga Yade,Troyes | Metz,2,Metz,2021-2022,Jugador con cambio de club en histórico: requiere validación externa
modeling_productive,pape matar sarr,Pape Matar Sarr,Tottenham Hotspur | Metz,2,Metz,2020-2021,Jugador con cambio de club en histórico: requiere validación externa
modeling_productive,patrick dorgu,Patrick Dorgu,Manchester Utd | Lecce,2,Lecce,2023-2024,Jugador con cambio de club en histórico: requiere validación externa
modeling_productive,ben godfrey,Ben Godfrey,Norwich City | Everton,2,Everton,2020-2021,Jugador con cambio de club en histórico: requiere validación externa
modeling_productive,benat prados,Beñat Prados,Athletic Club | CD Mirandés,2,CD Mirandés,2022-2023,Jugador con cambio de club en histórico: requiere validación externa
modeling_productive,benat turrientes,Beñat Turrientes,Real Sociedad B | Real Sociedad,2,Real Sociedad,2024-2025,Jugador con cambio de club en histórico: requiere validación externa
modeling_productive,benie traore,Bénie Traoré,Sheffield United | Nantes,2,Nantes,2023-2024,Jugador con cambio de club en histórico: requiere validación externa
modeling_productive,benjamin tahirovic,Benjamin Tahirovic,Roma | Ajax,2,Ajax,2023-2024,Jugador con cambio de club en histórico: requiere validación externa
modeling_productive,anthony rouault,Anthony Rouault,Stuttgart | Toulouse,2,Toulouse,2022-2023,Jugador con cambio de club en histórico: requiere validación externa
modeling_productive,antoine joujou,Antoine Joujou,Famalicão | Le Havre,2,Le Havre,2023-2024,Jugador con cambio de club en histórico: requiere validación externa
modeling_productive,antonio nusa,Antonio Nusa,RB Leipzig | Club Brugge,2,Club Brugge,2023-2024,Jugador con cambio de club en histórico: requiere validación externa
modeling_productive,arijanet muric,Arijanet Muric,Nottingham Forest | Willem II,2,Willem II,2020-2021,Jugador con cambio de club en histórico: requiere validación externa
modeling_productive,arijon ibrahimovic,Arijon Ibrahimović,Heidenheim | Frosinone,2,Frosinone,2023-2024,Jugador con cambio de club en histórico: requiere validación externa
modeling_productive,armando obispo,Armando Obispo,Vitesse | PSV,2,PSV,2021-2022,Jugador con cambio de club en histórico: requiere validación externa
modeling_productive,armel bella kotchap,Armel Bella Kotchap,Southampton | Bochum,2,Bochum,2021-2022,Jugador con cambio de club en histórico: requiere validación externa
modeling_productive,arnau puigmal,Arnau Puigmal,Almería | Elche,2,Elche,2023-2024,Jugador con cambio de club en histórico: requiere validación externa
modeling_productive,rhian brewster,Rhian Brewster,Sheffield United | Swansea City,2,Swansea City,2019-2020,Jugador con cambio de club en histórico: requiere validación externa
modeling_productive,rhys williams,Rhys Williams,Liverpool | Blackpool,2,Blackpool,2022-2023,Jugador con cambio de club en histórico: requiere validación externa
modeling_productive,ricard sanchez,Ricard Sánchez,Granada | Lugo,2,Lugo,2021-2022,Jugador con cambio de club en histórico: requiere validación externa
modeling_productive,ricardinho,Ricardinho,Santa Clara | Marítimo,2,Marítimo,2021-2022,Jugador con cambio de club en histórico: requiere validación externa
modeling_productive,perr schuurs,Perr Schuurs,Torino | Ajax,2,Ajax,2019-2020,Jugador con cambio de club en histórico: requiere validación externa
modeling_productive,pervis estupinan,Pervis Estupiñán,Villarreal | Osasuna,2,Osasuna,2019-2020,Jugador con cambio de club en histórico: requiere validación externa
modeling_productive,petter nosa dahl,Petter Nosa Dahl,Rapid Wien | Mechelen,2,Mechelen,2024-2025,Jugador con cambio de club en histórico: requiere validación externa
modeling_productive,pipa,Pipa,Huddersfield Town | Espanyol,2,Espanyol,2019-2020,Jugador con cambio de club en histórico: requiere validación externa
modeling_productive,pol lozano,Pol Lozano,Espanyol | Girona,2,Girona,2021-2022,Jugador con cambio de club en histórico: requiere validación externa
modeling_productive,quentin merlin,Quentin Merlin,Marseille | Nantes,2,Nantes,2023-2024,Jugador con cambio de club en histórico: requiere validación externa
modeling_productive,quinten timber,Quinten Timber,Feyenoord | Utrecht,2,Utrecht,2021-2022,Jugador con cambio de club en histórico: requiere validación externa
modeling_productive,ramon,Ramon,CD Mirandés | Espanyol,2,Espanyol,2023-2024,Jugador con cambio de club en histórico: requiere validación externa
modeling_productive,raoul bellanova,Raoul Bellanova,Cagliari | Inter,2,Inter,2022-2023,Jugador con cambio de club en histórico: requiere validación externa
modeling_productive,raphinha,Raphinha,Rennes | Sporting CP,2,Sporting CP,2019-2020,Jugador con cambio de club en histórico: requiere validación externa
modeling_productive,owen wijndal,Owen Wijndal,Ajax | AZ Alkmaar,2,AZ Alkmaar,2019-2020,Jugador con cambio de club en histórico: requiere validación externa
modeling_productive,pablo moreno,Pablo Moreno,Marítimo | Girona,2,Girona,2021-2022,Jugador con cambio de club en histórico: requiere validación externa
modeling_productive,reda belahyane,Reda Belahyane,Hellas Verona | Lazio,2,Lazio,2025-2026,Jugador con cambio de club en histórico: requiere validación externa
modeling_productive,reiss nelson,Reiss Nelson,Arsenal | Feyenoord,2,Feyenoord,2021-2022,Jugador con cambio de club en histórico: requiere validación externa
modeling_productive,rekeem harper,Rekeem Harper,West Brom | Birmingham City,2,Birmingham City,2020-2021,Jugador con cambio de club en histórico: requiere validación externa
modeling_productive,arnaud kalimuendo,Arnaud Kalimuendo,Lens | Rennes,2,Rennes,2022-2023,Jugador con cambio de club en histórico: requiere validación externa
modeling_productive,arthur atta,Arthur Atta,Udinese | Metz,2,Metz,2023-2024,Jugador con cambio de club en histórico: requiere validación externa
modeling_productive,arthur theate,Arthur Theate,Bologna | Rennes,2,Rennes,2022-2023,Jugador con cambio de club en histórico: requiere validación externa
modeling_productive,arthur zagre,Arthur Zagre,Excelsior | Utrecht,2,Utrecht,2021-2022,Jugador con cambio de club en histórico: requiere validación externa
modeling_productive,andres martin,Andrés Martín,Rayo Vallecano | Tenerife,2,Tenerife,2021-2022,Jugador con cambio de club en histórico: requiere validación externa
modeling_productive,andrey santos,Andrey Santos,Chelsea | Strasbourg,2,Strasbourg,2023-2024,Jugador con cambio de club en histórico: requiere validación externa
modeling_productive,andy diouf,Andy Diouf,Inter | Lens,2,Lens,2023-2024,Jugador con cambio de club en histórico: requiere validación externa
modeling_productive,ange yoan bonny,Ange-Yoan Bonny,Inter | Parma,2,Parma,2024-2025,Jugador con cambio de club en histórico: requiere validación externa
modeling_productive,angel gomes,Angel Gomes,Boavista | Lille,2,Lille,2021-2022,Jugador con cambio de club en histórico: requiere validación externa
modeling_productive,angelino,Angeliño,Manchester City | RB Leipzig,2,RB Leipzig,2019-2020,Jugador con cambio de club en histórico: requiere validación externa
modeling_productive,angelo stiller,Angelo Stiller,Stuttgart | Hoffenheim,2,Hoffenheim,2022-2023,Jugador con cambio de club en histórico: requiere validación externa
modeling_productive,remy labeau lascary,Rémy Labeau Lascary,Brest | Lens,2,Lens,2024-2025,Jugador con cambio de club en histórico: requiere validación externa
modeling_productive,remy vita,Rémy Vita,Fortuna Sittard | Barnsley,2,Barnsley,2021-2022,Jugador con cambio de club en histórico: requiere validación externa
modeling_productive,ruben van bommel,Ruben van Bommel,AZ Alkmaar | PSV,2,PSV,2025-2026,Jugador con cambio de club en histórico: requiere validación externa
modeling_productive,ricardo mangas,Ricardo Mangas,Boavista | Aves,2,Aves,2019-2020,Jugador con cambio de club en histórico: requiere validación externa
modeling_productive,riccardo calafiori,Riccardo Calafiori,Arsenal | Bologna,2,Bologna,2023-2024,Jugador con cambio de club en histórico: requiere validación externa
modeling_productive,riccardo sottil,Riccardo Sottil,Fiorentina | Cagliari,2,Cagliari,2020-2021,Jugador con cambio de club en histórico: requiere validación externa
modeling_productive,ridle baku,Ridle Baku,Wolfsburg | Mainz 05,2,Mainz 05,2019-2020,Jugador con cambio de club en histórico: requiere validación externa
modeling_productive,ringo meerveld,Ringo Meerveld,Heerenveen | Willem II,2,Willem II,2021-2022,Jugador con cambio de club en histórico: requiere validación externa
modeling_productive,ritsu doan,Ritsu Doan,Arminia | PSV,2,PSV,2019-2020,Jugador con cambio de club en histórico: requiere validación externa
modeling_productive,robert bozenik,Róbert Boženík,Boavista | Feyenoord,2,Feyenoord,2020-2021,Jugador con cambio de club en histórico: requiere validación externa
modeling_productive,robert ljubicic,Robert Ljubicic,St. Pölten | Rapid Wien,2,Rapid Wien,2021-2022,Jugador con cambio de club en histórico: requiere validación externa
modeling_productive,robin roefs,Robin Roefs,Sunderland | NEC Nijmegen,2,NEC Nijmegen,2024-2025,Jugador con cambio de club en histórico: requiere validación externa
modeling_productive,rocco reitz,Rocco Reitz,Gladbach | Sint-Truiden,2,Sint-Truiden,2021-2022,Jugador con cambio de club en histórico: requiere validación externa
modeling_productive,rocky bushiri,Rocky Bushiri,Sint-Truiden | Mechelen,2,Mechelen,2020-2021,Jugador con cambio de club en histórico: requiere validación externa
modeling_productive,rodrigo conceicao,Rodrigo Conceição,Porto | Moreirense,2,Moreirense,2021-2022,Jugador con cambio de club en histórico: requiere validación externa
modeling_productive,rav van den berg,Rav van den Berg,Köln | Middlesbrough,2,Middlesbrough,2024-2025,Jugador con cambio de club en histórico: requiere validación externa
modeling_productive,rayan ait nouri,Rayan Aït-Nouri,Wolves | Angers,2,Wolves,2022-2023,Jugador con cambio de club en histórico: requiere validación externa
modeling_productive,rayan cherki,Rayan Cherki,Manchester City | Lyon,2,Lyon,2021-2022,Jugador con cambio de club en histórico: requiere validación externa
modeling_productive,salis abdul samed,Salis Abdul Samed,Clermont Foot | Lens,2,Lens,2022-2023,Jugador con cambio de club en histórico: requiere validación externa
modeling_productive,sam field,Sam Field,Charlton Athletic | QPR,2,QPR,2020-2021,Jugador con cambio de club en histórico: requiere validación externa
modeling_productive,sam surridge,Sam Surridge,Swansea City | Bournemouth,2,Bournemouth,2020-2021,Jugador con cambio de club en histórico: requiere validación externa
modeling_productive,samson baidoo,Samson Baidoo,Lens | RB Salzburg,2,RB Salzburg,2023-2024,Jugador con cambio de club en histórico: requiere validación externa
modeling_productive,rodrigo guth,Rodrigo Guth,Fortuna Sittard | NEC Nijmegen,2,NEC Nijmegen,2021-2022,Jugador con cambio de club en histórico: requiere validación externa
modeling_productive,rodrigo mendoza,Rodrigo Mendoza,Atlético Madrid | Elche,2,Elche,2025-2026,Jugador con cambio de club en histórico: requiere validación externa
modeling_productive,rodrigo muniz,Rodrigo Muniz,Fulham | Middlesbrough,2,Middlesbrough,2022-2023,Jugador con cambio de club en histórico: requiere validación externa
modeling_productive,rodrigo ribeiro,Rodrigo Ribeiro,Augsburg | AVS Futebol,2,AVS Futebol,2024-2025,Jugador con cambio de club en histórico: requiere validación externa
modeling_productive,romain esse,Romain Esse,Millwall | Coventry City,2,Coventry City,2025-2026,Jugador con cambio de club en histórico: requiere validación externa
modeling_productive,romano schmid,Romano Schmid,Werder Bremen | RZ Pellets WAC,2,RZ Pellets WAC,2019-2020,Jugador con cambio de club en histórico: requiere validación externa
modeling_productive,romeo lavia,Roméo Lavia,Chelsea | Southampton,2,Southampton,2022-2023,Jugador con cambio de club en histórico: requiere validación externa
modeling_productive,romeo vermant,Romeo Vermant,Club Brugge | Westerlo,2,Westerlo,2023-2024,Jugador con cambio de club en histórico: requiere validación externa
modeling_productive,ronael pierre gabriel,Ronaël Pierre-Gabriel,Mainz 05 | Brest,2,Brest,2020-2021,Jugador con cambio de club en histórico: requiere validación externa
modeling_productive,ronald,Ronald,Estrela | Swansea City,2,Swansea City,2023-2024,Jugador con cambio de club en histórico: requiere validación externa
modeling_productive,ronnie edwards,Ronnie Edwards,Southampton | QPR,2,QPR,2025-2026,Jugador con cambio de club en histórico: requiere validación externa
modeling_productive,rosen bozhinov,Rosen Bozhinov,Pisa | Antwerp,2,Antwerp,2025-2026,Jugador con cambio de club en histórico: requiere validación externa
modeling_productive,sergio camello,Sergio Camello,Rayo Vallecano | CD Mirandés,2,CD Mirandés,2021-2022,Jugador con cambio de club en histórico: requiere validación externa
modeling_productive,ryan longman,Ryan Longman,Hull City | Millwall,2,Millwall,2023-2024,Jugador con cambio de club en histórico: requiere validación externa
modeling_productive,ryan sessegnon,Ryan Sessegnon,Tottenham Hotspur | Hoffenheim,2,Hoffenheim,2020-2021,Jugador con cambio de club en histórico: requiere validación externa
modeling_productive,sadik fofana,Sadik Fofana,Fortuna Sittard | Grazer AK,2,Grazer AK,2025-2026,Jugador con cambio de club en histórico: requiere validación externa
modeling_productive,sael kumbedi,Sael Kumbedi,Wolfsburg | Lyon,2,Lyon,2023-2024,Jugador con cambio de club en histórico: requiere validación externa
modeling_productive,anrie chase,Anrie Chase,RB Salzburg | Stuttgart,2,Stuttgart,2024-2025,Jugador con cambio de club en histórico: requiere validación externa
modeling_productive,ante palaversa,Ante Palaversa,Oostende | Kortrijk,2,Kortrijk,2020-2021,Jugador con cambio de club en histórico: requiere validación externa
modeling_productive,anthony descotte,Anthony Descotte,Volendam | Utrecht,2,Utrecht,2024-2025,Jugador con cambio de club en histórico: requiere validación externa
modeling_productive,anthony elanga,Anthony Elanga,Manchester Utd | Nottingham Forest,2,Nottingham Forest,2023-2024,Jugador con cambio de club en histórico: requiere validación externa
modeling_productive,amad diallo,Amad Diallo,Manchester Utd | Sunderland,2,Sunderland,2022-2023,Jugador con cambio de club en histórico: requiere validación externa
modeling_productive,amadou onana,Amadou Onana,Lille | Everton,2,Everton,2023-2024,Jugador con cambio de club en histórico: requiere validación externa
modeling_productive,ameen al dakhil,Ameen Al-Dakhil,Stuttgart | Burnley,2,Burnley,2022-2023,Jugador con cambio de club en histórico: requiere validación externa
modeling_productive,amine gouiri,Amine Gouiri,Rennes | Nice,2,Nice,2020-2021,Jugador con cambio de club en histórico: requiere validación externa
modeling_productive,amir richardson,Amir Richardson,Fiorentina | Reims,2,Reims,2023-2024,Jugador con cambio de club en histórico: requiere validación externa
modeling_productive,amorim,Amorim,Genoa | Alverca,2,Alverca,2025-2026,Jugador con cambio de club en histórico: requiere validación externa
modeling_productive,anass zaroury,Anass Zaroury,Charleroi | Burnley,2,Burnley,2022-2023,Jugador con cambio de club en histórico: requiere validación externa
modeling_productive,stefan mitrovic,Stefan Mitrović,Hellas Verona | OH Leuven,2,OH Leuven,2024-2025,Jugador con cambio de club en histórico: requiere validación externa
modeling_productive,stephy mavididi,Stephy Mavididi,Montpellier | Dijon,2,Dijon,2019-2020,Jugador con cambio de club en histórico: requiere validación externa
modeling_productive,steven bergwijn,Steven Bergwijn,Tottenham Hotspur | PSV,2,PSV,2019-2020,Jugador con cambio de club en histórico: requiere validación externa
modeling_productive,steven sessegnon,Steven Sessegnon,Fulham | Bristol City,2,Bristol City,2020-2021,Jugador con cambio de club en histórico: requiere validación externa
modeling_productive,stije resink,Stije Resink,Groningen | Almere City,2,Almere City,2023-2024,Jugador con cambio de club en histórico: requiere validación externa
modeling_productive,samson tijani,Samson Tijani,Wolfsberger AC | Hartberg,2,Hartberg,2020-2021,Jugador con cambio de club en histórico: requiere validación externa
modeling_productive,samuel edozie,Samuel Edozie,Southampton | Anderlecht,2,Anderlecht,2024-2025,Jugador con cambio de club en histórico: requiere validación externa
modeling_productive,samuel lino,Samuel Lino,Gil Vicente FC | Valencia,2,Valencia,2022-2023,Jugador con cambio de club en histórico: requiere validación externa
modeling_productive,samuel mbangula,Samuel Mbangula,Werder Bremen | Juventus,2,Juventus,2024-2025,Jugador con cambio de club en histórico: requiere validación externa
modeling_productive,samuele ricci,Samuele Ricci,Torino | Empoli,2,Empoli,2021-2022,Jugador con cambio de club en histórico: requiere validación externa
modeling_productive,sander berge,Sander Berge,Sheffield United | Genk,2,Genk,2019-2020,Jugador con cambio de club en histórico: requiere validación externa
modeling_productive,sandro tonali,Sandro Tonali,Brescia | Milan,2,Milan,2020-2021,Jugador con cambio de club en histórico: requiere validación externa
modeling_productive,santiago mourino,Santiago Mouriño,Alavés | Zaragoza,2,Zaragoza,2023-2024,Jugador con cambio de club en histórico: requiere validación externa
modeling_productive,scott high,Scott High,Rotherham United | Huddersfield Town,2,Huddersfield Town,2022-2023,Jugador con cambio de club en histórico: requiere validación externa
modeling_productive,sebastiaan bornauw,Sebastiaan Bornauw,Wolfsburg | Köln,2,Köln,2020-2021,Jugador con cambio de club en histórico: requiere validación externa
modeling_productive,sebastian walukiewicz,Sebastian Walukiewicz,Cagliari | Empoli,2,Empoli,2022-2023,Jugador con cambio de club en histórico: requiere validación externa
modeling_productive,taichi fukui,Taichi Fukui,Arouca | Portimonense,2,Portimonense,2023-2024,Jugador con cambio de club en histórico: requiere validación externa
modeling_productive,tanguy coulibaly,Tanguy Coulibaly,Montpellier | Stuttgart,2,Stuttgart,2022-2023,Jugador con cambio de club en histórico: requiere validación externa
modeling_productive,tanguy nianzou,Tanguy Nianzou,Sevilla | Bayern Munich,2,Bayern Munich,2021-2022,Jugador con cambio de club en histórico: requiere validación externa
modeling_productive,taylor gardner hickman,Taylor Gardner-Hickman,West Brom | Bristol City,2,Bristol City,2023-2024,Jugador con cambio de club en histórico: requiere validación externa
modeling_productive,tete,Tetê,Leicester City | Lyon,2,Lyon,2021-2022,Jugador con cambio de club en histórico: requiere validación externa
modeling_productive,thelo aasgaard,Thelo Aasgaard,Luton Town | Wigan Athletic,2,Wigan Athletic,2022-2023,Jugador con cambio de club en histórico: requiere validación externa
modeling_productive,thibault de smet,Thibault De Smet,Sint-Truiden | Reims,2,Reims,2020-2021,Jugador con cambio de club en histórico: requiere validación externa
modeling_productive,thierno barry,Thierno Barry,Everton | Villarreal,2,Villarreal,2024-2025,Jugador con cambio de club en histórico: requiere validación externa
modeling_productive,sergio carreira,Sergio Carreira,Villarreal B | CD Mirandés,2,CD Mirandés,2021-2022,Jugador con cambio de club en histórico: requiere validación externa
modeling_productive,shea charles,Shea Charles,Southampton | Sheffield Weds,2,Sheffield Weds,2024-2025,Jugador con cambio de club en histórico: requiere validación externa
modeling_productive,show,Show,Boavista | B-SAD,2,B-SAD,2019-2020,Jugador con cambio de club en histórico: requiere validación externa
modeling_productive,sivert mannsverk,Sivert Mannsverk,Cardiff City | Ajax,2,Ajax,2023-2024,Jugador con cambio de club en histórico: requiere validación externa
modeling_productive,sofiane diop,Sofiane Diop,Monaco | Nice,2,Nice,2022-2023,Jugador con cambio de club en histórico: requiere validación externa
modeling_productive,soumaila coulibaly,Soumaïla Coulibaly,Brest | Antwerp,2,Antwerp,2023-2024,Jugador con cambio de club en histórico: requiere validación externa
modeling_productive,soumaila diabate,Soumaïla Diabaté,RB Salzburg | Blau-Weiß Linz,2,Blau-Weiß Linz,2024-2025,Jugador con cambio de club en histórico: requiere validación externa
modeling_productive,soungoutou magassa,Soungoutou Magassa,West Ham United | Monaco,2,Monaco,2024-2025,Jugador con cambio de club en histórico: requiere validación externa
modeling_productive,alex centelles,Álex Centelles,Almería | Famalicão,2,Famalicão,2019-2020,Jugador con cambio de club en histórico: requiere validación externa
modeling_productive,alex jimenez,Álex Jiménez,Bournemouth | Milan,2,Milan,2024-2025,Jugador con cambio de club en histórico: requiere validación externa
modeling_productive,alex scott,Alex Scott,Bournemouth | Bristol City,2,Bristol City,2022-2023,Jugador con cambio de club en histórico: requiere validación externa
modeling_productive,alex valle,Álex Valle,Como | Levante,2,Levante,2023-2024,Jugador con cambio de club en histórico: requiere validación externa
modeling_productive,alexander isak,Alexander Isak,Newcastle United | Real Sociedad,2,Real Sociedad,2019-2020,Jugador con cambio de club en histórico: requiere validación externa
modeling_productive,alexandre penetra,Alexandre Penetra,AZ Alkmaar | Famalicão,2,Famalicão,2022-2023,Jugador con cambio de club en histórico: requiere validación externa
modeling_productive,alexis saelemaekers,Alexis Saelemaekers,Milan | Anderlecht,2,Anderlecht,2019-2020,Jugador con cambio de club en histórico: requiere validación externa
modeling_productive,tim oermann,Tim Oermann,Sturm Graz | Bochum,2,Bochum,2023-2024,Jugador con cambio de club en histórico: requiere validación externa
modeling_productive,timothee pembele,Timothee Pembele,Le Havre | Bordeaux,2,Bordeaux,2021-2022,Jugador con cambio de club en histórico: requiere validación externa
modeling_productive,tochukwu nnadi,Tochukwu Nnadi,Marseille | Zulte Waregem,2,Zulte Waregem,2025-2026,Jugador con cambio de club en histórico: requiere validación externa
modeling_productive,tom bischof,Tom Bischof,Bayern Munich | Hoffenheim,2,Hoffenheim,2024-2025,Jugador con cambio de club en histórico: requiere validación externa
modeling_productive,tom dele bashiru,Tom Dele-Bashiru,Reading | Watford,2,Watford,2022-2023,Jugador con cambio de club en histórico: requiere validación externa
modeling_productive,tom krau,Tom Krauß,Schalke 04 | Mainz 05,2,Mainz 05,2023-2024,Jugador con cambio de club en histórico: requiere validación externa
modeling_productive,sven botman,Sven Botman,Newcastle United | Lille,2,Lille,2021-2022,Jugador con cambio de club en histórico: requiere validación externa
modeling_productive,sven mijnans,Sven Mijnans,AZ Alkmaar | Sparta Rotterdam,2,Sparta Rotterdam,2022-2023,Jugador con cambio de club en histórico: requiere validación externa
modeling_productive,syb van ottele,Syb Van Ottele,Fortuna Sittard | Heerenveen,2,Heerenveen,2023-2024,Jugador con cambio de club en histórico: requiere validación externa
modeling_productive,vaclav cerny,Václav Černý,Twente | Utrecht,2,Utrecht,2019-2020,Jugador con cambio de club en histórico: requiere validación externa
modeling_productive,thierry correia,Thierry Correia,Valencia | Sporting CP,2,Sporting CP,2019-2020,Jugador con cambio de club en histórico: requiere validación externa
modeling_productive,tiago araujo,Tiago Araújo,Estoril | Arouca,2,Arouca,2021-2022,Jugador con cambio de club en histórico: requiere validación externa
modeling_productive,tiago dantas,Tiago Dantas,Tondela | AZ Alkmaar,2,AZ Alkmaar,2023-2024,Jugador con cambio de club en histórico: requiere validación externa
modeling_productive,tiago gouveia,Tiago Gouveia,Estoril | Benfica,2,Benfica,2023-2024,Jugador con cambio de club en histórico: requiere validación externa
modeling_productive,tijjani reijnders,Tijjani Reijnders,AZ Alkmaar | RKC Waalwijk,2,RKC Waalwijk,2019-2020,Jugador con cambio de club en histórico: requiere validación externa
modeling_productive,tim drexler,Tim Drexler,RB Salzburg | Hoffenheim,2,Hoffenheim,2024-2025,Jugador con cambio de club en histórico: requiere validación externa
modeling_productive,tim iroegbunam,Tim Iroegbunam,Everton | QPR,2,QPR,2022-2023,Jugador con cambio de club en histórico: requiere validación externa
modeling_productive,andre green,André Green,Sheffield Weds | Charlton Athletic,2,Charlton Athletic,2019-2020,Jugador con cambio de club en histórico: requiere validación externa
modeling_productive,andrea cambiaso,Andrea Cambiaso,Bologna | Genoa,2,Genoa,2021-2022,Jugador con cambio de club en histórico: requiere validación externa
modeling_productive,andrea carboni,Andrea Carboni,Monza | Cagliari,2,Cagliari,2020-2021,Jugador con cambio de club en histórico: requiere validación externa
modeling_productive,andrea pinamonti,Andrea Pinamonti,Empoli | Genoa,2,Genoa,2019-2020,Jugador con cambio de club en histórico: requiere validación externa
modeling_productive,andreas skov olsen,Andreas Skov Olsen,Bologna | Club Brugge,2,Club Brugge,2021-2022,Jugador con cambio de club en histórico: requiere validación externa
modeling_productive,andres ferrari,Andrés Ferrari,Sint-Truiden | Villarreal B,2,Villarreal B,2023-2024,Jugador con cambio de club en histórico: requiere validación externa
modeling_productive,andres garcia,Andrés García,Aston Villa | Levante,2,Levante,2024-2025,Jugador con cambio de club en histórico: requiere validación externa
modeling_productive,alex baena,Álex Baena,Villarreal | Girona,2,Girona,2021-2022,Jugador con cambio de club en histórico: requiere validación externa
modeling_productive,wouter burger,Wouter Burger,Sparta Rotterdam | Stoke City,2,Stoke City,2023-2024,Jugador con cambio de club en histórico: requiere validación externa
modeling_productive,xadas,Xadas,Marítimo | Excel Mouscron,2,Excel Mouscron,2020-2021,Jugador con cambio de club en histórico: requiere validación externa
modeling_productive,vitor roque,Vitor Roque,Real Betis | Barcelona,2,Barcelona,2023-2024,Jugador con cambio de club en histórico: requiere validación externa
modeling_productive,warren bondo,Warren Bondo,Cremonese | Monza,2,Monza,2023-2024,Jugador con cambio de club en histórico: requiere validación externa
modeling_productive,weston mckennie,Weston McKennie,Juventus | Schalke 04,2,Schalke 04,2019-2020,Jugador con cambio de club en histórico: requiere validación externa
modeling_productive,wilfried singo,Wilfried Singo,Torino | Monaco,2,Monaco,2023-2024,Jugador con cambio de club en histórico: requiere validación externa
modeling_productive,william mikelbrencis,William Mikelbrencis,Hamburger SV | Metz,2,Metz,2021-2022,Jugador con cambio de club en histórico: requiere validación externa
modeling_productive,tom lacoux,Tom Lacoux,Famalicão | Bordeaux,2,Bordeaux,2020-2021,Jugador con cambio de club en histórico: requiere validación externa
modeling_productive,tomas araujo,Tomás Araújo,Benfica | Gil Vicente FC,2,Gil Vicente FC,2022-2023,Jugador con cambio de club en histórico: requiere validación externa
modeling_productive,tomas suslov,Tomáš Suslov,Hellas Verona | Groningen,2,Groningen,2022-2023,Jugador con cambio de club en histórico: requiere validación externa
modeling_productive,tomas tavares,Tomás Tavares,Farense | Benfica,2,Benfica,2019-2020,Jugador con cambio de club en histórico: requiere validación externa
modeling_productive,tommaso pobega,Tommaso Pobega,Torino | Spezia,2,Spezia,2020-2021,Jugador con cambio de club en histórico: requiere validación externa
modeling_productive,toni lato,Toni Lato,Valencia | Osasuna,2,Osasuna,2019-2020,Jugador con cambio de club en histórico: requiere validación externa
modeling_productive,tuta,Tuta,Eintracht Frankfurt | Kortrijk,2,Kortrijk,2019-2020,Jugador con cambio de club en histórico: requiere validación externa
modeling_productive,tyler dibling,Tyler Dibling,Everton | Southampton,2,Southampton,2024-2025,Jugador con cambio de club en histórico: requiere validación externa
modeling_productive,uros racic,Uroš Račić,Valencia | Famalicão,2,Famalicão,2019-2020,Jugador con cambio de club en histórico: requiere validación externa
modeling_productive,adam hlozek,Adam Hložek,Hoffenheim | Leverkusen,2,Leverkusen,2023-2024,Jugador con cambio de club en histórico: requiere validación externa
modeling_productive,adolfo gaich,Adolfo Gaich,Benevento | Huesca,2,Huesca,2021-2022,Jugador con cambio de club en histórico: requiere validación externa
modeling_productive,adria altimira,Adrià Altimira,Villarreal B | Villarreal,2,Villarreal,2023-2024,Jugador con cambio de club en histórico: requiere validación externa
modeling_productive,adrian liso,Adrián Liso,Getafe | Zaragoza,2,Zaragoza,2024-2025,Jugador con cambio de club en histórico: requiere validación externa
modeling_productive,ahmed kutucu,Ahmed Kutucu,Heracles Almelo | Schalke 04,2,Schalke 04,2019-2020,Jugador con cambio de club en histórico: requiere validación externa
modeling_productive,ahmetcan kaplan,Ahmetcan Kaplan,NEC Nijmegen | Ajax,2,Ajax,2024-2025,Jugador con cambio de club en histórico: requiere validación externa
modeling_productive,aitor bunuel,Aitor Buñuel,Racing Sant | Almería,2,Almería,2020-2021,Jugador con cambio de club en histórico: requiere validación externa
modeling_productive,alan matturro,Alan Matturro,Levante | Genoa,2,Genoa,2024-2025,Jugador con cambio de club en histórico: requiere validación externa
modeling_productive,albert sambi lokonga,Albert Sambi Lokonga,Arsenal | Anderlecht,2,Anderlecht,2019-2020,Jugador con cambio de club en histórico: requiere validación externa
modeling_productive,yunus musah,Yunus Musah,Valencia | Milan,2,Milan,2023-2024,Jugador con cambio de club en histórico: requiere validación externa
modeling_productive,zakaria aboukhlal,Zakaria Aboukhlal,Toulouse | AZ Alkmaar,2,AZ Alkmaar,2020-2021,Jugador con cambio de club en histórico: requiere validación externa
modeling_productive,zakaria el ouahdi,Zakaria El Ouahdi,Genk | RWDM,2,RWDM,2023-2024,Jugador con cambio de club en histórico: requiere validación externa
modeling_productive,zeno debast,Zeno Debast,Sporting CP | Anderlecht,2,Anderlecht,2021-2022,Jugador con cambio de club en histórico: requiere validación externa
modeling_productive,zico buurmeester,Zico Buurmeester,Zwolle | AZ Alkmaar,2,AZ Alkmaar,2024-2025,Jugador con cambio de club en histórico: requiere validación externa
modeling_productive,zinho vanheusden,Zinho Vanheusden,Standard Liège | Genoa,2,Genoa,2021-2022,Jugador con cambio de club en histórico: requiere validación externa
modeling_productive,adam wharton,Adam Wharton,Crystal Palace | Blackburn Rovers,2,Blackburn Rovers,2022-2023,Jugador con cambio de club en histórico: requiere validación externa
modeling_productive,alejandro frances,Alejandro Francés,Girona | Zaragoza,2,Zaragoza,2022-2023,Jugador con cambio de club en histórico: requiere validación externa
modeling_productive,alejandro garnacho,Alejandro Garnacho,Chelsea | Manchester Utd,2,Manchester Utd,2024-2025,Jugador con cambio de club en histórico: requiere validación externa
modeling_productive,alejandro marques,Alejandro Marqués,Estoril | CD Mirandés,2,CD Mirandés,2021-2022,Jugador con cambio de club en histórico: requiere validación externa
modeling_productive,alessandro zanoli,Alessandro Zanoli,Napoli | Sampdoria,2,Sampdoria,2022-2023,Jugador con cambio de club en histórico: requiere validación externa
modeling_productive,yasser larouci,Yasser Larouci,Sheffield United | Troyes,2,Troyes,2021-2022,Jugador con cambio de club en histórico: requiere validación externa
modeling_productive,yayah kallon,Yayah Kallon,Hellas Verona | Genoa,2,Genoa,2021-2022,Jugador con cambio de club en histórico: requiere validación externa
modeling_productive,yorbe vertessen,Yorbe Vertessen,Union Berlin | PSV,2,PSV,2023-2024,Jugador con cambio de club en histórico: requiere validación externa
modeling_productive,youri baas,Youri Baas,Ajax | NEC Nijmegen,2,NEC Nijmegen,2023-2024,Jugador con cambio de club en histórico: requiere validación externa
modeling_productive,youri regeer,Youri Regeer,Ajax | Twente,2,Twente,2024-2025,Jugador con cambio de club en histórico: requiere validación externa
modeling_productive,youssef en nesyri,Youssef En-Nesyri,Sevilla | Leganés,2,Leganés,2019-2020,Jugador con cambio de club en histórico: requiere validación externa
modeling_productive,youssouf fofana,Youssouf Fofana,Monaco | Strasbourg,2,Strasbourg,2019-2020,Jugador con cambio de club en histórico: requiere validación externa
modeling_productive,youssouph badji,Youssouph Badji,Charleroi | Club Brugge,2,Club Brugge,2020-2021,Jugador con cambio de club en histórico: requiere validación externa
modeling_productive,yan diomande,Yan Diomandé,RB Leipzig | Leganés,2,Leganés,2024-2025,Jugador con cambio de club en histórico: requiere validación externa
modeling_productive,yankuba minteh,Yankuba Minteh,Brighton | Feyenoord,2,Feyenoord,2023-2024,Jugador con cambio de club en histórico: requiere validación externa
modeling_productive,yarek gasiorowski,Yarek Gasiorowski,Valencia | PSV,2,PSV,2025-2026,Jugador con cambio de club en histórico: requiere validación externa
modeling_productive,yaser asprilla,Yaser Asprilla,Watford | Girona,2,Girona,2025-2026,Jugador con cambio de club en histórico: requiere validación externa
role_dss,tiemoue bakayoko,Tiemoué Bakayoko,Chelsea | Monaco | Lorient | Milan | Napoli,5,Napoli,2021,Jugador con cambio de club en histórico: requiere validación externa
role_dss,soualiho meite,Soualiho Meïté,Bordeaux | Monaco | Torino | Milan | Cremonese,5,Cremonese,2223,Jugador con cambio de club en histórico: requiere validación externa
role_dss,gonzalo escalante,Gonzalo Escalante,Eibar | Alavés | Cádiz | Lazio | Cremonese,5,Cremonese,2223,Jugador con cambio de club en histórico: requiere validación externa
role_dss,tanguy ndombele,Tanguy Ndombele,Tottenham | Amiens | Lyon | Nice,4,Nice,2425,Jugador con cambio de club en histórico: requiere validación externa
role_dss,ruben loftus cheek,Ruben Loftus-Cheek,Crystal Palace | Chelsea | Fulham | Milan,4,Milan,2425,Jugador con cambio de club en histórico: requiere validación externa
role_dss,bryan dabo,Bryan Dabo,Saint-Étienne | Fiorentina | SPAL | Benevento,4,Benevento,2021,Jugador con cambio de club en histórico: requiere validación externa
role_dss,rafinha,Rafinha,Celta Vigo | Real Sociedad | Paris S-G | Inter,4,Inter,1718,Jugador con cambio de club en histórico: requiere validación externa
role_dss,philippe coutinho,Philippe Coutinho,Liverpool | Aston Villa | Barcelona | Bayern Munich,4,Bayern Munich,1920,Jugador con cambio de club en histórico: requiere validación externa
role_dss,orel mangala,Orel Mangala,Nott'ham Forest | Everton | Lyon | Stuttgart,4,Stuttgart,2122,Jugador con cambio de club en histórico: requiere validación externa
role_dss,conor gallagher,Conor Gallagher,West Brom | Crystal Palace | Chelsea | Atlético Madrid,4,Atlético Madrid,2425,Jugador con cambio de club en histórico: requiere validación externa
role_dss,rolando mandragora,Rolando Mandragora,Crotone | Udinese | Torino | Fiorentina,4,Fiorentina,2425,Jugador con cambio de club en histórico: requiere validación externa
role_dss,riccardo saponara,Riccardo Saponara,Fiorentina | Sampdoria | Genoa | Lecce,4,Lecce,1920,Jugador con cambio de club en histórico: requiere validación externa
role_dss,andre frank zambo anguissa,Andre-Frank Zambo Anguissa,Fulham | Villarreal | Marseille | Napoli,4,Napoli,2425,Jugador con cambio de club en histórico: requiere validación externa
role_dss,baptiste santamaria,Baptiste Santamaria,Angers | Rennes | Nice | Freiburg,4,Freiburg,2122,Jugador con cambio de club en histórico: requiere validación externa
role_dss,romain faivre,Romain Faivre,Bournemouth | Brest | Lorient | Lyon,4,Lorient,2324,Jugador con cambio de club en histórico: requiere validación externa
role_dss,ross barkley,Ross Barkley,Chelsea | Aston Villa | Luton Town | Nice,4,Nice,2223,Jugador con cambio de club en histórico: requiere validación externa
role_dss,arthur melo,Arthur Melo,Barcelona | Girona | Juventus | Fiorentina,4,Fiorentina,2324,Jugador con cambio de club en histórico: requiere validación externa
role_dss,antonin barak,Antonín Barák,Udinese | Lecce | Hellas Verona | Fiorentina,4,Hellas Verona,2223,Jugador con cambio de club en histórico: requiere validación externa
role_dss,suat serdar,Suat Serdar,Mainz 05 | Schalke 04 | Hertha BSC | Hellas Verona,4,Hellas Verona,2425,Jugador con cambio de club en histórico: requiere validación externa
role_dss,alfred duncan,Alfred Duncan,Sassuolo | Cagliari | Fiorentina | Venezia,4,Venezia,2425,Jugador con cambio de club en histórico: requiere validación externa
role_dss,nicolo rovella,Nicolò Rovella,Genoa | Juventus | Monza | Lazio,4,Lazio,2425,Jugador con cambio de club en histórico: requiere validación externa
role_dss,nemanja matic,Nemanja Matić,Manchester Utd | Lyon | Rennes | Roma,4,Roma,2223,Jugador con cambio de club en histórico: requiere validación externa
role_dss,morgan sanson,Morgan Sanson,Aston Villa | Marseille | Strasbourg | Nice,4,Nice,2324,Jugador con cambio de club en histórico: requiere validación externa
role_dss,jordan veretout,Jordan Veretout,Marseille | Lyon | Fiorentina | Roma,4,Roma,2122,Jugador con cambio de club en histórico: requiere validación externa
role_dss,matteo guendouzi,Mattéo Guendouzi,Arsenal | Marseille | Hertha BSC | Lazio,4,Lazio,2425,Jugador con cambio de club en histórico: requiere validación externa
role_dss,alberto grassi,Alberto Grassi,SPAL | Parma | Cagliari | Empoli,4,Empoli,2425,Jugador con cambio de club en histórico: requiere validación externa
role_dss,yangel herrera,Yangel Herrera,Huesca | Granada | Espanyol | Girona,4,Girona,2425,Jugador con cambio de club en histórico: requiere validación externa
role_dss,giovani lo celso,Giovani Lo Celso,Tottenham | Betis | Villarreal | Paris S-G,4,Paris S-G,1819,Jugador con cambio de club en histórico: requiere validación externa
role_dss,elvis rexhbecaj,Elvis Rexhbeçaj,Wolfsburg | Köln | Bochum | Augsburg,4,Augsburg,2425,Jugador con cambio de club en histórico: requiere validación externa
role_dss,florent mollet,Florent Mollet,Metz | Montpellier | Nantes | Schalke 04,4,Schalke 04,2223,Jugador con cambio de club en histórico: requiere validación externa
role_dss,jean victor makengo,Jean-Victor Makengo,Nice | Toulouse | Lorient | Udinese,4,Udinese,2223,Jugador con cambio de club en histórico: requiere validación externa
role_dss,christian eriksen,Christian Eriksen,Tottenham | Brentford | Manchester Utd | Inter,4,Inter,2021,Jugador con cambio de club en histórico: requiere validación externa
role_dss,mickael cuisance,Mickaël Cuisance,Marseille | Gladbach | Bayern Munich | Venezia,4,Venezia,2122,Jugador con cambio de club en histórico: requiere validación externa
role_dss,mario lemina,Mario Lemina,Southampton | Fulham | Wolves | Nice,4,Nice,2223,Jugador con cambio de club en histórico: requiere validación externa
role_dss,aaron ramsey,Aaron Ramsey,Arsenal | Nice | Juventus,3,Juventus,2021,Jugador con cambio de club en histórico: requiere validación externa
role_dss,youssef ait bennasser,Youssef Aït Bennasser,Caen | Monaco | Saint-Étienne,3,Saint-Étienne,1819,Jugador con cambio de club en histórico: requiere validación externa
role_dss,thomas delaney,Thomas Delaney,Sevilla | Werder Bremen | Dortmund,3,Dortmund,2122,Jugador con cambio de club en histórico: requiere validación externa
role_dss,allan,Allan,Everton | Eint Frankfurt | Napoli,3,Napoli,1920,Jugador con cambio de club en histórico: requiere validación externa
role_dss,alexis blin,Alexis Blin,Toulouse | Amiens | Lecce,3,Lecce,2324,Jugador con cambio de club en histórico: requiere validación externa
role_dss,alex kral,Alex Král,Espanyol | Schalke 04 | Union Berlin,3,Union Berlin,2324,Jugador con cambio de club en histórico: requiere validación externa
role_dss,toma basic,Toma Bašić,Bordeaux | Lazio | Salernitana,3,Salernitana,2324,Jugador con cambio de club en histórico: requiere validación externa
role_dss,tom krau,Tom Krauß,Schalke 04 | Mainz 05 | Bochum,3,Bochum,2425,Jugador con cambio de club en histórico: requiere validación externa
role_dss,amadou onana,Amadou Onana,Everton | Aston Villa | Lille,3,Lille,2122,Jugador con cambio de club en histórico: requiere validación externa
role_dss,alvaro medran,Álvaro Medrán,Alavés | Valencia | Rayo Vallecano,3,Rayo Vallecano,1819,Jugador con cambio de club en histórico: requiere validación externa
role_dss,tommaso pobega,Tommaso Pobega,Spezia | Torino | Bologna,3,Bologna,2425,Jugador con cambio de club en histórico: requiere validación externa
role_dss,tyler adams,Tyler Adams,Leeds United | Bournemouth | RB Leipzig,3,RB Leipzig,2122,Jugador con cambio de club en histórico: requiere validación externa
role_dss,valon berisha,Valon Berisha,Reims | Düsseldorf | Lazio,3,Lazio,1920,Jugador con cambio de club en histórico: requiere validación externa
role_dss,victor camarasa,Víctor Camarasa,Cardiff City | Betis | Alavés,3,Alavés,1920,Jugador con cambio de club en histórico: requiere validación externa
role_dss,yves bissouma,Yves Bissouma,Brighton | Tottenham | Lille,3,Lille,1718,Jugador con cambio de club en histórico: requiere validación externa
role_dss,youssouf fofana,Youssouf Fofana,Strasbourg | Monaco | Milan,3,Milan,2425,Jugador con cambio de club en histórico: requiere validación externa
role_dss,ander herrera,Ander Herrera,Manchester Utd | Athletic Club | Paris S-G,3,Paris S-G,2122,Jugador con cambio de club en histórico: requiere validación externa
role_dss,sanjin prcic,Sanjin Prcić,Levante | Rennes | Strasbourg,3,Strasbourg,2223,Jugador con cambio de club en histórico: requiere validación externa
role_dss,roberto soriano,Roberto Soriano,Villarreal | Bologna | Torino,3,Bologna,2122,Jugador con cambio de club en histórico: requiere validación externa
role_dss,rodri,Rodri,Manchester City | Villarreal | Atlético Madrid,3,Atlético Madrid,1819,Jugador con cambio de club en histórico: requiere validación externa
role_dss,roque mesa,Roque Mesa,Sevilla | Leganés | Valladolid,3,Valladolid,2223,Jugador con cambio de club en histórico: requiere validación externa
role_dss,romulo,Rômulo,Hellas Verona | Genoa | Brescia,3,Brescia,1920,Jugador con cambio de club en histórico: requiere validación externa
role_dss,boubakary soumare,Boubakary Soumaré,Leicester City | Sevilla | Lille,3,Lille,2021,Jugador con cambio de club en histórico: requiere validación externa
role_dss,billy gilmour,Billy Gilmour,Norwich City | Brighton | Napoli,3,Napoli,2425,Jugador con cambio de club en histórico: requiere validación externa
role_dss,aurelien tchouameni,Aurélien Tchouaméni,Real Madrid | Bordeaux | Monaco,3,Monaco,2122,Jugador con cambio de club en histórico: requiere validación externa
role_dss,arturo vidal,Arturo Vidal,Barcelona | Bayern Munich | Inter,3,Inter,2021,Jugador con cambio de club en histórico: requiere validación externa
role_dss,saif eddine khaoui,Saîf-Eddine Khaoui,Troyes | Caen | Clermont Foot,3,Clermont Foot,2223,Jugador con cambio de club en histórico: requiere validación externa
role_dss,radja nainggolan,Radja Nainggolan,Roma | Inter | Cagliari,3,Inter,2021,Jugador con cambio de club en histórico: requiere validación externa
role_dss,pape gueye,Pape Gueye,Sevilla | Villarreal | Marseille,3,Marseille,2223,Jugador con cambio de club en histórico: requiere validación externa
role_dss,pierre hjbjerg,Pierre Højbjerg,Southampton | Tottenham | Marseille,3,Marseille,2425,Jugador con cambio de club en histórico: requiere validación externa
role_dss,pierre lees melou,Pierre Lees-Melou,Norwich City | Nice | Brest,3,Brest,2425,Jugador con cambio de club en histórico: requiere validación externa
role_dss,carlos soler,Carlos Soler,West Ham | Valencia | Paris S-G,3,Paris S-G,2324,Jugador con cambio de club en histórico: requiere validación externa
role_dss,carles alena,Carles Aleñá,Barcelona | Getafe | Alavés,3,Getafe,2425,Jugador con cambio de club en histórico: requiere validación externa
role_dss,remo freuler,Remo Freuler,Nott'ham Forest | Atalanta | Bologna,3,Bologna,2425,Jugador con cambio de club en histórico: requiere validación externa
role_dss,ondrej duda,Ondrej Duda,Hertha BSC | Köln | Hellas Verona,3,Hellas Verona,2425,Jugador con cambio de club en histórico: requiere validación externa
role_dss,oriol romeu,Oriol Romeu,Southampton | Girona | Barcelona,3,Girona,2425,Jugador con cambio de club en histórico: requiere validación externa
role_dss,oscar rodriguez arnaiz,Óscar Rodríguez Arnaiz,Leganés | Getafe | Celta Vigo,3,Leganés,2425,Jugador con cambio de club en histórico: requiere validación externa
role_dss,pablo fornals,Pablo Fornals,West Ham | Villarreal | Betis,3,Betis,2425,Jugador con cambio de club en histórico: requiere validación externa
role_dss,darko brasanac,Darko Brašanac,Leganés | Alavés | Osasuna,3,Leganés,2425,Jugador con cambio de club en histórico: requiere validación externa
role_dss,andreas pereira,Andreas Pereira,Manchester Utd | Fulham | Valencia,3,Valencia,1718,Jugador con cambio de club en histórico: requiere validación externa
role_dss,ruslan malinovskyi,Ruslan Malinovskyi,Marseille | Atalanta | Genoa,3,Genoa,2324,Jugador con cambio de club en histórico: requiere validación externa
role_dss,sasa lukic,Saša Lukić,Fulham | Levante | Torino,3,Torino,2223,Jugador con cambio de club en histórico: requiere validación externa
role_dss,sander berge,Sander Berge,Sheffield Utd | Burnley | Fulham,3,Fulham,2425,Jugador con cambio de club en histórico: requiere validación externa
role_dss,sandro tonali,Sandro Tonali,Newcastle Utd | Brescia | Milan,3,Milan,2223,Jugador con cambio de club en histórico: requiere validación externa
role_dss,arne maier,Arne Maier,Hertha BSC | Arminia | Augsburg,3,Augsburg,2425,Jugador con cambio de club en histórico: requiere validación externa
role_dss,andros townsend,Andros Townsend,Crystal Palace | Everton | Luton Town,3,Luton Town,2324,Jugador con cambio de club en histórico: requiere validación externa
role_dss,sergi darder,Sergi Darder,Espanyol | Mallorca | Lyon,3,Lyon,1718,Jugador con cambio de club en histórico: requiere validación externa
role_dss,sofyan amrabat,Sofyan Amrabat,Manchester Utd | Hellas Verona | Fiorentina,3,Fiorentina,2223,Jugador con cambio de club en histórico: requiere validación externa
role_dss,sebastian rudy,Sebastian Rudy,Bayern Munich | Schalke 04 | Hoffenheim,3,Hoffenheim,2021,Jugador con cambio de club en histórico: requiere validación externa
role_dss,steven nzonzi,Steven Nzonzi,Sevilla | Rennes | Roma,3,Roma,1819,Jugador con cambio de club en histórico: requiere validación externa
role_dss,mikel merino,Mikel Merino,Newcastle Utd | Arsenal | Real Sociedad,3,Real Sociedad,2324,Jugador con cambio de club en histórico: requiere validación externa
role_dss,milan badelj,Milan Badelj,Fiorentina | Lazio | Genoa,3,Genoa,2425,Jugador con cambio de club en histórico: requiere validación externa
role_dss,moi gomez,Moi Gómez,Huesca | Villarreal | Osasuna,3,Osasuna,2324,Jugador con cambio de club en histórico: requiere validación externa
role_dss,moussa sissoko,Moussa Sissoko,Tottenham | Watford | Nantes,3,Nantes,2324,Jugador con cambio de club en histórico: requiere validación externa
role_dss,nadiem amiri,Nadiem Amiri,Hoffenheim | Leverkusen | Mainz 05,3,Mainz 05,2425,Jugador con cambio de club en histórico: requiere validación externa
role_dss,nabil bentaleb,Nabil Bentaleb,Angers | Lille | Schalke 04,3,Schalke 04,1819,Jugador con cambio de club en histórico: requiere validación externa
role_dss,nampalys mendy,Nampalys Mendy,Leicester City | Nice | Lens,3,Lens,2324,Jugador con cambio de club en histórico: requiere validación externa
role_dss,danilo cataldi,Danilo Cataldi,Benevento | Lazio | Fiorentina,3,Fiorentina,2425,Jugador con cambio de club en histórico: requiere validación externa
role_dss,omar mascarell,Omar Mascarell,Elche | Mallorca | Schalke 04,3,Schalke 04,2021,Jugador con cambio de club en histórico: requiere validación externa
role_dss,daichi kamada,Daichi Kamada,Crystal Palace | Eint Frankfurt | Lazio,3,Lazio,2324,Jugador con cambio de club en histórico: requiere validación externa
role_dss,nicolas gonzalez,Nicolás González,Manchester City | Barcelona | Valencia,3,Valencia,2223,Jugador con cambio de club en histórico: requiere validación externa
role_dss,marcel sabitzer,Marcel Sabitzer,RB Leipzig | Bayern Munich | Dortmund,3,Dortmund,2425,Jugador con cambio de club en histórico: requiere validación externa
role_dss,mateo kovacic,Mateo Kovačić,Chelsea | Manchester City | Real Madrid,3,Real Madrid,1718,Jugador con cambio de club en histórico: requiere validación externa
role_dss,denis zakaria,Denis Zakaria,Monaco | Gladbach | Juventus,3,Juventus,2122,Jugador con cambio de club en histórico: requiere validación externa
role_dss,dennis praet,Dennis Praet,Leicester City | Sampdoria | Torino,3,Torino,2122,Jugador con cambio de club en histórico: requiere validación externa
role_dss,dominik kohr,Dominik Kohr,Leverkusen | Eint Frankfurt | Mainz 05,3,Mainz 05,2223,Jugador con cambio de club en histórico: requiere validación externa
role_dss,lucas paqueta,Lucas Paquetá,West Ham | Lyon | Milan,3,Milan,1920,Jugador con cambio de club en histórico: requiere validación externa
role_dss,lucas torreira,Lucas Torreira,Arsenal | Sampdoria | Fiorentina,3,Fiorentina,2122,Jugador con cambio de club en histórico: requiere validación externa
role_dss,leandro paredes,Leandro Paredes,Paris S-G | Juventus | Roma,3,Roma,2425,Jugador con cambio de club en histórico: requiere validación externa
role_dss,leonardo bittencourt,Leonardo Bittencourt,Köln | Hoffenheim | Werder Bremen,3,Werder Bremen,2425,Jugador con cambio de club en histórico: requiere validación externa
role_dss,ellyes skhiri,Ellyes Skhiri,Montpellier | Köln | Eint Frankfurt,3,Eint Frankfurt,2425,Jugador con cambio de club en histórico: requiere validación externa
role_dss,edimilson fernandes,Edimilson Fernandes,Brest | Mainz 05 | Fiorentina,3,Fiorentina,1819,Jugador con cambio de club en histórico: requiere validación externa
role_dss,lassana coulibaly,Lassana Coulibaly,Angers | Salernitana | Lecce,3,Lecce,2425,Jugador con cambio de club en histórico: requiere validación externa
role_dss,emre can,Emre Can,Liverpool | Dortmund | Juventus,3,Juventus,1920,Jugador con cambio de club en histórico: requiere validación externa
role_dss,kevin strootman,Kevin Strootman,Marseille | Roma | Genoa,3,Genoa,2324,Jugador con cambio de club en histórico: requiere validación externa
role_dss,kevin stoger,Kevin Stöger,Düsseldorf | Bochum | Gladbach,3,Gladbach,2425,Jugador con cambio de club en histórico: requiere validación externa
role_dss,marc roca,Marc Roca,Leeds United | Espanyol | Betis,3,Betis,2425,Jugador con cambio de club en histórico: requiere validación externa
role_dss,ludovic blas,Ludovic Blas,Guingamp | Nantes | Rennes,3,Rennes,2425,Jugador con cambio de club en histórico: requiere validación externa
role_dss,lucien agoume,Lucien Agoume,Sevilla | Brest | Troyes,3,Troyes,2223,Jugador con cambio de club en histórico: requiere validación externa
role_dss,lucas tousart,Lucas Tousart,Lyon | Hertha BSC | Union Berlin,3,Union Berlin,2324,Jugador con cambio de club en histórico: requiere validación externa
role_dss,matteo pessina,Matteo Pessina,Hellas Verona | Atalanta | Monza,3,Monza,2324,Jugador con cambio de club en histórico: requiere validación externa
role_dss,maxime gonalons,Maxime Gonalons,Granada | Clermont Foot | Roma,3,Roma,1718,Jugador con cambio de club en histórico: requiere validación externa
role_dss,joan jordan,Joan Jordán,Eibar | Sevilla | Alavés,3,Alavés,2425,Jugador con cambio de club en histórico: requiere validación externa
role_dss,jonas hofmann,Jonas Hofmann,Gladbach | Schalke 04 | Leverkusen,3,Leverkusen,2324,Jugador con cambio de club en histórico: requiere validación externa
role_dss,jonas martin,Jonas Martin,Strasbourg | Rennes | Brest,3,Brest,2324,Jugador con cambio de club en histórico: requiere validación externa
role_dss,jordan ferri,Jordan Ferri,Lyon | Nîmes | Montpellier,3,Montpellier,2425,Jugador con cambio de club en histórico: requiere validación externa
role_dss,jorginho,Jorginho,Chelsea | Arsenal | Napoli,3,Napoli,1718,Jugador con cambio de club en histórico: requiere validación externa
role_dss,kai havertz,Kai Havertz,Chelsea | Arsenal | Leverkusen,3,Leverkusen,1920,Jugador con cambio de club en histórico: requiere validación externa
role_dss,filip uricic,Filip Đuričić,Benevento | Sampdoria | Sassuolo,3,Sampdoria,2223,Jugador con cambio de club en histórico: requiere validación externa
role_dss,jefferson lerma,Jefferson Lerma,Bournemouth | Crystal Palace | Levante,3,Levante,1718,Jugador con cambio de club en histórico: requiere validación externa
role_dss,jean eudes aholou,Jean-Eudes Aholou,Strasbourg | Monaco | Angers,3,Angers,2425,Jugador con cambio de club en histórico: requiere validación externa
role_dss,jean daniel akpa akpro,Jean-Daniel Akpa-Akpro,Lazio | Empoli | Monza,3,Monza,2425,Jugador con cambio de club en histórico: requiere validación externa
role_dss,james ward prowse,James Ward-Prowse,Southampton | West Ham | Nott'ham Forest,3,West Ham,2425,Jugador con cambio de club en histórico: requiere validación externa
role_dss,jasmin kurtic,Jasmin Kurtić,Atalanta | SPAL | Parma,3,Parma,2021,Jugador con cambio de club en histórico: requiere validación externa
role_dss,henrikh mkhitaryan,Henrikh Mkhitaryan,Manchester Utd | Roma | Inter,3,Inter,2425,Jugador con cambio de club en histórico: requiere validación externa
role_dss,fabian ruiz pena,Fabián Ruiz Peña,Betis | Paris S-G | Napoli,3,Napoli,2122,Jugador con cambio de club en histórico: requiere validación externa
role_dss,jean lucas,Jean Lucas,Brest | Lyon | Monaco,3,Monaco,2122,Jugador con cambio de club en histórico: requiere validación externa
role_dss,jens cajuste,Jens Cajuste,Ipswich Town | Reims | Napoli,3,Napoli,2324,Jugador con cambio de club en histórico: requiere validación externa
role_dss,gonzalo melero,Gonzalo Melero,Huesca | Levante | Almería,3,Almería,2324,Jugador con cambio de club en histórico: requiere validación externa
role_dss,hamed junior traore,Hamed Junior Traorè,Auxerre | Empoli | Sassuolo,3,Sassuolo,2021,Jugador con cambio de club en histórico: requiere validación externa
role_dss,harry winks,Harry Winks,Tottenham | Leicester City | Sampdoria,3,Sampdoria,2223,Jugador con cambio de club en histórico: requiere validación externa
role_dss,gerson,Gerson,Marseille | Roma | Fiorentina,3,Fiorentina,1819,Jugador con cambio de club en histórico: requiere validación externa
role_dss,gerard gumbau,Gerard Gumbau,Leganés | Elche | Granada,3,Granada,2324,Jugador con cambio de club en histórico: requiere validación externa
role_dss,geoffrey kondogbia,Geoffrey Kondogbia,Valencia | Atlético Madrid | Marseille,3,Marseille,2324,Jugador con cambio de club en histórico: requiere validación externa
role_dss,youri tielemans,Youri Tielemans,Leicester City | Aston Villa | Monaco,3,Monaco,1819,Jugador con cambio de club en histórico: requiere validación externa
role_dss,gianluca caprari,Gianluca Caprari,Benevento | Hellas Verona | Monza,3,Monza,2425,Jugador con cambio de club en histórico: requiere validación externa
role_dss,yacine adli,Yacine Adli,Bordeaux | Milan | Fiorentina,3,Fiorentina,2425,Jugador con cambio de club en histórico: requiere validación externa
role_dss,weston mckennie,Weston McKennie,Leeds United | Schalke 04 | Juventus,3,Juventus,2425,Jugador con cambio de club en histórico: requiere validación externa
role_dss,walace,Walace,Hamburger SV | Hannover 96 | Udinese,3,Udinese,2324,Jugador con cambio de club en histórico: requiere validación externa
role_dss,albin ekdal,Albin Ekdal,Hamburger SV | Sampdoria | Spezia,3,Spezia,2223,Jugador con cambio de club en histórico: requiere validación externa
role_dss,albert sambi lokonga,Albert Sambi Lokonga,Arsenal | Luton Town | Sevilla,3,Sevilla,2425,Jugador con cambio de club en histórico: requiere validación externa
role_dss,adrien thomasson,Adrien Thomasson,Nantes | Strasbourg | Lens,3,Lens,2425,Jugador con cambio de club en histórico: requiere validación externa
role_dss,adrien silva,Adrien Silva,Leicester City | Monaco | Sampdoria,3,Sampdoria,2122,Jugador con cambio de club en histórico: requiere validación externa
role_dss,adrien rabiot,Adrien Rabiot,Paris S-G | Marseille | Juventus,3,Juventus,2324,Jugador con cambio de club en histórico: requiere validación externa
role_dss,aaron mooy,Aaron Mooy,Huddersfield | Brighton,2,Brighton,1920,Jugador con cambio de club en histórico: requiere validación externa
role_dss,abdoulaye toure,Abdoulaye Touré,Nantes | Le Havre,2,Le Havre,2425,Jugador con cambio de club en histórico: requiere validación externa
role_dss,adri embarba,Adri Embarba,Rayo Vallecano | Espanyol,2,Espanyol,1920,Jugador con cambio de club en histórico: requiere validación externa
role_dss,adrien tameze,Adrien Tameze,Nice | Hellas Verona,2,Hellas Verona,2223,Jugador con cambio de club en histórico: requiere validación externa
role_dss,afriyie acquah,Afriyie Acquah,Torino | Empoli,2,Empoli,1819,Jugador con cambio de club en histórico: requiere validación externa
role_dss,ainsley maitland niles,Ainsley Maitland-Niles,Arsenal | West Brom,2,West Brom,2021,Jugador con cambio de club en histórico: requiere validación externa
role_dss,ander guevara,Ander Guevara,Real Sociedad | Alavés,2,Alavés,2425,Jugador con cambio de club en histórico: requiere validación externa
role_dss,amir richardson,Amir Richardson,Reims | Fiorentina,2,Fiorentina,2425,Jugador con cambio de club en histórico: requiere validación externa
role_dss,amine harit,Amine Harit,Marseille | Schalke 04,2,Schalke 04,2021,Jugador con cambio de club en histórico: requiere validación externa
role_dss,amath,Amath,Getafe | Mallorca,2,Mallorca,2223,Jugador con cambio de club en histórico: requiere validación externa
role_dss,allan saint maximin,Allan Saint-Maximin,Newcastle Utd | Monaco,2,Monaco,1718,Jugador con cambio de club en histórico: requiere validación externa
role_dss,alexis mac allister,Alexis Mac Allister,Brighton | Liverpool,2,Liverpool,2425,Jugador con cambio de club en histórico: requiere validación externa
role_dss,alexis claude maurice,Alexis Claude-Maurice,Nice | Augsburg,2,Augsburg,2425,Jugador con cambio de club en histórico: requiere validación externa
role_dss,alex iwobi,Alex Iwobi,Arsenal | Everton,2,Everton,2324,Jugador con cambio de club en histórico: requiere validación externa
role_dss,alex berenguer,Álex Berenguer,Athletic Club | Torino,2,Torino,2021,Jugador con cambio de club en histórico: requiere validación externa
role_dss,alessandro schopf,Alessandro Schöpf,Schalke 04 | Arminia,2,Arminia,2122,Jugador con cambio de club en histórico: requiere validación externa
role_dss,tobias strobl,Tobias Strobl,Gladbach | Augsburg,2,Augsburg,2021,Jugador con cambio de club en histórico: requiere validación externa
role_dss,thomas partey,Thomas Partey,Arsenal | Atlético Madrid,2,Atlético Madrid,2021,Jugador con cambio de club en histórico: requiere validación externa
role_dss,thomas monconduit,Thomas Monconduit,Amiens | Lorient,2,Lorient,2122,Jugador con cambio de club en histórico: requiere validación externa
role_dss,thomas mangani,Thomas Mangani,Angers | Ajaccio,2,Ajaccio,2223,Jugador con cambio de club en histórico: requiere validación externa
role_dss,thomas lemar,Thomas Lemar,Atlético Madrid | Monaco,2,Monaco,1718,Jugador con cambio de club en histórico: requiere validación externa
role_dss,thiago mendes,Thiago Mendes,Lille | Lyon,2,Lyon,2223,Jugador con cambio de club en histórico: requiere validación externa
role_dss,guido rodriguez,Guido Rodríguez,West Ham | Betis,2,Betis,2324,Jugador con cambio de club en histórico: requiere validación externa
role_dss,grischa promel,Grischa Prömel,Union Berlin | Hoffenheim,2,Hoffenheim,2324,Jugador con cambio de club en histórico: requiere validación externa
role_dss,granit xhaka,Granit Xhaka,Arsenal | Leverkusen,2,Leverkusen,2425,Jugador con cambio de club en histórico: requiere validación externa
role_dss,gonzalo villar,Gonzalo Villar,Granada | Roma,2,Roma,2021,Jugador con cambio de club en histórico: requiere validación externa
role_dss,gonzalo castro,Gonzalo Castro,Dortmund | Stuttgart,2,Stuttgart,2021,Jugador con cambio de club en histórico: requiere validación externa
role_dss,goncalo guedes,Gonçalo Guedes,Wolves | Valencia,2,Valencia,2021,Jugador con cambio de club en histórico: requiere validación externa
role_dss,giulio maggiore,Giulio Maggiore,Spezia | Salernitana,2,Salernitana,2324,Jugador con cambio de club en histórico: requiere validación externa
role_dss,gil bastiao dias,Gil Bastião Dias,Granada | Monaco,2,Monaco,1718,Jugador con cambio de club en histórico: requiere validación externa
role_dss,giannelli imbula,Giannelli Imbula,Rayo Vallecano | Toulouse,2,Toulouse,1718,Jugador con cambio de club en histórico: requiere validación externa
role_dss,giacomo bonaventura,Giacomo Bonaventura,Milan | Fiorentina,2,Fiorentina,2324,Jugador con cambio de club en histórico: requiere validación externa
role_dss,georginio wijnaldum,Georginio Wijnaldum,Liverpool | Paris S-G,2,Paris S-G,2122,Jugador con cambio de club en histórico: requiere validación externa
role_dss,genki haraguchi,Genki Haraguchi,Hannover 96 | Union Berlin,2,Union Berlin,2122,Jugador con cambio de club en histórico: requiere validación externa
role_dss,gael kakuta,Gaël Kakuta,Amiens | Lens,2,Lens,2122,Jugador con cambio de club en histórico: requiere validación externa
role_dss,frank onyeka,Frank Onyeka,Brentford | Augsburg,2,Augsburg,2425,Jugador con cambio de club en histórico: requiere validación externa
role_dss,franck ribery,Franck Ribéry,Bayern Munich | Salernitana,2,Salernitana,2122,Jugador con cambio de club en histórico: requiere validación externa
role_dss,franck kessie,Franck Kessié,Barcelona | Milan,2,Milan,2122,Jugador con cambio de club en histórico: requiere validación externa
role_dss,isco,Isco,Real Madrid | Betis,2,Betis,2425,Jugador con cambio de club en histórico: requiere validación externa
role_dss,inigo ruiz de galarreta,Iñigo Ruiz de Galarreta,Mallorca | Athletic Club,2,Athletic Club,2425,Jugador con cambio de club en histórico: requiere validación externa
role_dss,imran louza,Imran Louza,Watford | Nantes,2,Nantes,2021,Jugador con cambio de club en histórico: requiere validación externa
role_dss,ilkay gundogan,İlkay Gündoğan,Manchester City | Barcelona,2,Barcelona,2324,Jugador con cambio de club en histórico: requiere validación externa
role_dss,ilaix moriba,Ilaix Moriba,Valencia | Celta Vigo,2,Celta Vigo,2425,Jugador con cambio de club en histórico: requiere validación externa
role_dss,idrissa gana gueye,Idrissa Gana Gueye,Everton | Paris S-G,2,Paris S-G,2122,Jugador con cambio de club en histórico: requiere validación externa
role_dss,iddrisu baba,Iddrisu Baba,Mallorca | Almería,2,Almería,2324,Jugador con cambio de club en histórico: requiere validación externa
role_dss,ibrahima sissoko,Ibrahima Sissoko,Strasbourg | Bochum,2,Bochum,2425,Jugador con cambio de club en histórico: requiere validación externa
role_dss,ibrahima diallo,Ibrahima Diallo,Southampton | Brest,2,Brest,2021,Jugador con cambio de club en histórico: requiere validación externa
role_dss,ibrahim sangare,Ibrahim Sangaré,Nott'ham Forest | Toulouse,2,Toulouse,1920,Jugador con cambio de club en histórico: requiere validación externa
role_dss,ibrahim amadou,Ibrahim Amadou,Lille | Angers,2,Angers,2021,Jugador con cambio de club en histórico: requiere validación externa
role_dss,helder costa,Hélder Costa,Leeds United | Valencia,2,Valencia,2122,Jugador con cambio de club en histórico: requiere validación externa
role_dss,harry arter,Harry Arter,Bournemouth | Cardiff City,2,Cardiff City,1819,Jugador con cambio de club en histórico: requiere validación externa
role_dss,haris belkebla,Haris Belkebla,Brest | Angers,2,Angers,2425,Jugador con cambio de club en histórico: requiere validación externa
role_dss,hakan calhanoglu,Hakan Çalhanoğlu,Milan | Inter,2,Inter,2425,Jugador con cambio de club en histórico: requiere validación externa
role_dss,guilherme,Guilherme,La Coruña | Benevento,2,Benevento,1718,Jugador con cambio de club en histórico: requiere validación externa
role_dss,jean seri,Jean Seri,Fulham | Nice,2,Nice,1718,Jugador con cambio de club en histórico: requiere validación externa
role_dss,jean ricner bellegarde,Jean-Ricner Bellegarde,Wolves | Strasbourg,2,Strasbourg,2324,Jugador con cambio de club en histórico: requiere validación externa
role_dss,jean paul boetius,Jean-Paul Boëtius,Mainz 05 | Hertha BSC,2,Hertha BSC,2223,Jugador con cambio de club en histórico: requiere validación externa
role_dss,javi fuego,Javi Fuego,Espanyol | Villarreal,2,Villarreal,1718,Jugador con cambio de club en histórico: requiere validación externa
role_dss,javairo dilrosun,Javairô Dilrosun,Bordeaux | Hertha BSC,2,Hertha BSC,1920,Jugador con cambio de club en histórico: requiere validación externa
role_dss,janik haberer,Janik Haberer,Freiburg | Union Berlin,2,Union Berlin,2425,Jugador con cambio de club en histórico: requiere validación externa
role_dss,james mcatee,James Mcatee,Manchester City | Sheffield Utd,2,Sheffield Utd,2324,Jugador con cambio de club en histórico: requiere validación externa
role_dss,james maddison,James Maddison,Leicester City | Tottenham,2,Tottenham,2425,Jugador con cambio de club en histórico: requiere validación externa
role_dss,jakub jankto,Jakub Jankto,Udinese | Sampdoria,2,Sampdoria,2021,Jugador con cambio de club en histórico: requiere validación externa
role_dss,jacopo petriccione,Jacopo Petriccione,Lecce | Crotone,2,Crotone,2021,Jugador con cambio de club en histórico: requiere validación externa
role_dss,jack harrison,Jack Harrison,Leeds United | Everton,2,Everton,2324,Jugador con cambio de club en histórico: requiere validación externa
role_dss,ivan rakitic,Ivan Rakitić,Barcelona | Sevilla,2,Sevilla,2324,Jugador con cambio de club en histórico: requiere validación externa
role_dss,ivan radovanovic,Ivan Radovanović,Chievo | Genoa,2,Genoa,1920,Jugador con cambio de club en histórico: requiere validación externa
role_dss,ivan ilic,Ivan Ilić,Hellas Verona | Torino,2,Torino,2425,Jugador con cambio de club en histórico: requiere validación externa
role_dss,ivan alejo,Iván Alejo,Eibar | Cádiz,2,Cádiz,2324,Jugador con cambio de club en histórico: requiere validación externa
role_dss,ismael bennacer,Ismaël Bennacer,Empoli | Milan,2,Milan,2324,Jugador con cambio de club en histórico: requiere validación externa
role_dss,joao mario,João Mário,West Ham | Inter,2,Inter,1819,Jugador con cambio de club en histórico: requiere validación externa
role_dss,jesse lingard,Jesse Lingard,Manchester Utd | West Ham,2,West Ham,2021,Jugador con cambio de club en histórico: requiere validación externa
role_dss,jeff hendrick,Jeff Hendrick,Burnley | Newcastle Utd,2,Newcastle Utd,2021,Jugador con cambio de club en histórico: requiere validación externa
role_dss,francesco cassata,Francesco Cassata,Frosinone | Genoa,2,Genoa,1920,Jugador con cambio de club en histórico: requiere validación externa
role_dss,florian tardieu,Florian Tardieu,Troyes | Saint-Étienne,2,Saint-Étienne,2425,Jugador con cambio de club en histórico: requiere validación externa
role_dss,florian kainz,Florian Kainz,Werder Bremen | Köln,2,Köln,2324,Jugador con cambio de club en histórico: requiere validación externa
role_dss,flavien tait,Flavien Tait,Angers | Rennes,2,Rennes,2223,Jugador con cambio de club en histórico: requiere validación externa
role_dss,felix nmecha,Felix Nmecha,Wolfsburg | Dortmund,2,Dortmund,2425,Jugador con cambio de club en histórico: requiere validación externa
role_dss,federico valverde,Federico Valverde,La Coruña | Real Madrid,2,Real Madrid,2425,Jugador con cambio de club en histórico: requiere validación externa
role_dss,fede san emeterio,Fede San Emeterio,Valladolid | Cádiz,2,Cádiz,2223,Jugador con cambio de club en histórico: requiere validación externa
role_dss,faycal fajr,Fayçal Fajr,Getafe | Caen,2,Caen,1819,Jugador con cambio de club en histórico: requiere validación externa
role_dss,fabio miretti,Fabio Miretti,Juventus | Genoa,2,Genoa,2425,Jugador con cambio de club en histórico: requiere validación externa
role_dss,fabinho,Fabinho,Liverpool | Monaco,2,Monaco,1718,Jugador con cambio de club en histórico: requiere validación externa
role_dss,fabian orellana,Fabián Orellana,Eibar | Valladolid,2,Valladolid,2021,Jugador con cambio de club en histórico: requiere validación externa
role_dss,etienne capoue,Étienne Capoue,Watford | Villarreal,2,Villarreal,2324,Jugador con cambio de club en histórico: requiere validación externa
role_dss,erik thommy,Erik Thommy,Stuttgart | Düsseldorf,2,Düsseldorf,1920,Jugador con cambio de club en histórico: requiere validación externa
role_dss,junior messias,Junior Messias,Crotone | Genoa,2,Genoa,2324,Jugador con cambio de club en histórico: requiere validación externa
role_dss,julian weigl,Julian Weigl,Dortmund | Gladbach,2,Gladbach,2425,Jugador con cambio de club en histórico: requiere validación externa
role_dss,julian brandt,Julian Brandt,Leverkusen | Dortmund,2,Dortmund,2425,Jugador con cambio de club en histórico: requiere validación externa
role_dss,jude bellingham,Jude Bellingham,Real Madrid | Dortmund,2,Dortmund,2223,Jugador con cambio de club en histórico: requiere validación externa
role_dss,jota,Jota,Alavés | Valladolid,2,Valladolid,2021,Jugador con cambio de club en histórico: requiere validación externa
role_dss,josuha guilavogui,Josuha Guilavogui,Bordeaux | Wolfsburg,2,Wolfsburg,2122,Jugador con cambio de club en histórico: requiere validación externa
role_dss,josip brekalo,Josip Brekalo,Wolfsburg | Torino,2,Torino,2122,Jugador con cambio de club en histórico: requiere validación externa
role_dss,jose luis garcia vaya,José Luis García Vayá,Levante | Valencia,2,Valencia,2425,Jugador con cambio de club en histórico: requiere validación externa
role_dss,jose campana,José Campaña,Levante | Las Palmas,2,Las Palmas,2425,Jugador con cambio de club en histórico: requiere validación externa
role_dss,jonathan viera,Jonathan Viera,Las Palmas | Almería,2,Las Palmas,2324,Jugador con cambio de club en histórico: requiere validación externa
role_dss,jonathan ikone,Jonathan Ikone,Montpellier | Lille,2,Lille,2122,Jugador con cambio de club en histórico: requiere validación externa
role_dss,jonathan bamba,Jonathan Bamba,Celta Vigo | Lille,2,Lille,2122,Jugador con cambio de club en histórico: requiere validación externa
role_dss,johann lepenant,Johann Lepenant,Lyon | Nantes,2,Nantes,2425,Jugador con cambio de club en histórico: requiere validación externa
role_dss,joel obi,Joel Obi,Torino | Salernitana,2,Salernitana,2122,Jugador con cambio de club en histórico: requiere validación externa
role_dss,joe willock,Joe Willock,Arsenal | Newcastle Utd,2,Newcastle Utd,2425,Jugador con cambio de club en histórico: requiere validación externa
role_dss,joao moutinho,João Moutinho,Wolves | Monaco,2,Monaco,1718,Jugador con cambio de club en histórico: requiere validación externa
role_dss,lazar samardzic,Lazar Samardzic,Udinese | Atalanta,2,Atalanta,2425,Jugador con cambio de club en histórico: requiere validación externa
role_dss,lamine camara,Lamine Camara,Metz | Monaco,2,Monaco,2425,Jugador con cambio de club en histórico: requiere validación externa
role_dss,kristjan asllani,Kristjan Asllani,Empoli | Inter,2,Inter,2425,Jugador con cambio de club en histórico: requiere validación externa
role_dss,kristijan jakic,Kristijan Jakić,Eint Frankfurt | Augsburg,2,Augsburg,2425,Jugador con cambio de club en histórico: requiere validación externa
role_dss,kike perez,Kike Pérez,Valladolid | Venezia,2,Venezia,2425,Jugador con cambio de club en histórico: requiere validación externa
role_dss,ki sung yueng,Ki Sung-yueng,Swansea City | Newcastle Utd,2,Newcastle Utd,1819,Jugador con cambio de club en histórico: requiere validación externa
role_dss,khephren thuram,Khéphren Thuram,Nice | Juventus,2,Juventus,2425,Jugador con cambio de club en histórico: requiere validación externa
role_dss,kevin kampl,Kevin Kampl,Leverkusen | RB Leipzig,2,RB Leipzig,2425,Jugador con cambio de club en histórico: requiere validación externa
role_dss,kerem demirbay,Kerem Demirbay,Hoffenheim | Leverkusen,2,Leverkusen,2223,Jugador con cambio de club en histórico: requiere validación externa
role_dss,keko,Keko,Málaga | Valladolid,2,Valladolid,1819,Jugador con cambio de club en histórico: requiere validación externa
role_dss,karol linetty,Karol Linetty,Sampdoria | Torino,2,Torino,2425,Jugador con cambio de club en histórico: requiere validación externa
role_dss,kamory doumbia,Kamory Doumbia,Reims | Brest,2,Brest,2425,Jugador con cambio de club en histórico: requiere validación externa
role_dss,kalvin phillips,Kalvin Phillips,Leeds United | Ipswich Town,2,Ipswich Town,2425,Jugador con cambio de club en histórico: requiere validación externa
role_dss,justin kluivert,Justin Kluivert,Bournemouth | Nice,2,Nice,2122,Jugador con cambio de club en histórico: requiere validación externa
role_dss,juraj kucka,Juraj Kucka,Watford | Parma,2,Parma,2021,Jugador con cambio de club en histórico: requiere validación externa
role_dss,junior mwanga,Junior Mwanga,Strasbourg | Le Havre,2,Strasbourg,2425,Jugador con cambio de club en histórico: requiere validación externa
role_dss,lovro majer,Lovro Majer,Rennes | Wolfsburg,2,Wolfsburg,2324,Jugador con cambio de club en histórico: requiere validación externa
role_dss,lewis holtby,Lewis Holtby,Hamburger SV | Holstein Kiel,2,Holstein Kiel,2425,Jugador con cambio de club en histórico: requiere validación externa
role_dss,lesley ugochukwu,Lesley Ugochukwu,Southampton | Rennes,2,Rennes,2223,Jugador con cambio de club en histórico: requiere validación externa
role_dss,leon goretzka,Leon Goretzka,Schalke 04 | Bayern Munich,2,Bayern Munich,2425,Jugador con cambio de club en histórico: requiere validación externa
role_dss,erick pulgar,Erick Pulgar,Bologna | Fiorentina,2,Fiorentina,2021,Jugador con cambio de club en histórico: requiere validación externa
role_dss,enzo le fee,Enzo Le Fée,Lorient | Rennes,2,Rennes,2324,Jugador con cambio de club en histórico: requiere validación externa
role_dss,enzo barrenechea,Enzo Barrenechea,Valencia | Frosinone,2,Frosinone,2324,Jugador con cambio de club en histórico: requiere validación externa
role_dss,emile smith rowe,Emile Smith Rowe,Arsenal | Fulham,2,Fulham,2425,Jugador con cambio de club en histórico: requiere validación externa
role_dss,elliot anderson,Elliot Anderson,Newcastle Utd | Nott'ham Forest,2,Nott'ham Forest,2425,Jugador con cambio de club en histórico: requiere validación externa
role_dss,elif elmas,Elif Elmas,RB Leipzig | Napoli,2,Napoli,1920,Jugador con cambio de club en histórico: requiere validación externa
role_dss,eduardo camavinga,Eduardo Camavinga,Real Madrid | Rennes,2,Rennes,2122,Jugador con cambio de club en histórico: requiere validación externa
role_dss,eduard lowen,Eduard Löwen,Nürnberg | Bochum,2,Bochum,2122,Jugador con cambio de club en histórico: requiere validación externa
role_dss,edu exposito,Edu Expósito,Eibar | Espanyol,2,Espanyol,2425,Jugador con cambio de club en histórico: requiere validación externa
role_dss,ederson,Éderson,Salernitana | Atalanta,2,Atalanta,2425,Jugador con cambio de club en histórico: requiere validación externa
role_dss,dwight mcneil,Dwight McNeil,Burnley | Everton,2,Everton,2425,Jugador con cambio de club en histórico: requiere validación externa
role_dss,douglas luiz,Douglas Luiz,Aston Villa | Girona,2,Girona,1819,Jugador con cambio de club en histórico: requiere validación externa
role_dss,marco brescianini,Marco Brescianini,Frosinone | Atalanta,2,Atalanta,2425,Jugador con cambio de club en histórico: requiere validación externa
role_dss,marco benassi,Marco Benassi,Fiorentina | Cremonese,2,Cremonese,2223,Jugador con cambio de club en histórico: requiere validación externa
role_dss,marc cucurella,Marc Cucurella,Eibar | Getafe,2,Getafe,2122,Jugador con cambio de club en histórico: requiere validación externa
role_dss,manuel ugarte,Manuel Ugarte,Manchester Utd | Paris S-G,2,Paris S-G,2324,Jugador con cambio de club en histórico: requiere validación externa
role_dss,manuel locatelli,Manuel Locatelli,Sassuolo | Juventus,2,Juventus,2425,Jugador con cambio de club en histórico: requiere validación externa
role_dss,manu morlanes,Manu Morlanes,Espanyol | Mallorca,2,Mallorca,2425,Jugador con cambio de club en histórico: requiere validación externa
role_dss,manu kone,Manu Koné,Gladbach | Roma,2,Roma,2425,Jugador con cambio de club en histórico: requiere validación externa
role_dss,manu garcia,Manu García,Alavés | Toulouse,2,Toulouse,1819,Jugador con cambio de club en histórico: requiere validación externa
role_dss,mahdi camara,Mahdi Camara,Saint-Étienne | Brest,2,Brest,2425,Jugador con cambio de club en histórico: requiere validación externa
role_dss,lukas lerager,Lukas Lerager,Bordeaux | Genoa,2,Genoa,2021,Jugador con cambio de club en histórico: requiere validación externa
role_dss,luis rioja,Luis Rioja,Alavés | Valencia,2,Valencia,2425,Jugador con cambio de club en histórico: requiere validación externa
role_dss,luis milla,Luis Milla,Granada | Getafe,2,Getafe,2425,Jugador con cambio de club en histórico: requiere validación externa
role_dss,lucas deaux,Lucas Deaux,Guingamp | Nîmes,2,Nîmes,2021,Jugador con cambio de club en histórico: requiere validación externa
role_dss,luca rigoni,Luca Rigoni,Genoa | Parma,2,Parma,1819,Jugador con cambio de club en histórico: requiere validación externa
role_dss,luca mazzitelli,Luca Mazzitelli,Sassuolo | Frosinone,2,Frosinone,2324,Jugador con cambio de club en histórico: requiere validación externa
role_dss,luca cigarini,Luca Cigarini,Cagliari | Crotone,2,Crotone,2021,Jugador con cambio de club en histórico: requiere validación externa
role_dss,david timor,David Timor,Girona | Getafe,2,Getafe,2021,Jugador con cambio de club en histórico: requiere validación externa
role_dss,max meyer,Max Meyer,Crystal Palace | Schalke 04,2,Schalke 04,1718,Jugador con cambio de club en histórico: requiere validación externa
role_dss,mattias svanberg,Mattias Svanberg,Wolfsburg | Bologna,2,Bologna,2122,Jugador con cambio de club en histórico: requiere validación externa
role_dss,mattia valoti,Mattia Valoti,Hellas Verona | SPAL,2,SPAL,1920,Jugador con cambio de club en histórico: requiere validación externa
role_dss,matias vecino,Matías Vecino,Inter | Lazio,2,Lazio,2324,Jugador con cambio de club en histórico: requiere validación externa
role_dss,mathias pereira lage,Mathias Pereira Lage,Angers | Brest,2,Brest,2223,Jugador con cambio de club en histórico: requiere validación externa
role_dss,mathias autret,Mathias Autret,Brest | Auxerre,2,Auxerre,2223,Jugador con cambio de club en histórico: requiere validación externa
role_dss,matheus pereira,Matheus Pereira,West Brom | Nürnberg,2,Nürnberg,1819,Jugador con cambio de club en histórico: requiere validación externa
role_dss,marvelous nakamba,Marvelous Nakamba,Aston Villa | Luton Town,2,Luton Town,2324,Jugador con cambio de club en histórico: requiere validación externa
role_dss,martin hongla,Martin Hongla,Granada | Hellas Verona,2,Hellas Verona,2324,Jugador con cambio de club en histórico: requiere validación externa
role_dss,martin degaard,Martin Ødegaard,Arsenal | Real Sociedad,2,Real Sociedad,1920,Jugador con cambio de club en histórico: requiere validación externa
role_dss,marshall munetsi,Marshall Munetsi,Wolves | Reims,2,Reims,2425,Jugador con cambio de club en histórico: requiere validación externa
role_dss,marquinhos,Marquinhos,Arsenal | Paris S-G,2,Paris S-G,1920,Jugador con cambio de club en histórico: requiere validación externa
role_dss,marius wolf,Marius Wolf,Eint Frankfurt | Köln,2,Köln,2021,Jugador con cambio de club en histórico: requiere validación externa
role_dss,mario gotze,Mario Götze,Dortmund | Eint Frankfurt,2,Eint Frankfurt,2425,Jugador con cambio de club en histórico: requiere validación externa
role_dss,marco richter,Marco Richter,Augsburg | Hertha BSC,2,Hertha BSC,2223,Jugador con cambio de club en histórico: requiere validación externa
role_dss,maximo perrone,Máximo Perrone,Las Palmas | Como,2,Como,2425,Jugador con cambio de club en histórico: requiere validación externa
role_dss,maximilian eggestein,Maximilian Eggestein,Werder Bremen | Freiburg,2,Freiburg,2425,Jugador con cambio de club en histórico: requiere validación externa
role_dss,maxime lopez,Maxime Lopez,Marseille | Sassuolo,2,Sassuolo,2223,Jugador con cambio de club en histórico: requiere validación externa
role_dss,maxence caqueret,Maxence Caqueret,Lyon | Como,2,Como,2425,Jugador con cambio de club en histórico: requiere validación externa
role_dss,dominik szoboszlai,Dominik Szoboszlai,Liverpool | RB Leipzig,2,RB Leipzig,2223,Jugador con cambio de club en histórico: requiere validación externa
role_dss,dominick drexler,Dominick Drexler,Köln | Schalke 04,2,Schalke 04,2223,Jugador con cambio de club en histórico: requiere validación externa
role_dss,djibril sow,Djibril Sow,Sevilla | Eint Frankfurt,2,Eint Frankfurt,2223,Jugador con cambio de club en histórico: requiere validación externa
role_dss,dion lopy,Dion Lopy,Almería | Reims,2,Reims,2223,Jugador con cambio de club en histórico: requiere validación externa
role_dss,diego demme,Diego Demme,RB Leipzig | Napoli,2,Napoli,2021,Jugador con cambio de club en histórico: requiere validación externa
role_dss,denis suarez,Denis Suárez,Celta Vigo | Espanyol,2,Espanyol,2223,Jugador con cambio de club en histórico: requiere validación externa
role_dss,denis cheryshev,Denis Cheryshev,Villarreal | Valencia,2,Valencia,2021,Jugador con cambio de club en histórico: requiere validación externa
role_dss,denis bouanga,Denis Bouanga,Nîmes | Saint-Étienne,2,Saint-Étienne,2021,Jugador con cambio de club en histórico: requiere validación externa
role_dss,demarai gray,Demarai Gray,Leicester City | Everton,2,Everton,2122,Jugador con cambio de club en histórico: requiere validación externa
role_dss,dejan kulusevski,Dejan Kulusevski,Tottenham | Juventus,2,Juventus,2021,Jugador con cambio de club en histórico: requiere validación externa
role_dss,declan rice,Declan Rice,West Ham | Arsenal,2,Arsenal,2425,Jugador con cambio de club en histórico: requiere validación externa
role_dss,davide frattesi,Davide Frattesi,Sassuolo | Inter,2,Inter,2425,Jugador con cambio de club en histórico: requiere validación externa
role_dss,naouirou ahamada,Naouirou Ahamada,Crystal Palace | Stuttgart,2,Stuttgart,2223,Jugador con cambio de club en histórico: requiere validación externa
role_dss,naby keita,Naby Keïta,Liverpool | RB Leipzig,2,RB Leipzig,1718,Jugador con cambio de club en histórico: requiere validación externa
role_dss,nabil fekir,Nabil Fekir,Betis | Lyon,2,Lyon,1819,Jugador con cambio de club en histórico: requiere validación externa
role_dss,morten thorsby,Morten Thorsby,Sampdoria | Genoa,2,Genoa,2425,Jugador con cambio de club en histórico: requiere validación externa
role_dss,morgan schneiderlin,Morgan Schneiderlin,Everton | Nice,2,Nice,2021,Jugador con cambio de club en histórico: requiere validación externa
role_dss,moises caicedo,Moisés Caicedo,Brighton | Chelsea,2,Chelsea,2425,Jugador con cambio de club en histórico: requiere validación externa
role_dss,mohamed camara,Mohamed Camara,Monaco | Roma,2,Roma,2223,Jugador con cambio de club en histórico: requiere validación externa
role_dss,mikkel damsgaard,Mikkel Damsgaard,Brentford | Sampdoria,2,Sampdoria,2021,Jugador con cambio de club en histórico: requiere validación externa
role_dss,mikel vesga,Mikel Vesga,Leganés | Athletic Club,2,Athletic Club,2425,Jugador con cambio de club en histórico: requiere validación externa
role_dss,mikel rico,Mikel Rico,Athletic Club | Huesca,2,Huesca,2021,Jugador con cambio de club en histórico: requiere validación externa
role_dss,miha zajc,Miha Zajc,Empoli | Genoa,2,Genoa,2021,Jugador con cambio de club en histórico: requiere validación externa
role_dss,miguel veloso,Miguel Veloso,Genoa | Hellas Verona,2,Hellas Verona,2223,Jugador con cambio de club en histórico: requiere validación externa
role_dss,mehdi leris,Mehdi Léris,Chievo | Sampdoria,2,Sampdoria,2223,Jugador con cambio de club en histórico: requiere validación externa
role_dss,mehdi lacen,Mehdi Lacen,Getafe | Málaga,2,Málaga,1718,Jugador con cambio de club en histórico: requiere validación externa
role_dss,mehdi bourabia,Mehdi Bourabia,Sassuolo | Spezia,2,Spezia,2223,Jugador con cambio de club en histórico: requiere validación externa
role_dss,mehdi abeid,Mehdi Abeid,Dijon | Nantes,2,Nantes,2021,Jugador con cambio de club en histórico: requiere validación externa
role_dss,nicolas viola,Nicolas Viola,Benevento | Cagliari,2,Cagliari,2324,Jugador con cambio de club en histórico: requiere validación externa
role_dss,nicolas dominguez,Nicolás Domínguez,Nott'ham Forest | Bologna,2,Bologna,2324,Jugador con cambio de club en histórico: requiere validación externa
role_dss,nemanja radoja,Nemanja Radoja,Celta Vigo | Levante,2,Levante,2122,Jugador con cambio de club en histórico: requiere validación externa
role_dss,david silva,David Silva,Manchester City | Real Sociedad,2,Real Sociedad,2223,Jugador con cambio de club en histórico: requiere validación externa
role_dss,daniel wass,Daniel Wass,Celta Vigo | Valencia,2,Valencia,2122,Jugador con cambio de club en histórico: requiere validación externa
role_dss,daniel parejo,Daniel Parejo,Valencia | Villarreal,2,Villarreal,2425,Jugador con cambio de club en histórico: requiere validación externa
role_dss,daniel didavi,Daniel Didavi,Wolfsburg | Stuttgart,2,Stuttgart,2021,Jugador con cambio de club en histórico: requiere validación externa
role_dss,daniel caligiuri,Daniel Caligiuri,Schalke 04 | Augsburg,2,Augsburg,2021,Jugador con cambio de club en histórico: requiere validación externa
role_dss,daniel bessa,Daniel Bessa,Genoa | Hellas Verona,2,Genoa,1819,Jugador con cambio de club en histórico: requiere validación externa
role_dss,dani olmo,Dani Olmo,Barcelona | RB Leipzig,2,RB Leipzig,2324,Jugador con cambio de club en histórico: requiere validación externa
role_dss,dani garcia,Dani García,Eibar | Athletic Club,2,Athletic Club,2223,Jugador con cambio de club en histórico: requiere validación externa
role_dss,dani ceballos,Dani Ceballos,Arsenal | Real Madrid,2,Real Madrid,2425,Jugador con cambio de club en histórico: requiere validación externa
role_dss,corentin tolisso,Corentin Tolisso,Lyon | Bayern Munich,2,Bayern Munich,1718,Jugador con cambio de club en histórico: requiere validación externa
role_dss,cole palmer,Cole Palmer,Manchester City | Chelsea,2,Chelsea,2425,Jugador con cambio de club en histórico: requiere validación externa
role_dss,clement grenier,Clément Grenier,Guingamp | Rennes,2,Rennes,2021,Jugador con cambio de club en histórico: requiere validación externa
role_dss,nedim bajrami,Nedim Bajrami,Empoli | Sassuolo,2,Sassuolo,2324,Jugador con cambio de club en histórico: requiere validación externa
role_dss,patrick osterhage,Patrick Osterhage,Bochum | Freiburg,2,Freiburg,2425,Jugador con cambio de club en histórico: requiere validación externa
role_dss,pasquale schiattarella,Pasquale Schiattarella,SPAL | Benevento,2,Benevento,2021,Jugador con cambio de club en histórico: requiere validación externa
role_dss,pascal gro,Pascal Groß,Brighton | Dortmund,2,Dortmund,2425,Jugador con cambio de club en histórico: requiere validación externa
role_dss,papu gomez,Papu Gómez,Sevilla | Atalanta,2,Atalanta,2021,Jugador con cambio de club en histórico: requiere validación externa
role_dss,pape matar sarr,Pape Matar Sarr,Tottenham | Metz,2,Metz,2122,Jugador con cambio de club en histórico: requiere validación externa
role_dss,papakouli diop,Papakouli Diop,Eibar | Espanyol,2,Eibar,2021,Jugador con cambio de club en histórico: requiere validación externa
role_dss,pablo sarabia,Pablo Sarabia,Wolves | Sevilla,2,Sevilla,1819,Jugador con cambio de club en histórico: requiere validación externa
role_dss,oussama idrissi,Oussama Idrissi,Cádiz | Sevilla,2,Sevilla,2122,Jugador con cambio de club en histórico: requiere validación externa
role_dss,oscar melendo,Óscar Melendo,Espanyol | Granada,2,Granada,2324,Jugador con cambio de club en histórico: requiere validación externa
role_dss,oliver skipp,Oliver Skipp,Tottenham | Leicester City,2,Leicester City,2425,Jugador con cambio de club en histórico: requiere validación externa
role_dss,okay yokuslu,Okay Yokuşlu,West Brom | Celta Vigo,2,Celta Vigo,2021,Jugador con cambio de club en histórico: requiere validación externa
role_dss,nuri sahin,Nuri Şahin,Dortmund | Werder Bremen,2,Werder Bremen,1920,Jugador con cambio de club en histórico: requiere validación externa
role_dss,niklas schmidt,Niklas Schmidt,Toulouse | Werder Bremen,2,Werder Bremen,2223,Jugador con cambio de club en histórico: requiere validación externa
role_dss,niklas dorsch,Niklas Dorsch,Augsburg | Heidenheim,2,Heidenheim,2425,Jugador con cambio de club en histórico: requiere validación externa
role_dss,nicolo fagioli,Nicolò Fagioli,Juventus | Fiorentina,2,Juventus,2425,Jugador con cambio de club en histórico: requiere validación externa
role_dss,nicolo barella,Nicolò Barella,Cagliari | Inter,2,Inter,2425,Jugador con cambio de club en histórico: requiere validación externa
role_dss,bryan gil,Bryan Gil,Tottenham | Eibar,2,Eibar,2021,Jugador con cambio de club en histórico: requiere validación externa
role_dss,raman chibsah,Raman Chibsah,Benevento | Frosinone,2,Frosinone,1819,Jugador con cambio de club en histórico: requiere validación externa
role_dss,rade krunic,Rade Krunić,Empoli | Milan,2,Milan,2223,Jugador con cambio de club en histórico: requiere validación externa
role_dss,quentin boisgard,Quentin Boisgard,Toulouse | Lorient,2,Lorient,2122,Jugador con cambio de club en histórico: requiere validación externa
role_dss,prince oniangue,Prince Oniangué,Angers | Caen,2,Caen,1819,Jugador con cambio de club en histórico: requiere validación externa
role_dss,portu,Portu,Girona | Getafe,2,Girona,2324,Jugador con cambio de club en histórico: requiere validación externa
role_dss,piotr zielinski,Piotr Zieliński,Napoli | Inter,2,Inter,2425,Jugador con cambio de club en histórico: requiere validación externa
role_dss,philipp forster,Philipp Förster,Stuttgart | Bochum,2,Bochum,2223,Jugador con cambio de club en histórico: requiere validación externa
role_dss,philip billing,Philip Billing,Huddersfield | Bournemouth,2,Bournemouth,2324,Jugador con cambio de club en histórico: requiere validación externa
role_dss,perparim hetemaj,Përparim Hetemaj,Chievo | Benevento,2,Benevento,2021,Jugador con cambio de club en histórico: requiere validación externa
role_dss,pere pons,Pere Pons,Girona | Alavés,2,Alavés,2122,Jugador con cambio de club en histórico: requiere validación externa
role_dss,pedro obiang,Pedro Obiang,West Ham | Sassuolo,2,Sassuolo,2021,Jugador con cambio de club en histórico: requiere validación externa
role_dss,pedro mosquera,Pedro Mosquera,La Coruña | Huesca,2,Huesca,2021,Jugador con cambio de club en histórico: requiere validación externa
role_dss,pedro,Pedro,Chelsea | Roma,2,Roma,2021,Jugador con cambio de club en histórico: requiere validación externa
role_dss,paulo dybala,Paulo Dybala,Juventus | Roma,2,Roma,2223,Jugador con cambio de club en histórico: requiere validación externa
role_dss,paul lasne,Paul Lasne,Montpellier | Brest,2,Brest,2021,Jugador con cambio de club en histórico: requiere validación externa
role_dss,recio,Recio,Málaga | Leganés,2,Leganés,1920,Jugador con cambio de club en histórico: requiere validación externa
role_dss,razvan marin,Răzvan Marin,Cagliari | Empoli,2,Cagliari,2425,Jugador con cambio de club en histórico: requiere validación externa
role_dss,raphinha,Raphinha,Leeds United | Rennes,2,Rennes,1920,Jugador con cambio de club en histórico: requiere validación externa
role_dss,rani khedira,Rani Khedira,Augsburg | Union Berlin,2,Union Berlin,2425,Jugador con cambio de club en histórico: requiere validación externa
role_dss,ramon terrats,Ramón Terrats,Getafe | Villarreal,2,Villarreal,2425,Jugador con cambio de club en histórico: requiere validación externa
role_dss,christopher nkunku,Christopher Nkunku,Paris S-G | RB Leipzig,2,RB Leipzig,1920,Jugador con cambio de club en histórico: requiere validación externa
role_dss,christoph baumgartner,Christoph Baumgartner,Hoffenheim | RB Leipzig,2,RB Leipzig,2425,Jugador con cambio de club en histórico: requiere validación externa
role_dss,christian gentner,Christian Gentner,Stuttgart | Union Berlin,2,Union Berlin,2021,Jugador con cambio de club en histórico: requiere validación externa
role_dss,cheikhou kouyate,Cheikhou Kouyaté,West Ham | Crystal Palace,2,Crystal Palace,2122,Jugador con cambio de club en histórico: requiere validación externa
role_dss,cheick doucoure,Cheick Doucouré,Crystal Palace | Lens,2,Lens,2122,Jugador con cambio de club en histórico: requiere validación externa
role_dss,charles de ketelaere,Charles De Ketelaere,Milan | Atalanta,2,Atalanta,2425,Jugador con cambio de club en histórico: requiere validación externa
role_dss,cesc fabregas,Cesc Fàbregas,Chelsea | Monaco,2,Monaco,1920,Jugador con cambio de club en histórico: requiere validación externa
role_dss,casemiro,Casemiro,Manchester Utd | Real Madrid,2,Real Madrid,2223,Jugador con cambio de club en histórico: requiere validación externa
role_dss,carlos sanchez,Carlos Sánchez,Espanyol | Fiorentina,2,Fiorentina,1718,Jugador con cambio de club en histórico: requiere validación externa
role_dss,carlos baleba,Carlos Baleba,Brighton | Lille,2,Lille,2324,Jugador con cambio de club en histórico: requiere validación externa
role_dss,carles perez,Carles Pérez,Celta Vigo | Getafe,2,Getafe,2425,Jugador con cambio de club en histórico: requiere validación externa
role_dss,rodrigo de paul,Rodrigo De Paul,Atlético Madrid | Udinese,2,Udinese,2021,Jugador con cambio de club en histórico: requiere validación externa
role_dss,rodrigo bentancur,Rodrigo Bentancur,Tottenham | Juventus,2,Juventus,2122,Jugador con cambio de club en histórico: requiere validación externa
role_dss,rodrigo battaglia,Rodrigo Battaglia,Alavés | Mallorca,2,Mallorca,2122,Jugador con cambio de club en histórico: requiere validación externa
role_dss,robin koch,Robin Koch,Leeds United | Freiburg,2,Freiburg,1819,Jugador con cambio de club en histórico: requiere validación externa
role_dss,roberto pereyra,Roberto Pereyra,Watford | Udinese,2,Udinese,2122,Jugador con cambio de club en histórico: requiere validación externa
role_dss,roberto navarro,Roberto Navarro,Cádiz | Mallorca,2,Mallorca,2425,Jugador con cambio de club en histórico: requiere validación externa
role_dss,roberto gagliardini,Roberto Gagliardini,Inter | Monza,2,Monza,2324,Jugador con cambio de club en histórico: requiere validación externa
role_dss,robert andrich,Robert Andrich,Union Berlin | Leverkusen,2,Leverkusen,2425,Jugador con cambio de club en histórico: requiere validación externa
role_dss,ritsu doan,Ritsu Doan,Arminia | Freiburg,2,Freiburg,2223,Jugador con cambio de club en histórico: requiere validación externa
role_dss,renaud ripart,Renaud Ripart,Nîmes | Troyes,2,Troyes,2122,Jugador con cambio de club en histórico: requiere validación externa
role_dss,renato tapia,Renato Tapia,Celta Vigo | Leganés,2,Leganés,2425,Jugador con cambio de club en histórico: requiere validación externa
role_dss,renato sanches,Renato Sanches,Lille | Bayern Munich,2,Bayern Munich,1920,Jugador con cambio de club en histórico: requiere validación externa
role_dss,remy cabella,Rémy Cabella,Saint-Étienne | Lille,2,Lille,2223,Jugador con cambio de club en histórico: requiere validación externa
role_dss,remi walter,Rémi Walter,Nice | Troyes,2,Troyes,1718,Jugador con cambio de club en histórico: requiere validación externa
role_dss,remi oudin,Remi Oudin,Bordeaux | Lecce,2,Lecce,2324,Jugador con cambio de club en histórico: requiere validación externa
role_dss,reda belahyane,Reda Belahyane,Hellas Verona | Lazio,2,Lazio,2425,Jugador con cambio de club en histórico: requiere validación externa
role_dss,sada thioub,Sada Thioub,Nîmes | Angers,2,Angers,1920,Jugador con cambio de club en histórico: requiere validación externa
role_dss,ryad boudebouz,Ryad Boudebouz,Betis | Saint-Étienne,2,Saint-Étienne,2122,Jugador con cambio de club en histórico: requiere validación externa
role_dss,ruben sobrino,Rubén Sobrino,Valencia | Cádiz,2,Cádiz,2324,Jugador con cambio de club en histórico: requiere validación externa
role_dss,bryan cristante,Bryan Cristante,Atalanta | Roma,2,Roma,2425,Jugador con cambio de club en histórico: requiere validación externa
role_dss,bruno guimaraes,Bruno Guimarães,Newcastle Utd | Lyon,2,Lyon,2122,Jugador con cambio de club en histórico: requiere validación externa
role_dss,brenden aaronson,Brenden Aaronson,Leeds United | Union Berlin,2,Union Berlin,2324,Jugador con cambio de club en histórico: requiere validación externa
role_dss,brais mendez,Brais Méndez,Celta Vigo | Real Sociedad,2,Real Sociedad,2425,Jugador con cambio de club en histórico: requiere validación externa
role_dss,boubacar kamara,Boubacar Kamara,Aston Villa | Marseille,2,Marseille,2122,Jugador con cambio de club en histórico: requiere validación externa
role_dss,borja garcia,Borja García,Girona | Huesca,2,Huesca,2021,Jugador con cambio de club en histórico: requiere validación externa
role_dss,blaise matuidi,Blaise Matuidi,Paris S-G | Juventus,2,Juventus,1920,Jugador con cambio de club en histórico: requiere validación externa
role_dss,benjamin andre,Benjamin André,Rennes | Lille,2,Lille,2425,Jugador con cambio de club en histórico: requiere validación externa
role_dss,azzedine ounahi,Azzedine Ounahi,Angers | Marseille,2,Marseille,2324,Jugador con cambio de club en histórico: requiere validación externa
role_dss,azor matusiwa,Azor Matusiwa,Reims | Rennes,2,Rennes,2425,Jugador con cambio de club en histórico: requiere validación externa
role_dss,ayoze perez,Ayoze Pérez,Newcastle Utd | Leicester City,2,Leicester City,2223,Jugador con cambio de club en histórico: requiere validación externa
role_dss,ruben alcaraz,Rubén Alcaraz,Valladolid | Cádiz,2,Cádiz,2324,Jugador con cambio de club en histórico: requiere validación externa
role_dss,romain del castillo,Romain Del Castillo,Rennes | Brest,2,Brest,2223,Jugador con cambio de club en histórico: requiere validación externa
role_dss,saul niguez,Saúl Ñíguez,Atlético Madrid | Sevilla,2,Sevilla,2425,Jugador con cambio de club en histórico: requiere validación externa
role_dss,artur ionita,Artur Ioniță,Cagliari | Benevento,2,Benevento,2021,Jugador con cambio de club en histórico: requiere validación externa
role_dss,arthur atta,Arthur Atta,Metz | Udinese,2,Udinese,2425,Jugador con cambio de club en histórico: requiere validación externa
role_dss,antonio candreva,Antonio Candreva,Sampdoria | Salernitana,2,Salernitana,2324,Jugador con cambio de club en histórico: requiere validación externa
role_dss,antonin bobichon,Antonin Bobichon,Nîmes | Angers,2,Angers,2021,Jugador con cambio de club en histórico: requiere validación externa
role_dss,anton stach,Anton Stach,Mainz 05 | Hoffenheim,2,Hoffenheim,2425,Jugador con cambio de club en histórico: requiere validación externa
role_dss,angelo stiller,Angelo Stiller,Hoffenheim | Stuttgart,2,Stuttgart,2425,Jugador con cambio de club en histórico: requiere validación externa
role_dss,angelo fulgini,Angelo Fulgini,Angers | Lens,2,Lens,2425,Jugador con cambio de club en histórico: requiere validación externa
role_dss,andre gomes,André Gomes,Everton | Lille,2,Lille,2425,Jugador con cambio de club en histórico: requiere validación externa
role_dss,andre ayew,André Ayew,Swansea City | West Ham,2,West Ham,1718,Jugador con cambio de club en histórico: requiere validación externa
role_dss,santiago ascacibar,Santiago Ascacíbar,Stuttgart | Hertha BSC,2,Hertha BSC,2122,Jugador con cambio de club en histórico: requiere validación externa
role_dss,santi comesana,Santi Comesaña,Rayo Vallecano | Villarreal,2,Villarreal,2425,Jugador con cambio de club en histórico: requiere validación externa
role_dss,samuele ricci,Samuele Ricci,Empoli | Torino,2,Torino,2425,Jugador con cambio de club en histórico: requiere validación externa
role_dss,samu costa,Samu Costa,Almería | Mallorca,2,Mallorca,2425,Jugador con cambio de club en histórico: requiere validación externa
role_dss,salis abdul samed,Salis Abdul Samed,Clermont Foot | Lens,2,Lens,2324,Jugador con cambio de club en histórico: requiere validación externa
role_dss,salih ozcan,Salih Özcan,Köln | Dortmund,2,Dortmund,2324,Jugador con cambio de club en histórico: requiere validación externa
role_dss,thiago alcantara,Thiago Alcántara,Liverpool | Bayern Munich,2,Bayern Munich,1920,Jugador con cambio de club en histórico: requiere validación externa
role_dss,theo walcott,Theo Walcott,Everton | Southampton,2,Southampton,2021,Jugador con cambio de club en histórico: requiere validación externa
role_dss,teun koopmeiners,Teun Koopmeiners,Atalanta | Juventus,2,Juventus,2425,Jugador con cambio de club en histórico: requiere validación externa
role_dss,teji savanier,Téji Savanier,Nîmes | Montpellier,2,Montpellier,2425,Jugador con cambio de club en histórico: requiere validación externa
role_dss,takefusa kubo,Takefusa Kubo,Mallorca | Real Sociedad,2,Real Sociedad,2425,Jugador con cambio de club en histórico: requiere validación externa
role_dss,stijn spierings,Stijn Spierings,Toulouse | Lens,2,Toulouse,2324,Jugador con cambio de club en histórico: requiere validación externa
role_dss,steven zuber,Steven Zuber,Hoffenheim | Stuttgart,2,Stuttgart,1819,Jugador con cambio de club en histórico: requiere validación externa
role_dss,stefano sensi,Stefano Sensi,Sassuolo | Monza,2,Monza,2223,Jugador con cambio de club en histórico: requiere validación externa
role_dss,stanislav lobotka,Stanislav Lobotka,Celta Vigo | Napoli,2,Napoli,2425,Jugador con cambio de club en histórico: requiere validación externa
role_dss,sofiane diop,Sofiane Diop,Monaco | Nice,2,Nice,2425,Jugador con cambio de club en histórico: requiere validación externa
role_dss,simone verdi,Simone Verdi,Torino | Hellas Verona,2,Hellas Verona,2223,Jugador con cambio de club en histórico: requiere validación externa
role_dss,simone missiroli,Simone Missiroli,Sassuolo | SPAL,2,SPAL,1920,Jugador con cambio de club en histórico: requiere validación externa
role_dss,sergio canales,Sergio Canales,Real Sociedad | Betis,2,Betis,2021,Jugador con cambio de club en histórico: requiere validación externa
role_dss,seko fofana,Seko Fofana,Lens | Udinese,2,Udinese,1920,Jugador con cambio de club en histórico: requiere validación externa
role_dss,sebastian vasiliadis,Sebastian Vasiliadis,Paderborn 07 | Arminia,2,Arminia,2122,Jugador con cambio de club en histórico: requiere validación externa
role_dss,scott mctominay,Scott McTominay,Manchester Utd | Napoli,2,Napoli,2425,Jugador con cambio de club en histórico: requiere validación externa
role_dss,aleix garcia,Aleix García,Girona | Leverkusen,2,Leverkusen,2425,Jugador con cambio de club en histórico: requiere validación externa
role_dss,yvan neyou,Yvan Neyou,Leganés | Saint-Étienne,2,Saint-Étienne,2122,Jugador con cambio de club en histórico: requiere validación externa
role_dss,yunus musah,Yunus Musah,Valencia | Milan,2,Milan,2425,Jugador con cambio de club en histórico: requiere validación externa
role_dss,abdelhamid sabiri,Abdelhamid Sabiri,Paderborn 07 | Sampdoria,2,Sampdoria,2223,Jugador con cambio de club en histórico: requiere validación externa
role_dss,youssef maleh,Youssef Maleh,Fiorentina | Empoli,2,Empoli,2425,Jugador con cambio de club en histórico: requiere validación externa
role_dss,abdoulaye doucoure,Abdoulaye Doucouré,Watford | Everton,2,Everton,2425,Jugador con cambio de club en histórico: requiere validación externa
role_dss,vincent pajot,Vincent Pajot,Saint-Étienne | Metz,2,Metz,2122,Jugador con cambio de club en histórico: requiere validación externa
role_dss,vicente iborra,Vicente Iborra,Leicester City | Villarreal,2,Villarreal,2122,Jugador con cambio de club en histórico: requiere validación externa
role_dss,valter birsa,Valter Birsa,Chievo | Cagliari,2,Chievo,1819,Jugador con cambio de club en histórico: requiere validación externa
role_dss,valon behrami,Valon Behrami,Udinese | Genoa,2,Genoa,1920,Jugador con cambio de club en histórico: requiere validación externa
role_dss,valentin rongier,Valentin Rongier,Nantes | Marseille,2,Marseille,2425,Jugador con cambio de club en histórico: requiere validación externa
role_dss,urko gonzalez,Urko González,Espanyol | Real Sociedad,2,Real Sociedad,2425,Jugador con cambio de club en histórico: requiere validación externa
role_dss,unai lopez,Unai López,Athletic Club | Rayo Vallecano,2,Rayo Vallecano,2425,Jugador con cambio de club en histórico: requiere validación externa
role_dss,tristan dingome,Tristan Dingomé,Troyes | Reims,2,Troyes,2122,Jugador con cambio de club en histórico: requiere validación externa
role_dss,tonny vilhena,Tonny Vilhena,Espanyol | Salernitana,2,Salernitana,2223,Jugador con cambio de club en histórico: requiere validación externa
role_dss,tomas rincon,Tomás Rincón,Torino | Sampdoria,2,Sampdoria,2223,Jugador con cambio de club en histórico: requiere validación externa
role_dss,francis coquelin,Francis Coquelin,Valencia | Villarreal,2,Villarreal,2324,Jugador con cambio de club en histórico: requiere validación externa
role_dss,yannick cahuzac,Yannick Cahuzac,Toulouse | Lens,2,Lens,2021,Jugador con cambio de club en histórico: requiere validación externa
role_dss,xeka,Xeka,Dijon | Lille,2,Lille,2122,Jugador con cambio de club en histórico: requiere validación externa
role_dss,xavier chavalerin,Xavier Chavalerin,Reims | Troyes,2,Troyes,2223,Jugador con cambio de club en histórico: requiere validación externa
role_dss,xaver schlager,Xaver Schlager,Wolfsburg | RB Leipzig,2,RB Leipzig,2324,Jugador con cambio de club en histórico: requiere validación externa
role_dss,wylan cyprien,Wylan Cyprien,Nice | Nantes,2,Nantes,2122,Jugador con cambio de club en histórico: requiere validación externa
role_dss,wilson odobert,Wilson Odobert,Burnley | Troyes,2,Troyes,2223,Jugador con cambio de club en histórico: requiere validación externa
role_dss,will hughes,Will Hughes,Watford | Crystal Palace,2,Crystal Palace,2425,Jugador con cambio de club en histórico: requiere validación externa
role_dss,wataru endo,Wataru Endo,Liverpool | Stuttgart,2,Stuttgart,2223,Jugador con cambio de club en histórico: requiere validación externa
role_dss,warren bondo,Warren Bondo,Monza | Milan,2,Monza,2425,Jugador con cambio de club en histórico: requiere validación externa
role_dss,vinicius souza,Vinicius Souza,Sheffield Utd | Espanyol,2,Espanyol,2223,Jugador con cambio de club en histórico: requiere validación externa
role_dss,vincenzo grifo,Vincenzo Grifo,Freiburg | Hoffenheim,2,Freiburg,2324,Jugador con cambio de club en histórico: requiere validación externa
role_dss,alessandro murgia,Alessandro Murgia,Lazio | SPAL,2,SPAL,1920,Jugador con cambio de club en histórico: requiere validación externa
role_dss,alessandro bianco,Alessandro Bianco,Fiorentina | Monza,2,Monza,2425,Jugador con cambio de club en histórico: requiere validación externa
role_dss,aleksei miranchuk,Aleksei Miranchuk,Torino | Atalanta,2,Atalanta,2324,Jugador con cambio de club en histórico: requiere validación externa
role_dss,aleix vidal,Aleix Vidal,Alavés | Espanyol,2,Espanyol,2223,Jugador con cambio de club en histórico: requiere validación externa
position_taxonomy,giuseppe pezzella,Giuseppe Pezzella,Udinese | Parma | Atalanta | Lecce | Empoli,5,Empoli,2425,Jugador con cambio de club en histórico: requiere validación externa
position_taxonomy,edoardo goldaniga,Edoardo Goldaniga,Sassuolo | Frosinone | Genoa | Cagliari | Como,5,Como,2425,Jugador con cambio de club en histórico: requiere validación externa
position_taxonomy,tiemoue bakayoko,Tiemoué Bakayoko,Chelsea | Monaco | Lorient | Milan | Napoli,5,Napoli,2021,Jugador con cambio de club en histórico: requiere validación externa
position_taxonomy,joao cancelo,João Cancelo,Manchester City | Barcelona | Bayern Munich | Inter | Juventus,5,Juventus,1819,Jugador con cambio de club en histórico: requiere validación externa
position_taxonomy,clement lenglet,Clément Lenglet,Tottenham | Aston Villa | Sevilla | Barcelona | Atlético Madrid,5,Atlético Madrid,2425,Jugador con cambio de club en histórico: requiere validación externa
position_taxonomy,marius wolf,Marius Wolf,Eint Frankfurt | Hertha BSC | Köln | Dortmund | Augsburg,5,Augsburg,2425,Jugador con cambio de club en histórico: requiere validación externa
position_taxonomy,cucho,Cucho,Watford | Huesca | Mallorca | Getafe | Betis,5,Betis,2425,Jugador con cambio de club en histórico: requiere validación externa
position_taxonomy,nicolas gonzalez,Nicolás González,Barcelona | Valencia | Stuttgart | Fiorentina | Juventus,5,Juventus,2425,Jugador con cambio de club en histórico: requiere validación externa
position_taxonomy,romelu lukaku,Romelu Lukaku,Manchester Utd | Chelsea | Inter | Roma | Napoli,5,Napoli,2425,Jugador con cambio de club en histórico: requiere validación externa
position_taxonomy,pepe reina,Pepe Reina,Aston Villa | Villarreal | Napoli | Lazio | Como,5,Como,2425,Jugador con cambio de club en histórico: requiere validación externa
position_taxonomy,rafinha,Rafinha,Celta Vigo | Real Sociedad | Paris S-G | Bayern Munich | Inter,5,Inter,1718,Jugador con cambio de club en histórico: requiere validación externa
position_taxonomy,andrea petagna,Andrea Petagna,Atalanta | SPAL | Napoli | Monza | Cagliari,5,Cagliari,2324,Jugador con cambio de club en histórico: requiere validación externa
position_taxonomy,federico di francesco,Federico Di Francesco,Bologna | Sassuolo | SPAL | Empoli | Lecce,5,Lecce,2223,Jugador con cambio de club en histórico: requiere validación externa
position_taxonomy,sandro ramirez,Sandro Ramírez,Real Sociedad | Valladolid | Huesca | Getafe | Las Palmas,5,Las Palmas,2425,Jugador con cambio de club en histórico: requiere validación externa
position_taxonomy,fabio depaoli,Fabio Depaoli,Chievo | Sampdoria | Benevento | Hellas Verona,4,Hellas Verona,2223,Jugador con cambio de club en histórico: requiere validación externa
position_taxonomy,gianluca lapadula,Gianluca Lapadula,Genoa | Lecce | Benevento | Cagliari,4,Cagliari,2324,Jugador con cambio de club en histórico: requiere validación externa
position_taxonomy,gianluca caprari,Gianluca Caprari,Sampdoria | Benevento | Hellas Verona | Monza,4,Monza,2425,Jugador con cambio de club en histórico: requiere validación externa
position_taxonomy,geronimo rulli,Gerónimo Rulli,Real Sociedad | Villarreal | Montpellier | Marseille,4,Marseille,2425,Jugador con cambio de club en histórico: requiere validación externa
position_taxonomy,gianluca scamacca,Gianluca Scamacca,West Ham | Genoa | Sassuolo | Atalanta,4,Atalanta,2324,Jugador con cambio de club en histórico: requiere validación externa
position_taxonomy,etrit berisha,Etrit Berisha,Atalanta | SPAL | Torino | Empoli,4,Empoli,2324,Jugador con cambio de club en histórico: requiere validación externa
position_taxonomy,alexander srloth,Alexander Sørloth,Real Sociedad | Villarreal | Atlético Madrid | RB Leipzig,4,RB Leipzig,2021,Jugador con cambio de club en histórico: requiere validación externa
position_taxonomy,alexis sanchez,Alexis Sánchez,Arsenal | Manchester Utd | Marseille | Inter,4,Inter,2021,Jugador con cambio de club en histórico: requiere validación externa
position_taxonomy,joachim andersen,Joachim Andersen,Fulham | Crystal Palace | Lyon | Sampdoria,4,Sampdoria,1819,Jugador con cambio de club en histórico: requiere validación externa
position_taxonomy,diego llorente,Diego Llorente,Leeds United | Real Sociedad | Betis | Roma,4,Roma,2324,Jugador con cambio de club en histórico: requiere validación externa
position_taxonomy,diego rico,Diego Rico,Bournemouth | Leganés | Real Sociedad | Getafe,4,Getafe,2425,Jugador con cambio de club en histórico: requiere validación externa
position_taxonomy,dimitri foulquier,Dimitri Foulquier,Getafe | Granada | Valencia | Strasbourg,4,Strasbourg,1718,Jugador con cambio de club en histórico: requiere validación externa
position_taxonomy,jonathan calleri,Jonathan Calleri,Las Palmas | Alavés | Espanyol | Osasuna,4,Osasuna,2021,Jugador con cambio de club en histórico: requiere validación externa
position_taxonomy,justin kluivert,Justin Kluivert,Bournemouth | Valencia | Nice | Roma,4,Roma,1920,Jugador con cambio de club en histórico: requiere validación externa
position_taxonomy,joselu,Joselu,Newcastle Utd | Alavés | Espanyol | Real Madrid,4,Real Madrid,2324,Jugador con cambio de club en histórico: requiere validación externa
position_taxonomy,hassane kamara,Hassane Kamara,Watford | Reims | Nice | Udinese,4,Udinese,2425,Jugador con cambio de club en histórico: requiere validación externa
position_taxonomy,henrikh mkhitaryan,Henrikh Mkhitaryan,Manchester Utd | Arsenal | Roma | Inter,4,Inter,2425,Jugador con cambio de club en histórico: requiere validación externa
position_taxonomy,javi galan,Javi Galán,Huesca | Celta Vigo | Real Sociedad | Atlético Madrid,4,Atlético Madrid,2425,Jugador con cambio de club en histórico: requiere validación externa
position_taxonomy,jean victor makengo,Jean-Victor Makengo,Nice | Toulouse | Lorient | Udinese,4,Udinese,2122,Jugador con cambio de club en histórico: requiere validación externa
position_taxonomy,ismaila sarr,Ismaila Sarr,Watford | Crystal Palace | Rennes | Marseille,4,Marseille,2324,Jugador con cambio de club en histórico: requiere validación externa
position_taxonomy,elvis rexhbecaj,Elvis Rexhbeçaj,Wolfsburg | Köln | Bochum | Augsburg,4,Augsburg,2425,Jugador con cambio de club en histórico: requiere validación externa
position_taxonomy,johan mojica,Johan Mojica,Girona | Elche | Osasuna | Mallorca,4,Mallorca,2425,Jugador con cambio de club en histórico: requiere validación externa
position_taxonomy,aaron ramsdale,Aaron Ramsdale,Bournemouth | Sheffield Utd | Arsenal | Southampton,4,Southampton,2425,Jugador con cambio de club en histórico: requiere validación externa
position_taxonomy,giovani lo celso,Giovani Lo Celso,Tottenham | Betis | Villarreal | Paris S-G,4,Paris S-G,1718,Jugador con cambio de club en histórico: requiere validación externa
position_taxonomy,ainsley maitland niles,Ainsley Maitland-Niles,Arsenal | West Brom | Southampton | Lyon,4,Lyon,2425,Jugador con cambio de club en histórico: requiere validación externa
position_taxonomy,alex moreno,Álex Moreno,Aston Villa | Nott'ham Forest | Rayo Vallecano | Betis,4,Betis,2223,Jugador con cambio de club en histórico: requiere validación externa
position_taxonomy,alvaro morata,Álvaro Morata,Chelsea | Atlético Madrid | Juventus | Milan,4,Milan,2425,Jugador con cambio de club en histórico: requiere validación externa
position_taxonomy,tammy abraham,Tammy Abraham,Swansea City | Chelsea | Roma | Milan,4,Milan,2425,Jugador con cambio de club en histórico: requiere validación externa
position_taxonomy,suat serdar,Suat Serdar,Mainz 05 | Schalke 04 | Hertha BSC | Hellas Verona,4,Hellas Verona,2425,Jugador con cambio de club en histórico: requiere validación externa
position_taxonomy,leo skiri stigard,Leo Skiri Østigård,Rennes | Hoffenheim | Genoa | Napoli,4,Napoli,2324,Jugador con cambio de club en histórico: requiere validación externa
position_taxonomy,karl toko ekambi,Karl Toko Ekambi,Villarreal | Angers | Lyon | Rennes,4,Rennes,2223,Jugador con cambio de club en histórico: requiere validación externa
position_taxonomy,dean henderson,Dean Henderson,Sheffield Utd | Manchester Utd | Nott'ham Forest | Crystal Palace,4,Crystal Palace,2425,Jugador con cambio de club en histórico: requiere validación externa
position_taxonomy,keven schlotterbeck,Keven Schlotterbeck,Union Berlin | Freiburg | Bochum | Augsburg,4,Augsburg,2425,Jugador con cambio de club en histórico: requiere validación externa
position_taxonomy,kepa arrizabalaga,Kepa Arrizabalaga,Chelsea | Bournemouth | Athletic Club | Real Madrid,4,Real Madrid,2324,Jugador con cambio de club en histórico: requiere validación externa
position_taxonomy,jordan veretout,Jordan Veretout,Marseille | Lyon | Fiorentina | Roma,4,Roma,2122,Jugador con cambio de club en histórico: requiere validación externa
position_taxonomy,martin braithwaite,Martin Braithwaite,Leganés | Barcelona | Espanyol | Bordeaux,4,Bordeaux,1718,Jugador con cambio de club en histórico: requiere validación externa
position_taxonomy,marc oliver kempf,Marc-Oliver Kempf,Freiburg | Stuttgart | Hertha BSC | Como,4,Como,2425,Jugador con cambio de club en histórico: requiere validación externa
position_taxonomy,lucas perez,Lucas Pérez,La Coruña | Alavés | Cádiz | Elche,4,Elche,2122,Jugador con cambio de club en histórico: requiere validación externa
position_taxonomy,marc cucurella,Marc Cucurella,Brighton | Chelsea | Eibar | Getafe,4,Getafe,2021,Jugador con cambio de club en histórico: requiere validación externa
position_taxonomy,christophe herelle,Christophe Hérelle,Troyes | Nice | Brest | Metz,4,Metz,2324,Jugador con cambio de club en histórico: requiere validación externa
position_taxonomy,krzysztof piatek,Krzysztof Piątek,Hertha BSC | Genoa | Milan | Salernitana,4,Salernitana,2223,Jugador con cambio de club en histórico: requiere validación externa
position_taxonomy,serhou guirassy,Serhou Guirassy,Amiens | Rennes | Stuttgart | Dortmund,4,Dortmund,2425,Jugador con cambio de club en histórico: requiere validación externa
position_taxonomy,andre frank zambo anguissa,Andre-Frank Zambo Anguissa,Fulham | Villarreal | Marseille | Napoli,4,Napoli,2425,Jugador con cambio de club en histórico: requiere validación externa
position_taxonomy,alfred duncan,Alfred Duncan,Sassuolo | Cagliari | Fiorentina | Venezia,4,Venezia,2425,Jugador con cambio de club en histórico: requiere validación externa
position_taxonomy,andre silva,André Silva,Sevilla | Eint Frankfurt | RB Leipzig | Milan,4,Milan,1718,Jugador con cambio de club en histórico: requiere validación externa
position_taxonomy,mattia bani,Mattia Bani,Chievo | Bologna | Genoa | Parma,4,Genoa,2425,Jugador con cambio de club en histórico: requiere validación externa
position_taxonomy,christian eriksen,Christian Eriksen,Tottenham | Brentford | Manchester Utd | Inter,4,Inter,2021,Jugador con cambio de club en histórico: requiere validación externa
position_taxonomy,nayef aguerd,Nayef Aguerd,West Ham | Real Sociedad | Dijon | Rennes,4,Rennes,2122,Jugador con cambio de club en histórico: requiere validación externa
position_taxonomy,thilo kehrer,Thilo Kehrer,West Ham | Paris S-G | Monaco | Schalke 04,4,Schalke 04,1718,Jugador con cambio de club en histórico: requiere validación externa
position_taxonomy,neal maupay,Neal Maupay,Brighton | Everton | Brentford | Marseille,4,Marseille,2425,Jugador con cambio de club en histórico: requiere validación externa
position_taxonomy,moise kean,Moise Kean,Paris S-G | Hellas Verona | Juventus | Fiorentina,4,Fiorentina,2425,Jugador con cambio de club en histórico: requiere validación externa
position_taxonomy,mario lemina,Mario Lemina,Southampton | Fulham | Wolves | Nice,4,Nice,2122,Jugador con cambio de club en histórico: requiere validación externa
position_taxonomy,conor gallagher,Conor Gallagher,West Brom | Crystal Palace | Chelsea | Atlético Madrid,4,Atlético Madrid,2425,Jugador con cambio de club en histórico: requiere validación externa
position_taxonomy,craig dawson,Craig Dawson,West Brom | Watford | West Ham | Wolves,4,Wolves,2425,Jugador con cambio de club en histórico: requiere validación externa
position_taxonomy,matteo guendouzi,Mattéo Guendouzi,Arsenal | Marseille | Hertha BSC | Lazio,4,Lazio,2425,Jugador con cambio de club en histórico: requiere validación externa
position_taxonomy,sergio reguilon,Sergio Reguilón,Tottenham | Brentford | Real Madrid | Sevilla,4,Sevilla,1920,Jugador con cambio de club en histórico: requiere validación externa
position_taxonomy,kurt zouma,Kurt Zouma,Stoke City | Everton | Chelsea | West Ham,4,West Ham,2324,Jugador con cambio de club en histórico: requiere validación externa
position_taxonomy,andrea pinamonti,Andrea Pinamonti,Frosinone | Genoa | Empoli | Sassuolo,4,Genoa,2425,Jugador con cambio de club en histórico: requiere validación externa
position_taxonomy,sead kolasinac,Sead Kolašinac,Arsenal | Marseille | Schalke 04 | Atalanta,4,Atalanta,2425,Jugador con cambio de club en histórico: requiere validación externa
position_taxonomy,omar marmoush,Omar Marmoush,Manchester City | Stuttgart | Wolfsburg | Eint Frankfurt,4,Eint Frankfurt,2425,Jugador con cambio de club en histórico: requiere validación externa
position_taxonomy,munir el haddadi,Munir El Haddadi,Alavés | Sevilla | Getafe | Las Palmas,4,Las Palmas,2324,Jugador con cambio de club en histórico: requiere validación externa
position_taxonomy,moritz jenz,Moritz Jenz,Lorient | Schalke 04 | Wolfsburg | Mainz 05,4,Mainz 05,2425,Jugador con cambio de club en histórico: requiere validación externa
position_taxonomy,moussa niakhate,Moussa Niakhate,Nott'ham Forest | Metz | Lyon | Mainz 05,4,Mainz 05,2122,Jugador con cambio de club en histórico: requiere validación externa
position_taxonomy,boulaye dia,Boulaye Dia,Villarreal | Reims | Salernitana | Lazio,4,Lazio,2425,Jugador con cambio de club en histórico: requiere validación externa
position_taxonomy,nemanja matic,Nemanja Matić,Manchester Utd | Lyon | Rennes | Roma,4,Roma,2223,Jugador con cambio de club en histórico: requiere validación externa
position_taxonomy,baptiste santamaria,Baptiste Santamaria,Angers | Rennes | Nice | Freiburg,4,Freiburg,2021,Jugador con cambio de club en histórico: requiere validación externa
position_taxonomy,ayoze perez,Ayoze Pérez,Newcastle Utd | Leicester City | Betis | Villarreal,4,Villarreal,2425,Jugador con cambio de club en histórico: requiere validación externa
position_taxonomy,pau lopez,Pau López,Espanyol | Betis | Marseille | Roma,4,Roma,2021,Jugador con cambio de club en histórico: requiere validación externa
position_taxonomy,pablo mari,Pablo Marí,Arsenal | Udinese | Monza | Fiorentina,4,Monza,2425,Jugador con cambio de club en histórico: requiere validación externa
position_taxonomy,antonin barak,Antonín Barák,Udinese | Lecce | Hellas Verona | Fiorentina,4,Fiorentina,2223,Jugador con cambio de club en histórico: requiere validación externa
position_taxonomy,ashley young,Ashley Young,Manchester Utd | Aston Villa | Everton | Inter,4,Inter,2021,Jugador con cambio de club en histórico: requiere validación externa
position_taxonomy,nicolas pepe,Nicolas Pépé,Arsenal | Villarreal | Lille | Nice,4,Nice,2223,Jugador con cambio de club en histórico: requiere validación externa
position_taxonomy,ozan kabak,Ozan Kabak,Norwich City | Stuttgart | Schalke 04 | Hoffenheim,4,Hoffenheim,2324,Jugador con cambio de club en histórico: requiere validación externa
position_taxonomy,philippe coutinho,Philippe Coutinho,Liverpool | Aston Villa | Barcelona | Bayern Munich,4,Bayern Munich,1920,Jugador con cambio de club en histórico: requiere validación externa
position_taxonomy,arthur melo,Arthur Melo,Barcelona | Girona | Juventus | Fiorentina,4,Fiorentina,2324,Jugador con cambio de club en histórico: requiere validación externa
position_taxonomy,pierre emerick aubameyang,Pierre-Emerick Aubameyang,Arsenal | Barcelona | Marseille | Dortmund,4,Dortmund,1718,Jugador con cambio de club en histórico: requiere validación externa
position_taxonomy,pol lirola,Pol Lirola,Marseille | Sassuolo | Fiorentina | Frosinone,4,Frosinone,2324,Jugador con cambio de club en histórico: requiere validación externa
position_taxonomy,ruben loftus cheek,Ruben Loftus-Cheek,Crystal Palace | Chelsea | Fulham | Milan,4,Milan,2425,Jugador con cambio de club en histórico: requiere validación externa
position_taxonomy,rodri,Rodri,Manchester City | Villarreal | Atlético Madrid | Betis,4,Betis,2324,Jugador con cambio de club en histórico: requiere validación externa
position_taxonomy,randal kolo muani,Randal Kolo Muani,Nantes | Paris S-G | Eint Frankfurt | Juventus,4,Juventus,2425,Jugador con cambio de club en histórico: requiere validación externa
position_taxonomy,ross barkley,Ross Barkley,Chelsea | Aston Villa | Luton Town | Nice,4,Nice,2223,Jugador con cambio de club en histórico: requiere validación externa
position_taxonomy,robin gosens,Robin Gosens,Union Berlin | Atalanta | Inter | Fiorentina,4,Fiorentina,2425,Jugador con cambio de club en histórico: requiere validación externa
position_taxonomy,rolando mandragora,Rolando Mandragora,Crotone | Udinese | Torino | Fiorentina,4,Fiorentina,2425,Jugador con cambio de club en histórico: requiere validación externa
position_taxonomy,frederic guilbert,Frederic Guilbert,Aston Villa | Caen | Strasbourg | Lecce,4,Lecce,2425,Jugador con cambio de club en histórico: requiere validación externa
position_taxonomy,gaetan laborde,Gaëtan Laborde,Bordeaux | Montpellier | Rennes | Nice,4,Nice,2425,Jugador con cambio de club en histórico: requiere validación externa
position_taxonomy,william saliba,William Saliba,Arsenal | Saint-Étienne | Nice | Marseille,4,Marseille,2122,Jugador con cambio de club en histórico: requiere validación externa
position_taxonomy,alberto grassi,Alberto Grassi,SPAL | Parma | Cagliari | Empoli,4,Empoli,2425,Jugador con cambio de club en histórico: requiere validación externa
position_taxonomy,yangel herrera,Yangel Herrera,Huesca | Granada | Espanyol | Girona,4,Girona,2425,Jugador con cambio de club en histórico: requiere validación externa
position_taxonomy,aaron martin,Aarón Martín,Espanyol | Celta Vigo | Mainz 05 | Genoa,4,Genoa,2425,Jugador con cambio de club en histórico: requiere validación externa
position_taxonomy,giovanni simeone,Giovanni Simeone,Fiorentina | Cagliari | Hellas Verona,3,Hellas Verona,2122,Jugador con cambio de club en histórico: requiere validación externa
position_taxonomy,goncalo guedes,Gonçalo Guedes,Wolves | Valencia | Villarreal,3,Villarreal,2324,Jugador con cambio de club en histórico: requiere validación externa
position_taxonomy,gonzalo escalante,Gonzalo Escalante,Eibar | Alavés | Cádiz,3,Cádiz,2324,Jugador con cambio de club en histórico: requiere validación externa
position_taxonomy,gonzalo higuain,Gonzalo Higuaín,Chelsea | Juventus | Milan,3,Juventus,1920,Jugador con cambio de club en histórico: requiere validación externa
position_taxonomy,gonzalo melero,Gonzalo Melero,Huesca | Levante | Almería,3,Almería,2324,Jugador con cambio de club en histórico: requiere validación externa
position_taxonomy,wesley fofana,Wesley Fofana,Leicester City | Chelsea | Saint-Étienne,3,Saint-Étienne,1920,Jugador con cambio de club en histórico: requiere validación externa
position_taxonomy,tyler adams,Tyler Adams,Leeds United | Bournemouth | RB Leipzig,3,RB Leipzig,2122,Jugador con cambio de club en histórico: requiere validación externa
position_taxonomy,valentino lazaro,Valentino Lazaro,Hertha BSC | Gladbach | Torino,3,Torino,2425,Jugador con cambio de club en histórico: requiere validación externa
position_taxonomy,vicente guaita,Vicente Guaita,Crystal Palace | Getafe | Celta Vigo,3,Celta Vigo,2425,Jugador con cambio de club en histórico: requiere validación externa
position_taxonomy,timothy castagne,Timothy Castagne,Leicester City | Fulham | Atalanta,3,Atalanta,1920,Jugador con cambio de club en histórico: requiere validación externa
position_taxonomy,alessandro florenzi,Alessandro Florenzi,Paris S-G | Roma | Milan,3,Milan,2324,Jugador con cambio de club en histórico: requiere validación externa
position_taxonomy,alessandro zanoli,Alessandro Zanoli,Sampdoria | Salernitana | Genoa,3,Genoa,2425,Jugador con cambio de club en histórico: requiere validación externa
position_taxonomy,alex ferrari,Alex Ferrari,Hellas Verona | Sampdoria | Cremonese,3,Cremonese,2223,Jugador con cambio de club en histórico: requiere validación externa
position_taxonomy,alex iwobi,Alex Iwobi,Arsenal | Everton | Fulham,3,Fulham,2425,Jugador con cambio de club en histórico: requiere validación externa
position_taxonomy,wesley said,Wesley Saïd,Dijon | Toulouse | Lens,3,Lens,2425,Jugador con cambio de club en histórico: requiere validación externa
position_taxonomy,adrien rabiot,Adrien Rabiot,Paris S-G | Marseille | Juventus,3,Juventus,2324,Jugador con cambio de club en histórico: requiere validación externa
position_taxonomy,armando izzo,Armando Izzo,Genoa | Torino | Monza,3,Monza,2425,Jugador con cambio de club en histórico: requiere validación externa
position_taxonomy,andreas pereira,Andreas Pereira,Manchester Utd | Fulham | Valencia,3,Valencia,1718,Jugador con cambio de club en histórico: requiere validación externa
position_taxonomy,andros townsend,Andros Townsend,Crystal Palace | Everton | Luton Town,3,Luton Town,2324,Jugador con cambio de club en histórico: requiere validación externa
position_taxonomy,andy delort,Andy Delort,Toulouse | Montpellier | Nice,3,Nice,2122,Jugador con cambio de club en histórico: requiere validación externa
position_taxonomy,sander berge,Sander Berge,Sheffield Utd | Burnley | Fulham,3,Fulham,2425,Jugador con cambio de club en histórico: requiere validación externa
position_taxonomy,sandro tonali,Sandro Tonali,Newcastle Utd | Brescia | Milan,3,Milan,2223,Jugador con cambio de club en histórico: requiere validación externa
position_taxonomy,ruslan malinovskyi,Ruslan Malinovskyi,Marseille | Atalanta | Genoa,3,Genoa,2324,Jugador con cambio de club en histórico: requiere validación externa
position_taxonomy,yves bissouma,Yves Bissouma,Brighton | Tottenham | Lille,3,Lille,1718,Jugador con cambio de club en histórico: requiere validación externa
position_taxonomy,yoann salmier,Yoann Salmier,Strasbourg | Troyes | Le Havre,3,Le Havre,2324,Jugador con cambio de club en histórico: requiere validación externa
position_taxonomy,aaron ramsey,Aaron Ramsey,Arsenal | Nice | Juventus,3,Juventus,2021,Jugador con cambio de club en histórico: requiere validación externa
position_taxonomy,aaron wan bissaka,Aaron Wan-Bissaka,Crystal Palace | Manchester Utd | West Ham,3,West Ham,2425,Jugador con cambio de club en histórico: requiere validación externa
position_taxonomy,abdou diallo,Abdou Diallo,Paris S-G | Mainz 05 | Dortmund,3,Dortmund,1819,Jugador con cambio de club en histórico: requiere validación externa
position_taxonomy,achraf hakimi,Achraf Hakimi,Paris S-G | Dortmund | Inter,3,Inter,2021,Jugador con cambio de club en histórico: requiere validación externa
position_taxonomy,adam masina,Adam Masina,Watford | Bologna | Torino,3,Torino,2425,Jugador con cambio de club en histórico: requiere validación externa
position_taxonomy,adam ounas,Adam Ounas,Nice | Lille | Crotone,3,Crotone,2021,Jugador con cambio de club en histórico: requiere validación externa
position_taxonomy,ademola lookman,Ademola Lookman,Fulham | Leicester City | Atalanta,3,Atalanta,2425,Jugador con cambio de club en histórico: requiere validación externa
position_taxonomy,ramy bensebaini,Ramy Bensebaini,Rennes | Gladbach | Dortmund,3,Dortmund,2425,Jugador con cambio de club en histórico: requiere validación externa
position_taxonomy,raoul bellanova,Raoul Bellanova,Cagliari | Torino | Atalanta,3,Atalanta,2425,Jugador con cambio de club en histórico: requiere validación externa
position_taxonomy,raphinha,Raphinha,Leeds United | Barcelona | Rennes,3,Rennes,1920,Jugador con cambio de club en histórico: requiere validación externa
position_taxonomy,rasmus kristensen,Rasmus Kristensen,Leeds United | Eint Frankfurt | Roma,3,Roma,2324,Jugador con cambio de club en histórico: requiere validación externa
position_taxonomy,raul garcia,Raúl García,Athletic Club | Leganés | Valladolid,3,Athletic Club,2223,Jugador con cambio de club en histórico: requiere validación externa
position_taxonomy,portu,Portu,Girona | Real Sociedad | Getafe,3,Girona,2324,Jugador con cambio de club en histórico: requiere validación externa
position_taxonomy,romulo,Rômulo,Hellas Verona | Genoa | Brescia,3,Brescia,1920,Jugador con cambio de club en histórico: requiere validación externa
position_taxonomy,rony lopes,Rony Lopes,Monaco | Nice | Troyes,3,Troyes,2223,Jugador con cambio de club en histórico: requiere validación externa
position_taxonomy,roque mesa,Roque Mesa,Sevilla | Leganés | Valladolid,3,Valladolid,2223,Jugador con cambio de club en histórico: requiere validación externa
position_taxonomy,ruben aguilar,Ruben Aguilar,Montpellier | Monaco | Lens,3,Lens,2425,Jugador con cambio de club en histórico: requiere validación externa
position_taxonomy,ruben pena,Rubén Peña,Eibar | Villarreal | Osasuna,3,Osasuna,2324,Jugador con cambio de club en histórico: requiere validación externa
position_taxonomy,robin koch,Robin Koch,Leeds United | Freiburg | Eint Frankfurt,3,Eint Frankfurt,2425,Jugador con cambio de club en histórico: requiere validación externa
position_taxonomy,roberto rosales,Roberto Rosales,Málaga | Espanyol | Leganés,3,Leganés,1920,Jugador con cambio de club en histórico: requiere validación externa
position_taxonomy,antonio sanabria,Antonio Sanabria,Betis | Genoa | Torino,3,Torino,2425,Jugador con cambio de club en histórico: requiere validación externa
position_taxonomy,arkadiusz milik,Arkadiusz Milik,Marseille | Napoli | Juventus,3,Juventus,2324,Jugador con cambio de club en histórico: requiere validación externa
position_taxonomy,arkadiusz reca,Arkadiusz Reca,SPAL | Crotone | Spezia,3,Spezia,2223,Jugador con cambio de club en histórico: requiere validación externa
position_taxonomy,sergi guardiola,Sergi Guardiola,Valladolid | Rayo Vallecano | Cádiz,3,Cádiz,2223,Jugador con cambio de club en histórico: requiere validación externa
position_taxonomy,sergio escudero,Sergio Escudero,Sevilla | Granada | Valladolid,3,Valladolid,2223,Jugador con cambio de club en histórico: requiere validación externa
position_taxonomy,sergio ramos,Sergio Ramos,Real Madrid | Sevilla | Paris S-G,3,Paris S-G,2223,Jugador con cambio de club en histórico: requiere validación externa
position_taxonomy,radja nainggolan,Radja Nainggolan,Roma | Inter | Cagliari,3,Cagliari,2021,Jugador con cambio de club en histórico: requiere validación externa
position_taxonomy,pervis estupinan,Pervis Estupiñán,Brighton | Osasuna | Villarreal,3,Villarreal,2122,Jugador con cambio de club en histórico: requiere validación externa
position_taxonomy,pierre hjbjerg,Pierre Højbjerg,Southampton | Tottenham | Marseille,3,Marseille,2425,Jugador con cambio de club en histórico: requiere validación externa
position_taxonomy,pierre lees melou,Pierre Lees-Melou,Norwich City | Nice | Brest,3,Brest,2425,Jugador con cambio de club en histórico: requiere validación externa
position_taxonomy,angelino,Angeliño,RB Leipzig | Hoffenheim | Roma,3,Roma,2425,Jugador con cambio de club en histórico: requiere validación externa
position_taxonomy,remi oudin,Remi Oudin,Reims | Bordeaux | Lecce,3,Lecce,2324,Jugador con cambio de club en histórico: requiere validación externa
position_taxonomy,remo freuler,Remo Freuler,Nott'ham Forest | Atalanta | Bologna,3,Bologna,2425,Jugador con cambio de club en histórico: requiere validación externa
position_taxonomy,renan lodi,Renan Lodi,Nott'ham Forest | Atlético Madrid | Marseille,3,Marseille,2324,Jugador con cambio de club en histórico: requiere validación externa
position_taxonomy,ricardo rodriguez,Ricardo Rodríguez,Betis | Milan | Torino,3,Torino,2324,Jugador con cambio de club en histórico: requiere validación externa
position_taxonomy,riccardo marchizza,Riccardo Marchizza,Spezia | Empoli | Frosinone,3,Frosinone,2324,Jugador con cambio de club en histórico: requiere validación externa
position_taxonomy,riccardo saponara,Riccardo Saponara,Fiorentina | Sampdoria | Lecce,3,Fiorentina,2223,Jugador con cambio de club en histórico: requiere validación externa
position_taxonomy,richarlison,Richarlison,Watford | Everton | Tottenham,3,Tottenham,2324,Jugador con cambio de club en histórico: requiere validación externa
position_taxonomy,ridle baku,Ridle Baku,Mainz 05 | Wolfsburg | RB Leipzig,3,Wolfsburg,2425,Jugador con cambio de club en histórico: requiere validación externa
position_taxonomy,arne maier,Arne Maier,Hertha BSC | Arminia | Augsburg,3,Augsburg,2425,Jugador con cambio de club en histórico: requiere validación externa
position_taxonomy,arthur theate,Arthur Theate,Rennes | Eint Frankfurt | Bologna,3,Bologna,2122,Jugador con cambio de club en histórico: requiere validación externa
position_taxonomy,arturo vidal,Arturo Vidal,Barcelona | Bayern Munich | Inter,3,Inter,2021,Jugador con cambio de club en histórico: requiere validación externa
position_taxonomy,aurelien tchouameni,Aurélien Tchouaméni,Real Madrid | Bordeaux | Monaco,3,Monaco,2122,Jugador con cambio de club en histórico: requiere validación externa
position_taxonomy,antonio candreva,Antonio Candreva,Inter | Sampdoria | Salernitana,3,Salernitana,2324,Jugador con cambio de club en histórico: requiere validación externa
position_taxonomy,ryan sessegnon,Ryan Sessegnon,Fulham | Tottenham | Hoffenheim,3,Hoffenheim,2021,Jugador con cambio de club en histórico: requiere validación externa
position_taxonomy,sada thioub,Sada Thioub,Nîmes | Angers | Saint-Étienne,3,Angers,2223,Jugador con cambio de club en histórico: requiere validación externa
position_taxonomy,saidy janko,Saidy Janko,Valladolid | Saint-Étienne | Bochum,3,Bochum,2223,Jugador con cambio de club en histórico: requiere validación externa
position_taxonomy,saif eddine khaoui,Saîf-Eddine Khaoui,Troyes | Caen | Clermont Foot,3,Clermont Foot,2223,Jugador con cambio de club en histórico: requiere validación externa
position_taxonomy,romain perraud,Romain Perraud,Southampton | Betis | Brest,3,Brest,2021,Jugador con cambio de club en histórico: requiere validación externa
position_taxonomy,ante budimir,Ante Budimir,Mallorca | Osasuna | Crotone,3,Crotone,1718,Jugador con cambio de club en histórico: requiere validación externa
position_taxonomy,anthony rouault,Anthony Rouault,Toulouse | Rennes | Stuttgart,3,Stuttgart,2425,Jugador con cambio de club en histórico: requiere validación externa
position_taxonomy,andrea belotti,Andrea Belotti,Torino | Roma | Fiorentina,3,Fiorentina,2324,Jugador con cambio de club en histórico: requiere validación externa
position_taxonomy,andrea cambiaso,Andrea Cambiaso,Genoa | Bologna | Juventus,3,Juventus,2425,Jugador con cambio de club en histórico: requiere validación externa
position_taxonomy,serge aurier,Serge Aurier,Tottenham | Nott'ham Forest | Villarreal,3,Villarreal,2122,Jugador con cambio de club en histórico: requiere validación externa
position_taxonomy,sergi gomez,Sergi Gómez,Celta Vigo | Sevilla | Espanyol,3,Espanyol,2223,Jugador con cambio de club en histórico: requiere validación externa
position_taxonomy,nuno tavares,Nuno Tavares,Arsenal | Marseille | Lazio,3,Lazio,2425,Jugador con cambio de club en histórico: requiere validación externa
position_taxonomy,borja iglesias,Borja Iglesias,Espanyol | Betis | Celta Vigo,3,Celta Vigo,2425,Jugador con cambio de club en histórico: requiere validación externa
position_taxonomy,borja mayoral,Borja Mayoral,Levante | Getafe | Roma,3,Roma,2021,Jugador con cambio de club en histórico: requiere validación externa
position_taxonomy,boubakary soumare,Boubakary Soumaré,Leicester City | Sevilla | Lille,3,Lille,2021,Jugador con cambio de club en histórico: requiere validación externa
position_taxonomy,baptiste reynet,Baptiste Reynet,Dijon | Toulouse | Nîmes,3,Nîmes,2021,Jugador con cambio de club en histórico: requiere validación externa
position_taxonomy,bartomiej dragowski,Bartłomiej Drągowski,Empoli | Fiorentina | Spezia,3,Spezia,2223,Jugador con cambio de club en histórico: requiere validación externa
position_taxonomy,paul baysse,Paul Baysse,Málaga | Caen | Bordeaux,3,Bordeaux,2021,Jugador con cambio de club en histórico: requiere validación externa
position_taxonomy,paul bernardoni,Paul Bernardoni,Nîmes | Angers | Saint-Étienne,3,Angers,2223,Jugador con cambio de club en histórico: requiere validación externa
position_taxonomy,pedro,Pedro,Chelsea | Roma | Lazio,3,Lazio,2425,Jugador con cambio de club en histórico: requiere validación externa
position_taxonomy,pedro pereira,Pedro Pereira,Genoa | Crotone | Monza,3,Monza,2425,Jugador con cambio de club en histórico: requiere validación externa
position_taxonomy,pablo sarabia,Pablo Sarabia,Wolves | Sevilla | Paris S-G,3,Paris S-G,2021,Jugador con cambio de club en histórico: requiere validación externa
position_taxonomy,pape gueye,Pape Gueye,Sevilla | Villarreal | Marseille,3,Marseille,2122,Jugador con cambio de club en histórico: requiere validación externa
position_taxonomy,patrick cutrone,Patrick Cutrone,Milan | Empoli | Como,3,Como,2425,Jugador con cambio de club en histórico: requiere validación externa
position_taxonomy,patrik schick,Patrik Schick,RB Leipzig | Leverkusen | Roma,3,Roma,1819,Jugador con cambio de club en histórico: requiere validación externa
position_taxonomy,ondrej duda,Ondrej Duda,Hertha BSC | Köln | Hellas Verona,3,Hellas Verona,2425,Jugador con cambio de club en histórico: requiere validación externa
position_taxonomy,benjamin henrichs,Benjamin Henrichs,Monaco | Leverkusen | RB Leipzig,3,RB Leipzig,2425,Jugador con cambio de club en histórico: requiere validación externa
position_taxonomy,nordi mukiele,Nordi Mukiele,Montpellier | Paris S-G | RB Leipzig,3,RB Leipzig,2122,Jugador con cambio de club en histórico: requiere validación externa
position_taxonomy,niclas fullkrug,Niclas Füllkrug,Hannover 96 | Werder Bremen | Dortmund,3,Dortmund,2324,Jugador con cambio de club en histórico: requiere validación externa
position_taxonomy,nico schlotterbeck,Nico Schlotterbeck,Union Berlin | Freiburg | Dortmund,3,Dortmund,2425,Jugador con cambio de club en histórico: requiere validación externa
position_taxonomy,breel embolo,Breel Embolo,Monaco | Schalke 04 | Gladbach,3,Gladbach,2122,Jugador con cambio de club en histórico: requiere validación externa
position_taxonomy,brice samba,Brice Samba,Caen | Lens | Rennes,3,Rennes,2425,Jugador con cambio de club en histórico: requiere validación externa
position_taxonomy,bryan dabo,Bryan Dabo,Saint-Étienne | SPAL | Benevento,3,Benevento,2021,Jugador con cambio de club en histórico: requiere validación externa
position_taxonomy,benjamin pavard,Benjamin Pavard,Stuttgart | Bayern Munich | Inter,3,Inter,2425,Jugador con cambio de club en histórico: requiere validación externa
position_taxonomy,benoit costil,Benoît Costil,Bordeaux | Auxerre | Salernitana,3,Salernitana,2324,Jugador con cambio de club en histórico: requiere validación externa
position_taxonomy,bernardo,Bernardo,Brighton | RB Leipzig | Bochum,3,Bochum,2425,Jugador con cambio de club en histórico: requiere validación externa
position_taxonomy,bernd leno,Bernd Leno,Arsenal | Fulham | Leverkusen,3,Leverkusen,1718,Jugador con cambio de club en histórico: requiere validación externa
position_taxonomy,axel disasi,Axel Disasi,Chelsea | Reims | Monaco,3,Monaco,2223,Jugador con cambio de club en histórico: requiere validación externa
position_taxonomy,orel mangala,Orel Mangala,Nott'ham Forest | Everton | Stuttgart,3,Stuttgart,2122,Jugador con cambio de club en histórico: requiere validación externa
position_taxonomy,oriol romeu,Oriol Romeu,Southampton | Girona | Barcelona,3,Girona,2425,Jugador con cambio de club en histórico: requiere validación externa
position_taxonomy,oscar rodriguez arnaiz,Óscar Rodríguez Arnaiz,Leganés | Getafe | Celta Vigo,3,Leganés,2425,Jugador con cambio de club en histórico: requiere validación externa
position_taxonomy,pablo fornals,Pablo Fornals,West Ham | Villarreal | Betis,3,Betis,2425,Jugador con cambio de club en histórico: requiere validación externa
position_taxonomy,pablo maffeo,Pablo Maffeo,Girona | Huesca | Mallorca,3,Mallorca,2425,Jugador con cambio de club en histórico: requiere validación externa
position_taxonomy,omar mascarell,Omar Mascarell,Elche | Mallorca | Schalke 04,3,Schalke 04,2021,Jugador con cambio de club en histórico: requiere validación externa
position_taxonomy,nicolo casale,Nicolò Casale,Hellas Verona | Lazio | Bologna,3,Bologna,2425,Jugador con cambio de club en histórico: requiere validación externa
position_taxonomy,nicolo rovella,Nicolò Rovella,Genoa | Monza | Lazio,3,Lazio,2425,Jugador con cambio de club en histórico: requiere validación externa
position_taxonomy,sasa lukic,Saša Lukić,Fulham | Levante | Torino,3,Torino,2223,Jugador con cambio de club en histórico: requiere validación externa
position_taxonomy,sebastian rudy,Sebastian Rudy,Bayern Munich | Schalke 04 | Hoffenheim,3,Hoffenheim,2021,Jugador con cambio de club en histórico: requiere validación externa
position_taxonomy,sebastian walukiewicz,Sebastian Walukiewicz,Cagliari | Empoli | Torino,3,Torino,2425,Jugador con cambio de club en histórico: requiere validación externa
position_taxonomy,sebastiano luperto,Sebastiano Luperto,Crotone | Empoli | Cagliari,3,Cagliari,2425,Jugador con cambio de club en histórico: requiere validación externa
position_taxonomy,sebastien haller,Sébastien Haller,West Ham | Eint Frankfurt | Dortmund,3,Dortmund,2223,Jugador con cambio de club en histórico: requiere validación externa
position_taxonomy,samu castillejo,Samu Castillejo,Villarreal | Valencia | Milan,3,Milan,2021,Jugador con cambio de club en histórico: requiere validación externa
position_taxonomy,alvaro odriozola,Álvaro Odriozola,Real Sociedad | Real Madrid | Fiorentina,3,Fiorentina,2122,Jugador con cambio de club en histórico: requiere validación externa
position_taxonomy,amadou onana,Amadou Onana,Everton | Aston Villa | Lille,3,Lille,2122,Jugador con cambio de club en histórico: requiere validación externa
position_taxonomy,amine gouiri,Amine Gouiri,Nice | Rennes | Marseille,3,Rennes,2425,Jugador con cambio de club en histórico: requiere validación externa
position_taxonomy,alexander nubel,Alexander Nübel,Monaco | Schalke 04 | Stuttgart,3,Stuttgart,2425,Jugador con cambio de club en histórico: requiere validación externa
position_taxonomy,sofyan amrabat,Sofyan Amrabat,Manchester Utd | Hellas Verona | Fiorentina,3,Fiorentina,2223,Jugador con cambio de club en histórico: requiere validación externa
position_taxonomy,sokratis papastathopoulos,Sokratis Papastathopoulos,Arsenal | Betis | Dortmund,3,Dortmund,1718,Jugador con cambio de club en histórico: requiere validación externa
position_taxonomy,soualiho meite,Soualiho Meïté,Bordeaux | Torino | Cremonese,3,Cremonese,2223,Jugador con cambio de club en histórico: requiere validación externa
position_taxonomy,maxime le marchand,Maxime Le Marchand,Fulham | Nice | Strasbourg,3,Strasbourg,2223,Jugador con cambio de club en histórico: requiere validación externa
position_taxonomy,maya yoshida,Maya Yoshida,Southampton | Schalke 04 | Sampdoria,3,Sampdoria,2122,Jugador con cambio de club en histórico: requiere validación externa
position_taxonomy,max kruse,Max Kruse,Werder Bremen | Union Berlin | Wolfsburg,3,Wolfsburg,2122,Jugador con cambio de club en histórico: requiere validación externa
position_taxonomy,billy gilmour,Billy Gilmour,Norwich City | Brighton | Napoli,3,Napoli,2425,Jugador con cambio de club en histórico: requiere validación externa
position_taxonomy,nadiem amiri,Nadiem Amiri,Hoffenheim | Leverkusen | Mainz 05,3,Mainz 05,2425,Jugador con cambio de club en histórico: requiere validación externa
position_taxonomy,nadir zortea,Nadir Zortea,Salernitana | Frosinone | Cagliari,3,Cagliari,2425,Jugador con cambio de club en histórico: requiere validación externa
position_taxonomy,nampalys mendy,Nampalys Mendy,Leicester City | Nice | Lens,3,Lens,2324,Jugador con cambio de club en histórico: requiere validación externa
position_taxonomy,nathan collins,Nathan Collins,Burnley | Wolves | Brentford,3,Brentford,2425,Jugador con cambio de club en histórico: requiere validación externa
position_taxonomy,moi gomez,Moi Gómez,Huesca | Villarreal | Osasuna,3,Osasuna,2324,Jugador con cambio de club en histórico: requiere validación externa
position_taxonomy,morgan sanson,Morgan Sanson,Marseille | Strasbourg | Nice,3,Nice,2324,Jugador con cambio de club en histórico: requiere validación externa
position_taxonomy,moussa diaby,Moussa Diaby,Aston Villa | Paris S-G | Leverkusen,3,Leverkusen,2223,Jugador con cambio de club en histórico: requiere validación externa
position_taxonomy,moussa sissoko,Moussa Sissoko,Tottenham | Watford | Nantes,3,Nantes,2324,Jugador con cambio de club en histórico: requiere validación externa
position_taxonomy,nabil bentaleb,Nabil Bentaleb,Angers | Lille | Schalke 04,3,Schalke 04,1819,Jugador con cambio de club en histórico: requiere validación externa
position_taxonomy,ola aina,Ola Aina,Fulham | Nott'ham Forest | Torino,3,Torino,2122,Jugador con cambio de club en histórico: requiere validación externa
position_taxonomy,oliver burke,Oliver Burke,Sheffield Utd | Alavés | Werder Bremen,3,Werder Bremen,2425,Jugador con cambio de club en histórico: requiere validación externa
position_taxonomy,omar alderete,Omar Alderete,Valencia | Getafe | Hertha BSC,3,Hertha BSC,2021,Jugador con cambio de club en histórico: requiere validación externa
position_taxonomy,chris wood,Chris Wood,Burnley | Newcastle Utd | Nott'ham Forest,3,Nott'ham Forest,2425,Jugador con cambio de club en histórico: requiere validación externa
position_taxonomy,christian pulisic,Christian Pulisic,Chelsea | Dortmund | Milan,3,Milan,2425,Jugador con cambio de club en histórico: requiere validación externa
position_taxonomy,matheus cunha,Matheus Cunha,Wolves | Atlético Madrid | Hertha BSC,3,Hertha BSC,2021,Jugador con cambio de club en histórico: requiere validación externa
position_taxonomy,mikel merino,Mikel Merino,Newcastle Utd | Arsenal | Real Sociedad,3,Real Sociedad,2324,Jugador con cambio de club en histórico: requiere validación externa
position_taxonomy,caleb okoli,Caleb Okoli,Leicester City | Atalanta | Frosinone,3,Frosinone,2324,Jugador con cambio de club en histórico: requiere validación externa
position_taxonomy,carlos soler,Carlos Soler,West Ham | Valencia | Paris S-G,3,Paris S-G,2324,Jugador con cambio de club en histórico: requiere validación externa
position_taxonomy,milan badelj,Milan Badelj,Fiorentina | Lazio | Genoa,3,Genoa,2425,Jugador con cambio de club en histórico: requiere validación externa
position_taxonomy,milan uric,Milan Đurić,Salernitana | Hellas Verona | Monza,3,Monza,2425,Jugador con cambio de club en histórico: requiere validación externa
position_taxonomy,mitchel bakker,Mitchel Bakker,Paris S-G | Lille | Leverkusen,3,Leverkusen,2223,Jugador con cambio de club en histórico: requiere validación externa
position_taxonomy,mitchell weiser,Mitchell Weiser,Hertha BSC | Leverkusen | Werder Bremen,3,Werder Bremen,2425,Jugador con cambio de club en histórico: requiere validación externa
position_taxonomy,mohamed fares,Mohamed Fares,Hellas Verona | SPAL | Lazio,3,Lazio,2021,Jugador con cambio de club en histórico: requiere validación externa
position_taxonomy,mohammed salisu,Mohammed Salisu,Southampton | Valladolid | Monaco,3,Monaco,2425,Jugador con cambio de club en histórico: requiere validación externa
position_taxonomy,merih demiral,Merih Demiral,Sassuolo | Juventus | Atalanta,3,Atalanta,2223,Jugador con cambio de club en histórico: requiere validación externa
position_taxonomy,mickael cuisance,Mickaël Cuisance,Marseille | Gladbach | Venezia,3,Venezia,2122,Jugador con cambio de club en histórico: requiere validación externa
position_taxonomy,bryan gil,Bryan Gil,Eibar | Sevilla | Girona,3,Girona,2425,Jugador con cambio de club en histórico: requiere validación externa
position_taxonomy,maxime gonalons,Maxime Gonalons,Granada | Clermont Foot | Roma,3,Roma,1718,Jugador con cambio de club en histórico: requiere validación externa
position_taxonomy,matteo lovato,Matteo Lovato,Hellas Verona | Cagliari | Salernitana,3,Salernitana,2324,Jugador con cambio de club en histórico: requiere validación externa
position_taxonomy,matteo pessina,Matteo Pessina,Hellas Verona | Atalanta | Monza,3,Monza,2324,Jugador con cambio de club en histórico: requiere validación externa
position_taxonomy,sergio rico,Sergio Rico,Fulham | Sevilla | Mallorca,3,Mallorca,2122,Jugador con cambio de club en histórico: requiere validación externa
position_taxonomy,simon terodde,Simon Terodde,Köln | Stuttgart | Schalke 04,3,Schalke 04,2223,Jugador con cambio de club en histórico: requiere validación externa
position_taxonomy,simone verdi,Simone Verdi,Bologna | Torino | Hellas Verona,3,Hellas Verona,2223,Jugador con cambio de club en histórico: requiere validación externa
position_taxonomy,ander herrera,Ander Herrera,Manchester Utd | Athletic Club | Paris S-G,3,Paris S-G,2122,Jugador con cambio de club en histórico: requiere validación externa
position_taxonomy,andoni gorosabel,Andoni Gorosabel,Real Sociedad | Alavés | Athletic Club,3,Athletic Club,2425,Jugador con cambio de club en histórico: requiere validación externa
position_taxonomy,alfonso pedraza,Alfonso Pedraza,Alavés | Villarreal | Betis,3,Villarreal,2324,Jugador con cambio de club en histórico: requiere validación externa
position_taxonomy,alfred gomis,Alfred Gomis,Dijon | Rennes | SPAL,3,SPAL,1819,Jugador con cambio de club en histórico: requiere validación externa
position_taxonomy,theo hernandez,Theo Hernández,Real Madrid | Real Sociedad | Milan,3,Milan,2425,Jugador con cambio de club en histórico: requiere validación externa
position_taxonomy,thomas delaney,Thomas Delaney,Sevilla | Werder Bremen | Dortmund,3,Dortmund,2021,Jugador con cambio de club en histórico: requiere validación externa
position_taxonomy,stephan lichtsteiner,Stephan Lichtsteiner,Arsenal | Augsburg | Juventus,3,Juventus,1718,Jugador con cambio de club en histórico: requiere validación externa
position_taxonomy,matteo politano,Matteo Politano,Sassuolo | Inter | Napoli,3,Napoli,2425,Jugador con cambio de club en histórico: requiere validación externa
position_taxonomy,matthijs de ligt,Matthijs de Ligt,Manchester Utd | Bayern Munich | Juventus,3,Juventus,2122,Jugador con cambio de club en histórico: requiere validación externa
position_taxonomy,mattia caldara,Mattia Caldara,Atalanta | Venezia | Spezia,3,Spezia,2223,Jugador con cambio de club en histórico: requiere validación externa
position_taxonomy,mateo kovacic,Mateo Kovačić,Chelsea | Manchester City | Real Madrid,3,Real Madrid,1718,Jugador con cambio de club en histórico: requiere validación externa
position_taxonomy,cristiano biraghi,Cristiano Biraghi,Fiorentina | Inter | Torino,3,Torino,2425,Jugador con cambio de club en histórico: requiere validación externa
position_taxonomy,cristiano ronaldo,Cristiano Ronaldo,Manchester Utd | Real Madrid | Juventus,3,Juventus,2021,Jugador con cambio de club en histórico: requiere validación externa
position_taxonomy,martin terrier,Martin Terrier,Strasbourg | Lyon | Rennes,3,Rennes,2324,Jugador con cambio de club en histórico: requiere validación externa
position_taxonomy,mason greenwood,Mason Greenwood,Manchester Utd | Getafe | Marseille,3,Marseille,2425,Jugador con cambio de club en histórico: requiere validación externa
position_taxonomy,marin pongracic,Marin Pongračić,Wolfsburg | Lecce | Fiorentina,3,Fiorentina,2425,Jugador con cambio de club en histórico: requiere validación externa
position_taxonomy,mario balotelli,Mario Balotelli,Nice | Marseille | Brescia,3,Brescia,1920,Jugador con cambio de club en histórico: requiere validación externa
position_taxonomy,marius bulter,Marius Bülter,Union Berlin | Schalke 04 | Hoffenheim,3,Hoffenheim,2425,Jugador con cambio de club en histórico: requiere validación externa
position_taxonomy,mark uth,Mark Uth,Hoffenheim | Schalke 04 | Köln,3,Köln,2122,Jugador con cambio de club en histórico: requiere validación externa
position_taxonomy,marko dmitrovic,Marko Dmitrović,Eibar | Sevilla | Leganés,3,Leganés,2425,Jugador con cambio de club en histórico: requiere validación externa
position_taxonomy,marlon,Marlon,Nice | Sassuolo | Monza,3,Monza,2223,Jugador con cambio de club en histórico: requiere validación externa
position_taxonomy,christopher nkunku,Christopher Nkunku,Chelsea | Paris S-G | RB Leipzig,3,RB Leipzig,2223,Jugador con cambio de club en histórico: requiere validación externa
position_taxonomy,conor coady,Conor Coady,Wolves | Everton | Leicester City,3,Leicester City,2425,Jugador con cambio de club en histórico: requiere validación externa
position_taxonomy,maxi gomez,Maxi Gómez,Celta Vigo | Valencia | Cádiz,3,Cádiz,2324,Jugador con cambio de club en histórico: requiere validación externa
position_taxonomy,matija nastasic,Matija Nastasić,Mallorca | Leganés | Schalke 04,3,Schalke 04,2021,Jugador con cambio de club en histórico: requiere validación externa
position_taxonomy,mats hummels,Mats Hummels,Bayern Munich | Dortmund | Roma,3,Roma,2425,Jugador con cambio de club en histórico: requiere validación externa
position_taxonomy,matt targett,Matt Targett,Southampton | Aston Villa | Newcastle Utd,3,Newcastle Utd,2122,Jugador con cambio de club en histórico: requiere validación externa
position_taxonomy,danilo,Danilo,Manchester City | Nott'ham Forest | Juventus,3,Juventus,2324,Jugador con cambio de club en histórico: requiere validación externa
position_taxonomy,danilo cataldi,Danilo Cataldi,Benevento | Lazio | Fiorentina,3,Fiorentina,2425,Jugador con cambio de club en histórico: requiere validación externa
position_taxonomy,cristian romero,Cristian Romero,Tottenham | Genoa | Atalanta,3,Atalanta,2021,Jugador con cambio de club en histórico: requiere validación externa
position_taxonomy,luca pellegrini,Luca Pellegrini,Cagliari | Juventus | Lazio,3,Lazio,2425,Jugador con cambio de club en histórico: requiere validación externa
position_taxonomy,luca rossettini,Luca Rossettini,Genoa | Chievo | Lecce,3,Lecce,1920,Jugador con cambio de club en histórico: requiere validación externa
position_taxonomy,marco sportiello,Marco Sportiello,Fiorentina | Frosinone | Atalanta,3,Atalanta,2223,Jugador con cambio de club en histórico: requiere validación externa
position_taxonomy,marcos alonso,Marcos Alonso,Chelsea | Barcelona | Celta Vigo,3,Celta Vigo,2425,Jugador con cambio de club en histórico: requiere validación externa
position_taxonomy,marcus thuram,Marcus Thuram,Guingamp | Gladbach | Inter,3,Inter,2425,Jugador con cambio de club en histórico: requiere validación externa
position_taxonomy,manu sanchez,Manu Sánchez,Osasuna | Celta Vigo | Alavés,3,Alavés,2425,Jugador con cambio de club en histórico: requiere validación externa
position_taxonomy,marash kumbulla,Marash Kumbulla,Espanyol | Hellas Verona | Roma,3,Roma,2122,Jugador con cambio de club en histórico: requiere validación externa
position_taxonomy,marc roca,Marc Roca,Leeds United | Espanyol | Betis,3,Betis,2425,Jugador con cambio de club en histórico: requiere validación externa
position_taxonomy,marcel sabitzer,Marcel Sabitzer,RB Leipzig | Bayern Munich | Dortmund,3,Dortmund,2425,Jugador con cambio de club en histórico: requiere validación externa
position_taxonomy,lyanco,Lyanco,Southampton | Bologna | Torino,3,Torino,2021,Jugador con cambio de club en histórico: requiere validación externa
position_taxonomy,m bala nzola,M'Bala Nzola,Lens | Spezia | Fiorentina,3,Fiorentina,2324,Jugador con cambio de club en histórico: requiere validación externa
position_taxonomy,m baye niang,M'Baye Niang,Rennes | Auxerre | Torino,3,Torino,1718,Jugador con cambio de club en histórico: requiere validación externa
position_taxonomy,mama samba balde,Mama Samba Baldé,Dijon | Troyes | Brest,3,Brest,2425,Jugador con cambio de club en histórico: requiere validación externa
position_taxonomy,leonardo bittencourt,Leonardo Bittencourt,Köln | Hoffenheim | Werder Bremen,3,Werder Bremen,2425,Jugador con cambio de club en histórico: requiere validación externa
position_taxonomy,leonardo spinazzola,Leonardo Spinazzola,Atalanta | Roma | Napoli,3,Napoli,2425,Jugador con cambio de club en histórico: requiere validación externa
position_taxonomy,koffi djidji,Koffi Djidji,Nantes | Torino | Crotone,3,Torino,2223,Jugador con cambio de club en histórico: requiere validación externa
position_taxonomy,lassana coulibaly,Lassana Coulibaly,Angers | Salernitana | Lecce,3,Lecce,2425,Jugador con cambio de club en histórico: requiere validación externa
position_taxonomy,kevin volland,Kevin Volland,Monaco | Leverkusen | Union Berlin,3,Union Berlin,2324,Jugador con cambio de club en histórico: requiere validación externa
position_taxonomy,dara o shea,Dara O'Shea,West Brom | Burnley | Ipswich Town,3,Ipswich Town,2425,Jugador con cambio de club en histórico: requiere validación externa
position_taxonomy,darko brasanac,Darko Brašanac,Leganés | Alavés | Osasuna,3,Leganés,2425,Jugador con cambio de club en histórico: requiere validación externa
position_taxonomy,daichi kamada,Daichi Kamada,Crystal Palace | Eint Frankfurt | Lazio,3,Lazio,2324,Jugador con cambio de club en histórico: requiere validación externa
position_taxonomy,damien da silva,Damien Da Silva,Caen | Rennes | Lyon,3,Lyon,2122,Jugador con cambio de club en histórico: requiere validación externa
position_taxonomy,lucas paqueta,Lucas Paquetá,West Ham | Lyon | Milan,3,Milan,1920,Jugador con cambio de club en histórico: requiere validación externa
position_taxonomy,lucas torreira,Lucas Torreira,Arsenal | Sampdoria | Fiorentina,3,Fiorentina,2122,Jugador con cambio de club en histórico: requiere validación externa
position_taxonomy,lucas tousart,Lucas Tousart,Lyon | Hertha BSC | Union Berlin,3,Union Berlin,2324,Jugador con cambio de club en histórico: requiere validación externa
position_taxonomy,lucien agoume,Lucien Agoume,Sevilla | Brest | Troyes,3,Troyes,2223,Jugador con cambio de club en histórico: requiere validación externa
position_taxonomy,ludovic ajorque,Ludovic Ajorque,Strasbourg | Brest | Mainz 05,3,Mainz 05,2324,Jugador con cambio de club en histórico: requiere validación externa
position_taxonomy,ludovic blas,Ludovic Blas,Guingamp | Nantes | Rennes,3,Rennes,2425,Jugador con cambio de club en histórico: requiere validación externa
position_taxonomy,luis muriel,Luis Muriel,Sevilla | Fiorentina | Atalanta,3,Atalanta,2223,Jugador con cambio de club en histórico: requiere validación externa
position_taxonomy,loic bade,Loïc Bade,Sevilla | Lens | Rennes,3,Rennes,2122,Jugador con cambio de club en histórico: requiere validación externa
position_taxonomy,lorenzo colombo,Lorenzo Colombo,Lecce | Monza | Empoli,3,Empoli,2425,Jugador con cambio de club en histórico: requiere validación externa
position_taxonomy,leandro paredes,Leandro Paredes,Paris S-G | Juventus | Roma,3,Roma,2425,Jugador con cambio de club en histórico: requiere validación externa
position_taxonomy,lee kang in,Lee Kang-in,Valencia | Mallorca | Paris S-G,3,Paris S-G,2425,Jugador con cambio de club en histórico: requiere validación externa
position_taxonomy,stephy mavididi,Stephy Mavididi,Leicester City | Dijon | Montpellier,3,Montpellier,2223,Jugador con cambio de club en histórico: requiere validación externa
position_taxonomy,steven nzonzi,Steven Nzonzi,Sevilla | Rennes | Roma,3,Roma,1819,Jugador con cambio de club en histórico: requiere validación externa
position_taxonomy,sofiane boufal,Sofiane Boufal,Southampton | Celta Vigo | Angers,3,Angers,2122,Jugador con cambio de club en histórico: requiere validación externa
position_taxonomy,allan nyom,Allan Nyom,West Brom | Leganés | Getafe,3,Getafe,2021,Jugador con cambio de club en histórico: requiere validación externa
position_taxonomy,alphonse areola,Alphonse Areola,Fulham | West Ham | Paris S-G,3,Paris S-G,1819,Jugador con cambio de club en histórico: requiere validación externa
position_taxonomy,alvaro fernandez,Álvaro Fernández,Brentford | Huesca | Espanyol,3,Espanyol,2223,Jugador con cambio de club en histórico: requiere validación externa
position_taxonomy,alex kral,Alex Král,Espanyol | Schalke 04 | Union Berlin,3,Union Berlin,2324,Jugador con cambio de club en histórico: requiere validación externa
position_taxonomy,aissa mandi,Aïssa Mandi,Betis | Villarreal | Lille,3,Lille,2425,Jugador con cambio de club en histórico: requiere validación externa
position_taxonomy,tom krau,Tom Krauß,Schalke 04 | Mainz 05 | Bochum,3,Bochum,2425,Jugador con cambio de club en histórico: requiere validación externa
position_taxonomy,toma basic,Toma Bašić,Bordeaux | Lazio | Salernitana,3,Salernitana,2324,Jugador con cambio de club en histórico: requiere validación externa
position_taxonomy,tommaso pobega,Tommaso Pobega,Spezia | Torino | Bologna,3,Bologna,2425,Jugador con cambio de club en histórico: requiere validación externa
position_taxonomy,trevoh chalobah,Trevoh Chalobah,Chelsea | Crystal Palace | Lorient,3,Lorient,2021,Jugador con cambio de club en histórico: requiere validación externa
position_taxonomy,diego farias,Diego Farias,Cagliari | Empoli | Spezia,3,Spezia,2021,Jugador con cambio de club en histórico: requiere validación externa
position_taxonomy,diego godin,Diego Godín,Atlético Madrid | Inter | Cagliari,3,Cagliari,2021,Jugador con cambio de club en histórico: requiere validación externa
position_taxonomy,keylor navas,Keylor Navas,Nott'ham Forest | Real Madrid | Paris S-G,3,Paris S-G,2122,Jugador con cambio de club en histórico: requiere validación externa
position_taxonomy,kieran trippier,Kieran Trippier,Tottenham | Newcastle Utd | Atlético Madrid,3,Atlético Madrid,2122,Jugador con cambio de club en histórico: requiere validación externa
position_taxonomy,kike,Kiké,Eibar | Osasuna | Alavés,3,Alavés,2425,Jugador con cambio de club en histórico: requiere validación externa
position_taxonomy,kevin bonifazi,Kevin Bonifazi,SPAL | Udinese | Bologna,3,Bologna,2223,Jugador con cambio de club en histórico: requiere validación externa
position_taxonomy,kevin gameiro,Kévin Gameiro,Atlético Madrid | Valencia | Strasbourg,3,Strasbourg,2324,Jugador con cambio de club en histórico: requiere validación externa
position_taxonomy,kevin rodrigues,Kévin Rodrigues,Real Sociedad | Leganés | Eibar,3,Eibar,2021,Jugador con cambio de club en histórico: requiere validación externa
position_taxonomy,kevin stoger,Kevin Stöger,Düsseldorf | Bochum | Gladbach,3,Gladbach,2425,Jugador con cambio de club en histórico: requiere validación externa
position_taxonomy,kevin strootman,Kevin Strootman,Marseille | Roma | Genoa,3,Genoa,2324,Jugador con cambio de club en histórico: requiere validación externa
position_taxonomy,kevin vogt,Kevin Vogt,Hoffenheim | Werder Bremen | Union Berlin,3,Union Berlin,2425,Jugador con cambio de club en histórico: requiere validación externa
position_taxonomy,kai havertz,Kai Havertz,Chelsea | Arsenal | Leverkusen,3,Leverkusen,1920,Jugador con cambio de club en histórico: requiere validación externa
position_taxonomy,davide zappacosta,Davide Zappacosta,Chelsea | Genoa | Atalanta,3,Atalanta,2425,Jugador con cambio de club en histórico: requiere validación externa
position_taxonomy,dejan kulusevski,Dejan Kulusevski,Tottenham | Parma | Juventus,3,Juventus,2021,Jugador con cambio de club en histórico: requiere validación externa
position_taxonomy,lucas hernandez,Lucas Hernández,Atlético Madrid | Paris S-G | Bayern Munich,3,Bayern Munich,2122,Jugador con cambio de club en histórico: requiere validación externa
position_taxonomy,lisandro magallan,Lisandro Magallán,Alavés | Elche | Crotone,3,Crotone,2021,Jugador con cambio de club en histórico: requiere validación externa
position_taxonomy,djibril sidibe,Djibril Sidibé,Everton | Monaco | Toulouse,3,Toulouse,2425,Jugador con cambio de club en histórico: requiere validación externa
position_taxonomy,dodi lukebakio,Dodi Lukebakio,Sevilla | Düsseldorf | Hertha BSC,3,Hertha BSC,2223,Jugador con cambio de club en histórico: requiere validación externa
position_taxonomy,domagoj bradaric,Domagoj Bradarić,Lille | Salernitana | Hellas Verona,3,Hellas Verona,2425,Jugador con cambio de club en histórico: requiere validación externa
position_taxonomy,dominik kohr,Dominik Kohr,Leverkusen | Eint Frankfurt | Mainz 05,3,Mainz 05,2425,Jugador con cambio de club en histórico: requiere validación externa
position_taxonomy,duje caleta car,Duje Ćaleta-Car,Southampton | Marseille | Lyon,3,Lyon,2425,Jugador con cambio de club en histórico: requiere validación externa
position_taxonomy,keita balde,Keita Baldé,Monaco | Sampdoria | Cagliari,3,Cagliari,2122,Jugador con cambio de club en histórico: requiere validación externa
position_taxonomy,kelvin amian,Kelvin Amian,Toulouse | Nantes | Spezia,3,Spezia,2223,Jugador con cambio de club en histórico: requiere validación externa
position_taxonomy,jules kounde,Jules Koundé,Sevilla | Barcelona | Bordeaux,3,Bordeaux,1819,Jugador con cambio de club en histórico: requiere validación externa
position_taxonomy,julian chabot,Julian Chabot,Köln | Stuttgart | Spezia,3,Spezia,2021,Jugador con cambio de club en histórico: requiere validación externa
position_taxonomy,junior firpo,Junior Firpo,Leeds United | Betis | Barcelona,3,Barcelona,1920,Jugador con cambio de club en histórico: requiere validación externa
position_taxonomy,junior messias,Junior Messias,Crotone | Milan | Genoa,3,Genoa,2324,Jugador con cambio de club en histórico: requiere validación externa
position_taxonomy,joshua king,Joshua King,Bournemouth | Watford | Toulouse,3,Toulouse,2425,Jugador con cambio de club en histórico: requiere validación externa
position_taxonomy,juanfran,Juanfran,Atlético Madrid | La Coruña | Leganés,3,Leganés,1819,Jugador con cambio de club en histórico: requiere validación externa
position_taxonomy,jorginho,Jorginho,Chelsea | Arsenal | Napoli,3,Napoli,1718,Jugador con cambio de club en histórico: requiere validación externa
position_taxonomy,jonas martin,Jonas Martin,Strasbourg | Rennes | Brest,3,Brest,2324,Jugador con cambio de club en histórico: requiere validación externa
position_taxonomy,diego carlos,Diego Carlos,Aston Villa | Sevilla | Nantes,3,Nantes,1819,Jugador con cambio de club en histórico: requiere validación externa
position_taxonomy,walace,Walace,Hamburger SV | Hannover 96 | Udinese,3,Udinese,2324,Jugador con cambio de club en histórico: requiere validación externa
position_taxonomy,waldemar anton,Waldemar Anton,Hannover 96 | Stuttgart | Dortmund,3,Dortmund,2425,Jugador con cambio de club en histórico: requiere validación externa
position_taxonomy,jeremy morel,Jérémy Morel,Lyon | Rennes | Lorient,3,Lorient,2021,Jugador con cambio de club en histórico: requiere validación externa
position_taxonomy,jerome roussillon,Jérôme Roussillon,Montpellier | Wolfsburg | Union Berlin,3,Union Berlin,2223,Jugador con cambio de club en histórico: requiere validación externa
position_taxonomy,jesse lingard,Jesse Lingard,Manchester Utd | West Ham | Nott'ham Forest,3,Nott'ham Forest,2223,Jugador con cambio de club en histórico: requiere validación externa
position_taxonomy,jetro willems,Jetro Willems,Newcastle Utd | Eint Frankfurt | Greuther Fürth,3,Greuther Fürth,2122,Jugador con cambio de club en histórico: requiere validación externa
position_taxonomy,ederson,Éderson,Manchester City | Salernitana | Atalanta,3,Atalanta,2425,Jugador con cambio de club en histórico: requiere validación externa
position_taxonomy,edimilson fernandes,Edimilson Fernandes,Brest | Mainz 05 | Fiorentina,3,Fiorentina,1819,Jugador con cambio de club en histórico: requiere validación externa
position_taxonomy,edinson cavani,Edinson Cavani,Manchester Utd | Valencia | Paris S-G,3,Paris S-G,1819,Jugador con cambio de club en histórico: requiere validación externa
position_taxonomy,jonathan bamba,Jonathan Bamba,Celta Vigo | Saint-Étienne | Lille,3,Lille,2223,Jugador con cambio de club en histórico: requiere validación externa
position_taxonomy,jonathan clauss,Jonathan Clauss,Lens | Marseille | Nice,3,Nice,2425,Jugador con cambio de club en histórico: requiere validación externa
position_taxonomy,jonathan ikone,Jonathan Ikone,Montpellier | Lille | Fiorentina,3,Fiorentina,2324,Jugador con cambio de club en histórico: requiere validación externa
position_taxonomy,jonjoe kenny,Jonjoe Kenny,Everton | Schalke 04 | Hertha BSC,3,Hertha BSC,2223,Jugador con cambio de club en histórico: requiere validación externa
position_taxonomy,jonny evans,Jonny Evans,West Brom | Leicester City | Manchester Utd,3,Manchester Utd,2324,Jugador con cambio de club en histórico: requiere validación externa
position_taxonomy,jordan ayew,Jordan Ayew,Swansea City | Crystal Palace | Leicester City,3,Leicester City,2425,Jugador con cambio de club en histórico: requiere validación externa
position_taxonomy,joan jordan,Joan Jordán,Eibar | Sevilla | Alavés,3,Alavés,2425,Jugador con cambio de club en histórico: requiere validación externa
position_taxonomy,dennis praet,Dennis Praet,Leicester City | Sampdoria | Torino,3,Torino,2122,Jugador con cambio de club en histórico: requiere validación externa
position_taxonomy,joao felix,João Félix,Chelsea | Atlético Madrid | Barcelona,3,Barcelona,2324,Jugador con cambio de club en histórico: requiere validación externa
position_taxonomy,joao pedro,João Pedro,Watford | Brighton | Cagliari,3,Cagliari,2122,Jugador con cambio de club en histórico: requiere validación externa
position_taxonomy,joaquin correa,Joaquín Correa,Sevilla | Lazio | Inter,3,Inter,2223,Jugador con cambio de club en histórico: requiere validación externa
position_taxonomy,jens cajuste,Jens Cajuste,Ipswich Town | Reims | Napoli,3,Napoli,2324,Jugador con cambio de club en histórico: requiere validación externa
position_taxonomy,thomas meunier,Thomas Meunier,Paris S-G | Lille | Dortmund,3,Dortmund,2122,Jugador con cambio de club en histórico: requiere validación externa
position_taxonomy,tim kleindienst,Tim Kleindienst,Freiburg | Heidenheim | Gladbach,3,Gladbach,2425,Jugador con cambio de club en histórico: requiere validación externa
position_taxonomy,tanguy ndombele,Tanguy Ndombele,Tottenham | Lyon | Nice,3,Nice,2425,Jugador con cambio de club en histórico: requiere validación externa
position_taxonomy,alexander schwolow,Alexander Schwolow,Freiburg | Hertha BSC | Schalke 04,3,Schalke 04,2223,Jugador con cambio de club en histórico: requiere validación externa
position_taxonomy,alexis blin,Alexis Blin,Toulouse | Amiens | Lecce,3,Lecce,2324,Jugador con cambio de club en histórico: requiere validación externa
position_taxonomy,alexis saelemaekers,Alexis Saelemaekers,Milan | Bologna | Roma,3,Roma,2425,Jugador con cambio de club en histórico: requiere validación externa
position_taxonomy,alejandro pozo pozo,Alejandro Pozo Pozo,Mallorca | Eibar | Almería,3,Almería,2324,Jugador con cambio de club en histórico: requiere validación externa
position_taxonomy,adama traore,Adama Traoré,Wolves | Fulham | Metz,3,Metz,1920,Jugador con cambio de club en histórico: requiere validación externa
position_taxonomy,victor camarasa,Víctor Camarasa,Cardiff City | Betis | Alavés,3,Alavés,1920,Jugador con cambio de club en histórico: requiere validación externa
position_taxonomy,vitinha,Vitinha,Paris S-G | Marseille | Genoa,3,Genoa,2425,Jugador con cambio de club en histórico: requiere validación externa
position_taxonomy,wahbi khazri,Wahbi Khazri,Rennes | Saint-Étienne | Montpellier,3,Montpellier,2425,Jugador con cambio de club en histórico: requiere validación externa
position_taxonomy,emre can,Emre Can,Liverpool | Dortmund | Juventus,3,Juventus,1819,Jugador con cambio de club en histórico: requiere validación externa
position_taxonomy,enes unal,Enes Ünal,Villarreal | Valladolid | Getafe,3,Getafe,2223,Jugador con cambio de club en histórico: requiere validación externa
position_taxonomy,eray comert,Eray Cömert,Valencia | Valladolid | Nantes,3,Nantes,2324,Jugador con cambio de club en histórico: requiere validación externa
position_taxonomy,edouard mendy,Edouard Mendy,Chelsea | Reims | Rennes,3,Rennes,1920,Jugador con cambio de club en histórico: requiere validación externa
position_taxonomy,jean daniel akpa akpro,Jean-Daniel Akpa-Akpro,Lazio | Empoli | Monza,3,Monza,2425,Jugador con cambio de club en histórico: requiere validación externa
position_taxonomy,jean eudes aholou,Jean-Eudes Aholou,Strasbourg | Monaco | Angers,3,Angers,2425,Jugador con cambio de club en histórico: requiere validación externa
position_taxonomy,jefferson lerma,Jefferson Lerma,Bournemouth | Crystal Palace | Levante,3,Levante,1718,Jugador con cambio de club en histórico: requiere validación externa
position_taxonomy,jeison murillo,Jeison Murillo,Valencia | Celta Vigo | Sampdoria,3,Sampdoria,2223,Jugador con cambio de club en histórico: requiere validación externa
position_taxonomy,jannik vestergaard,Jannik Vestergaard,Southampton | Leicester City | Gladbach,3,Gladbach,1718,Jugador con cambio de club en histórico: requiere validación externa
position_taxonomy,jaume costa,Jaume Costa,Villarreal | Valencia | Mallorca,3,Mallorca,2324,Jugador con cambio de club en histórico: requiere validación externa
position_taxonomy,javi hernandez,Javi Hernández,Girona | Cádiz | Leganés,3,Leganés,2425,Jugador con cambio de club en histórico: requiere validación externa
position_taxonomy,javi lopez,Javi López,Espanyol | Alavés | Real Sociedad,3,Real Sociedad,2425,Jugador con cambio de club en histórico: requiere validación externa
position_taxonomy,ellyes skhiri,Ellyes Skhiri,Montpellier | Köln | Eint Frankfurt,3,Eint Frankfurt,2425,Jugador con cambio de club en histórico: requiere validación externa
position_taxonomy,emanuele valeri,Emanuele Valeri,Cremonese | Frosinone | Parma,3,Parma,2425,Jugador con cambio de club en histórico: requiere validación externa
position_taxonomy,emerson,Emerson,Tottenham | Betis | Milan,3,Milan,2425,Jugador con cambio de club en histórico: requiere validación externa
position_taxonomy,emerson palmieri,Emerson Palmieri,Chelsea | West Ham | Lyon,3,Lyon,2122,Jugador con cambio de club en histórico: requiere validación externa
position_taxonomy,hamed junior traore,Hamed Junior Traorè,Auxerre | Empoli | Sassuolo,3,Sassuolo,2122,Jugador con cambio de club en histórico: requiere validación externa
position_taxonomy,erik pieters,Erik Pieters,Stoke City | Burnley | Amiens,3,Amiens,1819,Jugador con cambio de club en histórico: requiere validación externa
position_taxonomy,ermedin demirovic,Ermedin Demirović,Freiburg | Augsburg | Stuttgart,3,Stuttgart,2425,Jugador con cambio de club en histórico: requiere validación externa
position_taxonomy,ethan ampadu,Ethan Ampadu,Sheffield Utd | Venezia | Spezia,3,Spezia,2223,Jugador con cambio de club en histórico: requiere validación externa
position_taxonomy,emil holm,Emil Holm,Spezia | Atalanta | Bologna,3,Bologna,2425,Jugador con cambio de club en histórico: requiere validación externa
position_taxonomy,emil krafth,Emil Krafth,Newcastle Utd | Amiens | Bologna,3,Bologna,1718,Jugador con cambio de club en histórico: requiere validación externa
position_taxonomy,duvan zapata,Duván Zapata,Sampdoria | Atalanta | Torino,3,Torino,2324,Jugador con cambio de club en histórico: requiere validación externa
position_taxonomy,ivan perisic,Ivan Perišić,Tottenham | Bayern Munich | Inter,3,Inter,2122,Jugador con cambio de club en histórico: requiere validación externa
position_taxonomy,ivan provedel,Ivan Provedel,Empoli | Spezia | Lazio,3,Lazio,2425,Jugador con cambio de club en histórico: requiere validación externa
position_taxonomy,ivan radovanovic,Ivan Radovanović,Chievo | Genoa | Salernitana,3,Salernitana,2122,Jugador con cambio de club en histórico: requiere validación externa
position_taxonomy,jadon sancho,Jadon Sancho,Manchester Utd | Chelsea | Dortmund,3,Dortmund,2324,Jugador con cambio de club en histórico: requiere validación externa
position_taxonomy,ionut radu,Ionuț Radu,Auxerre | Genoa | Venezia,3,Venezia,2425,Jugador con cambio de club en histórico: requiere validación externa
position_taxonomy,ishak belfodil,Ishak Belfodil,Werder Bremen | Hoffenheim | Hertha BSC,3,Hertha BSC,2122,Jugador con cambio de club en histórico: requiere validación externa
position_taxonomy,issa diop,Issa Diop,West Ham | Fulham | Toulouse,3,Toulouse,1718,Jugador con cambio de club en histórico: requiere validación externa
position_taxonomy,issa kabore,Issa Kaboré,Luton Town | Troyes | Marseille,3,Marseille,2223,Jugador con cambio de club en histórico: requiere validación externa
position_taxonomy,issiaga sylla,Issiaga Sylla,Toulouse | Lens | Montpellier,3,Montpellier,2425,Jugador con cambio de club en histórico: requiere validación externa
position_taxonomy,adrien tameze,Adrien Tameze,Nice | Hellas Verona | Torino,3,Torino,2324,Jugador con cambio de club en histórico: requiere validación externa
position_taxonomy,adrien thomasson,Adrien Thomasson,Nantes | Strasbourg | Lens,3,Lens,2425,Jugador con cambio de club en histórico: requiere validación externa
position_taxonomy,weston mckennie,Weston McKennie,Leeds United | Schalke 04 | Juventus,3,Juventus,2425,Jugador con cambio de club en histórico: requiere validación externa
position_taxonomy,gerard gumbau,Gerard Gumbau,Leganés | Elche | Granada,3,Granada,2324,Jugador con cambio de club en histórico: requiere validación externa
position_taxonomy,gerrit holtmann,Gerrit Holtmann,Mainz 05 | Paderborn 07 | Bochum,3,Bochum,2425,Jugador con cambio de club en histórico: requiere validación externa
position_taxonomy,gerson,Gerson,Marseille | Roma | Fiorentina,3,Fiorentina,1819,Jugador con cambio de club en histórico: requiere validación externa
position_taxonomy,faitout maouassa,Faitout Maouassa,Nîmes | Rennes | Montpellier,3,Montpellier,2223,Jugador con cambio de club en histórico: requiere validación externa
position_taxonomy,eldor shomurodov,Eldor Shomurodov,Genoa | Cagliari | Roma,3,Roma,2425,Jugador con cambio de club en histórico: requiere validación externa
position_taxonomy,ignatius ganago,Ignatius Ganago,Nice | Lens | Nantes,3,Nantes,2223,Jugador con cambio de club en histórico: requiere validación externa
position_taxonomy,igor,Igor,Brighton | SPAL | Fiorentina,3,Fiorentina,2223,Jugador con cambio de club en histórico: requiere validación externa
position_taxonomy,inigo martinez,Iñigo Martínez,Athletic Club | Real Sociedad | Barcelona,3,Barcelona,2425,Jugador con cambio de club en histórico: requiere validación externa
position_taxonomy,harry winks,Harry Winks,Tottenham | Leicester City | Sampdoria,3,Sampdoria,2223,Jugador con cambio de club en histórico: requiere validación externa
position_taxonomy,helder costa,Hélder Costa,Wolves | Leeds United | Valencia,3,Valencia,2122,Jugador con cambio de club en histórico: requiere validación externa
position_taxonomy,hugo ekitike,Hugo Ekitike,Reims | Paris S-G | Eint Frankfurt,3,Eint Frankfurt,2425,Jugador con cambio de club en histórico: requiere validación externa
position_taxonomy,gregor kobel,Gregor Kobel,Augsburg | Stuttgart | Dortmund,3,Dortmund,2425,Jugador con cambio de club en histórico: requiere validación externa
position_taxonomy,guillermo maripan,Guillermo Maripán,Alavés | Monaco | Torino,3,Torino,2425,Jugador con cambio de club en histórico: requiere validación externa
position_taxonomy,federico mattiello,Federico Mattiello,SPAL | Bologna | Cagliari,3,Cagliari,1920,Jugador con cambio de club en histórico: requiere validación externa
position_taxonomy,felipe,Felipe,Nott'ham Forest | Atlético Madrid | Hannover 96,3,Hannover 96,1819,Jugador con cambio de club en histórico: requiere validación externa
position_taxonomy,fabian ruiz pena,Fabián Ruiz Peña,Betis | Paris S-G | Napoli,3,Napoli,2122,Jugador con cambio de club en histórico: requiere validación externa
position_taxonomy,youssef ait bennasser,Youssef Aït Bennasser,Caen | Monaco | Saint-Étienne,3,Saint-Étienne,1819,Jugador con cambio de club en histórico: requiere validación externa
position_taxonomy,youssef en nesyri,Youssef En-Nesyri,Málaga | Leganés | Sevilla,3,Sevilla,2324,Jugador con cambio de club en histórico: requiere validación externa
position_taxonomy,youssouf fofana,Youssouf Fofana,Strasbourg | Monaco | Milan,3,Milan,2425,Jugador con cambio de club en histórico: requiere validación externa
position_taxonomy,youssouf kone,Youssouf Koné,Lille | Troyes | Ajaccio,3,Ajaccio,2223,Jugador con cambio de club en histórico: requiere validación externa
position_taxonomy,ferran torres,Ferrán Torres,Manchester City | Valencia | Barcelona,3,Barcelona,2425,Jugador con cambio de club en histórico: requiere validación externa
position_taxonomy,filip kostic,Filip Kostić,Hamburger SV | Eint Frankfurt | Juventus,3,Juventus,2324,Jugador con cambio de club en histórico: requiere validación externa
position_taxonomy,filip uricic,Filip Đuričić,Benevento | Sassuolo | Sampdoria,3,Sampdoria,2223,Jugador con cambio de club en histórico: requiere validación externa
position_taxonomy,flavius daniliuc,Flavius Daniliuc,Nice | Salernitana | Hellas Verona,3,Hellas Verona,2425,Jugador con cambio de club en histórico: requiere validación externa
position_taxonomy,florent mollet,Florent Mollet,Metz | Montpellier | Nantes,3,Nantes,2324,Jugador con cambio de club en histórico: requiere validación externa
position_taxonomy,florian lejeune,Florian Lejeune,Newcastle Utd | Alavés | Rayo Vallecano,3,Rayo Vallecano,2425,Jugador con cambio de club en histórico: requiere validación externa
position_taxonomy,florian muller,Florian Müller,Mainz 05 | Freiburg | Stuttgart,3,Stuttgart,2223,Jugador con cambio de club en histórico: requiere validación externa
position_taxonomy,federico ceccherini,Federico Ceccherini,Crotone | Fiorentina | Hellas Verona,3,Hellas Verona,2223,Jugador con cambio de club en histórico: requiere validación externa
position_taxonomy,yann sommer,Yann Sommer,Gladbach | Bayern Munich | Inter,3,Inter,2425,Jugador con cambio de club en histórico: requiere validación externa
position_taxonomy,gabriel strefezza,Gabriel Strefezza,SPAL | Lecce | Como,3,Como,2425,Jugador con cambio de club en histórico: requiere validación externa
position_taxonomy,geoffrey kondogbia,Geoffrey Kondogbia,Valencia | Atlético Madrid | Marseille,3,Marseille,2425,Jugador con cambio de club en histórico: requiere validación externa
position_taxonomy,francesco acerbi,Francesco Acerbi,Sassuolo | Lazio | Inter,3,Inter,2425,Jugador con cambio de club en histórico: requiere validación externa
position_taxonomy,francesco caputo,Francesco Caputo,Empoli | Sassuolo | Sampdoria,3,Empoli,2324,Jugador con cambio de club en histórico: requiere validación externa
position_taxonomy,franck ribery,Franck Ribéry,Bayern Munich | Fiorentina | Salernitana,3,Salernitana,2122,Jugador con cambio de club en histórico: requiere validación externa
position_taxonomy,willian,Willian,Chelsea | Arsenal | Fulham,3,Fulham,2324,Jugador con cambio de club en histórico: requiere validación externa
position_taxonomy,willian jose,Willian José,Wolves | Real Sociedad | Betis,3,Betis,2324,Jugador con cambio de club en histórico: requiere validación externa
position_taxonomy,wout weghorst,Wout Weghorst,Burnley | Wolfsburg | Hoffenheim,3,Hoffenheim,2324,Jugador con cambio de club en histórico: requiere validación externa
position_taxonomy,alban lafont,Alban Lafont,Toulouse | Nantes | Fiorentina,3,Fiorentina,1819,Jugador con cambio de club en histórico: requiere validación externa
position_taxonomy,albert sambi lokonga,Albert Sambi Lokonga,Arsenal | Luton Town | Sevilla,3,Sevilla,2425,Jugador con cambio de club en histórico: requiere validación externa
position_taxonomy,alberto moreno,Alberto Moreno,Liverpool | Villarreal | Como,3,Como,2425,Jugador con cambio de club en histórico: requiere validación externa
position_taxonomy,albin ekdal,Albin Ekdal,Hamburger SV | Sampdoria | Spezia,3,Spezia,2223,Jugador con cambio de club en histórico: requiere validación externa
position_taxonomy,yann karamoh,Yann Karamoh,Bordeaux | Parma | Torino,3,Torino,2425,Jugador con cambio de club en histórico: requiere validación externa
position_taxonomy,yacine adli,Yacine Adli,Bordeaux | Milan | Fiorentina,3,Fiorentina,2425,Jugador con cambio de club en histórico: requiere validación externa
position_taxonomy,youri tielemans,Youri Tielemans,Leicester City | Aston Villa | Monaco,3,Monaco,1819,Jugador con cambio de club en histórico: requiere validación externa
position_taxonomy,adri embarba,Adri Embarba,Rayo Vallecano | Espanyol | Almería,3,Rayo Vallecano,2425,Jugador con cambio de club en histórico: requiere validación externa
position_taxonomy,zeki celik,Zeki Çelik,Lille | Roma,2,Roma,2425,Jugador con cambio de club en histórico: requiere validación externa
position_taxonomy,aaron leya iseka,Aaron Leya Iseka,Toulouse | Metz,2,Metz,2021,Jugador con cambio de club en histórico: requiere validación externa
position_taxonomy,aaron mooy,Aaron Mooy,Huddersfield | Brighton,2,Brighton,1920,Jugador con cambio de club en histórico: requiere validación externa
position_taxonomy,adam hlozek,Adam Hložek,Leverkusen | Hoffenheim,2,Hoffenheim,2425,Jugador con cambio de club en histórico: requiere validación externa
position_taxonomy,abner,Abner,Betis | Lyon,2,Lyon,2425,Jugador con cambio de club en histórico: requiere validación externa
position_taxonomy,abdoulaye toure,Abdoulaye Touré,Nantes | Le Havre,2,Le Havre,2425,Jugador con cambio de club en histórico: requiere validación externa
position_taxonomy,abdoulaye doucoure,Abdoulaye Doucouré,Watford | Everton,2,Everton,2425,Jugador con cambio de club en histórico: requiere validación externa
position_taxonomy,abdelhamid sabiri,Abdelhamid Sabiri,Paderborn 07 | Sampdoria,2,Sampdoria,2223,Jugador con cambio de club en histórico: requiere validación externa
position_taxonomy,abde ezzalzouli,Abde Ezzalzouli,Osasuna | Betis,2,Betis,2425,Jugador con cambio de club en histórico: requiere validación externa
position_taxonomy,abdallah sima,Abdallah Sima,Angers | Brest,2,Brest,2425,Jugador con cambio de club en histórico: requiere validación externa
position_taxonomy,xabier etxeita,Xabier Etxeita,Huesca | Getafe,2,Getafe,1920,Jugador con cambio de club en histórico: requiere validación externa
position_taxonomy,yoane wissa,Yoane Wissa,Brentford | Lorient,2,Lorient,2021,Jugador con cambio de club en histórico: requiere validación externa
position_taxonomy,adrian,Adrián,West Ham | Betis,2,Betis,2425,Jugador con cambio de club en histórico: requiere validación externa
position_taxonomy,adrian lopez,Adrián López,La Coruña | Osasuna,2,Osasuna,1920,Jugador con cambio de club en histórico: requiere validación externa
position_taxonomy,adrien hunou,Adrien Hunou,Rennes | Angers,2,Angers,2223,Jugador con cambio de club en histórico: requiere validación externa
position_taxonomy,adrien silva,Adrien Silva,Monaco | Sampdoria,2,Sampdoria,2122,Jugador con cambio de club en histórico: requiere validación externa
position_taxonomy,afriyie acquah,Afriyie Acquah,Torino | Empoli,2,Empoli,1819,Jugador con cambio de club en histórico: requiere validación externa
position_taxonomy,adam szalai,Ádám Szalai,Hoffenheim | Mainz 05,2,Mainz 05,1920,Jugador con cambio de club en histórico: requiere validación externa
position_taxonomy,wilfried singo,Wilfried Singo,Monaco | Torino,2,Torino,2223,Jugador con cambio de club en histórico: requiere validación externa
position_taxonomy,will hughes,Will Hughes,Watford | Crystal Palace,2,Crystal Palace,2425,Jugador con cambio de club en histórico: requiere validación externa
position_taxonomy,william troost ekong,William Troost-Ekong,Watford | Udinese,2,Udinese,1920,Jugador con cambio de club en histórico: requiere validación externa
position_taxonomy,willian pacho,Willian Pacho,Paris S-G | Eint Frankfurt,2,Eint Frankfurt,2324,Jugador con cambio de club en histórico: requiere validación externa
position_taxonomy,willy boly,Willy Boly,Wolves | Nott'ham Forest,2,Nott'ham Forest,2324,Jugador con cambio de club en histórico: requiere validación externa
position_taxonomy,wilson odobert,Wilson Odobert,Burnley | Troyes,2,Troyes,2223,Jugador con cambio de club en histórico: requiere validación externa
position_taxonomy,wissam ben yedder,Wissam Ben Yedder,Sevilla | Monaco,2,Monaco,2324,Jugador con cambio de club en histórico: requiere validación externa
position_taxonomy,wojciech szczesny,Wojciech Szczęsny,Barcelona | Juventus,2,Juventus,2324,Jugador con cambio de club en histórico: requiere validación externa
position_taxonomy,wout faes,Wout Faes,Leicester City | Reims,2,Reims,2122,Jugador con cambio de club en histórico: requiere validación externa
position_taxonomy,vicente iborra,Vicente Iborra,Leicester City | Villarreal,2,Villarreal,2122,Jugador con cambio de club en histórico: requiere validación externa
position_taxonomy,fraser forster,Fraser Forster,Southampton | Tottenham,2,Tottenham,2223,Jugador con cambio de club en histórico: requiere validación externa
position_taxonomy,frederik rnnow,Frederik Rønnow,Schalke 04 | Union Berlin,2,Union Berlin,2425,Jugador con cambio de club en histórico: requiere validación externa
position_taxonomy,gabriel,Gabriel,Leganés | Lecce,2,Lecce,1920,Jugador con cambio de club en histórico: requiere validación externa
position_taxonomy,fernando marcal,Fernando Marçal,Wolves | Lyon,2,Lyon,1718,Jugador con cambio de club en histórico: requiere validación externa
position_taxonomy,fernando pacheco,Fernando Pacheco,Alavés | Espanyol,2,Espanyol,2223,Jugador con cambio de club en histórico: requiere validación externa
position_taxonomy,fikayo tomori,Fikayo Tomori,Chelsea | Milan,2,Milan,2425,Jugador con cambio de club en histórico: requiere validación externa
position_taxonomy,filippo romagna,Filippo Romagna,Cagliari | Sassuolo,2,Sassuolo,1920,Jugador con cambio de club en histórico: requiere validación externa
position_taxonomy,flavien tait,Flavien Tait,Angers | Rennes,2,Rennes,2223,Jugador con cambio de club en histórico: requiere validación externa
position_taxonomy,florian kainz,Florian Kainz,Werder Bremen | Köln,2,Köln,2324,Jugador con cambio de club en histórico: requiere validación externa
position_taxonomy,florian niederlechner,Florian Niederlechner,Freiburg | Augsburg,2,Augsburg,2223,Jugador con cambio de club en histórico: requiere validación externa
position_taxonomy,florian tardieu,Florian Tardieu,Troyes | Saint-Étienne,2,Saint-Étienne,2425,Jugador con cambio de club en histórico: requiere validación externa
position_taxonomy,florian thauvin,Florian Thauvin,Marseille | Udinese,2,Udinese,2425,Jugador con cambio de club en histórico: requiere validación externa
position_taxonomy,federico barba,Federico Barba,Chievo | Benevento,2,Benevento,2021,Jugador con cambio de club en histórico: requiere validación externa
position_taxonomy,federico bonazzoli,Federico Bonazzoli,Salernitana | Hellas Verona,2,Hellas Verona,2324,Jugador con cambio de club en histórico: requiere validación externa
position_taxonomy,federico chiesa,Federico Chiesa,Fiorentina | Juventus,2,Juventus,2324,Jugador con cambio de club en histórico: requiere validación externa
position_taxonomy,federico dimarco,Federico Dimarco,Hellas Verona | Inter,2,Inter,2425,Jugador con cambio de club en histórico: requiere validación externa
position_taxonomy,gary cahill,Gary Cahill,Chelsea | Crystal Palace,2,Crystal Palace,2021,Jugador con cambio de club en histórico: requiere validación externa
position_taxonomy,gautier larsonneur,Gautier Larsonneur,Brest | Saint-Étienne,2,Saint-Étienne,2425,Jugador con cambio de club en histórico: requiere validación externa
position_taxonomy,genki haraguchi,Genki Haraguchi,Hannover 96 | Union Berlin,2,Union Berlin,2122,Jugador con cambio de club en histórico: requiere validación externa
position_taxonomy,georges mikautadze,Georges Mikautadze,Metz | Lyon,2,Lyon,2425,Jugador con cambio de club en histórico: requiere validación externa
position_taxonomy,georginio rutter,Georginio Rutter,Brighton | Hoffenheim,2,Hoffenheim,2223,Jugador con cambio de club en histórico: requiere validación externa
position_taxonomy,georginio wijnaldum,Georginio Wijnaldum,Liverpool | Paris S-G,2,Paris S-G,2122,Jugador con cambio de club en histórico: requiere validación externa
position_taxonomy,gerard deulofeu,Gerard Deulofeu,Watford | Udinese,2,Udinese,2223,Jugador con cambio de club en histórico: requiere validación externa
position_taxonomy,fode ballo toure,Fodé Ballo-Touré,Lille | Monaco,2,Monaco,1920,Jugador con cambio de club en histórico: requiere validación externa
position_taxonomy,folarin balogun,Folarin Balogun,Reims | Monaco,2,Monaco,2324,Jugador con cambio de club en histórico: requiere validación externa
position_taxonomy,fran garcia,Fran Garcia,Rayo Vallecano | Real Madrid,2,Real Madrid,2425,Jugador con cambio de club en histórico: requiere validación externa
position_taxonomy,francesco cassata,Francesco Cassata,Frosinone | Genoa,2,Genoa,1920,Jugador con cambio de club en histórico: requiere validación externa
position_taxonomy,francesco zampano,Francesco Zampano,Frosinone | Venezia,2,Venezia,2425,Jugador con cambio de club en histórico: requiere validación externa
position_taxonomy,francis coquelin,Francis Coquelin,Valencia | Villarreal,2,Villarreal,2324,Jugador con cambio de club en histórico: requiere validación externa
position_taxonomy,franck honorat,Franck Honorat,Brest | Gladbach,2,Gladbach,2425,Jugador con cambio de club en histórico: requiere validación externa
position_taxonomy,franck kessie,Franck Kessié,Barcelona | Milan,2,Milan,2122,Jugador con cambio de club en histórico: requiere validación externa
position_taxonomy,frank onyeka,Frank Onyeka,Brentford | Augsburg,2,Augsburg,2425,Jugador con cambio de club en histórico: requiere validación externa
position_taxonomy,fabinho,Fabinho,Liverpool | Monaco,2,Monaco,1718,Jugador con cambio de club en histórico: requiere validación externa
position_taxonomy,fabio miretti,Fabio Miretti,Juventus | Genoa,2,Genoa,2425,Jugador con cambio de club en histórico: requiere validación externa
position_taxonomy,fabio silva,Fábio Silva,Wolves | Las Palmas,2,Las Palmas,2425,Jugador con cambio de club en histórico: requiere validación externa
position_taxonomy,fabrizio cacciatore,Fabrizio Cacciatore,Chievo | Cagliari,2,Cagliari,1920,Jugador con cambio de club en histórico: requiere validación externa
position_taxonomy,facundo buonanotte,Facundo Buonanotte,Brighton | Leicester City,2,Leicester City,2425,Jugador con cambio de club en histórico: requiere validación externa
position_taxonomy,facundo roncaglia,Facundo Roncaglia,Celta Vigo | Osasuna,2,Osasuna,2021,Jugador con cambio de club en histórico: requiere validación externa
position_taxonomy,fali cande,Fali Candé,Metz | Venezia,2,Venezia,2425,Jugador con cambio de club en histórico: requiere validación externa
position_taxonomy,fares chaibi,Fares Chaïbi,Toulouse | Eint Frankfurt,2,Eint Frankfurt,2425,Jugador con cambio de club en histórico: requiere validación externa
position_taxonomy,faycal fajr,Fayçal Fajr,Getafe | Caen,2,Caen,1819,Jugador con cambio de club en histórico: requiere validación externa
position_taxonomy,fede san emeterio,Fede San Emeterio,Valladolid | Cádiz,2,Cádiz,2223,Jugador con cambio de club en histórico: requiere validación externa
position_taxonomy,erick pulgar,Erick Pulgar,Bologna | Fiorentina,2,Fiorentina,2021,Jugador con cambio de club en histórico: requiere validación externa
position_taxonomy,erik durm,Erik Durm,Huddersfield | Eint Frankfurt,2,Eint Frankfurt,2021,Jugador con cambio de club en histórico: requiere validación externa
position_taxonomy,gabriel osho,Gabriel Osho,Luton Town | Auxerre,2,Auxerre,2425,Jugador con cambio de club en histórico: requiere validación externa
position_taxonomy,gael kakuta,Gaël Kakuta,Amiens | Lens,2,Lens,2122,Jugador con cambio de club en histórico: requiere validación externa
position_taxonomy,gaetano oristanio,Gaetano Oristanio,Cagliari | Venezia,2,Venezia,2425,Jugador con cambio de club en histórico: requiere validación externa
position_taxonomy,gareth bale,Gareth Bale,Tottenham | Real Madrid,2,Real Madrid,1920,Jugador con cambio de club en histórico: requiere validación externa
position_taxonomy,giulio maggiore,Giulio Maggiore,Spezia | Salernitana,2,Salernitana,2324,Jugador con cambio de club en histórico: requiere validación externa
position_taxonomy,gleison bremer,Gleison Bremer,Torino | Juventus,2,Juventus,2324,Jugador con cambio de club en histórico: requiere validación externa
position_taxonomy,gonzalo castro,Gonzalo Castro,Dortmund | Stuttgart,2,Stuttgart,2021,Jugador con cambio de club en histórico: requiere validación externa
position_taxonomy,gerard moreno,Gerard Moreno,Espanyol | Villarreal,2,Villarreal,2324,Jugador con cambio de club en histórico: requiere validación externa
position_taxonomy,german pezzella,Germán Pezzella,Betis | Fiorentina,2,Fiorentina,2021,Jugador con cambio de club en histórico: requiere validación externa
position_taxonomy,giacomo bonaventura,Giacomo Bonaventura,Milan | Fiorentina,2,Fiorentina,2324,Jugador con cambio de club en histórico: requiere validación externa
position_taxonomy,giacomo raspadori,Giacomo Raspadori,Sassuolo | Napoli,2,Napoli,2425,Jugador con cambio de club en histórico: requiere validación externa
position_taxonomy,gian marco ferrari,Gian Marco Ferrari,Sampdoria | Sassuolo,2,Sassuolo,2324,Jugador con cambio de club en histórico: requiere validación externa
position_taxonomy,giangiacomo magnani,Giangiacomo Magnani,Sassuolo | Hellas Verona,2,Hellas Verona,2425,Jugador con cambio de club en histórico: requiere validación externa
position_taxonomy,gianluca mancini,Gianluca Mancini,Atalanta | Roma,2,Roma,2425,Jugador con cambio de club en histórico: requiere validación externa
position_taxonomy,gianluigi buffon,Gianluigi Buffon,Paris S-G | Juventus,2,Juventus,1718,Jugador con cambio de club en histórico: requiere validación externa
position_taxonomy,gianluigi donnarumma,Gianluigi Donnarumma,Paris S-G | Milan,2,Milan,2021,Jugador con cambio de club en histórico: requiere validación externa
position_taxonomy,gabriel jesus,Gabriel Jesus,Manchester City | Arsenal,2,Arsenal,2324,Jugador con cambio de club en histórico: requiere validación externa
position_taxonomy,gabriel magalhaes,Gabriel Magalhães,Arsenal | Lille,2,Lille,1920,Jugador con cambio de club en histórico: requiere validación externa
position_taxonomy,fabiano parisi,Fabiano Parisi,Empoli | Fiorentina,2,Fiorentina,2425,Jugador con cambio de club en histórico: requiere validación externa
position_taxonomy,fabien centonze,Fabien Centonze,Metz | Nantes,2,Nantes,2223,Jugador con cambio de club en histórico: requiere validación externa
position_taxonomy,erik lamela,Érik Lamela,Tottenham | Sevilla,2,Sevilla,2223,Jugador con cambio de club en histórico: requiere validación externa
position_taxonomy,erik thommy,Erik Thommy,Stuttgart | Düsseldorf,2,Düsseldorf,1920,Jugador con cambio de club en histórico: requiere validación externa
position_taxonomy,erling haaland,Erling Haaland,Manchester City | Dortmund,2,Dortmund,2122,Jugador con cambio de club en histórico: requiere validación externa
position_taxonomy,etienne capoue,Étienne Capoue,Watford | Villarreal,2,Villarreal,2324,Jugador con cambio de club en histórico: requiere validación externa
position_taxonomy,evann guessand,Evann Guessand,Nantes | Nice,2,Nice,2425,Jugador con cambio de club en histórico: requiere validación externa
position_taxonomy,ezequiel avila,Ezequiel Ávila,Huesca | Osasuna,2,Osasuna,2223,Jugador con cambio de club en histórico: requiere validación externa
position_taxonomy,ezequiel ponce,Ezequiel Ponce,Elche | Lille,2,Lille,1718,Jugador con cambio de club en histórico: requiere validación externa
position_taxonomy,fabian bredlow,Fabian Bredlow,Nürnberg | Stuttgart,2,Stuttgart,2223,Jugador con cambio de club en histórico: requiere validación externa
position_taxonomy,fabian delph,Fabian Delph,Manchester City | Everton,2,Everton,1920,Jugador con cambio de club en histórico: requiere validación externa
position_taxonomy,fabian orellana,Fabián Orellana,Eibar | Valladolid,2,Valladolid,2021,Jugador con cambio de club en histórico: requiere validación externa
position_taxonomy,emiliano viviano,Emiliano Viviano,Sampdoria | SPAL,2,SPAL,1819,Jugador con cambio de club en histórico: requiere validación externa
position_taxonomy,emmanuel agbadou,Emmanuel Agbadou,Wolves | Reims,2,Reims,2425,Jugador con cambio de club en histórico: requiere validación externa
position_taxonomy,gil bastiao dias,Gil Bastião Dias,Monaco | Fiorentina,2,Fiorentina,1718,Jugador con cambio de club en histórico: requiere validación externa
position_taxonomy,giorgos kyriakopoulos,Giorgos Kyriakopoulos,Sassuolo | Monza,2,Monza,2425,Jugador con cambio de club en histórico: requiere validación externa
position_taxonomy,giovanni di lorenzo,Giovanni Di Lorenzo,Empoli | Napoli,2,Napoli,2425,Jugador con cambio de club en histórico: requiere validación externa
position_taxonomy,giulio donati,Giulio Donati,Mainz 05 | Lecce,2,Lecce,1920,Jugador con cambio de club en histórico: requiere validación externa
position_taxonomy,ibrahim sangare,Ibrahim Sangaré,Nott'ham Forest | Toulouse,2,Toulouse,1920,Jugador con cambio de club en histórico: requiere validación externa
position_taxonomy,gonzalo villar,Gonzalo Villar,Granada | Roma,2,Roma,2021,Jugador con cambio de club en histórico: requiere validación externa
position_taxonomy,granit xhaka,Granit Xhaka,Arsenal | Leverkusen,2,Leverkusen,2425,Jugador con cambio de club en histórico: requiere validación externa
position_taxonomy,gregoire defrel,Grégoire Defrel,Sampdoria | Sassuolo,2,Sassuolo,2223,Jugador con cambio de club en histórico: requiere validación externa
position_taxonomy,grischa promel,Grischa Prömel,Union Berlin | Hoffenheim,2,Hoffenheim,2324,Jugador con cambio de club en histórico: requiere validación externa
position_taxonomy,guela doue,Guela Doué,Rennes | Strasbourg,2,Strasbourg,2425,Jugador con cambio de club en histórico: requiere validación externa
position_taxonomy,guglielmo vicario,Guglielmo Vicario,Tottenham | Empoli,2,Empoli,2223,Jugador con cambio de club en histórico: requiere validación externa
position_taxonomy,guido carrillo,Guido Carrillo,Leganés | Elche,2,Elche,2122,Jugador con cambio de club en histórico: requiere validación externa
position_taxonomy,guido rodriguez,Guido Rodríguez,West Ham | Betis,2,Betis,2324,Jugador con cambio de club en histórico: requiere validación externa
position_taxonomy,guilherme,Guilherme,La Coruña | Benevento,2,Benevento,1718,Jugador con cambio de club en histórico: requiere validación externa
position_taxonomy,habib diallo,Habib Diallo,Metz | Strasbourg,2,Strasbourg,2223,Jugador con cambio de club en histórico: requiere validación externa
position_taxonomy,hakan calhanoglu,Hakan Çalhanoğlu,Milan | Inter,2,Inter,2425,Jugador con cambio de club en histórico: requiere validación externa
position_taxonomy,hamari traore,Hamari Traoré,Real Sociedad | Rennes,2,Rennes,2223,Jugador con cambio de club en histórico: requiere validación externa
position_taxonomy,hans hateboer,Hans Hateboer,Rennes | Atalanta,2,Atalanta,2324,Jugador con cambio de club en histórico: requiere validación externa
position_taxonomy,giannelli imbula,Giannelli Imbula,Rayo Vallecano | Toulouse,2,Toulouse,1718,Jugador con cambio de club en histórico: requiere validación externa
position_taxonomy,gideon mensah,Gideon Mensah,Bordeaux | Auxerre,2,Auxerre,2425,Jugador con cambio de club en histórico: requiere validación externa
position_taxonomy,ihlas bebou,Ihlas Bebou,Hannover 96 | Hoffenheim,2,Hoffenheim,2324,Jugador con cambio de club en histórico: requiere validación externa
position_taxonomy,ilaix moriba,Ilaix Moriba,Valencia | Celta Vigo,2,Celta Vigo,2425,Jugador con cambio de club en histórico: requiere validación externa
position_taxonomy,iliman ndiaye,Iliman Ndiaye,Everton | Marseille,2,Marseille,2324,Jugador con cambio de club en histórico: requiere validación externa
position_taxonomy,ilkay gundogan,İlkay Gündoğan,Manchester City | Barcelona,2,Barcelona,2324,Jugador con cambio de club en histórico: requiere validación externa
position_taxonomy,imran louza,Imran Louza,Watford | Nantes,2,Nantes,2021,Jugador con cambio de club en histórico: requiere validación externa
position_taxonomy,inigo ruiz de galarreta,Iñigo Ruiz de Galarreta,Mallorca | Athletic Club,2,Athletic Club,2425,Jugador con cambio de club en histórico: requiere validación externa
position_taxonomy,haris belkebla,Haris Belkebla,Brest | Angers,2,Angers,2425,Jugador con cambio de club en histórico: requiere validación externa
position_taxonomy,harry arter,Harry Arter,Bournemouth | Cardiff City,2,Cardiff City,1819,Jugador con cambio de club en histórico: requiere validación externa
position_taxonomy,harry kane,Harry Kane,Tottenham | Bayern Munich,2,Bayern Munich,2425,Jugador con cambio de club en histórico: requiere validación externa
position_taxonomy,harry maguire,Harry Maguire,Leicester City | Manchester Utd,2,Manchester Utd,2425,Jugador con cambio de club en histórico: requiere validación externa
position_taxonomy,harry wilson,Harry Wilson,Bournemouth | Fulham,2,Fulham,2425,Jugador con cambio de club en histórico: requiere validación externa
position_taxonomy,harvey barnes,Harvey Barnes,Leicester City | Newcastle Utd,2,Newcastle Utd,2425,Jugador con cambio de club en histórico: requiere validación externa
position_taxonomy,hatem ben arfa,Hatem Ben Arfa,Rennes | Bordeaux,2,Bordeaux,2021,Jugador con cambio de club en histórico: requiere validación externa
position_taxonomy,hector bellerin,Hector Bellerin,Arsenal | Betis,2,Betis,2324,Jugador con cambio de club en histórico: requiere validación externa
position_taxonomy,ian maatsen,Ian Maatsen,Aston Villa | Dortmund,2,Dortmund,2324,Jugador con cambio de club en histórico: requiere validación externa
position_taxonomy,ibrahim amadou,Ibrahim Amadou,Lille | Angers,2,Angers,2021,Jugador con cambio de club en histórico: requiere validación externa
position_taxonomy,enock kwateng,Enock Kwateng,Nantes | Bordeaux,2,Bordeaux,2122,Jugador con cambio de club en histórico: requiere validación externa
position_taxonomy,enzo barrenechea,Enzo Barrenechea,Valencia | Frosinone,2,Frosinone,2324,Jugador con cambio de club en histórico: requiere validación externa
position_taxonomy,enzo crivelli,Enzo Crivelli,Angers | Caen,2,Caen,1819,Jugador con cambio de club en histórico: requiere validación externa
position_taxonomy,enzo ebosse,Enzo Ebosse,Angers | Udinese,2,Udinese,2223,Jugador con cambio de club en histórico: requiere validación externa
position_taxonomy,enzo le fee,Enzo Le Fée,Lorient | Rennes,2,Rennes,2324,Jugador con cambio de club en histórico: requiere validación externa
position_taxonomy,eren dinkci,Eren Dinkçi,Heidenheim | Freiburg,2,Freiburg,2425,Jugador con cambio de club en histórico: requiere validación externa
position_taxonomy,eric dier,Eric Dier,Tottenham | Bayern Munich,2,Bayern Munich,2425,Jugador con cambio de club en histórico: requiere validación externa
position_taxonomy,eric garcia,Eric García,Barcelona | Girona,2,Barcelona,2425,Jugador con cambio de club en histórico: requiere validación externa
position_taxonomy,eric maxim choupo moting,Eric Maxim Choupo-Moting,Stoke City | Bayern Munich,2,Bayern Munich,2223,Jugador con cambio de club en histórico: requiere validación externa
position_taxonomy,erick cabaco,Erick Cabaco,Levante | Getafe,2,Getafe,2021,Jugador con cambio de club en histórico: requiere validación externa
position_taxonomy,el bilal toure,El Bilal Touré,Almería | Reims,2,Reims,2122,Jugador con cambio de club en histórico: requiere validación externa
position_taxonomy,ibrahima niane,Ibrahima Niane,Metz | Angers,2,Angers,2425,Jugador con cambio de club en histórico: requiere validación externa
position_taxonomy,ibrahima sissoko,Ibrahima Sissoko,Strasbourg | Bochum,2,Bochum,2425,Jugador con cambio de club en histórico: requiere validación externa
position_taxonomy,iddrisu baba,Iddrisu Baba,Mallorca | Almería,2,Almería,2324,Jugador con cambio de club en histórico: requiere validación externa
position_taxonomy,idrissa gana gueye,Idrissa Gana Gueye,Everton | Paris S-G,2,Paris S-G,2122,Jugador con cambio de club en histórico: requiere validación externa
position_taxonomy,ignasi miquel,Ignasi Miquel,Málaga | Granada,2,Granada,2324,Jugador con cambio de club en histórico: requiere validación externa
position_taxonomy,jake o brien,Jake O'Brien,Everton | Lyon,2,Lyon,2324,Jugador con cambio de club en histórico: requiere validación externa
position_taxonomy,jakub jankto,Jakub Jankto,Udinese | Sampdoria,2,Sampdoria,2021,Jugador con cambio de club en histórico: requiere validación externa
position_taxonomy,jakub kiwior,Jakub Kiwior,Arsenal | Spezia,2,Spezia,2223,Jugador con cambio de club en histórico: requiere validación externa
position_taxonomy,irvin cardona,Irvin Cardona,Brest | Saint-Étienne,2,Saint-Étienne,2425,Jugador con cambio de club en histórico: requiere validación externa
position_taxonomy,isaac mbenza,Isaac Mbenza,Huddersfield | Montpellier,2,Montpellier,1718,Jugador con cambio de club en histórico: requiere validación externa
position_taxonomy,isaac success,Isaac Success,Watford | Udinese,2,Udinese,2223,Jugador con cambio de club en histórico: requiere validación externa
position_taxonomy,isak hien,Isak Hien,Hellas Verona | Atalanta,2,Atalanta,2425,Jugador con cambio de club en histórico: requiere validación externa
position_taxonomy,isco,Isco,Real Madrid | Betis,2,Betis,2425,Jugador con cambio de club en histórico: requiere validación externa
position_taxonomy,islam slimani,Islam Slimani,Monaco | Brest,2,Brest,2223,Jugador con cambio de club en histórico: requiere validación externa
position_taxonomy,ismael bennacer,Ismaël Bennacer,Empoli | Milan,2,Milan,2324,Jugador con cambio de club en histórico: requiere validación externa
position_taxonomy,ismael traore,Ismaël Traoré,Angers | Metz,2,Metz,2324,Jugador con cambio de club en histórico: requiere validación externa
position_taxonomy,ismail jakobs,Ismail Jakobs,Monaco | Köln,2,Köln,2021,Jugador con cambio de club en histórico: requiere validación externa
position_taxonomy,ivan alejo,Iván Alejo,Eibar | Cádiz,2,Cádiz,2324,Jugador con cambio de club en histórico: requiere validación externa
position_taxonomy,ibrahima diallo,Ibrahima Diallo,Southampton | Brest,2,Brest,1920,Jugador con cambio de club en histórico: requiere validación externa
position_taxonomy,ibrahima konate,Ibrahima Konaté,Liverpool | RB Leipzig,2,RB Leipzig,1819,Jugador con cambio de club en histórico: requiere validación externa
position_taxonomy,emmanuel gyasi,Emmanuel Gyasi,Spezia | Empoli,2,Empoli,2425,Jugador con cambio de club en histórico: requiere validación externa
position_taxonomy,ivan ilic,Ivan Ilić,Hellas Verona | Torino,2,Torino,2425,Jugador con cambio de club en histórico: requiere validación externa
position_taxonomy,elia caprile,Elia Caprile,Empoli | Cagliari,2,Cagliari,2425,Jugador con cambio de club en histórico: requiere validación externa
position_taxonomy,elif elmas,Elif Elmas,Napoli | Torino,2,Torino,2425,Jugador con cambio de club en histórico: requiere validación externa
position_taxonomy,elliot anderson,Elliot Anderson,Newcastle Utd | Nott'ham Forest,2,Nott'ham Forest,2425,Jugador con cambio de club en histórico: requiere validación externa
position_taxonomy,elseid hysaj,Elseid Hysaj,Napoli | Lazio,2,Lazio,2324,Jugador con cambio de club en histórico: requiere validación externa
position_taxonomy,elye wahi,Elye Wahi,Montpellier | Lens,2,Lens,2324,Jugador con cambio de club en histórico: requiere validación externa
position_taxonomy,emi buendia,Emi Buendía,Norwich City | Aston Villa,2,Aston Villa,2223,Jugador con cambio de club en histórico: requiere validación externa
position_taxonomy,emile smith rowe,Emile Smith Rowe,Arsenal | Fulham,2,Fulham,2425,Jugador con cambio de club en histórico: requiere validación externa
position_taxonomy,dwight mcneil,Dwight McNeil,Burnley | Everton,2,Everton,2425,Jugador con cambio de club en histórico: requiere validación externa
position_taxonomy,ivan rakitic,Ivan Rakitić,Barcelona | Sevilla,2,Sevilla,2324,Jugador con cambio de club en histórico: requiere validación externa
position_taxonomy,ivo grbic,Ivo Grbić,Atlético Madrid | Lille,2,Lille,2122,Jugador con cambio de club en histórico: requiere validación externa
position_taxonomy,jack grealish,Jack Grealish,Aston Villa | Manchester City,2,Manchester City,2324,Jugador con cambio de club en histórico: requiere validación externa
position_taxonomy,jack harrison,Jack Harrison,Leeds United | Everton,2,Everton,2425,Jugador con cambio de club en histórico: requiere validación externa
position_taxonomy,jack stephens,Jack Stephens,Southampton | Bournemouth,2,Southampton,2425,Jugador con cambio de club en histórico: requiere validación externa
position_taxonomy,jacob bruun larsen,Jacob Bruun Larsen,Burnley | Dortmund,2,Dortmund,1819,Jugador con cambio de club en histórico: requiere validación externa
position_taxonomy,jacopo petriccione,Jacopo Petriccione,Lecce | Crotone,2,Crotone,2021,Jugador con cambio de club en histórico: requiere validación externa
position_taxonomy,jean ricner bellegarde,Jean-Ricner Bellegarde,Wolves | Strasbourg,2,Strasbourg,2223,Jugador con cambio de club en histórico: requiere validación externa
position_taxonomy,jean seri,Jean Seri,Fulham | Nice,2,Nice,1718,Jugador con cambio de club en histórico: requiere validación externa
position_taxonomy,jeff hendrick,Jeff Hendrick,Burnley | Newcastle Utd,2,Newcastle Utd,2021,Jugador con cambio de club en histórico: requiere validación externa
position_taxonomy,jeff reine adelaide,Jeff Reine-Adélaïde,Angers | Nice,2,Nice,2021,Jugador con cambio de club en histórico: requiere validación externa
position_taxonomy,jamal lewis,Jamal Lewis,Norwich City | Newcastle Utd,2,Newcastle Utd,2021,Jugador con cambio de club en histórico: requiere validación externa
position_taxonomy,james maddison,James Maddison,Leicester City | Tottenham,2,Tottenham,2425,Jugador con cambio de club en histórico: requiere validación externa
position_taxonomy,james rodriguez,James Rodríguez,Everton | Bayern Munich,2,Bayern Munich,1819,Jugador con cambio de club en histórico: requiere validación externa
position_taxonomy,james tarkowski,James Tarkowski,Burnley | Everton,2,Everton,2425,Jugador con cambio de club en histórico: requiere validación externa
position_taxonomy,james ward prowse,James Ward-Prowse,Southampton | West Ham,2,West Ham,2425,Jugador con cambio de club en histórico: requiere validación externa
position_taxonomy,jamie leweling,Jamie Leweling,Greuther Fürth | Stuttgart,2,Stuttgart,2425,Jugador con cambio de club en histórico: requiere validación externa
position_taxonomy,janik haberer,Janik Haberer,Freiburg | Union Berlin,2,Union Berlin,2425,Jugador con cambio de club en histórico: requiere validación externa
position_taxonomy,jasmin kurtic,Jasmin Kurtić,SPAL | Parma,2,Parma,2021,Jugador con cambio de club en histórico: requiere validación externa
position_taxonomy,jason,Jason,Levante | Getafe,2,Getafe,1920,Jugador con cambio de club en histórico: requiere validación externa
position_taxonomy,jasper cillessen,Jasper Cillessen,Valencia | Las Palmas,2,Las Palmas,2425,Jugador con cambio de club en histórico: requiere validación externa
position_taxonomy,javairo dilrosun,Javairô Dilrosun,Bordeaux | Hertha BSC,2,Hertha BSC,1920,Jugador con cambio de club en histórico: requiere validación externa
position_taxonomy,ivan balliu,Iván Balliu,Rayo Vallecano | Metz,2,Metz,1718,Jugador con cambio de club en histórico: requiere validación externa
position_taxonomy,dylan bronn,Dylan Bronn,Metz | Salernitana,2,Salernitana,2223,Jugador con cambio de club en histórico: requiere validación externa
position_taxonomy,eddie nketiah,Eddie Nketiah,Arsenal | Crystal Palace,2,Crystal Palace,2425,Jugador con cambio de club en histórico: requiere validación externa
position_taxonomy,eden hazard,Eden Hazard,Chelsea | Real Madrid,2,Real Madrid,1920,Jugador con cambio de club en histórico: requiere validación externa
position_taxonomy,edgar gonzalez,Édgar González,Betis | Almería,2,Almería,2324,Jugador con cambio de club en histórico: requiere validación externa
position_taxonomy,edin dzeko,Edin Džeko,Roma | Inter,2,Inter,2223,Jugador con cambio de club en histórico: requiere validación externa
position_taxonomy,edu exposito,Edu Expósito,Eibar | Espanyol,2,Espanyol,2425,Jugador con cambio de club en histórico: requiere validación externa
position_taxonomy,eduard lowen,Eduard Löwen,Nürnberg | Bochum,2,Bochum,2122,Jugador con cambio de club en histórico: requiere validación externa
position_taxonomy,eduardo camavinga,Eduardo Camavinga,Real Madrid | Rennes,2,Rennes,2021,Jugador con cambio de club en histórico: requiere validación externa
position_taxonomy,eiji kawashima,Eiji Kawashima,Metz | Strasbourg,2,Strasbourg,2021,Jugador con cambio de club en histórico: requiere validación externa
position_taxonomy,diogo jota,Diogo Jota,Wolves | Liverpool,2,Liverpool,2425,Jugador con cambio de club en histórico: requiere validación externa
position_taxonomy,dion lopy,Dion Lopy,Almería | Reims,2,Reims,2223,Jugador con cambio de club en histórico: requiere validación externa
position_taxonomy,jean clair todibo,Jean-Clair Todibo,West Ham | Nice,2,Nice,2324,Jugador con cambio de club en histórico: requiere validación externa
position_taxonomy,jean kevin duverne,Jean-Kevin Duverne,Brest | Nantes,2,Nantes,2324,Jugador con cambio de club en histórico: requiere validación externa
position_taxonomy,jean lucas,Jean Lucas,Brest | Monaco,2,Monaco,2122,Jugador con cambio de club en histórico: requiere validación externa
position_taxonomy,jean paul boetius,Jean-Paul Boëtius,Mainz 05 | Hertha BSC,2,Hertha BSC,2223,Jugador con cambio de club en histórico: requiere validación externa
position_taxonomy,jean philippe mateta,Jean-Philippe Mateta,Crystal Palace | Mainz 05,2,Mainz 05,2021,Jugador con cambio de club en histórico: requiere validación externa
position_taxonomy,johan vasquez,Johan Vásquez,Genoa | Cremonese,2,Genoa,2425,Jugador con cambio de club en histórico: requiere validación externa
position_taxonomy,johann lepenant,Johann Lepenant,Lyon | Nantes,2,Nantes,2425,Jugador con cambio de club en histórico: requiere validación externa
position_taxonomy,johannes eggestein,Johannes Eggestein,Werder Bremen | St. Pauli,2,St. Pauli,2425,Jugador con cambio de club en histórico: requiere validación externa
position_taxonomy,john brooks,John Brooks,Wolfsburg | Hoffenheim,2,Hoffenheim,2324,Jugador con cambio de club en histórico: requiere validación externa
position_taxonomy,jemerson,Jemerson,Monaco | Metz,2,Metz,2122,Jugador con cambio de club en histórico: requiere validación externa
position_taxonomy,jeong woo yeong,Jeong Woo-yeong,Freiburg | Union Berlin,2,Union Berlin,2425,Jugador con cambio de club en histórico: requiere validación externa
position_taxonomy,jeremie boga,Jeremie Boga,Nice | Sassuolo,2,Sassuolo,2021,Jugador con cambio de club en histórico: requiere validación externa
position_taxonomy,jeremy doku,Jeremy Doku,Manchester City | Rennes,2,Rennes,2223,Jugador con cambio de club en histórico: requiere validación externa
position_taxonomy,jeremy toljan,Jeremy Toljan,Dortmund | Sassuolo,2,Sassuolo,2324,Jugador con cambio de club en histórico: requiere validación externa
position_taxonomy,jerome boateng,Jérôme Boateng,Lyon | Bayern Munich,2,Bayern Munich,2021,Jugador con cambio de club en histórico: requiere validación externa
position_taxonomy,jesper lindstrm,Jesper Lindstrøm,Everton | Eint Frankfurt,2,Eint Frankfurt,2223,Jugador con cambio de club en histórico: requiere validación externa
position_taxonomy,jhon cordoba,Jhon Córdoba,Köln | Hertha BSC,2,Hertha BSC,2021,Jugador con cambio de club en histórico: requiere validación externa
position_taxonomy,jim allevinah,Jim Allevinah,Clermont Foot | Angers,2,Angers,2425,Jugador con cambio de club en histórico: requiere validación externa
position_taxonomy,jimmy briand,Jimmy Briand,Guingamp | Bordeaux,2,Bordeaux,1920,Jugador con cambio de club en histórico: requiere validación externa
position_taxonomy,jay rodriguez,Jay Rodriguez,West Brom | Burnley,2,Burnley,2122,Jugador con cambio de club en histórico: requiere validación externa
position_taxonomy,jean charles castelletto,Jean-Charles Castelletto,Brest | Nantes,2,Nantes,2425,Jugador con cambio de club en histórico: requiere validación externa
position_taxonomy,joakim mhle,Joakim Mæhle,Wolfsburg | Atalanta,2,Atalanta,2223,Jugador con cambio de club en histórico: requiere validación externa
position_taxonomy,divock origi,Divock Origi,Wolfsburg | Milan,2,Milan,2223,Jugador con cambio de club en histórico: requiere validación externa
position_taxonomy,djibril sow,Djibril Sow,Sevilla | Eint Frankfurt,2,Eint Frankfurt,2223,Jugador con cambio de club en histórico: requiere validación externa
position_taxonomy,domingos duarte,Domingos Duarte,Granada | Getafe,2,Getafe,2425,Jugador con cambio de club en histórico: requiere validación externa
position_taxonomy,dominic solanke,Dominic Solanke,Bournemouth | Tottenham,2,Tottenham,2425,Jugador con cambio de club en histórico: requiere validación externa
position_taxonomy,dominick drexler,Dominick Drexler,Köln | Schalke 04,2,Schalke 04,2223,Jugador con cambio de club en histórico: requiere validación externa
position_taxonomy,dominik szoboszlai,Dominik Szoboszlai,Liverpool | RB Leipzig,2,RB Leipzig,2223,Jugador con cambio de club en histórico: requiere validación externa
position_taxonomy,dominique heintz,Dominique Heintz,Köln | Freiburg,2,Freiburg,2021,Jugador con cambio de club en histórico: requiere validación externa
position_taxonomy,douglas luiz,Douglas Luiz,Aston Villa | Girona,2,Girona,1819,Jugador con cambio de club en histórico: requiere validación externa
position_taxonomy,dusan vlahovic,Dušan Vlahović,Fiorentina | Juventus,2,Juventus,2425,Jugador con cambio de club en histórico: requiere validación externa
position_taxonomy,desire doue,Désiré Doué,Rennes | Paris S-G,2,Paris S-G,2425,Jugador con cambio de club en histórico: requiere validación externa
position_taxonomy,joao mario,João Mário,West Ham | Inter,2,Inter,1819,Jugador con cambio de club en histórico: requiere validación externa
position_taxonomy,joao moutinho,João Moutinho,Wolves | Monaco,2,Monaco,1718,Jugador con cambio de club en histórico: requiere validación externa
position_taxonomy,joe hart,Joe Hart,West Ham | Burnley,2,Burnley,1819,Jugador con cambio de club en histórico: requiere validación externa
position_taxonomy,joel obi,Joel Obi,Torino | Salernitana,2,Salernitana,2122,Jugador con cambio de club en histórico: requiere validación externa
position_taxonomy,joelinton,Joelinton,Newcastle Utd | Hoffenheim,2,Hoffenheim,1819,Jugador con cambio de club en histórico: requiere validación externa
position_taxonomy,diego costa,Diego Costa,Wolves | Atlético Madrid,2,Atlético Madrid,1920,Jugador con cambio de club en histórico: requiere validación externa
position_taxonomy,diego demme,Diego Demme,RB Leipzig | Napoli,2,Napoli,2021,Jugador con cambio de club en histórico: requiere validación externa
position_taxonomy,diego gonzalez,Diego González,Málaga | Elche,2,Elche,2223,Jugador con cambio de club en histórico: requiere validación externa
position_taxonomy,diego lopez,Diego López,Espanyol | Valencia,2,Valencia,2425,Jugador con cambio de club en histórico: requiere validación externa
position_taxonomy,dimitris giannoulis,Dimitris Giannoulis,Norwich City | Augsburg,2,Augsburg,2425,Jugador con cambio de club en histórico: requiere validación externa
position_taxonomy,dimitris siovas,Dimitris Siovas,Leganés | Huesca,2,Huesca,2021,Jugador con cambio de club en histórico: requiere validación externa
position_taxonomy,diogo dalot,Diogo Dalot,Manchester Utd | Milan,2,Milan,2021,Jugador con cambio de club en histórico: requiere validación externa
position_taxonomy,david timor,David Timor,Girona | Getafe,2,Getafe,2021,Jugador con cambio de club en histórico: requiere validación externa
position_taxonomy,davide faraoni,Davide Faraoni,Crotone | Hellas Verona,2,Hellas Verona,2223,Jugador con cambio de club en histórico: requiere validación externa
position_taxonomy,jonas omlin,Jonas Omlin,Montpellier | Gladbach,2,Gladbach,2425,Jugador con cambio de club en histórico: requiere validación externa
position_taxonomy,jonathan gradit,Jonathan Gradit,Caen | Lens,2,Lens,2425,Jugador con cambio de club en histórico: requiere validación externa
position_taxonomy,jonathan schmid,Jonathan Schmid,Augsburg | Freiburg,2,Freiburg,2021,Jugador con cambio de club en histórico: requiere validación externa
position_taxonomy,jonathan viera,Jonathan Viera,Las Palmas | Almería,2,Almería,2324,Jugador con cambio de club en histórico: requiere validación externa
position_taxonomy,jonny castro,Jonny Castro,Wolves | Celta Vigo,2,Celta Vigo,1718,Jugador con cambio de club en histórico: requiere validación externa
position_taxonomy,jony,Jony,Alavés | Lazio,2,Lazio,1920,Jugador con cambio de club en histórico: requiere validación externa
position_taxonomy,jordan beyer,Jordan Beyer,Burnley | Gladbach,2,Gladbach,2122,Jugador con cambio de club en histórico: requiere validación externa
position_taxonomy,jordan ferri,Jordan Ferri,Nîmes | Montpellier,2,Montpellier,2425,Jugador con cambio de club en histórico: requiere validación externa
position_taxonomy,jordan lefort,Jordan Lefort,Amiens | Angers,2,Angers,2425,Jugador con cambio de club en histórico: requiere validación externa
position_taxonomy,jordan pefok,Jordan Pefok,Union Berlin | Gladbach,2,Union Berlin,2425,Jugador con cambio de club en histórico: requiere validación externa
position_taxonomy,jordan zemura,Jordan Zemura,Bournemouth | Udinese,2,Udinese,2425,Jugador con cambio de club en histórico: requiere validación externa
position_taxonomy,jordi amat,Jordi Amat,Betis | Rayo Vallecano,2,Rayo Vallecano,1819,Jugador con cambio de club en histórico: requiere validación externa
position_taxonomy,jorge cuenca,Jorge Cuenca,Getafe | Villarreal,2,Villarreal,2324,Jugador con cambio de club en histórico: requiere validación externa
position_taxonomy,jorge de frutos,Jorge de Frutos,Levante | Rayo Vallecano,2,Rayo Vallecano,2425,Jugador con cambio de club en histórico: requiere validación externa
position_taxonomy,jorge miramon,Jorge Miramón,Huesca | Levante,2,Levante,2122,Jugador con cambio de club en histórico: requiere validación externa
position_taxonomy,jorge molina,Jorge Molina,Getafe | Granada,2,Granada,2122,Jugador con cambio de club en histórico: requiere validación externa
position_taxonomy,jose angel,José Ángel,Eibar | Osasuna,2,Osasuna,2122,Jugador con cambio de club en histórico: requiere validación externa
position_taxonomy,jose callejon,José Callejón,Napoli | Fiorentina,2,Fiorentina,2122,Jugador con cambio de club en histórico: requiere validación externa
position_taxonomy,jose campana,José Campaña,Levante | Las Palmas,2,Las Palmas,2425,Jugador con cambio de club en histórico: requiere validación externa
position_taxonomy,jose luis garcia vaya,José Luis García Vayá,Levante | Valencia,2,Valencia,2425,Jugador con cambio de club en histórico: requiere validación externa
position_taxonomy,jose luis morales,José Luis Morales,Levante | Villarreal,2,Villarreal,2324,Jugador con cambio de club en histórico: requiere validación externa
position_taxonomy,jonas hofmann,Jonas Hofmann,Gladbach | Leverkusen,2,Leverkusen,2324,Jugador con cambio de club en histórico: requiere validación externa
position_taxonomy,destiny udogie,Destiny Udogie,Tottenham | Udinese,2,Udinese,2223,Jugador con cambio de club en histórico: requiere validación externa
position_taxonomy,junior sambia,Junior Sambia,Montpellier | Salernitana,2,Salernitana,2324,Jugador con cambio de club en histórico: requiere validación externa
position_taxonomy,juraj kucka,Juraj Kucka,Watford | Parma,2,Parma,2021,Jugador con cambio de club en histórico: requiere validación externa
position_taxonomy,kaan ayhan,Kaan Ayhan,Düsseldorf | Sassuolo,2,Sassuolo,2122,Jugador con cambio de club en histórico: requiere validación externa
position_taxonomy,jose luis palomino,José Luis Palomino,Atalanta | Cagliari,2,Cagliari,2425,Jugador con cambio de club en histórico: requiere validación externa
position_taxonomy,joseba zaldua,Joseba Zaldúa,Leganés | Real Sociedad,2,Real Sociedad,2122,Jugador con cambio de club en histórico: requiere validación externa
position_taxonomy,josh doig,Josh Doig,Hellas Verona | Sassuolo,2,Sassuolo,2324,Jugador con cambio de club en histórico: requiere validación externa
position_taxonomy,josh sargent,Josh Sargent,Norwich City | Werder Bremen,2,Werder Bremen,2021,Jugador con cambio de club en histórico: requiere validación externa
position_taxonomy,joshua zirkzee,Joshua Zirkzee,Manchester Utd | Bologna,2,Bologna,2324,Jugador con cambio de club en histórico: requiere validación externa
position_taxonomy,josip brekalo,Josip Brekalo,Wolfsburg | Torino,2,Torino,2122,Jugador con cambio de club en histórico: requiere validación externa
position_taxonomy,josko gvardiol,Joško Gvardiol,Manchester City | RB Leipzig,2,RB Leipzig,2223,Jugador con cambio de club en histórico: requiere validación externa
position_taxonomy,josuha guilavogui,Josuha Guilavogui,Bordeaux | Wolfsburg,2,Wolfsburg,2223,Jugador con cambio de club en histórico: requiere validación externa
position_taxonomy,jrgen strand larsen,Jørgen Strand Larsen,Wolves | Celta Vigo,2,Celta Vigo,2324,Jugador con cambio de club en histórico: requiere validación externa
position_taxonomy,juan jesus,Juan Jesus,Roma | Napoli,2,Napoli,2425,Jugador con cambio de club en histórico: requiere validación externa
position_taxonomy,juan miranda,Juan Miranda,Betis | Bologna,2,Bologna,2425,Jugador con cambio de club en histórico: requiere validación externa
position_taxonomy,juan musso,Juan Musso,Udinese | Atalanta,2,Atalanta,2324,Jugador con cambio de club en histórico: requiere validación externa
position_taxonomy,juanmi,Juanmi,Real Sociedad | Betis,2,Betis,2223,Jugador con cambio de club en histórico: requiere validación externa
position_taxonomy,kamory doumbia,Kamory Doumbia,Reims | Brest,2,Brest,2425,Jugador con cambio de club en histórico: requiere validación externa
position_taxonomy,karim rekik,Karim Rekik,Sevilla | Hertha BSC,2,Hertha BSC,1920,Jugador con cambio de club en histórico: requiere validación externa
position_taxonomy,karol linetty,Karol Linetty,Sampdoria | Torino,2,Torino,2425,Jugador con cambio de club en histórico: requiere validación externa
position_taxonomy,kasim nuhu,Kasim Nuhu,Hoffenheim | Düsseldorf,2,Hoffenheim,2021,Jugador con cambio de club en histórico: requiere validación externa
position_taxonomy,kasper schmeichel,Kasper Schmeichel,Leicester City | Nice,2,Nice,2223,Jugador con cambio de club en histórico: requiere validación externa
position_taxonomy,keko,Keko,Málaga | Valladolid,2,Valladolid,1819,Jugador con cambio de club en histórico: requiere validación externa
position_taxonomy,kenan karaman,Kenan Karaman,Düsseldorf | Schalke 04,2,Schalke 04,2223,Jugador con cambio de club en histórico: requiere validación externa
position_taxonomy,kenedy,Kenedy,Newcastle Utd | Granada,2,Granada,2021,Jugador con cambio de club en histórico: requiere validación externa
position_taxonomy,juanmi latasa,Juanmi Latasa,Getafe | Valladolid,2,Valladolid,2425,Jugador con cambio de club en histórico: requiere validación externa
position_taxonomy,jude bellingham,Jude Bellingham,Real Madrid | Dortmund,2,Dortmund,2223,Jugador con cambio de club en histórico: requiere validación externa
position_taxonomy,julian alvarez,Julián Álvarez,Manchester City | Atlético Madrid,2,Atlético Madrid,2425,Jugador con cambio de club en histórico: requiere validación externa
position_taxonomy,julian brandt,Julian Brandt,Leverkusen | Dortmund,2,Dortmund,2425,Jugador con cambio de club en histórico: requiere validación externa
position_taxonomy,julian ryerson,Julian Ryerson,Union Berlin | Dortmund,2,Dortmund,2425,Jugador con cambio de club en histórico: requiere validación externa
position_taxonomy,julian weigl,Julian Weigl,Dortmund | Gladbach,2,Gladbach,2425,Jugador con cambio de club en histórico: requiere validación externa
position_taxonomy,junior dina ebimbe,Junior Dina Ebimbe,Dijon | Eint Frankfurt,2,Eint Frankfurt,2324,Jugador con cambio de club en histórico: requiere validación externa
position_taxonomy,junior mwanga,Junior Mwanga,Strasbourg | Le Havre,2,Le Havre,2425,Jugador con cambio de club en histórico: requiere validación externa
position_taxonomy,davide frattesi,Davide Frattesi,Sassuolo | Inter,2,Inter,2425,Jugador con cambio de club en histórico: requiere validación externa
position_taxonomy,davie selke,Davie Selke,Hertha BSC | Köln,2,Köln,2324,Jugador con cambio de club en histórico: requiere validación externa
position_taxonomy,dayot upamecano,Dayot Upamecano,RB Leipzig | Bayern Munich,2,Bayern Munich,2425,Jugador con cambio de club en histórico: requiere validación externa
position_taxonomy,declan rice,Declan Rice,West Ham | Arsenal,2,Arsenal,2425,Jugador con cambio de club en histórico: requiere validación externa
position_taxonomy,dejan lovren,Dejan Lovren,Liverpool | Lyon,2,Lyon,2223,Jugador con cambio de club en histórico: requiere validación externa
position_taxonomy,demarai gray,Demarai Gray,Leicester City | Everton,2,Everton,2223,Jugador con cambio de club en histórico: requiere validación externa
position_taxonomy,denis bouanga,Denis Bouanga,Nîmes | Saint-Étienne,2,Saint-Étienne,2122,Jugador con cambio de club en histórico: requiere validación externa
position_taxonomy,denis cheryshev,Denis Cheryshev,Villarreal | Valencia,2,Valencia,2021,Jugador con cambio de club en histórico: requiere validación externa
position_taxonomy,denis suarez,Denis Suárez,Celta Vigo | Espanyol,2,Espanyol,2223,Jugador con cambio de club en histórico: requiere validación externa
position_taxonomy,denis zakaria,Denis Zakaria,Monaco | Gladbach,2,Gladbach,2122,Jugador con cambio de club en histórico: requiere validación externa
position_taxonomy,dennis appiah,Dennis Appiah,Nantes | Saint-Étienne,2,Saint-Étienne,2425,Jugador con cambio de club en histórico: requiere validación externa
position_taxonomy,danny da costa,Danny da Costa,Eint Frankfurt | Mainz 05,2,Mainz 05,2425,Jugador con cambio de club en histórico: requiere validación externa
position_taxonomy,danny ings,Danny Ings,Southampton | Aston Villa,2,Aston Villa,2122,Jugador con cambio de club en histórico: requiere validación externa
position_taxonomy,kalvin phillips,Kalvin Phillips,Leeds United | Ipswich Town,2,Ipswich Town,2425,Jugador con cambio de club en histórico: requiere validación externa
position_taxonomy,kamaldeen sulemana,Kamaldeen Sulemana,Southampton | Rennes,2,Rennes,2122,Jugador con cambio de club en histórico: requiere validación externa
position_taxonomy,kamil glik,Kamil Glik,Monaco | Benevento,2,Benevento,2021,Jugador con cambio de club en histórico: requiere validación externa
position_taxonomy,kieran tierney,Kieran Tierney,Arsenal | Real Sociedad,2,Real Sociedad,2324,Jugador con cambio de club en histórico: requiere validación externa
position_taxonomy,kike perez,Kike Pérez,Valladolid | Venezia,2,Venezia,2425,Jugador con cambio de club en histórico: requiere validación externa
position_taxonomy,kiko casilla,Kiko Casilla,Real Madrid | Elche,2,Elche,2122,Jugador con cambio de club en histórico: requiere validación externa
position_taxonomy,kiko femenia,Kiko Femenía,Watford | Villarreal,2,Villarreal,2425,Jugador con cambio de club en histórico: requiere validación externa
position_taxonomy,kim min jae,Kim Min-jae,Bayern Munich | Napoli,2,Napoli,2223,Jugador con cambio de club en histórico: requiere validación externa
position_taxonomy,kingsley ehizibue,Kingsley Ehizibue,Köln | Udinese,2,Udinese,2425,Jugador con cambio de club en histórico: requiere validación externa
position_taxonomy,klaus gjasula,Klaus Gjasula,Paderborn 07 | Darmstadt 98,2,Darmstadt 98,2324,Jugador con cambio de club en histórico: requiere validación externa
position_taxonomy,kenny lala,Kenny Lala,Strasbourg | Brest,2,Brest,2425,Jugador con cambio de club en histórico: requiere validación externa
position_taxonomy,kenny tete,Kenny Tete,Fulham | Lyon,2,Lyon,1920,Jugador con cambio de club en histórico: requiere validación externa
position_taxonomy,kerem demirbay,Kerem Demirbay,Hoffenheim | Leverkusen,2,Leverkusen,2223,Jugador con cambio de club en histórico: requiere validación externa
position_taxonomy,kevin danso,Kevin Danso,Lens | Augsburg,2,Augsburg,1819,Jugador con cambio de club en histórico: requiere validación externa
position_taxonomy,kevin lasagna,Kevin Lasagna,Udinese | Hellas Verona,2,Hellas Verona,2223,Jugador con cambio de club en histórico: requiere validación externa
position_taxonomy,kevin malcuit,Kévin Malcuit,Lille | Napoli,2,Napoli,1819,Jugador con cambio de club en histórico: requiere validación externa
position_taxonomy,kevin mbabu,Kevin Mbabu,Wolfsburg | Augsburg,2,Augsburg,2324,Jugador con cambio de club en histórico: requiere validación externa
position_taxonomy,kevin prince boateng,Kevin-Prince Boateng,Eint Frankfurt | Sassuolo,2,Sassuolo,1819,Jugador con cambio de club en histórico: requiere validación externa
position_taxonomy,kalidou koulibaly,Kalidou Koulibaly,Chelsea | Napoli,2,Napoli,2122,Jugador con cambio de club en histórico: requiere validación externa
position_taxonomy,david alaba,David Alaba,Real Madrid | Bayern Munich,2,Bayern Munich,2021,Jugador con cambio de club en histórico: requiere validación externa
position_taxonomy,david de gea,David de Gea,Manchester Utd | Fiorentina,2,Fiorentina,2425,Jugador con cambio de club en histórico: requiere validación externa
position_taxonomy,david junca,David Juncà,Eibar | Celta Vigo,2,Celta Vigo,1819,Jugador con cambio de club en histórico: requiere validación externa
position_taxonomy,david lopez,David López,Espanyol | Girona,2,Girona,2425,Jugador con cambio de club en histórico: requiere validación externa
position_taxonomy,david luiz,David Luiz,Chelsea | Arsenal,2,Arsenal,2021,Jugador con cambio de club en histórico: requiere validación externa
position_taxonomy,david okereke,David Okereke,Venezia | Cremonese,2,Cremonese,2223,Jugador con cambio de club en histórico: requiere validación externa
position_taxonomy,david raum,David Raum,Hoffenheim | RB Leipzig,2,RB Leipzig,2425,Jugador con cambio de club en histórico: requiere validación externa
position_taxonomy,david raya,David Raya,Brentford | Arsenal,2,Arsenal,2425,Jugador con cambio de club en histórico: requiere validación externa
position_taxonomy,david silva,David Silva,Manchester City | Real Sociedad,2,Real Sociedad,2223,Jugador con cambio de club en histórico: requiere validación externa
position_taxonomy,david soria,David Soria,Sevilla | Getafe,2,Getafe,2425,Jugador con cambio de club en histórico: requiere validación externa
position_taxonomy,dani olmo,Dani Olmo,Barcelona | RB Leipzig,2,RB Leipzig,2324,Jugador con cambio de club en histórico: requiere validación externa
position_taxonomy,dani raba,Dani Raba,Villarreal | Leganés,2,Leganés,2425,Jugador con cambio de club en histórico: requiere validación externa
position_taxonomy,khephren thuram,Khéphren Thuram,Nice | Juventus,2,Juventus,2425,Jugador con cambio de club en histórico: requiere validación externa
position_taxonomy,khouma babacar,Khouma Babacar,Sassuolo | Lecce,2,Lecce,1920,Jugador con cambio de club en histórico: requiere validación externa
position_taxonomy,khvicha kvaratskhelia,Khvicha Kvaratskhelia,Paris S-G | Napoli,2,Napoli,2425,Jugador con cambio de club en histórico: requiere validación externa
position_taxonomy,ki sung yueng,Ki Sung-yueng,Swansea City | Newcastle Utd,2,Newcastle Utd,1819,Jugador con cambio de club en histórico: requiere validación externa
position_taxonomy,leonardo bonucci,Leonardo Bonucci,Milan | Juventus,2,Juventus,2122,Jugador con cambio de club en histórico: requiere validación externa
position_taxonomy,koni de winter,Koni De Winter,Empoli | Genoa,2,Genoa,2425,Jugador con cambio de club en histórico: requiere validación externa
position_taxonomy,konrad laimer,Konrad Laimer,RB Leipzig | Bayern Munich,2,Bayern Munich,2425,Jugador con cambio de club en histórico: requiere validación externa
position_taxonomy,konstantinos mavropanos,Konstantinos Mavropanos,West Ham | Stuttgart,2,Stuttgart,2223,Jugador con cambio de club en histórico: requiere validación externa
position_taxonomy,kostas manolas,Kostas Manolas,Roma | Napoli,2,Napoli,2021,Jugador con cambio de club en histórico: requiere validación externa
position_taxonomy,kostas stafylidis,Kostas Stafylidis,Augsburg | Bochum,2,Bochum,2223,Jugador con cambio de club en histórico: requiere validación externa
position_taxonomy,kristijan jakic,Kristijan Jakić,Eint Frankfurt | Augsburg,2,Augsburg,2425,Jugador con cambio de club en histórico: requiere validación externa
position_taxonomy,kristjan asllani,Kristjan Asllani,Empoli | Inter,2,Inter,2425,Jugador con cambio de club en histórico: requiere validación externa
position_taxonomy,kwadwo asamoah,Kwadwo Asamoah,Juventus | Inter,2,Inter,1819,Jugador con cambio de club en histórico: requiere validación externa
position_taxonomy,kylian mbappe,Kylian Mbappé,Real Madrid | Paris S-G,2,Paris S-G,2324,Jugador con cambio de club en histórico: requiere validación externa
position_taxonomy,ladislav krejci,Ladislav Krejčí,Girona | Bologna,2,Bologna,1920,Jugador con cambio de club en histórico: requiere validación externa
position_taxonomy,lamine camara,Lamine Camara,Metz | Monaco,2,Monaco,2425,Jugador con cambio de club en histórico: requiere validación externa
position_taxonomy,laurent koscielny,Laurent Koscielny,Arsenal | Bordeaux,2,Bordeaux,2122,Jugador con cambio de club en histórico: requiere validación externa
position_taxonomy,kevin wimmer,Kevin Wimmer,Stoke City | Hannover 96,2,Hannover 96,1819,Jugador con cambio de club en histórico: requiere validación externa
position_taxonomy,danny welbeck,Danny Welbeck,Arsenal | Brighton,2,Brighton,2425,Jugador con cambio de club en histórico: requiere validación externa
position_taxonomy,darko lazovic,Darko Lazović,Genoa | Hellas Verona,2,Hellas Verona,2425,Jugador con cambio de club en histórico: requiere validación externa
position_taxonomy,lloyd kelly,Lloyd Kelly,Bournemouth | Juventus,2,Juventus,2425,Jugador con cambio de club en histórico: requiere validación externa
position_taxonomy,logan costa,Logan Costa,Villarreal | Toulouse,2,Toulouse,2324,Jugador con cambio de club en histórico: requiere validación externa
position_taxonomy,lois diony,Lois Diony,Saint-Étienne | Angers,2,Angers,2021,Jugador con cambio de club en histórico: requiere validación externa
position_taxonomy,lois openda,Loïs Openda,Lens | RB Leipzig,2,RB Leipzig,2425,Jugador con cambio de club en histórico: requiere validación externa
position_taxonomy,lorenz assignon,Lorenz Assignon,Burnley | Rennes,2,Rennes,2425,Jugador con cambio de club en histórico: requiere validación externa
position_taxonomy,lorenzo de silvestri,Lorenzo De Silvestri,Torino | Bologna,2,Bologna,2425,Jugador con cambio de club en histórico: requiere validación externa
position_taxonomy,lazar samardzic,Lazar Samardzic,Udinese | Atalanta,2,Atalanta,2425,Jugador con cambio de club en histórico: requiere validación externa
position_taxonomy,leandro cabrera,Leandro Cabrera,Getafe | Espanyol,2,Espanyol,2425,Jugador con cambio de club en histórico: requiere validación externa
position_taxonomy,leandro trossard,Leandro Trossard,Brighton | Arsenal,2,Arsenal,2425,Jugador con cambio de club en histórico: requiere validación externa
position_taxonomy,lebo mothiba,Lebo Mothiba,Lille | Strasbourg,2,Strasbourg,1920,Jugador con cambio de club en histórico: requiere validación externa
position_taxonomy,leny yoro,Leny Yoro,Manchester Utd | Lille,2,Lille,2324,Jugador con cambio de club en histórico: requiere validación externa
position_taxonomy,leo baptistao,Léo Baptistão,Espanyol | Almería,2,Almería,2324,Jugador con cambio de club en histórico: requiere validación externa
position_taxonomy,leo dubois,Leo Dubois,Nantes | Lyon,2,Lyon,2122,Jugador con cambio de club en histórico: requiere validación externa
position_taxonomy,leo petrot,Léo Pétrot,Lorient | Saint-Étienne,2,Saint-Étienne,2425,Jugador con cambio de club en histórico: requiere validación externa
position_taxonomy,leon bailey,Leon Bailey,Aston Villa | Leverkusen,2,Leverkusen,2021,Jugador con cambio de club en histórico: requiere validación externa
position_taxonomy,leon goretzka,Leon Goretzka,Schalke 04 | Bayern Munich,2,Bayern Munich,2425,Jugador con cambio de club en histórico: requiere validación externa
position_taxonomy,luca cigarini,Luca Cigarini,Cagliari | Crotone,2,Crotone,2021,Jugador con cambio de club en histórico: requiere validación externa
position_taxonomy,luca kilian,Luca Kilian,Paderborn 07 | Köln,2,Köln,2223,Jugador con cambio de club en histórico: requiere validación externa
position_taxonomy,luca mazzitelli,Luca Mazzitelli,Sassuolo | Frosinone,2,Frosinone,2324,Jugador con cambio de club en histórico: requiere validación externa
position_taxonomy,luca ranieri,Luca Ranieri,Salernitana | Fiorentina,2,Fiorentina,2425,Jugador con cambio de club en histórico: requiere validación externa
position_taxonomy,luca rigoni,Luca Rigoni,Genoa | Parma,2,Parma,1819,Jugador con cambio de club en histórico: requiere validación externa
position_taxonomy,luca waldschmidt,Luca Waldschmidt,Freiburg | Köln,2,Köln,2324,Jugador con cambio de club en histórico: requiere validación externa
position_taxonomy,lucas boye,Lucas Boyé,Elche | Granada,2,Granada,2324,Jugador con cambio de club en histórico: requiere validación externa
position_taxonomy,lucas deaux,Lucas Deaux,Guingamp | Nîmes,2,Nîmes,2021,Jugador con cambio de club en histórico: requiere validación externa
position_taxonomy,lucas digne,Lucas Digne,Everton | Aston Villa,2,Aston Villa,2425,Jugador con cambio de club en histórico: requiere validación externa
position_taxonomy,leroy sane,Leroy Sané,Manchester City | Bayern Munich,2,Bayern Munich,2425,Jugador con cambio de club en histórico: requiere validación externa
position_taxonomy,lesley ugochukwu,Lesley Ugochukwu,Southampton | Rennes,2,Rennes,2223,Jugador con cambio de club en histórico: requiere validación externa
position_taxonomy,levi colwill,Levi Colwill,Brighton | Chelsea,2,Chelsea,2425,Jugador con cambio de club en histórico: requiere validación externa
position_taxonomy,lewis holtby,Lewis Holtby,Hamburger SV | Holstein Kiel,2,Holstein Kiel,2425,Jugador con cambio de club en histórico: requiere validación externa
position_taxonomy,lilian brassier,Lilian Brassier,Brest | Rennes,2,Rennes,2425,Jugador con cambio de club en histórico: requiere validación externa
position_taxonomy,linton maina,Linton Maina,Hannover 96 | Köln,2,Köln,2324,Jugador con cambio de club en histórico: requiere validación externa
position_taxonomy,lionel messi,Lionel Messi,Barcelona | Paris S-G,2,Paris S-G,2223,Jugador con cambio de club en histórico: requiere validación externa
position_taxonomy,lorenzo venuti,Lorenzo Venuti,Benevento | Fiorentina,2,Fiorentina,2223,Jugador con cambio de club en histórico: requiere validación externa
position_taxonomy,daniel bessa,Daniel Bessa,Hellas Verona | Genoa,2,Genoa,1819,Jugador con cambio de club en histórico: requiere validación externa
position_taxonomy,daniel caligiuri,Daniel Caligiuri,Schalke 04 | Augsburg,2,Augsburg,2122,Jugador con cambio de club en histórico: requiere validación externa
position_taxonomy,daniel ciofani,Daniel Ciofani,Frosinone | Cremonese,2,Cremonese,2223,Jugador con cambio de club en histórico: requiere validación externa
position_taxonomy,daniel didavi,Daniel Didavi,Wolfsburg | Stuttgart,2,Stuttgart,2021,Jugador con cambio de club en histórico: requiere validación externa
position_taxonomy,daniel ginczek,Daniel Ginczek,Stuttgart | Wolfsburg,2,Wolfsburg,1819,Jugador con cambio de club en histórico: requiere validación externa
position_taxonomy,daniel james,Daniel James,Manchester Utd | Leeds United,2,Leeds United,2122,Jugador con cambio de club en histórico: requiere validación externa
position_taxonomy,daniel parejo,Daniel Parejo,Valencia | Villarreal,2,Villarreal,2425,Jugador con cambio de club en histórico: requiere validación externa
position_taxonomy,daniel wass,Daniel Wass,Celta Vigo | Valencia,2,Valencia,2122,Jugador con cambio de club en histórico: requiere validación externa
position_taxonomy,daniele rugani,Daniele Rugani,Juventus | Cagliari,2,Juventus,2324,Jugador con cambio de club en histórico: requiere validación externa
position_taxonomy,daniele verde,Daniele Verde,Hellas Verona | Spezia,2,Spezia,2223,Jugador con cambio de club en histórico: requiere validación externa
position_taxonomy,danilo d ambrosio,Danilo D'Ambrosio,Inter | Monza,2,Monza,2425,Jugador con cambio de club en histórico: requiere validación externa
position_taxonomy,danilo larangeira,Danilo Larangeira,Udinese | Bologna,2,Bologna,2021,Jugador con cambio de club en histórico: requiere validación externa
position_taxonomy,cristian molinaro,Cristian Molinaro,Torino | Frosinone,2,Frosinone,1819,Jugador con cambio de club en histórico: requiere validación externa
position_taxonomy,lovro majer,Lovro Majer,Rennes | Wolfsburg,2,Wolfsburg,2324,Jugador con cambio de club en histórico: requiere validación externa
position_taxonomy,luca caldirola,Luca Caldirola,Benevento | Monza,2,Monza,2324,Jugador con cambio de club en histórico: requiere validación externa
position_taxonomy,cyle larin,Cyle Larin,Valladolid | Mallorca,2,Mallorca,2425,Jugador con cambio de club en histórico: requiere validación externa
position_taxonomy,dalbert henrique,Dalbert Henrique,Fiorentina | Cagliari,2,Cagliari,2122,Jugador con cambio de club en histórico: requiere validación externa
position_taxonomy,dan axel zagadou,Dan-Axel Zagadou,Dortmund | Stuttgart,2,Stuttgart,2324,Jugador con cambio de club en histórico: requiere validación externa
position_taxonomy,dan burn,Dan Burn,Brighton | Newcastle Utd,2,Newcastle Utd,2425,Jugador con cambio de club en histórico: requiere validación externa
position_taxonomy,dango ouattara,Dango Ouattara,Bournemouth | Lorient,2,Lorient,2223,Jugador con cambio de club en histórico: requiere validación externa
position_taxonomy,dani alves,Dani Alves,Barcelona | Paris S-G,2,Paris S-G,1819,Jugador con cambio de club en histórico: requiere validación externa
position_taxonomy,dani ceballos,Dani Ceballos,Arsenal | Real Madrid,2,Real Madrid,2425,Jugador con cambio de club en histórico: requiere validación externa
position_taxonomy,dani garcia,Dani García,Eibar | Athletic Club,2,Athletic Club,2223,Jugador con cambio de club en histórico: requiere validación externa
position_taxonomy,christopher antwi adjei,Christopher Antwi-Adjei,Paderborn 07 | Bochum,2,Bochum,2324,Jugador con cambio de club en histórico: requiere validación externa
position_taxonomy,luigi sepe,Luigi Sepe,Parma | Salernitana,2,Salernitana,2223,Jugador con cambio de club en histórico: requiere validación externa
position_taxonomy,luis hernandez,Luis Hernández,Málaga | Cádiz,2,Cádiz,2223,Jugador con cambio de club en histórico: requiere validación externa
position_taxonomy,luis javier suarez,Luis Javier Suárez,Granada | Almería,2,Almería,2324,Jugador con cambio de club en histórico: requiere validación externa
position_taxonomy,luis maximiano,Luís Maximiano,Granada | Almería,2,Almería,2324,Jugador con cambio de club en histórico: requiere validación externa
position_taxonomy,luis milla,Luis Milla,Granada | Getafe,2,Getafe,2425,Jugador con cambio de club en histórico: requiere validación externa
position_taxonomy,luis rioja,Luis Rioja,Alavés | Valencia,2,Valencia,2425,Jugador con cambio de club en histórico: requiere validación externa
position_taxonomy,lorenzo montipo,Lorenzo Montipò,Benevento | Hellas Verona,2,Hellas Verona,2425,Jugador con cambio de club en histórico: requiere validación externa
position_taxonomy,marcelo,Marcelo,Real Madrid | Lyon,2,Lyon,2021,Jugador con cambio de club en histórico: requiere validación externa
position_taxonomy,luis suarez,Luis Suárez,Barcelona | Atlético Madrid,2,Atlético Madrid,2122,Jugador con cambio de club en histórico: requiere validación externa
position_taxonomy,luiz felipe,Luiz Felipe,Betis | Lazio,2,Lazio,2122,Jugador con cambio de club en histórico: requiere validación externa
position_taxonomy,luka jovic,Luka Jović,Eint Frankfurt | Fiorentina,2,Fiorentina,2223,Jugador con cambio de club en histórico: requiere validación externa
position_taxonomy,lukas hradecky,Lukáš Hrádecký,Eint Frankfurt | Leverkusen,2,Leverkusen,2425,Jugador con cambio de club en histórico: requiere validación externa
position_taxonomy,lukas klunter,Lukas Klünter,Köln | Hertha BSC,2,Hertha BSC,2021,Jugador con cambio de club en histórico: requiere validación externa
position_taxonomy,lukas lerager,Lukas Lerager,Bordeaux | Genoa,2,Genoa,2021,Jugador con cambio de club en histórico: requiere validación externa
position_taxonomy,luke thomas,Luke Thomas,Leicester City | Sheffield Utd,2,Leicester City,2425,Jugador con cambio de club en histórico: requiere validación externa
position_taxonomy,mahdi camara,Mahdi Camara,Saint-Étienne | Brest,2,Brest,2425,Jugador con cambio de club en histórico: requiere validación externa
position_taxonomy,malang sarr,Malang Sarr,Nice | Lens,2,Lens,2425,Jugador con cambio de club en histórico: requiere validación externa
position_taxonomy,malick thiaw,Malick Thiaw,Schalke 04 | Milan,2,Milan,2425,Jugador con cambio de club en histórico: requiere validación externa
position_taxonomy,malo gusto,Malo Gusto,Chelsea | Lyon,2,Lyon,2223,Jugador con cambio de club en histórico: requiere validación externa
position_taxonomy,mamadou sakho,Mamadou Sakho,Crystal Palace | Montpellier,2,Montpellier,2122,Jugador con cambio de club en histórico: requiere validación externa
position_taxonomy,lucas ocampos,Lucas Ocampos,Sevilla | Marseille,2,Marseille,1819,Jugador con cambio de club en histórico: requiere validación externa
position_taxonomy,lucas olaza,Lucas Olaza,Celta Vigo | Valladolid,2,Valladolid,2223,Jugador con cambio de club en histórico: requiere validación externa
position_taxonomy,cristian zapata,Cristián Zapata,Milan | Genoa,2,Genoa,2021,Jugador con cambio de club en histórico: requiere validación externa
position_taxonomy,marco d alessandro,Marco D'Alessandro,Benevento | Udinese,2,Udinese,1819,Jugador con cambio de club en histórico: requiere validación externa
position_taxonomy,marco richter,Marco Richter,Augsburg | Hertha BSC,2,Hertha BSC,2223,Jugador con cambio de club en histórico: requiere validación externa
position_taxonomy,marco silvestri,Marco Silvestri,Hellas Verona | Udinese,2,Udinese,2324,Jugador con cambio de club en histórico: requiere validación externa
position_taxonomy,marcos andre,Marcos André,Valladolid | Valencia,2,Valladolid,2425,Jugador con cambio de club en histórico: requiere validación externa
position_taxonomy,marcus coco,Marcus Coco,Guingamp | Nantes,2,Nantes,2425,Jugador con cambio de club en histórico: requiere validación externa
position_taxonomy,marcus ingvartsen,Marcus Ingvartsen,Union Berlin | Mainz 05,2,Mainz 05,2223,Jugador con cambio de club en histórico: requiere validación externa
position_taxonomy,marcus pedersen,Marcus Pedersen,Sassuolo | Torino,2,Torino,2425,Jugador con cambio de club en histórico: requiere validación externa
position_taxonomy,manolo gabbiadini,Manolo Gabbiadini,Southampton | Sampdoria,2,Sampdoria,2223,Jugador con cambio de club en histórico: requiere validación externa
position_taxonomy,manu garcia,Manu García,Alavés | Toulouse,2,Toulouse,1819,Jugador con cambio de club en histórico: requiere validación externa
position_taxonomy,manu kone,Manu Koné,Gladbach | Roma,2,Roma,2425,Jugador con cambio de club en histórico: requiere validación externa
position_taxonomy,manu morlanes,Manu Morlanes,Espanyol | Mallorca,2,Mallorca,2425,Jugador con cambio de club en histórico: requiere validación externa
position_taxonomy,manuel akanji,Manuel Akanji,Manchester City | Dortmund,2,Dortmund,2122,Jugador con cambio de club en histórico: requiere validación externa
position_taxonomy,manuel lazzari,Manuel Lazzari,SPAL | Lazio,2,Lazio,2425,Jugador con cambio de club en histórico: requiere validación externa
position_taxonomy,manuel locatelli,Manuel Locatelli,Sassuolo | Juventus,2,Juventus,2425,Jugador con cambio de club en histórico: requiere validación externa
position_taxonomy,manuel ugarte,Manuel Ugarte,Manchester Utd | Paris S-G,2,Paris S-G,2324,Jugador con cambio de club en histórico: requiere validación externa
position_taxonomy,marc aurele caillard,Marc-Aurèle Caillard,Guingamp | Metz,2,Metz,2122,Jugador con cambio de club en histórico: requiere validación externa
position_taxonomy,marco asensio,Marco Asensio,Real Madrid | Paris S-G,2,Paris S-G,2324,Jugador con cambio de club en histórico: requiere validación externa
position_taxonomy,christopher jullien,Christopher Jullien,Toulouse | Montpellier,2,Montpellier,2324,Jugador con cambio de club en histórico: requiere validación externa
position_taxonomy,christopher lenz,Christopher Lenz,Union Berlin | Eint Frankfurt,2,Eint Frankfurt,2223,Jugador con cambio de club en histórico: requiere validación externa
position_taxonomy,christopher wooh,Christopher Wooh,Lens | Rennes,2,Rennes,2425,Jugador con cambio de club en histórico: requiere validación externa
position_taxonomy,ciprian tatarusanu,Ciprian Tătărușanu,Nantes | Milan,2,Milan,2223,Jugador con cambio de club en histórico: requiere validación externa
position_taxonomy,claudio beauvue,Claudio Beauvue,Leganés | Caen,2,Caen,1819,Jugador con cambio de club en histórico: requiere validación externa
position_taxonomy,clement grenier,Clément Grenier,Guingamp | Rennes,2,Rennes,2021,Jugador con cambio de club en histórico: requiere validación externa
position_taxonomy,colin dagba,Colin Dagba,Paris S-G | Strasbourg,2,Strasbourg,2223,Jugador con cambio de club en histórico: requiere validación externa
position_taxonomy,corentin tolisso,Corentin Tolisso,Lyon | Bayern Munich,2,Bayern Munich,1718,Jugador con cambio de club en histórico: requiere validación externa
position_taxonomy,cristian dell orco,Cristian Dell'Orco,Empoli | Lecce,2,Lecce,1920,Jugador con cambio de club en histórico: requiere validación externa
position_taxonomy,cheick doucoure,Cheick Doucouré,Crystal Palace | Lens,2,Lens,2122,Jugador con cambio de club en histórico: requiere validación externa
position_taxonomy,cheikhou kouyate,Cheikhou Kouyaté,West Ham | Crystal Palace,2,Crystal Palace,2122,Jugador con cambio de club en histórico: requiere validación externa
position_taxonomy,marco benassi,Marco Benassi,Fiorentina | Cremonese,2,Cremonese,2223,Jugador con cambio de club en histórico: requiere validación externa
position_taxonomy,marco brescianini,Marco Brescianini,Frosinone | Atalanta,2,Atalanta,2425,Jugador con cambio de club en histórico: requiere validación externa
position_taxonomy,marco capuano,Marco Capuano,Crotone | Frosinone,2,Frosinone,1819,Jugador con cambio de club en histórico: requiere validación externa
position_taxonomy,marco carnesecchi,Marco Carnesecchi,Cremonese | Atalanta,2,Atalanta,2425,Jugador con cambio de club en histórico: requiere validación externa
position_taxonomy,martin satriano,Martin Satriano,Brest | Empoli,2,Empoli,2223,Jugador con cambio de club en histórico: requiere validación externa
position_taxonomy,marvelous nakamba,Marvelous Nakamba,Aston Villa | Luton Town,2,Luton Town,2324,Jugador con cambio de club en histórico: requiere validación externa
position_taxonomy,marvin friedrich,Marvin Friedrich,Union Berlin | Gladbach,2,Gladbach,2425,Jugador con cambio de club en histórico: requiere validación externa
position_taxonomy,marvin zeegelaar,Marvin Zeegelaar,Watford | Udinese,2,Udinese,2021,Jugador con cambio de club en histórico: requiere validación externa
position_taxonomy,marwin hitz,Marwin Hitz,Augsburg | Dortmund,2,Dortmund,2021,Jugador con cambio de club en histórico: requiere validación externa
position_taxonomy,massadio haidara,Massadio Haïdara,Lens | Brest,2,Brest,2425,Jugador con cambio de club en histórico: requiere validación externa
position_taxonomy,massimo gobbi,Massimo Gobbi,Chievo | Parma,2,Parma,1819,Jugador con cambio de club en histórico: requiere validación externa
position_taxonomy,mario gomez,Mario Gómez,Stuttgart | Wolfsburg,2,Stuttgart,1819,Jugador con cambio de club en histórico: requiere validación externa
position_taxonomy,mario gotze,Mario Götze,Dortmund | Eint Frankfurt,2,Eint Frankfurt,2425,Jugador con cambio de club en histórico: requiere validación externa
position_taxonomy,mario hermoso,Mario Hermoso,Espanyol | Atlético Madrid,2,Atlético Madrid,2324,Jugador con cambio de club en histórico: requiere validación externa
position_taxonomy,mark flekken,Mark Flekken,Brentford | Freiburg,2,Freiburg,2223,Jugador con cambio de club en histórico: requiere validación externa
position_taxonomy,marko arnautovic,Marko Arnautović,West Ham | Bologna,2,Bologna,2223,Jugador con cambio de club en histórico: requiere validación externa
position_taxonomy,marko pjaca,Marko Pjaca,Genoa | Torino,2,Torino,2122,Jugador con cambio de club en histórico: requiere validación externa
position_taxonomy,markus suttner,Markus Suttner,Brighton | Düsseldorf,2,Düsseldorf,1920,Jugador con cambio de club en histórico: requiere validación externa
position_taxonomy,marshall munetsi,Marshall Munetsi,Wolves | Reims,2,Reims,2425,Jugador con cambio de club en histórico: requiere validación externa
position_taxonomy,marcin kaminski,Marcin Kamiński,Stuttgart | Düsseldorf,2,Düsseldorf,1819,Jugador con cambio de club en histórico: requiere validación externa
position_taxonomy,mathew ryan,Mathew Ryan,Brighton | Lens,2,Lens,2425,Jugador con cambio de club en histórico: requiere validación externa
position_taxonomy,mathias autret,Mathias Autret,Brest | Auxerre,2,Auxerre,2223,Jugador con cambio de club en histórico: requiere validación externa
position_taxonomy,mathias honsak,Mathias Honsak,Darmstadt 98 | Heidenheim,2,Heidenheim,2425,Jugador con cambio de club en histórico: requiere validación externa
position_taxonomy,mathias jrgensen,Mathias Jørgensen,Huddersfield | Brentford,2,Brentford,2324,Jugador con cambio de club en histórico: requiere validación externa
position_taxonomy,mathias olivera,Mathías Olivera,Getafe | Napoli,2,Napoli,2425,Jugador con cambio de club en histórico: requiere validación externa
position_taxonomy,mathias pereira lage,Mathias Pereira Lage,Angers | Brest,2,Brest,2425,Jugador con cambio de club en histórico: requiere validación externa
position_taxonomy,mathieu dossevi,Mathieu Dossevi,Metz | Toulouse,2,Toulouse,1920,Jugador con cambio de club en histórico: requiere validación externa
position_taxonomy,mathys tel,Mathys Tel,Tottenham | Bayern Munich,2,Bayern Munich,2324,Jugador con cambio de club en histórico: requiere validación externa
position_taxonomy,matias silvestre,Matías Silvestre,Sampdoria | Empoli,2,Empoli,1819,Jugador con cambio de club en histórico: requiere validación externa
position_taxonomy,matias soule,Matìas Soulé,Frosinone | Roma,2,Roma,2425,Jugador con cambio de club en histórico: requiere validación externa
position_taxonomy,martin caceres,Martín Cáceres,Hellas Verona | Fiorentina,2,Fiorentina,2021,Jugador con cambio de club en histórico: requiere validación externa
position_taxonomy,martin degaard,Martin Ødegaard,Arsenal | Real Sociedad,2,Real Sociedad,1920,Jugador con cambio de club en histórico: requiere validación externa
position_taxonomy,martin erlic,Martin Erlic,Spezia | Sassuolo,2,Sassuolo,2324,Jugador con cambio de club en histórico: requiere validación externa
position_taxonomy,martin hinteregger,Martin Hinteregger,Augsburg | Eint Frankfurt,2,Eint Frankfurt,2122,Jugador con cambio de club en histórico: requiere validación externa
position_taxonomy,martin hongla,Martin Hongla,Valladolid | Hellas Verona,2,Hellas Verona,2324,Jugador con cambio de club en histórico: requiere validación externa
position_taxonomy,martin montoya,Martín Montoya,Brighton | Valencia,2,Valencia,1718,Jugador con cambio de club en histórico: requiere validación externa
position_taxonomy,chidozie awaziem,Chidozie Awaziem,Leganés | Nantes,2,Nantes,1718,Jugador con cambio de club en histórico: requiere validación externa
position_taxonomy,chris richards,Chris Richards,Crystal Palace | Hoffenheim,2,Hoffenheim,2122,Jugador con cambio de club en histórico: requiere validación externa
position_taxonomy,chris smalling,Chris Smalling,Manchester Utd | Roma,2,Roma,2223,Jugador con cambio de club en histórico: requiere validación externa
position_taxonomy,chrislain matsima,Chrislain Matsima,Clermont Foot | Augsburg,2,Augsburg,2425,Jugador con cambio de club en histórico: requiere validación externa
position_taxonomy,christian gentner,Christian Gentner,Stuttgart | Union Berlin,2,Union Berlin,2021,Jugador con cambio de club en histórico: requiere validación externa
position_taxonomy,christian kabasele,Christian Kabasele,Watford | Udinese,2,Udinese,2425,Jugador con cambio de club en histórico: requiere validación externa
position_taxonomy,christian kouame,Christian Kouamé,Genoa | Fiorentina,2,Fiorentina,2324,Jugador con cambio de club en histórico: requiere validación externa
position_taxonomy,christian mathenia,Christian Mathenia,Hamburger SV | Nürnberg,2,Nürnberg,1819,Jugador con cambio de club en histórico: requiere validación externa
position_taxonomy,christian mawissa,Christian Mawissa,Toulouse | Monaco,2,Monaco,2425,Jugador con cambio de club en histórico: requiere validación externa
position_taxonomy,christoph baumgartner,Christoph Baumgartner,Hoffenheim | RB Leipzig,2,RB Leipzig,2425,Jugador con cambio de club en histórico: requiere validación externa
position_taxonomy,christoph zimmermann,Christoph Zimmermann,Norwich City | Darmstadt 98,2,Darmstadt 98,2324,Jugador con cambio de club en histórico: requiere validación externa
position_taxonomy,casemiro,Casemiro,Manchester Utd | Real Madrid,2,Real Madrid,2122,Jugador con cambio de club en histórico: requiere validación externa
position_taxonomy,casimir ninga,Casimir Ninga,Montpellier | Caen,2,Caen,1819,Jugador con cambio de club en histórico: requiere validación externa
position_taxonomy,mateusz wieteska,Mateusz Wieteska,Clermont Foot | Cagliari,2,Cagliari,2324,Jugador con cambio de club en histórico: requiere validación externa
position_taxonomy,matheus nunes,Matheus Nunes,Wolves | Manchester City,2,Manchester City,2425,Jugador con cambio de club en histórico: requiere validación externa
position_taxonomy,matheus pereira,Matheus Pereira,West Brom | Nürnberg,2,Nürnberg,1819,Jugador con cambio de club en histórico: requiere validación externa
position_taxonomy,mattia zaccagni,Mattia Zaccagni,Hellas Verona | Lazio,2,Lazio,2425,Jugador con cambio de club en histórico: requiere validación externa
position_taxonomy,mattias svanberg,Mattias Svanberg,Wolfsburg | Bologna,2,Bologna,2122,Jugador con cambio de club en histórico: requiere validación externa
position_taxonomy,matz sels,Matz Sels,Nott'ham Forest | Strasbourg,2,Strasbourg,2324,Jugador con cambio de club en histórico: requiere validación externa
position_taxonomy,mauro icardi,Mauro Icardi,Paris S-G | Inter,2,Inter,1819,Jugador con cambio de club en histórico: requiere validación externa
position_taxonomy,max aarons,Max Aarons,Norwich City | Bournemouth,2,Bournemouth,2324,Jugador con cambio de club en histórico: requiere validación externa
position_taxonomy,max kilman,Max Kilman,Wolves | West Ham,2,West Ham,2425,Jugador con cambio de club en histórico: requiere validación externa
position_taxonomy,max meyer,Max Meyer,Crystal Palace | Schalke 04,2,Schalke 04,1718,Jugador con cambio de club en histórico: requiere validación externa
position_taxonomy,maxence caqueret,Maxence Caqueret,Lyon | Como,2,Como,2425,Jugador con cambio de club en histórico: requiere validación externa
position_taxonomy,maxence lacroix,Maxence Lacroix,Crystal Palace | Wolfsburg,2,Wolfsburg,2324,Jugador con cambio de club en histórico: requiere validación externa
position_taxonomy,matias vecino,Matías Vecino,Inter | Lazio,2,Lazio,2324,Jugador con cambio de club en histórico: requiere validación externa
position_taxonomy,matias vina,Matías Viña,Roma | Sassuolo,2,Sassuolo,2324,Jugador con cambio de club en histórico: requiere validación externa
position_taxonomy,matt doherty,Matt Doherty,Wolves | Tottenham,2,Wolves,2425,Jugador con cambio de club en histórico: requiere validación externa
position_taxonomy,matteo cancellieri,Matteo Cancellieri,Empoli | Parma,2,Parma,2425,Jugador con cambio de club en histórico: requiere validación externa
position_taxonomy,matteo darmian,Matteo Darmian,Parma | Inter,2,Inter,2425,Jugador con cambio de club en histórico: requiere validación externa
position_taxonomy,matthias ginter,Matthias Ginter,Gladbach | Freiburg,2,Freiburg,2425,Jugador con cambio de club en histórico: requiere validación externa
position_taxonomy,mateo retegui,Mateo Retegui,Genoa | Atalanta,2,Atalanta,2425,Jugador con cambio de club en histórico: requiere validación externa
position_taxonomy,maxime esteve,Maxime Estève,Burnley | Montpellier,2,Montpellier,2324,Jugador con cambio de club en histórico: requiere validación externa
position_taxonomy,maxime lopez,Maxime Lopez,Marseille | Sassuolo,2,Sassuolo,2223,Jugador con cambio de club en histórico: requiere validación externa
position_taxonomy,maximilian bauer,Maximilian Bauer,Greuther Fürth | Augsburg,2,Augsburg,2223,Jugador con cambio de club en histórico: requiere validación externa
position_taxonomy,maximilian beier,Maximilian Beier,Hoffenheim | Dortmund,2,Dortmund,2425,Jugador con cambio de club en histórico: requiere validación externa
position_taxonomy,maximilian eggestein,Maximilian Eggestein,Werder Bremen | Freiburg,2,Freiburg,2425,Jugador con cambio de club en histórico: requiere validación externa
position_taxonomy,maximilian mittelstadt,Maximilian Mittelstädt,Hertha BSC | Stuttgart,2,Stuttgart,2425,Jugador con cambio de club en histórico: requiere validación externa
position_taxonomy,maximilian philipp,Maximilian Philipp,Dortmund | Wolfsburg,2,Wolfsburg,2122,Jugador con cambio de club en histórico: requiere validación externa
position_taxonomy,maximilian wober,Maximilian Wöber,Leeds United | Gladbach,2,Gladbach,2324,Jugador con cambio de club en histórico: requiere validación externa
position_taxonomy,maximo perrone,Máximo Perrone,Las Palmas | Como,2,Como,2425,Jugador con cambio de club en histórico: requiere validación externa
position_taxonomy,maxwel cornet,Maxwel Cornet,Burnley | Lyon,2,Lyon,2021,Jugador con cambio de club en histórico: requiere validación externa
position_taxonomy,mehdi abeid,Mehdi Abeid,Dijon | Nantes,2,Nantes,2021,Jugador con cambio de club en histórico: requiere validación externa
position_taxonomy,mattia de sciglio,Mattia De Sciglio,Lyon | Juventus,2,Juventus,2223,Jugador con cambio de club en histórico: requiere validación externa
position_taxonomy,mattia destro,Mattia Destro,Bologna | Genoa,2,Genoa,2122,Jugador con cambio de club en histórico: requiere validación externa
position_taxonomy,mattia perin,Mattia Perin,Genoa | Juventus,2,Juventus,2223,Jugador con cambio de club en histórico: requiere validación externa
position_taxonomy,mattia valoti,Mattia Valoti,Hellas Verona | SPAL,2,SPAL,1920,Jugador con cambio de club en histórico: requiere validación externa
position_taxonomy,mattia viti,Mattia Viti,Empoli | Sassuolo,2,Empoli,2425,Jugador con cambio de club en histórico: requiere validación externa
position_taxonomy,maxime dupe,Maxime Dupé,Nantes | Toulouse,2,Toulouse,2223,Jugador con cambio de club en histórico: requiere validación externa
position_taxonomy,castello lukeba,Castello Lukeba,Lyon | RB Leipzig,2,RB Leipzig,2425,Jugador con cambio de club en histórico: requiere validación externa
position_taxonomy,catena,Catena,Rayo Vallecano | Osasuna,2,Osasuna,2425,Jugador con cambio de club en histórico: requiere validación externa
position_taxonomy,cedric brunner,Cédric Brunner,Arminia | Schalke 04,2,Schalke 04,2223,Jugador con cambio de club en histórico: requiere validación externa
position_taxonomy,cedric hountondji,Cédric Hountondji,Clermont Foot | Angers,2,Angers,2223,Jugador con cambio de club en histórico: requiere validación externa
position_taxonomy,cedric soares,Cédric Soares,Southampton | Arsenal,2,Arsenal,2122,Jugador con cambio de club en histórico: requiere validación externa
position_taxonomy,cedric zesiger,Cedric Zesiger,Wolfsburg | Augsburg,2,Augsburg,2425,Jugador con cambio de club en histórico: requiere validación externa
position_taxonomy,cengiz under,Cengiz Ünder,Marseille | Roma,2,Roma,1819,Jugador con cambio de club en histórico: requiere validación externa
position_taxonomy,cesar azpilicueta,César Azpilicueta,Chelsea | Atlético Madrid,2,Atlético Madrid,2324,Jugador con cambio de club en histórico: requiere validación externa
position_taxonomy,cesar montes,César Montes,Espanyol | Almería,2,Almería,2324,Jugador con cambio de club en histórico: requiere validación externa
position_taxonomy,cesc fabregas,Cesc Fàbregas,Chelsea | Monaco,2,Monaco,1920,Jugador con cambio de club en histórico: requiere validación externa
position_taxonomy,charalampos lykogiannis,Charalampos Lykogiannis,Cagliari | Bologna,2,Bologna,2425,Jugador con cambio de club en histórico: requiere validación externa
position_taxonomy,charles de ketelaere,Charles De Ketelaere,Milan | Atalanta,2,Atalanta,2425,Jugador con cambio de club en histórico: requiere validación externa
position_taxonomy,charles traore,Charles Traore,Troyes | Nantes,2,Nantes,2021,Jugador con cambio de club en histórico: requiere validación externa
position_taxonomy,che adams,Che Adams,Southampton | Torino,2,Torino,2425,Jugador con cambio de club en histórico: requiere validación externa
position_taxonomy,bryan zaragoza,Bryan Zaragoza,Granada | Osasuna,2,Osasuna,2425,Jugador con cambio de club en histórico: requiere validación externa
position_taxonomy,mohamed simakan,Mohamed Simakan,Strasbourg | RB Leipzig,2,RB Leipzig,2324,Jugador con cambio de club en histórico: requiere validación externa
position_taxonomy,mehdi bourabia,Mehdi Bourabia,Sassuolo | Spezia,2,Spezia,2223,Jugador con cambio de club en histórico: requiere validación externa
position_taxonomy,mehdi leris,Mehdi Léris,Chievo | Sampdoria,2,Sampdoria,2223,Jugador con cambio de club en histórico: requiere validación externa
position_taxonomy,mehdi zeffane,Mehdi Zeffane,Rennes | Clermont Foot,2,Clermont Foot,2324,Jugador con cambio de club en histórico: requiere validación externa
position_taxonomy,memphis,Memphis,Barcelona | Lyon,2,Lyon,2021,Jugador con cambio de club en histórico: requiere validación externa
position_taxonomy,mexer,Mexer,Rennes | Bordeaux,2,Bordeaux,2122,Jugador con cambio de club en histórico: requiere validación externa
position_taxonomy,michael gregoritsch,Michael Gregoritsch,Augsburg | Freiburg,2,Freiburg,2324,Jugador con cambio de club en histórico: requiere validación externa
position_taxonomy,michael olise,Michael Olise,Crystal Palace | Bayern Munich,2,Bayern Munich,2425,Jugador con cambio de club en histórico: requiere validación externa
position_taxonomy,michel,Míchel,Las Palmas | Valladolid,2,Valladolid,2021,Jugador con cambio de club en histórico: requiere validación externa
position_taxonomy,michele di gregorio,Michele Di Gregorio,Monza | Juventus,2,Juventus,2425,Jugador con cambio de club en histórico: requiere validación externa
position_taxonomy,mickael alphonse,Mickaël Alphonse,Dijon | Ajaccio,2,Ajaccio,2223,Jugador con cambio de club en histórico: requiere validación externa
position_taxonomy,micky van de ven,Micky van de Ven,Tottenham | Wolfsburg,2,Wolfsburg,2223,Jugador con cambio de club en histórico: requiere validación externa
position_taxonomy,miguel veloso,Miguel Veloso,Genoa | Hellas Verona,2,Hellas Verona,2223,Jugador con cambio de club en histórico: requiere validación externa
position_taxonomy,miha zajc,Miha Zajc,Empoli | Genoa,2,Genoa,2021,Jugador con cambio de club en histórico: requiere validación externa
position_taxonomy,mike maignan,Mike Maignan,Lille | Milan,2,Milan,2425,Jugador con cambio de club en histórico: requiere validación externa
position_taxonomy,maxime busi,Maxime Busi,Reims | Parma,2,Parma,2021,Jugador con cambio de club en histórico: requiere validación externa
position_taxonomy,cameron archer,Cameron Archer,Sheffield Utd | Southampton,2,Southampton,2425,Jugador con cambio de club en histórico: requiere validación externa
position_taxonomy,carles alena,Carles Aleñá,Getafe | Alavés,2,Alavés,2425,Jugador con cambio de club en histórico: requiere validación externa
position_taxonomy,carles perez,Carles Pérez,Celta Vigo | Getafe,2,Getafe,2425,Jugador con cambio de club en histórico: requiere validación externa
position_taxonomy,carlos akapo,Carlos Akapo,Huesca | Cádiz,2,Cádiz,2122,Jugador con cambio de club en histórico: requiere validación externa
position_taxonomy,carlos augusto,Carlos Augusto,Monza | Inter,2,Inter,2425,Jugador con cambio de club en histórico: requiere validación externa
position_taxonomy,carlos clerc,Carlos Clerc,Levante | Elche,2,Elche,2223,Jugador con cambio de club en histórico: requiere validación externa
position_taxonomy,carmona,Carmona,Getafe | Sevilla,2,Sevilla,2425,Jugador con cambio de club en histórico: requiere validación externa
position_taxonomy,bradley locko,Bradley Locko,Reims | Brest,2,Brest,2324,Jugador con cambio de club en histórico: requiere validación externa
position_taxonomy,brahim diaz,Brahim Díaz,Real Madrid | Milan,2,Milan,2223,Jugador con cambio de club en histórico: requiere validación externa
position_taxonomy,mikel rico,Mikel Rico,Athletic Club | Huesca,2,Huesca,2021,Jugador con cambio de club en histórico: requiere validación externa
position_taxonomy,mikel vesga,Mikel Vesga,Leganés | Athletic Club,2,Athletic Club,2425,Jugador con cambio de club en histórico: requiere validación externa
position_taxonomy,mikkel damsgaard,Mikkel Damsgaard,Brentford | Sampdoria,2,Sampdoria,2021,Jugador con cambio de club en histórico: requiere validación externa
position_taxonomy,milan skriniar,Milan Škriniar,Paris S-G | Inter,2,Inter,2223,Jugador con cambio de club en histórico: requiere validación externa
position_taxonomy,milot rashica,Milot Rashica,Norwich City | Werder Bremen,2,Werder Bremen,2021,Jugador con cambio de club en histórico: requiere validación externa
position_taxonomy,mohamed ali cho,Mohamed Ali Cho,Angers | Nice,2,Nice,2425,Jugador con cambio de club en histórico: requiere validación externa
position_taxonomy,mohamed lamine bayo,Mohamed Lamine Bayo,Clermont Foot | Le Havre,2,Le Havre,2324,Jugador con cambio de club en histórico: requiere validación externa
position_taxonomy,nathaniel clyne,Nathaniel Clyne,Bournemouth | Crystal Palace,2,Crystal Palace,2324,Jugador con cambio de club en histórico: requiere validación externa
position_taxonomy,nedim bajrami,Nedim Bajrami,Empoli | Sassuolo,2,Sassuolo,2324,Jugador con cambio de club en histórico: requiere validación externa
position_taxonomy,nelson semedo,Nélson Semedo,Wolves | Barcelona,2,Barcelona,1920,Jugador con cambio de club en histórico: requiere validación externa
position_taxonomy,moises caicedo,Moisés Caicedo,Brighton | Chelsea,2,Chelsea,2425,Jugador con cambio de club en histórico: requiere validación externa
position_taxonomy,morgan schneiderlin,Morgan Schneiderlin,Everton | Nice,2,Nice,2021,Jugador con cambio de club en histórico: requiere validación externa
position_taxonomy,morten thorsby,Morten Thorsby,Sampdoria | Genoa,2,Genoa,2425,Jugador con cambio de club en histórico: requiere validación externa
position_taxonomy,moussa diarra,Moussa Diarra,Alavés | Toulouse,2,Toulouse,2324,Jugador con cambio de club en histórico: requiere validación externa
position_taxonomy,moussa konate,Moussa Konaté,Amiens | Dijon,2,Dijon,2021,Jugador con cambio de club en histórico: requiere validación externa
position_taxonomy,myron boadu,Myron Boadu,Monaco | Bochum,2,Bochum,2425,Jugador con cambio de club en histórico: requiere validación externa
position_taxonomy,nabil fekir,Nabil Fekir,Betis | Lyon,2,Lyon,1819,Jugador con cambio de club en histórico: requiere validación externa
position_taxonomy,mike van der hoorn,Mike van der Hoorn,Swansea City | Arminia,2,Arminia,2021,Jugador con cambio de club en histórico: requiere validación externa
position_taxonomy,caglar soyuncu,Çağlar Söyüncü,Leicester City | Freiburg,2,Freiburg,1718,Jugador con cambio de club en histórico: requiere validación externa
position_taxonomy,cala,Cala,Getafe | Cádiz,2,Cádiz,2122,Jugador con cambio de club en histórico: requiere validación externa
position_taxonomy,callum hudson odoi,Callum Hudson-Odoi,Chelsea | Nott'ham Forest,2,Nott'ham Forest,2425,Jugador con cambio de club en histórico: requiere validación externa
position_taxonomy,callum wilson,Callum Wilson,Bournemouth | Newcastle Utd,2,Newcastle Utd,2324,Jugador con cambio de club en histórico: requiere validación externa
position_taxonomy,calum chambers,Calum Chambers,Fulham | Arsenal,2,Arsenal,1920,Jugador con cambio de club en histórico: requiere validación externa
position_taxonomy,bram nuytinck,Bram Nuytinck,Udinese | Sampdoria,2,Sampdoria,2223,Jugador con cambio de club en histórico: requiere validación externa
position_taxonomy,brandon williams,Brandon Williams,Manchester Utd | Norwich City,2,Norwich City,2122,Jugador con cambio de club en histórico: requiere validación externa
position_taxonomy,brenden aaronson,Brenden Aaronson,Leeds United | Union Berlin,2,Union Berlin,2324,Jugador con cambio de club en histórico: requiere validación externa
position_taxonomy,brennan johnson,Brennan Johnson,Nott'ham Forest | Tottenham,2,Tottenham,2425,Jugador con cambio de club en histórico: requiere validación externa
position_taxonomy,brian olivan,Brian Oliván,Mallorca | Espanyol,2,Espanyol,2425,Jugador con cambio de club en histórico: requiere validación externa
position_taxonomy,bruno ecuele manga,Bruno Ecuele Manga,Cardiff City | Dijon,2,Dijon,2021,Jugador con cambio de club en histórico: requiere validación externa
position_taxonomy,bruno gonzalez,Bruno González,Getafe | Valladolid,2,Valladolid,2021,Jugador con cambio de club en histórico: requiere validación externa
position_taxonomy,bruno guimaraes,Bruno Guimarães,Newcastle Utd | Lyon,2,Lyon,2122,Jugador con cambio de club en histórico: requiere validación externa
position_taxonomy,bruno martella,Bruno Martella,Crotone | Brescia,2,Brescia,1920,Jugador con cambio de club en histórico: requiere validación externa
position_taxonomy,bryan cristante,Bryan Cristante,Atalanta | Roma,2,Roma,2425,Jugador con cambio de club en histórico: requiere validación externa
position_taxonomy,beto,Beto,Everton | Udinese,2,Udinese,2223,Jugador con cambio de club en histórico: requiere validación externa
position_taxonomy,nacho monreal,Nacho Monreal,Arsenal | Real Sociedad,2,Real Sociedad,2021,Jugador con cambio de club en histórico: requiere validación externa
position_taxonomy,nahuel molina,Nahuel Molina,Atlético Madrid | Udinese,2,Udinese,2122,Jugador con cambio de club en histórico: requiere validación externa
position_taxonomy,naldo,Naldo,Espanyol | Schalke 04,2,Schalke 04,1718,Jugador con cambio de club en histórico: requiere validación externa
position_taxonomy,natan,Natan,Betis | Napoli,2,Napoli,2324,Jugador con cambio de club en histórico: requiere validación externa
position_taxonomy,nathan ake,Nathan Aké,Bournemouth | Manchester City,2,Manchester City,2324,Jugador con cambio de club en histórico: requiere validación externa
position_taxonomy,nolito,Nolito,Sevilla | Celta Vigo,2,Celta Vigo,2122,Jugador con cambio de club en histórico: requiere validación externa
position_taxonomy,noussair mazraoui,Noussair Mazraoui,Manchester Utd | Bayern Munich,2,Bayern Munich,2324,Jugador con cambio de club en histórico: requiere validación externa
position_taxonomy,nemanja radoja,Nemanja Radoja,Celta Vigo | Levante,2,Levante,2122,Jugador con cambio de club en histórico: requiere validación externa
position_taxonomy,nenad tomovic,Nenad Tomović,Chievo | SPAL,2,SPAL,1920,Jugador con cambio de club en histórico: requiere validación externa
position_taxonomy,neto,Neto,Bournemouth | Valencia,2,Valencia,1819,Jugador con cambio de club en histórico: requiere validación externa
position_taxonomy,neven subotic,Neven Subotić,Saint-Étienne | Union Berlin,2,Union Berlin,1920,Jugador con cambio de club en histórico: requiere validación externa
position_taxonomy,nick pope,Nick Pope,Burnley | Newcastle Utd,2,Newcastle Utd,2425,Jugador con cambio de club en histórico: requiere validación externa
position_taxonomy,nick woltemade,Nick Woltemade,Werder Bremen | Stuttgart,2,Stuttgart,2425,Jugador con cambio de club en histórico: requiere validación externa
position_taxonomy,nicolas cozza,Nicolas Cozza,Montpellier | Nantes,2,Nantes,2425,Jugador con cambio de club en histórico: requiere validación externa
position_taxonomy,nicolas de preville,Nicolas de Préville,Bordeaux | Metz,2,Metz,2122,Jugador con cambio de club en histórico: requiere validación externa
position_taxonomy,nicolas dominguez,Nicolás Domínguez,Nott'ham Forest | Bologna,2,Bologna,2223,Jugador con cambio de club en histórico: requiere validación externa
position_taxonomy,nicolas jackson,Nicolas Jackson,Chelsea | Villarreal,2,Villarreal,2223,Jugador con cambio de club en histórico: requiere validación externa
position_taxonomy,nicolas viola,Nicolas Viola,Benevento | Cagliari,2,Cagliari,2425,Jugador con cambio de club en histórico: requiere validación externa
position_taxonomy,naby keita,Naby Keïta,Liverpool | RB Leipzig,2,RB Leipzig,1718,Jugador con cambio de club en histórico: requiere validación externa
position_taxonomy,nacho,Nacho,Real Madrid | Valladolid,2,Real Madrid,2324,Jugador con cambio de club en histórico: requiere validación externa
position_taxonomy,brais mendez,Brais Méndez,Celta Vigo | Real Sociedad,2,Real Sociedad,2425,Jugador con cambio de club en histórico: requiere validación externa
position_taxonomy,okay yokuslu,Okay Yokuşlu,West Brom | Celta Vigo,2,Celta Vigo,1920,Jugador con cambio de club en histórico: requiere validación externa
position_taxonomy,oleksandr zinchenko,Oleksandr Zinchenko,Manchester City | Arsenal,2,Arsenal,2324,Jugador con cambio de club en histórico: requiere validación externa
position_taxonomy,oliver mcburnie,Oliver McBurnie,Sheffield Utd | Las Palmas,2,Las Palmas,2425,Jugador con cambio de club en histórico: requiere validación externa
position_taxonomy,oliver skipp,Oliver Skipp,Tottenham | Leicester City,2,Leicester City,2425,Jugador con cambio de club en histórico: requiere validación externa
position_taxonomy,olivier giroud,Olivier Giroud,Chelsea | Milan,2,Milan,2324,Jugador con cambio de club en histórico: requiere validación externa
position_taxonomy,nicolo barella,Nicolò Barella,Cagliari | Inter,2,Inter,2425,Jugador con cambio de club en histórico: requiere validación externa
position_taxonomy,nicolo fagioli,Nicolò Fagioli,Juventus | Fiorentina,2,Fiorentina,2425,Jugador con cambio de club en histórico: requiere validación externa
position_taxonomy,niklas dorsch,Niklas Dorsch,Augsburg | Heidenheim,2,Heidenheim,2425,Jugador con cambio de club en histórico: requiere validación externa
position_taxonomy,niklas schmidt,Niklas Schmidt,Toulouse | Werder Bremen,2,Werder Bremen,2223,Jugador con cambio de club en histórico: requiere validación externa
position_taxonomy,niklas stark,Niklas Stark,Hertha BSC | Werder Bremen,2,Werder Bremen,2425,Jugador con cambio de club en histórico: requiere validación externa
position_taxonomy,niklas sule,Niklas Süle,Bayern Munich | Dortmund,2,Dortmund,2425,Jugador con cambio de club en histórico: requiere validación externa
position_taxonomy,niko gieelmann,Niko Gießelmann,Düsseldorf | Union Berlin,2,Union Berlin,2223,Jugador con cambio de club en histórico: requiere validación externa
position_taxonomy,nikola kalinic,Nikola Kalinić,Milan | Hellas Verona,2,Hellas Verona,2021,Jugador con cambio de club en histórico: requiere validación externa
position_taxonomy,nikola maksimovic,Nikola Maksimović,Napoli | Genoa,2,Genoa,2122,Jugador con cambio de club en histórico: requiere validación externa
position_taxonomy,nikola milenkovic,Nikola Milenković,Nott'ham Forest | Fiorentina,2,Fiorentina,2324,Jugador con cambio de club en histórico: requiere validación externa
position_taxonomy,nolan roux,Nolan Roux,Metz | Guingamp,2,Guingamp,1819,Jugador con cambio de club en histórico: requiere validación externa
position_taxonomy,birger meling,Birger Meling,Nîmes | Rennes,2,Rennes,2223,Jugador con cambio de club en histórico: requiere validación externa
position_taxonomy,bjorn engels,Björn Engels,Aston Villa | Reims,2,Reims,1819,Jugador con cambio de club en histórico: requiere validación externa
position_taxonomy,bobby de cordova reid,Bobby De Cordova-Reid,Cardiff City | Fulham,2,Fulham,2324,Jugador con cambio de club en histórico: requiere validación externa
position_taxonomy,bobby wood,Bobby Wood,Hamburger SV | Hannover 96,2,Hannover 96,1819,Jugador con cambio de club en histórico: requiere validación externa
position_taxonomy,borja baston,Borja Bastón,Málaga | Alavés,2,Alavés,1819,Jugador con cambio de club en histórico: requiere validación externa
position_taxonomy,borja garcia,Borja García,Girona | Huesca,2,Huesca,2021,Jugador con cambio de club en histórico: requiere validación externa
position_taxonomy,borna sosa,Borna Sosa,Stuttgart | Torino,2,Torino,2425,Jugador con cambio de club en histórico: requiere validación externa
position_taxonomy,boubacar kamara,Boubacar Kamara,Aston Villa | Marseille,2,Marseille,2122,Jugador con cambio de club en histórico: requiere validación externa
position_taxonomy,boubakar kouyate,Boubakar Kouyaté,Metz | Montpellier,2,Montpellier,2324,Jugador con cambio de club en histórico: requiere validación externa
position_taxonomy,bradley barcola,Bradley Barcola,Lyon | Paris S-G,2,Paris S-G,2425,Jugador con cambio de club en histórico: requiere validación externa
position_taxonomy,ben godfrey,Ben Godfrey,Norwich City | Everton,2,Everton,2324,Jugador con cambio de club en histórico: requiere validación externa
position_taxonomy,ben johnson,Ben Johnson,West Ham | Ipswich Town,2,Ipswich Town,2425,Jugador con cambio de club en histórico: requiere validación externa
position_taxonomy,nuri sahin,Nuri Şahin,Dortmund | Werder Bremen,2,Werder Bremen,1920,Jugador con cambio de club en histórico: requiere validación externa
position_taxonomy,obite n dicka,Obite N'Dicka,Eint Frankfurt | Roma,2,Roma,2425,Jugador con cambio de club en histórico: requiere validación externa
position_taxonomy,odilon kossounou,Odilon Kossounou,Leverkusen | Atalanta,2,Atalanta,2425,Jugador con cambio de club en histórico: requiere validación externa
position_taxonomy,ohis felix uduokhai,Ohis Felix Uduokhai,Wolfsburg | Augsburg,2,Augsburg,2324,Jugador con cambio de club en histórico: requiere validación externa
position_taxonomy,benjamin andre,Benjamin André,Rennes | Lille,2,Lille,2425,Jugador con cambio de club en histórico: requiere validación externa
position_taxonomy,benjamin lecomte,Benjamin Lecomte,Montpellier | Monaco,2,Montpellier,2425,Jugador con cambio de club en histórico: requiere validación externa
position_taxonomy,benoit badiashile,Benoît Badiashile,Chelsea | Monaco,2,Monaco,2122,Jugador con cambio de club en histórico: requiere validación externa
position_taxonomy,berat djimsiti,Berat Djimsiti,Benevento | Atalanta,2,Atalanta,2425,Jugador con cambio de club en histórico: requiere validación externa
position_taxonomy,bernardo espinosa,Bernardo Espinosa,Girona | Espanyol,2,Girona,2223,Jugador con cambio de club en histórico: requiere validación externa
position_taxonomy,bertrand traore,Bertrand Traoré,Aston Villa | Lyon,2,Lyon,1920,Jugador con cambio de club en histórico: requiere validación externa
position_taxonomy,aurelio buta,Aurélio Buta,Reims | Eint Frankfurt,2,Eint Frankfurt,2324,Jugador con cambio de club en histórico: requiere validación externa
position_taxonomy,ore petrovic,Đorđe Petrović,Chelsea | Strasbourg,2,Strasbourg,2425,Jugador con cambio de club en histórico: requiere validación externa
position_taxonomy,oscar duarte,Óscar Duarte,Espanyol | Levante,2,Levante,2122,Jugador con cambio de club en histórico: requiere validación externa
position_taxonomy,oscar melendo,Óscar Melendo,Espanyol | Granada,2,Granada,2324,Jugador con cambio de club en histórico: requiere validación externa
position_taxonomy,oscar mingueza,Óscar Mingueza,Barcelona | Celta Vigo,2,Celta Vigo,2425,Jugador con cambio de club en histórico: requiere validación externa
position_taxonomy,oualid el hajjam,Oualid El Hajjam,Amiens | Troyes,2,Troyes,2122,Jugador con cambio de club en histórico: requiere validación externa
position_taxonomy,oumar niasse,Oumar Niasse,Everton | Cardiff City,2,Cardiff City,1819,Jugador con cambio de club en histórico: requiere validación externa
position_taxonomy,ousmane dembele,Ousmane Dembélé,Barcelona | Paris S-G,2,Paris S-G,2425,Jugador con cambio de club en histórico: requiere validación externa
position_taxonomy,pablo de blasis,Pablo de Blasis,Eibar | Mainz 05,2,Mainz 05,1718,Jugador con cambio de club en histórico: requiere validación externa
position_taxonomy,nuno da costa,Nuno da Costa,Strasbourg | Auxerre,2,Auxerre,2223,Jugador con cambio de club en histórico: requiere validación externa
position_taxonomy,pedro obiang,Pedro Obiang,West Ham | Sassuolo,2,Sassuolo,2021,Jugador con cambio de club en histórico: requiere validación externa
position_taxonomy,pablo martinez,Pablo Martinez,Strasbourg | Nîmes,2,Nîmes,1920,Jugador con cambio de club en histórico: requiere validación externa
position_taxonomy,paco alcacer,Paco Alcácer,Villarreal | Dortmund,2,Dortmund,1819,Jugador con cambio de club en histórico: requiere validación externa
position_taxonomy,pape matar sarr,Pape Matar Sarr,Tottenham | Metz,2,Metz,2122,Jugador con cambio de club en histórico: requiere validación externa
position_taxonomy,papu gomez,Papu Gómez,Sevilla | Atalanta,2,Atalanta,1920,Jugador con cambio de club en histórico: requiere validación externa
position_taxonomy,pascal gro,Pascal Groß,Brighton | Dortmund,2,Dortmund,2425,Jugador con cambio de club en histórico: requiere validación externa
position_taxonomy,pascal stenzel,Pascal Stenzel,Freiburg | Stuttgart,2,Stuttgart,2324,Jugador con cambio de club en histórico: requiere validación externa
position_taxonomy,pasquale mazzocchi,Pasquale Mazzocchi,Salernitana | Venezia,2,Salernitana,2324,Jugador con cambio de club en histórico: requiere validación externa
position_taxonomy,pasquale schiattarella,Pasquale Schiattarella,SPAL | Benevento,2,Benevento,2021,Jugador con cambio de club en histórico: requiere validación externa
position_taxonomy,patrick burner,Patrick Burner,Nice | Nîmes,2,Nîmes,2021,Jugador con cambio de club en histórico: requiere validación externa
position_taxonomy,patrick osterhage,Patrick Osterhage,Bochum | Freiburg,2,Freiburg,2425,Jugador con cambio de club en histórico: requiere validación externa
position_taxonomy,patrick wimmer,Patrick Wimmer,Arminia | Wolfsburg,2,Wolfsburg,2425,Jugador con cambio de club en histórico: requiere validación externa
position_taxonomy,omer toprak,Ömer Toprak,Dortmund | Werder Bremen,2,Werder Bremen,2021,Jugador con cambio de club en histórico: requiere validación externa
position_taxonomy,ben mee,Ben Mee,Burnley | Brentford,2,Brentford,2324,Jugador con cambio de club en histórico: requiere validación externa
position_taxonomy,ben white,Ben White,Brighton | Arsenal,2,Arsenal,2425,Jugador con cambio de club en histórico: requiere validación externa
position_taxonomy,benito raman,Benito Raman,Düsseldorf | Schalke 04,2,Schalke 04,2021,Jugador con cambio de club en histórico: requiere validación externa
position_taxonomy,bartosz bereszynski,Bartosz Bereszyński,Sampdoria | Empoli,2,Empoli,2324,Jugador con cambio de club en histórico: requiere validación externa
position_taxonomy,bartosz salamon,Bartosz Salamon,SPAL | Frosinone,2,Frosinone,1819,Jugador con cambio de club en histórico: requiere validación externa
position_taxonomy,bastian oczipka,Bastian Oczipka,Schalke 04 | Union Berlin,2,Union Berlin,2122,Jugador con cambio de club en histórico: requiere validación externa
position_taxonomy,ben chilwell,Ben Chilwell,Leicester City | Chelsea,2,Chelsea,2223,Jugador con cambio de club en histórico: requiere validación externa
position_taxonomy,ben foster,Ben Foster,West Brom | Watford,2,Watford,2122,Jugador con cambio de club en histórico: requiere validación externa
position_taxonomy,arnaud nordin,Arnaud Nordin,Saint-Étienne | Montpellier,2,Montpellier,2425,Jugador con cambio de club en histórico: requiere validación externa
position_taxonomy,arnaud souquet,Arnaud Souquet,Nice | Montpellier,2,Montpellier,2122,Jugador con cambio de club en histórico: requiere validación externa
position_taxonomy,paul lasne,Paul Lasne,Montpellier | Brest,2,Brest,2021,Jugador con cambio de club en histórico: requiere validación externa
position_taxonomy,paulinho,Paulinho,Barcelona | Leverkusen,2,Leverkusen,2122,Jugador con cambio de club en histórico: requiere validación externa
position_taxonomy,paulo dybala,Paulo Dybala,Juventus | Roma,2,Roma,2425,Jugador con cambio de club en histórico: requiere validación externa
position_taxonomy,paulo gazzaniga,Paulo Gazzaniga,Tottenham | Girona,2,Girona,2425,Jugador con cambio de club en histórico: requiere validación externa
position_taxonomy,pedro alcala,Pedro Alcalá,Girona | Cádiz,2,Cádiz,2021,Jugador con cambio de club en histórico: requiere validación externa
position_taxonomy,pedro bigas,Pedro Bigas,Eibar | Elche,2,Elche,2223,Jugador con cambio de club en histórico: requiere validación externa
position_taxonomy,pedro lopez munoz,Pedro López Muñoz,Levante | Huesca,2,Huesca,2021,Jugador con cambio de club en histórico: requiere validación externa
position_taxonomy,pedro mosquera,Pedro Mosquera,La Coruña | Huesca,2,Huesca,2021,Jugador con cambio de club en histórico: requiere validación externa
position_taxonomy,pedro neto,Pedro Neto,Wolves | Chelsea,2,Chelsea,2425,Jugador con cambio de club en histórico: requiere validación externa
position_taxonomy,raheem sterling,Raheem Sterling,Manchester City | Chelsea,2,Chelsea,2324,Jugador con cambio de club en histórico: requiere validación externa
position_taxonomy,pedro porro,Pedro Porro,Tottenham | Girona,2,Girona,1819,Jugador con cambio de club en histórico: requiere validación externa
position_taxonomy,pere pons,Pere Pons,Girona | Alavés,2,Alavés,2122,Jugador con cambio de club en histórico: requiere validación externa
position_taxonomy,perparim hetemaj,Përparim Hetemaj,Chievo | Benevento,2,Benevento,2021,Jugador con cambio de club en histórico: requiere validación externa
position_taxonomy,philip billing,Philip Billing,Huddersfield | Bournemouth,2,Bournemouth,2324,Jugador con cambio de club en histórico: requiere validación externa
position_taxonomy,philipp forster,Philipp Förster,Stuttgart | Bochum,2,Bochum,2223,Jugador con cambio de club en histórico: requiere validación externa
position_taxonomy,philipp max,Philipp Max,Augsburg | Eint Frankfurt,2,Eint Frankfurt,2324,Jugador con cambio de club en histórico: requiere validación externa
position_taxonomy,pierre kalulu,Pierre Kalulu,Milan | Juventus,2,Juventus,2425,Jugador con cambio de club en histórico: requiere validación externa
position_taxonomy,piotr zielinski,Piotr Zieliński,Napoli | Inter,2,Inter,2425,Jugador con cambio de club en histórico: requiere validación externa
position_taxonomy,pontus almqvist,Pontus Almqvist,Lecce | Parma,2,Parma,2425,Jugador con cambio de club en histórico: requiere validación externa
position_taxonomy,pau torres,Pau Torres,Aston Villa | Villarreal,2,Villarreal,2223,Jugador con cambio de club en histórico: requiere validación externa
position_taxonomy,axel witsel,Axel Witsel,Atlético Madrid | Dortmund,2,Dortmund,2122,Jugador con cambio de club en histórico: requiere validación externa
position_taxonomy,aymeric laporte,Aymeric Laporte,Manchester City | Athletic Club,2,Athletic Club,1718,Jugador con cambio de club en histórico: requiere validación externa
position_taxonomy,azor matusiwa,Azor Matusiwa,Reims | Rennes,2,Rennes,2425,Jugador con cambio de club en histórico: requiere validación externa
position_taxonomy,azzedine ounahi,Azzedine Ounahi,Angers | Marseille,2,Marseille,2324,Jugador con cambio de club en histórico: requiere validación externa
position_taxonomy,bafode diakite,Bafodé Diakité,Toulouse | Lille,2,Lille,2425,Jugador con cambio de club en histórico: requiere validación externa
position_taxonomy,artur ionita,Artur Ioniță,Cagliari | Benevento,2,Benevento,2021,Jugador con cambio de club en histórico: requiere validación externa
position_taxonomy,arturo calabresi,Arturo Calabresi,Amiens | Bologna,2,Bologna,1819,Jugador con cambio de club en histórico: requiere validación externa
position_taxonomy,assane diao,Assane Diao,Betis | Como,2,Como,2425,Jugador con cambio de club en histórico: requiere validación externa
position_taxonomy,augusto batalla,Augusto Batalla,Granada | Rayo Vallecano,2,Rayo Vallecano,2425,Jugador con cambio de club en histórico: requiere validación externa
position_taxonomy,antonio candela,Antonio Candela,Valladolid | Venezia,2,Venezia,2425,Jugador con cambio de club en histórico: requiere validación externa
position_taxonomy,prince oniangue,Prince Oniangué,Angers | Caen,2,Caen,1819,Jugador con cambio de club en histórico: requiere validación externa
position_taxonomy,quentin boisgard,Quentin Boisgard,Toulouse | Lorient,2,Lorient,2122,Jugador con cambio de club en histórico: requiere validación externa
position_taxonomy,quentin merlin,Quentin Merlin,Nantes | Marseille,2,Marseille,2425,Jugador con cambio de club en histórico: requiere validación externa
position_taxonomy,rachid alioui,Rachid Alioui,Nîmes | Angers,2,Angers,1920,Jugador con cambio de club en histórico: requiere validación externa
position_taxonomy,rade krunic,Rade Krunić,Empoli | Milan,2,Milan,2223,Jugador con cambio de club en histórico: requiere validación externa
position_taxonomy,radu dragusin,Radu Drăgușin,Tottenham | Genoa,2,Genoa,2324,Jugador con cambio de club en histórico: requiere validación externa
position_taxonomy,rafa gikiewicz,Rafał Gikiewicz,Union Berlin | Augsburg,2,Augsburg,2223,Jugador con cambio de club en histórico: requiere validación externa
position_taxonomy,rafa mir,Rafa Mir,Huesca | Sevilla,2,Sevilla,2223,Jugador con cambio de club en histórico: requiere validación externa
position_taxonomy,rafael borre,Rafael Borré,Eint Frankfurt | Werder Bremen,2,Werder Bremen,2324,Jugador con cambio de club en histórico: requiere validación externa
position_taxonomy,rafael leao,Rafael Leão,Lille | Milan,2,Milan,2425,Jugador con cambio de club en histórico: requiere validación externa
position_taxonomy,ragnar klavan,Ragnar Klavan,Liverpool | Cagliari,2,Cagliari,1920,Jugador con cambio de club en histórico: requiere validación externa
position_taxonomy,riccardo sottil,Riccardo Sottil,Cagliari | Fiorentina,2,Fiorentina,2324,Jugador con cambio de club en histórico: requiere validación externa
position_taxonomy,raman chibsah,Raman Chibsah,Benevento | Frosinone,2,Frosinone,1819,Jugador con cambio de club en histórico: requiere validación externa
position_taxonomy,rani khedira,Rani Khedira,Augsburg | Union Berlin,2,Union Berlin,2425,Jugador con cambio de club en histórico: requiere validación externa
position_taxonomy,raphael guerreiro,Raphaël Guerreiro,Dortmund | Bayern Munich,2,Bayern Munich,2425,Jugador con cambio de club en histórico: requiere validación externa
position_taxonomy,raphael varane,Raphaël Varane,Manchester Utd | Real Madrid,2,Real Madrid,2021,Jugador con cambio de club en histórico: requiere validación externa
position_taxonomy,rasmus hjlund,Rasmus Højlund,Manchester Utd | Atalanta,2,Atalanta,2223,Jugador con cambio de club en histórico: requiere validación externa
position_taxonomy,raul albiol,Raúl Albiol,Villarreal | Napoli,2,Napoli,1819,Jugador con cambio de club en histórico: requiere validación externa
position_taxonomy,raul de tomas,Raúl de Tomás,Rayo Vallecano | Espanyol,2,Rayo Vallecano,2324,Jugador con cambio de club en histórico: requiere validación externa
position_taxonomy,raul jimenez,Raúl Jiménez,Wolves | Fulham,2,Fulham,2425,Jugador con cambio de club en histórico: requiere validación externa
position_taxonomy,rayan ait nouri,Rayan Aït-Nouri,Wolves | Angers,2,Angers,1920,Jugador con cambio de club en histórico: requiere validación externa
position_taxonomy,razvan marin,Răzvan Marin,Cagliari | Empoli,2,Cagliari,2425,Jugador con cambio de club en histórico: requiere validación externa
position_taxonomy,predrag rajkovic,Predrag Rajković,Mallorca | Reims,2,Reims,2122,Jugador con cambio de club en histórico: requiere validación externa
position_taxonomy,arnaut danjuma,Arnaut Danjuma,Villarreal | Girona,2,Girona,2425,Jugador con cambio de club en histórico: requiere validación externa
position_taxonomy,artem dovbyk,Artem Dovbyk,Girona | Roma,2,Roma,2425,Jugador con cambio de club en histórico: requiere validación externa
position_taxonomy,arthur atta,Arthur Atta,Metz | Udinese,2,Udinese,2425,Jugador con cambio de club en histórico: requiere validación externa
position_taxonomy,arthur desmas,Arthur Desmas,Clermont Foot | Le Havre,2,Le Havre,2425,Jugador con cambio de club en histórico: requiere validación externa
position_taxonomy,antonio mirante,Antonio Mirante,Bologna | Roma,2,Roma,2021,Jugador con cambio de club en histórico: requiere validación externa
position_taxonomy,antonio rudiger,Antonio Rüdiger,Chelsea | Real Madrid,2,Real Madrid,2425,Jugador con cambio de club en histórico: requiere validación externa
position_taxonomy,antony,Antony,Manchester Utd | Betis,2,Betis,2425,Jugador con cambio de club en histórico: requiere validación externa
position_taxonomy,anwar el ghazi,Anwar El Ghazi,Aston Villa | Lille,2,Lille,1718,Jugador con cambio de club en histórico: requiere validación externa
position_taxonomy,ardian ismajli,Ardian Ismajli,Spezia | Empoli,2,Empoli,2425,Jugador con cambio de club en histórico: requiere validación externa
position_taxonomy,aridane hernandez,Aridane Hernández,Osasuna | Rayo Vallecano,2,Rayo Vallecano,2425,Jugador con cambio de club en histórico: requiere validación externa
position_taxonomy,arijanet muric,Arijanet Muric,Burnley | Ipswich Town,2,Ipswich Town,2425,Jugador con cambio de club en histórico: requiere validación externa
position_taxonomy,armand lauriente,Armand Lauriente,Lorient | Sassuolo,2,Sassuolo,2324,Jugador con cambio de club en histórico: requiere validación externa
position_taxonomy,armel bella kotchap,Armel Bella Kotchap,Southampton | Bochum,2,Bochum,2122,Jugador con cambio de club en histórico: requiere validación externa
position_taxonomy,arnaud kalimuendo,Arnaud Kalimuendo,Lens | Rennes,2,Rennes,2425,Jugador con cambio de club en histórico: requiere validación externa
position_taxonomy,angel rodriguez,Ángel Rodríguez,Getafe | Mallorca,2,Mallorca,2122,Jugador con cambio de club en histórico: requiere validación externa
position_taxonomy,remy cabella,Rémy Cabella,Saint-Étienne | Lille,2,Lille,2425,Jugador con cambio de club en histórico: requiere validación externa
position_taxonomy,renato tapia,Renato Tapia,Celta Vigo | Leganés,2,Leganés,2425,Jugador con cambio de club en histórico: requiere validación externa
position_taxonomy,renaud ripart,Renaud Ripart,Nîmes | Troyes,2,Troyes,2223,Jugador con cambio de club en histórico: requiere validación externa
position_taxonomy,riccardo calafiori,Riccardo Calafiori,Arsenal | Bologna,2,Bologna,2324,Jugador con cambio de club en histórico: requiere validación externa
position_taxonomy,riccardo gagliolo,Riccardo Gagliolo,Parma | Salernitana,2,Salernitana,2122,Jugador con cambio de club en histórico: requiere validación externa
position_taxonomy,ritsu doan,Ritsu Doan,Arminia | Freiburg,2,Freiburg,2425,Jugador con cambio de club en histórico: requiere validación externa
position_taxonomy,riyad mahrez,Riyad Mahrez,Leicester City | Manchester City,2,Manchester City,2223,Jugador con cambio de club en histórico: requiere validación externa
position_taxonomy,robert andrich,Robert Andrich,Union Berlin | Leverkusen,2,Leverkusen,2425,Jugador con cambio de club en histórico: requiere validación externa
position_taxonomy,robert bauer,Robert Bauer,Werder Bremen | Nürnberg,2,Nürnberg,1819,Jugador con cambio de club en histórico: requiere validación externa
position_taxonomy,robert lewandowski,Robert Lewandowski,Barcelona | Bayern Munich,2,Bayern Munich,2122,Jugador con cambio de club en histórico: requiere validación externa
position_taxonomy,robert sanchez,Robert Sánchez,Brighton | Chelsea,2,Chelsea,2425,Jugador con cambio de club en histórico: requiere validación externa
position_taxonomy,roberto,Roberto,Málaga | Valladolid,2,Valladolid,2021,Jugador con cambio de club en histórico: requiere validación externa
position_taxonomy,roberto gagliardini,Roberto Gagliardini,Inter | Monza,2,Monza,2324,Jugador con cambio de club en histórico: requiere validación externa
position_taxonomy,roberto inglese,Roberto Inglese,Chievo | Parma,2,Parma,1819,Jugador con cambio de club en histórico: requiere validación externa
position_taxonomy,roberto navarro,Roberto Navarro,Cádiz | Mallorca,2,Mallorca,2425,Jugador con cambio de club en histórico: requiere validación externa
position_taxonomy,roberto pereyra,Roberto Pereyra,Watford | Udinese,2,Udinese,2324,Jugador con cambio de club en histórico: requiere validación externa
position_taxonomy,roberto piccoli,Roberto Piccoli,Lecce | Cagliari,2,Cagliari,2425,Jugador con cambio de club en histórico: requiere validación externa
position_taxonomy,roberto soriano,Roberto Soriano,Villarreal | Bologna,2,Bologna,2223,Jugador con cambio de club en histórico: requiere validación externa
position_taxonomy,robin hack,Robin Hack,Arminia | Gladbach,2,Gladbach,2425,Jugador con cambio de club en histórico: requiere validación externa
position_taxonomy,recio,Recio,Málaga | Leganés,2,Leganés,1920,Jugador con cambio de club en histórico: requiere validación externa
position_taxonomy,reinildo mandava,Reinildo Mandava,Atlético Madrid | Lille,2,Lille,2122,Jugador con cambio de club en histórico: requiere validación externa
position_taxonomy,ruben sobrino,Rubén Sobrino,Alavés | Cádiz,2,Cádiz,2324,Jugador con cambio de club en histórico: requiere validación externa
position_taxonomy,ruben vezo,Rúben Vezo,Valencia | Levante,2,Levante,2122,Jugador con cambio de club en histórico: requiere validación externa
position_taxonomy,rui patricio,Rui Patrício,Wolves | Roma,2,Roma,2324,Jugador con cambio de club en histórico: requiere validación externa
position_taxonomy,robin knoche,Robin Knoche,Wolfsburg | Union Berlin,2,Union Berlin,2324,Jugador con cambio de club en histórico: requiere validación externa
position_taxonomy,robin le normand,Robin Le Normand,Real Sociedad | Atlético Madrid,2,Atlético Madrid,2425,Jugador con cambio de club en histórico: requiere validación externa
position_taxonomy,robin olsen,Robin Olsen,Roma | Cagliari,2,Cagliari,1920,Jugador con cambio de club en histórico: requiere validación externa
position_taxonomy,rodrigo,Rodrigo,Leeds United | Valencia,2,Valencia,1920,Jugador con cambio de club en histórico: requiere validación externa
position_taxonomy,rodrigo battaglia,Rodrigo Battaglia,Alavés | Mallorca,2,Mallorca,2122,Jugador con cambio de club en histórico: requiere validación externa
position_taxonomy,rodrigo bentancur,Rodrigo Bentancur,Tottenham | Juventus,2,Juventus,2122,Jugador con cambio de club en histórico: requiere validación externa
position_taxonomy,rodrigo de paul,Rodrigo De Paul,Atlético Madrid | Udinese,2,Udinese,2021,Jugador con cambio de club en histórico: requiere validación externa
position_taxonomy,rodrigo ely,Rodrigo Ely,Alavés | Almería,2,Almería,2223,Jugador con cambio de club en histórico: requiere validación externa
position_taxonomy,rodrigo riquelme,Rodrigo Riquelme,Girona | Atlético Madrid,2,Atlético Madrid,2324,Jugador con cambio de club en histórico: requiere validación externa
position_taxonomy,roger marti,Roger Martí,Levante | Cádiz,2,Cádiz,2324,Jugador con cambio de club en histórico: requiere validación externa
position_taxonomy,rogerio,Rogério,Wolfsburg | Sassuolo,2,Sassuolo,2223,Jugador con cambio de club en histórico: requiere validación externa
position_taxonomy,romain del castillo,Romain Del Castillo,Rennes | Brest,2,Brest,2425,Jugador con cambio de club en histórico: requiere validación externa
position_taxonomy,romain faivre,Romain Faivre,Brest | Lorient,2,Lorient,2324,Jugador con cambio de club en histórico: requiere validación externa
position_taxonomy,angelo fulgini,Angelo Fulgini,Angers | Lens,2,Lens,2425,Jugador con cambio de club en histórico: requiere validación externa
position_taxonomy,angelo stiller,Angelo Stiller,Hoffenheim | Stuttgart,2,Stuttgart,2425,Jugador con cambio de club en histórico: requiere validación externa
position_taxonomy,ante rebic,Ante Rebić,Eint Frankfurt | Milan,2,Milan,2223,Jugador con cambio de club en histórico: requiere validación externa
position_taxonomy,anthony caci,Anthony Caci,Strasbourg | Mainz 05,2,Mainz 05,2425,Jugador con cambio de club en histórico: requiere validación externa
position_taxonomy,anthony elanga,Anthony Elanga,Manchester Utd | Nott'ham Forest,2,Nott'ham Forest,2425,Jugador con cambio de club en histórico: requiere validación externa
position_taxonomy,anthony gordon,Anthony Gordon,Everton | Newcastle Utd,2,Newcastle Utd,2425,Jugador con cambio de club en histórico: requiere validación externa
position_taxonomy,anthony lopes,Anthony Lopes,Lyon | Nantes,2,Nantes,2425,Jugador con cambio de club en histórico: requiere validación externa
position_taxonomy,antoine griezmann,Antoine Griezmann,Atlético Madrid | Barcelona,2,Atlético Madrid,2425,Jugador con cambio de club en histórico: requiere validación externa
position_taxonomy,anton stach,Anton Stach,Mainz 05 | Hoffenheim,2,Hoffenheim,2425,Jugador con cambio de club en histórico: requiere validación externa
position_taxonomy,antonin bobichon,Antonin Bobichon,Nîmes | Angers,2,Angers,2021,Jugador con cambio de club en histórico: requiere validación externa
position_taxonomy,antonio barragan,Antonio Barragán,Betis | Elche,2,Elche,2122,Jugador con cambio de club en histórico: requiere validación externa
position_taxonomy,andrea carboni,Andrea Carboni,Cagliari | Monza,2,Monza,2425,Jugador con cambio de club en histórico: requiere validación externa
position_taxonomy,andrea colpani,Andrea Colpani,Monza | Fiorentina,2,Fiorentina,2425,Jugador con cambio de club en histórico: requiere validación externa
position_taxonomy,ronael pierre gabriel,Ronaël Pierre-Gabriel,Saint-Étienne | Brest,2,Brest,2122,Jugador con cambio de club en histórico: requiere validación externa
position_taxonomy,ruben,Rubén,La Coruña | Osasuna,2,Osasuna,1920,Jugador con cambio de club en histórico: requiere validación externa
position_taxonomy,ruben alcaraz,Rubén Alcaraz,Valladolid | Cádiz,2,Cádiz,2324,Jugador con cambio de club en histórico: requiere validación externa
position_taxonomy,santi comesana,Santi Comesaña,Rayo Vallecano | Villarreal,2,Villarreal,2425,Jugador con cambio de club en histórico: requiere validación externa
position_taxonomy,santi mina,Santi Mina,Valencia | Celta Vigo,2,Celta Vigo,2122,Jugador con cambio de club en histórico: requiere validación externa
position_taxonomy,santiago ascacibar,Santiago Ascacíbar,Stuttgart | Hertha BSC,2,Hertha BSC,2122,Jugador con cambio de club en histórico: requiere validación externa
position_taxonomy,santiago bueno,Santiago Bueno,Wolves | Girona,2,Girona,2223,Jugador con cambio de club en histórico: requiere validación externa
position_taxonomy,rui silva,Rui Silva,Granada | Betis,2,Betis,2425,Jugador con cambio de club en histórico: requiere validación externa
position_taxonomy,ryad boudebouz,Ryad Boudebouz,Betis | Saint-Étienne,2,Saint-Étienne,2122,Jugador con cambio de club en histórico: requiere validación externa
position_taxonomy,ryan fraser,Ryan Fraser,Bournemouth | Newcastle Utd,2,Newcastle Utd,2122,Jugador con cambio de club en histórico: requiere validación externa
position_taxonomy,sadio mane,Sadio Mané,Liverpool | Bayern Munich,2,Bayern Munich,2223,Jugador con cambio de club en histórico: requiere validación externa
position_taxonomy,saidou sow,Saidou Sow,Saint-Étienne | Strasbourg,2,Strasbourg,2425,Jugador con cambio de club en histórico: requiere validación externa
position_taxonomy,salif sane,Salif Sané,Hannover 96 | Schalke 04,2,Schalke 04,2021,Jugador con cambio de club en histórico: requiere validación externa
position_taxonomy,salih ozcan,Salih Özcan,Köln | Dortmund,2,Dortmund,2324,Jugador con cambio de club en histórico: requiere validación externa
position_taxonomy,salis abdul samed,Salis Abdul Samed,Clermont Foot | Lens,2,Lens,2324,Jugador con cambio de club en histórico: requiere validación externa
position_taxonomy,salomon rondon,Salomón Rondón,West Brom | Newcastle Utd,2,Newcastle Utd,1819,Jugador con cambio de club en histórico: requiere validación externa
position_taxonomy,salvatore sirigu,Salvatore Sirigu,Torino | Genoa,2,Genoa,2122,Jugador con cambio de club en histórico: requiere validación externa
position_taxonomy,sam johnstone,Sam Johnstone,West Brom | Crystal Palace,2,Crystal Palace,2324,Jugador con cambio de club en histórico: requiere validación externa
position_taxonomy,romain hamouma,Romain Hamouma,Saint-Étienne | Ajaccio,2,Ajaccio,2223,Jugador con cambio de club en histórico: requiere validación externa
position_taxonomy,andreas cornelius,Andreas Cornelius,Atalanta | Parma,2,Parma,2021,Jugador con cambio de club en histórico: requiere validación externa
position_taxonomy,andreas luthe,Andreas Luthe,Augsburg | Union Berlin,2,Union Berlin,2122,Jugador con cambio de club en histórico: requiere validación externa
position_taxonomy,andrew gravillon,Andrew Gravillon,Lorient | Reims,2,Reims,2223,Jugador con cambio de club en histórico: requiere validación externa
position_taxonomy,andriy yarmolenko,Andriy Yarmolenko,West Ham | Dortmund,2,Dortmund,1718,Jugador con cambio de club en histórico: requiere validación externa
position_taxonomy,andy pelmard,Andy Pelmard,Nice | Clermont Foot,2,Clermont Foot,2324,Jugador con cambio de club en histórico: requiere validación externa
position_taxonomy,anel ahmedhodzic,Anel Ahmedhodžić,Sheffield Utd | Bordeaux,2,Bordeaux,2122,Jugador con cambio de club en histórico: requiere validación externa
position_taxonomy,angel di maria,Ángel Di María,Paris S-G | Juventus,2,Juventus,2223,Jugador con cambio de club en histórico: requiere validación externa
position_taxonomy,amir richardson,Amir Richardson,Reims | Fiorentina,2,Fiorentina,2425,Jugador con cambio de club en histórico: requiere validación externa
position_taxonomy,amir rrahmani,Amir Rrahmani,Hellas Verona | Napoli,2,Napoli,2425,Jugador con cambio de club en histórico: requiere validación externa
position_taxonomy,samu costa,Samu Costa,Almería | Mallorca,2,Mallorca,2425,Jugador con cambio de club en histórico: requiere validación externa
position_taxonomy,samuel chukwueze,Samuel Chukwueze,Villarreal | Milan,2,Milan,2425,Jugador con cambio de club en histórico: requiere validación externa
position_taxonomy,samuel grandsir,Samuel Grandsir,Troyes | Brest,2,Brest,1920,Jugador con cambio de club en histórico: requiere validación externa
position_taxonomy,samuel lino,Samuel Lino,Valencia | Atlético Madrid,2,Atlético Madrid,2425,Jugador con cambio de club en histórico: requiere validación externa
position_taxonomy,samuel umtiti,Samuel Umtiti,Barcelona | Lecce,2,Lecce,2223,Jugador con cambio de club en histórico: requiere validación externa
position_taxonomy,samuele ricci,Samuele Ricci,Empoli | Torino,2,Torino,2425,Jugador con cambio de club en histórico: requiere validación externa
position_taxonomy,sanjin prcic,Sanjin Prcić,Rennes | Strasbourg,2,Strasbourg,2223,Jugador con cambio de club en histórico: requiere validación externa
position_taxonomy,sergio asenjo,Sergio Asenjo,Villarreal | Valladolid,2,Valladolid,2223,Jugador con cambio de club en histórico: requiere validación externa
position_taxonomy,sergio canales,Sergio Canales,Real Sociedad | Betis,2,Betis,2223,Jugador con cambio de club en histórico: requiere validación externa
position_taxonomy,sergio leon,Sergio León,Betis | Valladolid,2,Valladolid,2223,Jugador con cambio de club en histórico: requiere validación externa
position_taxonomy,saul coco,Saúl Coco,Las Palmas | Torino,2,Torino,2425,Jugador con cambio de club en histórico: requiere validación externa
position_taxonomy,saul niguez,Saúl Ñíguez,Atlético Madrid | Sevilla,2,Sevilla,2425,Jugador con cambio de club en histórico: requiere validación externa
position_taxonomy,savio,Sávio,Manchester City | Girona,2,Girona,2324,Jugador con cambio de club en histórico: requiere validación externa
position_taxonomy,scott mckenna,Scott McKenna,Nott'ham Forest | Las Palmas,2,Las Palmas,2425,Jugador con cambio de club en histórico: requiere validación externa
position_taxonomy,scott mctominay,Scott McTominay,Manchester Utd | Napoli,2,Napoli,2425,Jugador con cambio de club en histórico: requiere validación externa
position_taxonomy,sebastiaan bornauw,Sebastiaan Bornauw,Köln | Wolfsburg,2,Wolfsburg,2324,Jugador con cambio de club en histórico: requiere validación externa
position_taxonomy,sebastian andersson,Sebastian Andersson,Union Berlin | Köln,2,Köln,2122,Jugador con cambio de club en histórico: requiere validación externa
position_taxonomy,sebastian langkamp,Sebastian Langkamp,Hertha BSC | Werder Bremen,2,Werder Bremen,1819,Jugador con cambio de club en histórico: requiere validación externa
position_taxonomy,sebastian vasiliadis,Sebastian Vasiliadis,Paderborn 07 | Arminia,2,Arminia,2122,Jugador con cambio de club en histórico: requiere validación externa
position_taxonomy,sebastien de maio,Sebastien De Maio,Bologna | Udinese,2,Udinese,1920,Jugador con cambio de club en histórico: requiere validación externa
position_taxonomy,samir santos,Samir Santos,Watford | Udinese,2,Udinese,2122,Jugador con cambio de club en histórico: requiere validación externa
position_taxonomy,andrea masiello,Andrea Masiello,Atalanta | Genoa,2,Genoa,2021,Jugador con cambio de club en histórico: requiere validación externa
position_taxonomy,andreas christensen,Andreas Christensen,Chelsea | Barcelona,2,Barcelona,2324,Jugador con cambio de club en histórico: requiere validación externa
position_taxonomy,amos pieper,Amos Pieper,Arminia | Werder Bremen,2,Werder Bremen,2425,Jugador con cambio de club en histórico: requiere validación externa
position_taxonomy,ander capa,Ander Capa,Eibar | Athletic Club,2,Athletic Club,2021,Jugador con cambio de club en histórico: requiere validación externa
position_taxonomy,ander guevara,Ander Guevara,Real Sociedad | Alavés,2,Alavés,2425,Jugador con cambio de club en histórico: requiere validación externa
position_taxonomy,andre ayew,André Ayew,Swansea City | Le Havre,2,Le Havre,2425,Jugador con cambio de club en histórico: requiere validación externa
position_taxonomy,andre gomes,André Gomes,Everton | Lille,2,Lille,2425,Jugador con cambio de club en histórico: requiere validación externa
position_taxonomy,andre hahn,André Hahn,Hamburger SV | Augsburg,2,Augsburg,2122,Jugador con cambio de club en histórico: requiere validación externa
position_taxonomy,andre onana,André Onana,Manchester Utd | Inter,2,Inter,2223,Jugador con cambio de club en histórico: requiere validación externa
position_taxonomy,andre schurrle,André Schürrle,Fulham | Dortmund,2,Dortmund,1718,Jugador con cambio de club en histórico: requiere validación externa
position_taxonomy,alisson,Alisson,Liverpool | Roma,2,Roma,1718,Jugador con cambio de club en histórico: requiere validación externa
position_taxonomy,allan,Allan,Everton | Napoli,2,Napoli,1920,Jugador con cambio de club en histórico: requiere validación externa
position_taxonomy,serge gnabry,Serge Gnabry,Hoffenheim | Bayern Munich,2,Bayern Munich,2425,Jugador con cambio de club en histórico: requiere validación externa
position_taxonomy,sergi canos,Sergi Canós,Brentford | Valencia,2,Valencia,2324,Jugador con cambio de club en histórico: requiere validación externa
position_taxonomy,sergi cardona,Sergi Cardona,Las Palmas | Villarreal,2,Villarreal,2425,Jugador con cambio de club en histórico: requiere validación externa
position_taxonomy,sergi darder,Sergi Darder,Espanyol | Mallorca,2,Mallorca,2425,Jugador con cambio de club en histórico: requiere validación externa
position_taxonomy,sergio akieme,Sergio Akieme,Almería | Reims,2,Reims,2425,Jugador con cambio de club en histórico: requiere validación externa
position_taxonomy,sergio alvarez,Sergio Álvarez,Celta Vigo | Eibar,2,Eibar,2021,Jugador con cambio de club en histórico: requiere validación externa
position_taxonomy,stefano sabelli,Stefano Sabelli,Brescia | Genoa,2,Genoa,2425,Jugador con cambio de club en histórico: requiere validación externa
position_taxonomy,stefano sensi,Stefano Sensi,Sassuolo | Monza,2,Monza,2223,Jugador con cambio de club en histórico: requiere validación externa
position_taxonomy,stefano turati,Stefano Turati,Frosinone | Monza,2,Monza,2425,Jugador con cambio de club en histórico: requiere validación externa
position_taxonomy,sheraldo becker,Sheraldo Becker,Real Sociedad | Union Berlin,2,Union Berlin,2223,Jugador con cambio de club en histórico: requiere validación externa
position_taxonomy,shinji okazaki,Shinji Okazaki,Leicester City | Huesca,2,Huesca,2021,Jugador con cambio de club en histórico: requiere validación externa
position_taxonomy,shkodran mustafi,Shkodran Mustafi,Arsenal | Schalke 04,2,Schalke 04,2021,Jugador con cambio de club en histórico: requiere validación externa
position_taxonomy,sidnei,Sidnei,La Coruña | Betis,2,Betis,1920,Jugador con cambio de club en histórico: requiere validación externa
position_taxonomy,silvan widmer,Silvan Widmer,Mainz 05 | Udinese,2,Udinese,1718,Jugador con cambio de club en histórico: requiere validación externa
position_taxonomy,simon kjr,Simon Kjær,Sevilla | Milan,2,Milan,2324,Jugador con cambio de club en histórico: requiere validación externa
position_taxonomy,simon zoller,Simon Zoller,Köln | Bochum,2,Bochum,2223,Jugador con cambio de club en histórico: requiere validación externa
position_taxonomy,simone missiroli,Simone Missiroli,Sassuolo | SPAL,2,SPAL,1920,Jugador con cambio de club en histórico: requiere validación externa
position_taxonomy,simone romagnoli,Simone Romagnoli,Empoli | Frosinone,2,Frosinone,2324,Jugador con cambio de club en histórico: requiere validación externa
position_taxonomy,simone zaza,Simone Zaza,Valencia | Torino,2,Torino,2021,Jugador con cambio de club en histórico: requiere validación externa
position_taxonomy,sinaly diomande,Sinaly Diomande,Lyon | Auxerre,2,Auxerre,2425,Jugador con cambio de club en histórico: requiere validación externa
position_taxonomy,seko fofana,Seko Fofana,Lens | Udinese,2,Udinese,1920,Jugador con cambio de club en histórico: requiere validación externa
position_taxonomy,sepp van den berg,Sepp van den Berg,Brentford | Mainz 05,2,Mainz 05,2324,Jugador con cambio de club en histórico: requiere validación externa
position_taxonomy,allan saint maximin,Allan Saint-Maximin,Newcastle Utd | Nice,2,Nice,1819,Jugador con cambio de club en histórico: requiere validación externa
position_taxonomy,almamy toure,Almamy Touré,Monaco | Eint Frankfurt,2,Eint Frankfurt,1920,Jugador con cambio de club en histórico: requiere validación externa
position_taxonomy,alvaro gonzalez,Álvaro González,Villarreal | Marseille,2,Marseille,2021,Jugador con cambio de club en histórico: requiere validación externa
position_taxonomy,alvaro medran,Álvaro Medrán,Alavés | Rayo Vallecano,2,Rayo Vallecano,1819,Jugador con cambio de club en histórico: requiere validación externa
position_taxonomy,alvaro tejero,Álvaro Tejero,Eibar | Espanyol,2,Espanyol,2425,Jugador con cambio de club en histórico: requiere validación externa
position_taxonomy,amath,Amath,Getafe | Mallorca,2,Mallorca,2223,Jugador con cambio de club en histórico: requiere validación externa
position_taxonomy,amine harit,Amine Harit,Marseille | Schalke 04,2,Schalke 04,2021,Jugador con cambio de club en histórico: requiere validación externa
position_taxonomy,alexander isak,Alexander Isak,Newcastle Utd | Real Sociedad,2,Real Sociedad,2122,Jugador con cambio de club en histórico: requiere validación externa
position_taxonomy,souleymane toure,Souleymane Touré,Auxerre | Lorient,2,Lorient,2324,Jugador con cambio de club en histórico: requiere validación externa
position_taxonomy,stanislav lobotka,Stanislav Lobotka,Celta Vigo | Napoli,2,Napoli,2425,Jugador con cambio de club en histórico: requiere validación externa
position_taxonomy,stanley n soki,Stanley N'Soki,Nice | Hoffenheim,2,Hoffenheim,2425,Jugador con cambio de club en histórico: requiere validación externa
position_taxonomy,stefan de vrij,Stefan de Vrij,Lazio | Inter,2,Inter,2425,Jugador con cambio de club en histórico: requiere validación externa
position_taxonomy,stefan ilsanker,Stefan Ilsanker,RB Leipzig | Eint Frankfurt,2,Eint Frankfurt,2021,Jugador con cambio de club en histórico: requiere validación externa
position_taxonomy,stefan mitrovic,Stefan Mitrović,Getafe | Strasbourg,2,Strasbourg,2021,Jugador con cambio de club en histórico: requiere validación externa
position_taxonomy,stefan ortega,Stefan Ortega,Manchester City | Arminia,2,Arminia,2122,Jugador con cambio de club en histórico: requiere validación externa
position_taxonomy,stefan posch,Stefan Posch,Hoffenheim | Bologna,2,Bologna,2324,Jugador con cambio de club en histórico: requiere validación externa
position_taxonomy,thiago silva,Thiago Silva,Chelsea | Paris S-G,2,Paris S-G,1920,Jugador con cambio de club en histórico: requiere validación externa
position_taxonomy,thibaut courtois,Thibaut Courtois,Chelsea | Real Madrid,2,Real Madrid,2425,Jugador con cambio de club en histórico: requiere validación externa
position_taxonomy,thijs dallinga,Thijs Dallinga,Toulouse | Bologna,2,Bologna,2425,Jugador con cambio de club en histórico: requiere validación externa
position_taxonomy,thomas delaine,Thomas Delaine,Metz | Strasbourg,2,Strasbourg,2324,Jugador con cambio de club en histórico: requiere validación externa
position_taxonomy,stephane bahoken,Stéphane Bahoken,Strasbourg | Angers,2,Angers,2122,Jugador con cambio de club en histórico: requiere validación externa
position_taxonomy,steve cook,Steve Cook,Bournemouth | Nott'ham Forest,2,Nott'ham Forest,2223,Jugador con cambio de club en histórico: requiere validación externa
position_taxonomy,steve mandanda,Steve Mandanda,Marseille | Rennes,2,Rennes,2425,Jugador con cambio de club en histórico: requiere validación externa
position_taxonomy,steve mounie,Steve Mounié,Huddersfield | Brest,2,Brest,2324,Jugador con cambio de club en histórico: requiere validación externa
position_taxonomy,steven zuber,Steven Zuber,Hoffenheim | Stuttgart,2,Stuttgart,1819,Jugador con cambio de club en histórico: requiere validación externa
position_taxonomy,suso,Suso,Sevilla | Milan,2,Milan,1920,Jugador con cambio de club en histórico: requiere validación externa
position_taxonomy,sven botman,Sven Botman,Newcastle Utd | Lille,2,Lille,2122,Jugador con cambio de club en histórico: requiere validación externa
position_taxonomy,taiwo awoniyi,Taiwo Awoniyi,Nott'ham Forest | Union Berlin,2,Union Berlin,2122,Jugador con cambio de club en histórico: requiere validación externa
position_taxonomy,takefusa kubo,Takefusa Kubo,Mallorca | Real Sociedad,2,Real Sociedad,2425,Jugador con cambio de club en histórico: requiere validación externa
position_taxonomy,takehiro tomiyasu,Takehiro Tomiyasu,Arsenal | Bologna,2,Bologna,2021,Jugador con cambio de club en histórico: requiere validación externa
position_taxonomy,takuma asano,Takuma Asano,Mallorca | Bochum,2,Bochum,2324,Jugador con cambio de club en histórico: requiere validación externa
position_taxonomy,sofiane diop,Sofiane Diop,Monaco | Nice,2,Nice,2425,Jugador con cambio de club en histórico: requiere validación externa
position_taxonomy,tanguy coulibaly,Tanguy Coulibaly,Montpellier | Stuttgart,2,Stuttgart,2122,Jugador con cambio de club en histórico: requiere validación externa
position_taxonomy,alexandre lacazette,Alexandre Lacazette,Arsenal | Lyon,2,Lyon,2425,Jugador con cambio de club en histórico: requiere validación externa
position_taxonomy,alexandre oukidja,Alexandre Oukidja,Strasbourg | Metz,2,Metz,2324,Jugador con cambio de club en histórico: requiere validación externa
position_taxonomy,alexis claude maurice,Alexis Claude-Maurice,Nice | Augsburg,2,Augsburg,2425,Jugador con cambio de club en histórico: requiere validación externa
position_taxonomy,alexis mac allister,Alexis Mac Allister,Brighton | Liverpool,2,Liverpool,2425,Jugador con cambio de club en histórico: requiere validación externa
position_taxonomy,alfie mawson,Alfie Mawson,Swansea City | Fulham,2,Fulham,1819,Jugador con cambio de club en histórico: requiere validación externa
position_taxonomy,alfonso espino,Alfonso Espino,Cádiz | Rayo Vallecano,2,Rayo Vallecano,2324,Jugador con cambio de club en histórico: requiere validación externa
position_taxonomy,alessandro bastoni,Alessandro Bastoni,Parma | Inter,2,Inter,2425,Jugador con cambio de club en histórico: requiere validación externa
position_taxonomy,alessandro buongiorno,Alessandro Buongiorno,Torino | Napoli,2,Napoli,2425,Jugador con cambio de club en histórico: requiere validación externa
position_taxonomy,teji savanier,Téji Savanier,Nîmes | Montpellier,2,Montpellier,2425,Jugador con cambio de club en histórico: requiere validación externa
position_taxonomy,terem moffi,Terem Moffi,Lorient | Nice,2,Nice,2324,Jugador con cambio de club en histórico: requiere validación externa
position_taxonomy,tete morente,Tete Morente,Elche | Lecce,2,Lecce,2425,Jugador con cambio de club en histórico: requiere validación externa
position_taxonomy,teun koopmeiners,Teun Koopmeiners,Atalanta | Juventus,2,Juventus,2425,Jugador con cambio de club en histórico: requiere validación externa
position_taxonomy,theo walcott,Theo Walcott,Everton | Southampton,2,Southampton,2223,Jugador con cambio de club en histórico: requiere validación externa
position_taxonomy,thiago alcantara,Thiago Alcántara,Liverpool | Bayern Munich,2,Bayern Munich,1920,Jugador con cambio de club en histórico: requiere validación externa
position_taxonomy,thiago mendes,Thiago Mendes,Lille | Lyon,2,Lyon,2223,Jugador con cambio de club en histórico: requiere validación externa
position_taxonomy,tonny vilhena,Tonny Vilhena,Espanyol | Salernitana,2,Salernitana,2223,Jugador con cambio de club en histórico: requiere validación externa
position_taxonomy,tosin adarabioyo,Tosin Adarabioyo,Fulham | Chelsea,2,Chelsea,2425,Jugador con cambio de club en histórico: requiere validación externa
position_taxonomy,tristan dingome,Tristan Dingomé,Troyes | Reims,2,Troyes,2122,Jugador con cambio de club en histórico: requiere validación externa
position_taxonomy,thomas henry,Thomas Henry,Venezia | Hellas Verona,2,Hellas Verona,2223,Jugador con cambio de club en histórico: requiere validación externa
position_taxonomy,thomas lemar,Thomas Lemar,Atlético Madrid | Monaco,2,Monaco,1718,Jugador con cambio de club en histórico: requiere validación externa
position_taxonomy,thomas mangani,Thomas Mangani,Angers | Ajaccio,2,Ajaccio,2223,Jugador con cambio de club en histórico: requiere validación externa
position_taxonomy,thomas monconduit,Thomas Monconduit,Amiens | Lorient,2,Lorient,2122,Jugador con cambio de club en histórico: requiere validación externa
position_taxonomy,thomas partey,Thomas Partey,Arsenal | Atlético Madrid,2,Atlético Madrid,1920,Jugador con cambio de club en histórico: requiere validación externa
position_taxonomy,thorgan hazard,Thorgan Hazard,Gladbach | Dortmund,2,Dortmund,2122,Jugador con cambio de club en histórico: requiere validación externa
position_taxonomy,tiago tomas,Tiago Tomás,Stuttgart | Wolfsburg,2,Wolfsburg,2425,Jugador con cambio de club en histórico: requiere validación externa
position_taxonomy,tim skarke,Tim Skarke,Darmstadt 98 | Union Berlin,2,Union Berlin,2425,Jugador con cambio de club en histórico: requiere validación externa
position_taxonomy,timo baumgartl,Timo Baumgartl,Stuttgart | Union Berlin,2,Union Berlin,2122,Jugador con cambio de club en histórico: requiere validación externa
position_taxonomy,timo becker,Timo Becker,Schalke 04 | Holstein Kiel,2,Holstein Kiel,2425,Jugador con cambio de club en histórico: requiere validación externa
position_taxonomy,timo horn,Timo Horn,Köln | Bochum,2,Bochum,2425,Jugador con cambio de club en histórico: requiere validación externa
position_taxonomy,timo werner,Timo Werner,Chelsea | RB Leipzig,2,RB Leipzig,2223,Jugador con cambio de club en histórico: requiere validación externa
position_taxonomy,timothee pembele,Timothee Pembele,Bordeaux | Le Havre,2,Le Havre,2425,Jugador con cambio de club en histórico: requiere validación externa
position_taxonomy,alessandro schopf,Alessandro Schöpf,Schalke 04 | Arminia,2,Arminia,2122,Jugador con cambio de club en histórico: requiere validación externa
position_taxonomy,alessio romagnoli,Alessio Romagnoli,Milan | Lazio,2,Lazio,2425,Jugador con cambio de club en histórico: requiere validación externa
position_taxonomy,alex berenguer,Álex Berenguer,Athletic Club | Torino,2,Torino,1920,Jugador con cambio de club en histórico: requiere validación externa
position_taxonomy,alex galvez,Álex Gálvez,Las Palmas | Rayo Vallecano,2,Rayo Vallecano,1819,Jugador con cambio de club en histórico: requiere validación externa
position_taxonomy,alex meret,Alex Meret,SPAL | Napoli,2,Napoli,2425,Jugador con cambio de club en histórico: requiere validación externa
position_taxonomy,alex sola,Alex Sola,Alavés | Getafe,2,Getafe,2425,Jugador con cambio de club en histórico: requiere validación externa
position_taxonomy,alex telles,Alex Telles,Manchester Utd | Sevilla,2,Sevilla,2223,Jugador con cambio de club en histórico: requiere validación externa
position_taxonomy,alexander djiku,Alexander Djiku,Caen | Strasbourg,2,Strasbourg,2223,Jugador con cambio de club en histórico: requiere validación externa
position_taxonomy,aitor fernandez,Aitor Fernández,Levante | Osasuna,2,Osasuna,2223,Jugador con cambio de club en histórico: requiere validación externa
position_taxonomy,tin jedvaj,Tin Jedvaj,Leverkusen | Augsburg,2,Augsburg,1920,Jugador con cambio de club en histórico: requiere validación externa
position_taxonomy,tobias strobl,Tobias Strobl,Gladbach | Augsburg,2,Augsburg,2021,Jugador con cambio de club en histórico: requiere validación externa
position_taxonomy,tom heaton,Tom Heaton,Burnley | Aston Villa,2,Aston Villa,1920,Jugador con cambio de club en histórico: requiere validación externa
position_taxonomy,tomas koubek,Tomáš Koubek,Rennes | Augsburg,2,Augsburg,2223,Jugador con cambio de club en histórico: requiere validación externa
position_taxonomy,tomas rincon,Tomás Rincón,Torino | Sampdoria,2,Sampdoria,2223,Jugador con cambio de club en histórico: requiere validación externa
position_taxonomy,tommaso augello,Tommaso Augello,Sampdoria | Cagliari,2,Cagliari,2425,Jugador con cambio de club en histórico: requiere validación externa
position_taxonomy,toni lato,Toni Lato,Valencia | Mallorca,2,Mallorca,2324,Jugador con cambio de club en histórico: requiere validación externa
position_taxonomy,vlad chiriches,Vlad Chiricheș,Sassuolo | Cremonese,2,Cremonese,2223,Jugador con cambio de club en histórico: requiere validación externa
position_taxonomy,wataru endo,Wataru Endo,Liverpool | Stuttgart,2,Stuttgart,2223,Jugador con cambio de club en histórico: requiere validación externa
position_taxonomy,tyronne ebuehi,Tyronne Ebuehi,Venezia | Empoli,2,Empoli,2324,Jugador con cambio de club en histórico: requiere validación externa
position_taxonomy,ukasz fabianski,Łukasz Fabiański,Swansea City | West Ham,2,West Ham,2425,Jugador con cambio de club en histórico: requiere validación externa
position_taxonomy,unai lopez,Unai López,Athletic Club | Rayo Vallecano,2,Rayo Vallecano,2425,Jugador con cambio de club en histórico: requiere validación externa
position_taxonomy,unai nunez,Unai Núñez,Athletic Club | Celta Vigo,2,Celta Vigo,2324,Jugador con cambio de club en histórico: requiere validación externa
position_taxonomy,valentin castellanos,Valentín Castellanos,Girona | Lazio,2,Lazio,2425,Jugador con cambio de club en histórico: requiere validación externa
position_taxonomy,valentin gendrey,Valentin Gendrey,Hoffenheim | Lecce,2,Lecce,2324,Jugador con cambio de club en histórico: requiere validación externa
position_taxonomy,valentin rongier,Valentin Rongier,Nantes | Marseille,2,Marseille,2425,Jugador con cambio de club en histórico: requiere validación externa
position_taxonomy,valentin rosier,Valentin Rosier,Leganés | Dijon,2,Dijon,1819,Jugador con cambio de club en histórico: requiere validación externa
position_taxonomy,valentino livramento,Valentino Livramento,Southampton | Newcastle Utd,2,Newcastle Utd,2425,Jugador con cambio de club en histórico: requiere validación externa
position_taxonomy,valere germain,Valère Germain,Marseille | Montpellier,2,Montpellier,2122,Jugador con cambio de club en histórico: requiere validación externa
position_taxonomy,valerio verre,Valerio Verre,Hellas Verona | Sampdoria,2,Sampdoria,2021,Jugador con cambio de club en histórico: requiere validación externa
position_taxonomy,valon behrami,Valon Behrami,Udinese | Genoa,2,Genoa,1920,Jugador con cambio de club en histórico: requiere validación externa
position_taxonomy,valon berisha,Valon Berisha,Reims | Düsseldorf,2,Düsseldorf,1920,Jugador con cambio de club en histórico: requiere validación externa
position_taxonomy,timothy weah,Timothy Weah,Lille | Juventus,2,Juventus,2425,Jugador con cambio de club en histórico: requiere validación externa
position_taxonomy,victor bernth kristiansen,Victor Bernth Kristiansen,Leicester City | Bologna,2,Bologna,2324,Jugador con cambio de club en histórico: requiere validación externa
position_taxonomy,aitor ruibal,Aitor Ruibal,Leganés | Betis,2,Betis,2425,Jugador con cambio de club en histórico: requiere validación externa
position_taxonomy,akim zedadka,Akim Zedadka,Clermont Foot | Auxerre,2,Auxerre,2223,Jugador con cambio de club en histórico: requiere validación externa
position_taxonomy,alassane plea,Alassane Pléa,Nice | Gladbach,2,Gladbach,2425,Jugador con cambio de club en histórico: requiere validación externa
position_taxonomy,albert gumundsson,Albert Guðmundsson,Genoa | Fiorentina,2,Fiorentina,2425,Jugador con cambio de club en histórico: requiere validación externa
position_taxonomy,alberto dossena,Alberto Dossena,Cagliari | Como,2,Como,2425,Jugador con cambio de club en histórico: requiere validación externa
position_taxonomy,aleix garcia,Aleix García,Girona | Leverkusen,2,Leverkusen,2425,Jugador con cambio de club en histórico: requiere validación externa
position_taxonomy,aleix vidal,Aleix Vidal,Alavés | Espanyol,2,Espanyol,2223,Jugador con cambio de club en histórico: requiere validación externa
position_taxonomy,aleksei miranchuk,Aleksei Miranchuk,Torino | Atalanta,2,Atalanta,2324,Jugador con cambio de club en histórico: requiere validación externa
position_taxonomy,adama soumaoro,Adama Soumaoro,Lille | Bologna,2,Bologna,2223,Jugador con cambio de club en histórico: requiere validación externa
position_taxonomy,victor osimhen,Victor Osimhen,Lille | Napoli,2,Napoli,2324,Jugador con cambio de club en histórico: requiere validación externa
position_taxonomy,victor ruiz,Víctor Ruiz,Villarreal | Betis,2,Betis,2122,Jugador con cambio de club en histórico: requiere validación externa
position_taxonomy,vid belec,Vid Belec,Benevento | Salernitana,2,Salernitana,2122,Jugador con cambio de club en histórico: requiere validación externa
position_taxonomy,vincent pajot,Vincent Pajot,Saint-Étienne | Metz,2,Metz,2122,Jugador con cambio de club en histórico: requiere validación externa
position_taxonomy,vinicius souza,Vinicius Souza,Sheffield Utd | Espanyol,2,Espanyol,2223,Jugador con cambio de club en histórico: requiere validación externa
position_taxonomy,virgil van dijk,Virgil van Dijk,Liverpool | Southampton,2,Liverpool,2425,Jugador con cambio de club en histórico: requiere validación externa
position_taxonomy,yvan neyou,Yvan Neyou,Leganés | Saint-Étienne,2,Saint-Étienne,2122,Jugador con cambio de club en histórico: requiere validación externa
position_taxonomy,yoshinori muto,Yoshinori Mutō,Eibar | Mainz 05,2,Mainz 05,1718,Jugador con cambio de club en histórico: requiere validación externa
position_taxonomy,xaver schlager,Xaver Schlager,Wolfsburg | RB Leipzig,2,RB Leipzig,2324,Jugador con cambio de club en histórico: requiere validación externa
position_taxonomy,xavier chavalerin,Xavier Chavalerin,Reims | Troyes,2,Troyes,2223,Jugador con cambio de club en histórico: requiere validación externa
position_taxonomy,xeka,Xeka,Dijon | Lille,2,Lille,2122,Jugador con cambio de club en histórico: requiere validación externa
position_taxonomy,xherdan shaqiri,Xherdan Shaqiri,Stoke City | Liverpool,2,Liverpool,1819,Jugador con cambio de club en histórico: requiere validación externa
position_taxonomy,ximo navarro,Ximo Navarro,Las Palmas | Alavés,2,Alavés,2122,Jugador con cambio de club en histórico: requiere validación externa
position_taxonomy,yan valery,Yan Valery,Southampton | Angers,2,Angers,2223,Jugador con cambio de club en histórico: requiere validación externa
position_taxonomy,yannick cahuzac,Yannick Cahuzac,Toulouse | Lens,2,Lens,2021,Jugador con cambio de club en histórico: requiere validación externa
position_taxonomy,yassine bounou,Yassine Bounou,Girona | Sevilla,2,Sevilla,2223,Jugador con cambio de club en histórico: requiere validación externa
position_taxonomy,yerry mina,Yerry Mina,Everton | Cagliari,2,Cagliari,2425,Jugador con cambio de club en histórico: requiere validación externa
position_taxonomy,wylan cyprien,Wylan Cyprien,Nice | Nantes,2,Nantes,2122,Jugador con cambio de club en histórico: requiere validación externa
position_taxonomy,wesley hoedt,Wesley Hoedt,Southampton | Lazio,2,Lazio,2021,Jugador con cambio de club en histórico: requiere validación externa
position_taxonomy,adil rami,Adil Rami,Marseille | Troyes,2,Troyes,2223,Jugador con cambio de club en histórico: requiere validación externa
position_taxonomy,ado onaiwu,Ado Onaiwu,Toulouse | Auxerre,2,Auxerre,2425,Jugador con cambio de club en histórico: requiere validación externa
position_taxonomy,adria pedrosa,Adrià Pedrosa,Espanyol | Sevilla,2,Sevilla,2425,Jugador con cambio de club en histórico: requiere validación externa
position_taxonomy,federico fazio,Federico Fazio,Roma | Salernitana,2,Salernitana,2324,Jugador con cambio de club en histórico: requiere validación externa
position_taxonomy,federico fernandez,Federico Fernández,Swansea City | Newcastle Utd,2,Newcastle Utd,2021,Jugador con cambio de club en histórico: requiere validación externa
position_taxonomy,federico valverde,Federico Valverde,La Coruña | Real Madrid,2,Real Madrid,2425,Jugador con cambio de club en histórico: requiere validación externa
position_taxonomy,felipe anderson,Felipe Anderson,West Ham | Lazio,2,Lazio,2324,Jugador con cambio de club en histórico: requiere validación externa
position_taxonomy,felix nmecha,Felix Nmecha,Wolfsburg | Dortmund,2,Dortmund,2425,Jugador con cambio de club en histórico: requiere validación externa
position_taxonomy,ferland mendy,Ferland Mendy,Real Madrid | Lyon,2,Lyon,1819,Jugador con cambio de club en histórico: requiere validación externa
position_taxonomy,fernando,Fernando,Sevilla | Almería,2,Sevilla,2223,Jugador con cambio de club en histórico: requiere validación externa
position_taxonomy,fernando calero,Fernando Calero,Valladolid | Espanyol,2,Espanyol,2223,Jugador con cambio de club en histórico: requiere validación externa
position_taxonomy,fabian schar,Fabian Schär,Newcastle Utd | La Coruña,2,La Coruña,1718,Jugador con cambio de club en histórico: requiere validación externa
position_taxonomy,aaron hickey,Aaron Hickey,Brentford | Bologna,2,Bologna,2122,Jugador con cambio de club en histórico: requiere validación externa
position_taxonomy,youssef maleh,Youssef Maleh,Fiorentina | Empoli,2,Empoli,2425,Jugador con cambio de club en histórico: requiere validación externa
position_taxonomy,youssouf sabaly,Youssouf Sabaly,Betis | Bordeaux,2,Bordeaux,2021,Jugador con cambio de club en histórico: requiere validación externa
position_taxonomy,yunis abdelhamid,Yunis Abdelhamid,Reims | Saint-Étienne,2,Saint-Étienne,2425,Jugador con cambio de club en histórico: requiere validación externa
position_taxonomy,yunus musah,Yunus Musah,Valencia | Milan,2,Milan,2425,Jugador con cambio de club en histórico: requiere validación externa
position_taxonomy,yuri berchiche,Yuri Berchiche,Athletic Club | Paris S-G,2,Paris S-G,1718,Jugador con cambio de club en histórico: requiere validación externa
position_taxonomy,yuya osako,Yuya Osako,Köln | Werder Bremen,2,Werder Bremen,1920,Jugador con cambio de club en histórico: requiere validación externa
