player,season,team,league,pos_,age_,Playing Time_Min,primary_role,secondary_role,primary_role_similarity,secondary_role_similarity,role_confidence,role_ambiguity,primary_role_cluster,secondary_role_cluster
Aaron Ramsey,1718,Arsenal,ENG-Premier League,MF,26.0,1846,Creative Playmaker,Box-to-Box Engine,35.9,23.3,12.6,87.4,2,3
Alex Iwobi,1718,Arsenal,ENG-Premier League,"MF,FW",21.0,1830,Creative Playmaker,Ball Progressor,38.2,23.4,14.8,85.2,2,1
Alexis Sánchez,1718,Arsenal,ENG-Premier League,"MF,FW",28.0,1503,Creative Playmaker,Ball Progressor,35.6,23.8,11.8,88.2,2,1
Alexis Sánchez,1718,Arsenal,ENG-Premier League,"MF,FW",28.0,1043,Creative Playmaker,Ball Progressor,35.6,23.8,11.8,88.2,2,1
Granit Xhaka,1718,Arsenal,ENG-Premier League,MF,24.0,3260,Box-to-Box Engine,Defensive Anchor,37.9,21.6,16.3,83.7,3,0
Jack Wilshere,1718,Arsenal,ENG-Premier League,MF,25.0,1193,Box-to-Box Engine,Creative Playmaker,30.8,25.4,5.4,94.6,3,2
Mesut Özil,1718,Arsenal,ENG-Premier League,"MF,FW",28.0,2163,Creative Playmaker,Box-to-Box Engine,34.9,23.3,11.6,88.4,2,3
Andrew Surman,1718,Bournemouth,ENG-Premier League,MF,30.0,1856,Defensive Anchor,Box-to-Box Engine,29.8,29.1,0.7,99.3,0,3
Dan Gosling,1718,Bournemouth,ENG-Premier League,MF,27.0,1947,Defensive Anchor,Box-to-Box Engine,37.7,27.2,10.5,89.5,0,3
Harry Arter,1718,Bournemouth,ENG-Premier League,MF,27.0,960,Defensive Anchor,Box-to-Box Engine,34.4,27.6,6.8,93.2,0,3
Jordon Ibe,1718,Bournemouth,ENG-Premier League,"MF,FW",21.0,1995,Creative Playmaker,Ball Progressor,31.8,29.5,2.3,97.7,2,1
Junior Stanislas,1718,Bournemouth,ENG-Premier League,"MF,FW",27.0,1286,Creative Playmaker,Ball Progressor,33.0,29.6,3.4,96.6,2,1
Lewis Cook,1718,Bournemouth,ENG-Premier League,MF,20.0,2237,Box-to-Box Engine,Defensive Anchor,36.1,27.1,9.0,91.0,3,0
Marc Pugh,1718,Bournemouth,ENG-Premier League,"MF,FW",30.0,985,Ball Progressor,Creative Playmaker,30.5,25.8,4.7,95.3,1,2
Ryan Fraser,1718,Bournemouth,ENG-Premier League,"MF,DF",23.0,2004,Ball Progressor,Creative Playmaker,31.4,30.2,1.2,98.8,1,2
Anthony Knockaert,1718,Brighton,ENG-Premier League,"MF,FW",25.0,2421,Ball Progressor,Box-to-Box Engine,32.0,24.7,7.3,92.7,1,3
Dale Stephens,1718,Brighton,ENG-Premier League,MF,28.0,3240,Defensive Anchor,Box-to-Box Engine,39.8,26.0,13.8,86.2,0,3
Davy Pröpper,1718,Brighton,ENG-Premier League,MF,25.0,3119,Defensive Anchor,Box-to-Box Engine,43.5,23.4,20.1,79.9,0,3
José Izquierdo,1718,Brighton,ENG-Premier League,"MF,FW",25.0,1984,Ball Progressor,Creative Playmaker,33.8,25.1,8.7,91.3,1,2
Solly March,1718,Brighton,ENG-Premier League,"MF,FW",23.0,1851,Ball Progressor,Defensive Anchor,33.5,23.9,9.6,90.4,1,0
Aaron Lennon,1718,Burnley,ENG-Premier League,MF,30.0,1118,Ball Progressor,Defensive Anchor,34.5,26.0,8.5,91.5,1,0
Ashley Westwood,1718,Burnley,ENG-Premier League,MF,27.0,1111,Defensive Anchor,Box-to-Box Engine,38.4,24.8,13.6,86.4,0,3
Jack Cork,1718,Burnley,ENG-Premier League,MF,28.0,3420,Defensive Anchor,Ball Progressor,40.7,23.0,17.7,82.3,0,1
Jóhann Berg Guðmundsson,1718,Burnley,ENG-Premier League,MF,26.0,2833,Ball Progressor,Creative Playmaker,33.9,24.3,9.6,90.4,1,2
Robbie Brady,1718,Burnley,ENG-Premier League,MF,25.0,1277,Ball Progressor,Box-to-Box Engine,32.1,24.0,8.1,91.9,1,3
Scott Arfield,1718,Burnley,ENG-Premier League,"MF,FW",28.0,1333,Defensive Anchor,Ball Progressor,32.4,30.2,2.2,97.8,0,1
Steven Defour,1718,Burnley,ENG-Premier League,MF,29.0,1997,Defensive Anchor,Box-to-Box Engine,31.7,28.6,3.1,96.9,0,3
Cesc Fàbregas,1718,Chelsea,ENG-Premier League,MF,30.0,2306,Creative Playmaker,Box-to-Box Engine,30.4,27.8,2.6,97.4,2,3
N'Golo Kanté,1718,Chelsea,ENG-Premier League,MF,26.0,2994,Box-to-Box Engine,Defensive Anchor,33.5,25.7,7.8,92.2,3,0
Pedro,1718,Chelsea,ENG-Premier League,"MF,FW",30.0,1523,Creative Playmaker,Ball Progressor,30.1,29.6,0.5,99.5,2,1
Tiemoué Bakayoko,1718,Chelsea,ENG-Premier League,MF,22.0,2126,Defensive Anchor,Box-to-Box Engine,36.0,27.9,8.1,91.9,0,3
Willian,1718,Chelsea,ENG-Premier League,"MF,FW",28.0,1890,Creative Playmaker,Ball Progressor,40.6,22.5,18.1,81.9,2,1
James McArthur,1718,Crystal Palace,ENG-Premier League,MF,29.0,2431,Defensive Anchor,Ball Progressor,35.6,26.5,9.1,90.9,0,1
Luka Milivojević,1718,Crystal Palace,ENG-Premier League,MF,26.0,3080,Defensive Anchor,Box-to-Box Engine,33.0,27.4,5.6,94.4,0,3
Ruben Loftus-Cheek,1718,Crystal Palace,ENG-Premier League,MF,21.0,1874,Creative Playmaker,Ball Progressor,28.9,28.3,0.6,99.4,2,1
Yohan Cabaye,1718,Crystal Palace,ENG-Premier League,MF,31.0,2376,Defensive Anchor,Box-to-Box Engine,29.6,28.5,1.1,98.9,0,3
Gylfi Sigurðsson,1718,Everton,ENG-Premier League,"MF,FW",27.0,2259,Ball Progressor,Defensive Anchor,33.5,24.9,8.6,91.4,1,0
Idrissa Gana Gueye,1718,Everton,ENG-Premier League,MF,27.0,2750,Defensive Anchor,Box-to-Box Engine,35.4,27.1,8.3,91.7,0,3
Morgan Schneiderlin,1718,Everton,ENG-Premier League,MF,27.0,2130,Defensive Anchor,Box-to-Box Engine,38.4,24.5,13.9,86.1,0,3
Tom Davies,1718,Everton,ENG-Premier League,MF,19.0,1900,Defensive Anchor,Ball Progressor,31.6,30.8,0.8,99.2,0,1
Wayne Rooney,1718,Everton,ENG-Premier League,"MF,FW",31.0,2268,Ball Progressor,Creative Playmaker,30.7,24.3,6.4,93.6,1,2
Aaron Mooy,1718,Huddersfield,ENG-Premier League,MF,26.0,3067,Box-to-Box Engine,Defensive Anchor,38.8,25.0,13.8,86.2,3,0
Alex Pritchard,1718,Huddersfield,ENG-Premier League,"MF,FW",24.0,998,Ball Progressor,Creative Playmaker,32.9,24.6,8.3,91.7,1,2
Danny Williams,1718,Huddersfield,ENG-Premier League,MF,28.0,1124,Defensive Anchor,Ball Progressor,37.7,23.8,13.9,86.1,0,1
Jonathan Hogg,1718,Huddersfield,ENG-Premier League,MF,28.0,2398,Defensive Anchor,Box-to-Box Engine,36.1,26.6,9.5,90.5,0,3
Tom Ince,1718,Huddersfield,ENG-Premier League,"MF,FW",25.0,2452,Ball Progressor,Defensive Anchor,36.3,24.3,12.0,88.0,1,0
Demarai Gray,1718,Leicester City,ENG-Premier League,"MF,FW",21.0,1697,Ball Progressor,Creative Playmaker,32.0,27.8,4.2,95.8,1,2
Marc Albrighton,1718,Leicester City,ENG-Premier League,"MF,FW",27.0,2538,Ball Progressor,Box-to-Box Engine,33.6,24.3,9.3,90.7,1,3
Matty James,1718,Leicester City,ENG-Premier League,MF,26.0,993,Defensive Anchor,Ball Progressor,41.6,23.1,18.5,81.5,0,1
Riyad Mahrez,1718,Leicester City,ENG-Premier League,"MF,FW",26.0,2950,Creative Playmaker,Ball Progressor,43.9,22.5,21.4,78.6,2,1
Vicente Iborra,1718,Leicester City,ENG-Premier League,MF,29.0,1410,Defensive Anchor,Box-to-Box Engine,35.5,26.9,8.6,91.4,0,3
Wilfred Ndidi,1718,Leicester City,ENG-Premier League,MF,20.0,2896,Defensive Anchor,Box-to-Box Engine,34.7,27.1,7.6,92.4,0,3
Alex Oxlade-Chamberlain,1718,Liverpool,ENG-Premier League,"MF,FW",23.0,1493,Creative Playmaker,Box-to-Box Engine,35.6,23.4,12.2,87.8,2,3
Emre Can,1718,Liverpool,ENG-Premier League,MF,23.0,2091,Box-to-Box Engine,Defensive Anchor,34.9,23.1,11.8,88.2,3,0
Georginio Wijnaldum,1718,Liverpool,ENG-Premier League,MF,26.0,2387,Defensive Anchor,Ball Progressor,29.6,28.2,1.4,98.6,0,1
James Milner,1718,Liverpool,ENG-Premier League,MF,31.0,1775,Box-to-Box Engine,Creative Playmaker,30.0,26.1,3.9,96.1,3,2
Jordan Henderson,1718,Liverpool,ENG-Premier League,MF,27.0,2171,Box-to-Box Engine,Defensive Anchor,36.1,25.3,10.8,89.2,3,0
Philippe Coutinho,1718,Liverpool,ENG-Premier League,"MF,FW",25.0,1109,Creative Playmaker,Box-to-Box Engine,35.3,23.3,12.0,88.0,2,3
Philippe Coutinho,1718,Liverpool,ENG-Premier League,"MF,FW",25.0,1296,Creative Playmaker,Box-to-Box Engine,35.3,23.3,12.0,88.0,2,3
David Silva,1718,Manchester City,ENG-Premier League,MF,31.0,2430,Creative Playmaker,Box-to-Box Engine,34.3,24.4,9.9,90.1,2,3
Fernandinho,1718,Manchester City,ENG-Premier League,MF,32.0,2881,Box-to-Box Engine,Defensive Anchor,34.3,23.3,11.0,89.0,3,0
Kevin De Bruyne,1718,Manchester City,ENG-Premier League,MF,26.0,3073,Creative Playmaker,Box-to-Box Engine,33.4,25.3,8.1,91.9,2,3
İlkay Gündoğan,1718,Manchester City,ENG-Premier League,MF,26.0,1517,Box-to-Box Engine,Creative Playmaker,29.2,29.0,0.2,99.8,3,2
Ander Herrera,1718,Manchester Utd,ENG-Premier League,MF,27.0,1268,Box-to-Box Engine,Defensive Anchor,30.8,30.1,0.7,99.3,3,0
Henrikh Mkhitaryan,1718,Manchester Utd,ENG-Premier League,"MF,FW",28.0,922,Creative Playmaker,Ball Progressor,37.3,23.2,14.1,85.9,2,1
Jesse Lingard,1718,Manchester Utd,ENG-Premier League,"MF,FW",24.0,1817,Creative Playmaker,Ball Progressor,33.9,28.1,5.8,94.2,2,1
Nemanja Matić,1718,Manchester Utd,ENG-Premier League,MF,28.0,3118,Box-to-Box Engine,Defensive Anchor,33.7,28.2,5.5,94.5,3,0
Paul Pogba,1718,Manchester Utd,ENG-Premier League,MF,24.0,2148,Creative Playmaker,Box-to-Box Engine,31.1,27.3,3.8,96.2,2,3
Ayoze Pérez,1718,Newcastle Utd,ENG-Premier League,"MF,FW",24.0,2492,Ball Progressor,Creative Playmaker,39.1,22.6,16.5,83.5,1,2
Isaac Hayden,1718,Newcastle Utd,ENG-Premier League,MF,22.0,1374,Defensive Anchor,Ball Progressor,38.6,25.3,13.3,86.7,0,1
Jacob Murphy,1718,Newcastle Utd,ENG-Premier League,"MF,FW",22.0,1148,Ball Progressor,Creative Playmaker,34.2,22.9,11.3,88.7,1,2
Jonjo Shelvey,1718,Newcastle Utd,ENG-Premier League,MF,25.0,2268,Box-to-Box Engine,Defensive Anchor,37.9,24.0,13.9,86.1,3,0
Kenedy,1718,Newcastle Utd,ENG-Premier League,"MF,DF",21.0,1023,Ball Progressor,Box-to-Box Engine,31.0,23.5,7.5,92.5,1,3
Matt Ritchie,1718,Newcastle Utd,ENG-Premier League,"MF,FW",27.0,2804,Ball Progressor,Defensive Anchor,37.1,21.7,15.4,84.6,1,0
Mikel Merino,1718,Newcastle Utd,ENG-Premier League,MF,21.0,1347,Box-to-Box Engine,Defensive Anchor,31.7,28.8,2.9,97.1,3,0
Mohamed Diamé,1718,Newcastle Utd,ENG-Premier League,MF,30.0,2041,Defensive Anchor,Box-to-Box Engine,37.6,24.2,13.4,86.6,0,3
Dušan Tadić,1718,Southampton,ENG-Premier League,"MF,FW",28.0,2791,Creative Playmaker,Ball Progressor,33.9,27.0,6.9,93.1,2,1
Mario Lemina,1718,Southampton,ENG-Premier League,MF,23.0,1720,Defensive Anchor,Box-to-Box Engine,31.6,29.1,2.5,97.5,0,3
Oriol Romeu,1718,Southampton,ENG-Premier League,MF,25.0,2897,Defensive Anchor,Box-to-Box Engine,33.8,29.5,4.3,95.7,0,3
Pierre Højbjerg,1718,Southampton,ENG-Premier League,MF,21.0,1670,Defensive Anchor,Box-to-Box Engine,35.2,29.0,6.2,93.8,0,3
Steven Davis,1718,Southampton,ENG-Premier League,MF,32.0,1521,Box-to-Box Engine,Defensive Anchor,35.7,23.6,12.1,87.9,3,0
Badou Ndiaye,1718,Stoke City,ENG-Premier League,MF,26.0,1138,Defensive Anchor,Box-to-Box Engine,34.2,24.8,9.4,90.6,0,3
Darren Fletcher,1718,Stoke City,ENG-Premier League,MF,33.0,2219,Defensive Anchor,Ball Progressor,36.7,24.3,12.4,87.6,0,1
Joe Allen,1718,Stoke City,ENG-Premier League,MF,27.0,3139,Defensive Anchor,Box-to-Box Engine,35.1,26.5,8.6,91.4,0,3
Ramadan Sobhi,1718,Stoke City,ENG-Premier League,"MF,FW",20.0,1238,Ball Progressor,Box-to-Box Engine,31.0,23.4,7.6,92.4,1,3
Xherdan Shaqiri,1718,Stoke City,ENG-Premier League,"MF,FW",25.0,3039,Creative Playmaker,Ball Progressor,34.9,27.4,7.5,92.5,2,1
André Ayew,1718,Swansea City,ENG-Premier League,"MF,FW",27.0,950,Ball Progressor,Defensive Anchor,36.8,24.3,12.5,87.5,1,0
Ki Sung-yueng,1718,Swansea City,ENG-Premier League,MF,28.0,1868,Defensive Anchor,Ball Progressor,30.8,28.9,1.9,98.1,0,1
Leroy Fer,1718,Swansea City,ENG-Premier League,MF,27.0,1397,Defensive Anchor,Box-to-Box Engine,36.9,24.2,12.7,87.3,0,3
Nathan Dyer,1718,Swansea City,ENG-Premier League,"MF,FW",29.0,1307,Ball Progressor,Defensive Anchor,32.7,22.7,10.0,90.0,1,0
Sam Clucas,1718,Swansea City,ENG-Premier League,MF,26.0,2044,Defensive Anchor,Ball Progressor,36.6,28.1,8.5,91.5,0,1
Tom Carroll,1718,Swansea City,ENG-Premier League,MF,25.0,2570,Box-to-Box Engine,Ball Progressor,31.5,25.4,6.1,93.9,3,1
Christian Eriksen,1718,Tottenham,ENG-Premier League,"MF,FW",25.0,3218,Creative Playmaker,Box-to-Box Engine,36.9,24.2,12.7,87.3,2,3
Dele Alli,1718,Tottenham,ENG-Premier League,"MF,FW",21.0,2958,Creative Playmaker,Ball Progressor,38.8,25.7,13.1,86.9,2,1
Eric Dier,1718,Tottenham,ENG-Premier League,"MF,DF",23.0,2824,Box-to-Box Engine,Defensive Anchor,31.6,31.5,0.1,99.9,3,0
Mousa Dembélé,1718,Tottenham,ENG-Premier League,MF,30.0,1879,Box-to-Box Engine,Defensive Anchor,33.0,25.8,7.2,92.8,3,0
Moussa Sissoko,1718,Tottenham,ENG-Premier League,"MF,FW",27.0,1402,Ball Progressor,Creative Playmaker,27.4,26.8,0.6,99.4,1,2
Abdoulaye Doucouré,1718,Watford,ENG-Premier League,MF,24.0,3324,Box-to-Box Engine,Defensive Anchor,36.0,26.2,9.8,90.2,3,0
Roberto Pereyra,1718,Watford,ENG-Premier League,"MF,FW",26.0,1624,Creative Playmaker,Ball Progressor,34.2,28.8,5.4,94.6,2,1
Tom Cleverley,1718,Watford,ENG-Premier League,MF,27.0,1901,Box-to-Box Engine,Defensive Anchor,31.8,26.8,5.0,95.0,3,0
Will Hughes,1718,Watford,ENG-Premier League,MF,22.0,990,Ball Progressor,Box-to-Box Engine,28.3,25.7,2.6,97.4,1,3
Étienne Capoue,1718,Watford,ENG-Premier League,MF,29.0,1542,Defensive Anchor,Box-to-Box Engine,38.7,25.4,13.3,86.7,0,3
Chris Brunt,1718,West Brom,ENG-Premier League,"MF,DF",32.0,1920,Box-to-Box Engine,Defensive Anchor,30.3,25.2,5.1,94.9,3,0
Claudio Yacob,1718,West Brom,ENG-Premier League,MF,30.0,903,Defensive Anchor,Box-to-Box Engine,36.5,24.5,12.0,88.0,0,3
Gareth Barry,1718,West Brom,ENG-Premier League,MF,36.0,1923,Defensive Anchor,Box-to-Box Engine,33.7,26.7,7.0,93.0,0,3
Grzegorz Krychowiak,1718,West Brom,ENG-Premier League,MF,27.0,1641,Defensive Anchor,Box-to-Box Engine,36.9,27.1,9.8,90.2,0,3
Jake Livermore,1718,West Brom,ENG-Premier League,MF,27.0,2674,Defensive Anchor,Ball Progressor,40.9,23.7,17.2,82.8,0,1
James McClean,1718,West Brom,ENG-Premier League,"MF,FW",28.0,1406,Ball Progressor,Defensive Anchor,32.7,25.2,7.5,92.5,1,0
Matt Phillips,1718,West Brom,ENG-Premier League,"MF,DF",26.0,2093,Ball Progressor,Creative Playmaker,34.8,22.6,12.2,87.8,1,2
André Ayew,1718,West Ham,ENG-Premier League,"MF,FW",27.0,950,Ball Progressor,Defensive Anchor,30.8,25.2,5.6,94.4,1,0
Cheikhou Kouyaté,1718,West Ham,ENG-Premier League,MF,27.0,2799,Defensive Anchor,Ball Progressor,39.8,25.2,14.6,85.4,0,1
João Mário,1718,West Ham,ENG-Premier League,MF,24.0,1022,Ball Progressor,Creative Playmaker,33.9,23.9,10.0,90.0,1,2
Manuel Lanzini,1718,West Ham,ENG-Premier League,"MF,FW",24.0,2042,Creative Playmaker,Box-to-Box Engine,30.0,26.7,3.3,96.7,2,3
Mark Noble,1718,West Ham,ENG-Premier League,MF,30.0,2400,Defensive Anchor,Box-to-Box Engine,34.5,28.3,6.2,93.8,0,3
Pedro Obiang,1718,West Ham,ENG-Premier League,MF,25.0,1563,Defensive Anchor,Box-to-Box Engine,35.8,25.9,9.9,90.1,0,3
Aaron Ramsey,1819,Arsenal,ENG-Premier League,MF,27.0,1331,Creative Playmaker,Ball Progressor,35.6,25.5,10.1,89.9,2,1
Granit Xhaka,1819,Arsenal,ENG-Premier League,"MF,DF",25.0,2498,Box-to-Box Engine,Defensive Anchor,38.4,22.7,15.7,84.3,3,0
Lucas Torreira,1819,Arsenal,ENG-Premier League,MF,22.0,2382,Defensive Anchor,Box-to-Box Engine,33.6,31.5,2.1,97.9,0,3
Mattéo Guendouzi,1819,Arsenal,ENG-Premier League,MF,19.0,2149,Box-to-Box Engine,Defensive Anchor,35.5,24.4,11.1,88.9,3,0
Mesut Özil,1819,Arsenal,ENG-Premier League,"MF,FW",29.0,1735,Creative Playmaker,Ball Progressor,39.6,22.9,16.7,83.3,2,1
Andrew Surman,1819,Bournemouth,ENG-Premier League,MF,31.0,1439,Defensive Anchor,Box-to-Box Engine,34.2,25.1,9.1,90.9,0,3
Dan Gosling,1819,Bournemouth,ENG-Premier League,MF,28.0,1739,Defensive Anchor,Box-to-Box Engine,36.7,27.2,9.5,90.5,0,3
David Brooks,1819,Bournemouth,ENG-Premier League,"MF,FW",21.0,2261,Ball Progressor,Creative Playmaker,31.9,29.4,2.5,97.5,1,2
Jefferson Lerma,1819,Bournemouth,ENG-Premier League,MF,23.0,2506,Defensive Anchor,Box-to-Box Engine,38.2,26.7,11.5,88.5,0,3
Junior Stanislas,1819,Bournemouth,ENG-Premier League,"MF,FW",28.0,1031,Creative Playmaker,Ball Progressor,36.8,27.4,9.4,90.6,2,1
Ryan Fraser,1819,Bournemouth,ENG-Premier League,"MF,FW",24.0,3166,Creative Playmaker,Ball Progressor,39.7,24.8,14.9,85.1,2,1
Anthony Knockaert,1819,Brighton,ENG-Premier League,"MF,FW",26.0,1837,Ball Progressor,Creative Playmaker,30.6,24.0,6.6,93.4,1,2
Beram Kayal,1819,Brighton,ENG-Premier League,MF,30.0,940,Defensive Anchor,Ball Progressor,39.5,24.5,15.0,85.0,0,1
Dale Stephens,1819,Brighton,ENG-Premier League,MF,29.0,2485,Defensive Anchor,Box-to-Box Engine,42.4,24.3,18.1,81.9,0,3
Davy Pröpper,1819,Brighton,ENG-Premier League,MF,26.0,2546,Defensive Anchor,Box-to-Box Engine,38.9,25.0,13.9,86.1,0,3
Pascal Groß,1819,Brighton,ENG-Premier League,"MF,FW",27.0,1864,Creative Playmaker,Ball Progressor,30.1,29.6,0.5,99.5,2,1
Yves Bissouma,1819,Brighton,ENG-Premier League,MF,21.0,1774,Defensive Anchor,Box-to-Box Engine,34.0,26.7,7.3,92.7,0,3
Aaron Lennon,1819,Burnley,ENG-Premier League,MF,31.0,1215,Ball Progressor,Defensive Anchor,31.6,28.1,3.5,96.5,1,0
Ashley Westwood,1819,Burnley,ENG-Premier League,MF,28.0,2824,Defensive Anchor,Box-to-Box Engine,30.2,29.6,0.6,99.4,0,3
Dwight McNeil,1819,Burnley,ENG-Premier League,MF,18.0,1591,Ball Progressor,Box-to-Box Engine,30.7,24.0,6.7,93.3,1,3
Jack Cork,1819,Burnley,ENG-Premier League,MF,29.0,3312,Defensive Anchor,Ball Progressor,37.7,25.6,12.1,87.9,0,1
Jeff Hendrick,1819,Burnley,ENG-Premier League,"MF,FW",26.0,2063,Ball Progressor,Defensive Anchor,32.8,29.2,3.6,96.4,1,0
Jóhann Berg Guðmundsson,1819,Burnley,ENG-Premier League,MF,27.0,1752,Ball Progressor,Creative Playmaker,32.0,25.1,6.9,93.1,1,2
Aron Gunnarsson,1819,Cardiff City,ENG-Premier League,MF,29.0,2266,Defensive Anchor,Box-to-Box Engine,40.7,22.9,17.8,82.2,0,3
Harry Arter,1819,Cardiff City,ENG-Premier League,MF,28.0,1997,Defensive Anchor,Ball Progressor,35.3,26.4,8.9,91.1,0,1
Joe Ralls,1819,Cardiff City,ENG-Premier League,MF,24.0,1959,Defensive Anchor,Box-to-Box Engine,34.0,26.6,7.4,92.6,0,3
Josh Murphy,1819,Cardiff City,ENG-Premier League,"MF,FW",23.0,1817,Ball Progressor,Creative Playmaker,35.3,23.2,12.1,87.9,1,2
Junior Hoilett,1819,Cardiff City,ENG-Premier League,"MF,FW",28.0,2141,Ball Progressor,Defensive Anchor,35.9,25.4,10.5,89.5,1,0
Nathaniel Mendez-Laing,1819,Cardiff City,ENG-Premier League,"MF,FW",26.0,985,Ball Progressor,Creative Playmaker,29.3,27.5,1.8,98.2,1,2
Víctor Camarasa,1819,Cardiff City,ENG-Premier League,MF,24.0,2569,Ball Progressor,Defensive Anchor,34.5,22.8,11.7,88.3,1,0
Cesc Fàbregas,1819,Chelsea,ENG-Premier League,MF,31.0,966,Box-to-Box Engine,Creative Playmaker,28.5,25.5,3.0,97.0,3,2
Jorginho,1819,Chelsea,ENG-Premier League,MF,26.0,3156,Box-to-Box Engine,Defensive Anchor,35.9,25.2,10.7,89.3,3,0
Mateo Kovačić,1819,Chelsea,ENG-Premier League,MF,24.0,1735,Box-to-Box Engine,Ball Progressor,35.5,22.3,13.2,86.8,3,1
N'Golo Kanté,1819,Chelsea,ENG-Premier League,MF,27.0,3092,Box-to-Box Engine,Ball Progressor,31.6,25.9,5.7,94.3,3,1
Ross Barkley,1819,Chelsea,ENG-Premier League,MF,24.0,1245,Box-to-Box Engine,Creative Playmaker,28.1,27.9,0.2,99.8,3,2
Ruben Loftus-Cheek,1819,Chelsea,ENG-Premier League,"MF,FW",22.0,998,Creative Playmaker,Ball Progressor,30.0,25.6,4.4,95.6,2,1
Cheikhou Kouyaté,1819,Crystal Palace,ENG-Premier League,MF,28.0,1899,Defensive Anchor,Ball Progressor,41.8,23.4,18.4,81.6,0,1
James McArthur,1819,Crystal Palace,ENG-Premier League,MF,30.0,3058,Defensive Anchor,Ball Progressor,32.1,27.1,5.0,95.0,0,1
Jeffrey Schlupp,1819,Crystal Palace,ENG-Premier League,"MF,FW",25.0,1670,Ball Progressor,Defensive Anchor,33.6,27.4,6.2,93.8,1,0
Luka Milivojević,1819,Crystal Palace,ENG-Premier League,MF,27.0,3420,Box-to-Box Engine,Defensive Anchor,28.3,28.0,0.3,99.7,3,0
Max Meyer,1819,Crystal Palace,ENG-Premier League,MF,22.0,1416,Ball Progressor,Box-to-Box Engine,31.5,24.7,6.8,93.2,1,3
André Gomes,1819,Everton,ENG-Premier League,MF,25.0,1980,Box-to-Box Engine,Defensive Anchor,31.7,31.3,0.4,99.6,3,0
Gylfi Sigurðsson,1819,Everton,ENG-Premier League,MF,28.0,3117,Creative Playmaker,Ball Progressor,30.1,29.4,0.7,99.3,2,1
Idrissa Gana Gueye,1819,Everton,ENG-Premier League,MF,28.0,2822,Defensive Anchor,Box-to-Box Engine,32.4,30.3,2.1,97.9,0,3
Tom Davies,1819,Everton,ENG-Premier League,MF,20.0,980,Defensive Anchor,Box-to-Box Engine,39.4,24.9,14.5,85.5,0,3
Andre-Frank Zambo Anguissa,1819,Fulham,ENG-Premier League,MF,22.0,1517,Defensive Anchor,Box-to-Box Engine,32.7,31.0,1.7,98.3,0,3
Calum Chambers,1819,Fulham,ENG-Premier League,"MF,DF",23.0,2588,Defensive Anchor,Box-to-Box Engine,38.0,26.3,11.7,88.3,0,3
Jean Seri,1819,Fulham,ENG-Premier League,MF,27.0,2244,Box-to-Box Engine,Defensive Anchor,35.0,23.4,11.6,88.4,3,0
Tom Cairney,1819,Fulham,ENG-Premier League,"MF,FW",27.0,2194,Box-to-Box Engine,Ball Progressor,30.2,27.2,3.0,97.0,3,1
Aaron Mooy,1819,Huddersfield,ENG-Premier League,"MF,FW",27.0,2330,Box-to-Box Engine,Ball Progressor,31.0,26.3,4.7,95.3,3,1
Alex Pritchard,1819,Huddersfield,ENG-Premier League,"MF,FW",25.0,2081,Ball Progressor,Creative Playmaker,36.4,23.2,13.2,86.8,1,2
Jonathan Hogg,1819,Huddersfield,ENG-Premier League,MF,29.0,2367,Defensive Anchor,Box-to-Box Engine,34.6,27.7,6.9,93.1,0,3
Juninho Bacuna,1819,Huddersfield,ENG-Premier League,"MF,DF",20.0,1412,Defensive Anchor,Box-to-Box Engine,32.9,30.6,2.3,97.7,0,3
Philip Billing,1819,Huddersfield,ENG-Premier League,MF,22.0,2188,Defensive Anchor,Box-to-Box Engine,31.7,28.1,3.6,96.4,0,3
Adrien Silva,1819,Leicester City,ENG-Premier League,MF,29.0,1184,Box-to-Box Engine,Defensive Anchor,28.9,28.3,0.6,99.4,3,0
Harvey Barnes,1819,Leicester City,ENG-Premier League,"MF,FW",20.0,1004,Creative Playmaker,Ball Progressor,31.1,28.3,2.8,97.2,2,1
James Maddison,1819,Leicester City,ENG-Premier League,"MF,FW",21.0,2831,Creative Playmaker,Ball Progressor,36.7,24.1,12.6,87.4,2,1
Nampalys Mendy,1819,Leicester City,ENG-Premier League,MF,26.0,2092,Defensive Anchor,Box-to-Box Engine,39.7,23.4,16.3,83.7,0,3
Vicente Iborra,1819,Leicester City,ENG-Premier League,MF,30.0,1665,Defensive Anchor,Box-to-Box Engine,32.9,27.4,5.5,94.5,0,3
Wilfred Ndidi,1819,Leicester City,ENG-Premier League,MF,21.0,3296,Defensive Anchor,Box-to-Box Engine,34.5,28.1,6.4,93.6,0,3
Youri Tielemans,1819,Leicester City,ENG-Premier League,MF,21.0,1086,Box-to-Box Engine,Ball Progressor,29.0,27.0,2.0,98.0,3,1
Youri Tielemans,1819,Leicester City,ENG-Premier League,MF,21.0,1680,Box-to-Box Engine,Ball Progressor,29.0,27.0,2.0,98.0,3,1
Fabinho,1819,Liverpool,ENG-Premier League,MF,24.0,2017,Box-to-Box Engine,Defensive Anchor,33.8,30.1,3.7,96.3,3,0
Georginio Wijnaldum,1819,Liverpool,ENG-Premier League,MF,27.0,2725,Box-to-Box Engine,Defensive Anchor,29.3,28.5,0.8,99.2,3,0
James Milner,1819,Liverpool,ENG-Premier League,"MF,DF",32.0,1789,Creative Playmaker,Box-to-Box Engine,29.8,27.8,2.0,98.0,2,3
Jordan Henderson,1819,Liverpool,ENG-Premier League,MF,28.0,1987,Box-to-Box Engine,Defensive Anchor,37.8,25.3,12.5,87.5,3,0
Naby Keïta,1819,Liverpool,ENG-Premier League,"MF,FW",23.0,1390,Box-to-Box Engine,Creative Playmaker,29.2,25.2,4.0,96.0,3,2
Bernardo Silva,1819,Manchester City,ENG-Premier League,"MF,FW",23.0,2854,Creative Playmaker,Ball Progressor,40.8,23.0,17.8,82.2,2,1
David Silva,1819,Manchester City,ENG-Premier League,MF,32.0,2401,Creative Playmaker,Box-to-Box Engine,37.4,23.2,14.2,85.8,2,3
Fernandinho,1819,Manchester City,ENG-Premier League,MF,33.0,2377,Box-to-Box Engine,Defensive Anchor,37.3,22.6,14.7,85.3,3,0
Kevin De Bruyne,1819,Manchester City,ENG-Premier League,MF,27.0,975,Creative Playmaker,Box-to-Box Engine,34.8,24.7,10.1,89.9,2,3
İlkay Gündoğan,1819,Manchester City,ENG-Premier League,MF,27.0,2137,Creative Playmaker,Box-to-Box Engine,30.3,28.6,1.7,98.3,2,3
Ander Herrera,1819,Manchester Utd,ENG-Premier League,MF,28.0,1403,Box-to-Box Engine,Defensive Anchor,30.2,28.7,1.5,98.5,3,0
Fred,1819,Manchester Utd,ENG-Premier League,MF,25.0,1041,Box-to-Box Engine,Defensive Anchor,31.5,27.6,3.9,96.1,3,0
Nemanja Matić,1819,Manchester Utd,ENG-Premier League,MF,29.0,2436,Box-to-Box Engine,Defensive Anchor,32.2,30.7,1.5,98.5,3,0
Paul Pogba,1819,Manchester Utd,ENG-Premier League,MF,25.0,3006,Creative Playmaker,Box-to-Box Engine,35.0,24.1,10.9,89.1,2,3
Ayoze Pérez,1819,Newcastle Utd,ENG-Premier League,"MF,FW",25.0,2917,Ball Progressor,Defensive Anchor,33.9,23.2,10.7,89.3,1,0
Christian Atsu,1819,Newcastle Utd,ENG-Premier League,MF,26.0,1493,Ball Progressor,Defensive Anchor,36.6,22.2,14.4,85.6,1,0
Isaac Hayden,1819,Newcastle Utd,ENG-Premier League,MF,23.0,1859,Defensive Anchor,Box-to-Box Engine,37.2,23.7,13.5,86.5,0,3
Jonjo Shelvey,1819,Newcastle Utd,ENG-Premier League,MF,26.0,948,Box-to-Box Engine,Ball Progressor,32.0,22.8,9.2,90.8,3,1
Kenedy,1819,Newcastle Utd,ENG-Premier League,"MF,DF",22.0,1348,Ball Progressor,Defensive Anchor,28.6,28.0,0.6,99.4,1,0
Ki Sung-yueng,1819,Newcastle Utd,ENG-Premier League,MF,29.0,1302,Defensive Anchor,Box-to-Box Engine,34.3,25.5,8.8,91.2,0,3
Mohamed Diamé,1819,Newcastle Utd,ENG-Premier League,MF,31.0,2166,Defensive Anchor,Ball Progressor,40.1,23.3,16.8,83.2,0,1
James Ward-Prowse,1819,Southampton,ENG-Premier League,"MF,DF",23.0,1945,Ball Progressor,Defensive Anchor,32.2,23.9,8.3,91.7,1,0
Mario Lemina,1819,Southampton,ENG-Premier League,MF,24.0,1613,Defensive Anchor,Box-to-Box Engine,32.5,29.6,2.9,97.1,0,3
Nathan Redmond,1819,Southampton,ENG-Premier League,"MF,FW",24.0,3270,Creative Playmaker,Ball Progressor,33.5,29.0,4.5,95.5,2,1
Oriol Romeu,1819,Southampton,ENG-Premier League,MF,26.0,2136,Defensive Anchor,Box-to-Box Engine,36.9,26.9,10.0,90.0,0,3
Pierre Højbjerg,1819,Southampton,ENG-Premier League,MF,22.0,2760,Box-to-Box Engine,Defensive Anchor,33.3,29.7,3.6,96.4,3,0
Stuart Armstrong,1819,Southampton,ENG-Premier League,MF,26.0,1432,Ball Progressor,Creative Playmaker,31.9,26.4,5.5,94.5,1,2
Christian Eriksen,1819,Tottenham,ENG-Premier League,MF,26.0,2774,Creative Playmaker,Box-to-Box Engine,38.4,23.3,15.1,84.9,2,3
Dele Alli,1819,Tottenham,ENG-Premier League,MF,22.0,1825,Ball Progressor,Creative Playmaker,29.8,26.7,3.1,96.9,1,2
Eric Dier,1819,Tottenham,ENG-Premier League,"MF,DF",24.0,1506,Defensive Anchor,Box-to-Box Engine,31.3,27.4,3.9,96.1,0,3
Harry Winks,1819,Tottenham,ENG-Premier League,MF,22.0,1597,Box-to-Box Engine,Defensive Anchor,32.7,26.6,6.1,93.9,3,0
Moussa Sissoko,1819,Tottenham,ENG-Premier League,"MF,FW",28.0,2330,Box-to-Box Engine,Defensive Anchor,28.7,26.9,1.8,98.2,3,0
Érik Lamela,1819,Tottenham,ENG-Premier League,"MF,FW",26.0,974,Creative Playmaker,Ball Progressor,37.0,26.8,10.2,89.8,2,1
Abdoulaye Doucouré,1819,Watford,ENG-Premier League,MF,25.0,3062,Box-to-Box Engine,Defensive Anchor,35.5,24.9,10.6,89.4,3,0
Roberto Pereyra,1819,Watford,ENG-Premier League,MF,27.0,2815,Ball Progressor,Creative Playmaker,35.3,24.8,10.5,89.5,1,2
Will Hughes,1819,Watford,ENG-Premier League,MF,23.0,2418,Ball Progressor,Defensive Anchor,30.0,27.6,2.4,97.6,1,0
Étienne Capoue,1819,Watford,ENG-Premier League,MF,30.0,2944,Defensive Anchor,Box-to-Box Engine,36.9,26.9,10.0,90.0,0,3
Declan Rice,1819,West Ham,ENG-Premier League,MF,19.0,3003,Defensive Anchor,Box-to-Box Engine,39.9,24.7,15.2,84.8,0,3
Felipe Anderson,1819,West Ham,ENG-Premier League,"MF,FW",25.0,3043,Creative Playmaker,Box-to-Box Engine,32.0,24.6,7.4,92.6,2,3
Mark Noble,1819,West Ham,ENG-Premier League,MF,31.0,2291,Box-to-Box Engine,Defensive Anchor,32.8,25.2,7.6,92.4,3,0
Michail Antonio,1819,West Ham,ENG-Premier League,"MF,FW",28.0,2103,Ball Progressor,Creative Playmaker,31.7,28.2,3.5,96.5,1,2
Pedro Obiang,1819,West Ham,ENG-Premier League,MF,26.0,1128,Defensive Anchor,Box-to-Box Engine,35.5,25.3,10.2,89.8,0,3
Robert Snodgrass,1819,West Ham,ENG-Premier League,MF,30.0,2220,Creative Playmaker,Ball Progressor,31.8,28.3,3.5,96.5,2,1
João Moutinho,1819,Wolves,ENG-Premier League,MF,31.0,3032,Box-to-Box Engine,Defensive Anchor,32.7,23.7,9.0,91.0,3,0
Leander Dendoncker,1819,Wolves,ENG-Premier League,MF,23.0,1467,Defensive Anchor,Ball Progressor,33.5,24.7,8.8,91.2,0,1
Romain Saïss,1819,Wolves,ENG-Premier League,"MF,DF",28.0,1149,Defensive Anchor,Box-to-Box Engine,36.3,26.4,9.9,90.1,0,3
Rúben Neves,1819,Wolves,ENG-Premier League,MF,21.0,3007,Defensive Anchor,Box-to-Box Engine,33.1,29.2,3.9,96.1,0,3
Cédric Soares,1920,Arsenal,ENG-Premier League,"MF,DF",27.0,1306,Ball Progressor,Box-to-Box Engine,27.4,24.3,3.1,96.9,1,3
Dani Ceballos,1920,Arsenal,ENG-Premier League,MF,22.0,1692,Box-to-Box Engine,Defensive Anchor,34.0,22.3,11.7,88.3,3,0
Granit Xhaka,1920,Arsenal,ENG-Premier League,MF,26.0,2586,Box-to-Box Engine,Defensive Anchor,33.3,29.0,4.3,95.7,3,0
Lucas Torreira,1920,Arsenal,ENG-Premier League,MF,23.0,1512,Defensive Anchor,Box-to-Box Engine,37.1,26.5,10.6,89.4,0,3
Mattéo Guendouzi,1920,Arsenal,ENG-Premier League,MF,20.0,1748,Box-to-Box Engine,Defensive Anchor,34.3,25.8,8.5,91.5,3,0
Mesut Özil,1920,Arsenal,ENG-Premier League,MF,30.0,1438,Creative Playmaker,Ball Progressor,34.8,25.2,9.6,90.4,2,1
Conor Hourihane,1920,Aston Villa,ENG-Premier League,MF,28.0,1534,Ball Progressor,Creative Playmaker,29.4,24.2,5.2,94.8,1,2
Douglas Luiz,1920,Aston Villa,ENG-Premier League,MF,21.0,2612,Defensive Anchor,Box-to-Box Engine,37.9,25.8,12.1,87.9,0,3
John McGinn,1920,Aston Villa,ENG-Premier League,MF,24.0,2312,Ball Progressor,Box-to-Box Engine,32.1,24.8,7.3,92.7,1,3
Marvelous Nakamba,1920,Aston Villa,ENG-Premier League,MF,25.0,1836,Defensive Anchor,Box-to-Box Engine,38.3,24.0,14.3,85.7,0,3
Dan Gosling,1920,Bournemouth,ENG-Premier League,MF,29.0,1264,Defensive Anchor,Ball Progressor,31.1,28.0,3.1,96.9,0,1
Harry Wilson,1920,Bournemouth,ENG-Premier League,"MF,FW",22.0,1646,Ball Progressor,Creative Playmaker,35.1,23.1,12.0,88.0,1,2
Jefferson Lerma,1920,Bournemouth,ENG-Premier League,MF,24.0,2703,Defensive Anchor,Box-to-Box Engine,38.5,25.6,12.9,87.1,0,3
Lewis Cook,1920,Bournemouth,ENG-Premier League,"MF,FW",22.0,1352,Defensive Anchor,Box-to-Box Engine,36.8,27.8,9.0,91.0,0,3
Philip Billing,1920,Bournemouth,ENG-Premier League,MF,23.0,2530,Defensive Anchor,Box-to-Box Engine,37.0,24.8,12.2,87.8,0,3
Ryan Fraser,1920,Bournemouth,ENG-Premier League,"MF,FW",25.0,2067,Creative Playmaker,Ball Progressor,33.6,28.5,5.1,94.9,2,1
Aaron Mooy,1920,Brighton,ENG-Premier League,"MF,FW",28.0,2085,Ball Progressor,Box-to-Box Engine,28.5,27.6,0.9,99.1,1,3
Dale Stephens,1920,Brighton,ENG-Premier League,MF,30.0,2530,Defensive Anchor,Box-to-Box Engine,35.8,28.7,7.1,92.9,0,3
Davy Pröpper,1920,Brighton,ENG-Premier League,MF,27.0,2829,Box-to-Box Engine,Defensive Anchor,36.4,28.0,8.4,91.6,3,0
Pascal Groß,1920,Brighton,ENG-Premier League,"MF,FW",28.0,1796,Creative Playmaker,Ball Progressor,33.7,25.9,7.8,92.2,2,1
Steven Alzate,1920,Brighton,ENG-Premier League,"MF,DF",20.0,1188,Ball Progressor,Box-to-Box Engine,28.7,27.2,1.5,98.5,1,3
Yves Bissouma,1920,Brighton,ENG-Premier League,MF,22.0,1259,Defensive Anchor,Box-to-Box Engine,38.7,25.9,12.8,87.2,0,3
Ashley Westwood,1920,Burnley,ENG-Premier League,MF,29.0,3150,Box-to-Box Engine,Defensive Anchor,28.2,27.3,0.9,99.1,3,0
Dwight McNeil,1920,Burnley,ENG-Premier League,MF,19.0,3338,Ball Progressor,Box-to-Box Engine,30.5,24.8,5.7,94.3,1,3
Jack Cork,1920,Burnley,ENG-Premier League,MF,30.0,2613,Defensive Anchor,Ball Progressor,37.8,25.1,12.7,87.3,0,1
Jeff Hendrick,1920,Burnley,ENG-Premier League,MF,27.0,1931,Defensive Anchor,Ball Progressor,31.4,30.7,0.7,99.3,0,1
Jorginho,1920,Chelsea,ENG-Premier League,MF,27.0,2379,Box-to-Box Engine,Defensive Anchor,34.0,25.4,8.6,91.4,3,0
Mason Mount,1920,Chelsea,ENG-Premier League,"MF,FW",20.0,2867,Creative Playmaker,Ball Progressor,35.3,29.4,5.9,94.1,2,1
Mateo Kovačić,1920,Chelsea,ENG-Premier League,MF,25.0,2073,Box-to-Box Engine,Defensive Anchor,34.9,22.5,12.4,87.6,3,0
N'Golo Kanté,1920,Chelsea,ENG-Premier League,MF,28.0,1732,Box-to-Box Engine,Defensive Anchor,34.0,24.7,9.3,90.7,3,0
Ross Barkley,1920,Chelsea,ENG-Premier League,MF,25.0,1103,Creative Playmaker,Ball Progressor,36.3,24.4,11.9,88.1,2,1
Cheikhou Kouyaté,1920,Crystal Palace,ENG-Premier League,"MF,DF",29.0,2528,Defensive Anchor,Ball Progressor,41.5,23.9,17.6,82.4,0,1
James McArthur,1920,Crystal Palace,ENG-Premier League,MF,31.0,3090,Defensive Anchor,Box-to-Box Engine,32.8,26.3,6.5,93.5,0,3
James McCarthy,1920,Crystal Palace,ENG-Premier League,MF,28.0,1680,Defensive Anchor,Box-to-Box Engine,38.8,24.0,14.8,85.2,0,3
Luka Milivojević,1920,Crystal Palace,ENG-Premier League,MF,28.0,2513,Defensive Anchor,Box-to-Box Engine,40.2,25.7,14.5,85.5,0,3
Alex Iwobi,1920,Everton,ENG-Premier League,"MF,FW",23.0,1596,Ball Progressor,Box-to-Box Engine,31.6,24.5,7.1,92.9,1,3
André Gomes,1920,Everton,ENG-Premier League,MF,26.0,1458,Defensive Anchor,Box-to-Box Engine,33.3,28.6,4.7,95.3,0,3
Bernard,1920,Everton,ENG-Premier League,"MF,FW",26.0,1280,Creative Playmaker,Ball Progressor,29.8,28.4,1.4,98.6,2,1
Fabian Delph,1920,Everton,ENG-Premier League,MF,29.0,1190,Box-to-Box Engine,Defensive Anchor,32.3,31.8,0.5,99.5,3,0
Gylfi Sigurðsson,1920,Everton,ENG-Premier League,MF,29.0,2560,Ball Progressor,Defensive Anchor,31.4,26.4,5.0,95.0,1,0
Morgan Schneiderlin,1920,Everton,ENG-Premier League,MF,29.0,1001,Defensive Anchor,Box-to-Box Engine,36.7,25.9,10.8,89.2,0,3
Theo Walcott,1920,Everton,ENG-Premier League,"MF,FW",30.0,1287,Ball Progressor,Creative Playmaker,32.3,29.8,2.5,97.5,1,2
Tom Davies,1920,Everton,ENG-Premier League,MF,21.0,2027,Defensive Anchor,Box-to-Box Engine,38.2,23.9,14.3,85.7,0,3
Ayoze Pérez,1920,Leicester City,ENG-Premier League,"MF,FW",26.0,2004,Ball Progressor,Creative Playmaker,31.2,29.4,1.8,98.2,1,2
Dennis Praet,1920,Leicester City,ENG-Premier League,MF,25.0,1134,Defensive Anchor,Ball Progressor,33.9,27.4,6.5,93.5,0,1
Harvey Barnes,1920,Leicester City,ENG-Premier League,"MF,FW",21.0,2083,Creative Playmaker,Ball Progressor,36.4,26.7,9.7,90.3,2,1
James Maddison,1920,Leicester City,ENG-Premier League,MF,22.0,2624,Creative Playmaker,Ball Progressor,34.0,24.5,9.5,90.5,2,1
Wilfred Ndidi,1920,Leicester City,ENG-Premier League,MF,22.0,2674,Defensive Anchor,Box-to-Box Engine,34.9,26.6,8.3,91.7,0,3
Youri Tielemans,1920,Leicester City,ENG-Premier League,MF,22.0,2828,Box-to-Box Engine,Ball Progressor,33.6,25.9,7.7,92.3,3,1
Alex Oxlade-Chamberlain,1920,Liverpool,ENG-Premier League,"MF,FW",25.0,1485,Ball Progressor,Creative Playmaker,30.6,25.8,4.8,95.2,1,2
Fabinho,1920,Liverpool,ENG-Premier League,MF,25.0,2079,Box-to-Box Engine,Defensive Anchor,33.3,32.7,0.6,99.4,3,0
Georginio Wijnaldum,1920,Liverpool,ENG-Premier League,MF,28.0,2935,Ball Progressor,Defensive Anchor,30.7,27.3,3.4,96.6,1,0
James Milner,1920,Liverpool,ENG-Premier League,"MF,DF",33.0,937,Box-to-Box Engine,Ball Progressor,32.2,24.1,8.1,91.9,3,1
Jordan Henderson,1920,Liverpool,ENG-Premier League,MF,29.0,2238,Box-to-Box Engine,Defensive Anchor,37.5,23.2,14.3,85.7,3,0
David Silva,1920,Manchester City,ENG-Premier League,MF,33.0,1826,Creative Playmaker,Box-to-Box Engine,37.7,22.7,15.0,85.0,2,3
Kevin De Bruyne,1920,Manchester City,ENG-Premier League,MF,28.0,2791,Creative Playmaker,Box-to-Box Engine,36.7,23.1,13.6,86.4,2,3
Rodri,1920,Manchester City,ENG-Premier League,MF,23.0,2486,Box-to-Box Engine,Defensive Anchor,34.3,24.8,9.5,90.5,3,0
İlkay Gündoğan,1920,Manchester City,ENG-Premier League,MF,28.0,2020,Box-to-Box Engine,Creative Playmaker,34.8,22.1,12.7,87.3,3,2
Andreas Pereira,1920,Manchester Utd,ENG-Premier League,"MF,FW",23.0,1484,Creative Playmaker,Ball Progressor,31.6,29.2,2.4,97.6,2,1
Bruno Fernandes,1920,Manchester Utd,ENG-Premier League,MF,24.0,1186,Creative Playmaker,Ball Progressor,34.4,23.9,10.5,89.5,2,1
Fred,1920,Manchester Utd,ENG-Premier League,MF,26.0,2163,Box-to-Box Engine,Defensive Anchor,34.6,26.2,8.4,91.6,3,0
Jesse Lingard,1920,Manchester Utd,ENG-Premier League,"MF,FW",26.0,935,Ball Progressor,Creative Playmaker,32.1,28.0,4.1,95.9,1,2
Nemanja Matić,1920,Manchester Utd,ENG-Premier League,MF,30.0,1581,Box-to-Box Engine,Defensive Anchor,35.6,26.6,9.0,91.0,3,0
Paul Pogba,1920,Manchester Utd,ENG-Premier League,MF,26.0,1204,Box-to-Box Engine,Creative Playmaker,32.2,25.3,6.9,93.1,3,2
Scott McTominay,1920,Manchester Utd,ENG-Premier League,MF,22.0,1772,Defensive Anchor,Box-to-Box Engine,35.3,29.1,6.2,93.8,0,3
Allan Saint-Maximin,1920,Newcastle Utd,ENG-Premier League,"MF,FW",22.0,1863,Creative Playmaker,Ball Progressor,29.3,27.4,1.9,98.1,2,1
Isaac Hayden,1920,Newcastle Utd,ENG-Premier League,MF,24.0,2223,Defensive Anchor,Ball Progressor,40.4,24.0,16.4,83.6,0,1
Jonjo Shelvey,1920,Newcastle Utd,ENG-Premier League,MF,27.0,2119,Box-to-Box Engine,Ball Progressor,28.4,26.2,2.2,97.8,3,1
Miguel Almirón,1920,Newcastle Utd,ENG-Premier League,"MF,FW",25.0,3021,Ball Progressor,Defensive Anchor,34.9,23.1,11.8,88.2,1,0
Sean Longstaff,1920,Newcastle Utd,ENG-Premier League,MF,21.0,1378,Defensive Anchor,Ball Progressor,37.0,25.9,11.1,88.9,0,1
Alexander Tettey,1920,Norwich City,ENG-Premier League,"MF,DF",33.0,2338,Defensive Anchor,Box-to-Box Engine,37.5,23.7,13.8,86.2,0,3
Dennis Srbeny,1920,Norwich City,ENG-Premier League,"MF,FW",25.0,1119,Ball Progressor,Defensive Anchor,26.9,25.3,1.6,98.4,1,0
Kenny McLean,1920,Norwich City,ENG-Premier League,MF,27.0,2968,Defensive Anchor,Box-to-Box Engine,34.9,27.4,7.5,92.5,0,3
Marco Stiepermann,1920,Norwich City,ENG-Premier League,MF,28.0,1180,Ball Progressor,Defensive Anchor,36.1,23.8,12.3,87.7,1,0
Tom Trybull,1920,Norwich City,ENG-Premier League,MF,26.0,1130,Defensive Anchor,Box-to-Box Engine,38.9,23.8,15.1,84.9,0,3
John Fleck,1920,Sheffield Utd,ENG-Premier League,MF,27.0,2516,Ball Progressor,Box-to-Box Engine,32.0,25.3,6.7,93.3,1,3
John Lundstram,1920,Sheffield Utd,ENG-Premier League,MF,25.0,2458,Ball Progressor,Defensive Anchor,33.8,25.3,8.5,91.5,1,0
Oliver Norwood,1920,Sheffield Utd,ENG-Premier League,MF,28.0,3090,Box-to-Box Engine,Defensive Anchor,31.4,29.5,1.9,98.1,3,0
Sander Berge,1920,Sheffield Utd,ENG-Premier League,MF,21.0,943,Defensive Anchor,Ball Progressor,34.7,25.3,9.4,90.6,0,1
James Ward-Prowse,1920,Southampton,ENG-Premier League,"MF,DF",24.0,3420,Defensive Anchor,Box-to-Box Engine,29.6,28.0,1.6,98.4,0,3
Moussa Djenepo,1920,Southampton,ENG-Premier League,"MF,DF",21.0,928,Ball Progressor,Creative Playmaker,30.1,28.8,1.3,98.7,1,2
Nathan Redmond,1920,Southampton,ENG-Premier League,"MF,FW",25.0,2762,Ball Progressor,Creative Playmaker,32.8,25.6,7.2,92.8,1,2
Oriol Romeu,1920,Southampton,ENG-Premier League,MF,27.0,1860,Defensive Anchor,Box-to-Box Engine,38.2,27.1,11.1,88.9,0,3
Pierre Højbjerg,1920,Southampton,ENG-Premier League,MF,23.0,2752,Box-to-Box Engine,Defensive Anchor,35.2,28.9,6.3,93.7,3,0
Stuart Armstrong,1920,Southampton,ENG-Premier League,MF,27.0,1715,Ball Progressor,Creative Playmaker,39.7,21.3,18.4,81.6,1,2
Christian Eriksen,1920,Tottenham,ENG-Premier League,"MF,FW",27.0,1097,Box-to-Box Engine,Ball Progressor,26.6,26.6,0.0,100.0,3,1
Dele Alli,1920,Tottenham,ENG-Premier League,"MF,FW",23.0,1847,Ball Progressor,Creative Playmaker,30.1,29.4,0.7,99.3,1,2
Giovani Lo Celso,1920,Tottenham,ENG-Premier League,"MF,FW",23.0,1492,Box-to-Box Engine,Creative Playmaker,32.4,23.5,8.9,91.1,3,2
Harry Winks,1920,Tottenham,ENG-Premier League,MF,23.0,2221,Box-to-Box Engine,Defensive Anchor,34.8,28.9,5.9,94.1,3,0
Moussa Sissoko,1920,Tottenham,ENG-Premier League,MF,29.0,2452,Defensive Anchor,Box-to-Box Engine,32.3,26.0,6.3,93.7,0,3
Tanguy Ndombele,1920,Tottenham,ENG-Premier League,MF,22.0,1009,Box-to-Box Engine,Defensive Anchor,36.5,24.9,11.6,88.4,3,0
Érik Lamela,1920,Tottenham,ENG-Premier League,"MF,FW",27.0,1215,Creative Playmaker,Ball Progressor,32.4,28.0,4.4,95.6,2,1
Abdoulaye Doucouré,1920,Watford,ENG-Premier League,MF,26.0,3156,Box-to-Box Engine,Defensive Anchor,30.0,27.7,2.3,97.7,3,0
Nathaniel Chalobah,1920,Watford,ENG-Premier League,MF,24.0,930,Defensive Anchor,Ball Progressor,41.1,22.6,18.5,81.5,0,1
Tom Cleverley,1920,Watford,ENG-Premier League,MF,29.0,971,Ball Progressor,Defensive Anchor,31.9,25.6,6.3,93.7,1,0
Will Hughes,1920,Watford,ENG-Premier League,MF,24.0,2252,Defensive Anchor,Ball Progressor,33.2,25.6,7.6,92.4,0,1
Étienne Capoue,1920,Watford,ENG-Premier League,MF,31.0,2627,Defensive Anchor,Box-to-Box Engine,37.8,26.0,11.8,88.2,0,3
Andriy Yarmolenko,1920,West Ham,ENG-Premier League,"MF,FW",29.0,991,Creative Playmaker,Ball Progressor,32.6,28.9,3.7,96.3,2,1
Declan Rice,1920,West Ham,ENG-Premier League,MF,20.0,3420,Defensive Anchor,Box-to-Box Engine,37.5,27.1,10.4,89.6,0,3
Felipe Anderson,1920,West Ham,ENG-Premier League,"MF,FW",26.0,1497,Creative Playmaker,Box-to-Box Engine,31.6,25.3,6.3,93.7,2,3
Manuel Lanzini,1920,West Ham,ENG-Premier League,"MF,FW",26.0,1379,Ball Progressor,Box-to-Box Engine,28.9,25.6,3.3,96.7,1,3
Mark Noble,1920,West Ham,ENG-Premier League,MF,32.0,2674,Box-to-Box Engine,Defensive Anchor,31.3,26.2,5.1,94.9,3,0
Pablo Fornals,1920,West Ham,ENG-Premier League,"MF,FW",23.0,2172,Ball Progressor,Defensive Anchor,34.6,23.6,11.0,89.0,1,0
Robert Snodgrass,1920,West Ham,ENG-Premier League,"MF,FW",31.0,1509,Ball Progressor,Creative Playmaker,31.5,29.4,2.1,97.9,1,2
Tomáš Souček,1920,West Ham,ENG-Premier League,MF,24.0,1040,Defensive Anchor,Ball Progressor,29.9,27.3,2.6,97.4,0,1
Jonny Castro,1920,Wolves,ENG-Premier League,"MF,DF",25.0,2887,Ball Progressor,Defensive Anchor,29.6,28.5,1.1,98.9,1,0
João Moutinho,1920,Wolves,ENG-Premier League,MF,32.0,3108,Box-to-Box Engine,Defensive Anchor,35.2,25.1,10.1,89.9,3,0
Leander Dendoncker,1920,Wolves,ENG-Premier League,"MF,DF",24.0,2795,Defensive Anchor,Ball Progressor,40.8,23.3,17.5,82.5,0,1
Matt Doherty,1920,Wolves,ENG-Premier League,"MF,DF",27.0,2839,Ball Progressor,Box-to-Box Engine,29.2,26.9,2.3,97.7,1,3
Rúben Neves,1920,Wolves,ENG-Premier League,MF,22.0,3056,Defensive Anchor,Box-to-Box Engine,33.3,30.5,2.8,97.2,0,3
Ainsley Maitland-Niles,2021,Arsenal,ENG-Premier League,"MF,DF",22.0,1230,Defensive Anchor,Box-to-Box Engine,30.9,27.6,3.3,96.7,0,3
Dani Ceballos,2021,Arsenal,ENG-Premier League,MF,23.0,1615,Box-to-Box Engine,Defensive Anchor,35.8,22.1,13.7,86.3,3,0
Emile Smith Rowe,2021,Arsenal,ENG-Premier League,"MF,FW",20.0,1440,Ball Progressor,Creative Playmaker,33.1,28.8,4.3,95.7,1,2
Granit Xhaka,2021,Arsenal,ENG-Premier League,"MF,DF",27.0,2522,Box-to-Box Engine,Defensive Anchor,35.3,25.4,9.9,90.1,3,0
Joe Willock,2021,Arsenal,ENG-Premier League,MF,20.0,978,Ball Progressor,Defensive Anchor,28.1,26.2,1.9,98.1,1,0
Mohamed Elneny,2021,Arsenal,ENG-Premier League,MF,28.0,1544,Defensive Anchor,Box-to-Box Engine,32.4,25.8,6.6,93.4,0,3
Thomas Partey,2021,Arsenal,ENG-Premier League,MF,27.0,1534,Box-to-Box Engine,Defensive Anchor,35.6,28.1,7.5,92.5,3,0
Douglas Luiz,2021,Aston Villa,ENG-Premier League,MF,22.0,2781,Defensive Anchor,Box-to-Box Engine,40.0,25.0,15.0,85.0,0,3
John McGinn,2021,Aston Villa,ENG-Premier League,MF,25.0,3330,Defensive Anchor,Box-to-Box Engine,27.8,27.6,0.2,99.8,0,3
Ross Barkley,2021,Aston Villa,ENG-Premier League,MF,26.0,1531,Creative Playmaker,Ball Progressor,30.2,28.4,1.8,98.2,2,1
Adam Lallana,2021,Brighton,ENG-Premier League,"MF,FW",32.0,1596,Box-to-Box Engine,Ball Progressor,29.2,28.6,0.6,99.4,3,1
Alexis Mac Allister,2021,Brighton,ENG-Premier League,"MF,FW",21.0,1115,Ball Progressor,Defensive Anchor,32.1,25.3,6.8,93.2,1,0
Leandro Trossard,2021,Brighton,ENG-Premier League,"MF,FW",25.0,2607,Creative Playmaker,Ball Progressor,34.4,28.5,5.9,94.1,2,1
Pascal Groß,2021,Brighton,ENG-Premier League,"MF,DF",29.0,2484,Creative Playmaker,Ball Progressor,34.1,26.1,8.0,92.0,2,1
Yves Bissouma,2021,Brighton,ENG-Premier League,MF,23.0,3111,Defensive Anchor,Box-to-Box Engine,38.7,26.7,12.0,88.0,0,3
Ashley Westwood,2021,Burnley,ENG-Premier League,MF,30.0,3410,Box-to-Box Engine,Ball Progressor,28.9,25.1,3.8,96.2,3,1
Dwight McNeil,2021,Burnley,ENG-Premier League,MF,20.0,3069,Ball Progressor,Box-to-Box Engine,31.4,25.2,6.2,93.8,1,3
Jack Cork,2021,Burnley,ENG-Premier League,MF,31.0,1350,Defensive Anchor,Ball Progressor,40.8,23.5,17.3,82.7,0,1
Josh Brownhill,2021,Burnley,ENG-Premier League,MF,24.0,2813,Defensive Anchor,Ball Progressor,38.4,23.8,14.6,85.4,0,1
Jóhann Berg Guðmundsson,2021,Burnley,ENG-Premier League,MF,29.0,1363,Ball Progressor,Defensive Anchor,33.7,27.9,5.8,94.2,1,0
Robbie Brady,2021,Burnley,ENG-Premier League,MF,28.0,1052,Defensive Anchor,Ball Progressor,35.8,27.3,8.5,91.5,0,1
Hakim Ziyech,2021,Chelsea,ENG-Premier League,"MF,FW",27.0,1172,Creative Playmaker,Ball Progressor,38.4,23.7,14.7,85.3,2,1
Jorginho,2021,Chelsea,ENG-Premier League,MF,28.0,2010,Box-to-Box Engine,Defensive Anchor,31.3,26.7,4.6,95.4,3,0
Kai Havertz,2021,Chelsea,ENG-Premier League,"MF,FW",21.0,1520,Ball Progressor,Creative Playmaker,31.6,29.2,2.4,97.6,1,2
Mason Mount,2021,Chelsea,ENG-Premier League,MF,21.0,2890,Creative Playmaker,Box-to-Box Engine,39.3,22.4,16.9,83.1,2,3
Mateo Kovačić,2021,Chelsea,ENG-Premier League,MF,26.0,1815,Box-to-Box Engine,Defensive Anchor,35.7,22.8,12.9,87.1,3,0
N'Golo Kanté,2021,Chelsea,ENG-Premier League,MF,29.0,2146,Defensive Anchor,Box-to-Box Engine,32.4,29.4,3.0,97.0,0,3
Andros Townsend,2021,Crystal Palace,ENG-Premier League,"MF,FW",29.0,2258,Ball Progressor,Box-to-Box Engine,27.6,25.9,1.7,98.3,1,3
Eberechi Eze,2021,Crystal Palace,ENG-Premier League,MF,22.0,2559,Ball Progressor,Creative Playmaker,32.0,24.4,7.6,92.4,1,2
James McArthur,2021,Crystal Palace,ENG-Premier League,MF,32.0,1466,Defensive Anchor,Box-to-Box Engine,38.2,26.4,11.8,88.2,0,3
Jaïro Riedewald,2021,Crystal Palace,ENG-Premier League,MF,23.0,1820,Defensive Anchor,Ball Progressor,39.0,23.9,15.1,84.9,0,1
Jeffrey Schlupp,2021,Crystal Palace,ENG-Premier League,MF,27.0,1428,Ball Progressor,Defensive Anchor,36.8,25.4,11.4,88.6,1,0
Luka Milivojević,2021,Crystal Palace,ENG-Premier League,MF,29.0,2359,Defensive Anchor,Box-to-Box Engine,45.0,22.9,22.1,77.9,0,3
Abdoulaye Doucouré,2021,Everton,ENG-Premier League,MF,27.0,2443,Defensive Anchor,Box-to-Box Engine,35.5,26.3,9.2,90.8,0,3
Allan,2021,Everton,ENG-Premier League,MF,29.0,2051,Defensive Anchor,Box-to-Box Engine,33.8,27.4,6.4,93.6,0,3
André Gomes,2021,Everton,ENG-Premier League,MF,27.0,1570,Defensive Anchor,Box-to-Box Engine,31.8,31.1,0.7,99.3,0,3
Gylfi Sigurðsson,2021,Everton,ENG-Premier League,"MF,FW",30.0,2253,Ball Progressor,Defensive Anchor,33.5,23.4,10.1,89.9,1,0
Tom Davies,2021,Everton,ENG-Premier League,MF,22.0,1423,Defensive Anchor,Box-to-Box Engine,40.2,23.7,16.5,83.5,0,3
Andre-Frank Zambo Anguissa,2021,Fulham,ENG-Premier League,MF,24.0,2587,Box-to-Box Engine,Defensive Anchor,32.1,30.5,1.6,98.4,3,0
Bobby De Cordova-Reid,2021,Fulham,ENG-Premier League,"MF,FW",27.0,2372,Ball Progressor,Defensive Anchor,37.2,24.2,13.0,87.0,1,0
Harrison Reed,2021,Fulham,ENG-Premier League,MF,25.0,2247,Defensive Anchor,Box-to-Box Engine,38.8,27.4,11.4,88.6,0,3
Mario Lemina,2021,Fulham,ENG-Premier League,MF,26.0,1703,Defensive Anchor,Box-to-Box Engine,41.4,25.1,16.3,83.7,0,3
Ruben Loftus-Cheek,2021,Fulham,ENG-Premier League,"MF,FW",24.0,1909,Ball Progressor,Defensive Anchor,35.6,23.4,12.2,87.8,1,0
Hélder Costa,2021,Leeds United,ENG-Premier League,"MF,FW",26.0,1156,Ball Progressor,Creative Playmaker,34.1,23.6,10.5,89.5,1,2
Jack Harrison,2021,Leeds United,ENG-Premier League,"MF,FW",23.0,2847,Creative Playmaker,Ball Progressor,36.1,28.1,8.0,92.0,2,1
Kalvin Phillips,2021,Leeds United,ENG-Premier League,MF,24.0,2428,Defensive Anchor,Box-to-Box Engine,34.6,29.4,5.2,94.8,0,3
Mateusz Klich,2021,Leeds United,ENG-Premier League,MF,30.0,2393,Creative Playmaker,Ball Progressor,31.1,26.4,4.7,95.3,2,1
Raphinha,2021,Leeds United,ENG-Premier League,"MF,FW",23.0,2360,Creative Playmaker,Ball Progressor,41.8,24.0,17.8,82.2,2,1
Rodrigo,2021,Leeds United,ENG-Premier League,"MF,FW",29.0,1288,Creative Playmaker,Ball Progressor,36.9,25.6,11.3,88.7,2,1
Stuart Dallas,2021,Leeds United,ENG-Premier League,"MF,DF",29.0,3409,Box-to-Box Engine,Defensive Anchor,33.6,24.9,8.7,91.3,3,0
Tyler Roberts,2021,Leeds United,ENG-Premier League,"MF,FW",21.0,1340,Ball Progressor,Defensive Anchor,37.1,22.4,14.7,85.3,1,0
Ayoze Pérez,2021,Leicester City,ENG-Premier League,"MF,FW",27.0,1331,Ball Progressor,Creative Playmaker,32.7,27.3,5.4,94.6,1,2
James Maddison,2021,Leicester City,ENG-Premier League,MF,23.0,2099,Creative Playmaker,Ball Progressor,33.4,27.5,5.9,94.1,2,1
Nampalys Mendy,2021,Leicester City,ENG-Premier League,MF,28.0,1459,Defensive Anchor,Box-to-Box Engine,36.0,25.6,10.4,89.6,0,3
Wilfred Ndidi,2021,Leicester City,ENG-Premier League,"MF,DF",23.0,2176,Defensive Anchor,Box-to-Box Engine,34.3,26.9,7.4,92.6,0,3
Youri Tielemans,2021,Leicester City,ENG-Premier League,MF,23.0,3357,Box-to-Box Engine,Defensive Anchor,42.2,21.5,20.7,79.3,3,0
Curtis Jones,2021,Liverpool,ENG-Premier League,MF,19.0,1179,Box-to-Box Engine,Creative Playmaker,30.6,25.2,5.4,94.6,3,2
Georginio Wijnaldum,2021,Liverpool,ENG-Premier League,MF,29.0,2941,Defensive Anchor,Box-to-Box Engine,29.2,26.8,2.4,97.6,0,3
James Milner,2021,Liverpool,ENG-Premier League,"MF,DF",34.0,1070,Box-to-Box Engine,Defensive Anchor,32.4,24.8,7.6,92.4,3,0
Jordan Henderson,2021,Liverpool,ENG-Premier League,"MF,DF",30.0,1704,Box-to-Box Engine,Defensive Anchor,33.0,24.1,8.9,91.1,3,0
Thiago Alcántara,2021,Liverpool,ENG-Premier League,MF,29.0,1854,Box-to-Box Engine,Defensive Anchor,38.4,23.1,15.3,84.7,3,0
Bernardo Silva,2021,Manchester City,ENG-Premier League,"MF,FW",25.0,2065,Creative Playmaker,Ball Progressor,32.2,25.8,6.4,93.6,2,1
Fernandinho,2021,Manchester City,ENG-Premier League,MF,35.0,1188,Box-to-Box Engine,Defensive Anchor,36.4,25.2,11.2,88.8,3,0
Kevin De Bruyne,2021,Manchester City,ENG-Premier League,MF,29.0,1997,Creative Playmaker,Box-to-Box Engine,37.3,22.7,14.6,85.4,2,3
Rodri,2021,Manchester City,ENG-Premier League,MF,24.0,2748,Box-to-Box Engine,Defensive Anchor,35.3,25.7,9.6,90.4,3,0
İlkay Gündoğan,2021,Manchester City,ENG-Premier League,MF,29.0,2029,Creative Playmaker,Box-to-Box Engine,31.3,25.3,6.0,94.0,2,3
Bruno Fernandes,2021,Manchester Utd,ENG-Premier League,MF,25.0,3099,Creative Playmaker,Ball Progressor,36.6,23.2,13.4,86.6,2,1
Fred,2021,Manchester Utd,ENG-Premier League,MF,27.0,2390,Box-to-Box Engine,Defensive Anchor,34.7,28.1,6.6,93.4,3,0
Nemanja Matić,2021,Manchester Utd,ENG-Premier League,MF,31.0,1106,Box-to-Box Engine,Defensive Anchor,33.3,25.6,7.7,92.3,3,0
Paul Pogba,2021,Manchester Utd,ENG-Premier League,"MF,FW",27.0,1897,Box-to-Box Engine,Ball Progressor,36.4,22.7,13.7,86.3,3,1
Scott McTominay,2021,Manchester Utd,ENG-Premier League,MF,23.0,2129,Defensive Anchor,Box-to-Box Engine,33.2,29.3,3.9,96.1,0,3
Isaac Hayden,2021,Newcastle Utd,ENG-Premier League,"MF,DF",25.0,1942,Defensive Anchor,Ball Progressor,40.9,22.4,18.5,81.5,0,1
Jeff Hendrick,2021,Newcastle Utd,ENG-Premier League,MF,28.0,1422,Defensive Anchor,Ball Progressor,31.8,29.0,2.8,97.2,0,1
Joe Willock,2021,Newcastle Utd,ENG-Premier League,MF,20.0,978,Ball Progressor,Defensive Anchor,28.1,24.9,3.2,96.8,1,0
Jonjo Shelvey,2021,Newcastle Utd,ENG-Premier League,MF,28.0,2617,Defensive Anchor,Box-to-Box Engine,33.5,27.7,5.8,94.2,0,3
Miguel Almirón,2021,Newcastle Utd,ENG-Premier League,"MF,FW",26.0,2429,Ball Progressor,Defensive Anchor,39.2,22.0,17.2,82.8,1,0
Sean Longstaff,2021,Newcastle Utd,ENG-Premier League,MF,22.0,1412,Defensive Anchor,Ball Progressor,36.6,26.4,10.2,89.8,0,1
Ben Osborn,2021,Sheffield Utd,ENG-Premier League,"MF,DF",25.0,1604,Ball Progressor,Defensive Anchor,30.7,25.4,5.3,94.7,1,0
John Fleck,2021,Sheffield Utd,ENG-Premier League,MF,28.0,2575,Defensive Anchor,Ball Progressor,31.1,27.7,3.4,96.6,0,1
John Lundstram,2021,Sheffield Utd,ENG-Premier League,MF,26.0,2032,Ball Progressor,Defensive Anchor,31.0,29.9,1.1,98.9,1,0
Oliver Norwood,2021,Sheffield Utd,ENG-Premier League,MF,29.0,2220,Defensive Anchor,Box-to-Box Engine,35.1,28.3,6.8,93.2,0,3
Sander Berge,2021,Sheffield Utd,ENG-Premier League,MF,22.0,1120,Ball Progressor,Defensive Anchor,30.8,27.3,3.5,96.5,1,0
Ibrahima Diallo,2021,Southampton,ENG-Premier League,MF,21.0,1020,Defensive Anchor,Box-to-Box Engine,39.4,24.6,14.8,85.2,0,3
James Ward-Prowse,2021,Southampton,ENG-Premier League,MF,25.0,3420,Box-to-Box Engine,Defensive Anchor,33.5,26.0,7.5,92.5,3,0
Moussa Djenepo,2021,Southampton,ENG-Premier League,MF,22.0,1240,Ball Progressor,Defensive Anchor,30.4,27.7,2.7,97.3,1,0
Nathan Redmond,2021,Southampton,ENG-Premier League,"MF,FW",26.0,1738,Ball Progressor,Creative Playmaker,33.7,28.1,5.6,94.4,1,2
Oriol Romeu,2021,Southampton,ENG-Premier League,MF,28.0,1763,Defensive Anchor,Box-to-Box Engine,32.8,31.0,1.8,98.2,0,3
Stuart Armstrong,2021,Southampton,ENG-Premier League,MF,28.0,2764,Ball Progressor,Box-to-Box Engine,30.5,26.1,4.4,95.6,1,3
Theo Walcott,2021,Southampton,ENG-Premier League,"MF,FW",31.0,1618,Ball Progressor,Defensive Anchor,38.1,22.4,15.7,84.3,1,0
Giovani Lo Celso,2021,Tottenham,ENG-Premier League,MF,24.0,945,Box-to-Box Engine,Ball Progressor,33.3,25.7,7.6,92.4,3,1
Moussa Sissoko,2021,Tottenham,ENG-Premier League,MF,30.0,1585,Defensive Anchor,Ball Progressor,36.5,24.7,11.8,88.2,0,1
Pierre Højbjerg,2021,Tottenham,ENG-Premier League,MF,24.0,3420,Defensive Anchor,Box-to-Box Engine,33.5,31.8,1.7,98.3,0,3
Tanguy Ndombele,2021,Tottenham,ENG-Premier League,MF,23.0,2091,Box-to-Box Engine,Ball Progressor,28.9,27.6,1.3,98.7,3,1
Ainsley Maitland-Niles,2021,West Brom,ENG-Premier League,MF,22.0,1230,Ball Progressor,Defensive Anchor,31.0,30.1,0.9,99.1,1,0
Conor Gallagher,2021,West Brom,ENG-Premier League,MF,20.0,2531,Defensive Anchor,Ball Progressor,39.3,24.5,14.8,85.2,0,1
Grady Diangana,2021,West Brom,ENG-Premier League,"MF,FW",22.0,1235,Ball Progressor,Defensive Anchor,31.9,30.0,1.9,98.1,1,0
Jake Livermore,2021,West Brom,ENG-Premier League,MF,30.0,1242,Defensive Anchor,Ball Progressor,38.0,25.0,13.0,87.0,0,1
Matheus Pereira,2021,West Brom,ENG-Premier League,"MF,FW",24.0,2577,Creative Playmaker,Ball Progressor,33.0,28.3,4.7,95.3,2,1
Matt Phillips,2021,West Brom,ENG-Premier League,MF,29.0,1828,Ball Progressor,Defensive Anchor,37.7,22.2,15.5,84.5,1,0
Okay Yokuşlu,2021,West Brom,ENG-Premier League,MF,26.0,1317,Defensive Anchor,Box-to-Box Engine,37.8,24.8,13.0,87.0,0,3
Romaine Sawyers,2021,West Brom,ENG-Premier League,MF,28.0,1487,Defensive Anchor,Box-to-Box Engine,38.7,23.8,14.9,85.1,0,3
Declan Rice,2021,West Ham,ENG-Premier League,MF,21.0,2879,Defensive Anchor,Box-to-Box Engine,32.6,29.9,2.7,97.3,0,3
Jesse Lingard,2021,West Ham,ENG-Premier League,"MF,FW",27.0,1421,Creative Playmaker,Ball Progressor,32.4,27.0,5.4,94.6,2,1
Tomáš Souček,2021,West Ham,ENG-Premier League,MF,25.0,3419,Defensive Anchor,Ball Progressor,35.7,24.6,11.1,88.9,0,1
Daniel Podence,2021,Wolves,ENG-Premier League,"MF,FW",24.0,1661,Ball Progressor,Creative Playmaker,34.7,25.0,9.7,90.3,1,2
João Moutinho,2021,Wolves,ENG-Premier League,MF,33.0,2528,Box-to-Box Engine,Defensive Anchor,35.2,27.5,7.7,92.3,3,0
Leander Dendoncker,2021,Wolves,ENG-Premier League,"MF,DF",25.0,2503,Defensive Anchor,Ball Progressor,41.6,23.7,17.9,82.1,0,1
Rúben Neves,2021,Wolves,ENG-Premier League,MF,23.0,2675,Box-to-Box Engine,Defensive Anchor,32.3,29.5,2.8,97.2,3,0
Albert Sambi Lokonga,2122,Arsenal,ENG-Premier League,MF,21.0,1134,Box-to-Box Engine,Defensive Anchor,35.2,24.5,10.7,89.3,3,0
Emile Smith Rowe,2122,Arsenal,ENG-Premier League,"MF,FW",21.0,1921,Ball Progressor,Creative Playmaker,30.8,29.7,1.1,98.9,1,2
Granit Xhaka,2122,Arsenal,ENG-Premier League,"MF,DF",28.0,2327,Box-to-Box Engine,Ball Progressor,33.9,23.5,10.4,89.6,3,1
Martin Ødegaard,2122,Arsenal,ENG-Premier League,"MF,FW",22.0,2785,Creative Playmaker,Ball Progressor,35.3,24.4,10.9,89.1,2,1
Thomas Partey,2122,Arsenal,ENG-Premier League,MF,28.0,2028,Defensive Anchor,Box-to-Box Engine,34.1,29.4,4.7,95.3,0,3
Douglas Luiz,2122,Aston Villa,ENG-Premier League,MF,23.0,2715,Defensive Anchor,Box-to-Box Engine,33.4,26.4,7.0,93.0,0,3
Emi Buendía,2122,Aston Villa,ENG-Premier League,"MF,FW",24.0,1899,Creative Playmaker,Ball Progressor,32.1,26.9,5.2,94.8,2,1
Jacob Ramsey,2122,Aston Villa,ENG-Premier League,MF,20.0,2467,Ball Progressor,Box-to-Box Engine,32.4,24.5,7.9,92.1,1,3
John McGinn,2122,Aston Villa,ENG-Premier League,MF,26.0,3090,Box-to-Box Engine,Defensive Anchor,29.9,28.0,1.9,98.1,3,0
Marvelous Nakamba,2122,Aston Villa,ENG-Premier League,MF,27.0,904,Defensive Anchor,Box-to-Box Engine,38.2,24.0,14.2,85.8,0,3
Philippe Coutinho,2122,Aston Villa,ENG-Premier League,"MF,FW",29.0,1329,Creative Playmaker,Ball Progressor,33.6,27.9,5.7,94.3,2,1
Christian Eriksen,2122,Brentford,ENG-Premier League,MF,29.0,939,Creative Playmaker,Box-to-Box Engine,30.0,27.8,2.2,97.8,2,3
Christian Nørgaard,2122,Brentford,ENG-Premier League,MF,27.0,3054,Defensive Anchor,Box-to-Box Engine,36.9,26.9,10.0,90.0,0,3
Frank Onyeka,2122,Brentford,ENG-Premier League,MF,23.0,1045,Defensive Anchor,Ball Progressor,41.0,24.7,16.3,83.7,0,1
Mathias Jensen,2122,Brentford,ENG-Premier League,MF,25.0,1601,Ball Progressor,Box-to-Box Engine,27.4,27.3,0.1,99.9,1,3
Shandon Baptiste,2122,Brentford,ENG-Premier League,MF,23.0,910,Defensive Anchor,Ball Progressor,32.0,30.0,2.0,98.0,0,1
Vitaly Janelt,2122,Brentford,ENG-Premier League,MF,23.0,2298,Defensive Anchor,Ball Progressor,35.1,25.1,10.0,90.0,0,1
Adam Lallana,2122,Brighton,ENG-Premier League,MF,33.0,1561,Defensive Anchor,Box-to-Box Engine,35.5,26.6,8.9,91.1,0,3
Alexis Mac Allister,2122,Brighton,ENG-Premier League,"MF,FW",22.0,2123,Ball Progressor,Box-to-Box Engine,28.4,27.3,1.1,98.9,1,3
Enock Mwepu,2122,Brighton,ENG-Premier League,MF,23.0,996,Ball Progressor,Defensive Anchor,30.8,25.5,5.3,94.7,1,0
Jakub Moder,2122,Brighton,ENG-Premier League,MF,22.0,1701,Ball Progressor,Defensive Anchor,35.4,23.4,12.0,88.0,1,0
Pascal Groß,2122,Brighton,ENG-Premier League,"MF,DF",30.0,2038,Creative Playmaker,Ball Progressor,30.4,26.5,3.9,96.1,2,1
Yves Bissouma,2122,Brighton,ENG-Premier League,MF,24.0,2111,Defensive Anchor,Box-to-Box Engine,38.6,26.1,12.5,87.5,0,3
Aaron Lennon,2122,Burnley,ENG-Premier League,"MF,FW",34.0,1551,Ball Progressor,Defensive Anchor,33.7,27.5,6.2,93.8,1,0
Ashley Westwood,2122,Burnley,ENG-Premier League,MF,31.0,2287,Defensive Anchor,Box-to-Box Engine,28.3,27.3,1.0,99.0,0,3
Dwight McNeil,2122,Burnley,ENG-Premier League,MF,21.0,3107,Ball Progressor,Defensive Anchor,29.2,26.4,2.8,97.2,1,0
Jack Cork,2122,Burnley,ENG-Premier League,MF,32.0,1670,Defensive Anchor,Ball Progressor,36.7,25.8,10.9,89.1,0,1
Josh Brownhill,2122,Burnley,ENG-Premier League,MF,25.0,2955,Defensive Anchor,Ball Progressor,37.9,23.7,14.2,85.8,0,1
Jóhann Berg Guðmundsson,2122,Burnley,ENG-Premier League,MF,30.0,1102,Ball Progressor,Defensive Anchor,33.9,26.6,7.3,92.7,1,0
Callum Hudson-Odoi,2122,Chelsea,ENG-Premier League,"MF,FW",20.0,962,Creative Playmaker,Ball Progressor,37.3,25.2,12.1,87.9,2,1
Christian Pulisic,2122,Chelsea,ENG-Premier League,"MF,FW",22.0,1290,Ball Progressor,Creative Playmaker,32.3,27.3,5.0,95.0,1,2
Hakim Ziyech,2122,Chelsea,ENG-Premier League,"MF,FW",28.0,1319,Creative Playmaker,Ball Progressor,42.3,23.1,19.2,80.8,2,1
Jorginho,2122,Chelsea,ENG-Premier League,MF,29.0,2273,Box-to-Box Engine,Defensive Anchor,34.0,24.8,9.2,90.8,3,0
Mason Mount,2122,Chelsea,ENG-Premier League,MF,22.0,2363,Creative Playmaker,Ball Progressor,40.1,23.7,16.4,83.6,2,1
Mateo Kovačić,2122,Chelsea,ENG-Premier League,MF,27.0,1558,Box-to-Box Engine,Creative Playmaker,36.2,22.4,13.8,86.2,3,2
N'Golo Kanté,2122,Chelsea,ENG-Premier League,MF,30.0,1773,Box-to-Box Engine,Creative Playmaker,32.6,23.1,9.5,90.5,3,2
Ruben Loftus-Cheek,2122,Chelsea,ENG-Premier League,"MF,DF",25.0,1394,Box-to-Box Engine,Creative Playmaker,32.6,23.6,9.0,91.0,3,2
Cheikhou Kouyaté,2122,Crystal Palace,ENG-Premier League,MF,31.0,1974,Defensive Anchor,Box-to-Box Engine,40.4,22.7,17.7,82.3,0,3
Conor Gallagher,2122,Crystal Palace,ENG-Premier League,MF,21.0,2845,Ball Progressor,Defensive Anchor,33.0,25.8,7.2,92.8,1,0
James McArthur,2122,Crystal Palace,ENG-Premier League,MF,33.0,1439,Box-to-Box Engine,Defensive Anchor,32.9,30.5,2.4,97.6,3,0
Jeffrey Schlupp,2122,Crystal Palace,ENG-Premier League,"MF,FW",28.0,1851,Ball Progressor,Defensive Anchor,30.4,30.1,0.3,99.7,1,0
Will Hughes,2122,Crystal Palace,ENG-Premier League,MF,26.0,1053,Defensive Anchor,Box-to-Box Engine,37.0,24.6,12.4,87.6,0,3
Abdoulaye Doucouré,2122,Everton,ENG-Premier League,MF,28.0,2537,Defensive Anchor,Box-to-Box Engine,39.1,23.6,15.5,84.5,0,3
Alex Iwobi,2122,Everton,ENG-Premier League,"MF,DF",25.0,2035,Ball Progressor,Box-to-Box Engine,32.8,23.9,8.9,91.1,1,3
Allan,2122,Everton,ENG-Premier League,MF,30.0,2183,Defensive Anchor,Box-to-Box Engine,36.7,26.7,10.0,90.0,0,3
Andros Townsend,2122,Everton,ENG-Premier League,"MF,FW",30.0,1455,Ball Progressor,Creative Playmaker,34.1,25.6,8.5,91.5,1,2
Anthony Gordon,2122,Everton,ENG-Premier League,"MF,FW",20.0,2285,Ball Progressor,Defensive Anchor,35.9,22.0,13.9,86.1,1,0
Demarai Gray,2122,Everton,ENG-Premier League,"MF,FW",25.0,2338,Ball Progressor,Creative Playmaker,35.0,26.2,8.8,91.2,1,2
Adam Forshaw,2122,Leeds United,ENG-Premier League,MF,29.0,1530,Defensive Anchor,Box-to-Box Engine,41.6,24.7,16.9,83.1,0,3
Hélder Costa,2122,Leeds United,ENG-Premier League,MF,27.0,1118,Ball Progressor,Defensive Anchor,29.2,25.6,3.6,96.4,1,0
Kalvin Phillips,2122,Leeds United,ENG-Premier League,MF,25.0,1596,Defensive Anchor,Box-to-Box Engine,34.6,27.6,7.0,93.0,0,3
Mateusz Klich,2122,Leeds United,ENG-Premier League,MF,31.0,2073,Ball Progressor,Box-to-Box Engine,32.8,25.1,7.7,92.3,1,3
Robin Koch,2122,Leeds United,ENG-Premier League,"MF,DF",25.0,1574,Defensive Anchor,Ball Progressor,41.2,23.1,18.1,81.9,0,1
Rodrigo,2122,Leeds United,ENG-Premier League,"MF,FW",30.0,2265,Ball Progressor,Creative Playmaker,35.3,25.6,9.7,90.3,1,2
Tyler Roberts,2122,Leeds United,ENG-Premier League,"MF,FW",22.0,987,Ball Progressor,Defensive Anchor,39.0,21.6,17.4,82.6,1,0
Boubakary Soumaré,2122,Leicester City,ENG-Premier League,MF,22.0,1102,Defensive Anchor,Ball Progressor,40.3,23.1,17.2,82.8,0,1
James Maddison,2122,Leicester City,ENG-Premier League,"MF,FW",24.0,2459,Creative Playmaker,Ball Progressor,33.0,28.1,4.9,95.1,2,1
Kiernan Dewsbury-Hall,2122,Leicester City,ENG-Premier League,MF,22.0,2105,Box-to-Box Engine,Ball Progressor,31.9,26.0,5.9,94.1,3,1
Nampalys Mendy,2122,Leicester City,ENG-Premier League,MF,29.0,1032,Defensive Anchor,Box-to-Box Engine,33.0,25.5,7.5,92.5,0,3
Wilfred Ndidi,2122,Leicester City,ENG-Premier League,"MF,DF",24.0,1618,Defensive Anchor,Box-to-Box Engine,36.3,25.8,10.5,89.5,0,3
Youri Tielemans,2122,Leicester City,ENG-Premier League,MF,24.0,2631,Box-to-Box Engine,Ball Progressor,33.9,23.6,10.3,89.7,3,1
Fabinho,2122,Liverpool,ENG-Premier League,MF,27.0,2314,Defensive Anchor,Box-to-Box Engine,34.4,28.8,5.6,94.4,0,3
Jordan Henderson,2122,Liverpool,ENG-Premier League,MF,31.0,2597,Box-to-Box Engine,Creative Playmaker,34.4,22.4,12.0,88.0,3,2
Naby Keïta,2122,Liverpool,ENG-Premier League,MF,26.0,1173,Box-to-Box Engine,Ball Progressor,28.7,25.1,3.6,96.4,3,1
Thiago Alcántara,2122,Liverpool,ENG-Premier League,MF,30.0,1534,Box-to-Box Engine,Defensive Anchor,36.3,22.4,13.9,86.1,3,0
Bernardo Silva,2122,Manchester City,ENG-Premier League,"MF,FW",26.0,2857,Creative Playmaker,Ball Progressor,39.3,23.8,15.5,84.5,2,1
Fernandinho,2122,Manchester City,ENG-Premier League,"MF,DF",36.0,964,Box-to-Box Engine,Defensive Anchor,36.2,22.7,13.5,86.5,3,0
Kevin De Bruyne,2122,Manchester City,ENG-Premier League,MF,30.0,2201,Creative Playmaker,Ball Progressor,36.9,22.9,14.0,86.0,2,1
Rodri,2122,Manchester City,ENG-Premier League,MF,25.0,2884,Box-to-Box Engine,Defensive Anchor,35.2,24.1,11.1,88.9,3,0
İlkay Gündoğan,2122,Manchester City,ENG-Premier League,MF,30.0,1857,Creative Playmaker,Ball Progressor,34.2,24.8,9.4,90.6,2,1
Bruno Fernandes,2122,Manchester Utd,ENG-Premier League,MF,26.0,3111,Creative Playmaker,Ball Progressor,38.9,23.2,15.7,84.3,2,1
Fred,2122,Manchester Utd,ENG-Premier League,MF,28.0,2028,Box-to-Box Engine,Defensive Anchor,33.0,28.6,4.4,95.6,3,0
Nemanja Matić,2122,Manchester Utd,ENG-Premier League,MF,32.0,1382,Box-to-Box Engine,Defensive Anchor,34.0,27.8,6.2,93.8,3,0
Paul Pogba,2122,Manchester Utd,ENG-Premier League,"MF,FW",28.0,1349,Box-to-Box Engine,Creative Playmaker,29.2,28.1,1.1,98.9,3,2
Scott McTominay,2122,Manchester Utd,ENG-Premier League,MF,24.0,2387,Defensive Anchor,Box-to-Box Engine,36.7,27.7,9.0,91.0,0,3
Bruno Guimarães,2122,Newcastle Utd,ENG-Premier League,MF,23.0,1034,Box-to-Box Engine,Ball Progressor,26.7,26.2,0.5,99.5,3,1
Bruno Guimarães,2122,Newcastle Utd,ENG-Premier League,MF,23.0,1634,Box-to-Box Engine,Ball Progressor,26.7,26.2,0.5,99.5,3,1
Isaac Hayden,2122,Newcastle Utd,ENG-Premier League,"MF,DF",26.0,1002,Defensive Anchor,Ball Progressor,38.3,24.7,13.6,86.4,0,1
Joe Willock,2122,Newcastle Utd,ENG-Premier League,MF,21.0,2038,Defensive Anchor,Ball Progressor,31.5,30.7,0.8,99.2,0,1
Joelinton,2122,Newcastle Utd,ENG-Premier League,"MF,FW",24.0,2558,Defensive Anchor,Ball Progressor,34.6,27.7,6.9,93.1,0,1
Jonjo Shelvey,2122,Newcastle Utd,ENG-Premier League,MF,29.0,1983,Defensive Anchor,Box-to-Box Engine,38.9,23.7,15.2,84.8,0,3
Miguel Almirón,2122,Newcastle Utd,ENG-Premier League,"MF,FW",27.0,1716,Ball Progressor,Defensive Anchor,32.4,28.2,4.2,95.8,1,0
Sean Longstaff,2122,Newcastle Utd,ENG-Premier League,MF,23.0,1464,Defensive Anchor,Ball Progressor,37.4,25.0,12.4,87.6,0,1
Billy Gilmour,2122,Norwich City,ENG-Premier League,MF,20.0,1855,Box-to-Box Engine,Defensive Anchor,32.3,30.1,2.2,97.8,3,0
Kenny McLean,2122,Norwich City,ENG-Premier League,MF,29.0,2706,Defensive Anchor,Ball Progressor,38.7,25.8,12.9,87.1,0,1
Mathias Normann,2122,Norwich City,ENG-Premier League,MF,25.0,1645,Defensive Anchor,Box-to-Box Engine,39.9,23.8,16.1,83.9,0,3
Pierre Lees-Melou,2122,Norwich City,ENG-Premier League,MF,28.0,2265,Defensive Anchor,Box-to-Box Engine,36.2,25.4,10.8,89.2,0,3
Ibrahima Diallo,2122,Southampton,ENG-Premier League,MF,22.0,1023,Defensive Anchor,Box-to-Box Engine,32.0,26.7,5.3,94.7,0,3
James Ward-Prowse,2122,Southampton,ENG-Premier League,MF,26.0,3215,Box-to-Box Engine,Ball Progressor,28.7,25.8,2.9,97.1,3,1
Mohamed Elyounoussi,2122,Southampton,ENG-Premier League,"MF,FW",26.0,2042,Ball Progressor,Creative Playmaker,39.8,21.0,18.8,81.2,1,2
Nathan Redmond,2122,Southampton,ENG-Premier League,"MF,FW",27.0,1833,Creative Playmaker,Ball Progressor,30.6,30.1,0.5,99.5,2,1
Oriol Romeu,2122,Southampton,ENG-Premier League,MF,29.0,2889,Defensive Anchor,Box-to-Box Engine,35.8,29.9,5.9,94.1,0,3
Stuart Armstrong,2122,Southampton,ENG-Premier League,MF,29.0,1473,Ball Progressor,Creative Playmaker,30.9,26.3,4.6,95.4,1,2
Dejan Kulusevski,2122,Tottenham,ENG-Premier League,"MF,FW",21.0,1261,Creative Playmaker,Ball Progressor,35.7,26.7,9.0,91.0,2,1
Giovani Lo Celso,2122,Tottenham,ENG-Premier League,"MF,FW",25.0,994,Ball Progressor,Box-to-Box Engine,27.4,25.2,2.2,97.8,1,3
Harry Winks,2122,Tottenham,ENG-Premier League,MF,25.0,912,Box-to-Box Engine,Defensive Anchor,33.6,24.8,8.8,91.2,3,0
Oliver Skipp,2122,Tottenham,ENG-Premier League,MF,20.0,1350,Defensive Anchor,Box-to-Box Engine,35.6,27.7,7.9,92.1,0,3
Pierre Højbjerg,2122,Tottenham,ENG-Premier League,MF,25.0,3196,Box-to-Box Engine,Defensive Anchor,37.3,27.8,9.5,90.5,3,0
Rodrigo Bentancur,2122,Tottenham,ENG-Premier League,MF,24.0,1361,Box-to-Box Engine,Defensive Anchor,33.2,29.8,3.4,96.6,3,0
Rodrigo Bentancur,2122,Tottenham,ENG-Premier League,MF,24.0,1155,Box-to-Box Engine,Defensive Anchor,33.2,29.8,3.4,96.6,3,0
Son Heung-min,2122,Tottenham,ENG-Premier League,"MF,FW",29.0,3006,Creative Playmaker,Ball Progressor,32.7,27.0,5.7,94.3,2,1
Imran Louza,2122,Watford,ENG-Premier League,MF,22.0,1416,Defensive Anchor,Box-to-Box Engine,34.9,26.6,8.3,91.7,0,3
Juraj Kucka,2122,Watford,ENG-Premier League,MF,34.0,1920,Defensive Anchor,Ball Progressor,41.2,22.9,18.3,81.7,0,1
Moussa Sissoko,2122,Watford,ENG-Premier League,MF,31.0,3220,Defensive Anchor,Ball Progressor,35.6,26.8,8.8,91.2,0,1
Tom Cleverley,2122,Watford,ENG-Premier League,MF,31.0,1616,Defensive Anchor,Ball Progressor,34.4,28.4,6.0,94.0,0,1
Declan Rice,2122,West Ham,ENG-Premier League,MF,22.0,3179,Box-to-Box Engine,Defensive Anchor,34.7,27.2,7.5,92.5,3,0
Manuel Lanzini,2122,West Ham,ENG-Premier League,"MF,FW",28.0,1786,Box-to-Box Engine,Ball Progressor,29.2,26.9,2.3,97.7,3,1
Tomáš Souček,2122,West Ham,ENG-Premier League,MF,26.0,3062,Defensive Anchor,Ball Progressor,39.9,24.5,15.4,84.6,0,1
Fernando Marçal,2122,Wolves,ENG-Premier League,"MF,DF",32.0,1449,Defensive Anchor,Ball Progressor,31.2,26.2,5.0,95.0,0,1
João Moutinho,2122,Wolves,ENG-Premier League,MF,34.0,2970,Box-to-Box Engine,Defensive Anchor,32.7,32.0,0.7,99.3,3,0
Leander Dendoncker,2122,Wolves,ENG-Premier League,MF,26.0,1950,Defensive Anchor,Ball Progressor,34.4,27.9,6.5,93.5,0,1
Nélson Semedo,2122,Wolves,ENG-Premier League,"MF,DF",27.0,2131,Ball Progressor,Defensive Anchor,29.5,26.5,3.0,97.0,1,0
Rúben Neves,2122,Wolves,ENG-Premier League,MF,24.0,2661,Box-to-Box Engine,Defensive Anchor,35.3,29.1,6.2,93.8,3,0
Granit Xhaka,2223,Arsenal,ENG-Premier League,MF,29.0,2993,Ball Progressor,Creative Playmaker,31.9,25.0,6.9,93.1,1,2
Jorginho,2223,Arsenal,ENG-Premier League,MF,30.0,1279,Box-to-Box Engine,Defensive Anchor,33.2,24.8,8.4,91.6,3,0
Marquinhos,2223,Arsenal,ENG-Premier League,MF,19.0,2717,Defensive Anchor,Ball Progressor,35.2,25.2,10.0,90.0,0,1
Martin Ødegaard,2223,Arsenal,ENG-Premier League,MF,23.0,3127,Creative Playmaker,Ball Progressor,38.4,23.4,15.0,85.0,2,1
Thomas Partey,2223,Arsenal,ENG-Premier League,MF,29.0,2483,Box-to-Box Engine,Defensive Anchor,39.0,24.6,14.4,85.6,3,0
Boubacar Kamara,2223,Aston Villa,ENG-Premier League,MF,22.0,1777,Defensive Anchor,Box-to-Box Engine,39.7,24.0,15.7,84.3,0,3
Douglas Luiz,2223,Aston Villa,ENG-Premier League,MF,24.0,2927,Box-to-Box Engine,Defensive Anchor,31.4,28.8,2.6,97.4,3,0
Emi Buendía,2223,Aston Villa,ENG-Premier League,"MF,FW",25.0,2412,Ball Progressor,Creative Playmaker,33.8,28.0,5.8,94.2,1,2
Jacob Ramsey,2223,Aston Villa,ENG-Premier League,"MF,FW",21.0,2636,Ball Progressor,Creative Playmaker,36.4,21.3,15.1,84.9,1,2
John McGinn,2223,Aston Villa,ENG-Premier League,"MF,FW",27.0,2693,Defensive Anchor,Ball Progressor,34.2,26.5,7.7,92.3,0,1
Morgan Sanson,2223,Aston Villa,ENG-Premier League,MF,27.0,1419,Defensive Anchor,Box-to-Box Engine,28.4,28.0,0.4,99.6,0,3
Dango Ouattara,2223,Bournemouth,ENG-Premier League,"MF,FW",20.0,1241,Ball Progressor,Creative Playmaker,36.4,23.2,13.2,86.8,1,2
Dango Ouattara,2223,Bournemouth,ENG-Premier League,"MF,FW",20.0,1548,Ball Progressor,Creative Playmaker,36.4,23.2,13.2,86.8,1,2
Jaidon Anthony,2223,Bournemouth,ENG-Premier League,"MF,FW",22.0,1257,Ball Progressor,Defensive Anchor,32.6,23.6,9.0,91.0,1,0
Jefferson Lerma,2223,Bournemouth,ENG-Premier League,MF,27.0,3252,Defensive Anchor,Box-to-Box Engine,38.9,23.6,15.3,84.7,0,3
Joe Rothwell,2223,Bournemouth,ENG-Premier League,MF,27.0,1016,Defensive Anchor,Ball Progressor,31.7,27.8,3.9,96.1,0,1
Lewis Cook,2223,Bournemouth,ENG-Premier League,MF,25.0,1720,Defensive Anchor,Ball Progressor,35.6,25.0,10.6,89.4,0,1
Marcus Tavernier,2223,Bournemouth,ENG-Premier League,"MF,FW",23.0,1743,Ball Progressor,Creative Playmaker,35.0,23.9,11.1,88.9,1,2
Philip Billing,2223,Bournemouth,ENG-Premier League,"MF,FW",26.0,2764,Defensive Anchor,Ball Progressor,31.6,30.3,1.3,98.7,0,1
Ryan Christie,2223,Bournemouth,ENG-Premier League,"MF,FW",27.0,1834,Ball Progressor,Defensive Anchor,33.9,24.9,9.0,91.0,1,0
Christian Nørgaard,2223,Brentford,ENG-Premier League,MF,28.0,1763,Defensive Anchor,Box-to-Box Engine,36.7,24.9,11.8,88.2,0,3
Josh Dasilva,2223,Brentford,ENG-Premier League,MF,23.0,1389,Ball Progressor,Creative Playmaker,32.4,25.3,7.1,92.9,1,2
Mathias Jensen,2223,Brentford,ENG-Premier League,MF,26.0,2803,Ball Progressor,Box-to-Box Engine,28.6,26.6,2.0,98.0,1,3
Mikkel Damsgaard,2223,Brentford,ENG-Premier League,"MF,FW",22.0,988,Ball Progressor,Defensive Anchor,29.1,28.9,0.2,99.8,1,0
Vitaly Janelt,2223,Brentford,ENG-Premier League,"MF,DF",24.0,2208,Defensive Anchor,Ball Progressor,38.8,24.5,14.3,85.7,0,1
Alexis Mac Allister,2223,Brighton,ENG-Premier League,MF,23.0,2886,Box-to-Box Engine,Ball Progressor,27.6,26.4,1.2,98.8,3,1
Moisés Caicedo,2223,Brighton,ENG-Premier League,MF,20.0,3139,Box-to-Box Engine,Defensive Anchor,33.5,31.1,2.4,97.6,3,0
Pascal Groß,2223,Brighton,ENG-Premier League,"MF,DF",31.0,3239,Creative Playmaker,Ball Progressor,35.3,25.2,10.1,89.9,2,1
Conor Gallagher,2223,Chelsea,ENG-Premier League,MF,22.0,1621,Ball Progressor,Box-to-Box Engine,29.3,25.9,3.4,96.6,1,3
Enzo Fernández,2223,Chelsea,ENG-Premier League,MF,21.0,1547,Box-to-Box Engine,Defensive Anchor,36.4,23.0,13.4,86.6,3,0
Jorginho,2223,Chelsea,ENG-Premier League,MF,30.0,1279,Defensive Anchor,Box-to-Box Engine,33.9,28.8,5.1,94.9,0,3
Mason Mount,2223,Chelsea,ENG-Premier League,"MF,FW",23.0,1648,Ball Progressor,Creative Playmaker,34.6,26.9,7.7,92.3,1,2
Mateo Kovačić,2223,Chelsea,ENG-Premier League,MF,28.0,1707,Box-to-Box Engine,Defensive Anchor,38.3,22.1,16.2,83.8,3,0
Ruben Loftus-Cheek,2223,Chelsea,ENG-Premier League,"MF,DF",26.0,1536,Ball Progressor,Box-to-Box Engine,29.5,27.6,1.9,98.1,1,3
Cheick Doucouré,2223,Crystal Palace,ENG-Premier League,MF,22.0,2769,Defensive Anchor,Box-to-Box Engine,43.4,23.6,19.8,80.2,0,3
Eberechi Eze,2223,Crystal Palace,ENG-Premier League,"MF,FW",24.0,2636,Creative Playmaker,Ball Progressor,30.5,29.6,0.9,99.1,2,1
Jeffrey Schlupp,2223,Crystal Palace,ENG-Premier League,"MF,FW",29.0,2531,Defensive Anchor,Ball Progressor,36.3,28.4,7.9,92.1,0,1
Naouirou Ahamada,2223,Crystal Palace,ENG-Premier League,"MF,FW",20.0,1398,Ball Progressor,Defensive Anchor,28.5,25.4,3.1,96.9,1,0
Abdoulaye Doucouré,2223,Everton,ENG-Premier League,MF,29.0,1533,Ball Progressor,Defensive Anchor,34.9,25.6,9.3,90.7,1,0
Alex Iwobi,2223,Everton,ENG-Premier League,"MF,FW",26.0,3378,Ball Progressor,Box-to-Box Engine,30.5,26.5,4.0,96.0,1,3
Amadou Onana,2223,Everton,ENG-Premier League,MF,20.0,2488,Defensive Anchor,Ball Progressor,37.7,25.9,11.8,88.2,0,1
Idrissa Gana Gueye,2223,Everton,ENG-Premier League,MF,32.0,2577,Defensive Anchor,Box-to-Box Engine,37.8,25.2,12.6,87.4,0,3
Andreas Pereira,2223,Fulham,ENG-Premier League,MF,26.0,2692,Ball Progressor,Creative Playmaker,33.5,26.4,7.1,92.9,1,2
Harrison Reed,2223,Fulham,ENG-Premier League,MF,27.0,2866,Ball Progressor,Defensive Anchor,32.6,28.4,4.2,95.8,1,0
João Palhinha,2223,Fulham,ENG-Premier League,MF,27.0,3108,Defensive Anchor,Ball Progressor,37.5,23.6,13.9,86.1,0,1
Saša Lukić,2223,Fulham,ENG-Premier League,MF,25.0,1195,Defensive Anchor,Box-to-Box Engine,38.5,23.7,14.8,85.2,0,3
Tom Cairney,2223,Fulham,ENG-Premier League,MF,31.0,988,Box-to-Box Engine,Creative Playmaker,29.7,26.8,2.9,97.1,3,2
Brenden Aaronson,2223,Leeds United,ENG-Premier League,"MF,FW",21.0,2372,Ball Progressor,Creative Playmaker,35.4,22.1,13.3,86.7,1,2
Marc Roca,2223,Leeds United,ENG-Premier League,MF,25.0,2315,Defensive Anchor,Box-to-Box Engine,33.7,30.7,3.0,97.0,0,3
Tyler Adams,2223,Leeds United,ENG-Premier League,MF,23.0,2156,Defensive Anchor,Box-to-Box Engine,33.8,27.7,6.1,93.9,0,3
Weston McKennie,2223,Leeds United,ENG-Premier League,MF,23.0,1437,Defensive Anchor,Box-to-Box Engine,41.6,23.1,18.5,81.5,0,3
Weston McKennie,2223,Leeds United,ENG-Premier League,MF,23.0,1052,Defensive Anchor,Box-to-Box Engine,41.6,23.1,18.5,81.5,0,3
Ayoze Pérez,2223,Leicester City,ENG-Premier League,"MF,FW",29.0,1386,Creative Playmaker,Ball Progressor,30.2,27.0,3.2,96.8,2,1
Boubakary Soumaré,2223,Leicester City,ENG-Premier League,MF,23.0,1629,Defensive Anchor,Box-to-Box Engine,41.5,23.8,17.7,82.3,0,3
James Maddison,2223,Leicester City,ENG-Premier League,"MF,FW",25.0,2480,Creative Playmaker,Ball Progressor,37.8,25.9,11.9,88.1,2,1
Kiernan Dewsbury-Hall,2223,Leicester City,ENG-Premier League,MF,23.0,2306,Box-to-Box Engine,Ball Progressor,29.0,27.1,1.9,98.1,3,1
Wilfred Ndidi,2223,Leicester City,ENG-Premier League,MF,25.0,1679,Defensive Anchor,Box-to-Box Engine,39.4,24.2,15.2,84.8,0,3
Youri Tielemans,2223,Leicester City,ENG-Premier League,MF,25.0,2344,Box-to-Box Engine,Defensive Anchor,36.7,26.4,10.3,89.7,3,0
Curtis Jones,2223,Liverpool,ENG-Premier League,MF,21.0,1035,Ball Progressor,Creative Playmaker,29.7,26.4,3.3,96.7,1,2
Fabinho,2223,Liverpool,ENG-Premier League,MF,28.0,2671,Defensive Anchor,Box-to-Box Engine,39.1,26.4,12.7,87.3,0,3
Harvey Elliott,2223,Liverpool,ENG-Premier League,"MF,FW",19.0,1613,Creative Playmaker,Box-to-Box Engine,33.3,24.6,8.7,91.3,2,3
James Milner,2223,Liverpool,ENG-Premier League,"MF,DF",36.0,913,Box-to-Box Engine,Ball Progressor,30.1,25.1,5.0,95.0,3,1
Jordan Henderson,2223,Liverpool,ENG-Premier League,MF,32.0,2074,Box-to-Box Engine,Ball Progressor,33.7,23.3,10.4,89.6,3,1
Thiago Alcántara,2223,Liverpool,ENG-Premier League,MF,31.0,1254,Box-to-Box Engine,Defensive Anchor,37.3,24.7,12.6,87.4,3,0
Bernardo Silva,2223,Manchester City,ENG-Premier League,"MF,FW",27.0,2205,Creative Playmaker,Ball Progressor,32.7,26.9,5.8,94.2,2,1
Kevin De Bruyne,2223,Manchester City,ENG-Premier League,MF,31.0,2417,Creative Playmaker,Ball Progressor,37.8,22.7,15.1,84.9,2,1
Rodri,2223,Manchester City,ENG-Premier League,MF,26.0,2911,Box-to-Box Engine,Defensive Anchor,36.3,23.4,12.9,87.1,3,0
Rodri,2223,Manchester City,ENG-Premier League,MF,26.0,1601,Box-to-Box Engine,Defensive Anchor,36.3,23.4,12.9,87.1,3,0
İlkay Gündoğan,2223,Manchester City,ENG-Premier League,MF,31.0,2353,Creative Playmaker,Ball Progressor,30.6,26.0,4.6,95.4,2,1
Bruno Fernandes,2223,Manchester Utd,ENG-Premier League,"MF,FW",27.0,3316,Creative Playmaker,Ball Progressor,39.1,22.5,16.6,83.4,2,1
Casemiro,2223,Manchester Utd,ENG-Premier League,MF,30.0,2124,Box-to-Box Engine,Defensive Anchor,30.7,27.7,3.0,97.0,3,0
Christian Eriksen,2223,Manchester Utd,ENG-Premier League,MF,30.0,2048,Box-to-Box Engine,Ball Progressor,29.7,26.6,3.1,96.9,3,1
Fred,2223,Manchester Utd,ENG-Premier League,MF,29.0,1249,Box-to-Box Engine,Defensive Anchor,29.7,25.2,4.5,95.5,3,0
Scott McTominay,2223,Manchester Utd,ENG-Premier League,MF,25.0,1160,Defensive Anchor,Ball Progressor,39.2,24.9,14.3,85.7,0,1
Bruno Guimarães,2223,Newcastle Utd,ENG-Premier League,MF,24.0,2726,Box-to-Box Engine,Defensive Anchor,36.2,22.8,13.4,86.6,3,0
Joe Willock,2223,Newcastle Utd,ENG-Premier League,MF,22.0,2558,Ball Progressor,Creative Playmaker,32.6,24.7,7.9,92.1,1,2
Joelinton,2223,Newcastle Utd,ENG-Premier League,"MF,FW",25.0,2661,Ball Progressor,Defensive Anchor,29.1,26.0,3.1,96.9,1,0
Sean Longstaff,2223,Newcastle Utd,ENG-Premier League,MF,24.0,2518,Ball Progressor,Defensive Anchor,34.2,27.0,7.2,92.8,1,0
Danilo,2223,Nott'ham Forest,ENG-Premier League,MF,21.0,976,Ball Progressor,Defensive Anchor,29.3,27.5,1.8,98.2,1,0
Danilo,2223,Nott'ham Forest,ENG-Premier League,MF,21.0,3184,Ball Progressor,Defensive Anchor,29.3,27.5,1.8,98.2,1,0
Morgan Gibbs-White,2223,Nott'ham Forest,ENG-Premier League,"MF,FW",22.0,2971,Ball Progressor,Creative Playmaker,34.2,27.8,6.4,93.6,1,2
Orel Mangala,2223,Nott'ham Forest,ENG-Premier League,MF,24.0,1550,Defensive Anchor,Ball Progressor,39.8,24.4,15.4,84.6,0,1
Remo Freuler,2223,Nott'ham Forest,ENG-Premier League,MF,30.0,2161,Defensive Anchor,Ball Progressor,41.4,23.2,18.2,81.8,0,1
Ryan Yates,2223,Nott'ham Forest,ENG-Premier League,MF,24.0,1837,Defensive Anchor,Ball Progressor,36.1,26.8,9.3,90.7,0,1
Carlos Alcaraz,2223,Southampton,ENG-Premier League,"MF,FW",19.0,1029,Ball Progressor,Defensive Anchor,33.6,24.4,9.2,90.8,1,0
James Ward-Prowse,2223,Southampton,ENG-Premier League,MF,27.0,3371,Box-to-Box Engine,Ball Progressor,27.4,27.2,0.2,99.8,3,1
Joe Aribo,2223,Southampton,ENG-Premier League,"MF,FW",26.0,1224,Ball Progressor,Defensive Anchor,34.8,28.6,6.2,93.8,1,0
Mohamed Elyounoussi,2223,Southampton,ENG-Premier League,"MF,FW",27.0,2168,Ball Progressor,Defensive Anchor,32.8,29.8,3.0,97.0,1,0
Oriol Romeu,2223,Southampton,ENG-Premier League,MF,30.0,2950,Box-to-Box Engine,Defensive Anchor,27.8,26.8,1.0,99.0,3,0
Roméo Lavia,2223,Southampton,ENG-Premier League,MF,18.0,2221,Defensive Anchor,Box-to-Box Engine,40.7,24.0,16.7,83.3,0,3
Stuart Armstrong,2223,Southampton,ENG-Premier League,"MF,FW",30.0,1408,Ball Progressor,Creative Playmaker,29.4,28.0,1.4,98.6,1,2
Bryan Gil,2223,Tottenham,ENG-Premier League,"MF,FW",21.0,918,Ball Progressor,Creative Playmaker,29.3,26.9,2.4,97.6,1,2
Dejan Kulusevski,2223,Tottenham,ENG-Premier League,"MF,FW",22.0,2067,Creative Playmaker,Ball Progressor,34.9,27.7,7.2,92.8,2,1
Oliver Skipp,2223,Tottenham,ENG-Premier League,MF,21.0,1491,Defensive Anchor,Ball Progressor,37.1,24.6,12.5,87.5,0,1
Pierre Højbjerg,2223,Tottenham,ENG-Premier League,MF,26.0,3131,Box-to-Box Engine,Defensive Anchor,34.7,27.0,7.7,92.3,3,0
Richarlison,2223,Tottenham,ENG-Premier League,"MF,FW",25.0,1010,Ball Progressor,Creative Playmaker,36.3,25.2,11.1,88.9,1,2
Rodrigo Bentancur,2223,Tottenham,ENG-Premier League,MF,25.0,1500,Defensive Anchor,Box-to-Box Engine,31.9,28.4,3.5,96.5,0,3
Son Heung-min,2223,Tottenham,ENG-Premier League,"MF,FW",30.0,2888,Ball Progressor,Creative Playmaker,32.3,30.1,2.2,97.8,1,2
Yves Bissouma,2223,Tottenham,ENG-Premier League,MF,25.0,1010,Defensive Anchor,Box-to-Box Engine,32.4,29.8,2.6,97.4,0,3
Declan Rice,2223,West Ham,ENG-Premier League,MF,23.0,3273,Box-to-Box Engine,Defensive Anchor,34.0,28.5,5.5,94.5,3,0
Lucas Paquetá,2223,West Ham,ENG-Premier League,MF,24.0,2151,Box-to-Box Engine,Ball Progressor,29.5,26.3,3.2,96.8,3,1
Tomáš Souček,2223,West Ham,ENG-Premier League,MF,27.0,2815,Defensive Anchor,Ball Progressor,33.7,26.9,6.8,93.2,0,1
João Moutinho,2223,Wolves,ENG-Premier League,MF,35.0,1780,Box-to-Box Engine,Defensive Anchor,30.0,26.0,4.0,96.0,3,0
Mario Lemina,2223,Wolves,ENG-Premier League,MF,28.0,1299,Defensive Anchor,Box-to-Box Engine,39.1,23.7,15.4,84.6,0,3
Matheus Nunes,2223,Wolves,ENG-Premier League,MF,23.0,2467,Ball Progressor,Defensive Anchor,34.1,27.0,7.1,92.9,1,0
Rúben Neves,2223,Wolves,ENG-Premier League,MF,25.0,3019,Defensive Anchor,Box-to-Box Engine,32.6,31.0,1.6,98.4,0,3
Declan Rice,2324,Arsenal,ENG-Premier League,MF,24.0,3225,Box-to-Box Engine,Ball Progressor,36.2,22.7,13.5,86.5,3,1
Jorginho,2324,Arsenal,ENG-Premier League,MF,31.0,921,Box-to-Box Engine,Defensive Anchor,31.4,23.9,7.5,92.5,3,0
Kai Havertz,2324,Arsenal,ENG-Premier League,"MF,FW",24.0,2634,Creative Playmaker,Ball Progressor,30.2,29.2,1.0,99.0,2,1
Martin Ødegaard,2324,Arsenal,ENG-Premier League,MF,24.0,3091,Creative Playmaker,Box-to-Box Engine,37.5,22.6,14.9,85.1,2,3
Boubacar Kamara,2324,Aston Villa,ENG-Premier League,MF,23.0,1652,Defensive Anchor,Box-to-Box Engine,36.6,26.7,9.9,90.1,0,3
Cameron Archer,2324,Aston Villa,ENG-Premier League,MF,22.0,1832,Defensive Anchor,Box-to-Box Engine,26.5,25.8,0.7,99.3,0,3
Douglas Luiz,2324,Aston Villa,ENG-Premier League,MF,25.0,2993,Box-to-Box Engine,Ball Progressor,29.7,26.4,3.3,96.7,3,1
John McGinn,2324,Aston Villa,ENG-Premier League,"MF,FW",28.0,2999,Ball Progressor,Box-to-Box Engine,32.7,24.1,8.6,91.4,1,3
Leon Bailey,2324,Aston Villa,ENG-Premier League,"MF,FW",25.0,2068,Creative Playmaker,Ball Progressor,39.1,24.6,14.5,85.5,2,1
Youri Tielemans,2324,Aston Villa,ENG-Premier League,"MF,FW",26.0,1622,Box-to-Box Engine,Ball Progressor,29.3,25.4,3.9,96.1,3,1
Alex Scott,2324,Bournemouth,ENG-Premier League,MF,19.0,1014,Ball Progressor,Box-to-Box Engine,30.6,26.6,4.0,96.0,1,3
Justin Kluivert,2324,Bournemouth,ENG-Premier League,"MF,FW",24.0,1916,Ball Progressor,Creative Playmaker,35.4,24.6,10.8,89.2,1,2
Lewis Cook,2324,Bournemouth,ENG-Premier League,MF,26.0,2786,Defensive Anchor,Box-to-Box Engine,36.0,27.4,8.6,91.4,0,3
Philip Billing,2324,Bournemouth,ENG-Premier League,MF,27.0,1398,Ball Progressor,Defensive Anchor,31.0,25.9,5.1,94.9,1,0
Romain Faivre,2324,Bournemouth,ENG-Premier League,"MF,FW",25.0,1453,Creative Playmaker,Ball Progressor,27.3,26.2,1.1,98.9,2,1
Ryan Christie,2324,Bournemouth,ENG-Premier League,MF,28.0,2907,Box-to-Box Engine,Defensive Anchor,30.5,25.8,4.7,95.3,3,0
Christian Nørgaard,2324,Brentford,ENG-Premier League,MF,29.0,2505,Defensive Anchor,Box-to-Box Engine,34.4,28.8,5.6,94.4,0,3
Frank Onyeka,2324,Brentford,ENG-Premier League,MF,25.0,1161,Defensive Anchor,Ball Progressor,30.5,29.6,0.9,99.1,0,1
Mathias Jensen,2324,Brentford,ENG-Premier League,MF,27.0,2204,Ball Progressor,Box-to-Box Engine,28.5,26.5,2.0,98.0,1,3
Vitaly Janelt,2324,Brentford,ENG-Premier League,"MF,DF",25.0,3054,Defensive Anchor,Ball Progressor,34.1,27.6,6.5,93.5,0,1
Billy Gilmour,2324,Brighton,ENG-Premier League,MF,22.0,2120,Box-to-Box Engine,Ball Progressor,32.3,23.7,8.6,91.4,3,1
Carlos Baleba,2324,Brighton,ENG-Premier League,MF,19.0,1325,Defensive Anchor,Box-to-Box Engine,36.4,25.6,10.8,89.2,0,3
Pascal Groß,2324,Brighton,ENG-Premier League,"MF,DF",32.0,3114,Creative Playmaker,Box-to-Box Engine,33.1,26.3,6.8,93.2,2,3
Jacob Bruun Larsen,2324,Burnley,ENG-Premier League,"MF,FW",24.0,1249,Creative Playmaker,Ball Progressor,30.7,29.1,1.6,98.4,2,1
Josh Brownhill,2324,Burnley,ENG-Premier League,MF,27.0,2252,Defensive Anchor,Ball Progressor,34.8,26.3,8.5,91.5,0,1
Josh Cullen,2324,Burnley,ENG-Premier League,MF,27.0,2057,Box-to-Box Engine,Defensive Anchor,28.4,27.8,0.6,99.4,3,0
Jóhann Berg Guðmundsson,2324,Burnley,ENG-Premier League,"MF,FW",32.0,1192,Ball Progressor,Creative Playmaker,30.8,26.4,4.4,95.6,1,2
Luca Koleosho,2324,Burnley,ENG-Premier League,"MF,FW",18.0,974,Ball Progressor,Creative Playmaker,31.1,27.5,3.6,96.4,1,2
Sander Berge,2324,Burnley,ENG-Premier League,MF,25.0,3005,Defensive Anchor,Box-to-Box Engine,35.7,26.4,9.3,90.7,0,3
Wilson Odobert,2324,Burnley,ENG-Premier League,"MF,FW",18.0,2098,Ball Progressor,Creative Playmaker,33.6,25.5,8.1,91.9,1,2
Conor Gallagher,2324,Chelsea,ENG-Premier League,MF,23.0,3128,Box-to-Box Engine,Ball Progressor,33.9,25.3,8.6,91.4,3,1
Enzo Fernández,2324,Chelsea,ENG-Premier League,MF,22.0,2209,Box-to-Box Engine,Creative Playmaker,32.9,23.6,9.3,90.7,3,2
Moisés Caicedo,2324,Chelsea,ENG-Premier League,MF,21.0,2866,Defensive Anchor,Box-to-Box Engine,33.2,29.7,3.5,96.5,0,3
Adam Wharton,2324,Crystal Palace,ENG-Premier League,MF,19.0,1297,Defensive Anchor,Box-to-Box Engine,30.8,27.1,3.7,96.3,0,3
Cheick Doucouré,2324,Crystal Palace,ENG-Premier League,MF,23.0,919,Defensive Anchor,Box-to-Box Engine,36.1,26.9,9.2,90.8,0,3
Eberechi Eze,2324,Crystal Palace,ENG-Premier League,"MF,FW",25.0,2055,Creative Playmaker,Ball Progressor,38.4,24.5,13.9,86.1,2,1
Jefferson Lerma,2324,Crystal Palace,ENG-Premier League,"MF,DF",28.0,2400,Defensive Anchor,Box-to-Box Engine,38.8,23.9,14.9,85.1,0,3
Will Hughes,2324,Crystal Palace,ENG-Premier League,MF,28.0,1891,Defensive Anchor,Box-to-Box Engine,37.7,24.0,13.7,86.3,0,3
Alex Iwobi,2324,Everton,ENG-Premier League,MF,27.0,2192,Creative Playmaker,Ball Progressor,29.8,27.1,2.7,97.3,2,1
Amadou Onana,2324,Everton,ENG-Premier League,MF,21.0,2091,Defensive Anchor,Box-to-Box Engine,35.7,25.5,10.2,89.8,0,3
Dwight McNeil,2324,Everton,ENG-Premier League,"MF,FW",23.0,2892,Ball Progressor,Creative Playmaker,29.9,28.1,1.8,98.2,1,2
Idrissa Gana Gueye,2324,Everton,ENG-Premier League,MF,33.0,1884,Defensive Anchor,Box-to-Box Engine,34.3,26.1,8.2,91.8,0,3
Jack Harrison,2324,Everton,ENG-Premier League,"MF,FW",26.0,2214,Ball Progressor,Creative Playmaker,41.1,21.0,20.1,79.9,1,2
James Garner,2324,Everton,ENG-Premier League,MF,22.0,3004,Defensive Anchor,Ball Progressor,33.0,28.4,4.6,95.4,0,1
Andreas Pereira,2324,Fulham,ENG-Premier League,MF,27.0,2613,Creative Playmaker,Ball Progressor,31.6,28.3,3.3,96.7,2,1
Harrison Reed,2324,Fulham,ENG-Premier League,MF,28.0,1325,Defensive Anchor,Ball Progressor,31.2,28.8,2.4,97.6,0,1
João Palhinha,2324,Fulham,ENG-Premier League,MF,28.0,2699,Defensive Anchor,Box-to-Box Engine,37.9,23.9,14.0,86.0,0,3
Saša Lukić,2324,Fulham,ENG-Premier League,MF,26.0,1122,Defensive Anchor,Ball Progressor,41.2,23.6,17.6,82.4,0,1
Tom Cairney,2324,Fulham,ENG-Premier League,MF,32.0,1488,Box-to-Box Engine,Creative Playmaker,31.5,25.8,5.7,94.3,3,2
Alexis Mac Allister,2324,Liverpool,ENG-Premier League,MF,24.0,2599,Box-to-Box Engine,Defensive Anchor,33.5,23.3,10.2,89.8,3,0
Curtis Jones,2324,Liverpool,ENG-Premier League,MF,22.0,1167,Ball Progressor,Box-to-Box Engine,30.6,25.8,4.8,95.2,1,3
Dominik Szoboszlai,2324,Liverpool,ENG-Premier League,MF,22.0,2104,Creative Playmaker,Box-to-Box Engine,33.3,25.1,8.2,91.8,2,3
Harvey Elliott,2324,Liverpool,ENG-Premier League,"MF,FW",20.0,1352,Creative Playmaker,Box-to-Box Engine,36.6,23.2,13.4,86.6,2,3
Ryan Gravenberch,2324,Liverpool,ENG-Premier League,MF,21.0,1121,Ball Progressor,Box-to-Box Engine,28.1,26.3,1.8,98.2,1,3
Wataru Endo,2324,Liverpool,ENG-Premier League,MF,30.0,1722,Defensive Anchor,Box-to-Box Engine,32.7,31.8,0.9,99.1,0,3
Albert Sambi Lokonga,2324,Luton Town,ENG-Premier League,MF,23.0,1303,Defensive Anchor,Box-to-Box Engine,32.6,27.0,5.6,94.4,0,3
Andros Townsend,2324,Luton Town,ENG-Premier League,"MF,FW",32.0,1210,Ball Progressor,Creative Playmaker,34.4,24.8,9.6,90.4,1,2
Chiedozie Ogbene,2324,Luton Town,ENG-Premier League,"MF,DF",26.0,1995,Creative Playmaker,Ball Progressor,29.9,28.2,1.7,98.3,2,1
Jacob Brown,2324,Luton Town,ENG-Premier League,"MF,FW",25.0,1019,Ball Progressor,Defensive Anchor,32.5,27.3,5.2,94.8,1,0
Jordan Clark,2324,Luton Town,ENG-Premier League,MF,29.0,1304,Ball Progressor,Defensive Anchor,30.4,29.4,1.0,99.0,1,0
Marvelous Nakamba,2324,Luton Town,ENG-Premier League,MF,29.0,1130,Defensive Anchor,Ball Progressor,35.9,24.7,11.2,88.8,0,1
Pelly Ruddock Mpanzu,2324,Luton Town,ENG-Premier League,MF,30.0,1101,Defensive Anchor,Ball Progressor,32.4,28.7,3.7,96.3,0,1
Ross Barkley,2324,Luton Town,ENG-Premier League,MF,29.0,2618,Box-to-Box Engine,Ball Progressor,33.5,24.6,8.9,91.1,3,1
Tahith Chong,2324,Luton Town,ENG-Premier League,"MF,FW",23.0,1982,Ball Progressor,Defensive Anchor,37.7,23.1,14.6,85.4,1,0
Bernardo Silva,2324,Manchester City,ENG-Premier League,"MF,FW",28.0,2578,Creative Playmaker,Ball Progressor,38.6,23.2,15.4,84.6,2,1
Cole Palmer,2324,Manchester City,ENG-Premier League,MF,21.0,2607,Defensive Anchor,Ball Progressor,29.0,27.3,1.7,98.3,0,1
James Mcatee,2324,Manchester City,ENG-Premier League,MF,20.0,1822,Defensive Anchor,Ball Progressor,35.2,25.2,10.0,90.0,0,1
Julián Álvarez,2324,Manchester City,ENG-Premier League,"MF,FW",23.0,2647,Creative Playmaker,Ball Progressor,34.5,27.5,7.0,93.0,2,1
Kevin De Bruyne,2324,Manchester City,ENG-Premier League,MF,32.0,1221,Creative Playmaker,Ball Progressor,36.4,23.2,13.2,86.8,2,1
Mateo Kovačić,2324,Manchester City,ENG-Premier League,MF,29.0,1551,Box-to-Box Engine,Ball Progressor,33.6,23.2,10.4,89.6,3,1
Rodri,2324,Manchester City,ENG-Premier League,MF,27.0,2931,Box-to-Box Engine,Creative Playmaker,31.5,26.0,5.5,94.5,3,2
Rodri,2324,Manchester City,ENG-Premier League,MF,27.0,1051,Box-to-Box Engine,Creative Playmaker,31.5,26.0,5.5,94.5,3,2
Bruno Fernandes,2324,Manchester Utd,ENG-Premier League,"MF,FW",28.0,3118,Creative Playmaker,Box-to-Box Engine,35.8,23.9,11.9,88.1,2,3
Casemiro,2324,Manchester Utd,ENG-Premier League,"MF,DF",31.0,1982,Defensive Anchor,Box-to-Box Engine,31.1,28.4,2.7,97.3,0,3
Christian Eriksen,2324,Manchester Utd,ENG-Premier League,MF,31.0,1141,Box-to-Box Engine,Ball Progressor,28.5,26.7,1.8,98.2,3,1
Kobbie Mainoo,2324,Manchester Utd,ENG-Premier League,MF,18.0,1924,Defensive Anchor,Ball Progressor,33.9,28.4,5.5,94.5,0,1
Scott McTominay,2324,Manchester Utd,ENG-Premier League,"MF,FW",26.0,1901,Ball Progressor,Defensive Anchor,30.3,29.2,1.1,98.9,1,0
Sofyan Amrabat,2324,Manchester Utd,ENG-Premier League,"MF,DF",26.0,938,Defensive Anchor,Box-to-Box Engine,34.6,28.7,5.9,94.1,0,3
Bruno Guimarães,2324,Newcastle Utd,ENG-Premier League,MF,25.0,3263,Box-to-Box Engine,Creative Playmaker,34.5,23.8,10.7,89.3,3,2
Elliot Anderson,2324,Newcastle Utd,ENG-Premier League,"MF,FW",20.0,1027,Ball Progressor,Box-to-Box Engine,29.6,25.7,3.9,96.1,1,3
Joelinton,2324,Newcastle Utd,ENG-Premier League,"MF,FW",26.0,1279,Ball Progressor,Box-to-Box Engine,31.2,24.9,6.3,93.7,1,3
Lewis Miley,2324,Newcastle Utd,ENG-Premier League,MF,17.0,1202,Ball Progressor,Defensive Anchor,32.0,28.2,3.8,96.2,1,0
Sean Longstaff,2324,Newcastle Utd,ENG-Premier League,MF,25.0,2747,Ball Progressor,Defensive Anchor,34.3,26.1,8.2,91.8,1,0
Danilo,2324,Nott'ham Forest,ENG-Premier League,MF,22.0,1792,Defensive Anchor,Box-to-Box Engine,38.9,23.8,15.1,84.9,0,3
Danilo,2324,Nott'ham Forest,ENG-Premier League,MF,22.0,2452,Defensive Anchor,Box-to-Box Engine,38.9,23.8,15.1,84.9,0,3
Ibrahim Sangaré,2324,Nott'ham Forest,ENG-Premier League,MF,25.0,1035,Defensive Anchor,Box-to-Box Engine,36.6,24.0,12.6,87.4,0,3
Morgan Gibbs-White,2324,Nott'ham Forest,ENG-Premier League,"MF,FW",23.0,3156,Creative Playmaker,Ball Progressor,31.9,29.9,2.0,98.0,2,1
Nicolás Domínguez,2324,Nott'ham Forest,ENG-Premier League,"MF,FW",25.0,1495,Defensive Anchor,Box-to-Box Engine,32.3,27.3,5.0,95.0,0,3
Orel Mangala,2324,Nott'ham Forest,ENG-Premier League,MF,25.0,1563,Defensive Anchor,Ball Progressor,36.1,25.1,11.0,89.0,0,1
Ryan Yates,2324,Nott'ham Forest,ENG-Premier League,MF,25.0,1992,Defensive Anchor,Ball Progressor,37.6,25.0,12.6,87.4,0,1
Andre Brooks,2324,Sheffield Utd,ENG-Premier League,"MF,DF",19.0,938,Defensive Anchor,Ball Progressor,37.7,26.3,11.4,88.6,0,1
Gustavo Hamer,2324,Sheffield Utd,ENG-Premier League,MF,26.0,2910,Ball Progressor,Box-to-Box Engine,33.0,22.9,10.1,89.9,1,3
James Mcatee,2324,Sheffield Utd,ENG-Premier League,"MF,FW",20.0,1822,Ball Progressor,Creative Playmaker,40.1,21.6,18.5,81.5,1,2
Oliver Arblaster,2324,Sheffield Utd,ENG-Premier League,MF,19.0,943,Defensive Anchor,Box-to-Box Engine,38.5,24.2,14.3,85.7,0,3
Oliver Norwood,2324,Sheffield Utd,ENG-Premier League,MF,32.0,1440,Defensive Anchor,Box-to-Box Engine,37.0,25.0,12.0,88.0,0,3
Vinicius Souza,2324,Sheffield Utd,ENG-Premier League,MF,24.0,2668,Defensive Anchor,Ball Progressor,37.5,23.7,13.8,86.2,0,1
James Maddison,2324,Tottenham,ENG-Premier League,MF,26.0,2135,Creative Playmaker,Ball Progressor,37.0,23.1,13.9,86.1,2,1
Pape Matar Sarr,2324,Tottenham,ENG-Premier League,MF,20.0,2069,Box-to-Box Engine,Ball Progressor,31.9,26.6,5.3,94.7,3,1
Pierre Højbjerg,2324,Tottenham,ENG-Premier League,MF,27.0,1311,Box-to-Box Engine,Defensive Anchor,36.2,25.3,10.9,89.1,3,0
Rodrigo Bentancur,2324,Tottenham,ENG-Premier League,MF,26.0,1005,Box-to-Box Engine,Defensive Anchor,33.4,24.5,8.9,91.1,3,0
Yves Bissouma,2324,Tottenham,ENG-Premier League,MF,26.0,2068,Box-to-Box Engine,Defensive Anchor,32.9,29.2,3.7,96.3,3,0
Edson Álvarez,2324,West Ham,ENG-Premier League,MF,25.0,2377,Defensive Anchor,Box-to-Box Engine,39.0,24.4,14.6,85.4,0,3
James Ward-Prowse,2324,West Ham,ENG-Premier League,MF,28.0,3001,Ball Progressor,Box-to-Box Engine,29.8,24.8,5.0,95.0,1,3
Pablo Fornals,2324,West Ham,ENG-Premier League,"MF,FW",27.0,1148,Ball Progressor,Box-to-Box Engine,29.1,26.2,2.9,97.1,1,3
Tomáš Souček,2324,West Ham,ENG-Premier League,MF,28.0,2870,Defensive Anchor,Ball Progressor,33.2,27.7,5.5,94.5,0,1
Jean-Ricner Bellegarde,2324,Wolves,ENG-Premier League,"MF,FW",25.0,958,Ball Progressor,Defensive Anchor,37.8,21.8,16.0,84.0,1,0
João Gomes,2324,Wolves,ENG-Premier League,MF,22.0,2649,Defensive Anchor,Ball Progressor,34.2,25.1,9.1,90.9,0,1
Mario Lemina,2324,Wolves,ENG-Premier League,MF,29.0,2968,Defensive Anchor,Ball Progressor,41.3,23.7,17.6,82.4,0,1
Pablo Sarabia,2324,Wolves,ENG-Premier League,"MF,FW",31.0,1745,Creative Playmaker,Ball Progressor,41.7,23.7,18.0,82.0,2,1
Tommy Doyle,2324,Wolves,ENG-Premier League,MF,21.0,1222,Box-to-Box Engine,Defensive Anchor,28.8,27.7,1.1,98.9,3,0
Declan Rice,2425,Arsenal,ENG-Premier League,MF,25.0,2825,Box-to-Box Engine,Ball Progressor,29.1,27.2,1.9,98.1,3,1
Martin Ødegaard,2425,Arsenal,ENG-Premier League,MF,25.0,2325,Creative Playmaker,Box-to-Box Engine,35.8,23.3,12.5,87.5,2,3
Mikel Merino,2425,Arsenal,ENG-Premier League,"MF,FW",28.0,1586,Ball Progressor,Defensive Anchor,31.4,23.7,7.7,92.3,1,0
Thomas Partey,2425,Arsenal,ENG-Premier League,"MF,DF",31.0,2797,Box-to-Box Engine,Defensive Anchor,32.2,27.7,4.5,95.5,3,0
Amadou Onana,2425,Aston Villa,ENG-Premier League,MF,22.0,1617,Defensive Anchor,Box-to-Box Engine,34.5,25.3,9.2,90.8,0,3
Boubacar Kamara,2425,Aston Villa,ENG-Premier League,MF,24.0,1726,Defensive Anchor,Ball Progressor,37.0,24.6,12.4,87.6,0,1
John McGinn,2425,Aston Villa,ENG-Premier League,"MF,FW",29.0,2223,Ball Progressor,Defensive Anchor,34.6,23.9,10.7,89.3,1,0
Youri Tielemans,2425,Aston Villa,ENG-Premier League,MF,27.0,3026,Box-to-Box Engine,Ball Progressor,32.1,24.7,7.4,92.6,3,1
Justin Kluivert,2425,Bournemouth,ENG-Premier League,MF,25.0,2340,Creative Playmaker,Ball Progressor,33.7,28.6,5.1,94.9,2,1
Lewis Cook,2425,Bournemouth,ENG-Premier League,"MF,DF",27.0,2978,Defensive Anchor,Box-to-Box Engine,34.2,27.7,6.5,93.5,0,3
Ryan Christie,2425,Bournemouth,ENG-Premier League,MF,29.0,2117,Box-to-Box Engine,Defensive Anchor,31.8,24.8,7.0,93.0,3,0
Tyler Adams,2425,Bournemouth,ENG-Premier League,MF,25.0,1965,Defensive Anchor,Box-to-Box Engine,34.9,25.0,9.9,90.1,0,3
Christian Nørgaard,2425,Brentford,ENG-Premier League,MF,30.0,2819,Defensive Anchor,Box-to-Box Engine,35.3,25.5,9.8,90.2,0,3
Frank Onyeka,2425,Brentford,ENG-Premier League,MF,26.0,2586,Defensive Anchor,Ball Progressor,28.0,26.7,1.3,98.7,0,1
Mikkel Damsgaard,2425,Brentford,ENG-Premier League,"MF,FW",24.0,2911,Creative Playmaker,Box-to-Box Engine,29.2,26.8,2.4,97.6,2,3
Vitaly Janelt,2425,Brentford,ENG-Premier League,MF,26.0,2254,Defensive Anchor,Ball Progressor,33.3,27.2,6.1,93.9,0,1
Yehor Yarmoliuk,2425,Brentford,ENG-Premier League,MF,20.0,1450,Defensive Anchor,Box-to-Box Engine,37.9,23.9,14.0,86.0,0,3
Billy Gilmour,2425,Brighton,ENG-Premier League,MF,23.0,1177,Box-to-Box Engine,Defensive Anchor,28.8,26.2,2.6,97.4,3,0
Carlos Baleba,2425,Brighton,ENG-Premier League,MF,20.0,2661,Defensive Anchor,Box-to-Box Engine,39.4,25.8,13.6,86.4,0,3
Georginio Rutter,2425,Brighton,ENG-Premier League,"MF,FW",22.0,1656,Ball Progressor,Creative Playmaker,36.7,23.0,13.7,86.3,1,2
Jack Hinshelwood,2425,Brighton,ENG-Premier League,"MF,DF",19.0,1842,Ball Progressor,Defensive Anchor,30.6,27.1,3.5,96.5,1,0
Matt O'Riley,2425,Brighton,ENG-Premier League,MF,23.0,938,Ball Progressor,Creative Playmaker,31.2,27.9,3.3,96.7,1,2
Yasin Ayari,2425,Brighton,ENG-Premier League,MF,20.0,1965,Ball Progressor,Defensive Anchor,31.6,27.3,4.3,95.7,1,0
Cole Palmer,2425,Chelsea,ENG-Premier League,"MF,FW",22.0,3191,Creative Playmaker,Ball Progressor,36.9,24.8,12.1,87.9,2,1
Enzo Fernández,2425,Chelsea,ENG-Premier League,MF,23.0,2947,Creative Playmaker,Ball Progressor,30.8,26.6,4.2,95.8,2,1
Moisés Caicedo,2425,Chelsea,ENG-Premier League,"MF,DF",22.0,3351,Defensive Anchor,Box-to-Box Engine,32.7,31.0,1.7,98.3,0,3
Adam Wharton,2425,Crystal Palace,ENG-Premier League,MF,20.0,1318,Box-to-Box Engine,Ball Progressor,29.7,24.9,4.8,95.2,3,1
Daichi Kamada,2425,Crystal Palace,ENG-Premier League,MF,27.0,1564,Ball Progressor,Defensive Anchor,30.1,27.8,2.3,97.7,1,0
Eberechi Eze,2425,Crystal Palace,ENG-Premier League,"MF,FW",26.0,2588,Creative Playmaker,Ball Progressor,33.4,29.3,4.1,95.9,2,1
Ismaila Sarr,2425,Crystal Palace,ENG-Premier League,MF,26.0,2711,Ball Progressor,Creative Playmaker,31.1,30.7,0.4,99.6,1,2
Jefferson Lerma,2425,Crystal Palace,ENG-Premier League,"MF,DF",29.0,2274,Defensive Anchor,Box-to-Box Engine,42.1,22.3,19.8,80.2,0,3
Will Hughes,2425,Crystal Palace,ENG-Premier League,MF,29.0,2108,Defensive Anchor,Ball Progressor,32.0,26.9,5.1,94.9,0,1
Abdoulaye Doucouré,2425,Everton,ENG-Premier League,MF,31.0,2564,Ball Progressor,Defensive Anchor,35.4,28.1,7.3,92.7,1,0
Dwight McNeil,2425,Everton,ENG-Premier League,"MF,FW",24.0,1371,Creative Playmaker,Ball Progressor,35.5,25.4,10.1,89.9,2,1
Idrissa Gana Gueye,2425,Everton,ENG-Premier League,MF,34.0,3063,Defensive Anchor,Box-to-Box Engine,39.5,23.8,15.7,84.3,0,3
James Garner,2425,Everton,ENG-Premier League,"MF,DF",23.0,1594,Defensive Anchor,Ball Progressor,35.5,26.5,9.0,91.0,0,1
Orel Mangala,2425,Everton,ENG-Premier League,MF,26.0,1261,Defensive Anchor,Ball Progressor,33.6,27.7,5.9,94.1,0,1
Andreas Pereira,2425,Fulham,ENG-Premier League,MF,28.0,2013,Ball Progressor,Creative Playmaker,30.5,27.0,3.5,96.5,1,2
Emile Smith Rowe,2425,Fulham,ENG-Premier League,MF,24.0,2043,Ball Progressor,Creative Playmaker,34.2,26.0,8.2,91.8,1,2
Joshua King,2425,Fulham,ENG-Premier League,MF,17.0,1673,Creative Playmaker,Ball Progressor,30.8,25.3,5.5,94.5,2,1
Sander Berge,2425,Fulham,ENG-Premier League,MF,26.0,2224,Defensive Anchor,Box-to-Box Engine,40.3,23.9,16.4,83.6,0,3
Saša Lukić,2425,Fulham,ENG-Premier League,MF,27.0,2344,Defensive Anchor,Ball Progressor,34.2,26.1,8.1,91.9,0,1
Jens Cajuste,2425,Ipswich Town,ENG-Premier League,MF,24.0,1959,Defensive Anchor,Ball Progressor,41.0,24.5,16.5,83.5,0,1
Kalvin Phillips,2425,Ipswich Town,ENG-Premier League,MF,28.0,1237,Defensive Anchor,Ball Progressor,35.3,24.8,10.5,89.5,0,1
Omari Hutchinson,2425,Ipswich Town,ENG-Premier League,"MF,FW",20.0,2583,Ball Progressor,Creative Playmaker,36.7,22.8,13.9,86.1,1,2
Sam Morsy,2425,Ipswich Town,ENG-Premier League,MF,32.0,2751,Defensive Anchor,Ball Progressor,43.0,22.0,21.0,79.0,0,1
Bilal El Khannouss,2425,Leicester City,ENG-Premier League,"MF,FW",20.0,2182,Ball Progressor,Box-to-Box Engine,32.3,24.3,8.0,92.0,1,3
Boubakary Soumaré,2425,Leicester City,ENG-Premier League,MF,25.0,2171,Defensive Anchor,Box-to-Box Engine,39.1,24.7,14.4,85.6,0,3
Harry Winks,2425,Leicester City,ENG-Premier League,MF,28.0,1538,Defensive Anchor,Box-to-Box Engine,30.1,28.1,2.0,98.0,0,3
Oliver Skipp,2425,Leicester City,ENG-Premier League,MF,23.0,1129,Defensive Anchor,Ball Progressor,36.1,25.6,10.5,89.5,0,1
Wilfred Ndidi,2425,Leicester City,ENG-Premier League,MF,27.0,2324,Defensive Anchor,Ball Progressor,36.2,25.6,10.6,89.4,0,1
Alexis Mac Allister,2425,Liverpool,ENG-Premier League,MF,25.0,2599,Box-to-Box Engine,Ball Progressor,27.8,26.4,1.4,98.6,3,1
Curtis Jones,2425,Liverpool,ENG-Premier League,"MF,DF",23.0,1712,Ball Progressor,Box-to-Box Engine,29.7,27.8,1.9,98.1,1,3
Dominik Szoboszlai,2425,Liverpool,ENG-Premier League,MF,23.0,2491,Creative Playmaker,Ball Progressor,34.4,27.6,6.8,93.2,2,1
Ryan Gravenberch,2425,Liverpool,ENG-Premier League,MF,22.0,3160,Defensive Anchor,Box-to-Box Engine,31.8,29.6,2.2,97.8,0,3
Bernardo Silva,2425,Manchester City,ENG-Premier League,"MF,FW",29.0,2670,Creative Playmaker,Ball Progressor,30.0,29.4,0.6,99.4,2,1
Kevin De Bruyne,2425,Manchester City,ENG-Premier League,"MF,FW",33.0,1702,Creative Playmaker,Ball Progressor,38.3,23.1,15.2,84.8,2,1
Mateo Kovačić,2425,Manchester City,ENG-Premier League,MF,30.0,2198,Box-to-Box Engine,Ball Progressor,34.0,22.6,11.4,88.6,3,1
Nicolás González,2425,Manchester City,ENG-Premier League,MF,22.0,1750,Defensive Anchor,Box-to-Box Engine,28.8,27.1,1.7,98.3,0,3
Phil Foden,2425,Manchester City,ENG-Premier League,"MF,FW",24.0,1777,Creative Playmaker,Ball Progressor,39.4,25.1,14.3,85.7,2,1
İlkay Gündoğan,2425,Manchester City,ENG-Premier League,MF,33.0,2223,Ball Progressor,Creative Playmaker,26.9,26.8,0.1,99.9,1,2
Alejandro Garnacho,2425,Manchester Utd,ENG-Premier League,"MF,FW",20.0,2199,Creative Playmaker,Ball Progressor,31.5,28.4,3.1,96.9,2,1
Amad Diallo,2425,Manchester Utd,ENG-Premier League,"MF,FW",22.0,1901,Creative Playmaker,Ball Progressor,38.7,24.3,14.4,85.6,2,1
Bruno Fernandes,2425,Manchester Utd,ENG-Premier League,MF,29.0,3018,Creative Playmaker,Box-to-Box Engine,32.5,26.3,6.2,93.8,2,3
Casemiro,2425,Manchester Utd,ENG-Premier League,MF,32.0,1494,Box-to-Box Engine,Defensive Anchor,29.3,28.3,1.0,99.0,3,0
Christian Eriksen,2425,Manchester Utd,ENG-Premier League,MF,32.0,1061,Ball Progressor,Creative Playmaker,27.1,26.6,0.5,99.5,1,2
Kobbie Mainoo,2425,Manchester Utd,ENG-Premier League,MF,19.0,1651,Defensive Anchor,Ball Progressor,34.2,27.6,6.6,93.4,0,1
Manuel Ugarte,2425,Manchester Utd,ENG-Premier League,MF,23.0,1785,Defensive Anchor,Box-to-Box Engine,39.5,24.0,15.5,84.5,0,3
Scott McTominay,2425,Manchester Utd,ENG-Premier League,MF,27.0,2938,Ball Progressor,Creative Playmaker,26.5,24.8,1.7,98.3,1,2
Bruno Guimarães,2425,Newcastle Utd,ENG-Premier League,MF,26.0,3271,Box-to-Box Engine,Ball Progressor,29.6,25.6,4.0,96.0,3,1
Joe Willock,2425,Newcastle Utd,ENG-Premier League,"MF,FW",24.0,1086,Ball Progressor,Creative Playmaker,32.4,24.1,8.3,91.7,1,2
Joelinton,2425,Newcastle Utd,ENG-Premier League,"MF,FW",27.0,2393,Ball Progressor,Defensive Anchor,33.3,26.7,6.6,93.4,1,0
Sandro Tonali,2425,Newcastle Utd,ENG-Premier League,MF,24.0,2630,Defensive Anchor,Box-to-Box Engine,28.8,28.6,0.2,99.8,0,3
Elliot Anderson,2425,Nott'ham Forest,ENG-Premier League,MF,21.0,2728,Box-to-Box Engine,Defensive Anchor,29.5,29.2,0.3,99.7,3,0
James Ward-Prowse,2425,Nott'ham Forest,ENG-Premier League,MF,29.0,1039,Defensive Anchor,Ball Progressor,29.6,27.8,1.8,98.2,0,1
Morgan Gibbs-White,2425,Nott'ham Forest,ENG-Premier League,MF,24.0,2803,Ball Progressor,Creative Playmaker,30.6,30.1,0.5,99.5,1,2
Nicolás Domínguez,2425,Nott'ham Forest,ENG-Premier League,"MF,FW",26.0,1963,Defensive Anchor,Ball Progressor,36.1,24.2,11.9,88.1,0,1
Ryan Yates,2425,Nott'ham Forest,ENG-Premier League,MF,26.0,1915,Defensive Anchor,Ball Progressor,38.9,24.7,14.2,85.8,0,1
Flynn Downes,2425,Southampton,ENG-Premier League,MF,25.0,2151,Defensive Anchor,Ball Progressor,36.6,25.9,10.7,89.3,0,1
Joe Aribo,2425,Southampton,ENG-Premier League,"MF,DF",28.0,2013,Defensive Anchor,Ball Progressor,33.8,28.7,5.1,94.9,0,1
Lesley Ugochukwu,2425,Southampton,ENG-Premier League,MF,20.0,1655,Defensive Anchor,Ball Progressor,37.0,25.4,11.6,88.4,0,1
Mateus Fernandes,2425,Southampton,ENG-Premier League,MF,20.0,2909,Ball Progressor,Defensive Anchor,28.6,27.7,0.9,99.1,1,0
Dejan Kulusevski,2425,Tottenham,ENG-Premier League,"MF,FW",24.0,2389,Creative Playmaker,Ball Progressor,37.3,26.0,11.3,88.7,2,1
James Maddison,2425,Tottenham,ENG-Premier League,MF,27.0,1809,Creative Playmaker,Ball Progressor,36.3,23.4,12.9,87.1,2,1
Lucas Bergvall,2425,Tottenham,ENG-Premier League,MF,18.0,1212,Defensive Anchor,Box-to-Box Engine,32.6,27.6,5.0,95.0,0,3
Pape Matar Sarr,2425,Tottenham,ENG-Premier League,MF,21.0,1913,Defensive Anchor,Ball Progressor,30.9,28.6,2.3,97.7,0,1
Rodrigo Bentancur,2425,Tottenham,ENG-Premier League,MF,27.0,1645,Defensive Anchor,Box-to-Box Engine,34.4,28.9,5.5,94.5,0,3
Yves Bissouma,2425,Tottenham,ENG-Premier League,MF,27.0,1408,Defensive Anchor,Box-to-Box Engine,34.2,26.1,8.1,91.9,0,3
Carlos Soler,2425,West Ham,ENG-Premier League,"MF,FW",27.0,1409,Ball Progressor,Defensive Anchor,33.9,26.0,7.9,92.1,1,0
Edson Álvarez,2425,West Ham,ENG-Premier League,MF,26.0,1772,Defensive Anchor,Box-to-Box Engine,37.8,24.4,13.4,86.6,0,3
Guido Rodríguez,2425,West Ham,ENG-Premier League,MF,30.0,1149,Defensive Anchor,Ball Progressor,38.8,23.6,15.2,84.8,0,1
James Ward-Prowse,2425,West Ham,ENG-Premier League,MF,29.0,1039,Box-to-Box Engine,Defensive Anchor,27.5,27.0,0.5,99.5,3,0
Lucas Paquetá,2425,West Ham,ENG-Premier League,"MF,FW",26.0,2380,Ball Progressor,Box-to-Box Engine,28.5,27.9,0.6,99.4,1,3
Tomáš Souček,2425,West Ham,ENG-Premier League,MF,29.0,2567,Ball Progressor,Defensive Anchor,29.8,29.2,0.6,99.4,1,0
André,2425,Wolves,ENG-Premier League,MF,23.0,2472,Defensive Anchor,Box-to-Box Engine,38.0,24.6,13.4,86.6,0,3
Gonçalo Guedes,2425,Wolves,ENG-Premier League,"MF,FW",27.0,995,Ball Progressor,Creative Playmaker,30.9,30.5,0.4,99.6,1,2
Jean-Ricner Bellegarde,2425,Wolves,ENG-Premier League,"MF,FW",26.0,1677,Ball Progressor,Creative Playmaker,34.1,24.3,9.8,90.2,1,2
João Gomes,2425,Wolves,ENG-Premier League,MF,23.0,2974,Defensive Anchor,Box-to-Box Engine,31.0,26.6,4.4,95.6,0,3
Mario Lemina,2425,Wolves,ENG-Premier League,"MF,DF",30.0,1364,Defensive Anchor,Box-to-Box Engine,35.7,24.7,11.0,89.0,0,3
Marshall Munetsi,2425,Wolves,ENG-Premier League,"MF,FW",28.0,1078,Ball Progressor,Defensive Anchor,31.4,27.8,3.6,96.4,1,0
Marshall Munetsi,2425,Wolves,ENG-Premier League,"MF,FW",28.0,1692,Ball Progressor,Defensive Anchor,31.4,27.8,3.6,96.4,1,0
Matheus Cunha,2425,Wolves,ENG-Premier League,"MF,FW",25.0,2597,Creative Playmaker,Ball Progressor,39.5,24.4,15.1,84.9,2,1
Alfonso Pedraza,1718,Alavés,ESP-La Liga,"MF,DF",21.0,2440,Ball Progressor,Defensive Anchor,35.7,23.0,12.7,87.3,1,0
Burgui,1718,Alavés,ESP-La Liga,"MF,FW",23.0,1034,Ball Progressor,Creative Playmaker,32.3,27.6,4.7,95.3,1,2
Daniel Torres,1718,Alavés,ESP-La Liga,MF,27.0,1217,Defensive Anchor,Box-to-Box Engine,39.0,23.4,15.6,84.4,0,3
Ibai Gómez,1718,Alavés,ESP-La Liga,"MF,FW",27.0,2319,Ball Progressor,Creative Playmaker,35.0,23.3,11.7,88.3,1,2
Manu García,1718,Alavés,ESP-La Liga,MF,31.0,2439,Defensive Anchor,Box-to-Box Engine,40.3,22.8,17.5,82.5,0,3
Tomás Pina Isla,1718,Alavés,ESP-La Liga,MF,29.0,2387,Defensive Anchor,Box-to-Box Engine,39.8,23.7,16.1,83.9,0,3
Wakaso,1718,Alavés,ESP-La Liga,MF,27.0,1098,Defensive Anchor,Box-to-Box Engine,36.0,25.2,10.8,89.2,0,3
Álvaro Medrán,1718,Alavés,ESP-La Liga,MF,23.0,947,Defensive Anchor,Ball Progressor,32.8,25.9,6.9,93.1,0,1
Ander Iturraspe,1718,Athletic Club,ESP-La Liga,MF,28.0,1904,Defensive Anchor,Box-to-Box Engine,33.1,30.9,2.2,97.8,0,3
Beñat Etxebarria,1718,Athletic Club,ESP-La Liga,MF,30.0,1120,Box-to-Box Engine,Defensive Anchor,32.8,23.4,9.4,90.6,3,0
Mikel Rico,1718,Athletic Club,ESP-La Liga,MF,32.0,1171,Defensive Anchor,Box-to-Box Engine,37.0,24.6,12.4,87.6,0,3
Mikel San José,1718,Athletic Club,ESP-La Liga,MF,28.0,2155,Defensive Anchor,Box-to-Box Engine,44.2,22.6,21.6,78.4,0,3
Raúl García,1718,Athletic Club,ESP-La Liga,"MF,FW",31.0,2627,Ball Progressor,Defensive Anchor,30.2,25.9,4.3,95.7,1,0
Raúl García,1718,Athletic Club,ESP-La Liga,"MF,FW",31.0,1392,Ball Progressor,Defensive Anchor,30.2,25.9,4.3,95.7,1,0
Gabi,1718,Atlético Madrid,ESP-La Liga,MF,34.0,2349,Box-to-Box Engine,Defensive Anchor,34.2,30.3,3.9,96.1,3,0
Koke,1718,Atlético Madrid,ESP-La Liga,MF,25.0,2756,Box-to-Box Engine,Ball Progressor,36.8,21.5,15.3,84.7,3,1
Saúl Ñíguez,1718,Atlético Madrid,ESP-La Liga,MF,22.0,3155,Defensive Anchor,Box-to-Box Engine,33.7,28.1,5.6,94.4,0,3
Thomas Partey,1718,Atlético Madrid,ESP-La Liga,"MF,DF",24.0,2377,Defensive Anchor,Box-to-Box Engine,33.1,29.7,3.4,96.6,0,3
Yannick Carrasco,1718,Atlético Madrid,ESP-La Liga,"MF,FW",23.0,901,Creative Playmaker,Ball Progressor,32.8,28.1,4.7,95.3,2,1
Ángel Correa,1718,Atlético Madrid,ESP-La Liga,"MF,FW",22.0,2253,Ball Progressor,Creative Playmaker,30.4,29.0,1.4,98.6,1,2
Andrés Iniesta,1718,Barcelona,ESP-La Liga,MF,33.0,1824,Box-to-Box Engine,Creative Playmaker,29.3,26.8,2.5,97.5,3,2
Ivan Rakitić,1718,Barcelona,ESP-La Liga,MF,29.0,2835,Box-to-Box Engine,Defensive Anchor,39.8,22.3,17.5,82.5,3,0
Paulinho,1718,Barcelona,ESP-La Liga,MF,29.0,1945,Ball Progressor,Box-to-Box Engine,28.8,24.3,4.5,95.5,1,3
Philippe Coutinho,1718,Barcelona,ESP-La Liga,"MF,FW",25.0,1109,Creative Playmaker,Ball Progressor,37.8,23.0,14.8,85.2,2,1
Philippe Coutinho,1718,Barcelona,ESP-La Liga,"MF,FW",25.0,1296,Creative Playmaker,Ball Progressor,37.8,23.0,14.8,85.2,2,1
Sergio Busquets,1718,Barcelona,ESP-La Liga,MF,29.0,2593,Box-to-Box Engine,Defensive Anchor,33.0,31.0,2.0,98.0,3,0
Andrés Guardado,1718,Betis,ESP-La Liga,MF,30.0,2264,Box-to-Box Engine,Ball Progressor,36.3,22.9,13.4,86.6,3,1
Fabián Ruiz Peña,1718,Betis,ESP-La Liga,MF,21.0,2659,Box-to-Box Engine,Defensive Anchor,37.7,22.8,14.9,85.1,3,0
Javi García,1718,Betis,ESP-La Liga,"MF,DF",30.0,2410,Defensive Anchor,Box-to-Box Engine,36.3,24.7,11.6,88.4,0,3
Joaquín,1718,Betis,ESP-La Liga,"MF,FW",36.0,2479,Creative Playmaker,Ball Progressor,37.0,26.5,10.5,89.5,2,1
Ryad Boudebouz,1718,Betis,ESP-La Liga,"MF,FW",27.0,1360,Ball Progressor,Creative Playmaker,29.8,28.3,1.5,98.5,1,2
Víctor Camarasa,1718,Betis,ESP-La Liga,MF,23.0,1252,Ball Progressor,Defensive Anchor,30.2,25.9,4.3,95.7,1,0
Brais Méndez,1718,Celta Vigo,ESP-La Liga,"MF,FW",20.0,948,Ball Progressor,Creative Playmaker,35.9,23.3,12.6,87.4,1,2
Daniel Wass,1718,Celta Vigo,ESP-La Liga,"MF,DF",28.0,2932,Ball Progressor,Creative Playmaker,33.7,25.1,8.6,91.4,1,2
Jozabed,1718,Celta Vigo,ESP-La Liga,MF,26.0,1473,Box-to-Box Engine,Ball Progressor,30.5,26.4,4.1,95.9,3,1
Nemanja Radoja,1718,Celta Vigo,ESP-La Liga,MF,24.0,1105,Defensive Anchor,Ball Progressor,33.9,26.0,7.9,92.1,0,1
Pablo Hernández,1718,Celta Vigo,ESP-La Liga,MF,30.0,1819,Box-to-Box Engine,Defensive Anchor,33.4,28.6,4.8,95.2,3,0
Stanislav Lobotka,1718,Celta Vigo,ESP-La Liga,MF,22.0,3061,Defensive Anchor,Box-to-Box Engine,33.5,28.7,4.8,95.2,0,3
Dani García,1718,Eibar,ESP-La Liga,MF,27.0,2775,Defensive Anchor,Box-to-Box Engine,37.9,26.4,11.5,88.5,0,3
Fabián Orellana,1718,Eibar,ESP-La Liga,"MF,FW",31.0,1180,Creative Playmaker,Ball Progressor,35.9,26.2,9.7,90.3,2,1
Gonzalo Escalante,1718,Eibar,ESP-La Liga,MF,24.0,1565,Defensive Anchor,Box-to-Box Engine,41.2,22.9,18.3,81.7,0,3
Iván Alejo,1718,Eibar,ESP-La Liga,"MF,FW",22.0,1102,Creative Playmaker,Ball Progressor,29.2,28.7,0.5,99.5,2,1
Joan Jordán,1718,Eibar,ESP-La Liga,MF,23.0,2427,Ball Progressor,Box-to-Box Engine,31.0,26.0,5.0,95.0,1,3
Papakouli Diop,1718,Eibar,ESP-La Liga,MF,31.0,940,Defensive Anchor,Box-to-Box Engine,35.2,25.5,9.7,90.3,0,3
Takashi Inui,1718,Eibar,ESP-La Liga,"MF,FW",29.0,2631,Ball Progressor,Creative Playmaker,37.6,23.1,14.5,85.5,1,2
Carlos Sánchez,1718,Espanyol,ESP-La Liga,MF,31.0,1122,Defensive Anchor,Box-to-Box Engine,38.8,23.9,14.9,85.1,0,3
Esteban Granero,1718,Espanyol,ESP-La Liga,MF,30.0,1230,Box-to-Box Engine,Defensive Anchor,31.0,30.4,0.6,99.4,3,0
Javi Fuego,1718,Espanyol,ESP-La Liga,MF,33.0,1341,Defensive Anchor,Ball Progressor,41.2,22.8,18.4,81.6,0,1
José Manuel Jurado,1718,Espanyol,ESP-La Liga,"MF,FW",31.0,1501,Ball Progressor,Defensive Anchor,31.0,25.9,5.1,94.9,1,0
Pablo Piatti,1718,Espanyol,ESP-La Liga,"MF,FW",28.0,1738,Ball Progressor,Creative Playmaker,29.9,29.8,0.1,99.9,1,2
Papakouli Diop,1718,Espanyol,ESP-La Liga,MF,31.0,940,Defensive Anchor,Ball Progressor,39.1,23.1,16.0,84.0,0,1
Sergi Darder,1718,Espanyol,ESP-La Liga,MF,23.0,2782,Defensive Anchor,Box-to-Box Engine,38.7,27.1,11.6,88.4,0,3
Víctor Sánchez,1718,Espanyol,ESP-La Liga,"MF,DF",29.0,2457,Defensive Anchor,Box-to-Box Engine,36.2,25.0,11.2,88.8,0,3
Amath,1718,Getafe,ESP-La Liga,"MF,FW",21.0,2859,Ball Progressor,Defensive Anchor,34.5,27.6,6.9,93.1,1,0
Fayçal Fajr,1718,Getafe,ESP-La Liga,"MF,FW",28.0,2385,Defensive Anchor,Ball Progressor,35.0,25.4,9.6,90.4,0,1
Francisco Portillo,1718,Getafe,ESP-La Liga,"MF,FW",27.0,2460,Ball Progressor,Box-to-Box Engine,31.0,24.3,6.7,93.3,1,3
Gaku Shibasaki,1718,Getafe,ESP-La Liga,"MF,FW",25.0,1002,Ball Progressor,Defensive Anchor,29.8,29.4,0.4,99.6,1,0
Markel Bergara,1718,Getafe,ESP-La Liga,MF,31.0,1463,Defensive Anchor,Ball Progressor,32.8,26.2,6.6,93.4,0,1
Mauro Arambarri,1718,Getafe,ESP-La Liga,MF,21.0,2124,Defensive Anchor,Ball Progressor,39.3,24.4,14.9,85.1,0,1
Mehdi Lacen,1718,Getafe,ESP-La Liga,MF,33.0,1056,Defensive Anchor,Ball Progressor,33.4,24.9,8.5,91.5,0,1
Borja García,1718,Girona,ESP-La Liga,MF,26.0,2798,Ball Progressor,Creative Playmaker,30.9,25.8,5.1,94.9,1,2
David Timor,1718,Girona,ESP-La Liga,"MF,DF",27.0,925,Defensive Anchor,Box-to-Box Engine,36.5,24.0,12.5,87.5,0,3
Pere Pons,1718,Girona,ESP-La Liga,MF,24.0,2559,Defensive Anchor,Ball Progressor,39.1,23.5,15.6,84.4,0,1
Portu,1718,Girona,ESP-La Liga,MF,25.0,2997,Ball Progressor,Creative Playmaker,31.6,29.7,1.9,98.1,1,2
Álex Granell,1718,Girona,ESP-La Liga,MF,28.0,2848,Box-to-Box Engine,Defensive Anchor,33.7,24.0,9.7,90.3,3,0
Celso Borges,1718,La Coruña,ESP-La Liga,MF,29.0,2300,Defensive Anchor,Box-to-Box Engine,35.8,26.5,9.3,90.7,0,3
Emre Çolak,1718,La Coruña,ESP-La Liga,MF,26.0,1449,Creative Playmaker,Box-to-Box Engine,30.7,25.4,5.3,94.7,2,3
Federico Valverde,1718,La Coruña,ESP-La Liga,"MF,FW",19.0,1233,Defensive Anchor,Ball Progressor,35.8,25.7,10.1,89.9,0,1
Guilherme,1718,La Coruña,ESP-La Liga,MF,26.0,2639,Defensive Anchor,Box-to-Box Engine,43.9,23.8,20.1,79.9,0,3
Guilherme,1718,La Coruña,ESP-La Liga,MF,26.0,944,Defensive Anchor,Box-to-Box Engine,43.9,23.8,20.1,79.9,0,3
Pedro Mosquera,1718,La Coruña,ESP-La Liga,MF,29.0,1396,Defensive Anchor,Box-to-Box Engine,39.3,26.0,13.3,86.7,0,3
Alberto Aquilani,1718,Las Palmas,ESP-La Liga,MF,33.0,1297,Defensive Anchor,Box-to-Box Engine,36.8,28.7,8.1,91.9,0,3
Javi Castellano,1718,Las Palmas,ESP-La Liga,MF,29.0,1566,Defensive Anchor,Box-to-Box Engine,40.0,23.8,16.2,83.8,0,3
Jonathan Viera,1718,Las Palmas,ESP-La Liga,MF,27.0,1993,Creative Playmaker,Box-to-Box Engine,36.0,24.4,11.6,88.4,2,3
Oghenekaro Etebo,1718,Las Palmas,ESP-La Liga,MF,21.0,1215,Defensive Anchor,Box-to-Box Engine,36.5,27.0,9.5,90.5,0,3
Tana,1718,Las Palmas,ESP-La Liga,"MF,FW",26.0,1552,Ball Progressor,Box-to-Box Engine,30.6,24.6,6.0,94.0,1,3
Vicente Gómez,1718,Las Palmas,ESP-La Liga,MF,28.0,1525,Defensive Anchor,Ball Progressor,34.5,27.1,7.4,92.6,0,1
Alexander,1718,Leganés,ESP-La Liga,"MF,FW",28.0,1060,Ball Progressor,Creative Playmaker,32.4,25.0,7.4,92.6,1,2
Darko Brašanac,1718,Leganés,ESP-La Liga,"MF,FW",25.0,1203,Defensive Anchor,Ball Progressor,32.6,29.8,2.8,97.2,0,1
Gabriel,1718,Leganés,ESP-La Liga,MF,23.0,2377,Defensive Anchor,Box-to-Box Engine,33.4,26.9,6.5,93.5,0,3
Gerard Gumbau,1718,Leganés,ESP-La Liga,MF,22.0,1434,Defensive Anchor,Ball Progressor,38.1,23.9,14.2,85.8,0,1
Javier Eraso,1718,Leganés,ESP-La Liga,"MF,FW",27.0,2533,Ball Progressor,Defensive Anchor,36.6,23.8,12.8,87.2,1,0
Rubén Pérez,1718,Leganés,ESP-La Liga,MF,28.0,2516,Defensive Anchor,Box-to-Box Engine,35.1,27.4,7.7,92.3,0,3
Cheick Doukouré,1718,Levante,ESP-La Liga,MF,24.0,1022,Defensive Anchor,Ball Progressor,39.2,24.5,14.7,85.3,0,1
Enis Bardhi,1718,Levante,ESP-La Liga,MF,22.0,1580,Ball Progressor,Box-to-Box Engine,29.8,23.9,5.9,94.1,1,3
Ivi,1718,Levante,ESP-La Liga,"MF,FW",23.0,1762,Ball Progressor,Creative Playmaker,34.7,26.1,8.6,91.4,1,2
Jefferson Lerma,1718,Levante,ESP-La Liga,MF,22.0,2135,Defensive Anchor,Box-to-Box Engine,37.8,26.0,11.8,88.2,0,3
José Campaña,1718,Levante,ESP-La Liga,MF,24.0,2734,Box-to-Box Engine,Defensive Anchor,38.9,21.9,17.0,83.0,3,0
José Luis Morales,1718,Levante,ESP-La Liga,"MF,FW",30.0,3058,Creative Playmaker,Ball Progressor,34.6,28.3,6.3,93.7,2,1
Saša Lukić,1718,Levante,ESP-La Liga,MF,20.0,994,Defensive Anchor,Ball Progressor,38.2,24.3,13.9,86.1,0,1
Adrián González,1718,Málaga,ESP-La Liga,"MF,FW",29.0,2340,Defensive Anchor,Ball Progressor,39.0,24.8,14.2,85.8,0,1
Chory Castro,1718,Málaga,ESP-La Liga,"MF,FW",32.0,2061,Ball Progressor,Box-to-Box Engine,32.1,25.4,6.7,93.3,1,3
Keko,1718,Málaga,ESP-La Liga,"MF,FW",25.0,1209,Ball Progressor,Defensive Anchor,29.5,29.4,0.1,99.9,1,0
Manuel Iturra,1718,Málaga,ESP-La Liga,MF,33.0,1583,Defensive Anchor,Box-to-Box Engine,39.4,23.4,16.0,84.0,0,3
Mehdi Lacen,1718,Málaga,ESP-La Liga,MF,33.0,1056,Defensive Anchor,Box-to-Box Engine,44.1,22.0,22.1,77.9,0,3
Recio,1718,Málaga,ESP-La Liga,MF,26.0,1837,Defensive Anchor,Box-to-Box Engine,34.2,28.8,5.4,94.6,0,3
Casemiro,1718,Real Madrid,ESP-La Liga,MF,25.0,2595,Defensive Anchor,Box-to-Box Engine,31.2,29.4,1.8,98.2,0,3
Isco,1718,Real Madrid,ESP-La Liga,MF,25.0,1774,Creative Playmaker,Box-to-Box Engine,35.0,23.3,11.7,88.3,2,3
Lucas Vázquez,1718,Real Madrid,ESP-La Liga,"MF,FW",26.0,1679,Creative Playmaker,Ball Progressor,36.6,23.9,12.7,87.3,2,1
Luka Modrić,1718,Real Madrid,ESP-La Liga,MF,31.0,1970,Box-to-Box Engine,Creative Playmaker,30.1,28.4,1.7,98.3,3,2
Mateo Kovačić,1718,Real Madrid,ESP-La Liga,MF,23.0,992,Box-to-Box Engine,Defensive Anchor,31.5,25.0,6.5,93.5,3,0
Toni Kroos,1718,Real Madrid,ESP-La Liga,MF,27.0,2261,Box-to-Box Engine,Creative Playmaker,30.3,28.2,2.1,97.9,3,2
Asier Illarramendi,1718,Real Sociedad,ESP-La Liga,MF,27.0,3163,Box-to-Box Engine,Defensive Anchor,35.8,24.4,11.4,88.6,3,0
David Zurutuza,1718,Real Sociedad,ESP-La Liga,MF,31.0,2242,Defensive Anchor,Box-to-Box Engine,44.5,23.0,21.5,78.5,0,3
Igor Zubeldia,1718,Real Sociedad,ESP-La Liga,MF,20.0,1582,Defensive Anchor,Box-to-Box Engine,38.0,26.2,11.8,88.2,0,3
Sergio Canales,1718,Real Sociedad,ESP-La Liga,"MF,FW",26.0,1928,Creative Playmaker,Ball Progressor,39.6,22.2,17.4,82.6,2,1
Xabi Prieto,1718,Real Sociedad,ESP-La Liga,"MF,FW",33.0,1929,Creative Playmaker,Ball Progressor,29.8,27.9,1.9,98.1,2,1
Franco Vázquez,1718,Sevilla,ESP-La Liga,MF,28.0,1838,Creative Playmaker,Ball Progressor,34.7,27.2,7.5,92.5,2,1
Guido Pizarro,1718,Sevilla,ESP-La Liga,MF,27.0,1755,Defensive Anchor,Box-to-Box Engine,35.0,28.1,6.9,93.1,0,3
Steven Nzonzi,1718,Sevilla,ESP-La Liga,MF,28.0,2214,Box-to-Box Engine,Defensive Anchor,31.6,30.2,1.4,98.6,3,0
Éver Banega,1718,Sevilla,ESP-La Liga,MF,29.0,2399,Box-to-Box Engine,Creative Playmaker,31.5,26.3,5.2,94.8,3,2
Andreas Pereira,1718,Valencia,ESP-La Liga,MF,21.0,1078,Creative Playmaker,Ball Progressor,30.2,28.0,2.2,97.8,2,1
Carlos Soler,1718,Valencia,ESP-La Liga,MF,20.0,2365,Ball Progressor,Creative Playmaker,38.3,22.7,15.6,84.4,1,2
Daniel Parejo,1718,Valencia,ESP-La Liga,MF,28.0,3001,Box-to-Box Engine,Creative Playmaker,34.4,22.9,11.5,88.5,3,2
Geoffrey Kondogbia,1718,Valencia,ESP-La Liga,MF,24.0,2614,Box-to-Box Engine,Defensive Anchor,31.6,31.2,0.4,99.6,3,0
Gonçalo Guedes,1718,Valencia,ESP-La Liga,MF,20.0,2439,Creative Playmaker,Ball Progressor,37.6,24.1,13.5,86.5,2,1
João Cancelo,1718,Valencia,ESP-La Liga,MF,23.0,1851,Creative Playmaker,Ball Progressor,30.0,24.7,5.3,94.7,2,1
Álvaro Medrán,1718,Valencia,ESP-La Liga,MF,23.0,947,Defensive Anchor,Box-to-Box Engine,29.6,27.5,2.1,97.9,0,3
Dani Raba,1718,Villarreal,ESP-La Liga,"MF,FW",21.0,1110,Ball Progressor,Creative Playmaker,29.2,28.8,0.4,99.6,1,2
Denis Cheryshev,1718,Villarreal,ESP-La Liga,"MF,FW",26.0,926,Creative Playmaker,Ball Progressor,29.2,27.8,1.4,98.6,2,1
Javi Fuego,1718,Villarreal,ESP-La Liga,MF,33.0,1341,Defensive Anchor,Box-to-Box Engine,34.9,26.0,8.9,91.1,0,3
Manu Trigueros,1718,Villarreal,ESP-La Liga,MF,25.0,2698,Box-to-Box Engine,Defensive Anchor,41.3,22.5,18.8,81.2,3,0
Pablo Fornals,1718,Villarreal,ESP-La Liga,"MF,FW",21.0,2620,Creative Playmaker,Ball Progressor,28.3,28.2,0.1,99.9,2,1
Roberto Soriano,1718,Villarreal,ESP-La Liga,"MF,FW",26.0,1139,Ball Progressor,Defensive Anchor,33.0,24.3,8.7,91.3,1,0
Rodri,1718,Villarreal,ESP-La Liga,MF,21.0,3227,Defensive Anchor,Box-to-Box Engine,32.4,30.6,1.8,98.2,0,3
Samu Castillejo,1718,Villarreal,ESP-La Liga,"MF,FW",22.0,2074,Creative Playmaker,Ball Progressor,36.0,25.2,10.8,89.2,2,1
Darko Brašanac,1819,Alavés,ESP-La Liga,MF,26.0,1580,Defensive Anchor,Ball Progressor,39.5,23.9,15.6,84.4,0,1
Ibai Gómez,1819,Alavés,ESP-La Liga,"MF,FW",28.0,1449,Ball Progressor,Creative Playmaker,35.3,22.9,12.4,87.6,1,2
Jony,1819,Alavés,ESP-La Liga,"MF,FW",27.0,2971,Creative Playmaker,Ball Progressor,35.1,27.2,7.9,92.1,2,1
Manu García,1819,Alavés,ESP-La Liga,MF,32.0,2330,Defensive Anchor,Box-to-Box Engine,40.1,23.1,17.0,83.0,0,3
Manu García,1819,Alavés,ESP-La Liga,MF,32.0,1843,Defensive Anchor,Box-to-Box Engine,40.1,23.1,17.0,83.0,0,3
Tomás Pina Isla,1819,Alavés,ESP-La Liga,MF,30.0,2340,Defensive Anchor,Box-to-Box Engine,37.8,25.3,12.5,87.5,0,3
Wakaso,1819,Alavés,ESP-La Liga,MF,28.0,1669,Defensive Anchor,Box-to-Box Engine,36.2,24.5,11.7,88.3,0,3
Beñat Etxebarria,1819,Athletic Club,ESP-La Liga,MF,31.0,2031,Box-to-Box Engine,Defensive Anchor,31.1,30.3,0.8,99.2,3,0
Dani García,1819,Athletic Club,ESP-La Liga,MF,28.0,2476,Defensive Anchor,Box-to-Box Engine,41.7,23.3,18.4,81.6,0,3
Iker Muniain,1819,Athletic Club,ESP-La Liga,"MF,FW",25.0,2383,Ball Progressor,Creative Playmaker,29.2,28.1,1.1,98.9,1,2
Mikel San José,1819,Athletic Club,ESP-La Liga,MF,29.0,1733,Defensive Anchor,Ball Progressor,37.2,24.6,12.6,87.4,0,1
Raúl García,1819,Athletic Club,ESP-La Liga,"MF,FW",32.0,2369,Ball Progressor,Defensive Anchor,30.2,24.6,5.6,94.4,1,0
Koke,1819,Atlético Madrid,ESP-La Liga,MF,26.0,2586,Box-to-Box Engine,Defensive Anchor,34.1,23.2,10.9,89.1,3,0
Rodri,1819,Atlético Madrid,ESP-La Liga,MF,22.0,2735,Defensive Anchor,Box-to-Box Engine,34.3,29.0,5.3,94.7,0,3
Saúl Ñíguez,1819,Atlético Madrid,ESP-La Liga,"MF,DF",23.0,2925,Defensive Anchor,Box-to-Box Engine,35.2,25.3,9.9,90.1,0,3
Thomas Lemar,1819,Atlético Madrid,ESP-La Liga,MF,22.0,1817,Ball Progressor,Creative Playmaker,29.7,29.6,0.1,99.9,1,2
Thomas Partey,1819,Atlético Madrid,ESP-La Liga,MF,25.0,2070,Box-to-Box Engine,Defensive Anchor,33.9,28.3,5.6,94.4,3,0
Ángel Correa,1819,Atlético Madrid,ESP-La Liga,"MF,FW",23.0,1919,Ball Progressor,Creative Playmaker,31.0,29.8,1.2,98.8,1,2
Arthur Melo,1819,Barcelona,ESP-La Liga,MF,21.0,1430,Box-to-Box Engine,Defensive Anchor,31.4,26.5,4.9,95.1,3,0
Arturo Vidal,1819,Barcelona,ESP-La Liga,MF,31.0,1929,Box-to-Box Engine,Defensive Anchor,29.3,26.5,2.8,97.2,3,0
Ivan Rakitić,1819,Barcelona,ESP-La Liga,MF,30.0,2643,Box-to-Box Engine,Defensive Anchor,34.7,23.9,10.8,89.2,3,0
Sergio Busquets,1819,Barcelona,ESP-La Liga,MF,30.0,2715,Defensive Anchor,Box-to-Box Engine,33.7,30.8,2.9,97.1,0,3
Andrés Guardado,1819,Betis,ESP-La Liga,"MF,DF",31.0,2335,Box-to-Box Engine,Ball Progressor,33.2,25.0,8.2,91.8,3,1
Giovani Lo Celso,1819,Betis,ESP-La Liga,"MF,FW",22.0,2397,Creative Playmaker,Ball Progressor,33.0,25.0,8.0,92.0,2,1
Sergio Canales,1819,Betis,ESP-La Liga,MF,27.0,2655,Creative Playmaker,Ball Progressor,34.2,25.2,9.0,91.0,2,1
William Carvalho,1819,Betis,ESP-La Liga,MF,26.0,2385,Box-to-Box Engine,Defensive Anchor,33.2,25.9,7.3,92.7,3,0
Brais Méndez,1819,Celta Vigo,ESP-La Liga,"MF,FW",21.0,2349,Ball Progressor,Creative Playmaker,32.0,28.4,3.6,96.4,1,2
Fran Beltrán,1819,Celta Vigo,ESP-La Liga,MF,19.0,1517,Defensive Anchor,Ball Progressor,34.6,25.3,9.3,90.7,0,1
Jozabed,1819,Celta Vigo,ESP-La Liga,MF,27.0,1155,Defensive Anchor,Box-to-Box Engine,34.7,25.2,9.5,90.5,0,3
Okay Yokuşlu,1819,Celta Vigo,ESP-La Liga,MF,24.0,2198,Defensive Anchor,Box-to-Box Engine,37.8,27.6,10.2,89.8,0,3
Sofiane Boufal,1819,Celta Vigo,ESP-La Liga,"MF,FW",24.0,2085,Creative Playmaker,Ball Progressor,32.8,25.1,7.7,92.3,2,1
Stanislav Lobotka,1819,Celta Vigo,ESP-La Liga,MF,23.0,2489,Defensive Anchor,Box-to-Box Engine,30.7,26.7,4.0,96.0,0,3
Bebé,1819,Eibar,ESP-La Liga,MF,28.0,1302,Creative Playmaker,Ball Progressor,28.2,27.8,0.4,99.6,2,1
Fabián Orellana,1819,Eibar,ESP-La Liga,"MF,FW",32.0,2733,Creative Playmaker,Ball Progressor,36.8,26.3,10.5,89.5,2,1
Gonzalo Escalante,1819,Eibar,ESP-La Liga,MF,25.0,1789,Defensive Anchor,Ball Progressor,35.3,25.7,9.6,90.4,0,1
Joan Jordán,1819,Eibar,ESP-La Liga,MF,24.0,2875,Box-to-Box Engine,Ball Progressor,34.0,23.1,10.9,89.1,3,1
Marc Cucurella,1819,Eibar,ESP-La Liga,"MF,FW",20.0,2354,Ball Progressor,Defensive Anchor,36.7,21.9,14.8,85.2,1,0
Papakouli Diop,1819,Eibar,ESP-La Liga,MF,32.0,2352,Defensive Anchor,Box-to-Box Engine,39.2,24.9,14.3,85.7,0,3
Esteban Granero,1819,Espanyol,ESP-La Liga,MF,31.0,2013,Box-to-Box Engine,Defensive Anchor,31.5,27.4,4.1,95.9,3,0
Marc Roca,1819,Espanyol,ESP-La Liga,MF,21.0,3112,Defensive Anchor,Box-to-Box Engine,33.1,32.9,0.2,99.8,0,3
Sergi Darder,1819,Espanyol,ESP-La Liga,MF,24.0,2709,Ball Progressor,Box-to-Box Engine,31.7,26.1,5.6,94.4,1,3
Víctor Sánchez,1819,Espanyol,ESP-La Liga,MF,30.0,1265,Defensive Anchor,Ball Progressor,40.9,22.5,18.4,81.6,0,1
Óscar Melendo,1819,Espanyol,ESP-La Liga,"MF,FW",20.0,1997,Ball Progressor,Creative Playmaker,30.1,24.9,5.2,94.8,1,2
Amath,1819,Getafe,ESP-La Liga,MF,22.0,1002,Ball Progressor,Defensive Anchor,39.2,21.4,17.8,82.2,1,0
Dimitri Foulquier,1819,Getafe,ESP-La Liga,"MF,DF",25.0,1799,Ball Progressor,Defensive Anchor,32.1,31.0,1.1,98.9,1,0
Francisco Portillo,1819,Getafe,ESP-La Liga,MF,28.0,1994,Ball Progressor,Box-to-Box Engine,30.6,24.1,6.5,93.5,1,3
Mauro Arambarri,1819,Getafe,ESP-La Liga,MF,22.0,2676,Defensive Anchor,Ball Progressor,41.3,23.6,17.7,82.3,0,1
Nemanja Maksimović,1819,Getafe,ESP-La Liga,MF,23.0,3209,Defensive Anchor,Ball Progressor,38.0,24.8,13.2,86.8,0,1
Sergi Guardiola,1819,Getafe,ESP-La Liga,"MF,FW",27.0,1514,Ball Progressor,Creative Playmaker,26.8,24.9,1.9,98.1,1,2
Aleix García,1819,Girona,ESP-La Liga,MF,21.0,1663,Box-to-Box Engine,Ball Progressor,36.2,24.1,12.1,87.9,3,1
Borja García,1819,Girona,ESP-La Liga,"MF,FW",27.0,2629,Ball Progressor,Box-to-Box Engine,30.1,26.6,3.5,96.5,1,3
Douglas Luiz,1819,Girona,ESP-La Liga,MF,20.0,1490,Defensive Anchor,Box-to-Box Engine,34.8,28.1,6.7,93.3,0,3
Pere Pons,1819,Girona,ESP-La Liga,MF,25.0,2792,Defensive Anchor,Ball Progressor,42.9,23.0,19.9,80.1,0,1
Álex Granell,1819,Girona,ESP-La Liga,"MF,DF",29.0,2391,Box-to-Box Engine,Ball Progressor,35.5,22.6,12.9,87.1,3,1
Cristian Rivera,1819,Huesca,ESP-La Liga,MF,21.0,1692,Defensive Anchor,Ball Progressor,40.4,23.1,17.3,82.7,0,1
Damián Musto,1819,Huesca,ESP-La Liga,"MF,DF",31.0,1686,Defensive Anchor,Box-to-Box Engine,42.2,22.1,20.1,79.9,0,3
David Ferreiro,1819,Huesca,ESP-La Liga,"MF,FW",30.0,2280,Creative Playmaker,Ball Progressor,32.8,27.3,5.5,94.5,2,1
Gonzalo Melero,1819,Huesca,ESP-La Liga,MF,24.0,1345,Ball Progressor,Box-to-Box Engine,28.4,26.8,1.6,98.4,1,3
Moi Gómez,1819,Huesca,ESP-La Liga,MF,24.0,3055,Box-to-Box Engine,Ball Progressor,29.6,26.9,2.7,97.3,3,1
Yangel Herrera,1819,Huesca,ESP-La Liga,"MF,DF",20.0,1154,Defensive Anchor,Box-to-Box Engine,38.4,23.4,15.0,85.0,0,3
Álex Gallar,1819,Huesca,ESP-La Liga,"MF,FW",26.0,1009,Creative Playmaker,Ball Progressor,38.2,25.7,12.5,87.5,2,1
Gerard Gumbau,1819,Leganés,ESP-La Liga,MF,23.0,1199,Defensive Anchor,Ball Progressor,33.8,26.4,7.4,92.6,0,1
Mikel Vesga,1819,Leganés,ESP-La Liga,MF,25.0,2070,Defensive Anchor,Ball Progressor,40.0,23.1,16.9,83.1,0,1
Nabil El Zhar,1819,Leganés,ESP-La Liga,"MF,FW",31.0,966,Ball Progressor,Creative Playmaker,31.2,28.2,3.0,97.0,1,2
Recio,1819,Leganés,ESP-La Liga,MF,27.0,1285,Defensive Anchor,Box-to-Box Engine,40.9,23.7,17.2,82.8,0,3
Rubén Pérez,1819,Leganés,ESP-La Liga,MF,29.0,2474,Defensive Anchor,Box-to-Box Engine,42.5,24.5,18.0,82.0,0,3
Óscar Rodríguez Arnaiz,1819,Leganés,ESP-La Liga,MF,20.0,2504,Ball Progressor,Creative Playmaker,37.1,23.2,13.9,86.1,1,2
Enis Bardhi,1819,Levante,ESP-La Liga,MF,23.0,2836,Ball Progressor,Defensive Anchor,34.2,24.5,9.7,90.3,1,0
José Campaña,1819,Levante,ESP-La Liga,MF,25.0,3210,Box-to-Box Engine,Defensive Anchor,38.8,22.0,16.8,83.2,3,0
Rubén Rochina,1819,Levante,ESP-La Liga,MF,27.0,1800,Box-to-Box Engine,Creative Playmaker,32.5,24.1,8.4,91.6,3,2
Sanjin Prcić,1819,Levante,ESP-La Liga,MF,24.0,1053,Defensive Anchor,Box-to-Box Engine,35.2,26.9,8.3,91.7,0,3
Adri Embarba,1819,Rayo Vallecano,ESP-La Liga,"MF,FW",26.0,2282,Creative Playmaker,Ball Progressor,30.4,29.9,0.5,99.5,2,1
Giannelli Imbula,1819,Rayo Vallecano,ESP-La Liga,MF,25.0,1732,Ball Progressor,Box-to-Box Engine,27.3,27.0,0.3,99.7,1,3
José Pozo,1819,Rayo Vallecano,ESP-La Liga,MF,22.0,1617,Creative Playmaker,Ball Progressor,30.5,27.5,3.0,97.0,2,1
Mario Suárez,1819,Rayo Vallecano,ESP-La Liga,MF,31.0,1026,Defensive Anchor,Box-to-Box Engine,35.1,28.1,7.0,93.0,0,3
Santi Comesaña,1819,Rayo Vallecano,ESP-La Liga,MF,21.0,2032,Defensive Anchor,Box-to-Box Engine,46.8,21.7,25.1,74.9,0,3
Álvaro Medrán,1819,Rayo Vallecano,ESP-La Liga,MF,24.0,1149,Box-to-Box Engine,Defensive Anchor,31.3,24.5,6.8,93.2,3,0
Óscar Trejo,1819,Rayo Vallecano,ESP-La Liga,"MF,FW",30.0,1764,Box-to-Box Engine,Ball Progressor,31.0,27.4,3.6,96.4,3,1
Casemiro,1819,Real Madrid,ESP-La Liga,MF,26.0,2312,Defensive Anchor,Box-to-Box Engine,34.6,28.2,6.4,93.6,0,3
Dani Ceballos,1819,Real Madrid,ESP-La Liga,"MF,FW",21.0,1248,Box-to-Box Engine,Creative Playmaker,31.4,24.2,7.2,92.8,3,2
Isco,1819,Real Madrid,ESP-La Liga,"MF,FW",26.0,1192,Creative Playmaker,Box-to-Box Engine,34.0,24.9,9.1,90.9,2,3
Luka Modrić,1819,Real Madrid,ESP-La Liga,MF,32.0,2608,Box-to-Box Engine,Creative Playmaker,33.3,25.3,8.0,92.0,3,2
Toni Kroos,1819,Real Madrid,ESP-La Liga,MF,28.0,2221,Box-to-Box Engine,Creative Playmaker,33.7,23.1,10.6,89.4,3,2
Asier Illarramendi,1819,Real Sociedad,ESP-La Liga,MF,28.0,1821,Box-to-Box Engine,Defensive Anchor,32.0,31.1,0.9,99.1,3,0
David Zurutuza,1819,Real Sociedad,ESP-La Liga,MF,32.0,1222,Defensive Anchor,Ball Progressor,36.5,24.5,12.0,88.0,0,1
Igor Zubeldia,1819,Real Sociedad,ESP-La Liga,MF,21.0,2549,Defensive Anchor,Box-to-Box Engine,40.6,23.7,16.9,83.1,0,3
Luca Sangalli,1819,Real Sociedad,ESP-La Liga,"MF,FW",23.0,999,Ball Progressor,Defensive Anchor,34.3,26.0,8.3,91.7,1,0
Mikel Merino,1819,Real Sociedad,ESP-La Liga,MF,22.0,2055,Box-to-Box Engine,Defensive Anchor,30.9,30.5,0.4,99.6,3,0
Rubén Pardo,1819,Real Sociedad,ESP-La Liga,"MF,FW",25.0,1368,Box-to-Box Engine,Ball Progressor,29.3,25.4,3.9,96.1,3,1
Franco Vázquez,1819,Sevilla,ESP-La Liga,MF,29.0,2280,Box-to-Box Engine,Ball Progressor,30.7,27.8,2.9,97.1,3,1
Luis Muriel,1819,Sevilla,ESP-La Liga,"MF,FW",27.0,1441,Ball Progressor,Creative Playmaker,27.8,27.3,0.5,99.5,1,2
Pablo Sarabia,1819,Sevilla,ESP-La Liga,"MF,FW",26.0,2724,Creative Playmaker,Ball Progressor,39.9,23.5,16.4,83.6,2,1
Roque Mesa,1819,Sevilla,ESP-La Liga,MF,29.0,1746,Box-to-Box Engine,Ball Progressor,32.7,25.1,7.6,92.4,3,1
Éver Banega,1819,Sevilla,ESP-La Liga,MF,30.0,2667,Box-to-Box Engine,Creative Playmaker,36.1,21.7,14.4,85.6,3,2
Carlos Soler,1819,Valencia,ESP-La Liga,MF,21.0,2460,Ball Progressor,Box-to-Box Engine,35.0,22.4,12.6,87.4,1,3
Daniel Parejo,1819,Valencia,ESP-La Liga,MF,29.0,3061,Box-to-Box Engine,Creative Playmaker,32.0,24.9,7.1,92.9,3,2
Denis Cheryshev,1819,Valencia,ESP-La Liga,MF,27.0,1706,Creative Playmaker,Ball Progressor,30.5,28.0,2.5,97.5,2,1
Francis Coquelin,1819,Valencia,ESP-La Liga,MF,27.0,1761,Defensive Anchor,Box-to-Box Engine,35.7,27.4,8.3,91.7,0,3
Geoffrey Kondogbia,1819,Valencia,ESP-La Liga,MF,25.0,1245,Defensive Anchor,Box-to-Box Engine,33.5,29.2,4.3,95.7,0,3
Gonçalo Guedes,1819,Valencia,ESP-La Liga,"MF,FW",21.0,1465,Creative Playmaker,Ball Progressor,36.2,24.3,11.9,88.1,2,1
Anuar,1819,Valladolid,ESP-La Liga,"MF,FW",23.0,1081,Defensive Anchor,Ball Progressor,35.8,26.1,9.7,90.3,0,1
Keko,1819,Valladolid,ESP-La Liga,"MF,FW",26.0,1533,Ball Progressor,Creative Playmaker,34.9,22.7,12.2,87.8,1,2
Míchel,1819,Valladolid,ESP-La Liga,MF,30.0,2553,Box-to-Box Engine,Defensive Anchor,36.3,25.6,10.7,89.3,3,0
Rubén Alcaraz,1819,Valladolid,ESP-La Liga,MF,27.0,2976,Defensive Anchor,Box-to-Box Engine,35.3,28.3,7.0,93.0,0,3
Toni Villa,1819,Valladolid,ESP-La Liga,"MF,FW",23.0,1762,Ball Progressor,Creative Playmaker,31.8,25.0,6.8,93.2,1,2
Óscar Plano,1819,Valladolid,ESP-La Liga,"MF,FW",27.0,2693,Ball Progressor,Defensive Anchor,38.3,23.5,14.8,85.2,1,0
Manu Trigueros,1819,Villarreal,ESP-La Liga,MF,26.0,1547,Box-to-Box Engine,Defensive Anchor,33.4,29.6,3.8,96.2,3,0
Pablo Fornals,1819,Villarreal,ESP-La Liga,"MF,FW",22.0,2479,Ball Progressor,Creative Playmaker,31.1,24.9,6.2,93.8,1,2
Samuel Chukwueze,1819,Villarreal,ESP-La Liga,"MF,FW",19.0,1706,Creative Playmaker,Ball Progressor,31.2,29.5,1.7,98.3,2,1
Santi Cazorla,1819,Villarreal,ESP-La Liga,"MF,FW",33.0,2647,Creative Playmaker,Box-to-Box Engine,29.9,28.8,1.1,98.9,2,3
Santiago Cáseres,1819,Villarreal,ESP-La Liga,MF,21.0,1588,Defensive Anchor,Box-to-Box Engine,36.1,26.1,10.0,90.0,0,3
Vicente Iborra,1819,Villarreal,ESP-La Liga,MF,30.0,1665,Defensive Anchor,Ball Progressor,35.6,26.5,9.1,90.9,0,1
Aleix Vidal,1920,Alavés,ESP-La Liga,MF,29.0,2165,Ball Progressor,Creative Playmaker,35.1,25.3,9.8,90.2,1,2
Luis Rioja,1920,Alavés,ESP-La Liga,MF,25.0,1634,Ball Progressor,Defensive Anchor,34.3,25.1,9.2,90.8,1,0
Manu García,1920,Alavés,ESP-La Liga,MF,33.0,1967,Defensive Anchor,Ball Progressor,41.0,23.6,17.4,82.6,0,1
Oliver Burke,1920,Alavés,ESP-La Liga,"MF,FW",22.0,1429,Ball Progressor,Defensive Anchor,33.4,26.0,7.4,92.6,1,0
Pere Pons,1920,Alavés,ESP-La Liga,MF,26.0,1088,Defensive Anchor,Ball Progressor,35.1,26.7,8.4,91.6,0,1
Tomás Pina Isla,1920,Alavés,ESP-La Liga,MF,31.0,1344,Defensive Anchor,Box-to-Box Engine,39.2,23.1,16.1,83.9,0,3
Víctor Camarasa,1920,Alavés,ESP-La Liga,MF,25.0,1293,Defensive Anchor,Ball Progressor,31.7,29.1,2.6,97.4,0,1
Wakaso,1920,Alavés,ESP-La Liga,MF,29.0,1283,Defensive Anchor,Box-to-Box Engine,38.8,23.5,15.3,84.7,0,3
Dani García,1920,Athletic Club,ESP-La Liga,MF,29.0,3029,Defensive Anchor,Box-to-Box Engine,42.2,22.1,20.1,79.9,0,3
Mikel Vesga,1920,Athletic Club,ESP-La Liga,MF,26.0,1269,Defensive Anchor,Box-to-Box Engine,40.9,22.9,18.0,82.0,0,3
Raúl García,1920,Athletic Club,ESP-La Liga,"MF,FW",33.0,2869,Ball Progressor,Defensive Anchor,30.8,25.6,5.2,94.8,1,0
Raúl García,1920,Athletic Club,ESP-La Liga,"MF,FW",33.0,1012,Ball Progressor,Defensive Anchor,30.8,25.6,5.2,94.8,1,0
Unai López,1920,Athletic Club,ESP-La Liga,MF,23.0,1787,Box-to-Box Engine,Defensive Anchor,34.3,24.8,9.5,90.5,3,0
Héctor Herrera,1920,Atlético Madrid,ESP-La Liga,MF,29.0,1123,Box-to-Box Engine,Defensive Anchor,35.5,25.3,10.2,89.8,3,0
Koke,1920,Atlético Madrid,ESP-La Liga,MF,27.0,2698,Box-to-Box Engine,Ball Progressor,30.2,26.9,3.3,96.7,3,1
Marcos Llorente,1920,Atlético Madrid,ESP-La Liga,"MF,FW",24.0,1368,Ball Progressor,Defensive Anchor,31.3,24.2,7.1,92.9,1,0
Saúl Ñíguez,1920,Atlético Madrid,ESP-La Liga,"MF,DF",24.0,3072,Defensive Anchor,Box-to-Box Engine,37.6,25.8,11.8,88.2,0,3
Thomas Lemar,1920,Atlético Madrid,ESP-La Liga,MF,23.0,925,Ball Progressor,Defensive Anchor,30.4,27.3,3.1,96.9,1,0
Thomas Partey,1920,Atlético Madrid,ESP-La Liga,MF,26.0,2549,Defensive Anchor,Box-to-Box Engine,32.2,31.6,0.6,99.4,0,3
Ángel Correa,1920,Atlético Madrid,ESP-La Liga,"MF,FW",24.0,2061,Ball Progressor,Creative Playmaker,35.3,26.5,8.8,91.2,1,2
Arthur Melo,1920,Barcelona,ESP-La Liga,MF,22.0,1182,Box-to-Box Engine,Creative Playmaker,29.1,25.0,4.1,95.9,3,2
Arturo Vidal,1920,Barcelona,ESP-La Liga,MF,32.0,1671,Ball Progressor,Box-to-Box Engine,27.3,25.8,1.5,98.5,1,3
Frenkie de Jong,1920,Barcelona,ESP-La Liga,MF,22.0,2115,Box-to-Box Engine,Ball Progressor,31.8,24.2,7.6,92.4,3,1
Ivan Rakitić,1920,Barcelona,ESP-La Liga,MF,31.0,1589,Box-to-Box Engine,Ball Progressor,36.8,22.5,14.3,85.7,3,1
Sergio Busquets,1920,Barcelona,ESP-La Liga,MF,31.0,2483,Box-to-Box Engine,Defensive Anchor,35.9,26.9,9.0,91.0,3,0
Andrés Guardado,1920,Betis,ESP-La Liga,MF,32.0,2046,Defensive Anchor,Ball Progressor,28.7,27.8,0.9,99.1,0,1
Guido Rodríguez,1920,Betis,ESP-La Liga,MF,25.0,936,Defensive Anchor,Box-to-Box Engine,40.4,23.6,16.8,83.2,0,3
Joaquín,1920,Betis,ESP-La Liga,"MF,FW",38.0,2060,Creative Playmaker,Ball Progressor,42.3,22.4,19.9,80.1,2,1
Nabil Fekir,1920,Betis,ESP-La Liga,"MF,FW",26.0,2638,Creative Playmaker,Ball Progressor,32.8,29.8,3.0,97.0,2,1
Sergio Canales,1920,Betis,ESP-La Liga,"MF,FW",28.0,3163,Creative Playmaker,Box-to-Box Engine,35.4,23.8,11.6,88.4,2,3
Brais Méndez,1920,Celta Vigo,ESP-La Liga,"MF,FW",22.0,1477,Ball Progressor,Box-to-Box Engine,38.2,21.1,17.1,82.9,1,3
Denis Suárez,1920,Celta Vigo,ESP-La Liga,"MF,FW",25.0,1630,Creative Playmaker,Ball Progressor,36.2,23.9,12.3,87.7,2,1
Fran Beltrán,1920,Celta Vigo,ESP-La Liga,MF,20.0,1830,Defensive Anchor,Ball Progressor,32.9,28.0,4.9,95.1,0,1
Okay Yokuşlu,1920,Celta Vigo,ESP-La Liga,MF,25.0,1973,Defensive Anchor,Box-to-Box Engine,38.6,24.3,14.3,85.7,0,3
Rafinha,1920,Celta Vigo,ESP-La Liga,MF,26.0,2111,Box-to-Box Engine,Defensive Anchor,36.7,23.5,13.2,86.8,3,0
Stanislav Lobotka,1920,Celta Vigo,ESP-La Liga,MF,24.0,1383,Defensive Anchor,Box-to-Box Engine,32.0,26.7,5.3,94.7,0,3
Edu Expósito,1920,Eibar,ESP-La Liga,MF,22.0,2316,Defensive Anchor,Ball Progressor,36.3,25.6,10.7,89.3,0,1
Fabián Orellana,1920,Eibar,ESP-La Liga,"MF,FW",33.0,2390,Creative Playmaker,Ball Progressor,37.2,27.1,10.1,89.9,2,1
Gonzalo Escalante,1920,Eibar,ESP-La Liga,MF,26.0,1674,Defensive Anchor,Ball Progressor,43.3,22.4,20.9,79.1,0,1
Papakouli Diop,1920,Eibar,ESP-La Liga,MF,33.0,2253,Defensive Anchor,Ball Progressor,37.7,24.9,12.8,87.2,0,1
Pedro León,1920,Eibar,ESP-La Liga,"MF,FW",32.0,1896,Ball Progressor,Creative Playmaker,32.7,25.9,6.8,93.2,1,2
Sergio Álvarez,1920,Eibar,ESP-La Liga,"MF,DF",27.0,1147,Defensive Anchor,Ball Progressor,39.3,22.9,16.4,83.6,0,1
Takashi Inui,1920,Eibar,ESP-La Liga,"MF,FW",31.0,1960,Ball Progressor,Defensive Anchor,38.8,21.9,16.9,83.1,1,0
Adri Embarba,1920,Espanyol,ESP-La Liga,"MF,FW",27.0,1371,Ball Progressor,Creative Playmaker,32.2,24.6,7.6,92.4,1,2
Marc Roca,1920,Espanyol,ESP-La Liga,MF,22.0,3008,Defensive Anchor,Box-to-Box Engine,32.1,30.5,1.6,98.4,0,3
Sergi Darder,1920,Espanyol,ESP-La Liga,MF,25.0,2658,Ball Progressor,Defensive Anchor,34.3,27.6,6.7,93.3,1,0
Víctor Sánchez,1920,Espanyol,ESP-La Liga,MF,31.0,1688,Defensive Anchor,Box-to-Box Engine,34.5,28.0,6.5,93.5,0,3
Óscar Melendo,1920,Espanyol,ESP-La Liga,"MF,FW",21.0,1115,Ball Progressor,Defensive Anchor,32.6,25.7,6.9,93.1,1,0
David Timor,1920,Getafe,ESP-La Liga,"MF,DF",29.0,943,Defensive Anchor,Ball Progressor,31.8,24.9,6.9,93.1,0,1
Jason,1920,Getafe,ESP-La Liga,MF,25.0,1175,Ball Progressor,Defensive Anchor,33.6,22.7,10.9,89.1,1,0
Marc Cucurella,1920,Getafe,ESP-La Liga,"MF,DF",21.0,3237,Ball Progressor,Box-to-Box Engine,32.0,24.7,7.3,92.7,1,3
Mauro Arambarri,1920,Getafe,ESP-La Liga,MF,23.0,3069,Defensive Anchor,Ball Progressor,43.3,22.6,20.7,79.3,0,1
Nemanja Maksimović,1920,Getafe,ESP-La Liga,MF,24.0,2895,Defensive Anchor,Ball Progressor,36.7,25.9,10.8,89.2,0,1
Gil Bastião Dias,1920,Granada,ESP-La Liga,"MF,DF",22.0,1057,Ball Progressor,Box-to-Box Engine,27.4,26.3,1.1,98.9,1,3
Maxime Gonalons,1920,Granada,ESP-La Liga,MF,30.0,1506,Defensive Anchor,Box-to-Box Engine,39.9,23.5,16.4,83.6,0,3
Ramon Azeez,1920,Granada,ESP-La Liga,MF,26.0,1361,Defensive Anchor,Ball Progressor,30.8,29.7,1.1,98.9,0,1
Yan Brice Eteki,1920,Granada,ESP-La Liga,MF,21.0,1499,Defensive Anchor,Ball Progressor,41.0,23.4,17.6,82.4,0,1
Yangel Herrera,1920,Granada,ESP-La Liga,MF,21.0,2368,Defensive Anchor,Box-to-Box Engine,38.4,23.9,14.5,85.5,0,3
Ángel Montoro,1920,Granada,ESP-La Liga,MF,31.0,973,Box-to-Box Engine,Ball Progressor,31.5,24.1,7.4,92.6,3,1
Recio,1920,Leganés,ESP-La Liga,MF,28.0,1570,Defensive Anchor,Box-to-Box Engine,35.6,25.2,10.4,89.6,0,3
Roque Mesa,1920,Leganés,ESP-La Liga,MF,30.0,2012,Box-to-Box Engine,Ball Progressor,28.6,28.1,0.5,99.5,3,1
Rubén Pérez,1920,Leganés,ESP-La Liga,MF,30.0,2194,Defensive Anchor,Box-to-Box Engine,40.4,24.2,16.2,83.8,0,3
Óscar Rodríguez Arnaiz,1920,Leganés,ESP-La Liga,"MF,FW",21.0,1914,Ball Progressor,Creative Playmaker,31.7,29.4,2.3,97.7,1,2
Enis Bardhi,1920,Levante,ESP-La Liga,MF,24.0,2114,Ball Progressor,Creative Playmaker,33.4,26.0,7.4,92.6,1,2
Gonzalo Melero,1920,Levante,ESP-La Liga,MF,25.0,1236,Defensive Anchor,Ball Progressor,30.7,29.4,1.3,98.7,0,1
José Campaña,1920,Levante,ESP-La Liga,MF,26.0,3156,Box-to-Box Engine,Creative Playmaker,30.9,26.4,4.5,95.5,3,2
Nemanja Radoja,1920,Levante,ESP-La Liga,MF,26.0,1993,Defensive Anchor,Box-to-Box Engine,41.6,23.2,18.4,81.6,0,3
Nikola Vukčević,1920,Levante,ESP-La Liga,MF,27.0,1569,Defensive Anchor,Ball Progressor,35.4,25.1,10.3,89.7,0,1
Rubén Rochina,1920,Levante,ESP-La Liga,MF,28.0,1875,Box-to-Box Engine,Ball Progressor,29.3,28.2,1.1,98.9,3,1
Aleix Febas,1920,Mallorca,ESP-La Liga,"MF,FW",23.0,1690,Ball Progressor,Defensive Anchor,31.1,28.2,2.9,97.1,1,0
Dani Rodríguez,1920,Mallorca,ESP-La Liga,"MF,FW",31.0,3039,Ball Progressor,Defensive Anchor,37.6,22.6,15.0,85.0,1,0
Iddrisu Baba,1920,Mallorca,ESP-La Liga,MF,23.0,2903,Defensive Anchor,Box-to-Box Engine,39.0,23.9,15.1,84.9,0,3
Lago Junior,1920,Mallorca,ESP-La Liga,"MF,FW",28.0,2188,Ball Progressor,Creative Playmaker,33.7,23.5,10.2,89.8,1,2
Salva Sevilla,1920,Mallorca,ESP-La Liga,MF,35.0,2568,Box-to-Box Engine,Ball Progressor,30.3,25.1,5.2,94.8,3,1
Takefusa Kubo,1920,Mallorca,ESP-La Liga,"MF,FW",18.0,2312,Creative Playmaker,Ball Progressor,31.6,30.0,1.6,98.4,2,1
Darko Brašanac,1920,Osasuna,ESP-La Liga,MF,27.0,2245,Ball Progressor,Defensive Anchor,32.0,30.9,1.1,98.9,1,0
Fran Mérida,1920,Osasuna,ESP-La Liga,MF,29.0,1161,Box-to-Box Engine,Defensive Anchor,34.0,30.2,3.8,96.2,3,0
Iñigo Pérez,1920,Osasuna,ESP-La Liga,MF,31.0,1082,Defensive Anchor,Ball Progressor,26.8,26.8,0.0,100.0,0,1
Jon Moncayola,1920,Osasuna,ESP-La Liga,"MF,DF",21.0,1496,Defensive Anchor,Box-to-Box Engine,37.3,23.8,13.5,86.5,0,3
Oier Sanjurjo,1920,Osasuna,ESP-La Liga,MF,33.0,2320,Defensive Anchor,Box-to-Box Engine,45.4,21.6,23.8,76.2,0,3
Roberto Torres,1920,Osasuna,ESP-La Liga,"MF,FW",30.0,2717,Ball Progressor,Creative Playmaker,33.9,25.1,8.8,91.2,1,2
Rubén García,1920,Osasuna,ESP-La Liga,"MF,FW",26.0,2188,Creative Playmaker,Ball Progressor,33.0,28.0,5.0,95.0,2,1
Casemiro,1920,Real Madrid,ESP-La Liga,MF,27.0,3088,Defensive Anchor,Box-to-Box Engine,33.1,30.0,3.1,96.9,0,3
Federico Valverde,1920,Real Madrid,ESP-La Liga,MF,21.0,1907,Box-to-Box Engine,Defensive Anchor,30.7,26.1,4.6,95.4,3,0
Luka Modrić,1920,Real Madrid,ESP-La Liga,MF,33.0,1996,Box-to-Box Engine,Creative Playmaker,29.1,29.0,0.1,99.9,3,2
Toni Kroos,1920,Real Madrid,ESP-La Liga,MF,29.0,2652,Box-to-Box Engine,Creative Playmaker,35.3,22.9,12.4,87.6,3,2
Ander Guevara,1920,Real Sociedad,ESP-La Liga,MF,22.0,939,Defensive Anchor,Box-to-Box Engine,33.5,29.0,4.5,95.5,0,3
Igor Zubeldia,1920,Real Sociedad,ESP-La Liga,"MF,DF",22.0,2640,Defensive Anchor,Box-to-Box Engine,35.8,26.3,9.5,90.5,0,3
Martin Ødegaard,1920,Real Sociedad,ESP-La Liga,MF,20.0,2527,Creative Playmaker,Box-to-Box Engine,36.4,23.8,12.6,87.4,2,3
Mikel Merino,1920,Real Sociedad,ESP-La Liga,MF,23.0,3139,Box-to-Box Engine,Defensive Anchor,35.7,27.7,8.0,92.0,3,0
Alejandro Pozo Pozo,1920,Sevilla,ESP-La Liga,"MF,FW",20.0,1498,Ball Progressor,Box-to-Box Engine,27.1,24.6,2.5,97.5,1,3
Fernando,1920,Sevilla,ESP-La Liga,MF,32.0,2659,Defensive Anchor,Box-to-Box Engine,41.8,23.4,18.4,81.6,0,3
Franco Vázquez,1920,Sevilla,ESP-La Liga,"MF,FW",30.0,1098,Box-to-Box Engine,Ball Progressor,28.3,27.1,1.2,98.8,3,1
Joan Jordán,1920,Sevilla,ESP-La Liga,MF,25.0,2254,Box-to-Box Engine,Defensive Anchor,42.0,21.6,20.4,79.6,3,0
Nemanja Gudelj,1920,Sevilla,ESP-La Liga,"MF,DF",27.0,1216,Defensive Anchor,Ball Progressor,39.5,23.3,16.2,83.8,0,1
Éver Banega,1920,Sevilla,ESP-La Liga,MF,31.0,2475,Box-to-Box Engine,Creative Playmaker,32.5,26.0,6.5,93.5,3,2
Óliver Torres,1920,Sevilla,ESP-La Liga,"MF,FW",24.0,1596,Box-to-Box Engine,Ball Progressor,31.9,25.7,6.2,93.8,3,1
Carlos Soler,1920,Valencia,ESP-La Liga,MF,22.0,2066,Ball Progressor,Defensive Anchor,33.3,25.7,7.6,92.4,1,0
Daniel Parejo,1920,Valencia,ESP-La Liga,MF,30.0,3024,Box-to-Box Engine,Ball Progressor,36.9,21.4,15.5,84.5,3,1
Denis Cheryshev,1920,Valencia,ESP-La Liga,"MF,FW",28.0,926,Ball Progressor,Creative Playmaker,34.4,24.7,9.7,90.3,1,2
Ferrán Torres,1920,Valencia,ESP-La Liga,"MF,FW",19.0,2251,Ball Progressor,Creative Playmaker,34.8,26.5,8.3,91.7,1,2
Francis Coquelin,1920,Valencia,ESP-La Liga,MF,28.0,1905,Defensive Anchor,Box-to-Box Engine,41.5,23.6,17.9,82.1,0,3
Geoffrey Kondogbia,1920,Valencia,ESP-La Liga,MF,26.0,1807,Defensive Anchor,Box-to-Box Engine,35.8,27.2,8.6,91.4,0,3
Gonçalo Guedes,1920,Valencia,ESP-La Liga,"MF,FW",22.0,1266,Creative Playmaker,Ball Progressor,30.7,29.8,0.9,99.1,2,1
Fede San Emeterio,1920,Valladolid,ESP-La Liga,MF,22.0,1751,Defensive Anchor,Ball Progressor,35.6,24.5,11.1,88.9,0,1
Joaquín Fernández,1920,Valladolid,ESP-La Liga,"MF,DF",23.0,1659,Defensive Anchor,Ball Progressor,37.8,23.6,14.2,85.8,0,1
Míchel,1920,Valladolid,ESP-La Liga,MF,31.0,2178,Defensive Anchor,Box-to-Box Engine,32.4,30.2,2.2,97.8,0,3
Pablo Hervías,1920,Valladolid,ESP-La Liga,"MF,FW",26.0,1017,Ball Progressor,Defensive Anchor,30.8,23.5,7.3,92.7,1,0
Rubén Alcaraz,1920,Valladolid,ESP-La Liga,MF,28.0,1927,Defensive Anchor,Box-to-Box Engine,33.0,28.0,5.0,95.0,0,3
Toni Villa,1920,Valladolid,ESP-La Liga,MF,24.0,1354,Ball Progressor,Box-to-Box Engine,32.5,23.6,8.9,91.1,1,3
Óscar Plano,1920,Valladolid,ESP-La Liga,MF,28.0,2505,Ball Progressor,Defensive Anchor,33.2,30.1,3.1,96.9,1,0
Andre-Frank Zambo Anguissa,1920,Villarreal,ESP-La Liga,MF,23.0,2583,Defensive Anchor,Box-to-Box Engine,35.6,28.6,7.0,93.0,0,3
Manu Trigueros,1920,Villarreal,ESP-La Liga,MF,27.0,1547,Box-to-Box Engine,Ball Progressor,29.0,26.1,2.9,97.1,3,1
Santi Cazorla,1920,Villarreal,ESP-La Liga,MF,34.0,2450,Creative Playmaker,Box-to-Box Engine,34.9,24.5,10.4,89.6,2,3
Vicente Iborra,1920,Villarreal,ESP-La Liga,MF,31.0,2648,Defensive Anchor,Box-to-Box Engine,44.6,21.4,23.2,76.8,0,3
Jota,2021,Alavés,ESP-La Liga,MF,29.0,1398,Ball Progressor,Defensive Anchor,33.3,27.0,6.3,93.7,1,0
Luis Rioja,2021,Alavés,ESP-La Liga,"MF,FW",26.0,2090,Ball Progressor,Creative Playmaker,38.1,22.1,16.0,84.0,1,2
Manu García,2021,Alavés,ESP-La Liga,MF,34.0,1124,Defensive Anchor,Ball Progressor,38.4,25.6,12.8,87.2,0,1
Pere Pons,2021,Alavés,ESP-La Liga,MF,27.0,1186,Ball Progressor,Defensive Anchor,32.0,30.5,1.5,98.5,1,0
Rodrigo Battaglia,2021,Alavés,ESP-La Liga,MF,29.0,2492,Defensive Anchor,Ball Progressor,38.8,23.8,15.0,85.0,0,1
Tomás Pina Isla,2021,Alavés,ESP-La Liga,MF,32.0,2575,Defensive Anchor,Ball Progressor,39.1,23.7,15.4,84.6,0,1
Édgar Méndez,2021,Alavés,ESP-La Liga,"MF,FW",30.0,2090,Ball Progressor,Defensive Anchor,34.1,26.5,7.6,92.4,1,0
Dani García,2021,Athletic Club,ESP-La Liga,MF,30.0,1920,Defensive Anchor,Box-to-Box Engine,37.5,25.4,12.1,87.9,0,3
Iker Muniain,2021,Athletic Club,ESP-La Liga,"MF,FW",27.0,1943,Creative Playmaker,Ball Progressor,37.9,25.0,12.9,87.1,2,1
Jon Morcillo,2021,Athletic Club,ESP-La Liga,"MF,FW",21.0,1363,Ball Progressor,Creative Playmaker,32.3,27.6,4.7,95.3,1,2
Mikel Vesga,2021,Athletic Club,ESP-La Liga,MF,27.0,1722,Defensive Anchor,Box-to-Box Engine,40.0,24.8,15.2,84.8,0,3
Unai López,2021,Athletic Club,ESP-La Liga,MF,24.0,1424,Box-to-Box Engine,Defensive Anchor,33.0,26.5,6.5,93.5,3,0
Unai Vencedor Paris,2021,Athletic Club,ESP-La Liga,MF,19.0,1701,Defensive Anchor,Box-to-Box Engine,34.7,26.3,8.4,91.6,0,3
Álex Berenguer,2021,Athletic Club,ESP-La Liga,"MF,FW",25.0,2278,Ball Progressor,Creative Playmaker,30.7,30.5,0.2,99.8,1,2
Koke,2021,Atlético Madrid,ESP-La Liga,MF,28.0,3021,Box-to-Box Engine,Defensive Anchor,39.9,25.3,14.6,85.4,3,0
Marcos Llorente,2021,Atlético Madrid,ESP-La Liga,"MF,FW",25.0,2956,Ball Progressor,Creative Playmaker,31.2,27.5,3.7,96.3,1,2
Saúl Ñíguez,2021,Atlético Madrid,ESP-La Liga,"MF,DF",25.0,2033,Defensive Anchor,Ball Progressor,32.0,27.3,4.7,95.3,0,1
Thomas Lemar,2021,Atlético Madrid,ESP-La Liga,MF,24.0,1366,Ball Progressor,Box-to-Box Engine,28.1,26.1,2.0,98.0,1,3
Thomas Partey,2021,Atlético Madrid,ESP-La Liga,MF,27.0,1534,Box-to-Box Engine,Defensive Anchor,32.8,25.5,7.3,92.7,3,0
Carles Aleñá,2021,Barcelona,ESP-La Liga,MF,22.0,1366,Box-to-Box Engine,Defensive Anchor,27.4,26.3,1.1,98.9,3,0
Frenkie de Jong,2021,Barcelona,ESP-La Liga,"MF,DF",23.0,3154,Box-to-Box Engine,Creative Playmaker,31.9,23.4,8.5,91.5,3,2
Pedri,2021,Barcelona,ESP-La Liga,MF,17.0,2415,Box-to-Box Engine,Ball Progressor,29.2,25.9,3.3,96.7,3,1
Sergio Busquets,2021,Barcelona,ESP-La Liga,MF,32.0,2517,Box-to-Box Engine,Defensive Anchor,35.8,25.1,10.7,89.3,3,0
Andrés Guardado,2021,Betis,ESP-La Liga,MF,33.0,1318,Defensive Anchor,Box-to-Box Engine,33.0,29.8,3.2,96.8,0,3
Guido Rodríguez,2021,Betis,ESP-La Liga,MF,26.0,2864,Defensive Anchor,Box-to-Box Engine,39.6,24.9,14.7,85.3,0,3
Nabil Fekir,2021,Betis,ESP-La Liga,"MF,FW",27.0,2622,Creative Playmaker,Ball Progressor,40.1,24.5,15.6,84.4,2,1
Sergio Canales,2021,Betis,ESP-La Liga,"MF,FW",29.0,2498,Creative Playmaker,Box-to-Box Engine,37.8,23.1,14.7,85.3,2,3
William Carvalho,2021,Betis,ESP-La Liga,MF,28.0,1223,Box-to-Box Engine,Defensive Anchor,32.9,28.7,4.2,95.8,3,0
Brais Méndez,2021,Celta Vigo,ESP-La Liga,"MF,FW",23.0,2671,Ball Progressor,Defensive Anchor,33.6,22.9,10.7,89.3,1,0
Denis Suárez,2021,Celta Vigo,ESP-La Liga,MF,26.0,2852,Box-to-Box Engine,Ball Progressor,35.7,23.3,12.4,87.6,3,1
Fran Beltrán,2021,Celta Vigo,ESP-La Liga,"MF,FW",21.0,1399,Defensive Anchor,Ball Progressor,33.2,25.3,7.9,92.1,0,1
Nolito,2021,Celta Vigo,ESP-La Liga,"MF,FW",33.0,2597,Ball Progressor,Creative Playmaker,33.7,22.5,11.2,88.8,1,2
Okay Yokuşlu,2021,Celta Vigo,ESP-La Liga,MF,26.0,1317,Defensive Anchor,Box-to-Box Engine,36.6,25.3,11.3,88.7,0,3
Renato Tapia,2021,Celta Vigo,ESP-La Liga,MF,25.0,2701,Defensive Anchor,Box-to-Box Engine,39.3,25.5,13.8,86.2,0,3
Alberto Perea,2021,Cádiz,ESP-La Liga,MF,29.0,1549,Ball Progressor,Defensive Anchor,32.7,23.8,8.9,91.1,1,0
Jairo Izquierdo,2021,Cádiz,ESP-La Liga,"MF,DF",26.0,1277,Defensive Anchor,Ball Progressor,30.6,29.7,0.9,99.1,0,1
Jens Jønsson,2021,Cádiz,ESP-La Liga,MF,27.0,2615,Defensive Anchor,Ball Progressor,39.3,23.9,15.4,84.6,0,1
José Mari,2021,Cádiz,ESP-La Liga,MF,32.0,1451,Defensive Anchor,Ball Progressor,40.4,23.1,17.3,82.7,0,1
Salvi,2021,Cádiz,ESP-La Liga,"MF,FW",29.0,1933,Ball Progressor,Defensive Anchor,35.3,24.5,10.8,89.2,1,0
Álex Fernández,2021,Cádiz,ESP-La Liga,MF,27.0,1946,Ball Progressor,Defensive Anchor,29.1,28.8,0.3,99.7,1,0
Bryan Gil,2021,Eibar,ESP-La Liga,"MF,FW",19.0,2265,Creative Playmaker,Ball Progressor,36.8,26.6,10.2,89.8,2,1
Edu Expósito,2021,Eibar,ESP-La Liga,MF,23.0,2455,Box-to-Box Engine,Defensive Anchor,30.1,26.6,3.5,96.5,3,0
Papakouli Diop,2021,Eibar,ESP-La Liga,MF,34.0,2324,Defensive Anchor,Ball Progressor,40.4,22.6,17.8,82.2,0,1
Pedro León,2021,Eibar,ESP-La Liga,"MF,FW",33.0,935,Ball Progressor,Creative Playmaker,32.9,24.8,8.1,91.9,1,2
Sergio Álvarez,2021,Eibar,ESP-La Liga,"MF,DF",28.0,1568,Defensive Anchor,Ball Progressor,42.6,21.9,20.7,79.3,0,1
Takashi Inui,2021,Eibar,ESP-La Liga,"MF,FW",32.0,1819,Ball Progressor,Defensive Anchor,36.3,23.0,13.3,86.7,1,0
Emiliano Rigoni,2021,Elche,ESP-La Liga,MF,27.0,1139,Ball Progressor,Defensive Anchor,37.4,22.4,15.0,85.0,1,0
Fidel,2021,Elche,ESP-La Liga,"MF,DF",30.0,2396,Ball Progressor,Creative Playmaker,35.6,24.9,10.7,89.3,1,2
Iván Marcone,2021,Elche,ESP-La Liga,MF,30.0,2645,Defensive Anchor,Box-to-Box Engine,42.0,23.4,18.6,81.4,0,3
Josan,2021,Elche,ESP-La Liga,"MF,DF",30.0,1926,Ball Progressor,Defensive Anchor,35.3,26.0,9.3,90.7,1,0
Raúl Guti,2021,Elche,ESP-La Liga,MF,23.0,2862,Defensive Anchor,Ball Progressor,40.5,23.5,17.0,83.0,0,1
Tete Morente,2021,Elche,ESP-La Liga,"MF,FW",23.0,2019,Ball Progressor,Defensive Anchor,37.2,23.6,13.6,86.4,1,0
Allan Nyom,2021,Getafe,ESP-La Liga,"MF,DF",32.0,2323,Defensive Anchor,Ball Progressor,32.9,29.0,3.9,96.1,0,1
Carles Aleñá,2021,Getafe,ESP-La Liga,"MF,FW",22.0,1366,Ball Progressor,Creative Playmaker,31.8,24.1,7.7,92.3,1,2
David Timor,2021,Getafe,ESP-La Liga,"MF,DF",30.0,1395,Defensive Anchor,Ball Progressor,34.5,25.1,9.4,90.6,0,1
Marc Cucurella,2021,Getafe,ESP-La Liga,MF,22.0,3244,Ball Progressor,Defensive Anchor,36.3,24.9,11.4,88.6,1,0
Mauro Arambarri,2021,Getafe,ESP-La Liga,MF,24.0,2983,Defensive Anchor,Ball Progressor,43.7,22.9,20.8,79.2,0,1
Nemanja Maksimović,2021,Getafe,ESP-La Liga,MF,25.0,2728,Defensive Anchor,Ball Progressor,37.3,25.5,11.8,88.2,0,1
Luis Milla,2021,Granada,ESP-La Liga,MF,25.0,1253,Defensive Anchor,Box-to-Box Engine,31.5,26.2,5.3,94.7,0,3
Maxime Gonalons,2021,Granada,ESP-La Liga,MF,31.0,1480,Defensive Anchor,Box-to-Box Engine,40.8,24.8,16.0,84.0,0,3
Yan Brice Eteki,2021,Granada,ESP-La Liga,MF,22.0,1321,Defensive Anchor,Ball Progressor,35.8,25.5,10.3,89.7,0,1
Yangel Herrera,2021,Granada,ESP-La Liga,MF,22.0,2310,Defensive Anchor,Ball Progressor,38.1,24.4,13.7,86.3,0,1
Ángel Montoro,2021,Granada,ESP-La Liga,MF,32.0,1362,Defensive Anchor,Box-to-Box Engine,27.1,26.9,0.2,99.8,0,3
Borja García,2021,Huesca,ESP-La Liga,"MF,FW",29.0,1117,Ball Progressor,Box-to-Box Engine,31.0,24.8,6.2,93.8,1,3
David Ferreiro,2021,Huesca,ESP-La Liga,"MF,FW",32.0,2527,Creative Playmaker,Ball Progressor,30.9,28.4,2.5,97.5,2,1
Jaime Seoane,2021,Huesca,ESP-La Liga,MF,23.0,2064,Defensive Anchor,Ball Progressor,37.8,26.0,11.8,88.2,0,1
Mikel Rico,2021,Huesca,ESP-La Liga,MF,35.0,2183,Ball Progressor,Defensive Anchor,31.3,29.6,1.7,98.3,1,0
Pedro Mosquera,2021,Huesca,ESP-La Liga,MF,32.0,2050,Defensive Anchor,Box-to-Box Engine,38.4,26.0,12.4,87.6,0,3
Enis Bardhi,2021,Levante,ESP-La Liga,MF,25.0,1682,Ball Progressor,Box-to-Box Engine,29.5,25.6,3.9,96.1,1,3
Gonzalo Melero,2021,Levante,ESP-La Liga,"MF,FW",26.0,1853,Ball Progressor,Defensive Anchor,29.7,25.8,3.9,96.1,1,0
Jorge de Frutos,2021,Levante,ESP-La Liga,MF,23.0,2186,Ball Progressor,Creative Playmaker,33.4,28.5,4.9,95.1,1,2
José Luis Morales,2021,Levante,ESP-La Liga,"MF,FW",33.0,2439,Ball Progressor,Creative Playmaker,31.7,29.1,2.6,97.4,1,2
Mickael Malsa,2021,Levante,ESP-La Liga,MF,24.0,2338,Defensive Anchor,Box-to-Box Engine,40.8,25.5,15.3,84.7,0,3
Nemanja Radoja,2021,Levante,ESP-La Liga,MF,27.0,1121,Defensive Anchor,Box-to-Box Engine,35.4,27.5,7.9,92.1,0,3
Rubén Rochina,2021,Levante,ESP-La Liga,MF,29.0,1404,Box-to-Box Engine,Defensive Anchor,34.6,24.4,10.2,89.8,3,0
Darko Brašanac,2021,Osasuna,ESP-La Liga,MF,28.0,909,Ball Progressor,Defensive Anchor,31.9,27.8,4.1,95.9,1,0
Iñigo Pérez,2021,Osasuna,ESP-La Liga,"MF,DF",32.0,1347,Defensive Anchor,Ball Progressor,34.0,26.4,7.6,92.4,0,1
Jon Moncayola,2021,Osasuna,ESP-La Liga,MF,22.0,2660,Defensive Anchor,Ball Progressor,40.6,23.9,16.7,83.3,0,1
Kike Barja,2021,Osasuna,ESP-La Liga,"MF,FW",23.0,1433,Ball Progressor,Creative Playmaker,31.2,25.2,6.0,94.0,1,2
Lucas Torró,2021,Osasuna,ESP-La Liga,MF,26.0,1548,Defensive Anchor,Ball Progressor,41.4,22.4,19.0,81.0,0,1
Oier Sanjurjo,2021,Osasuna,ESP-La Liga,MF,34.0,2084,Defensive Anchor,Ball Progressor,38.4,23.9,14.5,85.5,0,1
Roberto Torres,2021,Osasuna,ESP-La Liga,"MF,FW",31.0,1894,Ball Progressor,Creative Playmaker,33.6,22.8,10.8,89.2,1,2
Rubén García,2021,Osasuna,ESP-La Liga,"MF,FW",27.0,2718,Ball Progressor,Creative Playmaker,35.6,22.8,12.8,87.2,1,2
Casemiro,2021,Real Madrid,ESP-La Liga,MF,28.0,2901,Defensive Anchor,Box-to-Box Engine,32.8,28.3,4.5,95.5,0,3
Federico Valverde,2021,Real Madrid,ESP-La Liga,MF,22.0,1330,Box-to-Box Engine,Ball Progressor,31.1,24.8,6.3,93.7,3,1
Isco,2021,Real Madrid,ESP-La Liga,MF,28.0,908,Creative Playmaker,Box-to-Box Engine,29.8,27.6,2.2,97.8,2,3
Luka Modrić,2021,Real Madrid,ESP-La Liga,MF,34.0,2733,Box-to-Box Engine,Creative Playmaker,32.6,24.8,7.8,92.2,3,2
Toni Kroos,2021,Real Madrid,ESP-La Liga,MF,30.0,2117,Box-to-Box Engine,Creative Playmaker,30.6,27.0,3.6,96.4,3,2
Ander Barrenetxea,2021,Real Sociedad,ESP-La Liga,"MF,FW",18.0,1307,Ball Progressor,Creative Playmaker,35.8,22.9,12.9,87.1,1,2
Ander Guevara,2021,Real Sociedad,ESP-La Liga,MF,23.0,2081,Defensive Anchor,Box-to-Box Engine,32.0,30.7,1.3,98.7,0,3
David Silva,2021,Real Sociedad,ESP-La Liga,MF,34.0,1399,Creative Playmaker,Box-to-Box Engine,34.8,24.8,10.0,90.0,2,3
Martín Zubimendi,2021,Real Sociedad,ESP-La Liga,MF,21.0,1882,Defensive Anchor,Box-to-Box Engine,35.4,27.7,7.7,92.3,0,3
Mikel Merino,2021,Real Sociedad,ESP-La Liga,MF,24.0,2154,Box-to-Box Engine,Defensive Anchor,34.4,26.2,8.2,91.8,3,0
Fernando,2021,Sevilla,ESP-La Liga,MF,33.0,2546,Defensive Anchor,Box-to-Box Engine,39.5,25.2,14.3,85.7,0,3
Ivan Rakitić,2021,Sevilla,ESP-La Liga,MF,32.0,2233,Box-to-Box Engine,Defensive Anchor,30.2,26.3,3.9,96.1,3,0
Joan Jordán,2021,Sevilla,ESP-La Liga,MF,26.0,2406,Box-to-Box Engine,Defensive Anchor,40.2,21.7,18.5,81.5,3,0
Nemanja Gudelj,2021,Sevilla,ESP-La Liga,"MF,DF",28.0,1041,Defensive Anchor,Box-to-Box Engine,33.7,25.8,7.9,92.1,0,3
Papu Gómez,2021,Sevilla,ESP-La Liga,"MF,FW",32.0,914,Creative Playmaker,Ball Progressor,28.7,27.9,0.8,99.2,2,1
Óliver Torres,2021,Sevilla,ESP-La Liga,"MF,FW",25.0,1400,Box-to-Box Engine,Creative Playmaker,31.2,24.8,6.4,93.6,3,2
Carlos Soler,2021,Valencia,ESP-La Liga,MF,23.0,2735,Ball Progressor,Box-to-Box Engine,27.3,26.7,0.6,99.4,1,3
Daniel Wass,2021,Valencia,ESP-La Liga,"MF,DF",31.0,2979,Defensive Anchor,Ball Progressor,34.5,27.6,6.9,93.1,0,1
Denis Cheryshev,2021,Valencia,ESP-La Liga,MF,29.0,1101,Ball Progressor,Creative Playmaker,34.3,23.9,10.4,89.6,1,2
Gonçalo Guedes,2021,Valencia,ESP-La Liga,"MF,FW",23.0,2287,Creative Playmaker,Ball Progressor,34.1,27.5,6.6,93.4,2,1
Rubén Sobrino,2021,Valencia,ESP-La Liga,"MF,FW",28.0,1113,Defensive Anchor,Ball Progressor,27.1,26.8,0.3,99.7,0,1
Uroš Račić,2021,Valencia,ESP-La Liga,MF,22.0,2187,Defensive Anchor,Box-to-Box Engine,44.3,22.1,22.2,77.8,0,3
Yunus Musah,2021,Valencia,ESP-La Liga,MF,17.0,1530,Ball Progressor,Defensive Anchor,32.4,28.4,4.0,96.0,1,0
Fabián Orellana,2021,Valladolid,ESP-La Liga,"MF,FW",34.0,2138,Ball Progressor,Creative Playmaker,34.4,26.9,7.5,92.5,1,2
Fede San Emeterio,2021,Valladolid,ESP-La Liga,MF,23.0,1460,Defensive Anchor,Ball Progressor,35.8,24.3,11.5,88.5,0,1
Jota,2021,Valladolid,ESP-La Liga,"MF,FW",21.0,1398,Ball Progressor,Defensive Anchor,33.1,24.0,9.1,90.9,1,0
Kike Pérez,2021,Valladolid,ESP-La Liga,MF,23.0,1159,Defensive Anchor,Box-to-Box Engine,34.2,26.0,8.2,91.8,0,3
Míchel,2021,Valladolid,ESP-La Liga,MF,32.0,946,Box-to-Box Engine,Defensive Anchor,32.6,26.7,5.9,94.1,3,0
Roque Mesa,2021,Valladolid,ESP-La Liga,MF,31.0,1761,Box-to-Box Engine,Defensive Anchor,29.6,27.6,2.0,98.0,3,0
Rubén Alcaraz,2021,Valladolid,ESP-La Liga,MF,29.0,2165,Defensive Anchor,Box-to-Box Engine,46.8,22.0,24.8,75.2,0,3
Toni Villa,2021,Valladolid,ESP-La Liga,"MF,FW",25.0,969,Ball Progressor,Creative Playmaker,31.7,25.5,6.2,93.8,1,2
Óscar Plano,2021,Valladolid,ESP-La Liga,"MF,FW",29.0,2517,Ball Progressor,Defensive Anchor,33.8,29.8,4.0,96.0,1,0
Daniel Parejo,2021,Villarreal,ESP-La Liga,MF,31.0,3112,Box-to-Box Engine,Defensive Anchor,40.5,22.3,18.2,81.8,3,0
Manu Trigueros,2021,Villarreal,ESP-La Liga,MF,28.0,2527,Box-to-Box Engine,Ball Progressor,31.3,25.0,6.3,93.7,3,1
Moi Gómez,2021,Villarreal,ESP-La Liga,"MF,FW",26.0,2563,Ball Progressor,Creative Playmaker,35.1,23.1,12.0,88.0,1,2
Samuel Chukwueze,2021,Villarreal,ESP-La Liga,"MF,FW",21.0,1365,Creative Playmaker,Ball Progressor,36.1,25.6,10.5,89.5,2,1
Vicente Iborra,2021,Villarreal,ESP-La Liga,MF,32.0,928,Defensive Anchor,Box-to-Box Engine,41.6,23.8,17.8,82.2,0,3
Étienne Capoue,2021,Villarreal,ESP-La Liga,MF,32.0,1185,Defensive Anchor,Box-to-Box Engine,36.0,24.8,11.2,88.8,0,3
Gonzalo Escalante,2122,Alavés,ESP-La Liga,MF,28.0,1300,Defensive Anchor,Ball Progressor,33.3,25.6,7.7,92.3,0,1
Luis Rioja,2122,Alavés,ESP-La Liga,"MF,FW",27.0,3111,Ball Progressor,Creative Playmaker,35.2,22.3,12.9,87.1,1,2
Mamadou Loum,2122,Alavés,ESP-La Liga,MF,24.0,2312,Defensive Anchor,Ball Progressor,41.1,22.7,18.4,81.6,0,1
Manu García,2122,Alavés,ESP-La Liga,MF,23.0,1077,Box-to-Box Engine,Ball Progressor,30.9,25.6,5.3,94.7,3,1
Pere Pons,2122,Alavés,ESP-La Liga,MF,28.0,1366,Ball Progressor,Defensive Anchor,32.4,29.2,3.2,96.8,1,0
Tomás Pina Isla,2122,Alavés,ESP-La Liga,MF,33.0,1444,Defensive Anchor,Ball Progressor,40.2,23.1,17.1,82.9,0,1
Toni Moya,2122,Alavés,ESP-La Liga,MF,23.0,1386,Defensive Anchor,Ball Progressor,33.4,26.0,7.4,92.6,0,1
Dani García,2122,Athletic Club,ESP-La Liga,MF,31.0,2177,Defensive Anchor,Ball Progressor,41.3,22.6,18.7,81.3,0,1
Iker Muniain,2122,Athletic Club,ESP-La Liga,MF,28.0,2785,Creative Playmaker,Ball Progressor,38.6,22.7,15.9,84.1,2,1
Mikel Vesga,2122,Athletic Club,ESP-La Liga,MF,28.0,1358,Defensive Anchor,Box-to-Box Engine,37.6,26.9,10.7,89.3,0,3
Nico Williams,2122,Athletic Club,ESP-La Liga,MF,19.0,1337,Ball Progressor,Creative Playmaker,30.0,26.8,3.2,96.8,1,2
Oier Zarraga,2122,Athletic Club,ESP-La Liga,MF,22.0,1166,Defensive Anchor,Ball Progressor,31.4,29.1,2.3,97.7,0,1
Unai Vencedor Paris,2122,Athletic Club,ESP-La Liga,MF,20.0,2383,Defensive Anchor,Box-to-Box Engine,33.1,27.0,6.1,93.9,0,3
Álex Berenguer,2122,Athletic Club,ESP-La Liga,MF,26.0,2168,Ball Progressor,Creative Playmaker,31.9,28.8,3.1,96.9,1,2
Geoffrey Kondogbia,2122,Atlético Madrid,ESP-La Liga,"MF,DF",28.0,1882,Defensive Anchor,Box-to-Box Engine,35.0,26.9,8.1,91.9,0,3
Koke,2122,Atlético Madrid,ESP-La Liga,MF,29.0,2508,Box-to-Box Engine,Defensive Anchor,33.3,26.7,6.6,93.4,3,0
Marcos Llorente,2122,Atlético Madrid,ESP-La Liga,"MF,DF",26.0,2447,Ball Progressor,Defensive Anchor,31.5,25.4,6.1,93.9,1,0
Rodrigo De Paul,2122,Atlético Madrid,ESP-La Liga,MF,27.0,2151,Box-to-Box Engine,Creative Playmaker,35.0,23.0,12.0,88.0,3,2
Thomas Lemar,2122,Atlético Madrid,ESP-La Liga,MF,25.0,1440,Creative Playmaker,Ball Progressor,40.2,22.8,17.4,82.6,2,1
Frenkie de Jong,2122,Barcelona,ESP-La Liga,MF,24.0,2476,Box-to-Box Engine,Creative Playmaker,30.2,25.8,4.4,95.6,3,2
Gavi,2122,Barcelona,ESP-La Liga,"MF,FW",16.0,2316,Ball Progressor,Box-to-Box Engine,31.1,24.3,6.8,93.2,1,3
Nicolás González,2122,Barcelona,ESP-La Liga,MF,19.0,1114,Box-to-Box Engine,Ball Progressor,28.8,27.6,1.2,98.8,3,1
Nicolás González,2122,Barcelona,ESP-La Liga,MF,19.0,2357,Box-to-Box Engine,Ball Progressor,28.8,27.6,1.2,98.8,3,1
Philippe Coutinho,2122,Barcelona,ESP-La Liga,"MF,FW",29.0,1329,Creative Playmaker,Ball Progressor,32.9,25.4,7.5,92.5,2,1
Sergio Busquets,2122,Barcelona,ESP-La Liga,MF,33.0,3198,Box-to-Box Engine,Defensive Anchor,35.5,28.6,6.9,93.1,3,0
Andrés Guardado,2122,Betis,ESP-La Liga,MF,34.0,1393,Defensive Anchor,Box-to-Box Engine,32.8,30.2,2.6,97.4,0,3
Guido Rodríguez,2122,Betis,ESP-La Liga,MF,27.0,2529,Defensive Anchor,Box-to-Box Engine,38.0,25.7,12.3,87.7,0,3
Nabil Fekir,2122,Betis,ESP-La Liga,MF,28.0,2794,Creative Playmaker,Ball Progressor,40.8,23.5,17.3,82.7,2,1
William Carvalho,2122,Betis,ESP-La Liga,MF,29.0,1805,Box-to-Box Engine,Defensive Anchor,39.8,22.0,17.8,82.2,3,0
Brais Méndez,2122,Celta Vigo,ESP-La Liga,MF,24.0,3021,Ball Progressor,Box-to-Box Engine,31.2,26.8,4.4,95.6,1,3
Denis Suárez,2122,Celta Vigo,ESP-La Liga,MF,27.0,2819,Box-to-Box Engine,Ball Progressor,33.8,23.7,10.1,89.9,3,1
Fran Beltrán,2122,Celta Vigo,ESP-La Liga,MF,22.0,2597,Defensive Anchor,Box-to-Box Engine,35.8,27.1,8.7,91.3,0,3
Franco Cervi,2122,Celta Vigo,ESP-La Liga,MF,27.0,1801,Defensive Anchor,Ball Progressor,29.5,27.9,1.6,98.4,0,1
Nolito,2122,Celta Vigo,ESP-La Liga,MF,34.0,1384,Ball Progressor,Defensive Anchor,32.4,25.5,6.9,93.1,1,0
Renato Tapia,2122,Celta Vigo,ESP-La Liga,MF,26.0,1412,Defensive Anchor,Box-to-Box Engine,39.4,24.9,14.5,85.5,0,3
Iván Alejo,2122,Cádiz,ESP-La Liga,"MF,FW",26.0,1065,Creative Playmaker,Ball Progressor,29.7,28.3,1.4,98.6,2,1
Jens Jønsson,2122,Cádiz,ESP-La Liga,MF,28.0,1303,Defensive Anchor,Ball Progressor,36.8,23.8,13.0,87.0,0,1
Oussama Idrissi,2122,Cádiz,ESP-La Liga,MF,25.0,902,Creative Playmaker,Ball Progressor,36.9,26.1,10.8,89.2,2,1
Rubén Alcaraz,2122,Cádiz,ESP-La Liga,MF,30.0,1105,Box-to-Box Engine,Defensive Anchor,35.4,25.4,10.0,90.0,3,0
Salvi,2122,Cádiz,ESP-La Liga,"MF,FW",30.0,1395,Ball Progressor,Defensive Anchor,36.7,24.3,12.4,87.6,1,0
Tomás Alarcón,2122,Cádiz,ESP-La Liga,MF,22.0,1425,Defensive Anchor,Ball Progressor,40.8,22.8,18.0,82.0,0,1
Álex Fernández,2122,Cádiz,ESP-La Liga,MF,28.0,2051,Defensive Anchor,Box-to-Box Engine,31.3,27.2,4.1,95.9,0,3
Fidel,2122,Elche,ESP-La Liga,MF,31.0,2261,Ball Progressor,Creative Playmaker,30.5,28.8,1.7,98.3,1,2
Gerard Gumbau,2122,Elche,ESP-La Liga,MF,26.0,1890,Defensive Anchor,Box-to-Box Engine,34.2,25.3,8.9,91.1,0,3
Omar Mascarell,2122,Elche,ESP-La Liga,MF,28.0,2493,Defensive Anchor,Box-to-Box Engine,42.1,22.4,19.7,80.3,0,3
Pere Milla,2122,Elche,ESP-La Liga,"MF,FW",28.0,1644,Ball Progressor,Defensive Anchor,32.7,24.8,7.9,92.1,1,0
Raúl Guti,2122,Elche,ESP-La Liga,MF,24.0,1627,Defensive Anchor,Ball Progressor,36.1,25.5,10.6,89.4,0,1
Tete Morente,2122,Elche,ESP-La Liga,MF,24.0,1632,Ball Progressor,Creative Playmaker,35.7,22.6,13.1,86.9,1,2
Javi Puado,2122,Espanyol,ESP-La Liga,"MF,FW",23.0,2245,Ball Progressor,Defensive Anchor,36.9,22.8,14.1,85.9,1,0
Keidi Bare,2122,Espanyol,ESP-La Liga,MF,23.0,1481,Defensive Anchor,Ball Progressor,38.0,24.3,13.7,86.3,0,1
Manu Morlanes,2122,Espanyol,ESP-La Liga,MF,22.0,1144,Defensive Anchor,Box-to-Box Engine,31.6,29.4,2.2,97.8,0,3
Nico Ribaudo,2122,Espanyol,ESP-La Liga,"MF,FW",20.0,1116,Ball Progressor,Creative Playmaker,35.5,22.0,13.5,86.5,1,2
Sergi Darder,2122,Espanyol,ESP-La Liga,MF,27.0,3125,Box-to-Box Engine,Ball Progressor,29.7,26.6,3.1,96.9,3,1
Tonny Vilhena,2122,Espanyol,ESP-La Liga,"MF,FW",26.0,928,Ball Progressor,Defensive Anchor,35.2,25.5,9.7,90.3,1,0
Yangel Herrera,2122,Espanyol,ESP-La Liga,MF,23.0,1645,Defensive Anchor,Box-to-Box Engine,44.0,22.3,21.7,78.3,0,3
Óscar Melendo,2122,Espanyol,ESP-La Liga,"MF,FW",23.0,990,Ball Progressor,Box-to-Box Engine,28.2,26.0,2.2,97.8,1,3
Carles Aleñá,2122,Getafe,ESP-La Liga,MF,23.0,2320,Ball Progressor,Defensive Anchor,32.9,29.1,3.8,96.2,1,0
Florentino Luís,2122,Getafe,ESP-La Liga,MF,21.0,992,Defensive Anchor,Box-to-Box Engine,37.8,23.8,14.0,86.0,0,3
Marc Cucurella,2122,Getafe,ESP-La Liga,"MF,DF",23.0,3089,Creative Playmaker,Ball Progressor,28.1,25.1,3.0,97.0,2,1
Mauro Arambarri,2122,Getafe,ESP-La Liga,MF,25.0,2663,Defensive Anchor,Ball Progressor,35.4,25.4,10.0,90.0,0,1
Nemanja Maksimović,2122,Getafe,ESP-La Liga,MF,26.0,2936,Defensive Anchor,Ball Progressor,37.4,25.2,12.2,87.8,0,1
Óscar Rodríguez Arnaiz,2122,Getafe,ESP-La Liga,"MF,FW",23.0,943,Ball Progressor,Defensive Anchor,33.5,25.4,8.1,91.9,1,0
Antonio Puertas,2122,Granada,ESP-La Liga,"MF,FW",29.0,2261,Ball Progressor,Defensive Anchor,38.0,24.1,13.9,86.1,1,0
Darwin Machís,2122,Granada,ESP-La Liga,"MF,FW",28.0,1376,Ball Progressor,Creative Playmaker,33.9,26.7,7.2,92.8,1,2
Luis Milla,2122,Granada,ESP-La Liga,MF,26.0,2773,Box-to-Box Engine,Defensive Anchor,32.4,27.1,5.3,94.7,3,0
Maxime Gonalons,2122,Granada,ESP-La Liga,MF,32.0,1550,Defensive Anchor,Box-to-Box Engine,40.3,23.8,16.5,83.5,0,3
Njegoš Petrović,2122,Granada,ESP-La Liga,MF,22.0,918,Defensive Anchor,Ball Progressor,38.1,25.1,13.0,87.0,0,1
Álex Collado,2122,Granada,ESP-La Liga,"MF,FW",22.0,1020,Ball Progressor,Defensive Anchor,31.3,25.2,6.1,93.9,1,0
Ángel Montoro,2122,Granada,ESP-La Liga,MF,33.0,1331,Ball Progressor,Defensive Anchor,29.0,26.8,2.2,97.8,1,0
Enis Bardhi,2122,Levante,ESP-La Liga,"MF,FW",26.0,1701,Ball Progressor,Creative Playmaker,31.7,28.8,2.9,97.1,1,2
Gonzalo Melero,2122,Levante,ESP-La Liga,MF,27.0,1692,Ball Progressor,Defensive Anchor,31.1,27.0,4.1,95.9,1,0
Jorge de Frutos,2122,Levante,ESP-La Liga,"MF,FW",24.0,1760,Ball Progressor,Creative Playmaker,32.1,30.5,1.6,98.4,1,2
José Campaña,2122,Levante,ESP-La Liga,MF,28.0,1422,Box-to-Box Engine,Ball Progressor,36.8,22.8,14.0,86.0,3,1
José Luis García Vayá,2122,Levante,ESP-La Liga,MF,22.0,2012,Defensive Anchor,Box-to-Box Engine,36.7,28.3,8.4,91.6,0,3
Mickael Malsa,2122,Levante,ESP-La Liga,MF,25.0,1143,Defensive Anchor,Box-to-Box Engine,36.7,25.7,11.0,89.0,0,3
Nemanja Radoja,2122,Levante,ESP-La Liga,MF,28.0,1214,Defensive Anchor,Ball Progressor,41.6,23.1,18.5,81.5,0,1
Antonio Sánchez,2122,Mallorca,ESP-La Liga,"MF,FW",24.0,1616,Defensive Anchor,Box-to-Box Engine,37.8,24.4,13.4,86.6,0,3
Dani Rodríguez,2122,Mallorca,ESP-La Liga,"MF,FW",33.0,2832,Ball Progressor,Defensive Anchor,40.1,22.7,17.4,82.6,1,0
Iddrisu Baba,2122,Mallorca,ESP-La Liga,MF,25.0,1934,Defensive Anchor,Box-to-Box Engine,39.5,24.0,15.5,84.5,0,3
Iñigo Ruiz de Galarreta,2122,Mallorca,ESP-La Liga,MF,27.0,1378,Defensive Anchor,Box-to-Box Engine,37.1,28.9,8.2,91.8,0,3
Lee Kang-in,2122,Mallorca,ESP-La Liga,"MF,FW",20.0,1411,Ball Progressor,Creative Playmaker,35.0,22.2,12.8,87.2,1,2
Rodrigo Battaglia,2122,Mallorca,ESP-La Liga,MF,30.0,1179,Defensive Anchor,Box-to-Box Engine,41.2,22.6,18.6,81.4,0,3
Salva Sevilla,2122,Mallorca,ESP-La Liga,MF,37.0,1507,Box-to-Box Engine,Creative Playmaker,28.9,25.8,3.1,96.9,3,2
Darko Brašanac,2122,Osasuna,ESP-La Liga,MF,29.0,2405,Ball Progressor,Defensive Anchor,36.9,24.5,12.4,87.6,1,0
Jon Moncayola,2122,Osasuna,ESP-La Liga,MF,23.0,2915,Defensive Anchor,Ball Progressor,32.5,27.4,5.1,94.9,0,1
Lucas Torró,2122,Osasuna,ESP-La Liga,MF,27.0,2725,Defensive Anchor,Box-to-Box Engine,39.8,24.6,15.2,84.8,0,3
Rubén García,2122,Osasuna,ESP-La Liga,"MF,FW",28.0,2375,Creative Playmaker,Ball Progressor,29.5,29.4,0.1,99.9,2,1
Pathé Ciss,2122,Rayo Vallecano,ESP-La Liga,MF,27.0,1097,Defensive Anchor,Box-to-Box Engine,36.7,25.9,10.8,89.2,0,3
Santi Comesaña,2122,Rayo Vallecano,ESP-La Liga,MF,24.0,2682,Defensive Anchor,Box-to-Box Engine,34.1,30.4,3.7,96.3,0,3
Unai López,2122,Rayo Vallecano,ESP-La Liga,MF,25.0,1160,Box-to-Box Engine,Ball Progressor,28.9,27.1,1.8,98.2,3,1
Óscar Trejo,2122,Rayo Vallecano,ESP-La Liga,MF,33.0,2007,Creative Playmaker,Box-to-Box Engine,30.0,26.6,3.4,96.6,2,3
Óscar Valentín,2122,Rayo Vallecano,ESP-La Liga,MF,26.0,2569,Defensive Anchor,Box-to-Box Engine,36.4,26.7,9.7,90.3,0,3
Casemiro,2122,Real Madrid,ESP-La Liga,MF,29.0,2569,Box-to-Box Engine,Defensive Anchor,32.2,29.9,2.3,97.7,3,0
Eduardo Camavinga,2122,Real Madrid,ESP-La Liga,MF,18.0,1236,Box-to-Box Engine,Defensive Anchor,32.6,27.9,4.7,95.3,3,0
Federico Valverde,2122,Real Madrid,ESP-La Liga,MF,23.0,1833,Box-to-Box Engine,Ball Progressor,32.6,24.0,8.6,91.4,3,1
Luka Modrić,2122,Real Madrid,ESP-La Liga,MF,35.0,2032,Creative Playmaker,Box-to-Box Engine,29.7,28.7,1.0,99.0,2,3
Toni Kroos,2122,Real Madrid,ESP-La Liga,MF,31.0,2103,Box-to-Box Engine,Creative Playmaker,32.9,23.7,9.2,90.8,3,2
David Silva,2122,Real Sociedad,ESP-La Liga,MF,35.0,1720,Creative Playmaker,Box-to-Box Engine,36.2,23.5,12.7,87.3,2,3
Martín Zubimendi,2122,Real Sociedad,ESP-La Liga,MF,22.0,2591,Defensive Anchor,Box-to-Box Engine,38.6,24.7,13.9,86.1,0,3
Mikel Merino,2122,Real Sociedad,ESP-La Liga,MF,25.0,2890,Box-to-Box Engine,Defensive Anchor,32.0,26.7,5.3,94.7,3,0
Rafinha,2122,Real Sociedad,ESP-La Liga,MF,28.0,1050,Box-to-Box Engine,Defensive Anchor,30.5,26.0,4.5,95.5,3,0
Fernando,2122,Sevilla,ESP-La Liga,"MF,DF",34.0,1850,Defensive Anchor,Box-to-Box Engine,39.1,24.6,14.5,85.5,0,3
Ivan Rakitić,2122,Sevilla,ESP-La Liga,MF,33.0,2182,Box-to-Box Engine,Ball Progressor,31.8,25.1,6.7,93.3,3,1
Joan Jordán,2122,Sevilla,ESP-La Liga,MF,27.0,2514,Defensive Anchor,Box-to-Box Engine,32.3,30.1,2.2,97.8,0,3
Oussama Idrissi,2122,Sevilla,ESP-La Liga,"MF,FW",25.0,902,Ball Progressor,Creative Playmaker,28.9,27.4,1.5,98.5,1,2
Thomas Delaney,2122,Sevilla,ESP-La Liga,MF,29.0,1549,Defensive Anchor,Ball Progressor,40.4,23.3,17.1,82.9,0,1
Óliver Torres,2122,Sevilla,ESP-La Liga,"MF,FW",26.0,1008,Box-to-Box Engine,Ball Progressor,29.2,26.7,2.5,97.5,3,1
Carlos Soler,2122,Valencia,ESP-La Liga,MF,24.0,2474,Ball Progressor,Creative Playmaker,31.5,26.4,5.1,94.9,1,2
Daniel Wass,2122,Valencia,ESP-La Liga,MF,32.0,1582,Defensive Anchor,Ball Progressor,35.6,25.5,10.1,89.9,0,1
Hugo Guillamón,2122,Valencia,ESP-La Liga,"MF,DF",21.0,2361,Defensive Anchor,Box-to-Box Engine,43.1,22.8,20.3,79.7,0,3
Hélder Costa,2122,Valencia,ESP-La Liga,"MF,FW",27.0,1118,Ball Progressor,Creative Playmaker,34.1,23.2,10.9,89.1,1,2
Rubén Sobrino,2122,Valencia,ESP-La Liga,MF,29.0,1861,Defensive Anchor,Ball Progressor,30.1,25.7,4.4,95.6,0,1
Uroš Račić,2122,Valencia,ESP-La Liga,MF,23.0,1206,Defensive Anchor,Box-to-Box Engine,42.7,22.4,20.3,79.7,0,3
Yunus Musah,2122,Valencia,ESP-La Liga,"MF,FW",18.0,1259,Ball Progressor,Defensive Anchor,33.2,23.8,9.4,90.6,1,0
Alberto Moreno,2122,Villarreal,ESP-La Liga,"MF,DF",29.0,1223,Ball Progressor,Creative Playmaker,30.0,26.8,3.2,96.8,1,2
Daniel Parejo,2122,Villarreal,ESP-La Liga,MF,32.0,2704,Box-to-Box Engine,Creative Playmaker,33.2,23.3,9.9,90.1,3,2
Manu Trigueros,2122,Villarreal,ESP-La Liga,"MF,FW",29.0,2178,Ball Progressor,Box-to-Box Engine,29.9,25.4,4.5,95.5,1,3
Moi Gómez,2122,Villarreal,ESP-La Liga,"MF,FW",27.0,1286,Ball Progressor,Creative Playmaker,32.3,27.4,4.9,95.1,1,2
Samuel Chukwueze,2122,Villarreal,ESP-La Liga,"MF,FW",22.0,1333,Creative Playmaker,Ball Progressor,36.4,25.8,10.6,89.4,2,1
Vicente Iborra,2122,Villarreal,ESP-La Liga,MF,33.0,1034,Defensive Anchor,Box-to-Box Engine,39.8,23.7,16.1,83.9,0,3
Yeremi Pino,2122,Villarreal,ESP-La Liga,"MF,FW",18.0,1678,Ball Progressor,Creative Playmaker,32.1,28.6,3.5,96.5,1,2
Étienne Capoue,2122,Villarreal,ESP-La Liga,MF,33.0,2290,Defensive Anchor,Box-to-Box Engine,33.4,27.9,5.5,94.5,0,3
César de la Hoz,2223,Almería,ESP-La Liga,MF,30.0,1673,Defensive Anchor,Ball Progressor,37.5,25.7,11.8,88.2,0,1
Gonzalo Melero,2223,Almería,ESP-La Liga,MF,28.0,1855,Ball Progressor,Defensive Anchor,33.9,26.4,7.5,92.5,1,0
Lucas Robertone,2223,Almería,ESP-La Liga,MF,25.0,2843,Ball Progressor,Box-to-Box Engine,29.2,27.7,1.5,98.5,1,3
Samu Costa,2223,Almería,ESP-La Liga,MF,21.0,1989,Defensive Anchor,Box-to-Box Engine,40.5,24.1,16.4,83.6,0,3
Íñigo Eguaras,2223,Almería,ESP-La Liga,MF,30.0,967,Defensive Anchor,Box-to-Box Engine,29.0,27.9,1.1,98.9,0,3
Dani García,2223,Athletic Club,ESP-La Liga,MF,32.0,1485,Defensive Anchor,Box-to-Box Engine,37.2,24.7,12.5,87.5,0,3
Iker Muniain,2223,Athletic Club,ESP-La Liga,"MF,FW",29.0,1689,Creative Playmaker,Ball Progressor,34.9,24.2,10.7,89.3,2,1
Mikel Vesga,2223,Athletic Club,ESP-La Liga,MF,29.0,2575,Defensive Anchor,Box-to-Box Engine,35.2,29.5,5.7,94.3,0,3
Oihan Sancet,2223,Athletic Club,ESP-La Liga,MF,22.0,2532,Ball Progressor,Creative Playmaker,30.3,28.5,1.8,98.2,1,2
Geoffrey Kondogbia,2223,Atlético Madrid,ESP-La Liga,MF,29.0,1006,Defensive Anchor,Box-to-Box Engine,35.7,26.3,9.4,90.6,0,3
Koke,2223,Atlético Madrid,ESP-La Liga,MF,30.0,2545,Box-to-Box Engine,Defensive Anchor,31.6,31.4,0.2,99.8,3,0
Marcos Llorente,2223,Atlético Madrid,ESP-La Liga,"MF,DF",27.0,1703,Ball Progressor,Creative Playmaker,31.8,26.5,5.3,94.7,1,2
Rodrigo De Paul,2223,Atlético Madrid,ESP-La Liga,MF,28.0,1923,Creative Playmaker,Box-to-Box Engine,29.3,29.3,0.0,100.0,2,3
Saúl Ñíguez,2223,Atlético Madrid,ESP-La Liga,"MF,DF",27.0,1100,Defensive Anchor,Ball Progressor,30.5,26.4,4.1,95.9,0,1
Thomas Lemar,2223,Atlético Madrid,ESP-La Liga,MF,26.0,1252,Ball Progressor,Creative Playmaker,27.7,27.4,0.3,99.7,1,2
Franck Kessié,2223,Barcelona,ESP-La Liga,MF,25.0,990,Ball Progressor,Defensive Anchor,33.6,29.5,4.1,95.9,1,0
Frenkie de Jong,2223,Barcelona,ESP-La Liga,MF,25.0,2534,Box-to-Box Engine,Creative Playmaker,30.9,26.4,4.5,95.5,3,2
Gavi,2223,Barcelona,ESP-La Liga,"MF,FW",17.0,2531,Ball Progressor,Box-to-Box Engine,35.6,22.5,13.1,86.9,1,3
Pedri,2223,Barcelona,ESP-La Liga,MF,19.0,1976,Creative Playmaker,Box-to-Box Engine,34.5,26.5,8.0,92.0,2,3
Sergio Busquets,2223,Barcelona,ESP-La Liga,MF,34.0,2339,Box-to-Box Engine,Defensive Anchor,39.3,24.0,15.3,84.7,3,0
Andrés Guardado,2223,Betis,ESP-La Liga,MF,35.0,1373,Defensive Anchor,Box-to-Box Engine,34.5,28.9,5.6,94.4,0,3
Guido Rodríguez,2223,Betis,ESP-La Liga,MF,28.0,2872,Defensive Anchor,Box-to-Box Engine,40.1,24.2,15.9,84.1,0,3
Nabil Fekir,2223,Betis,ESP-La Liga,MF,29.0,961,Creative Playmaker,Ball Progressor,38.5,26.0,12.5,87.5,2,1
William Carvalho,2223,Betis,ESP-La Liga,MF,30.0,2438,Box-to-Box Engine,Defensive Anchor,34.4,25.5,8.9,91.1,3,0
Carles Pérez,2223,Celta Vigo,ESP-La Liga,"MF,FW",24.0,2144,Ball Progressor,Creative Playmaker,33.6,25.7,7.9,92.1,1,2
Fran Beltrán,2223,Celta Vigo,ESP-La Liga,MF,23.0,2855,Defensive Anchor,Box-to-Box Engine,33.9,26.7,7.2,92.8,0,3
Franco Cervi,2223,Celta Vigo,ESP-La Liga,"MF,DF",28.0,1894,Ball Progressor,Defensive Anchor,28.0,26.0,2.0,98.0,1,0
Gabriel Veiga,2223,Celta Vigo,ESP-La Liga,MF,20.0,2294,Ball Progressor,Creative Playmaker,32.4,23.3,9.1,90.9,1,2
Luca de la Torre,2223,Celta Vigo,ESP-La Liga,MF,24.0,1481,Ball Progressor,Defensive Anchor,32.9,24.8,8.1,91.9,1,0
Renato Tapia,2223,Celta Vigo,ESP-La Liga,"MF,DF",27.0,1451,Defensive Anchor,Box-to-Box Engine,40.8,23.8,17.0,83.0,0,3
Óscar Rodríguez Arnaiz,2223,Celta Vigo,ESP-La Liga,MF,24.0,1775,Ball Progressor,Box-to-Box Engine,28.1,27.4,0.7,99.3,1,3
Brian Ocampo,2223,Cádiz,ESP-La Liga,"MF,FW",23.0,1119,Ball Progressor,Creative Playmaker,32.9,24.5,8.4,91.6,1,2
Fede San Emeterio,2223,Cádiz,ESP-La Liga,MF,25.0,1844,Defensive Anchor,Ball Progressor,36.5,25.9,10.6,89.4,0,1
Gonzalo Escalante,2223,Cádiz,ESP-La Liga,MF,29.0,1121,Defensive Anchor,Ball Progressor,32.0,25.6,6.4,93.6,0,1
Iván Alejo,2223,Cádiz,ESP-La Liga,"MF,FW",27.0,1311,Ball Progressor,Creative Playmaker,31.7,23.1,8.6,91.4,1,2
Rubén Alcaraz,2223,Cádiz,ESP-La Liga,MF,31.0,2043,Defensive Anchor,Box-to-Box Engine,34.5,25.4,9.1,90.9,0,3
Rubén Sobrino,2223,Cádiz,ESP-La Liga,"MF,FW",30.0,2465,Ball Progressor,Defensive Anchor,32.4,30.4,2.0,98.0,1,0
Theo Bongonda,2223,Cádiz,ESP-La Liga,"MF,FW",26.0,1938,Ball Progressor,Defensive Anchor,36.1,21.9,14.2,85.8,1,0
Álex Fernández,2223,Cádiz,ESP-La Liga,"MF,FW",29.0,1576,Ball Progressor,Defensive Anchor,32.3,27.0,5.3,94.7,1,0
Fidel,2223,Elche,ESP-La Liga,"MF,FW",32.0,1714,Ball Progressor,Creative Playmaker,29.9,26.6,3.3,96.7,1,2
Gerard Gumbau,2223,Elche,ESP-La Liga,MF,27.0,2737,Ball Progressor,Box-to-Box Engine,28.4,26.4,2.0,98.0,1,3
John Donald,2223,Elche,ESP-La Liga,"MF,DF",21.0,1092,Defensive Anchor,Ball Progressor,38.6,23.9,14.7,85.3,0,1
Omar Mascarell,2223,Elche,ESP-La Liga,"MF,DF",29.0,2447,Defensive Anchor,Box-to-Box Engine,41.6,23.9,17.7,82.3,0,3
Raúl Guti,2223,Elche,ESP-La Liga,MF,25.0,1117,Defensive Anchor,Ball Progressor,33.5,28.5,5.0,95.0,0,1
Tete Morente,2223,Elche,ESP-La Liga,"MF,DF",25.0,2068,Ball Progressor,Defensive Anchor,34.1,23.1,11.0,89.0,1,0
Aleix Vidal,2223,Espanyol,ESP-La Liga,"MF,FW",32.0,1025,Ball Progressor,Defensive Anchor,31.7,26.3,5.4,94.6,1,0
Denis Suárez,2223,Espanyol,ESP-La Liga,"MF,FW",28.0,945,Ball Progressor,Box-to-Box Engine,30.7,25.4,5.3,94.7,1,3
Edu Expósito,2223,Espanyol,ESP-La Liga,MF,25.0,1160,Ball Progressor,Box-to-Box Engine,27.7,25.9,1.8,98.2,1,3
Nico Ribaudo,2223,Espanyol,ESP-La Liga,"MF,FW",21.0,1248,Ball Progressor,Creative Playmaker,35.7,24.7,11.0,89.0,1,2
Sergi Darder,2223,Espanyol,ESP-La Liga,MF,28.0,3320,Box-to-Box Engine,Ball Progressor,29.2,26.3,2.9,97.1,3,1
Vinicius Souza,2223,Espanyol,ESP-La Liga,MF,23.0,2428,Defensive Anchor,Ball Progressor,40.2,22.6,17.6,82.4,0,1
Carles Aleñá,2223,Getafe,ESP-La Liga,"MF,FW",24.0,2119,Ball Progressor,Defensive Anchor,33.9,26.2,7.7,92.3,1,0
Luis Milla,2223,Getafe,ESP-La Liga,MF,27.0,1856,Defensive Anchor,Box-to-Box Engine,35.8,27.1,8.7,91.3,0,3
Mauro Arambarri,2223,Getafe,ESP-La Liga,MF,26.0,992,Defensive Anchor,Box-to-Box Engine,32.5,25.5,7.0,93.0,0,3
Munir El Haddadi,2223,Getafe,ESP-La Liga,"MF,FW",26.0,1150,Ball Progressor,Creative Playmaker,34.6,22.6,12.0,88.0,1,2
Nemanja Maksimović,2223,Getafe,ESP-La Liga,MF,27.0,2053,Defensive Anchor,Ball Progressor,35.6,26.5,9.1,90.9,0,1
Portu,2223,Getafe,ESP-La Liga,"MF,DF",30.0,1770,Ball Progressor,Defensive Anchor,36.6,21.6,15.0,85.0,1,0
Ángel Algobia,2223,Getafe,ESP-La Liga,MF,23.0,1138,Defensive Anchor,Ball Progressor,35.2,26.1,9.1,90.9,0,1
Aleix García,2223,Girona,ESP-La Liga,MF,25.0,2337,Box-to-Box Engine,Creative Playmaker,28.9,25.2,3.7,96.3,3,2
Iván Martín,2223,Girona,ESP-La Liga,MF,23.0,1586,Ball Progressor,Defensive Anchor,37.5,21.6,15.9,84.1,1,0
Oriol Romeu,2223,Girona,ESP-La Liga,MF,30.0,2950,Defensive Anchor,Box-to-Box Engine,42.4,23.4,19.0,81.0,0,3
Rodrigo Riquelme,2223,Girona,ESP-La Liga,"MF,FW",22.0,2179,Creative Playmaker,Ball Progressor,30.8,30.5,0.3,99.7,2,1
Valery Fernández,2223,Girona,ESP-La Liga,"MF,DF",22.0,967,Ball Progressor,Defensive Anchor,32.6,23.7,8.9,91.1,1,0
Viktor Tsyhankov,2223,Girona,ESP-La Liga,MF,24.0,1489,Creative Playmaker,Ball Progressor,34.3,29.6,4.7,95.3,2,1
Yangel Herrera,2223,Girona,ESP-La Liga,"MF,FW",24.0,963,Ball Progressor,Defensive Anchor,38.3,21.7,16.6,83.4,1,0
Amath,2223,Mallorca,ESP-La Liga,"MF,FW",26.0,1227,Ball Progressor,Defensive Anchor,35.1,25.4,9.7,90.3,1,0
Antonio Sánchez,2223,Mallorca,ESP-La Liga,"MF,DF",25.0,1076,Defensive Anchor,Ball Progressor,32.3,27.1,5.2,94.8,0,1
Dani Rodríguez,2223,Mallorca,ESP-La Liga,MF,34.0,2100,Ball Progressor,Defensive Anchor,35.3,25.1,10.2,89.8,1,0
Iddrisu Baba,2223,Mallorca,ESP-La Liga,"MF,DF",26.0,1705,Defensive Anchor,Ball Progressor,38.0,24.6,13.4,86.6,0,1
Iñigo Ruiz de Galarreta,2223,Mallorca,ESP-La Liga,MF,28.0,2449,Defensive Anchor,Box-to-Box Engine,41.2,23.3,17.9,82.1,0,3
Lee Kang-in,2223,Mallorca,ESP-La Liga,"MF,FW",21.0,2823,Ball Progressor,Creative Playmaker,33.7,27.7,6.0,94.0,1,2
Aimar Oroz,2223,Osasuna,ESP-La Liga,"MF,FW",20.0,2013,Ball Progressor,Creative Playmaker,38.3,22.8,15.5,84.5,1,2
Darko Brašanac,2223,Osasuna,ESP-La Liga,MF,30.0,1041,Defensive Anchor,Ball Progressor,33.4,29.9,3.5,96.5,0,1
Jon Moncayola,2223,Osasuna,ESP-La Liga,"MF,DF",24.0,2448,Box-to-Box Engine,Defensive Anchor,31.9,29.3,2.6,97.4,3,0
Lucas Torró,2223,Osasuna,ESP-La Liga,MF,28.0,2477,Defensive Anchor,Ball Progressor,41.5,22.2,19.3,80.7,0,1
Moi Gómez,2223,Osasuna,ESP-La Liga,"MF,FW",28.0,2453,Box-to-Box Engine,Ball Progressor,28.7,26.5,2.2,97.8,3,1
Pablo Ibáñez,2223,Osasuna,ESP-La Liga,MF,23.0,1064,Defensive Anchor,Ball Progressor,33.5,28.6,4.9,95.1,0,1
Pathé Ciss,2223,Rayo Vallecano,ESP-La Liga,"MF,DF",28.0,1282,Defensive Anchor,Box-to-Box Engine,39.5,24.5,15.0,85.0,0,3
Santi Comesaña,2223,Rayo Vallecano,ESP-La Liga,MF,25.0,2451,Box-to-Box Engine,Defensive Anchor,30.5,29.9,0.6,99.4,3,0
Unai López,2223,Rayo Vallecano,ESP-La Liga,MF,26.0,1254,Box-to-Box Engine,Ball Progressor,34.3,24.1,10.2,89.8,3,1
Óscar Trejo,2223,Rayo Vallecano,ESP-La Liga,"MF,FW",34.0,2145,Ball Progressor,Creative Playmaker,32.3,25.4,6.9,93.1,1,2
Óscar Valentín,2223,Rayo Vallecano,ESP-La Liga,MF,27.0,2555,Defensive Anchor,Box-to-Box Engine,36.1,25.1,11.0,89.0,0,3
Aurélien Tchouaméni,2223,Real Madrid,ESP-La Liga,MF,22.0,2119,Box-to-Box Engine,Defensive Anchor,33.2,27.1,6.1,93.9,3,0
Casemiro,2223,Real Madrid,ESP-La Liga,MF,30.0,2124,Defensive Anchor,Box-to-Box Engine,29.4,25.7,3.7,96.3,0,3
Dani Ceballos,2223,Real Madrid,ESP-La Liga,MF,25.0,1564,Box-to-Box Engine,Creative Playmaker,33.4,23.9,9.5,90.5,3,2
Eduardo Camavinga,2223,Real Madrid,ESP-La Liga,"MF,DF",19.0,2010,Box-to-Box Engine,Defensive Anchor,33.6,23.1,10.5,89.5,3,0
Federico Valverde,2223,Real Madrid,ESP-La Liga,"MF,FW",24.0,2502,Creative Playmaker,Box-to-Box Engine,28.2,26.2,2.0,98.0,2,3
Luka Modrić,2223,Real Madrid,ESP-La Liga,MF,36.0,1744,Creative Playmaker,Box-to-Box Engine,33.0,25.9,7.1,92.9,2,3
Toni Kroos,2223,Real Madrid,ESP-La Liga,MF,32.0,2155,Box-to-Box Engine,Creative Playmaker,32.7,23.9,8.8,91.2,3,2
Asier Illarramendi,2223,Real Sociedad,ESP-La Liga,MF,32.0,1076,Defensive Anchor,Box-to-Box Engine,33.5,26.6,6.9,93.1,0,3
Brais Méndez,2223,Real Sociedad,ESP-La Liga,MF,25.0,2407,Ball Progressor,Creative Playmaker,31.3,27.5,3.8,96.2,1,2
David Silva,2223,Real Sociedad,ESP-La Liga,MF,36.0,1937,Creative Playmaker,Box-to-Box Engine,32.0,25.4,6.6,93.4,2,3
Martín Zubimendi,2223,Real Sociedad,ESP-La Liga,MF,23.0,3101,Defensive Anchor,Box-to-Box Engine,35.2,27.1,8.1,91.9,0,3
Mikel Merino,2223,Real Sociedad,ESP-La Liga,MF,26.0,2494,Box-to-Box Engine,Ball Progressor,31.5,24.5,7.0,93.0,3,1
Fernando,2223,Sevilla,ESP-La Liga,"MF,DF",35.0,3285,Defensive Anchor,Box-to-Box Engine,45.9,21.3,24.6,75.4,0,3
Fernando,2223,Sevilla,ESP-La Liga,"MF,DF",35.0,1577,Defensive Anchor,Box-to-Box Engine,45.9,21.3,24.6,75.4,0,3
Ivan Rakitić,2223,Sevilla,ESP-La Liga,MF,34.0,1788,Box-to-Box Engine,Ball Progressor,32.0,25.8,6.2,93.8,3,1
Joan Jordán,2223,Sevilla,ESP-La Liga,MF,28.0,1592,Defensive Anchor,Box-to-Box Engine,35.8,27.1,8.7,91.3,0,3
Pape Gueye,2223,Sevilla,ESP-La Liga,MF,23.0,1171,Defensive Anchor,Box-to-Box Engine,36.5,25.4,11.1,88.9,0,3
Suso,2223,Sevilla,ESP-La Liga,"MF,FW",28.0,1065,Creative Playmaker,Ball Progressor,39.5,23.2,16.3,83.7,2,1
Óliver Torres,2223,Sevilla,ESP-La Liga,"MF,FW",27.0,2137,Ball Progressor,Creative Playmaker,34.4,24.1,10.3,89.7,1,2
Carlos Soler,2223,Valencia,ESP-La Liga,MF,25.0,1187,Ball Progressor,Creative Playmaker,29.3,24.9,4.4,95.6,1,2
Domingos André Ribeiro Almeida,2223,Valencia,ESP-La Liga,MF,22.0,2539,Box-to-Box Engine,Ball Progressor,31.9,26.0,5.9,94.1,3,1
Hugo Guillamón,2223,Valencia,ESP-La Liga,MF,22.0,1632,Defensive Anchor,Ball Progressor,27.4,27.3,0.1,99.9,0,1
Ilaix Moriba,2223,Valencia,ESP-La Liga,MF,19.0,1011,Box-to-Box Engine,Ball Progressor,29.3,26.5,2.8,97.2,3,1
Nicolás González,2223,Valencia,ESP-La Liga,MF,20.0,1405,Defensive Anchor,Box-to-Box Engine,38.0,26.9,11.1,88.9,0,3
Nicolás González,2223,Valencia,ESP-La Liga,MF,20.0,1354,Defensive Anchor,Box-to-Box Engine,38.0,26.9,11.1,88.9,0,3
Yunus Musah,2223,Valencia,ESP-La Liga,MF,19.0,2110,Ball Progressor,Defensive Anchor,33.8,25.5,8.3,91.7,1,0
Iván Sánchez,2223,Valladolid,ESP-La Liga,"MF,FW",29.0,1154,Ball Progressor,Creative Playmaker,29.4,26.2,3.2,96.8,1,2
Kike Pérez,2223,Valladolid,ESP-La Liga,MF,25.0,2307,Box-to-Box Engine,Defensive Anchor,30.9,26.5,4.4,95.6,3,0
Monchu,2223,Valladolid,ESP-La Liga,MF,22.0,2031,Defensive Anchor,Ball Progressor,32.1,27.4,4.7,95.3,0,1
Roque Mesa,2223,Valladolid,ESP-La Liga,MF,33.0,1617,Box-to-Box Engine,Defensive Anchor,31.4,26.7,4.7,95.3,3,0
Álvaro Aguado,2223,Valladolid,ESP-La Liga,MF,26.0,1888,Box-to-Box Engine,Ball Progressor,30.7,26.4,4.3,95.7,3,1
Alex Baena,2223,Villarreal,ESP-La Liga,"MF,FW",21.0,1947,Creative Playmaker,Ball Progressor,32.3,29.0,3.3,96.7,2,1
Daniel Parejo,2223,Villarreal,ESP-La Liga,MF,33.0,3285,Box-to-Box Engine,Defensive Anchor,38.8,23.9,14.9,85.1,3,0
Giovani Lo Celso,2223,Villarreal,ESP-La Liga,"MF,FW",26.0,1126,Creative Playmaker,Box-to-Box Engine,35.4,24.0,11.4,88.6,2,3
Étienne Capoue,2223,Villarreal,ESP-La Liga,MF,34.0,1955,Ball Progressor,Defensive Anchor,30.3,28.1,2.2,97.8,1,0
Ander Guevara,2324,Alavés,ESP-La Liga,MF,26.0,2932,Defensive Anchor,Box-to-Box Engine,34.7,26.5,8.2,91.8,0,3
Antonio Blanco,2324,Alavés,ESP-La Liga,MF,23.0,2426,Defensive Anchor,Box-to-Box Engine,44.1,21.8,22.3,77.7,0,3
Carlos Benavídez,2324,Alavés,ESP-La Liga,MF,25.0,1136,Defensive Anchor,Box-to-Box Engine,35.8,24.5,11.3,88.7,0,3
Jon Guridi,2324,Alavés,ESP-La Liga,MF,28.0,2678,Ball Progressor,Defensive Anchor,35.2,26.2,9.0,91.0,1,0
Dion Lopy,2324,Almería,ESP-La Liga,MF,21.0,1916,Defensive Anchor,Box-to-Box Engine,38.2,25.1,13.1,86.9,0,3
Gonzalo Melero,2324,Almería,ESP-La Liga,"MF,FW",29.0,1103,Ball Progressor,Defensive Anchor,35.5,24.4,11.1,88.9,1,0
Iddrisu Baba,2324,Almería,ESP-La Liga,MF,27.0,1430,Defensive Anchor,Box-to-Box Engine,39.7,23.9,15.8,84.2,0,3
Jonathan Viera,2324,Almería,ESP-La Liga,MF,33.0,912,Creative Playmaker,Ball Progressor,29.9,25.9,4.0,96.0,2,1
Lucas Robertone,2324,Almería,ESP-La Liga,MF,26.0,2381,Defensive Anchor,Box-to-Box Engine,33.2,28.3,4.9,95.1,0,3
Sergio Arribas,2324,Almería,ESP-La Liga,"MF,FW",21.0,2047,Ball Progressor,Creative Playmaker,30.5,29.5,1.0,99.0,1,2
Ander Herrera,2324,Athletic Club,ESP-La Liga,MF,33.0,1030,Box-to-Box Engine,Defensive Anchor,33.6,26.1,7.5,92.5,3,0
Beñat Prados,2324,Athletic Club,ESP-La Liga,"MF,DF",22.0,1449,Defensive Anchor,Box-to-Box Engine,38.7,25.8,12.9,87.1,0,3
Iñigo Ruiz de Galarreta,2324,Athletic Club,ESP-La Liga,MF,29.0,2091,Box-to-Box Engine,Defensive Anchor,31.7,27.8,3.9,96.1,3,0
Mikel Vesga,2324,Athletic Club,ESP-La Liga,MF,30.0,1534,Defensive Anchor,Ball Progressor,32.5,25.3,7.2,92.8,0,1
Oihan Sancet,2324,Athletic Club,ESP-La Liga,MF,23.0,1975,Creative Playmaker,Ball Progressor,34.5,27.5,7.0,93.0,2,1
Koke,2324,Atlético Madrid,ESP-La Liga,MF,31.0,2493,Box-to-Box Engine,Defensive Anchor,36.0,25.4,10.6,89.4,3,0
Marcos Llorente,2324,Atlético Madrid,ESP-La Liga,"MF,DF",28.0,2565,Ball Progressor,Creative Playmaker,38.7,22.4,16.3,83.7,1,2
Pablo Barrios,2324,Atlético Madrid,ESP-La Liga,MF,20.0,1555,Defensive Anchor,Box-to-Box Engine,30.7,30.1,0.6,99.4,0,3
Rodrigo De Paul,2324,Atlético Madrid,ESP-La Liga,MF,29.0,2075,Box-to-Box Engine,Creative Playmaker,29.0,28.7,0.3,99.7,3,2
Saúl Ñíguez,2324,Atlético Madrid,ESP-La Liga,MF,28.0,1374,Defensive Anchor,Ball Progressor,30.1,26.4,3.7,96.3,0,1
Fermin López,2324,Barcelona,ESP-La Liga,"MF,FW",20.0,1446,Ball Progressor,Creative Playmaker,29.3,26.5,2.8,97.2,1,2
Frenkie de Jong,2324,Barcelona,ESP-La Liga,MF,26.0,1634,Box-to-Box Engine,Creative Playmaker,31.6,25.5,6.1,93.9,3,2
Gavi,2324,Barcelona,ESP-La Liga,"MF,FW",18.0,944,Ball Progressor,Box-to-Box Engine,28.1,26.6,1.5,98.5,1,3
Oriol Romeu,2324,Barcelona,ESP-La Liga,MF,31.0,936,Box-to-Box Engine,Defensive Anchor,33.7,29.0,4.7,95.3,3,0
Pedri,2324,Barcelona,ESP-La Liga,"MF,FW",20.0,1476,Creative Playmaker,Box-to-Box Engine,33.0,26.2,6.8,93.2,2,3
İlkay Gündoğan,2324,Barcelona,ESP-La Liga,MF,32.0,2994,Creative Playmaker,Box-to-Box Engine,33.9,25.2,8.7,91.3,2,3
Guido Rodríguez,2324,Betis,ESP-La Liga,MF,29.0,1846,Defensive Anchor,Box-to-Box Engine,41.5,23.6,17.9,82.1,0,3
Isco,2324,Betis,ESP-La Liga,MF,31.0,2326,Creative Playmaker,Box-to-Box Engine,40.8,21.6,19.2,80.8,2,3
Johnny Cardoso,2324,Betis,ESP-La Liga,MF,21.0,1328,Defensive Anchor,Box-to-Box Engine,38.9,24.3,14.6,85.4,0,3
Marc Roca,2324,Betis,ESP-La Liga,MF,26.0,1980,Defensive Anchor,Box-to-Box Engine,30.8,30.4,0.4,99.6,0,3
Nabil Fekir,2324,Betis,ESP-La Liga,"MF,FW",30.0,1049,Creative Playmaker,Ball Progressor,36.7,24.9,11.8,88.2,2,1
Fran Beltrán,2324,Celta Vigo,ESP-La Liga,MF,24.0,2428,Defensive Anchor,Ball Progressor,35.1,25.1,10.0,90.0,0,1
Jonathan Bamba,2324,Celta Vigo,ESP-La Liga,"MF,FW",27.0,1981,Creative Playmaker,Ball Progressor,32.2,29.2,3.0,97.0,2,1
Luca de la Torre,2324,Celta Vigo,ESP-La Liga,MF,25.0,1956,Ball Progressor,Defensive Anchor,35.8,24.6,11.2,88.8,1,0
Renato Tapia,2324,Celta Vigo,ESP-La Liga,"MF,DF",28.0,1337,Defensive Anchor,Box-to-Box Engine,38.3,25.9,12.4,87.6,0,3
Gonzalo Escalante,2324,Cádiz,ESP-La Liga,MF,30.0,1697,Defensive Anchor,Ball Progressor,40.5,24.2,16.3,83.7,0,1
Iván Alejo,2324,Cádiz,ESP-La Liga,MF,28.0,1692,Ball Progressor,Defensive Anchor,34.9,23.7,11.2,88.8,1,0
Roberto Navarro,2324,Cádiz,ESP-La Liga,"MF,FW",21.0,1888,Ball Progressor,Creative Playmaker,30.3,24.7,5.6,94.4,1,2
Rubén Alcaraz,2324,Cádiz,ESP-La Liga,MF,32.0,3134,Defensive Anchor,Box-to-Box Engine,39.5,23.7,15.8,84.2,0,3
Rubén Sobrino,2324,Cádiz,ESP-La Liga,"MF,FW",31.0,1646,Defensive Anchor,Ball Progressor,31.2,30.1,1.1,98.9,0,1
Álex Fernández,2324,Cádiz,ESP-La Liga,MF,30.0,1285,Defensive Anchor,Ball Progressor,38.1,25.2,12.9,87.1,0,1
Carles Aleñá,2324,Getafe,ESP-La Liga,MF,25.0,1020,Ball Progressor,Defensive Anchor,34.0,25.5,8.5,91.5,1,0
Luis Milla,2324,Getafe,ESP-La Liga,MF,28.0,2115,Defensive Anchor,Box-to-Box Engine,31.4,29.0,2.4,97.6,0,3
Mason Greenwood,2324,Getafe,ESP-La Liga,"MF,FW",21.0,2662,Creative Playmaker,Ball Progressor,33.6,28.3,5.3,94.7,2,1
Nemanja Maksimović,2324,Getafe,ESP-La Liga,MF,28.0,3265,Defensive Anchor,Ball Progressor,35.2,27.5,7.7,92.3,0,1
Óscar Rodríguez Arnaiz,2324,Getafe,ESP-La Liga,"MF,FW",25.0,967,Ball Progressor,Creative Playmaker,32.9,25.0,7.9,92.1,1,2
Aleix García,2324,Girona,ESP-La Liga,MF,26.0,3199,Box-to-Box Engine,Ball Progressor,36.4,21.5,14.9,85.1,3,1
Iván Martín,2324,Girona,ESP-La Liga,MF,24.0,2729,Ball Progressor,Box-to-Box Engine,30.8,26.0,4.8,95.2,1,3
Portu,2324,Girona,ESP-La Liga,"MF,FW",31.0,1188,Ball Progressor,Creative Playmaker,30.5,28.3,2.2,97.8,1,2
Viktor Tsyhankov,2324,Girona,ESP-La Liga,"MF,FW",25.0,2052,Creative Playmaker,Ball Progressor,37.1,26.1,11.0,89.0,2,1
Yangel Herrera,2324,Girona,ESP-La Liga,MF,25.0,2107,Defensive Anchor,Ball Progressor,31.0,27.1,3.9,96.1,0,1
Bryan Zaragoza,2324,Granada,ESP-La Liga,"MF,FW",21.0,1638,Creative Playmaker,Ball Progressor,32.7,28.5,4.2,95.8,2,1
Facundo Pellistri,2324,Granada,ESP-La Liga,"MF,FW",21.0,1232,Ball Progressor,Creative Playmaker,37.2,23.6,13.6,86.4,1,2
Gerard Gumbau,2324,Granada,ESP-La Liga,MF,28.0,2674,Defensive Anchor,Ball Progressor,29.3,27.2,2.1,97.9,0,1
Gonzalo Villar,2324,Granada,ESP-La Liga,MF,25.0,1803,Defensive Anchor,Box-to-Box Engine,30.0,27.9,2.1,97.9,0,3
Martin Hongla,2324,Granada,ESP-La Liga,"MF,DF",25.0,1084,Defensive Anchor,Ball Progressor,31.0,27.2,3.8,96.2,0,1
Sergio Ruiz,2324,Granada,ESP-La Liga,MF,28.0,2494,Defensive Anchor,Box-to-Box Engine,36.1,26.0,10.1,89.9,0,3
Óscar Melendo,2324,Granada,ESP-La Liga,"MF,FW",25.0,1122,Ball Progressor,Defensive Anchor,32.7,28.3,4.4,95.6,1,0
Enzo Loiodice,2324,Las Palmas,ESP-La Liga,MF,22.0,1790,Defensive Anchor,Box-to-Box Engine,32.2,27.2,5.0,95.0,0,3
Javier Muñoz,2324,Las Palmas,ESP-La Liga,MF,28.0,2640,Ball Progressor,Defensive Anchor,35.7,25.3,10.4,89.6,1,0
Jonathan Viera,2324,Las Palmas,ESP-La Liga,"MF,FW",33.0,912,Creative Playmaker,Ball Progressor,34.1,24.1,10.0,90.0,2,1
Kirian Rodríguez,2324,Las Palmas,ESP-La Liga,MF,27.0,3211,Box-to-Box Engine,Defensive Anchor,36.1,22.8,13.3,86.7,3,0
Máximo Perrone,2324,Las Palmas,ESP-La Liga,MF,20.0,1623,Defensive Anchor,Box-to-Box Engine,33.6,26.7,6.9,93.1,0,3
Antonio Sánchez,2324,Mallorca,ESP-La Liga,MF,26.0,1452,Ball Progressor,Defensive Anchor,33.9,25.8,8.1,91.9,1,0
Dani Rodríguez,2324,Mallorca,ESP-La Liga,MF,35.0,2615,Ball Progressor,Box-to-Box Engine,36.4,22.0,14.4,85.6,1,3
Manu Morlanes,2324,Mallorca,ESP-La Liga,MF,24.0,1615,Defensive Anchor,Box-to-Box Engine,31.8,30.5,1.3,98.7,0,3
Omar Mascarell,2324,Mallorca,ESP-La Liga,MF,30.0,1571,Defensive Anchor,Box-to-Box Engine,42.9,22.4,20.5,79.5,0,3
Samu Costa,2324,Mallorca,ESP-La Liga,MF,22.0,2303,Defensive Anchor,Box-to-Box Engine,40.5,23.4,17.1,82.9,0,3
Sergi Darder,2324,Mallorca,ESP-La Liga,MF,29.0,2157,Ball Progressor,Box-to-Box Engine,29.4,25.8,3.6,96.4,1,3
Aimar Oroz,2324,Osasuna,ESP-La Liga,MF,21.0,2339,Ball Progressor,Defensive Anchor,41.8,21.8,20.0,80.0,1,0
Iker Muñoz,2324,Osasuna,ESP-La Liga,MF,20.0,1854,Defensive Anchor,Ball Progressor,33.0,26.8,6.2,93.8,0,1
Jon Moncayola,2324,Osasuna,ESP-La Liga,MF,25.0,1800,Defensive Anchor,Ball Progressor,28.7,28.1,0.6,99.4,0,1
Lucas Torró,2324,Osasuna,ESP-La Liga,MF,29.0,1788,Defensive Anchor,Ball Progressor,37.2,23.9,13.3,86.7,0,1
Moi Gómez,2324,Osasuna,ESP-La Liga,"MF,FW",29.0,2006,Ball Progressor,Defensive Anchor,30.7,26.1,4.6,95.4,1,0
Pablo Ibáñez,2324,Osasuna,ESP-La Liga,MF,24.0,1152,Ball Progressor,Defensive Anchor,32.0,25.1,6.9,93.1,1,0
Isaac Palazón Camacho,2324,Rayo Vallecano,ESP-La Liga,"MF,FW",28.0,2791,Ball Progressor,Defensive Anchor,39.2,21.8,17.4,82.6,1,0
Pathé Ciss,2324,Rayo Vallecano,ESP-La Liga,MF,29.0,1664,Defensive Anchor,Box-to-Box Engine,43.8,23.7,20.1,79.9,0,3
Unai López,2324,Rayo Vallecano,ESP-La Liga,MF,27.0,2108,Box-to-Box Engine,Defensive Anchor,33.0,26.9,6.1,93.9,3,0
Óscar Valentín,2324,Rayo Vallecano,ESP-La Liga,MF,28.0,2692,Defensive Anchor,Box-to-Box Engine,37.6,24.0,13.6,86.4,0,3
Aurélien Tchouaméni,2324,Real Madrid,ESP-La Liga,"MF,DF",23.0,1987,Box-to-Box Engine,Defensive Anchor,29.8,27.8,2.0,98.0,3,0
Eduardo Camavinga,2324,Real Madrid,ESP-La Liga,"MF,DF",20.0,1817,Box-to-Box Engine,Defensive Anchor,33.4,27.0,6.4,93.6,3,0
Federico Valverde,2324,Real Madrid,ESP-La Liga,MF,25.0,2904,Box-to-Box Engine,Ball Progressor,32.6,23.5,9.1,90.9,3,1
Jude Bellingham,2324,Real Madrid,ESP-La Liga,MF,20.0,2315,Creative Playmaker,Ball Progressor,31.5,24.9,6.6,93.4,2,1
Luka Modrić,2324,Real Madrid,ESP-La Liga,MF,37.0,1688,Creative Playmaker,Box-to-Box Engine,31.8,27.0,4.8,95.2,2,3
Toni Kroos,2324,Real Madrid,ESP-La Liga,MF,33.0,2124,Box-to-Box Engine,Creative Playmaker,32.8,24.0,8.8,91.2,3,2
Arsen Zakharyan,2324,Real Sociedad,ESP-La Liga,"MF,FW",20.0,1228,Ball Progressor,Creative Playmaker,35.0,26.7,8.3,91.7,1,2
Beñat Turrientes,2324,Real Sociedad,ESP-La Liga,MF,21.0,1687,Defensive Anchor,Ball Progressor,32.6,29.3,3.3,96.7,0,1
Brais Méndez,2324,Real Sociedad,ESP-La Liga,"MF,FW",26.0,2413,Ball Progressor,Creative Playmaker,32.6,26.9,5.7,94.3,1,2
Martín Zubimendi,2324,Real Sociedad,ESP-La Liga,MF,24.0,2654,Defensive Anchor,Box-to-Box Engine,38.4,26.1,12.3,87.7,0,3
Mikel Merino,2324,Real Sociedad,ESP-La Liga,MF,27.0,2482,Box-to-Box Engine,Defensive Anchor,29.6,28.2,1.4,98.6,3,0
Boubakary Soumaré,2324,Sevilla,ESP-La Liga,MF,24.0,2286,Defensive Anchor,Box-to-Box Engine,40.8,23.2,17.6,82.4,0,3
Djibril Sow,2324,Sevilla,ESP-La Liga,MF,26.0,1460,Defensive Anchor,Ball Progressor,32.6,29.7,2.9,97.1,0,1
Ivan Rakitić,2324,Sevilla,ESP-La Liga,MF,35.0,1425,Box-to-Box Engine,Creative Playmaker,29.7,26.2,3.5,96.5,3,2
Suso,2324,Sevilla,ESP-La Liga,"MF,FW",29.0,1517,Creative Playmaker,Ball Progressor,36.2,23.5,12.7,87.3,2,1
Óliver Torres,2324,Sevilla,ESP-La Liga,MF,28.0,1616,Ball Progressor,Box-to-Box Engine,29.2,25.7,3.5,96.5,1,3
Diego López,2324,Valencia,ESP-La Liga,"MF,FW",21.0,2656,Ball Progressor,Creative Playmaker,39.7,20.9,18.8,81.2,1,2
Francisco Perez,2324,Valencia,ESP-La Liga,"MF,FW",20.0,2049,Ball Progressor,Defensive Anchor,36.7,22.8,13.9,86.1,1,0
Hugo Guillamón,2324,Valencia,ESP-La Liga,MF,23.0,1315,Defensive Anchor,Box-to-Box Engine,34.2,24.9,9.3,90.7,0,3
Javier Guerra,2324,Valencia,ESP-La Liga,MF,20.0,2498,Defensive Anchor,Ball Progressor,33.7,29.2,4.5,95.5,0,1
José Luis García Vayá,2324,Valencia,ESP-La Liga,MF,24.0,3302,Box-to-Box Engine,Defensive Anchor,32.7,25.7,7.0,93.0,3,0
Sergi Canós,2324,Valencia,ESP-La Liga,"MF,FW",26.0,1229,Ball Progressor,Defensive Anchor,37.3,21.5,15.8,84.2,1,0
Alex Baena,2324,Villarreal,ESP-La Liga,"MF,FW",22.0,2579,Creative Playmaker,Ball Progressor,39.1,23.5,15.6,84.4,2,1
Daniel Parejo,2324,Villarreal,ESP-La Liga,MF,34.0,2580,Box-to-Box Engine,Defensive Anchor,32.4,26.7,5.7,94.3,3,0
Francis Coquelin,2324,Villarreal,ESP-La Liga,MF,32.0,910,Defensive Anchor,Ball Progressor,40.5,22.8,17.7,82.3,0,1
Ilias Akhomach,2324,Villarreal,ESP-La Liga,"MF,FW",19.0,1511,Ball Progressor,Creative Playmaker,30.9,29.7,1.2,98.8,1,2
Santi Comesaña,2324,Villarreal,ESP-La Liga,MF,26.0,1653,Defensive Anchor,Box-to-Box Engine,36.4,24.7,11.7,88.3,0,3
Étienne Capoue,2324,Villarreal,ESP-La Liga,MF,35.0,1455,Defensive Anchor,Box-to-Box Engine,38.7,25.4,13.3,86.7,0,3
Ander Guevara,2425,Alavés,ESP-La Liga,MF,27.0,1947,Defensive Anchor,Box-to-Box Engine,39.3,23.6,15.7,84.3,0,3
Antonio Blanco,2425,Alavés,ESP-La Liga,MF,24.0,2727,Defensive Anchor,Box-to-Box Engine,43.5,22.1,21.4,78.6,0,3
Carles Aleñá,2425,Alavés,ESP-La Liga,"MF,FW",26.0,1090,Ball Progressor,Box-to-Box Engine,31.8,23.9,7.9,92.1,1,3
Joan Jordán,2425,Alavés,ESP-La Liga,MF,30.0,1414,Box-to-Box Engine,Ball Progressor,26.5,26.5,0.0,100.0,3,1
Jon Guridi,2425,Alavés,ESP-La Liga,"MF,FW",29.0,2080,Ball Progressor,Defensive Anchor,35.7,25.5,10.2,89.8,1,0
Beñat Prados,2425,Athletic Club,ESP-La Liga,MF,23.0,1715,Defensive Anchor,Ball Progressor,42.5,22.5,20.0,80.0,0,1
Iñigo Ruiz de Galarreta,2425,Athletic Club,ESP-La Liga,MF,30.0,1477,Box-to-Box Engine,Ball Progressor,34.3,23.0,11.3,88.7,3,1
Mikel Jauregizar,2425,Athletic Club,ESP-La Liga,MF,20.0,2244,Defensive Anchor,Box-to-Box Engine,35.0,25.8,9.2,90.8,0,3
Mikel Vesga,2425,Athletic Club,ESP-La Liga,MF,31.0,988,Defensive Anchor,Box-to-Box Engine,38.8,25.1,13.7,86.3,0,3
Oihan Sancet,2425,Athletic Club,ESP-La Liga,MF,24.0,1620,Creative Playmaker,Ball Progressor,29.0,27.7,1.3,98.7,2,1
Unai Gómez,2425,Athletic Club,ESP-La Liga,"MF,FW",21.0,1284,Ball Progressor,Defensive Anchor,32.8,27.2,5.6,94.4,1,0
Conor Gallagher,2425,Atlético Madrid,ESP-La Liga,MF,24.0,1633,Ball Progressor,Defensive Anchor,31.4,28.0,3.4,96.6,1,0
Giuliano Simeone,2425,Atlético Madrid,ESP-La Liga,MF,21.0,1926,Ball Progressor,Creative Playmaker,32.8,27.9,4.9,95.1,1,2
Koke,2425,Atlético Madrid,ESP-La Liga,MF,32.0,1926,Box-to-Box Engine,Defensive Anchor,34.3,27.4,6.9,93.1,3,0
Pablo Barrios,2425,Atlético Madrid,ESP-La Liga,MF,21.0,2330,Box-to-Box Engine,Defensive Anchor,30.8,27.9,2.9,97.1,3,0
Rodrigo De Paul,2425,Atlético Madrid,ESP-La Liga,MF,30.0,2106,Creative Playmaker,Box-to-Box Engine,30.1,27.8,2.3,97.7,2,3
Samuel Lino,2425,Atlético Madrid,ESP-La Liga,"MF,DF",24.0,1552,Creative Playmaker,Ball Progressor,31.9,27.9,4.0,96.0,2,1
Dani Olmo,2425,Barcelona,ESP-La Liga,"MF,FW",26.0,1212,Creative Playmaker,Ball Progressor,34.2,24.8,9.4,90.6,2,1
Fermin López,2425,Barcelona,ESP-La Liga,"MF,FW",21.0,1252,Creative Playmaker,Ball Progressor,38.6,24.6,14.0,86.0,2,1
Frenkie de Jong,2425,Barcelona,ESP-La Liga,MF,27.0,1143,Box-to-Box Engine,Creative Playmaker,30.4,25.7,4.7,95.3,3,2
Gavi,2425,Barcelona,ESP-La Liga,"MF,FW",19.0,1085,Box-to-Box Engine,Ball Progressor,34.4,24.8,9.6,90.4,3,1
Marc Casado,2425,Barcelona,ESP-La Liga,MF,20.0,1611,Box-to-Box Engine,Defensive Anchor,30.0,29.1,0.9,99.1,3,0
Pedri,2425,Barcelona,ESP-La Liga,MF,21.0,2879,Box-to-Box Engine,Creative Playmaker,29.8,28.9,0.9,99.1,3,2
Giovani Lo Celso,2425,Betis,ESP-La Liga,"MF,FW",28.0,1457,Creative Playmaker,Ball Progressor,34.8,23.6,11.2,88.8,2,1
Isco,2425,Betis,ESP-La Liga,MF,32.0,1547,Creative Playmaker,Ball Progressor,35.6,23.4,12.2,87.8,2,1
Johnny Cardoso,2425,Betis,ESP-La Liga,MF,22.0,2144,Defensive Anchor,Box-to-Box Engine,42.3,22.4,19.9,80.1,0,3
Marc Roca,2425,Betis,ESP-La Liga,MF,27.0,906,Defensive Anchor,Box-to-Box Engine,30.0,28.6,1.4,98.6,0,3
Pablo Fornals,2425,Betis,ESP-La Liga,"MF,FW",28.0,1827,Ball Progressor,Box-to-Box Engine,27.4,27.0,0.4,99.6,1,3
Sergi Altimira,2425,Betis,ESP-La Liga,MF,22.0,1972,Defensive Anchor,Box-to-Box Engine,35.9,26.7,9.2,90.8,0,3
Damián Rodríguez,2425,Celta Vigo,ESP-La Liga,MF,21.0,927,Box-to-Box Engine,Ball Progressor,27.1,26.2,0.9,99.1,3,1
Fran Beltrán,2425,Celta Vigo,ESP-La Liga,MF,25.0,2421,Defensive Anchor,Box-to-Box Engine,35.7,25.3,10.4,89.6,0,3
Hugo Sotelo,2425,Celta Vigo,ESP-La Liga,MF,20.0,1254,Box-to-Box Engine,Ball Progressor,28.1,27.1,1.0,99.0,3,1
Hugo Álvarez,2425,Celta Vigo,ESP-La Liga,"MF,DF",21.0,1572,Creative Playmaker,Ball Progressor,30.4,29.4,1.0,99.0,2,1
Ilaix Moriba,2425,Celta Vigo,ESP-La Liga,MF,21.0,2132,Defensive Anchor,Ball Progressor,29.4,29.3,0.1,99.9,0,1
Sergio Carreira,2425,Celta Vigo,ESP-La Liga,"MF,DF",23.0,1656,Ball Progressor,Creative Playmaker,33.7,22.3,11.4,88.6,1,2
Óscar Mingueza,2425,Celta Vigo,ESP-La Liga,"MF,DF",25.0,2729,Creative Playmaker,Box-to-Box Engine,29.6,26.0,3.6,96.4,2,3
Alex Král,2425,Espanyol,ESP-La Liga,MF,26.0,2714,Defensive Anchor,Ball Progressor,35.7,27.8,7.9,92.1,0,1
Edu Expósito,2425,Espanyol,ESP-La Liga,MF,27.0,1045,Box-to-Box Engine,Ball Progressor,27.2,27.1,0.1,99.9,3,1
Jofre,2425,Espanyol,ESP-La Liga,"MF,FW",23.0,2165,Ball Progressor,Creative Playmaker,36.4,22.1,14.3,85.7,1,2
Pol Lozano,2425,Espanyol,ESP-La Liga,MF,24.0,1943,Defensive Anchor,Ball Progressor,34.3,26.0,8.3,91.7,0,1
Urko González,2425,Espanyol,ESP-La Liga,MF,23.0,1374,Defensive Anchor,Ball Progressor,33.8,26.0,7.8,92.2,0,1
Álvaro Tejero,2425,Espanyol,ESP-La Liga,"MF,DF",28.0,1238,Creative Playmaker,Ball Progressor,29.1,28.3,0.8,99.2,2,1
Alex Sola,2425,Getafe,ESP-La Liga,"MF,FW",25.0,1029,Ball Progressor,Defensive Anchor,35.0,26.0,9.0,91.0,1,0
Carles Aleñá,2425,Getafe,ESP-La Liga,"MF,FW",26.0,1090,Defensive Anchor,Ball Progressor,29.8,28.9,0.9,99.1,0,1
Carles Pérez,2425,Getafe,ESP-La Liga,"MF,FW",26.0,1431,Ball Progressor,Defensive Anchor,37.1,23.5,13.6,86.4,1,0
Coba da Costa,2425,Getafe,ESP-La Liga,"MF,FW",22.0,1006,Ball Progressor,Creative Playmaker,31.2,24.0,7.2,92.8,1,2
Luis Milla,2425,Getafe,ESP-La Liga,MF,29.0,2875,Box-to-Box Engine,Ball Progressor,28.0,27.1,0.9,99.1,3,1
Mauro Arambarri,2425,Getafe,ESP-La Liga,MF,28.0,2661,Ball Progressor,Defensive Anchor,30.0,29.6,0.4,99.6,1,0
Ramón Terrats,2425,Getafe,ESP-La Liga,"MF,FW",23.0,1219,Ball Progressor,Defensive Anchor,33.0,26.6,6.4,93.6,1,0
Arthur Melo,2425,Girona,ESP-La Liga,MF,27.0,941,Box-to-Box Engine,Defensive Anchor,28.5,26.7,1.8,98.2,3,0
Donny van de Beek,2425,Girona,ESP-La Liga,MF,27.0,1421,Ball Progressor,Defensive Anchor,33.8,24.8,9.0,91.0,1,0
Iván Martín,2425,Girona,ESP-La Liga,MF,25.0,2039,Ball Progressor,Box-to-Box Engine,29.1,27.5,1.6,98.4,1,3
Oriol Romeu,2425,Girona,ESP-La Liga,MF,32.0,1356,Defensive Anchor,Box-to-Box Engine,35.8,26.0,9.8,90.2,0,3
Yangel Herrera,2425,Girona,ESP-La Liga,MF,26.0,2257,Ball Progressor,Defensive Anchor,30.4,30.2,0.2,99.8,1,0
Dario Essugo,2425,Las Palmas,ESP-La Liga,MF,19.0,1938,Defensive Anchor,Box-to-Box Engine,44.8,22.1,22.7,77.3,0,3
Javier Muñoz,2425,Las Palmas,ESP-La Liga,"MF,DF",29.0,2588,Ball Progressor,Defensive Anchor,32.4,28.5,3.9,96.1,1,0
José Campaña,2425,Las Palmas,ESP-La Liga,MF,31.0,1189,Box-to-Box Engine,Defensive Anchor,30.8,29.5,1.3,98.7,3,0
Kirian Rodríguez,2425,Las Palmas,ESP-La Liga,MF,28.0,1758,Box-to-Box Engine,Defensive Anchor,32.3,26.7,5.6,94.4,3,0
Stefan Bajcetic,2425,Las Palmas,ESP-La Liga,"MF,DF",19.0,969,Defensive Anchor,Box-to-Box Engine,38.3,23.4,14.9,85.1,0,3
Darko Brašanac,2425,Leganés,ESP-La Liga,MF,32.0,1617,Defensive Anchor,Ball Progressor,30.8,30.6,0.2,99.8,0,1
Renato Tapia,2425,Leganés,ESP-La Liga,"MF,DF",29.0,2424,Defensive Anchor,Ball Progressor,39.2,23.3,15.9,84.1,0,1
Seydouba Cissé,2425,Leganés,ESP-La Liga,MF,23.0,2435,Defensive Anchor,Ball Progressor,35.2,26.8,8.4,91.6,0,1
Yvan Neyou,2425,Leganés,ESP-La Liga,MF,27.0,2312,Defensive Anchor,Ball Progressor,42.2,23.3,18.9,81.1,0,1
Óscar Rodríguez Arnaiz,2425,Leganés,ESP-La Liga,"MF,FW",26.0,1330,Ball Progressor,Creative Playmaker,32.4,23.2,9.2,90.8,1,2
Antonio Sánchez,2425,Mallorca,ESP-La Liga,"MF,DF",27.0,1395,Defensive Anchor,Ball Progressor,34.3,28.8,5.5,94.5,0,1
Dani Rodríguez,2425,Mallorca,ESP-La Liga,"MF,FW",36.0,2162,Ball Progressor,Defensive Anchor,36.6,22.0,14.6,85.4,1,0
Manu Morlanes,2425,Mallorca,ESP-La Liga,MF,25.0,1338,Defensive Anchor,Box-to-Box Engine,35.1,25.4,9.7,90.3,0,3
Omar Mascarell,2425,Mallorca,ESP-La Liga,MF,31.0,1992,Defensive Anchor,Ball Progressor,37.7,23.4,14.3,85.7,0,1
Roberto Navarro,2425,Mallorca,ESP-La Liga,"MF,FW",22.0,1278,Ball Progressor,Box-to-Box Engine,33.8,23.4,10.4,89.6,1,3
Samu Costa,2425,Mallorca,ESP-La Liga,MF,23.0,2649,Defensive Anchor,Ball Progressor,36.1,24.6,11.5,88.5,0,1
Sergi Darder,2425,Mallorca,ESP-La Liga,"MF,FW",30.0,2744,Ball Progressor,Box-to-Box Engine,31.3,24.4,6.9,93.1,1,3
Aimar Oroz,2425,Osasuna,ESP-La Liga,MF,22.0,2966,Ball Progressor,Box-to-Box Engine,40.8,20.3,20.5,79.5,1,3
Jon Moncayola,2425,Osasuna,ESP-La Liga,MF,26.0,2099,Ball Progressor,Defensive Anchor,29.0,26.9,2.1,97.9,1,0
Lucas Torró,2425,Osasuna,ESP-La Liga,MF,30.0,2957,Defensive Anchor,Ball Progressor,41.4,22.4,19.0,81.0,0,1
Pablo Ibáñez,2425,Osasuna,ESP-La Liga,MF,25.0,1294,Defensive Anchor,Ball Progressor,34.2,28.8,5.4,94.6,0,1
Isaac Palazón Camacho,2425,Rayo Vallecano,ESP-La Liga,"MF,FW",29.0,2162,Ball Progressor,Creative Playmaker,32.6,27.0,5.6,94.4,1,2
Pathé Ciss,2425,Rayo Vallecano,ESP-La Liga,"MF,DF",30.0,2140,Defensive Anchor,Box-to-Box Engine,42.0,24.4,17.6,82.4,0,3
Pedro Díaz,2425,Rayo Vallecano,ESP-La Liga,MF,26.0,1211,Ball Progressor,Creative Playmaker,32.4,25.3,7.1,92.9,1,2
Unai López,2425,Rayo Vallecano,ESP-La Liga,MF,28.0,1707,Box-to-Box Engine,Defensive Anchor,31.0,29.1,1.9,98.1,3,0
Óscar Valentín,2425,Rayo Vallecano,ESP-La Liga,MF,29.0,1835,Defensive Anchor,Box-to-Box Engine,40.3,22.9,17.4,82.6,0,3
Arda Güler,2425,Real Madrid,ESP-La Liga,"MF,FW",19.0,1250,Creative Playmaker,Ball Progressor,38.2,22.6,15.6,84.4,2,1
Dani Ceballos,2425,Real Madrid,ESP-La Liga,MF,27.0,1215,Box-to-Box Engine,Defensive Anchor,33.9,22.6,11.3,88.7,3,0
Eduardo Camavinga,2425,Real Madrid,ESP-La Liga,"MF,DF",21.0,1102,Box-to-Box Engine,Defensive Anchor,31.4,29.0,2.4,97.6,3,0
Federico Valverde,2425,Real Madrid,ESP-La Liga,"MF,DF",26.0,3032,Box-to-Box Engine,Defensive Anchor,34.8,24.2,10.6,89.4,3,0
Jude Bellingham,2425,Real Madrid,ESP-La Liga,MF,21.0,2488,Creative Playmaker,Ball Progressor,31.0,26.2,4.8,95.2,2,1
Luka Modrić,2425,Real Madrid,ESP-La Liga,MF,38.0,1827,Creative Playmaker,Box-to-Box Engine,30.7,27.7,3.0,97.0,2,3
Ander Barrenetxea,2425,Real Sociedad,ESP-La Liga,"MF,FW",22.0,1263,Ball Progressor,Creative Playmaker,29.9,29.4,0.5,99.5,1,2
Beñat Turrientes,2425,Real Sociedad,ESP-La Liga,MF,22.0,942,Defensive Anchor,Ball Progressor,32.9,28.3,4.6,95.4,0,1
Brais Méndez,2425,Real Sociedad,ESP-La Liga,MF,27.0,1531,Ball Progressor,Creative Playmaker,35.7,22.0,13.7,86.3,1,2
Luka Sučić,2425,Real Sociedad,ESP-La Liga,MF,21.0,1792,Ball Progressor,Defensive Anchor,32.8,26.2,6.6,93.4,1,0
Martín Zubimendi,2425,Real Sociedad,ESP-La Liga,MF,25.0,2962,Defensive Anchor,Box-to-Box Engine,37.7,26.0,11.7,88.3,0,3
Pablo Marín,2425,Real Sociedad,ESP-La Liga,MF,21.0,1239,Ball Progressor,Defensive Anchor,34.8,28.1,6.7,93.3,1,0
Sergio Gómez,2425,Real Sociedad,ESP-La Liga,"MF,DF",23.0,2738,Ball Progressor,Box-to-Box Engine,31.8,23.7,8.1,91.9,1,3
Takefusa Kubo,2425,Real Sociedad,ESP-La Liga,"MF,FW",23.0,2372,Creative Playmaker,Ball Progressor,34.7,27.4,7.3,92.7,2,1
Urko González,2425,Real Sociedad,ESP-La Liga,MF,23.0,1374,Defensive Anchor,Ball Progressor,28.7,27.9,0.8,99.2,0,1
Albert Sambi Lokonga,2425,Sevilla,ESP-La Liga,MF,24.0,1471,Defensive Anchor,Box-to-Box Engine,29.3,26.9,2.4,97.6,0,3
Djibril Sow,2425,Sevilla,ESP-La Liga,MF,27.0,2062,Defensive Anchor,Ball Progressor,31.3,29.4,1.9,98.1,0,1
Juanlu Sánchez,2425,Sevilla,ESP-La Liga,"MF,DF",20.0,1722,Ball Progressor,Defensive Anchor,35.3,24.6,10.7,89.3,1,0
Lucien Agoume,2425,Sevilla,ESP-La Liga,MF,22.0,2114,Defensive Anchor,Box-to-Box Engine,35.7,29.4,6.3,93.7,0,3
Nemanja Gudelj,2425,Sevilla,ESP-La Liga,"MF,DF",32.0,2493,Defensive Anchor,Ball Progressor,35.3,25.3,10.0,90.0,0,1
Peque,2425,Sevilla,ESP-La Liga,"MF,FW",21.0,1134,Ball Progressor,Defensive Anchor,35.9,25.0,10.9,89.1,1,0
Saúl Ñíguez,2425,Sevilla,ESP-La Liga,MF,29.0,1553,Defensive Anchor,Ball Progressor,29.8,28.1,1.7,98.3,0,1
Diego López,2425,Valencia,ESP-La Liga,"MF,FW",22.0,2737,Ball Progressor,Creative Playmaker,35.4,26.3,9.1,90.9,1,2
Domingos André Ribeiro Almeida,2425,Valencia,ESP-La Liga,"MF,FW",24.0,1977,Ball Progressor,Box-to-Box Engine,29.5,25.1,4.4,95.6,1,3
Enzo Barrenechea,2425,Valencia,ESP-La Liga,MF,23.0,2191,Defensive Anchor,Box-to-Box Engine,36.5,25.3,11.2,88.8,0,3
Javier Guerra,2425,Valencia,ESP-La Liga,MF,21.0,2581,Ball Progressor,Defensive Anchor,30.7,25.9,4.8,95.2,1,0
José Luis García Vayá,2425,Valencia,ESP-La Liga,MF,25.0,1742,Box-to-Box Engine,Defensive Anchor,32.0,28.5,3.5,96.5,3,0
Luis Rioja,2425,Valencia,ESP-La Liga,"MF,FW",30.0,2831,Ball Progressor,Creative Playmaker,33.4,27.8,5.6,94.4,1,2
Anuar,2425,Valladolid,ESP-La Liga,"MF,FW",29.0,1720,Ball Progressor,Defensive Anchor,31.5,30.6,0.9,99.1,1,0
Iván Sánchez,2425,Valladolid,ESP-La Liga,"MF,FW",31.0,1404,Ball Progressor,Creative Playmaker,28.6,28.3,0.3,99.7,1,2
Kike Pérez,2425,Valladolid,ESP-La Liga,MF,27.0,1191,Ball Progressor,Defensive Anchor,30.0,27.9,2.1,97.9,1,0
Kike Pérez,2425,Valladolid,ESP-La Liga,MF,27.0,1114,Ball Progressor,Defensive Anchor,30.0,27.9,2.1,97.9,1,0
Mario Martín,2425,Valladolid,ESP-La Liga,MF,20.0,1748,Defensive Anchor,Ball Progressor,38.6,23.9,14.7,85.3,0,1
Raúl Moro,2425,Valladolid,ESP-La Liga,"MF,FW",21.0,2341,Creative Playmaker,Ball Progressor,33.3,29.2,4.1,95.9,2,1
Selim Amallah,2425,Valladolid,ESP-La Liga,MF,27.0,1376,Ball Progressor,Defensive Anchor,32.1,28.3,3.8,96.2,1,0
Stanko Jurić,2425,Valladolid,ESP-La Liga,MF,27.0,1729,Defensive Anchor,Ball Progressor,39.9,22.8,17.1,82.9,0,1
Alex Baena,2425,Villarreal,ESP-La Liga,"MF,FW",23.0,2595,Creative Playmaker,Ball Progressor,38.6,22.9,15.7,84.3,2,1
Daniel Parejo,2425,Villarreal,ESP-La Liga,MF,35.0,2273,Box-to-Box Engine,Defensive Anchor,31.3,28.6,2.7,97.3,3,0
Pape Gueye,2425,Villarreal,ESP-La Liga,MF,25.0,2224,Ball Progressor,Defensive Anchor,27.9,27.4,0.5,99.5,1,0
Ramón Terrats,2425,Villarreal,ESP-La Liga,"MF,FW",23.0,1219,Defensive Anchor,Box-to-Box Engine,28.1,27.3,0.8,99.2,0,3
Santi Comesaña,2425,Villarreal,ESP-La Liga,MF,27.0,2560,Box-to-Box Engine,Ball Progressor,28.7,26.6,2.1,97.9,3,1
Yeremi Pino,2425,Villarreal,ESP-La Liga,"MF,FW",21.0,1934,Ball Progressor,Creative Playmaker,30.5,28.6,1.9,98.1,1,2
Bongani Zungu,1718,Amiens,FRA-Ligue 1,MF,24.0,2084,Defensive Anchor,Box-to-Box Engine,42.9,23.4,19.5,80.5,0,3
Gaël Kakuta,1718,Amiens,FRA-Ligue 1,"MF,FW",26.0,3083,Ball Progressor,Creative Playmaker,33.1,26.7,6.4,93.6,1,2
Tanguy Ndombele,1718,Amiens,FRA-Ligue 1,MF,20.0,2352,Box-to-Box Engine,Defensive Anchor,30.1,24.3,5.8,94.2,3,0
Thomas Monconduit,1718,Amiens,FRA-Ligue 1,MF,26.0,2948,Defensive Anchor,Box-to-Box Engine,43.1,24.2,18.9,81.1,0,3
Angelo Fulgini,1718,Angers,FRA-Ligue 1,MF,20.0,1529,Creative Playmaker,Ball Progressor,30.4,29.9,0.5,99.5,2,1
Baptiste Santamaria,1718,Angers,FRA-Ligue 1,MF,22.0,2591,Defensive Anchor,Box-to-Box Engine,41.5,24.0,17.5,82.5,0,3
Flavien Tait,1718,Angers,FRA-Ligue 1,MF,24.0,2235,Creative Playmaker,Ball Progressor,29.8,27.9,1.9,98.1,2,1
Pierrick Capelle,1718,Angers,FRA-Ligue 1,MF,30.0,1884,Ball Progressor,Box-to-Box Engine,27.9,27.6,0.3,99.7,1,3
Prince Oniangué,1718,Angers,FRA-Ligue 1,MF,28.0,1056,Defensive Anchor,Ball Progressor,31.6,28.7,2.9,97.1,0,1
Thomas Mangani,1718,Angers,FRA-Ligue 1,MF,30.0,3025,Box-to-Box Engine,Defensive Anchor,36.3,22.6,13.7,86.3,3,0
Jaroslav Plašil,1718,Bordeaux,FRA-Ligue 1,MF,35.0,1044,Box-to-Box Engine,Defensive Anchor,33.6,29.4,4.2,95.8,3,0
Lukas Lerager,1718,Bordeaux,FRA-Ligue 1,MF,24.0,3283,Defensive Anchor,Box-to-Box Engine,39.6,24.1,15.5,84.5,0,3
Otávio,1718,Bordeaux,FRA-Ligue 1,MF,23.0,1484,Defensive Anchor,Box-to-Box Engine,34.9,27.7,7.2,92.8,0,3
Soualiho Meïté,1718,Bordeaux,FRA-Ligue 1,MF,23.0,1335,Box-to-Box Engine,Defensive Anchor,29.7,29.4,0.3,99.7,3,0
Younousse Sankharé,1718,Bordeaux,FRA-Ligue 1,MF,27.0,1881,Ball Progressor,Defensive Anchor,28.9,25.9,3.0,97.0,1,0
Baissama Sankoh,1718,Caen,FRA-Ligue 1,"MF,DF",25.0,1540,Defensive Anchor,Ball Progressor,42.5,22.6,19.9,80.1,0,1
Jan Repas,1718,Caen,FRA-Ligue 1,"MF,FW",20.0,902,Ball Progressor,Defensive Anchor,33.7,24.3,9.4,90.6,1,0
Julien Féret,1718,Caen,FRA-Ligue 1,MF,35.0,3060,Box-to-Box Engine,Defensive Anchor,32.9,25.3,7.6,92.4,3,0
Stef Peeters,1718,Caen,FRA-Ligue 1,MF,25.0,1109,Ball Progressor,Box-to-Box Engine,28.0,26.7,1.3,98.7,1,3
Youssef Aït Bennasser,1718,Caen,FRA-Ligue 1,MF,21.0,2047,Defensive Anchor,Box-to-Box Engine,31.5,30.9,0.6,99.4,0,3
Jordan Marié,1718,Dijon,FRA-Ligue 1,MF,25.0,1883,Defensive Anchor,Box-to-Box Engine,41.1,23.0,18.1,81.9,0,3
Mehdi Abeid,1718,Dijon,FRA-Ligue 1,MF,24.0,1176,Defensive Anchor,Box-to-Box Engine,39.1,24.6,14.5,85.5,0,3
Romain Amalfitano,1718,Dijon,FRA-Ligue 1,MF,27.0,2703,Defensive Anchor,Box-to-Box Engine,32.8,28.0,4.8,95.2,0,3
Xeka,1718,Dijon,FRA-Ligue 1,MF,22.0,1393,Ball Progressor,Box-to-Box Engine,30.9,26.3,4.6,95.4,1,3
Clément Grenier,1718,Guingamp,FRA-Ligue 1,MF,26.0,1208,Creative Playmaker,Box-to-Box Engine,31.5,26.0,5.5,94.5,2,3
Lebogang Phiri,1718,Guingamp,FRA-Ligue 1,MF,22.0,1032,Defensive Anchor,Box-to-Box Engine,38.3,26.7,11.6,88.4,0,3
Lucas Deaux,1718,Guingamp,FRA-Ligue 1,MF,28.0,1943,Defensive Anchor,Box-to-Box Engine,33.0,29.5,3.5,96.5,0,3
Ludovic Blas,1718,Guingamp,FRA-Ligue 1,MF,19.0,1793,Box-to-Box Engine,Ball Progressor,28.8,27.5,1.3,98.7,3,1
Mustapha Diallo,1718,Guingamp,FRA-Ligue 1,MF,31.0,1384,Defensive Anchor,Ball Progressor,31.9,25.1,6.8,93.2,0,1
Étienne Didot,1718,Guingamp,FRA-Ligue 1,MF,34.0,1621,Defensive Anchor,Box-to-Box Engine,39.4,26.5,12.9,87.1,0,3
Ibrahim Amadou,1718,Lille,FRA-Ligue 1,"MF,DF",24.0,2405,Defensive Anchor,Box-to-Box Engine,38.0,26.0,12.0,88.0,0,3
Thiago Maia,1718,Lille,FRA-Ligue 1,"MF,DF",20.0,2463,Defensive Anchor,Box-to-Box Engine,31.6,31.4,0.2,99.8,0,3
Thiago Mendes,1718,Lille,FRA-Ligue 1,MF,25.0,2294,Box-to-Box Engine,Ball Progressor,30.3,25.7,4.6,95.4,3,1
Xeka,1718,Lille,FRA-Ligue 1,MF,22.0,1393,Box-to-Box Engine,Ball Progressor,27.0,24.5,2.5,97.5,3,1
Yassine Benzia,1718,Lille,FRA-Ligue 1,"MF,FW",22.0,2288,Box-to-Box Engine,Creative Playmaker,29.7,27.3,2.4,97.6,3,2
Yves Bissouma,1718,Lille,FRA-Ligue 1,"MF,DF",20.0,1561,Box-to-Box Engine,Defensive Anchor,31.5,26.1,5.4,94.6,3,0
Houssem Aouar,1718,Lyon,FRA-Ligue 1,"MF,FW",19.0,2433,Box-to-Box Engine,Creative Playmaker,31.8,24.1,7.7,92.3,3,2
Lucas Tousart,1718,Lyon,FRA-Ligue 1,MF,20.0,3132,Defensive Anchor,Box-to-Box Engine,43.4,22.3,21.1,78.9,0,3
Nabil Fekir,1718,Lyon,FRA-Ligue 1,"MF,FW",24.0,2477,Creative Playmaker,Ball Progressor,35.1,24.3,10.8,89.2,2,1
Sergi Darder,1718,Lyon,FRA-Ligue 1,MF,23.0,2782,Defensive Anchor,Box-to-Box Engine,30.6,26.8,3.8,96.2,0,3
Tanguy Ndombele,1718,Lyon,FRA-Ligue 1,MF,20.0,2352,Box-to-Box Engine,Defensive Anchor,34.6,23.9,10.7,89.3,3,0
Andre-Frank Zambo Anguissa,1718,Marseille,FRA-Ligue 1,MF,21.0,2439,Box-to-Box Engine,Defensive Anchor,31.5,29.6,1.9,98.1,3,0
Dimitri Payet,1718,Marseille,FRA-Ligue 1,"MF,FW",30.0,2347,Creative Playmaker,Box-to-Box Engine,37.6,22.5,15.1,84.9,2,3
Luiz Gustavo,1718,Marseille,FRA-Ligue 1,"MF,DF",30.0,3019,Box-to-Box Engine,Defensive Anchor,32.0,30.7,1.3,98.7,3,0
Maxime Lopez,1718,Marseille,FRA-Ligue 1,"MF,FW",19.0,1378,Box-to-Box Engine,Creative Playmaker,30.8,25.9,4.9,95.1,3,2
Morgan Sanson,1718,Marseille,FRA-Ligue 1,MF,22.0,2165,Creative Playmaker,Ball Progressor,30.6,28.8,1.8,98.2,2,1
Florent Mollet,1718,Metz,FRA-Ligue 1,"MF,FW",25.0,1412,Ball Progressor,Creative Playmaker,31.4,26.4,5.0,95.0,1,2
Georges Mandjeck,1718,Metz,FRA-Ligue 1,"MF,DF",28.0,968,Defensive Anchor,Box-to-Box Engine,43.2,23.1,20.1,79.9,0,3
Gerónimo Poblete,1718,Metz,FRA-Ligue 1,MF,24.0,1656,Defensive Anchor,Box-to-Box Engine,39.4,24.6,14.8,85.2,0,3
Renaud Cohade,1718,Metz,FRA-Ligue 1,MF,32.0,3298,Box-to-Box Engine,Defensive Anchor,32.5,26.9,5.6,94.4,3,0
Allan Saint-Maximin,1718,Monaco,FRA-Ligue 1,MF,20.0,2246,Creative Playmaker,Ball Progressor,29.6,26.3,3.3,96.7,2,1
Fabinho,1718,Monaco,FRA-Ligue 1,MF,23.0,3060,Box-to-Box Engine,Defensive Anchor,34.5,25.2,9.3,90.7,3,0
Gil Bastião Dias,1718,Monaco,FRA-Ligue 1,MF,20.0,1190,Ball Progressor,Defensive Anchor,27.9,25.0,2.9,97.1,1,0
João Moutinho,1718,Monaco,FRA-Ligue 1,MF,30.0,2803,Box-to-Box Engine,Defensive Anchor,38.4,21.6,16.8,83.2,3,0
Soualiho Meïté,1718,Monaco,FRA-Ligue 1,MF,23.0,1335,Defensive Anchor,Ball Progressor,32.0,24.9,7.1,92.9,0,1
Thomas Lemar,1718,Monaco,FRA-Ligue 1,"MF,FW",21.0,2378,Creative Playmaker,Ball Progressor,38.9,23.8,15.1,84.9,2,1
Youri Tielemans,1718,Monaco,FRA-Ligue 1,MF,20.0,1569,Box-to-Box Engine,Defensive Anchor,30.9,29.8,1.1,98.9,3,0
Ellyes Skhiri,1718,Montpellier,FRA-Ligue 1,MF,22.0,3049,Defensive Anchor,Box-to-Box Engine,36.3,26.7,9.6,90.4,0,3
Jonathan Ikone,1718,Montpellier,FRA-Ligue 1,"MF,FW",19.0,998,Ball Progressor,Creative Playmaker,32.3,26.6,5.7,94.3,1,2
Junior Sambia,1718,Montpellier,FRA-Ligue 1,MF,20.0,1543,Ball Progressor,Creative Playmaker,29.5,28.3,1.2,98.8,1,2
Paul Lasne,1718,Montpellier,FRA-Ligue 1,MF,28.0,3062,Box-to-Box Engine,Defensive Anchor,33.5,28.1,5.4,94.6,3,0
Stéphane Sessègnon,1718,Montpellier,FRA-Ligue 1,"MF,FW",33.0,985,Ball Progressor,Box-to-Box Engine,29.2,24.7,4.5,95.5,1,3
Abdoulaye Touré,1718,Nantes,FRA-Ligue 1,MF,23.0,2810,Defensive Anchor,Box-to-Box Engine,37.2,27.6,9.6,90.4,0,3
Adrien Thomasson,1718,Nantes,FRA-Ligue 1,"MF,FW",23.0,2578,Ball Progressor,Box-to-Box Engine,30.9,24.4,6.5,93.5,1,3
Andrei Girotto,1718,Nantes,FRA-Ligue 1,MF,25.0,1520,Defensive Anchor,Box-to-Box Engine,36.9,24.9,12.0,88.0,0,3
Jules Iloki,1718,Nantes,FRA-Ligue 1,"MF,FW",25.0,1421,Ball Progressor,Creative Playmaker,30.0,27.2,2.8,97.2,1,2
Rene Krhin,1718,Nantes,FRA-Ligue 1,MF,27.0,1312,Defensive Anchor,Ball Progressor,36.1,25.5,10.6,89.4,0,1
Valentin Rongier,1718,Nantes,FRA-Ligue 1,MF,22.0,2350,Box-to-Box Engine,Defensive Anchor,31.5,29.8,1.7,98.3,3,0
Adrien Tameze,1718,Nice,FRA-Ligue 1,MF,23.0,1681,Defensive Anchor,Box-to-Box Engine,35.3,28.2,7.1,92.9,0,3
Jean Seri,1718,Nice,FRA-Ligue 1,MF,26.0,2615,Box-to-Box Engine,Creative Playmaker,32.8,23.3,9.5,90.5,3,2
Nampalys Mendy,1718,Nice,FRA-Ligue 1,MF,25.0,965,Defensive Anchor,Box-to-Box Engine,34.2,27.3,6.9,93.1,0,3
Pierre Lees-Melou,1718,Nice,FRA-Ligue 1,"MF,FW",24.0,2890,Ball Progressor,Box-to-Box Engine,29.8,26.0,3.8,96.2,1,3
Rémi Walter,1718,Nice,FRA-Ligue 1,"MF,FW",22.0,997,Defensive Anchor,Ball Progressor,32.1,28.4,3.7,96.3,0,1
Wylan Cyprien,1718,Nice,FRA-Ligue 1,MF,22.0,951,Box-to-Box Engine,Defensive Anchor,30.6,26.2,4.4,95.6,3,0
Adrien Rabiot,1718,Paris S-G,FRA-Ligue 1,MF,22.0,2362,Box-to-Box Engine,Defensive Anchor,34.9,22.5,12.4,87.6,3,0
Blaise Matuidi,1718,Paris S-G,FRA-Ligue 1,MF,30.0,2354,Defensive Anchor,Ball Progressor,30.5,25.4,5.1,94.9,0,1
Giovani Lo Celso,1718,Paris S-G,FRA-Ligue 1,MF,21.0,1776,Box-to-Box Engine,Creative Playmaker,32.0,23.6,8.4,91.6,3,2
Javier Pastore,1718,Paris S-G,FRA-Ligue 1,"MF,FW",28.0,1347,Creative Playmaker,Ball Progressor,38.9,22.5,16.4,83.6,2,1
Julian Draxler,1718,Paris S-G,FRA-Ligue 1,"MF,FW",23.0,1704,Creative Playmaker,Box-to-Box Engine,32.1,25.9,6.2,93.8,2,3
Marco Verratti,1718,Paris S-G,FRA-Ligue 1,MF,24.0,1718,Box-to-Box Engine,Creative Playmaker,32.8,24.0,8.8,91.2,3,2
Thiago Motta,1718,Paris S-G,FRA-Ligue 1,MF,34.0,1154,Box-to-Box Engine,Defensive Anchor,32.6,25.8,6.8,93.2,3,0
Benjamin André,1718,Rennes,FRA-Ligue 1,MF,26.0,3011,Box-to-Box Engine,Defensive Anchor,31.8,30.3,1.5,98.5,3,0
Benjamin Bourigeaud,1718,Rennes,FRA-Ligue 1,"MF,FW",23.0,3102,Creative Playmaker,Ball Progressor,31.3,27.2,4.1,95.9,2,1
James Lea Siliki,1718,Rennes,FRA-Ligue 1,MF,21.0,1818,Ball Progressor,Box-to-Box Engine,35.9,23.6,12.3,87.7,1,3
Sanjin Prcić,1718,Rennes,FRA-Ligue 1,MF,23.0,1565,Defensive Anchor,Box-to-Box Engine,35.9,29.1,6.8,93.2,0,3
Assane Dioussé,1718,Saint-Étienne,FRA-Ligue 1,MF,19.0,1344,Defensive Anchor,Box-to-Box Engine,33.8,27.5,6.3,93.7,0,3
Bryan Dabo,1718,Saint-Étienne,FRA-Ligue 1,"MF,FW",25.0,1284,Ball Progressor,Defensive Anchor,29.3,27.3,2.0,98.0,1,0
Ole Selnæs,1718,Saint-Étienne,FRA-Ligue 1,MF,23.0,2058,Defensive Anchor,Box-to-Box Engine,35.2,28.2,7.0,93.0,0,3
Rémy Cabella,1718,Saint-Étienne,FRA-Ligue 1,"MF,FW",27.0,2259,Creative Playmaker,Box-to-Box Engine,36.1,23.5,12.6,87.4,2,3
Vincent Pajot,1718,Saint-Étienne,FRA-Ligue 1,MF,26.0,1290,Defensive Anchor,Ball Progressor,37.9,25.0,12.9,87.1,0,1
Yann M'Vila,1718,Saint-Étienne,FRA-Ligue 1,MF,27.0,1479,Defensive Anchor,Box-to-Box Engine,31.5,30.1,1.4,98.6,0,3
Anthony Gonçalves,1718,Strasbourg,FRA-Ligue 1,"MF,FW",31.0,1757,Ball Progressor,Box-to-Box Engine,31.7,24.1,7.6,92.4,1,3
Benjamin Corgnet,1718,Strasbourg,FRA-Ligue 1,"MF,FW",30.0,1376,Ball Progressor,Defensive Anchor,34.4,22.8,11.6,88.4,1,0
Dimitri Liénard,1718,Strasbourg,FRA-Ligue 1,"MF,FW",29.0,2602,Box-to-Box Engine,Ball Progressor,31.2,24.1,7.1,92.9,3,1
Jean-Eudes Aholou,1718,Strasbourg,FRA-Ligue 1,MF,23.0,3006,Defensive Anchor,Box-to-Box Engine,38.0,24.6,13.4,86.6,0,3
Jonas Martin,1718,Strasbourg,FRA-Ligue 1,MF,27.0,3025,Defensive Anchor,Box-to-Box Engine,29.3,28.7,0.6,99.4,0,3
Alexis Blin,1718,Toulouse,FRA-Ligue 1,MF,20.0,1886,Defensive Anchor,Box-to-Box Engine,45.4,21.2,24.2,75.8,0,3
Giannelli Imbula,1718,Toulouse,FRA-Ligue 1,MF,24.0,2243,Box-to-Box Engine,Defensive Anchor,31.6,25.6,6.0,94.0,3,0
Ibrahim Sangaré,1718,Toulouse,FRA-Ligue 1,MF,19.0,1588,Box-to-Box Engine,Defensive Anchor,31.6,29.9,1.7,98.3,3,0
Jimmy Durmaz,1718,Toulouse,FRA-Ligue 1,"MF,FW",28.0,1028,Creative Playmaker,Ball Progressor,36.5,24.6,11.9,88.1,2,1
Somália,1718,Toulouse,FRA-Ligue 1,"MF,FW",28.0,2002,Defensive Anchor,Ball Progressor,30.5,29.0,1.5,98.5,0,1
Yannick Cahuzac,1718,Toulouse,FRA-Ligue 1,MF,32.0,1518,Defensive Anchor,Ball Progressor,39.7,23.5,16.2,83.8,0,1
Benjamin Nivet,1718,Troyes,FRA-Ligue 1,"MF,FW",40.0,1369,Ball Progressor,Box-to-Box Engine,30.1,26.7,3.4,96.6,1,3
François Bellugou,1718,Troyes,FRA-Ligue 1,MF,30.0,2177,Defensive Anchor,Ball Progressor,42.0,22.3,19.7,80.3,0,1
Karim Azamoum,1718,Troyes,FRA-Ligue 1,MF,27.0,2251,Defensive Anchor,Ball Progressor,38.5,24.8,13.7,86.3,0,1
Rémi Walter,1718,Troyes,FRA-Ligue 1,MF,22.0,997,Defensive Anchor,Box-to-Box Engine,34.4,24.7,9.7,90.3,0,3
Saîf-Eddine Khaoui,1718,Troyes,FRA-Ligue 1,"MF,FW",22.0,1956,Ball Progressor,Box-to-Box Engine,33.4,22.5,10.9,89.1,1,3
Tristan Dingomé,1718,Troyes,FRA-Ligue 1,MF,26.0,1192,Defensive Anchor,Box-to-Box Engine,33.8,26.2,7.6,92.4,0,3
Alexis Blin,1819,Amiens,FRA-Ligue 1,MF,21.0,1990,Defensive Anchor,Box-to-Box Engine,40.7,23.5,17.2,82.8,0,3
Eddy Gnahoré,1819,Amiens,FRA-Ligue 1,MF,24.0,2243,Ball Progressor,Defensive Anchor,30.0,28.2,1.8,98.2,1,0
Mathieu Bodmer,1819,Amiens,FRA-Ligue 1,"MF,FW",35.0,1073,Ball Progressor,Box-to-Box Engine,30.1,24.7,5.4,94.6,1,3
Thomas Monconduit,1819,Amiens,FRA-Ligue 1,MF,27.0,2818,Defensive Anchor,Box-to-Box Engine,38.9,26.8,12.1,87.9,0,3
Angelo Fulgini,1819,Angers,FRA-Ligue 1,"MF,FW",21.0,1635,Ball Progressor,Creative Playmaker,29.4,27.4,2.0,98.0,1,2
Baptiste Santamaria,1819,Angers,FRA-Ligue 1,MF,23.0,3245,Defensive Anchor,Box-to-Box Engine,44.6,22.3,22.3,77.7,0,3
Cheikh N'Doye,1819,Angers,FRA-Ligue 1,MF,32.0,2334,Defensive Anchor,Ball Progressor,32.8,28.2,4.6,95.4,0,1
Flavien Tait,1819,Angers,FRA-Ligue 1,"MF,FW",25.0,2985,Creative Playmaker,Ball Progressor,38.7,23.6,15.1,84.9,2,1
Thomas Mangani,1819,Angers,FRA-Ligue 1,MF,31.0,1598,Box-to-Box Engine,Ball Progressor,31.5,24.2,7.3,92.7,3,1
Jaroslav Plašil,1819,Bordeaux,FRA-Ligue 1,MF,36.0,1443,Defensive Anchor,Box-to-Box Engine,35.4,29.4,6.0,94.0,0,3
Lukas Lerager,1819,Bordeaux,FRA-Ligue 1,MF,25.0,1298,Defensive Anchor,Box-to-Box Engine,38.6,25.6,13.0,87.0,0,3
Lukas Lerager,1819,Bordeaux,FRA-Ligue 1,MF,25.0,1122,Defensive Anchor,Box-to-Box Engine,38.6,25.6,13.0,87.0,0,3
Otávio,1819,Bordeaux,FRA-Ligue 1,MF,24.0,2875,Defensive Anchor,Box-to-Box Engine,36.9,27.0,9.9,90.1,0,3
Toma Bašić,1819,Bordeaux,FRA-Ligue 1,MF,21.0,1333,Ball Progressor,Defensive Anchor,32.7,26.9,5.8,94.2,1,0
Younousse Sankharé,1819,Bordeaux,FRA-Ligue 1,MF,28.0,1476,Ball Progressor,Defensive Anchor,32.3,28.5,3.8,96.2,1,0
Fayçal Fajr,1819,Caen,FRA-Ligue 1,MF,29.0,3240,Box-to-Box Engine,Ball Progressor,33.7,24.5,9.2,90.8,3,1
Ismaël Diomandé,1819,Caen,FRA-Ligue 1,"MF,DF",25.0,1293,Defensive Anchor,Box-to-Box Engine,42.0,22.4,19.6,80.4,0,3
Jessy Deminguet,1819,Caen,FRA-Ligue 1,MF,20.0,1269,Defensive Anchor,Ball Progressor,41.1,22.9,18.2,81.8,0,1
Prince Oniangué,1819,Caen,FRA-Ligue 1,MF,29.0,2343,Defensive Anchor,Ball Progressor,36.7,25.8,10.9,89.1,0,1
Saîf-Eddine Khaoui,1819,Caen,FRA-Ligue 1,"MF,FW",23.0,1353,Ball Progressor,Defensive Anchor,32.1,29.3,2.8,97.2,1,0
Florent Balmont,1819,Dijon,FRA-Ligue 1,MF,38.0,1076,Box-to-Box Engine,Defensive Anchor,30.5,26.7,3.8,96.2,3,0
Jordan Marié,1819,Dijon,FRA-Ligue 1,MF,26.0,1803,Defensive Anchor,Box-to-Box Engine,41.6,23.4,18.2,81.8,0,3
Mehdi Abeid,1819,Dijon,FRA-Ligue 1,MF,25.0,2023,Defensive Anchor,Box-to-Box Engine,34.7,25.6,9.1,90.9,0,3
Naïm Sliti,1819,Dijon,FRA-Ligue 1,"MF,FW",26.0,2286,Creative Playmaker,Ball Progressor,38.5,24.1,14.4,85.6,2,1
Romain Amalfitano,1819,Dijon,FRA-Ligue 1,"MF,FW",28.0,2522,Defensive Anchor,Ball Progressor,35.3,25.2,10.1,89.9,0,1
Lebogang Phiri,1819,Guingamp,FRA-Ligue 1,MF,23.0,1928,Defensive Anchor,Box-to-Box Engine,44.2,23.7,20.5,79.5,0,3
Lucas Deaux,1819,Guingamp,FRA-Ligue 1,MF,29.0,1188,Defensive Anchor,Ball Progressor,29.6,29.3,0.3,99.7,0,1
Ludovic Blas,1819,Guingamp,FRA-Ligue 1,"MF,FW",20.0,2372,Defensive Anchor,Ball Progressor,28.7,28.5,0.2,99.8,0,1
Nicolas Benezet,1819,Guingamp,FRA-Ligue 1,"MF,FW",27.0,1666,Creative Playmaker,Ball Progressor,34.4,26.2,8.2,91.8,2,1
Étienne Didot,1819,Guingamp,FRA-Ligue 1,MF,35.0,2105,Defensive Anchor,Box-to-Box Engine,37.6,26.5,11.1,88.9,0,3
Jonathan Ikone,1819,Lille,FRA-Ligue 1,"MF,FW",20.0,2796,Creative Playmaker,Ball Progressor,30.9,30.3,0.6,99.4,2,1
Thiago Maia,1819,Lille,FRA-Ligue 1,MF,21.0,1021,Defensive Anchor,Box-to-Box Engine,37.8,27.6,10.2,89.8,0,3
Thiago Mendes,1819,Lille,FRA-Ligue 1,MF,26.0,3074,Box-to-Box Engine,Defensive Anchor,35.0,27.2,7.8,92.2,3,0
Xeka,1819,Lille,FRA-Ligue 1,MF,23.0,2260,Defensive Anchor,Box-to-Box Engine,37.1,24.3,12.8,87.2,0,3
Houssem Aouar,1819,Lyon,FRA-Ligue 1,MF,20.0,3061,Box-to-Box Engine,Creative Playmaker,29.8,27.5,2.3,97.7,3,2
Jordan Ferri,1819,Lyon,FRA-Ligue 1,MF,26.0,1874,Box-to-Box Engine,Defensive Anchor,30.0,25.6,4.4,95.6,3,0
Lucas Tousart,1819,Lyon,FRA-Ligue 1,MF,21.0,1727,Defensive Anchor,Box-to-Box Engine,38.1,26.3,11.8,88.2,0,3
Nabil Fekir,1819,Lyon,FRA-Ligue 1,MF,25.0,1988,Creative Playmaker,Ball Progressor,35.0,24.9,10.1,89.9,2,1
Tanguy Ndombele,1819,Lyon,FRA-Ligue 1,MF,21.0,2690,Box-to-Box Engine,Creative Playmaker,36.5,21.2,15.3,84.7,3,2
Dimitri Payet,1819,Marseille,FRA-Ligue 1,"MF,FW",31.0,1904,Creative Playmaker,Ball Progressor,40.5,23.2,17.3,82.7,2,1
Kevin Strootman,1819,Marseille,FRA-Ligue 1,MF,28.0,1942,Defensive Anchor,Box-to-Box Engine,31.6,30.5,1.1,98.9,0,3
Luiz Gustavo,1819,Marseille,FRA-Ligue 1,"MF,DF",31.0,2436,Defensive Anchor,Box-to-Box Engine,37.4,26.0,11.4,88.6,0,3
Maxime Lopez,1819,Marseille,FRA-Ligue 1,MF,20.0,2180,Box-to-Box Engine,Creative Playmaker,32.3,23.9,8.4,91.6,3,2
Morgan Sanson,1819,Marseille,FRA-Ligue 1,MF,23.0,2403,Box-to-Box Engine,Defensive Anchor,32.0,25.7,6.3,93.7,3,0
Adama Traoré,1819,Monaco,FRA-Ligue 1,MF,23.0,902,Ball Progressor,Defensive Anchor,30.8,23.4,7.4,92.6,1,0
Adrien Silva,1819,Monaco,FRA-Ligue 1,MF,29.0,1184,Defensive Anchor,Box-to-Box Engine,32.7,30.4,2.3,97.7,0,3
Aleksandr Golovin,1819,Monaco,FRA-Ligue 1,"MF,FW",22.0,2290,Ball Progressor,Creative Playmaker,34.2,25.0,9.2,90.8,1,2
Cesc Fàbregas,1819,Monaco,FRA-Ligue 1,MF,31.0,966,Box-to-Box Engine,Ball Progressor,33.9,23.1,10.8,89.2,3,1
Jean-Eudes Aholou,1819,Monaco,FRA-Ligue 1,MF,24.0,1075,Defensive Anchor,Box-to-Box Engine,29.5,28.6,0.9,99.1,0,3
Youri Tielemans,1819,Monaco,FRA-Ligue 1,MF,21.0,1086,Box-to-Box Engine,Defensive Anchor,33.4,25.4,8.0,92.0,3,0
Youri Tielemans,1819,Monaco,FRA-Ligue 1,MF,21.0,1680,Box-to-Box Engine,Defensive Anchor,33.4,25.4,8.0,92.0,3,0
Youssef Aït Bennasser,1819,Monaco,FRA-Ligue 1,MF,22.0,1073,Box-to-Box Engine,Defensive Anchor,34.9,27.3,7.6,92.4,3,0
Youssef Aït Bennasser,1819,Monaco,FRA-Ligue 1,MF,22.0,936,Box-to-Box Engine,Defensive Anchor,34.9,27.3,7.6,92.4,3,0
Damien Le Tallec,1819,Montpellier,FRA-Ligue 1,MF,28.0,2805,Defensive Anchor,Ball Progressor,36.5,24.3,12.2,87.8,0,1
Ellyes Skhiri,1819,Montpellier,FRA-Ligue 1,MF,23.0,3090,Defensive Anchor,Box-to-Box Engine,37.2,27.1,10.1,89.9,0,3
Florent Mollet,1819,Montpellier,FRA-Ligue 1,MF,26.0,2564,Creative Playmaker,Ball Progressor,34.7,26.9,7.8,92.2,2,1
Junior Sambia,1819,Montpellier,FRA-Ligue 1,"MF,FW",21.0,926,Creative Playmaker,Ball Progressor,31.3,29.3,2.0,98.0,2,1
Paul Lasne,1819,Montpellier,FRA-Ligue 1,"MF,DF",29.0,1789,Defensive Anchor,Box-to-Box Engine,30.5,28.8,1.7,98.3,0,3
Abdoulaye Touré,1819,Nantes,FRA-Ligue 1,MF,24.0,2749,Defensive Anchor,Box-to-Box Engine,36.5,26.0,10.5,89.5,0,3
Andrei Girotto,1819,Nantes,FRA-Ligue 1,MF,26.0,1475,Defensive Anchor,Box-to-Box Engine,39.5,24.3,15.2,84.8,0,3
Rene Krhin,1819,Nantes,FRA-Ligue 1,MF,28.0,1057,Defensive Anchor,Box-to-Box Engine,39.1,23.6,15.5,84.5,0,3
Samuel Moutoussamy,1819,Nantes,FRA-Ligue 1,"MF,FW",21.0,1648,Ball Progressor,Defensive Anchor,41.6,21.8,19.8,80.2,1,0
Valentin Rongier,1819,Nantes,FRA-Ligue 1,MF,23.0,3226,Box-to-Box Engine,Ball Progressor,32.1,24.3,7.8,92.2,3,1
Adrien Tameze,1819,Nice,FRA-Ligue 1,MF,24.0,2942,Defensive Anchor,Box-to-Box Engine,40.7,25.3,15.4,84.6,0,3
Danilo Barbosa,1819,Nice,FRA-Ligue 1,MF,22.0,1548,Defensive Anchor,Ball Progressor,32.3,30.0,2.3,97.7,0,1
Jean-Victor Makengo,1819,Nice,FRA-Ligue 1,"MF,FW",20.0,1029,Ball Progressor,Defensive Anchor,31.8,23.7,8.1,91.9,1,0
Pierre Lees-Melou,1819,Nice,FRA-Ligue 1,MF,25.0,2394,Defensive Anchor,Box-to-Box Engine,32.0,27.5,4.5,95.5,0,3
Wylan Cyprien,1819,Nice,FRA-Ligue 1,MF,23.0,2360,Box-to-Box Engine,Ball Progressor,31.8,24.0,7.8,92.2,3,1
Antonin Bobichon,1819,Nîmes,FRA-Ligue 1,MF,22.0,2153,Ball Progressor,Defensive Anchor,32.5,26.0,6.5,93.5,1,0
Denis Bouanga,1819,Nîmes,FRA-Ligue 1,"MF,FW",23.0,2633,Ball Progressor,Creative Playmaker,35.8,24.3,11.5,88.5,1,2
Jordan Ferri,1819,Nîmes,FRA-Ligue 1,MF,26.0,1874,Box-to-Box Engine,Defensive Anchor,35.7,22.9,12.8,87.2,3,0
Sada Thioub,1819,Nîmes,FRA-Ligue 1,"MF,FW",23.0,2476,Creative Playmaker,Ball Progressor,31.4,28.9,2.5,97.5,2,1
Theo Valls,1819,Nîmes,FRA-Ligue 1,MF,22.0,1770,Defensive Anchor,Ball Progressor,39.3,25.0,14.3,85.7,0,1
Téji Savanier,1819,Nîmes,FRA-Ligue 1,MF,26.0,2864,Box-to-Box Engine,Creative Playmaker,31.5,24.1,7.4,92.6,3,2
Adrien Rabiot,1819,Paris S-G,FRA-Ligue 1,MF,23.0,1063,Box-to-Box Engine,Creative Playmaker,31.2,23.4,7.8,92.2,3,2
Christopher Nkunku,1819,Paris S-G,FRA-Ligue 1,"MF,FW",20.0,1156,Creative Playmaker,Ball Progressor,36.2,26.5,9.7,90.3,2,1
Dani Alves,1819,Paris S-G,FRA-Ligue 1,"MF,DF",35.0,1622,Creative Playmaker,Box-to-Box Engine,31.0,27.2,3.8,96.2,2,3
Giovani Lo Celso,1819,Paris S-G,FRA-Ligue 1,MF,22.0,2397,Defensive Anchor,Box-to-Box Engine,27.4,27.3,0.1,99.9,0,3
Julian Draxler,1819,Paris S-G,FRA-Ligue 1,"MF,FW",24.0,2046,Creative Playmaker,Box-to-Box Engine,34.2,25.8,8.4,91.6,2,3
Leandro Paredes,1819,Paris S-G,FRA-Ligue 1,MF,24.0,1249,Box-to-Box Engine,Defensive Anchor,37.2,24.4,12.8,87.2,3,0
Marco Verratti,1819,Paris S-G,FRA-Ligue 1,MF,25.0,1879,Box-to-Box Engine,Creative Playmaker,32.0,24.2,7.8,92.2,3,2
Moussa Diaby,1819,Paris S-G,FRA-Ligue 1,"MF,DF",19.0,1141,Creative Playmaker,Ball Progressor,34.6,26.1,8.5,91.5,2,1
Neymar,1819,Paris S-G,FRA-Ligue 1,"MF,FW",26.0,1439,Creative Playmaker,Ball Progressor,32.3,24.0,8.3,91.7,2,1
Alaixys Romao,1819,Reims,FRA-Ligue 1,MF,34.0,3160,Defensive Anchor,Box-to-Box Engine,42.8,23.6,19.2,80.8,0,3
Tristan Dingomé,1819,Reims,FRA-Ligue 1,MF,27.0,1344,Ball Progressor,Box-to-Box Engine,32.0,23.5,8.5,91.5,1,3
Xavier Chavalerin,1819,Reims,FRA-Ligue 1,MF,27.0,3240,Defensive Anchor,Box-to-Box Engine,36.1,25.1,11.0,89.0,0,3
Benjamin André,1819,Rennes,FRA-Ligue 1,MF,27.0,2495,Box-to-Box Engine,Defensive Anchor,31.4,30.3,1.1,98.9,3,0
Benjamin Bourigeaud,1819,Rennes,FRA-Ligue 1,"MF,FW",24.0,2425,Ball Progressor,Creative Playmaker,34.5,22.6,11.9,88.1,1,2
Clément Grenier,1819,Rennes,FRA-Ligue 1,MF,27.0,2668,Box-to-Box Engine,Ball Progressor,38.1,22.2,15.9,84.1,3,1
James Lea Siliki,1819,Rennes,FRA-Ligue 1,"MF,FW",22.0,1220,Ball Progressor,Creative Playmaker,37.4,21.5,15.9,84.1,1,2
Romain Del Castillo,1819,Rennes,FRA-Ligue 1,"MF,FW",22.0,1343,Creative Playmaker,Ball Progressor,29.3,27.6,1.7,98.3,2,1
Ole Selnæs,1819,Saint-Étienne,FRA-Ligue 1,MF,24.0,1669,Defensive Anchor,Box-to-Box Engine,31.6,30.9,0.7,99.3,0,3
Rémy Cabella,1819,Saint-Étienne,FRA-Ligue 1,"MF,FW",28.0,2997,Creative Playmaker,Box-to-Box Engine,34.1,24.0,10.1,89.9,2,3
Yann M'Vila,1819,Saint-Étienne,FRA-Ligue 1,MF,28.0,3258,Defensive Anchor,Box-to-Box Engine,37.1,28.0,9.1,90.9,0,3
Youssef Aït Bennasser,1819,Saint-Étienne,FRA-Ligue 1,MF,22.0,1073,Defensive Anchor,Box-to-Box Engine,36.5,29.1,7.4,92.6,0,3
Youssef Aït Bennasser,1819,Saint-Étienne,FRA-Ligue 1,MF,22.0,936,Defensive Anchor,Box-to-Box Engine,36.5,29.1,7.4,92.6,0,3
Adrien Thomasson,1819,Strasbourg,FRA-Ligue 1,"MF,FW",24.0,2479,Ball Progressor,Creative Playmaker,33.8,25.1,8.7,91.3,1,2
Anthony Gonçalves,1819,Strasbourg,FRA-Ligue 1,"MF,FW",32.0,1058,Ball Progressor,Creative Playmaker,28.4,27.6,0.8,99.2,1,2
Dimitri Liénard,1819,Strasbourg,FRA-Ligue 1,"MF,DF",30.0,1291,Box-to-Box Engine,Ball Progressor,28.9,27.1,1.8,98.2,3,1
Ibrahima Sissoko,1819,Strasbourg,FRA-Ligue 1,MF,20.0,2665,Defensive Anchor,Box-to-Box Engine,36.2,25.6,10.6,89.4,0,3
Jonas Martin,1819,Strasbourg,FRA-Ligue 1,MF,28.0,2059,Box-to-Box Engine,Defensive Anchor,36.5,26.8,9.7,90.3,3,0
Sanjin Prcić,1819,Strasbourg,FRA-Ligue 1,MF,24.0,1053,Box-to-Box Engine,Defensive Anchor,35.1,24.8,10.3,89.7,3,0
Youssouf Fofana,1819,Strasbourg,FRA-Ligue 1,MF,19.0,912,Defensive Anchor,Ball Progressor,32.8,27.2,5.6,94.4,0,1
Ibrahim Sangaré,1819,Toulouse,FRA-Ligue 1,MF,20.0,2467,Box-to-Box Engine,Defensive Anchor,32.5,29.2,3.3,96.7,3,0
Jimmy Durmaz,1819,Toulouse,FRA-Ligue 1,"MF,FW",29.0,1899,Creative Playmaker,Ball Progressor,33.5,25.5,8.0,92.0,2,1
John Bostock,1819,Toulouse,FRA-Ligue 1,MF,26.0,984,Defensive Anchor,Box-to-Box Engine,34.8,24.7,10.1,89.9,0,3
Kalidou Sidibé,1819,Toulouse,FRA-Ligue 1,MF,19.0,1259,Defensive Anchor,Box-to-Box Engine,40.2,23.0,17.2,82.8,0,3
Manu García,1819,Toulouse,FRA-Ligue 1,MF,20.0,2330,Ball Progressor,Box-to-Box Engine,29.3,27.4,1.9,98.1,1,3
Manu García,1819,Toulouse,FRA-Ligue 1,MF,20.0,1843,Ball Progressor,Box-to-Box Engine,29.3,27.4,1.9,98.1,1,3
Yannick Cahuzac,1819,Toulouse,FRA-Ligue 1,"MF,DF",33.0,1431,Defensive Anchor,Ball Progressor,42.3,22.4,19.9,80.1,0,1
Alexis Blin,1920,Amiens,FRA-Ligue 1,MF,22.0,1841,Defensive Anchor,Box-to-Box Engine,42.1,23.3,18.8,81.2,0,3
Bongani Zungu,1920,Amiens,FRA-Ligue 1,MF,26.0,992,Defensive Anchor,Box-to-Box Engine,38.2,25.3,12.9,87.1,0,3
Eddy Gnahoré,1920,Amiens,FRA-Ligue 1,MF,25.0,1133,Defensive Anchor,Box-to-Box Engine,34.2,25.9,8.3,91.7,0,3
Gaël Kakuta,1920,Amiens,FRA-Ligue 1,"MF,FW",28.0,2001,Ball Progressor,Creative Playmaker,34.6,25.0,9.6,90.4,1,2
Thomas Monconduit,1920,Amiens,FRA-Ligue 1,MF,28.0,1364,Defensive Anchor,Box-to-Box Engine,36.0,25.0,11.0,89.0,0,3
Angelo Fulgini,1920,Angers,FRA-Ligue 1,MF,22.0,1579,Box-to-Box Engine,Creative Playmaker,27.9,27.7,0.2,99.8,3,2
Baptiste Santamaria,1920,Angers,FRA-Ligue 1,MF,24.0,2505,Defensive Anchor,Box-to-Box Engine,39.0,26.9,12.1,87.9,0,3
Mathias Pereira Lage,1920,Angers,FRA-Ligue 1,MF,22.0,1542,Ball Progressor,Creative Playmaker,36.4,23.3,13.1,86.9,1,2
Pierrick Capelle,1920,Angers,FRA-Ligue 1,"MF,DF",32.0,1747,Ball Progressor,Defensive Anchor,33.2,24.8,8.4,91.6,1,0
Sada Thioub,1920,Angers,FRA-Ligue 1,"MF,FW",24.0,1508,Creative Playmaker,Ball Progressor,30.1,28.6,1.5,98.5,2,1
Thomas Mangani,1920,Angers,FRA-Ligue 1,MF,32.0,1871,Box-to-Box Engine,Ball Progressor,32.6,24.0,8.6,91.4,3,1
Aurélien Tchouaméni,1920,Bordeaux,FRA-Ligue 1,MF,19.0,1110,Defensive Anchor,Box-to-Box Engine,35.1,28.5,6.6,93.4,0,3
Nicolas de Préville,1920,Bordeaux,FRA-Ligue 1,"MF,FW",28.0,1995,Creative Playmaker,Ball Progressor,36.7,27.4,9.3,90.7,2,1
Otávio,1920,Bordeaux,FRA-Ligue 1,MF,25.0,2211,Defensive Anchor,Box-to-Box Engine,37.9,26.3,11.6,88.4,0,3
Toma Bašić,1920,Bordeaux,FRA-Ligue 1,MF,22.0,991,Box-to-Box Engine,Ball Progressor,33.3,23.4,9.9,90.1,3,1
Yacine Adli,1920,Bordeaux,FRA-Ligue 1,MF,19.0,1020,Ball Progressor,Creative Playmaker,27.5,26.7,0.8,99.2,1,2
Cristian Battocchio,1920,Brest,FRA-Ligue 1,MF,27.0,1392,Box-to-Box Engine,Defensive Anchor,29.5,27.3,2.2,97.8,3,0
Haris Belkebla,1920,Brest,FRA-Ligue 1,MF,25.0,1816,Defensive Anchor,Box-to-Box Engine,37.5,24.1,13.4,86.6,0,3
Ibrahima Diallo,1920,Brest,FRA-Ligue 1,MF,20.0,1561,Defensive Anchor,Box-to-Box Engine,35.3,27.0,8.3,91.7,0,3
Mathias Autret,1920,Brest,FRA-Ligue 1,"MF,FW",28.0,1222,Creative Playmaker,Ball Progressor,32.1,29.1,3.0,97.0,2,1
Paul Lasne,1920,Brest,FRA-Ligue 1,"MF,FW",30.0,1224,Ball Progressor,Defensive Anchor,31.8,25.6,6.2,93.8,1,0
Didier Ibrahim Ndong,1920,Dijon,FRA-Ligue 1,MF,25.0,2386,Defensive Anchor,Box-to-Box Engine,39.0,26.3,12.7,87.3,0,3
Mounir Chouiar,1920,Dijon,FRA-Ligue 1,"MF,FW",20.0,1506,Creative Playmaker,Ball Progressor,30.5,26.9,3.6,96.4,2,1
Romain Amalfitano,1920,Dijon,FRA-Ligue 1,MF,29.0,1695,Defensive Anchor,Box-to-Box Engine,37.3,26.6,10.7,89.3,0,3
Wesley Lautoa,1920,Dijon,FRA-Ligue 1,"MF,DF",31.0,1869,Defensive Anchor,Box-to-Box Engine,40.3,24.5,15.8,84.2,0,3
Benjamin André,1920,Lille,FRA-Ligue 1,MF,28.0,2054,Defensive Anchor,Box-to-Box Engine,35.4,27.6,7.8,92.2,0,3
Boubakary Soumaré,1920,Lille,FRA-Ligue 1,MF,20.0,1213,Defensive Anchor,Box-to-Box Engine,32.5,28.1,4.4,95.6,0,3
Jonathan Ikone,1920,Lille,FRA-Ligue 1,"MF,FW",21.0,2057,Ball Progressor,Creative Playmaker,32.6,30.2,2.4,97.6,1,2
Renato Sanches,1920,Lille,FRA-Ligue 1,"MF,FW",21.0,1483,Box-to-Box Engine,Creative Playmaker,31.1,26.1,5.0,95.0,3,2
Houssem Aouar,1920,Lyon,FRA-Ligue 1,"MF,FW",21.0,1956,Creative Playmaker,Ball Progressor,30.2,26.1,4.1,95.9,2,1
Lucas Tousart,1920,Lyon,FRA-Ligue 1,MF,22.0,1763,Defensive Anchor,Box-to-Box Engine,42.0,23.7,18.3,81.7,0,3
Thiago Mendes,1920,Lyon,FRA-Ligue 1,MF,27.0,1812,Defensive Anchor,Box-to-Box Engine,31.3,31.1,0.2,99.8,0,3
Kevin Strootman,1920,Marseille,FRA-Ligue 1,MF,29.0,1416,Defensive Anchor,Box-to-Box Engine,31.9,30.4,1.5,98.5,0,3
Maxime Lopez,1920,Marseille,FRA-Ligue 1,"MF,FW",21.0,1110,Box-to-Box Engine,Creative Playmaker,27.5,26.9,0.6,99.4,3,2
Morgan Sanson,1920,Marseille,FRA-Ligue 1,MF,24.0,2173,Ball Progressor,Box-to-Box Engine,31.2,24.1,7.1,92.9,1,3
Valentin Rongier,1920,Marseille,FRA-Ligue 1,MF,24.0,1790,Box-to-Box Engine,Defensive Anchor,31.5,29.6,1.9,98.1,3,0
Habib Maïga,1920,Metz,FRA-Ligue 1,MF,23.0,2266,Defensive Anchor,Box-to-Box Engine,30.8,30.5,0.3,99.7,0,3
Kévin N'Doram,1920,Metz,FRA-Ligue 1,MF,23.0,1646,Defensive Anchor,Box-to-Box Engine,42.8,23.6,19.2,80.8,0,3
Victorien Angban,1920,Metz,FRA-Ligue 1,MF,22.0,1029,Defensive Anchor,Box-to-Box Engine,32.8,28.4,4.4,95.6,0,3
Adama Traoré,1920,Monaco,FRA-Ligue 1,MF,24.0,2605,Defensive Anchor,Ball Progressor,28.2,25.7,2.5,97.5,0,1
Adama Traoré,1920,Monaco,FRA-Ligue 1,MF,24.0,1007,Defensive Anchor,Ball Progressor,28.2,25.7,2.5,97.5,0,1
Adrien Silva,1920,Monaco,FRA-Ligue 1,MF,30.0,1221,Box-to-Box Engine,Defensive Anchor,34.9,28.4,6.5,93.5,3,0
Aleksandr Golovin,1920,Monaco,FRA-Ligue 1,MF,23.0,2061,Creative Playmaker,Box-to-Box Engine,31.3,26.7,4.6,95.4,2,3
Aurélien Tchouaméni,1920,Monaco,FRA-Ligue 1,MF,19.0,1110,Ball Progressor,Defensive Anchor,27.0,25.9,1.1,98.9,1,0
Cesc Fàbregas,1920,Monaco,FRA-Ligue 1,MF,32.0,930,Creative Playmaker,Box-to-Box Engine,28.7,27.1,1.6,98.4,2,3
Tiemoué Bakayoko,1920,Monaco,FRA-Ligue 1,MF,24.0,1719,Defensive Anchor,Box-to-Box Engine,31.8,29.6,2.2,97.8,0,3
Youssouf Fofana,1920,Monaco,FRA-Ligue 1,MF,20.0,1008,Box-to-Box Engine,Defensive Anchor,32.0,26.2,5.8,94.2,3,0
Damien Le Tallec,1920,Montpellier,FRA-Ligue 1,"MF,DF",29.0,2458,Defensive Anchor,Ball Progressor,39.6,24.5,15.1,84.9,0,1
Florent Mollet,1920,Montpellier,FRA-Ligue 1,"MF,FW",27.0,1684,Creative Playmaker,Ball Progressor,32.7,28.7,4.0,96.0,2,1
Jordan Ferri,1920,Montpellier,FRA-Ligue 1,MF,27.0,1150,Box-to-Box Engine,Ball Progressor,33.8,23.5,10.3,89.7,3,1
Joris Chotard,1920,Montpellier,FRA-Ligue 1,MF,17.0,1251,Defensive Anchor,Box-to-Box Engine,41.6,22.6,19.0,81.0,0,3
Téji Savanier,1920,Montpellier,FRA-Ligue 1,MF,27.0,1524,Box-to-Box Engine,Defensive Anchor,31.8,23.9,7.9,92.1,3,0
Abdoulaye Touré,1920,Nantes,FRA-Ligue 1,MF,25.0,2221,Defensive Anchor,Box-to-Box Engine,36.3,27.0,9.3,90.7,0,3
Imran Louza,1920,Nantes,FRA-Ligue 1,"MF,FW",20.0,2009,Ball Progressor,Box-to-Box Engine,32.4,25.5,6.9,93.1,1,3
Mehdi Abeid,1920,Nantes,FRA-Ligue 1,MF,26.0,1817,Defensive Anchor,Box-to-Box Engine,32.8,29.1,3.7,96.3,0,3
Valentin Rongier,1920,Nantes,FRA-Ligue 1,MF,24.0,1790,Box-to-Box Engine,Ball Progressor,28.8,23.9,4.9,95.1,3,1
Arnaud Lusamba,1920,Nice,FRA-Ligue 1,"MF,FW",22.0,982,Ball Progressor,Defensive Anchor,31.3,25.5,5.8,94.2,1,0
Pierre Lees-Melou,1920,Nice,FRA-Ligue 1,MF,26.0,2252,Box-to-Box Engine,Ball Progressor,29.1,27.4,1.7,98.3,3,1
Wylan Cyprien,1920,Nice,FRA-Ligue 1,MF,24.0,1772,Box-to-Box Engine,Creative Playmaker,27.8,26.3,1.5,98.5,3,2
Lamine Fomba,1920,Nîmes,FRA-Ligue 1,MF,21.0,1373,Defensive Anchor,Ball Progressor,37.8,23.6,14.2,85.8,0,1
Lucas Deaux,1920,Nîmes,FRA-Ligue 1,MF,30.0,1335,Defensive Anchor,Box-to-Box Engine,34.7,28.1,6.6,93.4,0,3
Sidy Sarr,1920,Nîmes,FRA-Ligue 1,MF,23.0,1165,Defensive Anchor,Box-to-Box Engine,41.3,23.0,18.3,81.7,0,3
Theo Valls,1920,Nîmes,FRA-Ligue 1,MF,23.0,1632,Defensive Anchor,Ball Progressor,32.4,27.6,4.8,95.2,0,1
Idrissa Gana Gueye,1920,Paris S-G,FRA-Ligue 1,MF,29.0,1653,Box-to-Box Engine,Defensive Anchor,35.8,24.9,10.9,89.1,3,0
Marco Verratti,1920,Paris S-G,FRA-Ligue 1,MF,26.0,1482,Box-to-Box Engine,Creative Playmaker,31.5,24.8,6.7,93.3,3,2
Marquinhos,1920,Paris S-G,FRA-Ligue 1,"MF,DF",25.0,1476,Box-to-Box Engine,Defensive Anchor,32.7,29.6,3.1,96.9,3,0
Neymar,1920,Paris S-G,FRA-Ligue 1,"MF,FW",27.0,1318,Creative Playmaker,Ball Progressor,33.1,24.0,9.1,90.9,2,1
Alaixys Romao,1920,Reims,FRA-Ligue 1,MF,35.0,1781,Defensive Anchor,Box-to-Box Engine,37.3,26.3,11.0,89.0,0,3
Xavier Chavalerin,1920,Reims,FRA-Ligue 1,MF,28.0,2147,Defensive Anchor,Box-to-Box Engine,30.4,27.2,3.2,96.8,0,3
Benjamin Bourigeaud,1920,Rennes,FRA-Ligue 1,MF,25.0,1903,Box-to-Box Engine,Defensive Anchor,33.0,25.1,7.9,92.1,3,0
Eduardo Camavinga,1920,Rennes,FRA-Ligue 1,MF,16.0,2107,Defensive Anchor,Box-to-Box Engine,35.7,26.3,9.4,90.6,0,3
James Lea Siliki,1920,Rennes,FRA-Ligue 1,MF,23.0,1079,Defensive Anchor,Ball Progressor,37.5,26.4,11.1,88.9,0,1
Raphinha,1920,Rennes,FRA-Ligue 1,"MF,FW",22.0,1690,Creative Playmaker,Ball Progressor,36.8,27.4,9.4,90.6,2,1
Mahdi Camara,1920,Saint-Étienne,FRA-Ligue 1,MF,21.0,901,Defensive Anchor,Box-to-Box Engine,34.6,25.1,9.5,90.5,0,3
Ryad Boudebouz,1920,Saint-Étienne,FRA-Ligue 1,"MF,FW",29.0,1597,Creative Playmaker,Ball Progressor,31.5,28.1,3.4,96.6,2,1
Yann M'Vila,1920,Saint-Étienne,FRA-Ligue 1,"MF,DF",29.0,1942,Defensive Anchor,Box-to-Box Engine,37.1,25.7,11.4,88.6,0,3
Zaydou Youssouf,1920,Saint-Étienne,FRA-Ligue 1,MF,20.0,1077,Defensive Anchor,Box-to-Box Engine,33.4,27.6,5.8,94.2,0,3
Adrien Thomasson,1920,Strasbourg,FRA-Ligue 1,"MF,FW",25.0,2072,Ball Progressor,Creative Playmaker,32.2,29.7,2.5,97.5,1,2
Dimitri Liénard,1920,Strasbourg,FRA-Ligue 1,MF,31.0,1489,Box-to-Box Engine,Creative Playmaker,35.0,23.2,11.8,88.2,3,2
Ibrahima Sissoko,1920,Strasbourg,FRA-Ligue 1,MF,21.0,1598,Defensive Anchor,Ball Progressor,33.8,26.2,7.6,92.4,0,1
Jean-Ricner Bellegarde,1920,Strasbourg,FRA-Ligue 1,MF,21.0,1497,Ball Progressor,Box-to-Box Engine,29.2,26.6,2.6,97.4,1,3
Youssouf Fofana,1920,Strasbourg,FRA-Ligue 1,MF,20.0,1008,Defensive Anchor,Ball Progressor,32.3,26.8,5.5,94.5,0,1
Ibrahim Sangaré,1920,Toulouse,FRA-Ligue 1,MF,21.0,2175,Box-to-Box Engine,Defensive Anchor,33.6,30.1,3.5,96.5,3,0
Jean-Victor Makengo,1920,Toulouse,FRA-Ligue 1,MF,21.0,988,Ball Progressor,Box-to-Box Engine,31.6,23.5,8.1,91.9,1,3
Mathieu Dossevi,1920,Toulouse,FRA-Ligue 1,"MF,FW",31.0,1751,Creative Playmaker,Ball Progressor,32.9,27.6,5.3,94.7,2,1
Max Gradel,1920,Toulouse,FRA-Ligue 1,"MF,FW",31.0,1635,Creative Playmaker,Ball Progressor,31.0,30.4,0.6,99.4,2,1
Quentin Boisgard,1920,Toulouse,FRA-Ligue 1,"MF,FW",22.0,1146,Ball Progressor,Box-to-Box Engine,30.4,26.0,4.4,95.6,1,3
Wesley Saïd,1920,Toulouse,FRA-Ligue 1,"MF,FW",24.0,1160,Ball Progressor,Creative Playmaker,33.0,25.6,7.4,92.6,1,2
William Vainqueur,1920,Toulouse,FRA-Ligue 1,MF,30.0,1715,Defensive Anchor,Box-to-Box Engine,39.0,25.2,13.8,86.2,0,3
Angelo Fulgini,2021,Angers,FRA-Ligue 1,MF,23.0,2725,Creative Playmaker,Ball Progressor,38.5,24.7,13.8,86.2,2,1
Antonin Bobichon,2021,Angers,FRA-Ligue 1,"MF,FW",24.0,911,Ball Progressor,Box-to-Box Engine,28.0,26.9,1.1,98.9,1,3
Baptiste Santamaria,2021,Angers,FRA-Ligue 1,MF,25.0,2209,Defensive Anchor,Box-to-Box Engine,34.7,27.5,7.2,92.8,0,3
Ibrahim Amadou,2021,Angers,FRA-Ligue 1,MF,27.0,1504,Defensive Anchor,Ball Progressor,43.3,21.7,21.6,78.4,0,1
Lassana Coulibaly,2021,Angers,FRA-Ligue 1,MF,24.0,1687,Defensive Anchor,Box-to-Box Engine,39.0,23.5,15.5,84.5,0,3
Pierrick Capelle,2021,Angers,FRA-Ligue 1,"MF,DF",33.0,2053,Defensive Anchor,Box-to-Box Engine,30.4,28.1,2.3,97.7,0,3
Thomas Mangani,2021,Angers,FRA-Ligue 1,MF,33.0,2691,Box-to-Box Engine,Defensive Anchor,38.3,24.7,13.6,86.4,3,0
Hatem Ben Arfa,2021,Bordeaux,FRA-Ligue 1,"MF,FW",33.0,1703,Creative Playmaker,Ball Progressor,34.2,26.6,7.6,92.4,2,1
Mehdi Zerkane,2021,Bordeaux,FRA-Ligue 1,"MF,FW",21.0,1187,Ball Progressor,Defensive Anchor,35.8,24.0,11.8,88.2,1,0
Otávio,2021,Bordeaux,FRA-Ligue 1,MF,26.0,1559,Defensive Anchor,Box-to-Box Engine,42.2,22.7,19.5,80.5,0,3
Toma Bašić,2021,Bordeaux,FRA-Ligue 1,MF,23.0,2601,Defensive Anchor,Ball Progressor,30.3,29.5,0.8,99.2,0,1
Yacine Adli,2021,Bordeaux,FRA-Ligue 1,MF,20.0,2418,Box-to-Box Engine,Defensive Anchor,40.1,21.9,18.2,81.8,3,0
Franck Honorat,2021,Brest,FRA-Ligue 1,"MF,FW",23.0,2458,Creative Playmaker,Ball Progressor,36.8,26.7,10.1,89.9,2,1
Gaëtan Charbonnier,2021,Brest,FRA-Ligue 1,"MF,FW",31.0,1570,Ball Progressor,Creative Playmaker,32.3,26.1,6.2,93.8,1,2
Haris Belkebla,2021,Brest,FRA-Ligue 1,MF,26.0,2727,Defensive Anchor,Box-to-Box Engine,42.7,22.9,19.8,80.2,0,3
Ibrahima Diallo,2021,Brest,FRA-Ligue 1,MF,21.0,1020,Defensive Anchor,Box-to-Box Engine,34.3,26.8,7.5,92.5,0,3
Jean Lucas,2021,Brest,FRA-Ligue 1,"MF,FW",22.0,1011,Box-to-Box Engine,Defensive Anchor,31.7,25.3,6.4,93.6,3,0
Paul Lasne,2021,Brest,FRA-Ligue 1,MF,31.0,1681,Defensive Anchor,Box-to-Box Engine,36.1,26.0,10.1,89.9,0,3
Romain Faivre,2021,Brest,FRA-Ligue 1,"MF,FW",22.0,2891,Creative Playmaker,Box-to-Box Engine,35.1,24.1,11.0,89.0,2,3
Bersant Celina,2021,Dijon,FRA-Ligue 1,"MF,FW",23.0,2298,Ball Progressor,Creative Playmaker,32.0,25.3,6.7,93.3,1,2
Didier Ibrahim Ndong,2021,Dijon,FRA-Ligue 1,MF,26.0,2610,Defensive Anchor,Box-to-Box Engine,41.0,25.1,15.9,84.1,0,3
Jordan Marié,2021,Dijon,FRA-Ligue 1,MF,28.0,1432,Defensive Anchor,Box-to-Box Engine,44.6,21.6,23.0,77.0,0,3
Pape Cheikh Diop,2021,Dijon,FRA-Ligue 1,MF,22.0,1089,Defensive Anchor,Box-to-Box Engine,36.5,25.6,10.9,89.1,0,3
Wesley Lautoa,2021,Dijon,FRA-Ligue 1,"MF,DF",32.0,1608,Defensive Anchor,Box-to-Box Engine,41.2,22.3,18.9,81.1,0,3
Cheick Doucouré,2021,Lens,FRA-Ligue 1,MF,20.0,2627,Defensive Anchor,Box-to-Box Engine,32.4,30.9,1.5,98.5,0,3
Gaël Kakuta,2021,Lens,FRA-Ligue 1,"MF,FW",29.0,2394,Creative Playmaker,Ball Progressor,31.5,28.3,3.2,96.8,2,1
Seko Fofana,2021,Lens,FRA-Ligue 1,MF,25.0,2309,Ball Progressor,Box-to-Box Engine,28.6,26.1,2.5,97.5,1,3
Yannick Cahuzac,2021,Lens,FRA-Ligue 1,MF,35.0,2252,Defensive Anchor,Ball Progressor,35.7,26.6,9.1,90.9,0,1
Benjamin André,2021,Lille,FRA-Ligue 1,MF,29.0,2885,Defensive Anchor,Box-to-Box Engine,33.0,29.8,3.2,96.8,0,3
Boubakary Soumaré,2021,Lille,FRA-Ligue 1,MF,21.0,1919,Box-to-Box Engine,Defensive Anchor,33.1,29.0,4.1,95.9,3,0
Jonathan Bamba,2021,Lille,FRA-Ligue 1,MF,24.0,2985,Creative Playmaker,Ball Progressor,33.7,27.7,6.0,94.0,2,1
Jonathan Ikone,2021,Lille,FRA-Ligue 1,"MF,FW",22.0,2177,Ball Progressor,Creative Playmaker,36.6,23.4,13.2,86.8,1,2
Luiz Araújo,2021,Lille,FRA-Ligue 1,MF,24.0,1496,Ball Progressor,Creative Playmaker,32.4,28.8,3.6,96.4,1,2
Renato Sanches,2021,Lille,FRA-Ligue 1,MF,22.0,1270,Box-to-Box Engine,Creative Playmaker,31.7,24.4,7.3,92.7,3,2
Xeka,2021,Lille,FRA-Ligue 1,MF,25.0,1200,Box-to-Box Engine,Defensive Anchor,39.4,22.9,16.5,83.5,3,0
Armand Lauriente,2021,Lorient,FRA-Ligue 1,"MF,FW",21.0,1622,Creative Playmaker,Ball Progressor,36.1,26.3,9.8,90.2,2,1
Enzo Le Fée,2021,Lorient,FRA-Ligue 1,MF,20.0,1816,Box-to-Box Engine,Ball Progressor,28.6,26.9,1.7,98.3,3,1
Fabien Lemoine,2021,Lorient,FRA-Ligue 1,MF,33.0,1934,Defensive Anchor,Box-to-Box Engine,33.5,30.8,2.7,97.3,0,3
Laurent Abergel,2021,Lorient,FRA-Ligue 1,MF,27.0,2963,Defensive Anchor,Box-to-Box Engine,35.2,26.4,8.8,91.2,0,3
Quentin Boisgard,2021,Lorient,FRA-Ligue 1,"MF,FW",23.0,1314,Ball Progressor,Creative Playmaker,36.4,23.1,13.3,86.7,1,2
Thomas Monconduit,2021,Lorient,FRA-Ligue 1,MF,29.0,1153,Box-to-Box Engine,Defensive Anchor,31.6,30.7,0.9,99.1,3,0
Yoane Wissa,2021,Lorient,FRA-Ligue 1,"MF,FW",23.0,2674,Ball Progressor,Creative Playmaker,31.4,26.0,5.4,94.6,1,2
Bruno Guimarães,2021,Lyon,FRA-Ligue 1,MF,22.0,1754,Box-to-Box Engine,Creative Playmaker,34.4,22.1,12.3,87.7,3,2
Houssem Aouar,2021,Lyon,FRA-Ligue 1,"MF,FW",22.0,1781,Creative Playmaker,Ball Progressor,38.9,23.9,15.0,85.0,2,1
Jean Lucas,2021,Lyon,FRA-Ligue 1,MF,22.0,1011,Box-to-Box Engine,Ball Progressor,29.7,24.1,5.6,94.4,3,1
Lucas Paquetá,2021,Lyon,FRA-Ligue 1,MF,22.0,2275,Box-to-Box Engine,Creative Playmaker,27.5,27.1,0.4,99.6,3,2
Maxence Caqueret,2021,Lyon,FRA-Ligue 1,MF,20.0,1761,Box-to-Box Engine,Defensive Anchor,32.9,27.3,5.6,94.4,3,0
Thiago Mendes,2021,Lyon,FRA-Ligue 1,MF,28.0,2243,Box-to-Box Engine,Defensive Anchor,33.6,30.7,2.9,97.1,3,0
Boubacar Kamara,2021,Marseille,FRA-Ligue 1,MF,20.0,2894,Defensive Anchor,Box-to-Box Engine,33.9,31.9,2.0,98.0,0,3
Kevin Strootman,2021,Marseille,FRA-Ligue 1,"MF,FW",30.0,1314,Box-to-Box Engine,Defensive Anchor,29.4,28.5,0.9,99.1,3,0
Mickaël Cuisance,2021,Marseille,FRA-Ligue 1,MF,20.0,1024,Ball Progressor,Defensive Anchor,37.1,23.6,13.5,86.5,1,0
Pape Gueye,2021,Marseille,FRA-Ligue 1,MF,21.0,2058,Defensive Anchor,Box-to-Box Engine,37.6,27.7,9.9,90.1,0,3
Valentin Rongier,2021,Marseille,FRA-Ligue 1,MF,25.0,1887,Defensive Anchor,Box-to-Box Engine,32.1,30.9,1.2,98.8,0,3
Farid Boulaya,2021,Metz,FRA-Ligue 1,"MF,FW",27.0,2815,Creative Playmaker,Ball Progressor,37.2,23.3,13.9,86.1,2,1
Habib Maïga,2021,Metz,FRA-Ligue 1,MF,24.0,2693,Defensive Anchor,Box-to-Box Engine,36.9,28.3,8.6,91.4,0,3
Mamadou Fofana,2021,Metz,FRA-Ligue 1,"MF,DF",22.0,1070,Defensive Anchor,Box-to-Box Engine,37.6,23.4,14.2,85.8,0,3
Pape Matar Sarr,2021,Metz,FRA-Ligue 1,MF,17.0,1594,Box-to-Box Engine,Defensive Anchor,33.0,28.8,4.2,95.8,3,0
Victorien Angban,2021,Metz,FRA-Ligue 1,MF,23.0,1672,Defensive Anchor,Box-to-Box Engine,41.2,23.7,17.5,82.5,0,3
Vincent Pajot,2021,Metz,FRA-Ligue 1,MF,29.0,914,Defensive Anchor,Box-to-Box Engine,36.9,24.8,12.1,87.9,0,3
Aleksandr Golovin,2021,Monaco,FRA-Ligue 1,"MF,FW",24.0,1069,Creative Playmaker,Ball Progressor,34.1,24.4,9.7,90.3,2,1
Aurélien Tchouaméni,2021,Monaco,FRA-Ligue 1,MF,20.0,3063,Defensive Anchor,Box-to-Box Engine,33.4,29.7,3.7,96.3,0,3
Gelson Martins,2021,Monaco,FRA-Ligue 1,"MF,FW",25.0,1551,Ball Progressor,Creative Playmaker,30.4,29.4,1.0,99.0,1,2
Jean-Eudes Aholou,2021,Monaco,FRA-Ligue 1,MF,26.0,2146,Defensive Anchor,Ball Progressor,30.9,25.1,5.8,94.2,0,1
Sofiane Diop,2021,Monaco,FRA-Ligue 1,"MF,FW",20.0,2023,Ball Progressor,Creative Playmaker,28.9,26.4,2.5,97.5,1,2
Youssouf Fofana,2021,Monaco,FRA-Ligue 1,MF,21.0,2873,Box-to-Box Engine,Defensive Anchor,32.6,32.1,0.5,99.5,3,0
Damien Le Tallec,2021,Montpellier,FRA-Ligue 1,"MF,DF",30.0,1227,Defensive Anchor,Ball Progressor,34.4,26.3,8.1,91.9,0,1
Florent Mollet,2021,Montpellier,FRA-Ligue 1,MF,28.0,2355,Ball Progressor,Creative Playmaker,34.1,23.1,11.0,89.0,1,2
Jordan Ferri,2021,Montpellier,FRA-Ligue 1,MF,28.0,2577,Box-to-Box Engine,Defensive Anchor,31.4,30.0,1.4,98.6,3,0
Joris Chotard,2021,Montpellier,FRA-Ligue 1,MF,18.0,1165,Defensive Anchor,Ball Progressor,33.9,27.0,6.9,93.1,0,1
Téji Savanier,2021,Montpellier,FRA-Ligue 1,MF,28.0,2165,Box-to-Box Engine,Creative Playmaker,28.3,28.2,0.1,99.9,3,2
Abdoulaye Touré,2021,Nantes,FRA-Ligue 1,MF,26.0,1681,Defensive Anchor,Box-to-Box Engine,34.7,26.7,8.0,92.0,0,3
Imran Louza,2021,Nantes,FRA-Ligue 1,MF,21.0,2379,Ball Progressor,Box-to-Box Engine,27.6,27.1,0.5,99.5,1,3
Ludovic Blas,2021,Nantes,FRA-Ligue 1,"MF,FW",22.0,2787,Ball Progressor,Creative Playmaker,35.5,22.2,13.3,86.7,1,2
Marcus Coco,2021,Nantes,FRA-Ligue 1,"MF,FW",24.0,1474,Ball Progressor,Defensive Anchor,32.7,27.7,5.0,95.0,1,0
Mehdi Abeid,2021,Nantes,FRA-Ligue 1,MF,27.0,1320,Defensive Anchor,Box-to-Box Engine,35.1,27.3,7.8,92.2,0,3
Pedro Chirivella,2021,Nantes,FRA-Ligue 1,MF,23.0,2280,Defensive Anchor,Box-to-Box Engine,34.3,25.4,8.9,91.1,0,3
Alexis Claude-Maurice,2021,Nice,FRA-Ligue 1,"MF,FW",22.0,1910,Ball Progressor,Creative Playmaker,34.5,25.7,8.8,91.2,1,2
Hicham Boudaoui,2021,Nice,FRA-Ligue 1,MF,20.0,1736,Defensive Anchor,Ball Progressor,31.3,29.3,2.0,98.0,0,1
Jeff Reine-Adélaïde,2021,Nice,FRA-Ligue 1,"MF,FW",22.0,1058,Ball Progressor,Creative Playmaker,30.6,26.9,3.7,96.3,1,2
Khéphren Thuram,2021,Nice,FRA-Ligue 1,MF,19.0,1494,Box-to-Box Engine,Defensive Anchor,29.6,29.0,0.6,99.4,3,0
Morgan Schneiderlin,2021,Nice,FRA-Ligue 1,MF,30.0,2197,Defensive Anchor,Box-to-Box Engine,36.9,27.4,9.5,90.5,0,3
Pierre Lees-Melou,2021,Nice,FRA-Ligue 1,MF,27.0,2063,Defensive Anchor,Box-to-Box Engine,29.6,29.0,0.6,99.4,0,3
Andrés Cubas,2021,Nîmes,FRA-Ligue 1,MF,24.0,2242,Defensive Anchor,Box-to-Box Engine,35.6,24.7,10.9,89.1,0,3
Lamine Fomba,2021,Nîmes,FRA-Ligue 1,MF,22.0,2175,Defensive Anchor,Ball Progressor,36.8,24.2,12.6,87.4,0,1
Lucas Deaux,2021,Nîmes,FRA-Ligue 1,"MF,DF",31.0,1754,Defensive Anchor,Box-to-Box Engine,35.3,26.4,8.9,91.1,0,3
Niclas Eliasson,2021,Nîmes,FRA-Ligue 1,"MF,FW",24.0,1799,Ball Progressor,Creative Playmaker,34.6,24.1,10.5,89.5,1,2
Renaud Ripart,2021,Nîmes,FRA-Ligue 1,"MF,FW",27.0,3054,Ball Progressor,Defensive Anchor,32.2,26.0,6.2,93.8,1,0
Yassine Benrahou,2021,Nîmes,FRA-Ligue 1,MF,21.0,1239,Ball Progressor,Creative Playmaker,32.0,23.4,8.6,91.4,1,2
Ander Herrera,2021,Paris S-G,FRA-Ligue 1,MF,30.0,1851,Box-to-Box Engine,Defensive Anchor,38.6,22.4,16.2,83.8,3,0
Danilo Pereira,2021,Paris S-G,FRA-Ligue 1,"MF,DF",28.0,1430,Defensive Anchor,Box-to-Box Engine,31.7,29.4,2.3,97.7,0,3
Idrissa Gana Gueye,2021,Paris S-G,FRA-Ligue 1,MF,30.0,1581,Box-to-Box Engine,Defensive Anchor,35.2,24.3,10.9,89.1,3,0
Julian Draxler,2021,Paris S-G,FRA-Ligue 1,"MF,FW",26.0,1064,Creative Playmaker,Ball Progressor,36.9,24.4,12.5,87.5,2,1
Leandro Paredes,2021,Paris S-G,FRA-Ligue 1,MF,26.0,1302,Box-to-Box Engine,Defensive Anchor,36.5,24.2,12.3,87.7,3,0
Marco Verratti,2021,Paris S-G,FRA-Ligue 1,MF,27.0,1492,Box-to-Box Engine,Creative Playmaker,33.5,23.4,10.1,89.9,3,2
Neymar,2021,Paris S-G,FRA-Ligue 1,"MF,FW",28.0,1415,Creative Playmaker,Ball Progressor,33.7,23.8,9.9,90.1,2,1
Rafinha,2021,Paris S-G,FRA-Ligue 1,"MF,FW",27.0,1361,Box-to-Box Engine,Creative Playmaker,33.3,23.2,10.1,89.9,3,2
Arber Zeneli,2021,Reims,FRA-Ligue 1,"MF,FW",25.0,1289,Ball Progressor,Creative Playmaker,36.1,25.0,11.1,88.9,1,2
Marshall Munetsi,2021,Reims,FRA-Ligue 1,"MF,DF",24.0,1928,Defensive Anchor,Box-to-Box Engine,38.2,23.5,14.7,85.3,0,3
Mathieu Cafaro,2021,Reims,FRA-Ligue 1,"MF,FW",23.0,2074,Ball Progressor,Creative Playmaker,38.3,20.7,17.6,82.4,1,2
Moreto Cassamã,2021,Reims,FRA-Ligue 1,MF,22.0,2031,Defensive Anchor,Box-to-Box Engine,34.9,28.7,6.2,93.8,0,3
Nathanael Mbuku,2021,Reims,FRA-Ligue 1,"MF,FW",18.0,2210,Ball Progressor,Defensive Anchor,38.0,21.5,16.5,83.5,1,0
Valon Berisha,2021,Reims,FRA-Ligue 1,MF,27.0,1645,Box-to-Box Engine,Ball Progressor,33.4,24.7,8.7,91.3,3,1
Xavier Chavalerin,2021,Reims,FRA-Ligue 1,MF,29.0,2547,Defensive Anchor,Ball Progressor,39.5,23.5,16.0,84.0,0,1
Benjamin Bourigeaud,2021,Rennes,FRA-Ligue 1,"MF,FW",26.0,2552,Creative Playmaker,Ball Progressor,30.0,26.1,3.9,96.1,2,1
Clément Grenier,2021,Rennes,FRA-Ligue 1,"MF,FW",29.0,1078,Creative Playmaker,Box-to-Box Engine,31.1,25.3,5.8,94.2,2,3
Eduardo Camavinga,2021,Rennes,FRA-Ligue 1,MF,17.0,2402,Box-to-Box Engine,Defensive Anchor,32.3,26.7,5.6,94.4,3,0
Flavien Tait,2021,Rennes,FRA-Ligue 1,"MF,FW",27.0,1368,Box-to-Box Engine,Ball Progressor,29.8,26.4,3.4,96.6,3,1
Jeremy Doku,2021,Rennes,FRA-Ligue 1,"MF,FW",18.0,2313,Creative Playmaker,Ball Progressor,34.4,26.0,8.4,91.6,2,1
Steven Nzonzi,2021,Rennes,FRA-Ligue 1,MF,31.0,2908,Box-to-Box Engine,Defensive Anchor,30.5,28.1,2.4,97.6,3,0
Adil Aouchiche,2021,Saint-Étienne,FRA-Ligue 1,"MF,FW",18.0,1731,Creative Playmaker,Ball Progressor,34.5,26.2,8.3,91.7,2,1
Arnaud Nordin,2021,Saint-Étienne,FRA-Ligue 1,"MF,FW",22.0,1771,Ball Progressor,Creative Playmaker,36.0,25.5,10.5,89.5,1,2
Denis Bouanga,2021,Saint-Étienne,FRA-Ligue 1,"MF,FW",25.0,2720,Ball Progressor,Creative Playmaker,33.5,25.3,8.2,91.8,1,2
Lucas Gourna-Douath,2021,Saint-Étienne,FRA-Ligue 1,MF,16.0,1327,Defensive Anchor,Box-to-Box Engine,40.0,23.8,16.2,83.8,0,3
Mahdi Camara,2021,Saint-Étienne,FRA-Ligue 1,"MF,DF",22.0,3290,Defensive Anchor,Box-to-Box Engine,39.0,24.4,14.6,85.4,0,3
Yvan Neyou,2021,Saint-Étienne,FRA-Ligue 1,MF,23.0,2438,Defensive Anchor,Box-to-Box Engine,38.1,26.3,11.8,88.2,0,3
Zaydou Youssouf,2021,Saint-Étienne,FRA-Ligue 1,MF,21.0,1229,Defensive Anchor,Ball Progressor,36.2,25.1,11.1,88.9,0,1
Adrien Thomasson,2021,Strasbourg,FRA-Ligue 1,"MF,FW",26.0,2624,Ball Progressor,Creative Playmaker,38.8,20.8,18.0,82.0,1,2
Dimitri Liénard,2021,Strasbourg,FRA-Ligue 1,MF,32.0,1829,Creative Playmaker,Box-to-Box Engine,29.2,27.2,2.0,98.0,2,3
Ibrahima Sissoko,2021,Strasbourg,FRA-Ligue 1,MF,22.0,2581,Defensive Anchor,Box-to-Box Engine,40.4,23.3,17.1,82.9,0,3
Jean-Eudes Aholou,2021,Strasbourg,FRA-Ligue 1,MF,26.0,2146,Defensive Anchor,Box-to-Box Engine,38.0,24.0,14.0,86.0,0,3
Jean-Ricner Bellegarde,2021,Strasbourg,FRA-Ligue 1,"MF,FW",22.0,2086,Ball Progressor,Defensive Anchor,35.0,24.4,10.6,89.4,1,0
Angelo Fulgini,2122,Angers,FRA-Ligue 1,"MF,FW",24.0,2929,Ball Progressor,Creative Playmaker,37.6,23.4,14.2,85.8,1,2
Azzedine Ounahi,2122,Angers,FRA-Ligue 1,MF,21.0,1633,Box-to-Box Engine,Ball Progressor,29.7,28.2,1.5,98.5,3,1
Batista Mendy,2122,Angers,FRA-Ligue 1,"MF,DF",21.0,2413,Defensive Anchor,Box-to-Box Engine,45.5,21.9,23.6,76.4,0,3
Nabil Bentaleb,2122,Angers,FRA-Ligue 1,MF,26.0,1515,Defensive Anchor,Box-to-Box Engine,42.0,24.8,17.2,82.8,0,3
Pierrick Capelle,2122,Angers,FRA-Ligue 1,"MF,DF",34.0,1193,Defensive Anchor,Ball Progressor,31.8,26.5,5.3,94.7,0,1
Thomas Mangani,2122,Angers,FRA-Ligue 1,MF,34.0,2193,Defensive Anchor,Box-to-Box Engine,29.3,28.4,0.9,99.1,0,3
Fransérgio,2122,Bordeaux,FRA-Ligue 1,MF,30.0,1258,Defensive Anchor,Ball Progressor,42.0,23.5,18.5,81.5,0,1
Javairô Dilrosun,2122,Bordeaux,FRA-Ligue 1,"MF,FW",23.0,1732,Creative Playmaker,Ball Progressor,31.0,29.9,1.1,98.9,2,1
Jean Onana,2122,Bordeaux,FRA-Ligue 1,MF,21.0,1832,Defensive Anchor,Box-to-Box Engine,33.7,28.7,5.0,95.0,0,3
Josuha Guilavogui,2122,Bordeaux,FRA-Ligue 1,"MF,DF",30.0,1331,Defensive Anchor,Box-to-Box Engine,32.6,30.0,2.6,97.4,0,3
Josuha Guilavogui,2122,Bordeaux,FRA-Ligue 1,"MF,DF",30.0,942,Defensive Anchor,Box-to-Box Engine,32.6,30.0,2.6,97.4,0,3
Otávio,2122,Bordeaux,FRA-Ligue 1,MF,27.0,1147,Defensive Anchor,Box-to-Box Engine,39.3,24.2,15.1,84.9,0,3
Remi Oudin,2122,Bordeaux,FRA-Ligue 1,"MF,FW",24.0,1737,Ball Progressor,Defensive Anchor,33.7,23.3,10.4,89.6,1,0
Toma Bašić,2122,Bordeaux,FRA-Ligue 1,MF,24.0,982,Ball Progressor,Creative Playmaker,30.3,24.3,6.0,94.0,1,2
Yacine Adli,2122,Bordeaux,FRA-Ligue 1,"MF,FW",21.0,2260,Box-to-Box Engine,Creative Playmaker,28.2,28.0,0.2,99.8,3,2
Haris Belkebla,2122,Brest,FRA-Ligue 1,MF,27.0,2310,Defensive Anchor,Box-to-Box Engine,42.6,22.7,19.9,80.1,0,3
Hugo Magnetti,2122,Brest,FRA-Ligue 1,MF,23.0,1463,Defensive Anchor,Box-to-Box Engine,39.7,24.6,15.1,84.9,0,3
Lucien Agoume,2122,Brest,FRA-Ligue 1,MF,19.0,1868,Defensive Anchor,Box-to-Box Engine,38.7,25.9,12.8,87.2,0,3
Romain Del Castillo,2122,Brest,FRA-Ligue 1,"MF,FW",25.0,975,Ball Progressor,Creative Playmaker,28.3,26.1,2.2,97.8,1,2
Romain Faivre,2122,Brest,FRA-Ligue 1,MF,23.0,1795,Creative Playmaker,Ball Progressor,38.0,24.4,13.6,86.4,2,1
Jason Berthomier,2122,Clermont Foot,FRA-Ligue 1,MF,31.0,1732,Creative Playmaker,Box-to-Box Engine,28.5,27.8,0.7,99.3,2,3
Johan Gastien,2122,Clermont Foot,FRA-Ligue 1,MF,33.0,2746,Box-to-Box Engine,Defensive Anchor,35.8,26.9,8.9,91.1,3,0
Salis Abdul Samed,2122,Clermont Foot,FRA-Ligue 1,MF,21.0,2462,Defensive Anchor,Box-to-Box Engine,36.1,26.9,9.2,90.8,0,3
Saîf-Eddine Khaoui,2122,Clermont Foot,FRA-Ligue 1,"MF,FW",26.0,927,Ball Progressor,Defensive Anchor,32.5,25.5,7.0,93.0,1,0
Yohann Magnin,2122,Clermont Foot,FRA-Ligue 1,"MF,DF",24.0,1717,Defensive Anchor,Ball Progressor,40.8,23.0,17.8,82.2,0,1
Cheick Doucouré,2122,Lens,FRA-Ligue 1,MF,21.0,2946,Box-to-Box Engine,Defensive Anchor,36.9,26.4,10.5,89.5,3,0
David Costa,2122,Lens,FRA-Ligue 1,"MF,FW",20.0,1464,Creative Playmaker,Ball Progressor,37.1,25.0,12.1,87.9,2,1
Gaël Kakuta,2122,Lens,FRA-Ligue 1,"MF,FW",30.0,1673,Ball Progressor,Creative Playmaker,36.7,24.3,12.4,87.6,1,2
Seko Fofana,2122,Lens,FRA-Ligue 1,MF,26.0,3357,Ball Progressor,Creative Playmaker,29.9,26.0,3.9,96.1,1,2
Amadou Onana,2122,Lille,FRA-Ligue 1,MF,19.0,1359,Defensive Anchor,Box-to-Box Engine,33.6,26.7,6.9,93.1,0,3
Angel Gomes,2122,Lille,FRA-Ligue 1,"MF,FW",20.0,954,Ball Progressor,Creative Playmaker,34.1,22.7,11.4,88.6,1,2
Benjamin André,2122,Lille,FRA-Ligue 1,MF,30.0,2752,Defensive Anchor,Box-to-Box Engine,32.9,29.9,3.0,97.0,0,3
Jonathan Bamba,2122,Lille,FRA-Ligue 1,"MF,FW",25.0,2428,Ball Progressor,Creative Playmaker,30.2,28.6,1.6,98.4,1,2
Jonathan Ikone,2122,Lille,FRA-Ligue 1,"MF,FW",23.0,1062,Ball Progressor,Creative Playmaker,36.4,24.9,11.5,88.5,1,2
Renato Sanches,2122,Lille,FRA-Ligue 1,"MF,FW",23.0,1651,Box-to-Box Engine,Creative Playmaker,29.7,29.1,0.6,99.4,3,2
Timothy Weah,2122,Lille,FRA-Ligue 1,"MF,FW",21.0,1616,Ball Progressor,Creative Playmaker,34.1,28.5,5.6,94.4,1,2
Xeka,2122,Lille,FRA-Ligue 1,MF,26.0,1619,Defensive Anchor,Box-to-Box Engine,38.0,24.9,13.1,86.9,0,3
Enzo Le Fée,2122,Lorient,FRA-Ligue 1,"MF,FW",21.0,2194,Box-to-Box Engine,Ball Progressor,31.6,25.7,5.9,94.1,3,1
Fabien Lemoine,2122,Lorient,FRA-Ligue 1,MF,34.0,1117,Defensive Anchor,Box-to-Box Engine,33.3,31.4,1.9,98.1,0,3
Laurent Abergel,2122,Lorient,FRA-Ligue 1,MF,28.0,2956,Defensive Anchor,Box-to-Box Engine,33.6,29.5,4.1,95.9,0,3
Quentin Boisgard,2122,Lorient,FRA-Ligue 1,"MF,FW",24.0,958,Ball Progressor,Defensive Anchor,36.9,24.7,12.2,87.8,1,0
Thomas Monconduit,2122,Lorient,FRA-Ligue 1,MF,30.0,2248,Box-to-Box Engine,Defensive Anchor,31.8,29.5,2.3,97.7,3,0
Bruno Guimarães,2122,Lyon,FRA-Ligue 1,MF,23.0,1034,Box-to-Box Engine,Creative Playmaker,34.4,24.1,10.3,89.7,3,2
Bruno Guimarães,2122,Lyon,FRA-Ligue 1,MF,23.0,1634,Box-to-Box Engine,Creative Playmaker,34.4,24.1,10.3,89.7,3,2
Houssem Aouar,2122,Lyon,FRA-Ligue 1,"MF,FW",23.0,2504,Creative Playmaker,Ball Progressor,32.6,28.0,4.6,95.4,2,1
Lucas Paquetá,2122,Lyon,FRA-Ligue 1,"MF,FW",23.0,2699,Creative Playmaker,Ball Progressor,30.7,27.0,3.7,96.3,2,1
Maxence Caqueret,2122,Lyon,FRA-Ligue 1,MF,21.0,2335,Defensive Anchor,Box-to-Box Engine,33.9,32.3,1.6,98.4,0,3
Thiago Mendes,2122,Lyon,FRA-Ligue 1,"MF,DF",29.0,1863,Defensive Anchor,Box-to-Box Engine,32.3,31.6,0.7,99.3,0,3
Boubacar Kamara,2122,Marseille,FRA-Ligue 1,"MF,DF",21.0,2778,Box-to-Box Engine,Defensive Anchor,33.8,30.4,3.4,96.6,3,0
Gerson,2122,Marseille,FRA-Ligue 1,"MF,FW",24.0,2544,Ball Progressor,Creative Playmaker,34.2,24.1,10.1,89.9,1,2
Mattéo Guendouzi,2122,Marseille,FRA-Ligue 1,MF,22.0,3152,Box-to-Box Engine,Creative Playmaker,28.5,26.3,2.2,97.8,3,2
Pape Gueye,2122,Marseille,FRA-Ligue 1,MF,22.0,1528,Defensive Anchor,Box-to-Box Engine,34.4,27.2,7.2,92.8,0,3
Valentin Rongier,2122,Marseille,FRA-Ligue 1,"MF,DF",26.0,2194,Box-to-Box Engine,Defensive Anchor,36.5,23.8,12.7,87.3,3,0
Boubacar Traoré,2122,Metz,FRA-Ligue 1,MF,19.0,1726,Defensive Anchor,Box-to-Box Engine,41.7,24.4,17.3,82.7,0,3
Farid Boulaya,2122,Metz,FRA-Ligue 1,"MF,FW",28.0,1526,Ball Progressor,Creative Playmaker,30.9,25.6,5.3,94.7,1,2
Habib Maïga,2122,Metz,FRA-Ligue 1,MF,25.0,1267,Defensive Anchor,Box-to-Box Engine,38.4,23.9,14.5,85.5,0,3
Kévin N'Doram,2122,Metz,FRA-Ligue 1,MF,25.0,1235,Defensive Anchor,Ball Progressor,36.3,24.7,11.6,88.4,0,1
Pape Matar Sarr,2122,Metz,FRA-Ligue 1,MF,18.0,2129,Defensive Anchor,Box-to-Box Engine,34.5,27.6,6.9,93.1,0,3
Vincent Pajot,2122,Metz,FRA-Ligue 1,MF,30.0,2311,Defensive Anchor,Box-to-Box Engine,41.9,22.8,19.1,80.9,0,3
Aurélien Tchouaméni,2122,Monaco,FRA-Ligue 1,MF,21.0,2929,Box-to-Box Engine,Defensive Anchor,33.3,28.4,4.9,95.1,3,0
Gelson Martins,2122,Monaco,FRA-Ligue 1,"MF,FW",26.0,1905,Ball Progressor,Creative Playmaker,31.5,26.1,5.4,94.6,1,2
Jean Lucas,2122,Monaco,FRA-Ligue 1,MF,23.0,1445,Box-to-Box Engine,Ball Progressor,29.9,26.7,3.2,96.8,3,1
Kevin Volland,2122,Monaco,FRA-Ligue 1,"MF,FW",29.0,2436,Ball Progressor,Creative Playmaker,31.6,28.4,3.2,96.8,1,2
Sofiane Diop,2122,Monaco,FRA-Ligue 1,"MF,FW",21.0,1948,Creative Playmaker,Ball Progressor,39.4,24.5,14.9,85.1,2,1
Youssouf Fofana,2122,Monaco,FRA-Ligue 1,MF,22.0,2190,Box-to-Box Engine,Defensive Anchor,34.0,30.5,3.5,96.5,3,0
Jordan Ferri,2122,Montpellier,FRA-Ligue 1,MF,29.0,2911,Box-to-Box Engine,Defensive Anchor,34.4,23.8,10.6,89.4,3,0
Joris Chotard,2122,Montpellier,FRA-Ligue 1,MF,19.0,2935,Defensive Anchor,Ball Progressor,38.8,24.5,14.3,85.7,0,1
Téji Savanier,2122,Montpellier,FRA-Ligue 1,MF,29.0,2414,Creative Playmaker,Box-to-Box Engine,37.2,23.9,13.3,86.7,2,3
Ludovic Blas,2122,Nantes,FRA-Ligue 1,"MF,FW",23.0,2961,Ball Progressor,Creative Playmaker,32.6,27.2,5.4,94.6,1,2
Marcus Coco,2122,Nantes,FRA-Ligue 1,"MF,FW",25.0,930,Ball Progressor,Defensive Anchor,30.1,28.4,1.7,98.3,1,0
Pedro Chirivella,2122,Nantes,FRA-Ligue 1,MF,24.0,2637,Defensive Anchor,Box-to-Box Engine,33.4,28.3,5.1,94.9,0,3
Samuel Moutoussamy,2122,Nantes,FRA-Ligue 1,MF,24.0,1509,Defensive Anchor,Ball Progressor,37.4,24.7,12.7,87.3,0,1
Wylan Cyprien,2122,Nantes,FRA-Ligue 1,MF,26.0,1490,Box-to-Box Engine,Ball Progressor,30.6,25.6,5.0,95.0,3,1
Calvin Stengs,2122,Nice,FRA-Ligue 1,MF,22.0,1073,Creative Playmaker,Ball Progressor,31.8,30.5,1.3,98.7,2,1
Hassane Kamara,2122,Nice,FRA-Ligue 1,"MF,DF",27.0,1623,Ball Progressor,Defensive Anchor,29.6,24.2,5.4,94.6,1,0
Hicham Boudaoui,2122,Nice,FRA-Ligue 1,MF,21.0,1621,Ball Progressor,Defensive Anchor,37.4,24.1,13.3,86.7,1,0
Justin Kluivert,2122,Nice,FRA-Ligue 1,MF,22.0,1868,Creative Playmaker,Ball Progressor,31.8,29.7,2.1,97.9,2,1
Khéphren Thuram,2122,Nice,FRA-Ligue 1,MF,20.0,1901,Box-to-Box Engine,Ball Progressor,33.4,23.8,9.6,90.4,3,1
Mario Lemina,2122,Nice,FRA-Ligue 1,MF,27.0,1967,Defensive Anchor,Box-to-Box Engine,35.4,27.3,8.1,91.9,0,3
Pablo Rosario,2122,Nice,FRA-Ligue 1,MF,24.0,2729,Defensive Anchor,Box-to-Box Engine,39.5,27.2,12.3,87.7,0,3
Ander Herrera,2122,Paris S-G,FRA-Ligue 1,MF,31.0,1091,Box-to-Box Engine,Creative Playmaker,33.7,22.6,11.1,88.9,3,2
Danilo Pereira,2122,Paris S-G,FRA-Ligue 1,MF,29.0,2038,Defensive Anchor,Box-to-Box Engine,32.9,27.7,5.2,94.8,0,3
Georginio Wijnaldum,2122,Paris S-G,FRA-Ligue 1,MF,30.0,1653,Ball Progressor,Defensive Anchor,30.1,28.7,1.4,98.6,1,0
Idrissa Gana Gueye,2122,Paris S-G,FRA-Ligue 1,MF,31.0,1641,Box-to-Box Engine,Defensive Anchor,34.8,27.3,7.5,92.5,3,0
Marco Verratti,2122,Paris S-G,FRA-Ligue 1,MF,28.0,1937,Box-to-Box Engine,Creative Playmaker,32.8,23.8,9.0,91.0,3,2
Alexis Flips,2122,Reims,FRA-Ligue 1,"MF,DF",21.0,1056,Ball Progressor,Box-to-Box Engine,26.5,25.6,0.9,99.1,1,3
Azor Matusiwa,2122,Reims,FRA-Ligue 1,MF,23.0,2463,Defensive Anchor,Box-to-Box Engine,39.1,24.6,14.5,85.5,0,3
Bradley Locko,2122,Reims,FRA-Ligue 1,"MF,DF",19.0,1011,Defensive Anchor,Ball Progressor,28.4,26.9,1.5,98.5,0,1
Dion Lopy,2122,Reims,FRA-Ligue 1,MF,19.0,1642,Defensive Anchor,Ball Progressor,42.6,22.4,20.2,79.8,0,1
Ilan Kebbal,2122,Reims,FRA-Ligue 1,"MF,FW",23.0,1772,Creative Playmaker,Ball Progressor,30.7,27.5,3.2,96.8,2,1
Marshall Munetsi,2122,Reims,FRA-Ligue 1,"MF,DF",25.0,1885,Defensive Anchor,Ball Progressor,34.4,25.7,8.7,91.3,0,1
Xavier Chavalerin,2122,Reims,FRA-Ligue 1,MF,30.0,2717,Defensive Anchor,Box-to-Box Engine,29.9,26.6,3.3,96.7,0,3
Baptiste Santamaria,2122,Rennes,FRA-Ligue 1,"MF,DF",26.0,2518,Defensive Anchor,Box-to-Box Engine,37.5,25.8,11.7,88.3,0,3
Eduardo Camavinga,2122,Rennes,FRA-Ligue 1,MF,18.0,1236,Defensive Anchor,Ball Progressor,27.1,26.4,0.7,99.3,0,1
Flavien Tait,2122,Rennes,FRA-Ligue 1,MF,28.0,2125,Box-to-Box Engine,Creative Playmaker,30.0,26.3,3.7,96.3,3,2
Jonas Martin,2122,Rennes,FRA-Ligue 1,MF,31.0,2105,Defensive Anchor,Box-to-Box Engine,33.7,29.1,4.6,95.4,0,3
Kamaldeen Sulemana,2122,Rennes,FRA-Ligue 1,"MF,FW",19.0,1015,Creative Playmaker,Ball Progressor,34.7,26.4,8.3,91.7,2,1
Lovro Majer,2122,Rennes,FRA-Ligue 1,"MF,FW",23.0,1832,Creative Playmaker,Ball Progressor,39.4,22.4,17.0,83.0,2,1
Romain Del Castillo,2122,Rennes,FRA-Ligue 1,"MF,FW",25.0,975,Creative Playmaker,Box-to-Box Engine,28.5,25.3,3.2,96.8,2,3
Adil Aouchiche,2122,Saint-Étienne,FRA-Ligue 1,"MF,FW",19.0,1081,Box-to-Box Engine,Ball Progressor,28.2,27.4,0.8,99.2,3,1
Lucas Gourna-Douath,2122,Saint-Étienne,FRA-Ligue 1,MF,17.0,1804,Defensive Anchor,Ball Progressor,37.9,23.8,14.1,85.9,0,1
Mahdi Camara,2122,Saint-Étienne,FRA-Ligue 1,"MF,DF",23.0,3073,Defensive Anchor,Box-to-Box Engine,38.6,23.8,14.8,85.2,0,3
Ryad Boudebouz,2122,Saint-Étienne,FRA-Ligue 1,"MF,FW",31.0,2252,Creative Playmaker,Ball Progressor,29.4,26.0,3.4,96.6,2,1
Yvan Neyou,2122,Saint-Étienne,FRA-Ligue 1,MF,24.0,936,Defensive Anchor,Box-to-Box Engine,38.8,24.8,14.0,86.0,0,3
Zaydou Youssouf,2122,Saint-Étienne,FRA-Ligue 1,MF,22.0,1553,Defensive Anchor,Box-to-Box Engine,32.6,28.1,4.5,95.5,0,3
Adrien Thomasson,2122,Strasbourg,FRA-Ligue 1,MF,27.0,2389,Ball Progressor,Creative Playmaker,27.6,26.1,1.5,98.5,1,2
Ibrahima Sissoko,2122,Strasbourg,FRA-Ligue 1,"MF,DF",23.0,2303,Ball Progressor,Defensive Anchor,27.8,27.8,0.0,100.0,1,0
Jean-Eudes Aholou,2122,Strasbourg,FRA-Ligue 1,MF,27.0,1004,Defensive Anchor,Ball Progressor,30.6,27.3,3.3,96.7,0,1
Jean-Ricner Bellegarde,2122,Strasbourg,FRA-Ligue 1,MF,23.0,2332,Defensive Anchor,Ball Progressor,28.1,27.9,0.2,99.8,0,1
Sanjin Prcić,2122,Strasbourg,FRA-Ligue 1,MF,27.0,2186,Box-to-Box Engine,Defensive Anchor,32.5,30.6,1.9,98.1,3,0
Florian Tardieu,2122,Troyes,FRA-Ligue 1,MF,29.0,2632,Box-to-Box Engine,Defensive Anchor,37.9,24.9,13.0,87.0,3,0
Mama Samba Baldé,2122,Troyes,FRA-Ligue 1,"MF,FW",25.0,1717,Ball Progressor,Creative Playmaker,34.8,22.8,12.0,88.0,1,2
Renaud Ripart,2122,Troyes,FRA-Ligue 1,"MF,FW",28.0,1893,Ball Progressor,Defensive Anchor,39.5,22.9,16.6,83.4,1,0
Rominigue Kouamé,2122,Troyes,FRA-Ligue 1,MF,24.0,2968,Box-to-Box Engine,Defensive Anchor,30.1,29.4,0.7,99.3,3,0
Tristan Dingomé,2122,Troyes,FRA-Ligue 1,"MF,FW",30.0,1077,Ball Progressor,Creative Playmaker,29.6,25.3,4.3,95.7,1,2
Xavier Chavalerin,2122,Troyes,FRA-Ligue 1,MF,30.0,2717,Ball Progressor,Defensive Anchor,31.7,29.7,2.0,98.0,1,0
Cyrille Bayala,2223,Ajaccio,FRA-Ligue 1,MF,26.0,2009,Ball Progressor,Defensive Anchor,32.1,29.0,3.1,96.9,1,0
Kevin Spadanuda,2223,Ajaccio,FRA-Ligue 1,"MF,FW",25.0,1063,Defensive Anchor,Ball Progressor,31.2,30.2,1.0,99.0,0,1
Mathieu Coutadeur,2223,Ajaccio,FRA-Ligue 1,MF,36.0,1947,Defensive Anchor,Box-to-Box Engine,33.8,25.8,8.0,92.0,0,3
Mickaël Barreto,2223,Ajaccio,FRA-Ligue 1,MF,31.0,1325,Box-to-Box Engine,Defensive Anchor,31.6,26.9,4.7,95.3,3,0
Riad Nouri,2223,Ajaccio,FRA-Ligue 1,"MF,FW",37.0,1693,Ball Progressor,Defensive Anchor,34.9,22.8,12.1,87.9,1,0
Thomas Mangani,2223,Ajaccio,FRA-Ligue 1,MF,35.0,1332,Box-to-Box Engine,Defensive Anchor,33.8,28.4,5.4,94.6,3,0
Vincent Marchetti,2223,Ajaccio,FRA-Ligue 1,MF,25.0,2452,Ball Progressor,Box-to-Box Engine,28.0,27.5,0.5,99.5,1,3
Youcef Belaïli,2223,Ajaccio,FRA-Ligue 1,"MF,FW",30.0,1150,Creative Playmaker,Ball Progressor,34.6,25.6,9.0,91.0,2,1
Adrien Hunou,2223,Angers,FRA-Ligue 1,"MF,FW",28.0,2234,Ball Progressor,Defensive Anchor,36.8,23.7,13.1,86.9,1,0
Azzedine Ounahi,2223,Angers,FRA-Ligue 1,"MF,FW",22.0,1129,Creative Playmaker,Box-to-Box Engine,27.4,26.7,0.7,99.3,2,3
Batista Mendy,2223,Angers,FRA-Ligue 1,"MF,DF",22.0,2859,Defensive Anchor,Box-to-Box Engine,36.4,26.4,10.0,90.0,0,3
Himad Abdelli,2223,Angers,FRA-Ligue 1,"MF,FW",22.0,2137,Box-to-Box Engine,Ball Progressor,34.9,23.8,11.1,88.9,3,1
Nabil Bentaleb,2223,Angers,FRA-Ligue 1,MF,27.0,2489,Box-to-Box Engine,Defensive Anchor,37.4,25.3,12.1,87.9,3,0
Pierrick Capelle,2223,Angers,FRA-Ligue 1,"MF,DF",35.0,1428,Defensive Anchor,Ball Progressor,34.3,26.2,8.1,91.9,0,1
Birama Touré,2223,Auxerre,FRA-Ligue 1,MF,30.0,3400,Defensive Anchor,Box-to-Box Engine,44.0,21.3,22.7,77.3,0,3
Gauthier Hein,2223,Auxerre,FRA-Ligue 1,"MF,FW",25.0,1874,Ball Progressor,Creative Playmaker,33.6,25.3,8.3,91.7,1,2
Gaëtan Perrin,2223,Auxerre,FRA-Ligue 1,"MF,FW",26.0,1391,Ball Progressor,Creative Playmaker,33.1,26.6,6.5,93.5,1,2
Hamza Sakhi,2223,Auxerre,FRA-Ligue 1,MF,26.0,1658,Box-to-Box Engine,Ball Progressor,32.2,24.2,8.0,92.0,3,1
Han-Noah Massengo,2223,Auxerre,FRA-Ligue 1,MF,21.0,1116,Ball Progressor,Defensive Anchor,30.9,29.0,1.9,98.1,1,0
Lassine Sinayoko,2223,Auxerre,FRA-Ligue 1,"MF,FW",22.0,1570,Ball Progressor,Creative Playmaker,31.1,28.3,2.8,97.2,1,2
Mathias Autret,2223,Auxerre,FRA-Ligue 1,"MF,FW",31.0,1290,Ball Progressor,Creative Playmaker,33.7,24.7,9.0,91.0,1,2
Youssouf M'Changama,2223,Auxerre,FRA-Ligue 1,MF,31.0,1081,Defensive Anchor,Ball Progressor,31.4,27.5,3.9,96.1,0,1
Haris Belkebla,2223,Brest,FRA-Ligue 1,MF,28.0,2656,Defensive Anchor,Box-to-Box Engine,38.9,23.5,15.4,84.6,0,3
Hugo Magnetti,2223,Brest,FRA-Ligue 1,MF,24.0,1688,Defensive Anchor,Box-to-Box Engine,36.5,24.6,11.9,88.1,0,3
Jérémy Le Douaron,2223,Brest,FRA-Ligue 1,"MF,FW",24.0,2071,Ball Progressor,Creative Playmaker,32.2,23.7,8.5,91.5,1,2
Mahdi Camara,2223,Brest,FRA-Ligue 1,MF,24.0,1820,Defensive Anchor,Ball Progressor,37.7,23.9,13.8,86.2,0,1
Mathias Pereira Lage,2223,Brest,FRA-Ligue 1,"MF,FW",25.0,1264,Ball Progressor,Defensive Anchor,36.1,24.3,11.8,88.2,1,0
Pierre Lees-Melou,2223,Brest,FRA-Ligue 1,MF,29.0,2767,Defensive Anchor,Box-to-Box Engine,32.5,29.8,2.7,97.3,0,3
Romain Del Castillo,2223,Brest,FRA-Ligue 1,"MF,FW",26.0,1422,Creative Playmaker,Ball Progressor,38.3,23.9,14.4,85.6,2,1
Elba Rashani,2223,Clermont Foot,FRA-Ligue 1,"MF,FW",29.0,2162,Ball Progressor,Defensive Anchor,39.2,21.1,18.1,81.9,1,0
Johan Gastien,2223,Clermont Foot,FRA-Ligue 1,MF,34.0,2603,Box-to-Box Engine,Defensive Anchor,36.2,25.8,10.4,89.6,3,0
Maxime Gonalons,2223,Clermont Foot,FRA-Ligue 1,MF,33.0,1449,Defensive Anchor,Box-to-Box Engine,38.5,26.7,11.8,88.2,0,3
Muhammed Cham,2223,Clermont Foot,FRA-Ligue 1,MF,21.0,1968,Creative Playmaker,Ball Progressor,35.8,27.4,8.4,91.6,2,1
Saîf-Eddine Khaoui,2223,Clermont Foot,FRA-Ligue 1,MF,27.0,2027,Ball Progressor,Defensive Anchor,32.5,24.4,8.1,91.9,1,0
Yohann Magnin,2223,Clermont Foot,FRA-Ligue 1,MF,25.0,2399,Defensive Anchor,Ball Progressor,32.6,25.5,7.1,92.9,0,1
Adrien Thomasson,2223,Lens,FRA-Ligue 1,"MF,FW",28.0,1278,Ball Progressor,Creative Playmaker,31.3,26.0,5.3,94.7,1,2
Adrien Thomasson,2223,Lens,FRA-Ligue 1,"MF,FW",28.0,937,Ball Progressor,Creative Playmaker,31.3,26.0,5.3,94.7,1,2
Christopher Wooh,2223,Lens,FRA-Ligue 1,MF,20.0,1006,Defensive Anchor,Ball Progressor,35.2,25.2,10.0,90.0,0,1
David Costa,2223,Lens,FRA-Ligue 1,"MF,FW",21.0,1407,Creative Playmaker,Ball Progressor,38.2,23.7,14.5,85.5,2,1
Florian Sotoca,2223,Lens,FRA-Ligue 1,"MF,FW",31.0,3054,Creative Playmaker,Ball Progressor,34.1,27.5,6.6,93.4,2,1
Salis Abdul Samed,2223,Lens,FRA-Ligue 1,MF,22.0,2894,Defensive Anchor,Box-to-Box Engine,36.1,27.8,8.3,91.7,0,3
Seko Fofana,2223,Lens,FRA-Ligue 1,MF,27.0,3073,Ball Progressor,Creative Playmaker,28.7,28.4,0.3,99.7,1,2
André Gomes,2223,Lille,FRA-Ligue 1,MF,29.0,1629,Box-to-Box Engine,Defensive Anchor,37.7,23.9,13.8,86.2,3,0
Angel Gomes,2223,Lille,FRA-Ligue 1,MF,21.0,2816,Ball Progressor,Box-to-Box Engine,30.9,25.2,5.7,94.3,1,3
Benjamin André,2223,Lille,FRA-Ligue 1,MF,31.0,2916,Box-to-Box Engine,Defensive Anchor,34.2,27.3,6.9,93.1,3,0
Rémy Cabella,2223,Lille,FRA-Ligue 1,"MF,FW",32.0,2525,Creative Playmaker,Ball Progressor,38.1,22.4,15.7,84.3,2,1
Bonke Innocent,2223,Lorient,FRA-Ligue 1,MF,26.0,1182,Defensive Anchor,Box-to-Box Engine,38.3,23.6,14.7,85.3,0,3
Enzo Le Fée,2223,Lorient,FRA-Ligue 1,MF,22.0,3028,Box-to-Box Engine,Ball Progressor,33.0,23.3,9.7,90.3,3,1
Jean-Victor Makengo,2223,Lorient,FRA-Ligue 1,MF,24.0,1064,Defensive Anchor,Box-to-Box Engine,31.4,26.2,5.2,94.8,0,3
Julien Ponceau,2223,Lorient,FRA-Ligue 1,MF,21.0,1655,Ball Progressor,Box-to-Box Engine,32.8,24.2,8.6,91.4,1,3
Laurent Abergel,2223,Lorient,FRA-Ligue 1,MF,29.0,2342,Defensive Anchor,Box-to-Box Engine,35.6,27.6,8.0,92.0,0,3
Romain Faivre,2223,Lorient,FRA-Ligue 1,"MF,FW",24.0,1246,Creative Playmaker,Ball Progressor,33.8,26.1,7.7,92.3,2,1
Théo Le Bris,2223,Lorient,FRA-Ligue 1,"MF,DF",19.0,1452,Ball Progressor,Defensive Anchor,35.8,22.9,12.9,87.1,1,0
Corentin Tolisso,2223,Lyon,FRA-Ligue 1,MF,27.0,2036,Box-to-Box Engine,Creative Playmaker,34.4,22.6,11.8,88.2,3,2
Johann Lepenant,2223,Lyon,FRA-Ligue 1,MF,19.0,1933,Defensive Anchor,Box-to-Box Engine,35.3,29.1,6.2,93.8,0,3
Lucas Paquetá,2223,Lyon,FRA-Ligue 1,MF,24.0,2151,Creative Playmaker,Box-to-Box Engine,28.3,26.3,2.0,98.0,2,3
Maxence Caqueret,2223,Lyon,FRA-Ligue 1,MF,22.0,2767,Box-to-Box Engine,Ball Progressor,33.5,23.8,9.7,90.3,3,1
Rayan Cherki,2223,Lyon,FRA-Ligue 1,"MF,FW",18.0,1872,Creative Playmaker,Ball Progressor,35.9,23.7,12.2,87.8,2,1
Romain Faivre,2223,Lyon,FRA-Ligue 1,MF,24.0,1246,Creative Playmaker,Box-to-Box Engine,26.7,26.4,0.3,99.7,2,3
Thiago Mendes,2223,Lyon,FRA-Ligue 1,"MF,DF",30.0,2063,Box-to-Box Engine,Defensive Anchor,32.2,30.4,1.8,98.2,3,0
Azzedine Ounahi,2223,Marseille,FRA-Ligue 1,"MF,FW",22.0,1129,Creative Playmaker,Ball Progressor,29.1,25.6,3.5,96.5,2,1
Cengiz Ünder,2223,Marseille,FRA-Ligue 1,"MF,DF",25.0,2490,Creative Playmaker,Ball Progressor,38.5,26.1,12.4,87.6,2,1
Jordan Veretout,2223,Marseille,FRA-Ligue 1,MF,29.0,2863,Box-to-Box Engine,Defensive Anchor,38.8,21.7,17.1,82.9,3,0
Mattéo Guendouzi,2223,Marseille,FRA-Ligue 1,MF,23.0,2108,Box-to-Box Engine,Ball Progressor,30.4,25.7,4.7,95.3,3,1
Pape Gueye,2223,Marseille,FRA-Ligue 1,"MF,DF",23.0,1171,Box-to-Box Engine,Defensive Anchor,29.4,27.2,2.2,97.8,3,0
Ruslan Malinovskyi,2223,Marseille,FRA-Ligue 1,"MF,FW",29.0,1227,Ball Progressor,Creative Playmaker,31.1,29.3,1.8,98.2,1,2
Valentin Rongier,2223,Marseille,FRA-Ligue 1,MF,27.0,3032,Box-to-Box Engine,Defensive Anchor,36.7,26.5,10.2,89.8,3,0
Aleksandr Golovin,2223,Monaco,FRA-Ligue 1,"MF,FW",26.0,2464,Creative Playmaker,Ball Progressor,39.0,24.1,14.9,85.1,2,1
Eliot Matazo,2223,Monaco,FRA-Ligue 1,MF,20.0,1175,Defensive Anchor,Ball Progressor,36.6,24.8,11.8,88.2,0,1
Krépin Diatta,2223,Monaco,FRA-Ligue 1,"MF,FW",23.0,2072,Ball Progressor,Creative Playmaker,31.2,30.0,1.2,98.8,1,2
Mohamed Camara,2223,Monaco,FRA-Ligue 1,MF,22.0,2194,Defensive Anchor,Box-to-Box Engine,32.3,30.2,2.1,97.9,0,3
Sofiane Diop,2223,Monaco,FRA-Ligue 1,MF,22.0,1228,Creative Playmaker,Ball Progressor,30.6,25.0,5.6,94.4,2,1
Youssouf Fofana,2223,Monaco,FRA-Ligue 1,MF,23.0,3086,Box-to-Box Engine,Defensive Anchor,36.1,26.0,10.1,89.9,3,0
Jordan Ferri,2223,Montpellier,FRA-Ligue 1,MF,30.0,2738,Box-to-Box Engine,Defensive Anchor,33.8,25.5,8.3,91.7,3,0
Joris Chotard,2223,Montpellier,FRA-Ligue 1,MF,20.0,2461,Defensive Anchor,Box-to-Box Engine,39.0,23.8,15.2,84.8,0,3
Léo Leroy,2223,Montpellier,FRA-Ligue 1,MF,22.0,1192,Defensive Anchor,Box-to-Box Engine,30.2,27.9,2.3,97.7,0,3
Téji Savanier,2223,Montpellier,FRA-Ligue 1,MF,30.0,2546,Creative Playmaker,Box-to-Box Engine,32.1,26.2,5.9,94.1,2,3
Florent Mollet,2223,Nantes,FRA-Ligue 1,MF,30.0,1089,Ball Progressor,Creative Playmaker,31.8,26.3,5.5,94.5,1,2
Ludovic Blas,2223,Nantes,FRA-Ligue 1,"MF,FW",24.0,2813,Creative Playmaker,Ball Progressor,34.3,29.1,5.2,94.8,2,1
Moussa Sissoko,2223,Nantes,FRA-Ligue 1,MF,32.0,1918,Defensive Anchor,Ball Progressor,30.4,28.9,1.5,98.5,0,1
Pedro Chirivella,2223,Nantes,FRA-Ligue 1,MF,25.0,2028,Defensive Anchor,Box-to-Box Engine,31.2,30.8,0.4,99.6,0,3
Samuel Moutoussamy,2223,Nantes,FRA-Ligue 1,MF,25.0,2399,Defensive Anchor,Box-to-Box Engine,32.9,27.4,5.5,94.5,0,3
Aaron Ramsey,2223,Nice,FRA-Ligue 1,MF,31.0,1584,Box-to-Box Engine,Ball Progressor,34.9,24.3,10.6,89.4,3,1
Hicham Boudaoui,2223,Nice,FRA-Ligue 1,MF,22.0,1875,Box-to-Box Engine,Defensive Anchor,32.8,27.6,5.2,94.8,3,0
Khéphren Thuram,2223,Nice,FRA-Ligue 1,MF,21.0,2547,Box-to-Box Engine,Ball Progressor,30.1,26.8,3.3,96.7,3,1
Mario Lemina,2223,Nice,FRA-Ligue 1,"MF,DF",28.0,1299,Defensive Anchor,Box-to-Box Engine,33.7,29.6,4.1,95.9,0,3
Pablo Rosario,2223,Nice,FRA-Ligue 1,"MF,DF",25.0,1767,Defensive Anchor,Box-to-Box Engine,30.8,27.7,3.1,96.9,0,3
Ross Barkley,2223,Nice,FRA-Ligue 1,"MF,FW",28.0,960,Creative Playmaker,Ball Progressor,34.2,25.8,8.4,91.6,2,1
Sofiane Diop,2223,Nice,FRA-Ligue 1,"MF,FW",22.0,1228,Creative Playmaker,Box-to-Box Engine,30.1,25.8,4.3,95.7,2,3
Carlos Soler,2223,Paris S-G,FRA-Ligue 1,MF,25.0,1187,Ball Progressor,Creative Playmaker,33.6,23.0,10.6,89.4,1,2
Fabián Ruiz Peña,2223,Paris S-G,FRA-Ligue 1,MF,26.0,1892,Box-to-Box Engine,Defensive Anchor,35.2,22.8,12.4,87.6,3,0
Leandro Paredes,2223,Paris S-G,FRA-Ligue 1,MF,28.0,977,Box-to-Box Engine,Creative Playmaker,28.4,26.5,1.9,98.1,3,2
Marco Verratti,2223,Paris S-G,FRA-Ligue 1,MF,29.0,2194,Box-to-Box Engine,Creative Playmaker,33.1,23.0,10.1,89.9,3,2
Neymar,2223,Paris S-G,FRA-Ligue 1,"MF,FW",30.0,1545,Creative Playmaker,Ball Progressor,34.0,23.6,10.4,89.6,2,1
Vitinha,2223,Paris S-G,FRA-Ligue 1,MF,22.0,2446,Box-to-Box Engine,Ball Progressor,35.4,23.2,12.2,87.8,3,1
Warren Zaïre-Emery,2223,Paris S-G,FRA-Ligue 1,"MF,DF",16.0,929,Ball Progressor,Box-to-Box Engine,30.2,25.0,5.2,94.8,1,3
Azor Matusiwa,2223,Reims,FRA-Ligue 1,MF,24.0,2484,Box-to-Box Engine,Defensive Anchor,33.1,31.8,1.3,98.7,3,0
Dion Lopy,2223,Reims,FRA-Ligue 1,MF,20.0,1379,Defensive Anchor,Box-to-Box Engine,31.5,30.3,1.2,98.8,0,3
Jens Cajuste,2223,Reims,FRA-Ligue 1,MF,22.0,1530,Box-to-Box Engine,Defensive Anchor,31.0,25.7,5.3,94.7,3,0
Kamory Doumbia,2223,Reims,FRA-Ligue 1,MF,19.0,1155,Ball Progressor,Creative Playmaker,30.0,25.6,4.4,95.6,1,2
Marshall Munetsi,2223,Reims,FRA-Ligue 1,MF,26.0,2700,Ball Progressor,Defensive Anchor,32.5,27.4,5.1,94.9,1,0
Baptiste Santamaria,2223,Rennes,FRA-Ligue 1,MF,27.0,1813,Box-to-Box Engine,Defensive Anchor,32.7,30.2,2.5,97.5,3,0
Benjamin Bourigeaud,2223,Rennes,FRA-Ligue 1,"MF,FW",28.0,3065,Creative Playmaker,Ball Progressor,37.1,23.4,13.7,86.3,2,1
Désiré Doué,2223,Rennes,FRA-Ligue 1,"MF,FW",17.0,1115,Ball Progressor,Box-to-Box Engine,31.0,24.6,6.4,93.6,1,3
Flavien Tait,2223,Rennes,FRA-Ligue 1,MF,29.0,1680,Box-to-Box Engine,Ball Progressor,34.6,23.1,11.5,88.5,3,1
Jeremy Doku,2223,Rennes,FRA-Ligue 1,"MF,FW",20.0,1291,Creative Playmaker,Ball Progressor,36.5,23.7,12.8,87.2,2,1
Lesley Ugochukwu,2223,Rennes,FRA-Ligue 1,MF,18.0,1330,Defensive Anchor,Box-to-Box Engine,40.2,23.3,16.9,83.1,0,3
Lovro Majer,2223,Rennes,FRA-Ligue 1,"MF,FW",24.0,1668,Creative Playmaker,Box-to-Box Engine,32.3,27.0,5.3,94.7,2,3
Serhou Guirassy,2223,Rennes,FRA-Ligue 1,MF,26.0,1646,Ball Progressor,Creative Playmaker,28.2,26.5,1.7,98.3,1,2
Adrien Thomasson,2223,Strasbourg,FRA-Ligue 1,MF,28.0,1278,Ball Progressor,Box-to-Box Engine,28.8,25.7,3.1,96.9,1,3
Adrien Thomasson,2223,Strasbourg,FRA-Ligue 1,MF,28.0,937,Ball Progressor,Box-to-Box Engine,28.8,25.7,3.1,96.9,1,3
Habib Diarra,2223,Strasbourg,FRA-Ligue 1,"MF,FW",18.0,1626,Ball Progressor,Creative Playmaker,34.0,26.6,7.4,92.6,1,2
Ibrahima Sissoko,2223,Strasbourg,FRA-Ligue 1,MF,24.0,1310,Defensive Anchor,Box-to-Box Engine,32.5,27.6,4.9,95.1,0,3
Jean-Eudes Aholou,2223,Strasbourg,FRA-Ligue 1,MF,28.0,1300,Defensive Anchor,Ball Progressor,33.6,25.6,8.0,92.0,0,1
Jean-Ricner Bellegarde,2223,Strasbourg,FRA-Ligue 1,"MF,FW",24.0,2419,Creative Playmaker,Box-to-Box Engine,31.5,26.3,5.2,94.8,2,3
Morgan Sanson,2223,Strasbourg,FRA-Ligue 1,MF,27.0,1419,Ball Progressor,Box-to-Box Engine,30.2,26.3,3.9,96.1,1,3
Sanjin Prcić,2223,Strasbourg,FRA-Ligue 1,MF,28.0,1633,Defensive Anchor,Box-to-Box Engine,32.9,31.1,1.8,98.2,0,3
Branco van den Boomen,2223,Toulouse,FRA-Ligue 1,MF,27.0,2888,Creative Playmaker,Box-to-Box Engine,31.5,27.2,4.3,95.7,2,3
Brecht Dejaegere,2223,Toulouse,FRA-Ligue 1,MF,31.0,1809,Ball Progressor,Defensive Anchor,40.2,20.7,19.5,80.5,1,0
Stijn Spierings,2223,Toulouse,FRA-Ligue 1,MF,26.0,3120,Defensive Anchor,Box-to-Box Engine,32.4,31.1,1.3,98.7,0,3
Florian Tardieu,2223,Troyes,FRA-Ligue 1,MF,30.0,1009,Box-to-Box Engine,Defensive Anchor,33.2,23.7,9.5,90.5,3,0
Lucien Agoume,2223,Troyes,FRA-Ligue 1,MF,20.0,1094,Box-to-Box Engine,Defensive Anchor,31.4,30.2,1.2,98.8,3,0
Rominigue Kouamé,2223,Troyes,FRA-Ligue 1,MF,25.0,2661,Defensive Anchor,Box-to-Box Engine,32.1,30.9,1.2,98.8,0,3
Rony Lopes,2223,Troyes,FRA-Ligue 1,"MF,FW",26.0,2346,Ball Progressor,Creative Playmaker,33.6,27.9,5.7,94.3,1,2
Wilson Odobert,2223,Troyes,FRA-Ligue 1,"MF,FW",17.0,1764,Ball Progressor,Creative Playmaker,33.5,26.1,7.4,92.6,1,2
Xavier Chavalerin,2223,Troyes,FRA-Ligue 1,MF,31.0,2426,Defensive Anchor,Ball Progressor,40.7,23.4,17.3,82.7,0,1
Hugo Magnetti,2324,Brest,FRA-Ligue 1,MF,25.0,2340,Defensive Anchor,Ball Progressor,30.6,29.4,1.2,98.8,0,1
Jonas Martin,2324,Brest,FRA-Ligue 1,MF,33.0,1208,Box-to-Box Engine,Defensive Anchor,33.3,26.9,6.4,93.6,3,0
Mahdi Camara,2324,Brest,FRA-Ligue 1,MF,25.0,2020,Ball Progressor,Creative Playmaker,34.3,22.9,11.4,88.6,1,2
Pierre Lees-Melou,2324,Brest,FRA-Ligue 1,MF,30.0,2517,Box-to-Box Engine,Defensive Anchor,33.5,26.9,6.6,93.4,3,0
Elba Rashani,2324,Clermont Foot,FRA-Ligue 1,"MF,FW",30.0,1175,Ball Progressor,Defensive Anchor,34.3,25.3,9.0,91.0,1,0
Habib Keita,2324,Clermont Foot,FRA-Ligue 1,MF,21.0,1278,Defensive Anchor,Box-to-Box Engine,37.6,25.2,12.4,87.6,0,3
Jim Allevinah,2324,Clermont Foot,FRA-Ligue 1,"MF,DF",28.0,1861,Ball Progressor,Creative Playmaker,34.8,22.6,12.2,87.8,1,2
Johan Gastien,2324,Clermont Foot,FRA-Ligue 1,MF,35.0,2260,Box-to-Box Engine,Defensive Anchor,33.6,27.6,6.0,94.0,3,0
Maxime Gonalons,2324,Clermont Foot,FRA-Ligue 1,MF,34.0,1296,Defensive Anchor,Box-to-Box Engine,39.9,25.7,14.2,85.8,0,3
Muhammed Cham,2324,Clermont Foot,FRA-Ligue 1,"MF,FW",22.0,2554,Creative Playmaker,Ball Progressor,34.2,28.0,6.2,93.8,2,1
Yohann Magnin,2324,Clermont Foot,FRA-Ligue 1,MF,26.0,1687,Defensive Anchor,Ball Progressor,34.5,26.1,8.4,91.6,0,1
Abdoulaye Touré,2324,Le Havre,FRA-Ligue 1,MF,29.0,2284,Defensive Anchor,Box-to-Box Engine,39.0,26.0,13.0,87.0,0,3
Daler Kuzyaev,2324,Le Havre,FRA-Ligue 1,MF,30.0,2090,Ball Progressor,Defensive Anchor,31.9,26.3,5.6,94.4,1,0
Nabil Alioui,2324,Le Havre,FRA-Ligue 1,"MF,FW",24.0,1009,Creative Playmaker,Ball Progressor,30.6,30.0,0.6,99.4,2,1
Oussama Targhalline,2324,Le Havre,FRA-Ligue 1,MF,21.0,1025,Box-to-Box Engine,Defensive Anchor,31.5,27.7,3.8,96.2,3,0
Yassine Kechta,2324,Le Havre,FRA-Ligue 1,MF,21.0,1849,Ball Progressor,Box-to-Box Engine,29.5,26.3,3.2,96.8,1,3
Adrien Thomasson,2324,Lens,FRA-Ligue 1,MF,29.0,1193,Creative Playmaker,Ball Progressor,32.7,25.9,6.8,93.2,2,1
Andy Diouf,2324,Lens,FRA-Ligue 1,MF,20.0,1314,Box-to-Box Engine,Ball Progressor,28.2,26.8,1.4,98.6,3,1
Angelo Fulgini,2324,Lens,FRA-Ligue 1,MF,26.0,1376,Creative Playmaker,Ball Progressor,32.9,26.9,6.0,94.0,2,1
David Costa,2324,Lens,FRA-Ligue 1,MF,22.0,1494,Creative Playmaker,Ball Progressor,33.2,30.3,2.9,97.1,2,1
Florian Sotoca,2324,Lens,FRA-Ligue 1,"MF,FW",32.0,2598,Creative Playmaker,Ball Progressor,33.8,26.5,7.3,92.7,2,1
Nampalys Mendy,2324,Lens,FRA-Ligue 1,MF,31.0,1052,Box-to-Box Engine,Defensive Anchor,33.1,26.9,6.2,93.8,3,0
Neil El Aynaoui,2324,Lens,FRA-Ligue 1,MF,22.0,1566,Defensive Anchor,Ball Progressor,36.0,26.7,9.3,90.7,0,1
Salis Abdul Samed,2324,Lens,FRA-Ligue 1,MF,23.0,1519,Defensive Anchor,Ball Progressor,30.6,27.3,3.3,96.7,0,1
Stijn Spierings,2324,Lens,FRA-Ligue 1,MF,27.0,1516,Defensive Anchor,Ball Progressor,33.9,25.2,8.7,91.3,0,1
Angel Gomes,2324,Lille,FRA-Ligue 1,MF,22.0,2571,Box-to-Box Engine,Creative Playmaker,29.2,25.7,3.5,96.5,3,2
Benjamin André,2324,Lille,FRA-Ligue 1,MF,32.0,2570,Defensive Anchor,Box-to-Box Engine,31.9,31.0,0.9,99.1,0,3
Carlos Baleba,2324,Lille,FRA-Ligue 1,MF,19.0,1325,Defensive Anchor,Box-to-Box Engine,30.9,26.0,4.9,95.1,0,3
Nabil Bentaleb,2324,Lille,FRA-Ligue 1,MF,28.0,1967,Defensive Anchor,Box-to-Box Engine,36.0,29.7,6.3,93.7,0,3
Yusuf Yazıcı,2324,Lille,FRA-Ligue 1,"MF,FW",26.0,1312,Ball Progressor,Creative Playmaker,32.1,28.9,3.2,96.8,1,2
Julien Ponceau,2324,Lorient,FRA-Ligue 1,MF,22.0,2244,Creative Playmaker,Ball Progressor,28.6,28.4,0.2,99.8,2,1
Laurent Abergel,2324,Lorient,FRA-Ligue 1,MF,30.0,2860,Box-to-Box Engine,Defensive Anchor,33.9,31.0,2.9,97.1,3,0
Romain Faivre,2324,Lorient,FRA-Ligue 1,"MF,FW",25.0,1453,Creative Playmaker,Ball Progressor,30.3,28.5,1.8,98.2,2,1
Tiemoué Bakayoko,2324,Lorient,FRA-Ligue 1,MF,28.0,1314,Defensive Anchor,Ball Progressor,36.3,24.1,12.2,87.8,0,1
Tosin Aiyegun,2324,Lorient,FRA-Ligue 1,"MF,FW",25.0,902,Ball Progressor,Defensive Anchor,33.4,25.0,8.4,91.6,1,0
Corentin Tolisso,2324,Lyon,FRA-Ligue 1,MF,28.0,1741,Box-to-Box Engine,Ball Progressor,33.7,23.6,10.1,89.9,3,1
Maxence Caqueret,2324,Lyon,FRA-Ligue 1,MF,23.0,3022,Box-to-Box Engine,Ball Progressor,36.6,21.5,15.1,84.9,3,1
Nemanja Matić,2324,Lyon,FRA-Ligue 1,MF,34.0,1254,Box-to-Box Engine,Defensive Anchor,34.5,26.2,8.3,91.7,3,0
Nemanja Matić,2324,Lyon,FRA-Ligue 1,MF,34.0,1027,Box-to-Box Engine,Defensive Anchor,34.5,26.2,8.3,91.7,3,0
Orel Mangala,2324,Lyon,FRA-Ligue 1,MF,25.0,1563,Ball Progressor,Creative Playmaker,30.7,26.0,4.7,95.3,1,2
Rayan Cherki,2324,Lyon,FRA-Ligue 1,"MF,FW",19.0,1719,Creative Playmaker,Ball Progressor,37.5,23.0,14.5,85.5,2,1
Amine Harit,2324,Marseille,FRA-Ligue 1,"MF,FW",26.0,1821,Creative Playmaker,Ball Progressor,33.4,25.5,7.9,92.1,2,1
Azzedine Ounahi,2324,Marseille,FRA-Ligue 1,MF,23.0,1209,Ball Progressor,Box-to-Box Engine,27.3,26.7,0.6,99.4,1,3
Geoffrey Kondogbia,2324,Marseille,FRA-Ligue 1,MF,30.0,1463,Defensive Anchor,Box-to-Box Engine,36.3,29.1,7.2,92.8,0,3
Jordan Veretout,2324,Marseille,FRA-Ligue 1,MF,30.0,2183,Box-to-Box Engine,Creative Playmaker,28.7,27.4,1.3,98.7,3,2
Mattéo Guendouzi,2324,Marseille,FRA-Ligue 1,MF,24.0,2367,Creative Playmaker,Ball Progressor,26.3,26.1,0.2,99.8,2,1
Ablie Jallow,2324,Metz,FRA-Ligue 1,"MF,FW",24.0,918,Ball Progressor,Creative Playmaker,31.2,27.9,3.3,96.7,1,2
Arthur Atta,2324,Metz,FRA-Ligue 1,"MF,FW",20.0,924,Ball Progressor,Defensive Anchor,30.5,28.4,2.1,97.9,1,0
Danley Jean-Jacques,2324,Metz,FRA-Ligue 1,MF,23.0,2682,Defensive Anchor,Ball Progressor,36.0,27.1,8.9,91.1,0,1
Kévin N'Doram,2324,Metz,FRA-Ligue 1,MF,27.0,1604,Defensive Anchor,Ball Progressor,35.8,25.4,10.4,89.6,0,1
Lamine Camara,2324,Metz,FRA-Ligue 1,MF,19.0,2255,Ball Progressor,Defensive Anchor,28.2,27.2,1.0,99.0,1,0
Aleksandr Golovin,2324,Monaco,FRA-Ligue 1,"MF,FW",27.0,2147,Creative Playmaker,Ball Progressor,34.3,24.2,10.1,89.9,2,1
Denis Zakaria,2324,Monaco,FRA-Ligue 1,"MF,DF",26.0,2137,Defensive Anchor,Box-to-Box Engine,35.3,27.1,8.2,91.8,0,3
Maghnes Akliouche,2324,Monaco,FRA-Ligue 1,"MF,FW",21.0,1613,Creative Playmaker,Ball Progressor,40.1,23.9,16.2,83.8,2,1
Mohamed Camara,2324,Monaco,FRA-Ligue 1,MF,23.0,1035,Box-to-Box Engine,Defensive Anchor,34.0,23.3,10.7,89.3,3,0
Takumi Minamino,2324,Monaco,FRA-Ligue 1,MF,28.0,2117,Creative Playmaker,Ball Progressor,33.4,29.8,3.6,96.4,2,1
Youssouf Fofana,2324,Monaco,FRA-Ligue 1,MF,24.0,2697,Box-to-Box Engine,Ball Progressor,39.9,20.7,19.2,80.8,3,1
Jordan Ferri,2324,Montpellier,FRA-Ligue 1,MF,31.0,2031,Box-to-Box Engine,Ball Progressor,33.5,24.3,9.2,90.8,3,1
Joris Chotard,2324,Montpellier,FRA-Ligue 1,MF,21.0,2587,Defensive Anchor,Box-to-Box Engine,36.3,24.3,12.0,88.0,0,3
Téji Savanier,2324,Montpellier,FRA-Ligue 1,MF,31.0,2765,Creative Playmaker,Box-to-Box Engine,33.3,25.3,8.0,92.0,2,3
Douglas,2324,Nantes,FRA-Ligue 1,MF,26.0,1772,Defensive Anchor,Box-to-Box Engine,32.3,27.0,5.3,94.7,0,3
Florent Mollet,2324,Nantes,FRA-Ligue 1,"MF,FW",31.0,2083,Ball Progressor,Creative Playmaker,36.4,23.2,13.2,86.8,1,2
Moussa Sissoko,2324,Nantes,FRA-Ligue 1,MF,33.0,1821,Ball Progressor,Defensive Anchor,30.9,29.3,1.6,98.4,1,0
Pedro Chirivella,2324,Nantes,FRA-Ligue 1,MF,26.0,2594,Defensive Anchor,Box-to-Box Engine,31.5,30.3,1.2,98.8,0,3
Samuel Moutoussamy,2324,Nantes,FRA-Ligue 1,MF,26.0,1107,Defensive Anchor,Ball Progressor,29.6,28.5,1.1,98.9,0,1
Hicham Boudaoui,2324,Nice,FRA-Ligue 1,MF,23.0,1613,Ball Progressor,Defensive Anchor,35.1,24.2,10.9,89.1,1,0
Khéphren Thuram,2324,Nice,FRA-Ligue 1,MF,22.0,2108,Box-to-Box Engine,Ball Progressor,30.0,27.6,2.4,97.6,3,1
Morgan Sanson,2324,Nice,FRA-Ligue 1,MF,28.0,1964,Ball Progressor,Creative Playmaker,34.7,23.0,11.7,88.3,1,2
Pablo Rosario,2324,Nice,FRA-Ligue 1,"MF,DF",26.0,2009,Defensive Anchor,Box-to-Box Engine,36.0,25.4,10.6,89.4,0,3
Youssouf Ndayishimiye,2324,Nice,FRA-Ligue 1,"MF,DF",24.0,1712,Defensive Anchor,Box-to-Box Engine,32.0,28.8,3.2,96.8,0,3
Carlos Soler,2324,Paris S-G,FRA-Ligue 1,"MF,DF",26.0,1090,Ball Progressor,Box-to-Box Engine,28.9,26.6,2.3,97.7,1,3
Fabián Ruiz Peña,2324,Paris S-G,FRA-Ligue 1,MF,27.0,1197,Box-to-Box Engine,Ball Progressor,33.7,23.8,9.9,90.1,3,1
Manuel Ugarte,2324,Paris S-G,FRA-Ligue 1,MF,22.0,1932,Defensive Anchor,Box-to-Box Engine,34.7,28.5,6.2,93.8,0,3
Marco Asensio,2324,Paris S-G,FRA-Ligue 1,"MF,FW",27.0,1113,Creative Playmaker,Ball Progressor,42.2,22.9,19.3,80.7,2,1
Ousmane Dembélé,2324,Paris S-G,FRA-Ligue 1,"MF,FW",26.0,1506,Creative Playmaker,Ball Progressor,35.7,23.5,12.2,87.8,2,1
Vitinha,2324,Paris S-G,FRA-Ligue 1,MF,23.0,923,Box-to-Box Engine,Creative Playmaker,29.8,28.5,1.3,98.7,3,2
Vitinha,2324,Paris S-G,FRA-Ligue 1,MF,23.0,2126,Box-to-Box Engine,Creative Playmaker,29.8,28.5,1.3,98.7,3,2
Warren Zaïre-Emery,2324,Paris S-G,FRA-Ligue 1,"MF,DF",17.0,1962,Box-to-Box Engine,Ball Progressor,29.2,27.3,1.9,98.1,3,1
Amir Richardson,2324,Reims,FRA-Ligue 1,MF,21.0,1352,Defensive Anchor,Ball Progressor,30.2,27.3,2.9,97.1,0,1
Azor Matusiwa,2324,Reims,FRA-Ligue 1,MF,25.0,1385,Defensive Anchor,Box-to-Box Engine,36.2,28.2,8.0,92.0,0,3
Marshall Munetsi,2324,Reims,FRA-Ligue 1,MF,27.0,2173,Ball Progressor,Defensive Anchor,31.5,28.4,3.1,96.9,1,0
Teddy Teuma,2324,Reims,FRA-Ligue 1,MF,29.0,2113,Box-to-Box Engine,Creative Playmaker,30.9,26.3,4.6,95.4,3,2
Azor Matusiwa,2324,Rennes,FRA-Ligue 1,MF,25.0,1385,Defensive Anchor,Box-to-Box Engine,30.3,27.9,2.4,97.6,0,3
Baptiste Santamaria,2324,Rennes,FRA-Ligue 1,MF,28.0,1926,Defensive Anchor,Box-to-Box Engine,33.4,30.3,3.1,96.9,0,3
Benjamin Bourigeaud,2324,Rennes,FRA-Ligue 1,"MF,FW",29.0,2425,Creative Playmaker,Ball Progressor,35.3,25.2,10.1,89.9,2,1
Désiré Doué,2324,Rennes,FRA-Ligue 1,"MF,FW",18.0,1626,Creative Playmaker,Ball Progressor,37.3,23.5,13.8,86.2,2,1
Enzo Le Fée,2324,Rennes,FRA-Ligue 1,MF,23.0,1527,Box-to-Box Engine,Ball Progressor,36.0,22.1,13.9,86.1,3,1
Lovro Majer,2324,Rennes,FRA-Ligue 1,MF,25.0,2106,Creative Playmaker,Box-to-Box Engine,27.2,25.8,1.4,98.6,2,3
Nemanja Matić,2324,Rennes,FRA-Ligue 1,MF,34.0,1254,Box-to-Box Engine,Defensive Anchor,33.5,27.0,6.5,93.5,3,0
Nemanja Matić,2324,Rennes,FRA-Ligue 1,MF,34.0,1027,Box-to-Box Engine,Defensive Anchor,33.5,27.0,6.5,93.5,3,0
Habib Diarra,2324,Strasbourg,FRA-Ligue 1,"MF,FW",19.0,2305,Ball Progressor,Defensive Anchor,37.6,23.8,13.8,86.2,1,0
Ibrahima Sissoko,2324,Strasbourg,FRA-Ligue 1,MF,25.0,1642,Defensive Anchor,Box-to-Box Engine,42.2,23.6,18.6,81.4,0,3
Ismaël Doukouré,2324,Strasbourg,FRA-Ligue 1,"MF,DF",20.0,1656,Defensive Anchor,Box-to-Box Engine,38.7,23.5,15.2,84.8,0,3
Jean-Ricner Bellegarde,2324,Strasbourg,FRA-Ligue 1,"MF,FW",25.0,958,Creative Playmaker,Ball Progressor,27.3,26.8,0.5,99.5,2,1
Junior Mwanga,2324,Strasbourg,FRA-Ligue 1,"MF,FW",20.0,1450,Defensive Anchor,Ball Progressor,37.2,26.2,11.0,89.0,0,1
Cristian Cásseres Jr.,2324,Toulouse,FRA-Ligue 1,MF,23.0,1946,Defensive Anchor,Box-to-Box Engine,37.7,25.3,12.4,87.6,0,3
Niklas Schmidt,2324,Toulouse,FRA-Ligue 1,MF,25.0,1269,Box-to-Box Engine,Ball Progressor,34.5,23.6,10.9,89.1,3,1
Stijn Spierings,2324,Toulouse,FRA-Ligue 1,MF,27.0,1516,Box-to-Box Engine,Defensive Anchor,33.4,28.6,4.8,95.2,3,0
Vincent Sierro,2324,Toulouse,FRA-Ligue 1,MF,27.0,2261,Ball Progressor,Box-to-Box Engine,28.9,28.0,0.9,99.1,1,3
Yann Gboho,2324,Toulouse,FRA-Ligue 1,"MF,FW",22.0,1193,Ball Progressor,Creative Playmaker,30.5,29.6,0.9,99.1,1,2
Haris Belkebla,2425,Angers,FRA-Ligue 1,MF,30.0,1792,Defensive Anchor,Ball Progressor,37.5,24.1,13.4,86.6,0,1
Himad Abdelli,2425,Angers,FRA-Ligue 1,"MF,FW",24.0,2842,Box-to-Box Engine,Ball Progressor,28.3,27.8,0.5,99.5,3,1
Jean-Eudes Aholou,2425,Angers,FRA-Ligue 1,MF,30.0,1959,Defensive Anchor,Ball Progressor,40.4,23.6,16.8,83.2,0,1
Yassin Belkhdim,2425,Angers,FRA-Ligue 1,MF,22.0,1523,Defensive Anchor,Ball Progressor,32.4,27.7,4.7,95.3,0,1
Ado Onaiwu,2425,Auxerre,FRA-Ligue 1,"MF,FW",28.0,957,Ball Progressor,Creative Playmaker,32.6,24.6,8.0,92.0,1,2
Elisha Owusu,2425,Auxerre,FRA-Ligue 1,MF,26.0,2344,Defensive Anchor,Ball Progressor,39.2,24.2,15.0,85.0,0,1
Gaëtan Perrin,2425,Auxerre,FRA-Ligue 1,"MF,FW",28.0,2691,Creative Playmaker,Ball Progressor,33.3,28.0,5.3,94.7,2,1
Hamed Junior Traorè,2425,Auxerre,FRA-Ligue 1,MF,24.0,2093,Ball Progressor,Creative Playmaker,31.9,28.7,3.2,96.8,1,2
Han-Noah Massengo,2425,Auxerre,FRA-Ligue 1,MF,23.0,1046,Defensive Anchor,Ball Progressor,36.6,26.2,10.4,89.6,0,1
Kévin Danois,2425,Auxerre,FRA-Ligue 1,MF,20.0,1460,Box-to-Box Engine,Defensive Anchor,30.6,26.7,3.9,96.1,3,0
Edimilson Fernandes,2425,Brest,FRA-Ligue 1,"MF,DF",28.0,1105,Defensive Anchor,Box-to-Box Engine,37.8,24.1,13.7,86.3,0,3
Hugo Magnetti,2425,Brest,FRA-Ligue 1,MF,26.0,2323,Defensive Anchor,Ball Progressor,36.1,26.2,9.9,90.1,0,1
Kamory Doumbia,2425,Brest,FRA-Ligue 1,"MF,FW",21.0,1322,Ball Progressor,Box-to-Box Engine,27.5,27.4,0.1,99.9,1,3
Mahdi Camara,2425,Brest,FRA-Ligue 1,"MF,FW",26.0,2659,Ball Progressor,Defensive Anchor,35.4,25.3,10.1,89.9,1,0
Pierre Lees-Melou,2425,Brest,FRA-Ligue 1,MF,31.0,1526,Box-to-Box Engine,Defensive Anchor,36.8,24.7,12.1,87.9,3,0
Abdoulaye Touré,2425,Le Havre,FRA-Ligue 1,MF,30.0,2324,Defensive Anchor,Ball Progressor,30.0,26.5,3.5,96.5,0,1
Antoine Joujou,2425,Le Havre,FRA-Ligue 1,"MF,FW",21.0,943,Ball Progressor,Creative Playmaker,30.0,28.2,1.8,98.2,1,2
Junior Mwanga,2425,Le Havre,FRA-Ligue 1,MF,21.0,952,Defensive Anchor,Ball Progressor,30.3,27.6,2.7,97.3,0,1
Oussama Targhalline,2425,Le Havre,FRA-Ligue 1,MF,22.0,990,Defensive Anchor,Ball Progressor,29.8,27.2,2.6,97.4,0,1
Rassoul Ndiaye,2425,Le Havre,FRA-Ligue 1,MF,22.0,1061,Defensive Anchor,Ball Progressor,31.8,28.8,3.0,97.0,0,1
Yassine Kechta,2425,Le Havre,FRA-Ligue 1,"MF,FW",22.0,2096,Ball Progressor,Defensive Anchor,33.3,28.2,5.1,94.9,1,0
Adrien Thomasson,2425,Lens,FRA-Ligue 1,MF,30.0,2615,Ball Progressor,Box-to-Box Engine,27.6,27.4,0.2,99.8,1,3
Andy Diouf,2425,Lens,FRA-Ligue 1,MF,21.0,2225,Ball Progressor,Box-to-Box Engine,31.8,25.8,6.0,94.0,1,3
Angelo Fulgini,2425,Lens,FRA-Ligue 1,"MF,FW",27.0,1045,Creative Playmaker,Ball Progressor,35.8,25.0,10.8,89.2,2,1
Neil El Aynaoui,2425,Lens,FRA-Ligue 1,MF,23.0,1588,Defensive Anchor,Ball Progressor,27.6,26.6,1.0,99.0,0,1
André Gomes,2425,Lille,FRA-Ligue 1,MF,31.0,1276,Box-to-Box Engine,Defensive Anchor,30.2,27.8,2.4,97.6,3,0
Ayyoub Bouaddi,2425,Lille,FRA-Ligue 1,MF,16.0,1151,Defensive Anchor,Ball Progressor,35.7,25.0,10.7,89.3,0,1
Benjamin André,2425,Lille,FRA-Ligue 1,MF,33.0,2692,Defensive Anchor,Box-to-Box Engine,31.3,31.0,0.3,99.7,0,3
Hákon Arnar Haraldsson,2425,Lille,FRA-Ligue 1,"MF,FW",21.0,1755,Creative Playmaker,Ball Progressor,36.3,26.8,9.5,90.5,2,1
Ngal'Ayel Mukau,2425,Lille,FRA-Ligue 1,MF,19.0,1190,Defensive Anchor,Ball Progressor,37.6,25.5,12.1,87.9,0,1
Corentin Tolisso,2425,Lyon,FRA-Ligue 1,MF,29.0,2329,Box-to-Box Engine,Ball Progressor,26.9,26.7,0.2,99.8,3,1
Jordan Veretout,2425,Lyon,FRA-Ligue 1,MF,31.0,1553,Ball Progressor,Defensive Anchor,30.8,27.1,3.7,96.3,1,0
Maxence Caqueret,2425,Lyon,FRA-Ligue 1,MF,24.0,1087,Box-to-Box Engine,Ball Progressor,28.2,26.1,2.1,97.9,3,1
Nemanja Matić,2425,Lyon,FRA-Ligue 1,MF,35.0,2010,Box-to-Box Engine,Defensive Anchor,33.6,29.5,4.1,95.9,3,0
Orel Mangala,2425,Lyon,FRA-Ligue 1,MF,26.0,1261,Box-to-Box Engine,Ball Progressor,27.0,26.0,1.0,99.0,3,1
Tanner Tessmann,2425,Lyon,FRA-Ligue 1,MF,22.0,1234,Defensive Anchor,Ball Progressor,33.0,26.5,6.5,93.5,0,1
Thiago Almada,2425,Lyon,FRA-Ligue 1,"MF,FW",23.0,951,Creative Playmaker,Box-to-Box Engine,34.8,24.9,9.9,90.1,2,3
Adrien Rabiot,2425,Marseille,FRA-Ligue 1,MF,29.0,2485,Ball Progressor,Creative Playmaker,29.6,27.4,2.2,97.8,1,2
Pierre Højbjerg,2425,Marseille,FRA-Ligue 1,MF,28.0,2664,Box-to-Box Engine,Defensive Anchor,34.8,22.7,12.1,87.9,3,0
Valentin Rongier,2425,Marseille,FRA-Ligue 1,"MF,DF",29.0,1562,Box-to-Box Engine,Defensive Anchor,31.9,29.2,2.7,97.3,3,0
Aleksandr Golovin,2425,Monaco,FRA-Ligue 1,"MF,FW",28.0,1153,Creative Playmaker,Box-to-Box Engine,28.6,28.1,0.5,99.5,2,3
Denis Zakaria,2425,Monaco,FRA-Ligue 1,MF,27.0,2144,Defensive Anchor,Box-to-Box Engine,29.2,28.0,1.2,98.8,0,3
Eliesse Ben Seghir,2425,Monaco,FRA-Ligue 1,"MF,FW",19.0,1750,Creative Playmaker,Ball Progressor,40.6,23.3,17.3,82.7,2,1
Lamine Camara,2425,Monaco,FRA-Ligue 1,MF,20.0,2054,Box-to-Box Engine,Ball Progressor,33.9,22.8,11.1,88.9,3,1
Soungoutou Magassa,2425,Monaco,FRA-Ligue 1,MF,20.0,1025,Defensive Anchor,Box-to-Box Engine,35.3,28.2,7.1,92.9,0,3
Takumi Minamino,2425,Monaco,FRA-Ligue 1,"MF,FW",29.0,2231,Ball Progressor,Creative Playmaker,31.7,30.3,1.4,98.6,1,2
Jordan Ferri,2425,Montpellier,FRA-Ligue 1,MF,32.0,1773,Box-to-Box Engine,Defensive Anchor,30.1,29.0,1.1,98.9,3,0
Joris Chotard,2425,Montpellier,FRA-Ligue 1,MF,22.0,1892,Defensive Anchor,Ball Progressor,39.0,25.2,13.8,86.2,0,1
Khalil Fayad,2425,Montpellier,FRA-Ligue 1,"MF,FW",20.0,1028,Defensive Anchor,Ball Progressor,34.1,25.7,8.4,91.6,0,1
Rabby Nzingoula,2425,Montpellier,FRA-Ligue 1,MF,18.0,1689,Defensive Anchor,Ball Progressor,38.3,24.7,13.6,86.4,0,1
Téji Savanier,2425,Montpellier,FRA-Ligue 1,MF,32.0,2363,Creative Playmaker,Ball Progressor,29.0,26.4,2.6,97.4,2,1
Douglas,2425,Nantes,FRA-Ligue 1,MF,27.0,2307,Defensive Anchor,Ball Progressor,36.1,24.6,11.5,88.5,0,1
Johann Lepenant,2425,Nantes,FRA-Ligue 1,MF,21.0,2048,Defensive Anchor,Ball Progressor,34.2,27.8,6.4,93.6,0,1
Pedro Chirivella,2425,Nantes,FRA-Ligue 1,MF,27.0,2348,Defensive Anchor,Box-to-Box Engine,30.6,27.7,2.9,97.1,0,3
Badredine Bouanani,2425,Nice,FRA-Ligue 1,"MF,FW",19.0,1099,Creative Playmaker,Ball Progressor,34.6,28.1,6.5,93.5,2,1
Baptiste Santamaria,2425,Nice,FRA-Ligue 1,MF,29.0,927,Defensive Anchor,Box-to-Box Engine,41.7,23.0,18.7,81.3,0,3
Hicham Boudaoui,2425,Nice,FRA-Ligue 1,MF,24.0,2435,Ball Progressor,Defensive Anchor,29.3,27.1,2.2,97.8,1,0
Jeremie Boga,2425,Nice,FRA-Ligue 1,"MF,FW",27.0,1054,Creative Playmaker,Ball Progressor,34.1,26.7,7.4,92.6,2,1
Pablo Rosario,2425,Nice,FRA-Ligue 1,"MF,DF",27.0,1775,Defensive Anchor,Ball Progressor,32.4,27.5,4.9,95.1,0,1
Sofiane Diop,2425,Nice,FRA-Ligue 1,"MF,FW",24.0,1064,Creative Playmaker,Ball Progressor,32.1,25.6,6.5,93.5,2,1
Tanguy Ndombele,2425,Nice,FRA-Ligue 1,MF,27.0,1131,Ball Progressor,Defensive Anchor,31.5,25.3,6.2,93.8,1,0
Fabián Ruiz Peña,2425,Paris S-G,FRA-Ligue 1,MF,28.0,1923,Creative Playmaker,Box-to-Box Engine,30.8,29.3,1.5,98.5,2,3
João Neves,2425,Paris S-G,FRA-Ligue 1,"MF,DF",19.0,1844,Box-to-Box Engine,Creative Playmaker,32.8,23.2,9.6,90.4,3,2
Vitinha,2425,Paris S-G,FRA-Ligue 1,MF,24.0,2042,Box-to-Box Engine,Creative Playmaker,31.6,25.0,6.6,93.4,3,2
Vitinha,2425,Paris S-G,FRA-Ligue 1,MF,24.0,1328,Box-to-Box Engine,Creative Playmaker,31.6,25.0,6.6,93.4,3,2
Warren Zaïre-Emery,2425,Paris S-G,FRA-Ligue 1,"MF,DF",18.0,2050,Box-to-Box Engine,Defensive Anchor,32.7,25.9,6.8,93.2,3,0
Amadou Koné,2425,Reims,FRA-Ligue 1,MF,19.0,1293,Defensive Anchor,Box-to-Box Engine,39.9,25.0,14.9,85.1,0,3
Marshall Munetsi,2425,Reims,FRA-Ligue 1,MF,28.0,1078,Ball Progressor,Defensive Anchor,31.7,29.2,2.5,97.5,1,0
Marshall Munetsi,2425,Reims,FRA-Ligue 1,MF,28.0,1692,Ball Progressor,Defensive Anchor,31.7,29.2,2.5,97.5,1,0
Valentin Atangana Edoa,2425,Reims,FRA-Ligue 1,MF,18.0,2854,Defensive Anchor,Ball Progressor,35.1,26.8,8.3,91.7,0,1
Amine Gouiri,2425,Rennes,FRA-Ligue 1,"MF,FW",24.0,1048,Ball Progressor,Creative Playmaker,35.4,23.6,11.8,88.2,1,2
Amine Gouiri,2425,Rennes,FRA-Ligue 1,"MF,FW",24.0,1037,Ball Progressor,Creative Playmaker,35.4,23.6,11.8,88.2,1,2
Azor Matusiwa,2425,Rennes,FRA-Ligue 1,MF,26.0,2078,Defensive Anchor,Box-to-Box Engine,39.0,26.4,12.6,87.4,0,3
Baptiste Santamaria,2425,Rennes,FRA-Ligue 1,MF,29.0,927,Defensive Anchor,Box-to-Box Engine,32.3,26.4,5.9,94.1,0,3
Djaoui Cissé,2425,Rennes,FRA-Ligue 1,MF,20.0,1121,Defensive Anchor,Box-to-Box Engine,30.8,28.9,1.9,98.1,0,3
Jordan James,2425,Rennes,FRA-Ligue 1,MF,20.0,1178,Ball Progressor,Box-to-Box Engine,27.4,27.1,0.3,99.7,1,3
Ludovic Blas,2425,Rennes,FRA-Ligue 1,"MF,FW",26.0,2293,Creative Playmaker,Ball Progressor,38.6,27.0,11.6,88.4,2,1
Aimen Moueffek,2425,Saint-Étienne,FRA-Ligue 1,MF,23.0,1039,Ball Progressor,Defensive Anchor,31.9,29.2,2.7,97.3,1,0
Benjamin Bouchouari,2425,Saint-Étienne,FRA-Ligue 1,MF,22.0,1772,Box-to-Box Engine,Ball Progressor,30.3,27.0,3.3,96.7,3,1
Florian Tardieu,2425,Saint-Étienne,FRA-Ligue 1,MF,32.0,1252,Box-to-Box Engine,Ball Progressor,30.8,24.1,6.7,93.3,3,1
Louis Mouton,2425,Saint-Étienne,FRA-Ligue 1,MF,22.0,1045,Ball Progressor,Defensive Anchor,28.3,26.7,1.6,98.4,1,0
Pierre Ekwah Elimby,2425,Saint-Étienne,FRA-Ligue 1,MF,22.0,2575,Defensive Anchor,Box-to-Box Engine,39.3,25.4,13.9,86.1,0,3
Andrey Santos,2425,Strasbourg,FRA-Ligue 1,MF,20.0,2855,Defensive Anchor,Box-to-Box Engine,32.3,26.5,5.8,94.2,0,3
Dilane Bakwa,2425,Strasbourg,FRA-Ligue 1,"MF,DF",21.0,2497,Creative Playmaker,Ball Progressor,36.8,26.7,10.1,89.9,2,1
Félix Lemaréchal,2425,Strasbourg,FRA-Ligue 1,"MF,FW",20.0,1779,Ball Progressor,Defensive Anchor,37.0,22.6,14.4,85.6,1,0
Habib Diarra,2425,Strasbourg,FRA-Ligue 1,"MF,FW",20.0,2352,Ball Progressor,Creative Playmaker,36.1,22.3,13.8,86.2,1,2
Junior Mwanga,2425,Strasbourg,FRA-Ligue 1,MF,21.0,952,Defensive Anchor,Ball Progressor,32.6,24.7,7.9,92.1,0,1
Sebastian Nanasi,2425,Strasbourg,FRA-Ligue 1,"MF,FW",22.0,2107,Creative Playmaker,Ball Progressor,33.8,28.5,5.3,94.7,2,1
Valentín Barco,2425,Strasbourg,FRA-Ligue 1,"MF,DF",20.0,1157,Box-to-Box Engine,Defensive Anchor,28.6,27.5,1.1,98.9,3,0
Cristian Cásseres Jr.,2425,Toulouse,FRA-Ligue 1,MF,24.0,2696,Defensive Anchor,Box-to-Box Engine,37.5,26.1,11.4,88.6,0,3
Shavy Babicka,2425,Toulouse,FRA-Ligue 1,"MF,FW",24.0,1186,Ball Progressor,Creative Playmaker,33.2,27.1,6.1,93.9,1,2
Vincent Sierro,2425,Toulouse,FRA-Ligue 1,MF,28.0,2402,Ball Progressor,Defensive Anchor,28.7,27.7,1.0,99.0,1,0
Yann Gboho,2425,Toulouse,FRA-Ligue 1,"MF,FW",23.0,2333,Ball Progressor,Creative Playmaker,31.7,30.4,1.3,98.7,1,2
Zakaria Aboukhlal,2425,Toulouse,FRA-Ligue 1,"MF,FW",24.0,1901,Ball Progressor,Creative Playmaker,31.6,25.1,6.5,93.5,1,2
Daniel Baier,1718,Augsburg,GER-Bundesliga,MF,33.0,2538,Box-to-Box Engine,Defensive Anchor,33.6,30.6,3.0,97.0,3,0
Koo Ja-cheol,1718,Augsburg,GER-Bundesliga,MF,28.0,2046,Defensive Anchor,Ball Progressor,34.6,28.8,5.8,94.2,0,1
Michael Gregoritsch,1718,Augsburg,GER-Bundesliga,"MF,FW",23.0,2527,Ball Progressor,Creative Playmaker,31.4,24.3,7.1,92.9,1,2
Rani Khedira,1718,Augsburg,GER-Bundesliga,"MF,DF",23.0,2275,Defensive Anchor,Ball Progressor,38.2,25.1,13.1,86.9,0,1
Arturo Vidal,1718,Bayern Munich,GER-Bundesliga,MF,30.0,1456,Box-to-Box Engine,Creative Playmaker,29.9,24.5,5.4,94.6,3,2
Corentin Tolisso,1718,Bayern Munich,GER-Bundesliga,MF,22.0,1575,Creative Playmaker,Box-to-Box Engine,29.3,25.9,3.4,96.6,2,3
James Rodríguez,1718,Bayern Munich,GER-Bundesliga,"MF,FW",26.0,1621,Creative Playmaker,Box-to-Box Engine,34.5,24.3,10.2,89.8,2,3
Javi Martínez,1718,Bayern Munich,GER-Bundesliga,"MF,DF",28.0,1609,Defensive Anchor,Box-to-Box Engine,30.8,27.0,3.8,96.2,0,3
Sebastian Rudy,1718,Bayern Munich,GER-Bundesliga,MF,27.0,1515,Box-to-Box Engine,Defensive Anchor,29.9,27.4,2.5,97.5,3,0
Thiago Alcántara,1718,Bayern Munich,GER-Bundesliga,"MF,FW",26.0,1247,Box-to-Box Engine,Creative Playmaker,31.3,25.2,6.1,93.9,3,2
Thomas Müller,1718,Bayern Munich,GER-Bundesliga,"MF,FW",27.0,2005,Creative Playmaker,Ball Progressor,34.2,25.9,8.3,91.7,2,1
Gonzalo Castro,1718,Dortmund,GER-Bundesliga,MF,30.0,1206,Box-to-Box Engine,Ball Progressor,27.1,26.3,0.8,99.2,3,1
Julian Weigl,1718,Dortmund,GER-Bundesliga,MF,21.0,1944,Defensive Anchor,Box-to-Box Engine,40.0,25.5,14.5,85.5,0,3
Mahmoud Dahoud,1718,Dortmund,GER-Bundesliga,MF,21.0,1146,Box-to-Box Engine,Ball Progressor,29.1,25.3,3.8,96.2,3,1
Marco Reus,1718,Dortmund,GER-Bundesliga,"MF,FW",28.0,928,Creative Playmaker,Ball Progressor,30.4,27.8,2.6,97.4,2,1
Mario Götze,1718,Dortmund,GER-Bundesliga,MF,25.0,1601,Creative Playmaker,Ball Progressor,34.0,24.7,9.3,90.7,2,1
Nuri Şahin,1718,Dortmund,GER-Bundesliga,MF,28.0,1225,Box-to-Box Engine,Creative Playmaker,33.0,22.7,10.3,89.7,3,2
Shinji Kagawa,1718,Dortmund,GER-Bundesliga,MF,28.0,1166,Creative Playmaker,Ball Progressor,34.2,25.0,9.2,90.8,2,1
Gelson Fernandes,1718,Eint Frankfurt,GER-Bundesliga,MF,30.0,1036,Defensive Anchor,Ball Progressor,36.3,23.8,12.5,87.5,0,1
Jonathan de Guzmán,1718,Eint Frankfurt,GER-Bundesliga,MF,29.0,1092,Box-to-Box Engine,Ball Progressor,32.3,25.4,6.9,93.1,3,1
Kevin-Prince Boateng,1718,Eint Frankfurt,GER-Bundesliga,"MF,FW",30.0,2357,Ball Progressor,Defensive Anchor,33.9,25.8,8.1,91.9,1,0
Marius Wolf,1718,Eint Frankfurt,GER-Bundesliga,"MF,FW",22.0,2363,Ball Progressor,Creative Playmaker,34.6,25.4,9.2,90.8,1,2
Mijat Gaćinović,1718,Eint Frankfurt,GER-Bundesliga,"MF,FW",22.0,1815,Ball Progressor,Defensive Anchor,29.9,27.5,2.4,97.6,1,0
Janik Haberer,1718,Freiburg,GER-Bundesliga,"MF,FW",23.0,2748,Ball Progressor,Defensive Anchor,34.7,27.2,7.5,92.5,1,0
Marco Terrazzino,1718,Freiburg,GER-Bundesliga,"MF,FW",26.0,1489,Ball Progressor,Creative Playmaker,33.9,23.8,10.1,89.9,1,2
Mike Frantz,1718,Freiburg,GER-Bundesliga,MF,30.0,1041,Defensive Anchor,Ball Progressor,30.8,29.0,1.8,98.2,0,1
Nicolas Höfler,1718,Freiburg,GER-Bundesliga,MF,27.0,2259,Defensive Anchor,Box-to-Box Engine,39.5,25.5,14.0,86.0,0,3
Pascal Stenzel,1718,Freiburg,GER-Bundesliga,"MF,DF",21.0,1941,Defensive Anchor,Box-to-Box Engine,39.5,23.9,15.6,84.4,0,3
Robin Koch,1718,Freiburg,GER-Bundesliga,"MF,DF",21.0,1919,Defensive Anchor,Ball Progressor,40.4,23.4,17.0,83.0,0,1
Christoph Kramer,1718,Gladbach,GER-Bundesliga,MF,26.0,2151,Defensive Anchor,Box-to-Box Engine,33.9,28.1,5.8,94.2,0,3
Denis Zakaria,1718,Gladbach,GER-Bundesliga,MF,20.0,2296,Defensive Anchor,Ball Progressor,37.8,24.0,13.8,86.2,0,1
Jonas Hofmann,1718,Gladbach,GER-Bundesliga,"MF,FW",25.0,1033,Creative Playmaker,Ball Progressor,30.7,29.3,1.4,98.6,2,1
Mickaël Cuisance,1718,Gladbach,GER-Bundesliga,"MF,FW",17.0,1207,Ball Progressor,Box-to-Box Engine,30.6,26.6,4.0,96.0,1,3
Patrick Herrmann,1718,Gladbach,GER-Bundesliga,"MF,FW",26.0,1124,Ball Progressor,Defensive Anchor,35.3,23.5,11.8,88.2,1,0
Thorgan Hazard,1718,Gladbach,GER-Bundesliga,"MF,FW",24.0,2939,Creative Playmaker,Ball Progressor,38.6,25.4,13.2,86.8,2,1
Aaron Hunt,1718,Hamburger SV,GER-Bundesliga,"MF,FW",30.0,2081,Creative Playmaker,Ball Progressor,31.4,28.0,3.4,96.6,2,1
Albin Ekdal,1718,Hamburger SV,GER-Bundesliga,MF,28.0,1108,Defensive Anchor,Box-to-Box Engine,37.7,25.4,12.3,87.7,0,3
Gideon Jung,1718,Hamburger SV,GER-Bundesliga,"MF,DF",22.0,2570,Defensive Anchor,Ball Progressor,44.2,22.1,22.1,77.9,0,1
Lewis Holtby,1718,Hamburger SV,GER-Bundesliga,"MF,FW",26.0,1196,Ball Progressor,Creative Playmaker,30.0,23.7,6.3,93.7,1,2
Tatsuya Ito,1718,Hamburger SV,GER-Bundesliga,"MF,FW",20.0,1012,Creative Playmaker,Ball Progressor,30.2,27.0,3.2,96.8,2,1
Walace,1718,Hamburger SV,GER-Bundesliga,MF,22.0,1318,Defensive Anchor,Box-to-Box Engine,38.9,25.2,13.7,86.3,0,3
Felix Klaus,1718,Hannover 96,GER-Bundesliga,"MF,FW",24.0,1981,Ball Progressor,Creative Playmaker,34.1,26.2,7.9,92.1,1,2
Ihlas Bebou,1718,Hannover 96,GER-Bundesliga,"MF,FW",23.0,2140,Creative Playmaker,Ball Progressor,31.4,30.7,0.7,99.3,2,1
Iver Fossum,1718,Hannover 96,GER-Bundesliga,MF,21.0,1306,Ball Progressor,Defensive Anchor,31.2,26.2,5.0,95.0,1,0
Marvin Bakalorz,1718,Hannover 96,GER-Bundesliga,MF,27.0,2055,Defensive Anchor,Ball Progressor,33.5,29.2,4.3,95.7,0,1
Pirmin Schwegler,1718,Hannover 96,GER-Bundesliga,MF,30.0,2319,Defensive Anchor,Box-to-Box Engine,30.7,28.0,2.7,97.3,0,3
Arne Maier,1718,Hertha BSC,GER-Bundesliga,MF,18.0,1223,Defensive Anchor,Box-to-Box Engine,34.2,25.5,8.7,91.3,0,3
Fabian Lustenberger,1718,Hertha BSC,GER-Bundesliga,"MF,DF",29.0,1583,Defensive Anchor,Box-to-Box Engine,38.6,23.2,15.4,84.6,0,3
Per Ciljan Skjelbred,1718,Hertha BSC,GER-Bundesliga,MF,30.0,2183,Defensive Anchor,Box-to-Box Engine,39.3,23.2,16.1,83.9,0,3
Valentino Lazaro,1718,Hertha BSC,GER-Bundesliga,"MF,FW",21.0,1864,Ball Progressor,Creative Playmaker,36.6,22.3,14.3,85.7,1,2
Vladimír Darida,1718,Hertha BSC,GER-Bundesliga,MF,26.0,1635,Defensive Anchor,Box-to-Box Engine,29.9,27.5,2.4,97.6,0,3
Dennis Geiger,1718,Hoffenheim,GER-Bundesliga,MF,19.0,1588,Defensive Anchor,Ball Progressor,28.2,27.7,0.5,99.5,0,1
Florian Grillitsch,1718,Hoffenheim,GER-Bundesliga,MF,21.0,1888,Defensive Anchor,Box-to-Box Engine,33.2,28.9,4.3,95.7,0,3
Kerem Demirbay,1718,Hoffenheim,GER-Bundesliga,MF,24.0,1211,Box-to-Box Engine,Ball Progressor,29.5,26.0,3.5,96.5,3,1
Lukas Rupp,1718,Hoffenheim,GER-Bundesliga,"MF,FW",26.0,1160,Ball Progressor,Box-to-Box Engine,32.7,22.9,9.8,90.2,1,3
Nadiem Amiri,1718,Hoffenheim,GER-Bundesliga,MF,20.0,1744,Ball Progressor,Creative Playmaker,33.4,24.8,8.6,91.4,1,2
Leonardo Bittencourt,1718,Köln,GER-Bundesliga,"MF,FW",23.0,1613,Creative Playmaker,Ball Progressor,30.4,29.6,0.8,99.2,2,1
Marco Höger,1718,Köln,GER-Bundesliga,MF,27.0,1674,Defensive Anchor,Box-to-Box Engine,31.9,31.1,0.8,99.2,0,3
Matthias Lehmann,1718,Köln,GER-Bundesliga,MF,34.0,1515,Defensive Anchor,Box-to-Box Engine,37.2,24.6,12.6,87.4,0,3
Miloš Jojić,1718,Köln,GER-Bundesliga,MF,25.0,1459,Ball Progressor,Creative Playmaker,29.5,26.1,3.4,96.6,1,2
Salih Özcan,1718,Köln,GER-Bundesliga,MF,19.0,1670,Defensive Anchor,Box-to-Box Engine,35.3,26.4,8.9,91.1,0,3
Simon Zoller,1718,Köln,GER-Bundesliga,"MF,FW",26.0,963,Ball Progressor,Defensive Anchor,34.0,24.0,10.0,90.0,1,0
Charles Aránguiz,1718,Leverkusen,GER-Bundesliga,MF,28.0,2302,Box-to-Box Engine,Defensive Anchor,32.7,27.4,5.3,94.7,3,0
Dominik Kohr,1718,Leverkusen,GER-Bundesliga,MF,23.0,1664,Box-to-Box Engine,Defensive Anchor,28.4,27.1,1.3,98.7,3,0
Julian Baumgartlinger,1718,Leverkusen,GER-Bundesliga,"MF,DF",29.0,1393,Defensive Anchor,Box-to-Box Engine,34.0,28.2,5.8,94.2,0,3
Kai Havertz,1718,Leverkusen,GER-Bundesliga,"MF,FW",18.0,2144,Ball Progressor,Creative Playmaker,29.9,28.0,1.9,98.1,1,2
Karim Bellarabi,1718,Leverkusen,GER-Bundesliga,"MF,FW",27.0,1146,Creative Playmaker,Ball Progressor,33.1,25.6,7.5,92.5,2,1
Kevin Kampl,1718,Leverkusen,GER-Bundesliga,MF,26.0,2019,Box-to-Box Engine,Creative Playmaker,27.0,25.6,1.4,98.6,3,2
Alexandru Maxim,1718,Mainz 05,GER-Bundesliga,MF,27.0,957,Ball Progressor,Creative Playmaker,29.1,28.0,1.1,98.9,1,2
Danny Latza,1718,Mainz 05,GER-Bundesliga,MF,27.0,2352,Defensive Anchor,Box-to-Box Engine,32.5,27.0,5.5,94.5,0,3
Jean-Philippe Gbamin,1718,Mainz 05,GER-Bundesliga,"MF,DF",21.0,2591,Defensive Anchor,Box-to-Box Engine,37.9,25.9,12.0,88.0,0,3
Suat Serdar,1718,Mainz 05,GER-Bundesliga,MF,20.0,1703,Defensive Anchor,Ball Progressor,33.9,26.6,7.3,92.7,0,1
Bruma,1718,RB Leipzig,GER-Bundesliga,"MF,FW",22.0,1611,Creative Playmaker,Ball Progressor,31.6,25.8,5.8,94.2,2,1
Diego Demme,1718,RB Leipzig,GER-Bundesliga,MF,25.0,2284,Box-to-Box Engine,Defensive Anchor,33.8,23.2,10.6,89.4,3,0
Emil Forsberg,1718,RB Leipzig,GER-Bundesliga,MF,25.0,1370,Creative Playmaker,Ball Progressor,34.2,27.9,6.3,93.7,2,1
Kevin Kampl,1718,RB Leipzig,GER-Bundesliga,MF,26.0,2019,Box-to-Box Engine,Ball Progressor,32.4,24.1,8.3,91.7,3,1
Marcel Sabitzer,1718,RB Leipzig,GER-Bundesliga,"MF,FW",23.0,1790,Creative Playmaker,Ball Progressor,31.3,28.0,3.3,96.7,2,1
Naby Keïta,1718,RB Leipzig,GER-Bundesliga,MF,22.0,1962,Box-to-Box Engine,Creative Playmaker,29.6,27.0,2.6,97.4,3,2
Amine Harit,1718,Schalke 04,GER-Bundesliga,"MF,FW",20.0,2043,Creative Playmaker,Ball Progressor,34.0,26.5,7.5,92.5,2,1
Coke,1718,Schalke 04,GER-Bundesliga,MF,30.0,1383,Defensive Anchor,Ball Progressor,35.2,25.2,10.0,90.0,0,1
Leon Goretzka,1718,Schalke 04,GER-Bundesliga,MF,22.0,1982,Defensive Anchor,Ball Progressor,27.3,27.3,0.0,100.0,0,1
Max Meyer,1718,Schalke 04,GER-Bundesliga,MF,21.0,1727,Defensive Anchor,Box-to-Box Engine,35.9,27.4,8.5,91.5,0,3
Nabil Bentaleb,1718,Schalke 04,GER-Bundesliga,MF,22.0,1011,Defensive Anchor,Box-to-Box Engine,30.1,25.7,4.4,95.6,0,3
Weston McKennie,1718,Schalke 04,GER-Bundesliga,MF,18.0,1263,Defensive Anchor,Ball Progressor,39.2,24.1,15.1,84.9,0,1
Anastasios Donis,1718,Stuttgart,GER-Bundesliga,"MF,FW",20.0,949,Creative Playmaker,Ball Progressor,28.9,28.1,0.8,99.2,2,1
Berkay Özcan,1718,Stuttgart,GER-Bundesliga,"MF,FW",19.0,1002,Ball Progressor,Defensive Anchor,36.4,22.9,13.5,86.5,1,0
Chadrac Akolo,1718,Stuttgart,GER-Bundesliga,"MF,FW",22.0,1102,Ball Progressor,Creative Playmaker,32.5,26.8,5.7,94.3,1,2
Christian Gentner,1718,Stuttgart,GER-Bundesliga,MF,31.0,2412,Defensive Anchor,Ball Progressor,29.2,27.1,2.1,97.9,0,1
Dennis Aogo,1718,Stuttgart,GER-Bundesliga,"MF,DF",30.0,1954,Defensive Anchor,Ball Progressor,29.7,29.3,0.4,99.6,0,1
Erik Thommy,1718,Stuttgart,GER-Bundesliga,MF,22.0,980,Ball Progressor,Creative Playmaker,30.4,28.8,1.6,98.4,1,2
Santiago Ascacíbar,1718,Stuttgart,GER-Bundesliga,MF,20.0,2381,Defensive Anchor,Box-to-Box Engine,39.2,23.1,16.1,83.9,0,3
Florian Kainz,1718,Werder Bremen,GER-Bundesliga,"MF,FW",24.0,1712,Creative Playmaker,Ball Progressor,33.6,29.1,4.5,95.5,2,1
Maximilian Eggestein,1718,Werder Bremen,GER-Bundesliga,MF,20.0,2692,Ball Progressor,Defensive Anchor,31.0,30.8,0.2,99.8,1,0
Philipp Bargfrede,1718,Werder Bremen,GER-Bundesliga,MF,28.0,1859,Defensive Anchor,Box-to-Box Engine,39.9,24.8,15.1,84.9,0,3
Thomas Delaney,1718,Werder Bremen,GER-Bundesliga,MF,25.0,2796,Defensive Anchor,Ball Progressor,32.1,28.3,3.8,96.2,0,1
Zlatko Junuzović,1718,Werder Bremen,GER-Bundesliga,"MF,FW",29.0,1633,Creative Playmaker,Ball Progressor,31.7,29.0,2.7,97.3,2,1
Daniel Didavi,1718,Wolfsburg,GER-Bundesliga,MF,27.0,2237,Ball Progressor,Creative Playmaker,35.5,24.2,11.3,88.7,1,2
Ignacio Camacho,1718,Wolfsburg,GER-Bundesliga,"MF,DF",27.0,951,Defensive Anchor,Box-to-Box Engine,33.8,25.3,8.5,91.5,0,3
Josuha Guilavogui,1718,Wolfsburg,GER-Bundesliga,MF,26.0,2404,Defensive Anchor,Box-to-Box Engine,35.3,26.7,8.6,91.4,0,3
Maximilian Arnold,1718,Wolfsburg,GER-Bundesliga,MF,23.0,2454,Defensive Anchor,Ball Progressor,29.2,27.6,1.6,98.4,0,1
Caiuby,1819,Augsburg,GER-Bundesliga,"MF,FW",30.0,1006,Ball Progressor,Creative Playmaker,36.5,22.5,14.0,86.0,1,2
Daniel Baier,1819,Augsburg,GER-Bundesliga,MF,34.0,2815,Defensive Anchor,Box-to-Box Engine,35.5,28.5,7.0,93.0,0,3
Koo Ja-cheol,1819,Augsburg,GER-Bundesliga,MF,29.0,1640,Defensive Anchor,Ball Progressor,30.6,28.8,1.8,98.2,0,1
Marco Richter,1819,Augsburg,GER-Bundesliga,"MF,FW",20.0,1426,Creative Playmaker,Ball Progressor,31.4,29.7,1.7,98.3,2,1
Michael Gregoritsch,1819,Augsburg,GER-Bundesliga,"MF,FW",24.0,2487,Ball Progressor,Creative Playmaker,34.5,22.6,11.9,88.1,1,2
Franck Ribéry,1819,Bayern Munich,GER-Bundesliga,"MF,FW",35.0,1174,Creative Playmaker,Ball Progressor,35.5,23.9,11.6,88.4,2,1
James Rodríguez,1819,Bayern Munich,GER-Bundesliga,MF,27.0,1138,Creative Playmaker,Box-to-Box Engine,36.1,23.0,13.1,86.9,2,3
Javi Martínez,1819,Bayern Munich,GER-Bundesliga,MF,29.0,1309,Defensive Anchor,Box-to-Box Engine,35.9,26.5,9.4,90.6,0,3
Leon Goretzka,1819,Bayern Munich,GER-Bundesliga,MF,23.0,2023,Ball Progressor,Box-to-Box Engine,29.1,26.2,2.9,97.1,1,3
Thiago Alcántara,1819,Bayern Munich,GER-Bundesliga,MF,27.0,2408,Box-to-Box Engine,Defensive Anchor,35.0,22.7,12.3,87.7,3,0
Thomas Müller,1819,Bayern Munich,GER-Bundesliga,"MF,FW",28.0,2378,Creative Playmaker,Ball Progressor,34.9,25.4,9.5,90.5,2,1
Axel Witsel,1819,Dortmund,GER-Bundesliga,MF,29.0,2873,Box-to-Box Engine,Defensive Anchor,34.0,28.7,5.3,94.7,3,0
Marco Reus,1819,Dortmund,GER-Bundesliga,"MF,FW",29.0,2316,Creative Playmaker,Ball Progressor,32.7,26.1,6.6,93.4,2,1
Thomas Delaney,1819,Dortmund,GER-Bundesliga,MF,26.0,2283,Defensive Anchor,Box-to-Box Engine,34.8,27.8,7.0,93.0,0,3
Adam Bodzek,1819,Düsseldorf,GER-Bundesliga,"MF,DF",32.0,1596,Defensive Anchor,Ball Progressor,38.7,23.4,15.3,84.7,0,1
Alfredo Morales,1819,Düsseldorf,GER-Bundesliga,MF,28.0,1532,Defensive Anchor,Ball Progressor,40.1,24.2,15.9,84.1,0,1
Benito Raman,1819,Düsseldorf,GER-Bundesliga,"MF,FW",23.0,1681,Creative Playmaker,Ball Progressor,30.8,28.8,2.0,98.0,2,1
Kevin Stöger,1819,Düsseldorf,GER-Bundesliga,MF,24.0,2118,Box-to-Box Engine,Creative Playmaker,34.1,22.9,11.2,88.8,3,2
Marcel Sobottka,1819,Düsseldorf,GER-Bundesliga,MF,24.0,942,Defensive Anchor,Ball Progressor,39.2,23.4,15.8,84.2,0,1
Oliver Fink,1819,Düsseldorf,GER-Bundesliga,MF,36.0,1055,Defensive Anchor,Ball Progressor,33.1,26.1,7.0,93.0,0,1
Allan,1819,Eint Frankfurt,GER-Bundesliga,MF,21.0,2616,Defensive Anchor,Ball Progressor,29.1,27.5,1.6,98.4,0,1
Gelson Fernandes,1819,Eint Frankfurt,GER-Bundesliga,MF,31.0,2225,Defensive Anchor,Ball Progressor,38.6,23.3,15.3,84.7,0,1
Jonathan de Guzmán,1819,Eint Frankfurt,GER-Bundesliga,MF,30.0,1564,Box-to-Box Engine,Ball Progressor,29.2,25.7,3.5,96.5,3,1
Mijat Gaćinović,1819,Eint Frankfurt,GER-Bundesliga,MF,23.0,1626,Ball Progressor,Defensive Anchor,33.2,24.4,8.8,91.2,1,0
Sebastian Rode,1819,Eint Frankfurt,GER-Bundesliga,MF,27.0,923,Box-to-Box Engine,Defensive Anchor,31.5,28.9,2.6,97.4,3,0
Janik Haberer,1819,Freiburg,GER-Bundesliga,"MF,FW",24.0,2340,Defensive Anchor,Box-to-Box Engine,30.1,28.3,1.8,98.2,0,3
Jérôme Gondorf,1819,Freiburg,GER-Bundesliga,"MF,FW",30.0,1296,Ball Progressor,Defensive Anchor,30.4,25.5,4.9,95.1,1,0
Mike Frantz,1819,Freiburg,GER-Bundesliga,"MF,FW",31.0,2216,Ball Progressor,Defensive Anchor,31.5,30.2,1.3,98.7,1,0
Nicolas Höfler,1819,Freiburg,GER-Bundesliga,MF,28.0,1615,Defensive Anchor,Box-to-Box Engine,44.3,23.8,20.5,79.5,0,3
Robin Koch,1819,Freiburg,GER-Bundesliga,"MF,DF",22.0,1901,Defensive Anchor,Ball Progressor,39.3,23.4,15.9,84.1,0,1
Vincenzo Grifo,1819,Freiburg,GER-Bundesliga,"MF,FW",25.0,1427,Creative Playmaker,Ball Progressor,38.5,24.9,13.6,86.4,2,1
Christoph Kramer,1819,Gladbach,GER-Bundesliga,MF,27.0,1136,Defensive Anchor,Box-to-Box Engine,34.4,28.2,6.2,93.8,0,3
Denis Zakaria,1819,Gladbach,GER-Bundesliga,MF,21.0,1959,Ball Progressor,Defensive Anchor,30.6,27.9,2.7,97.3,1,0
Florian Neuhaus,1819,Gladbach,GER-Bundesliga,MF,21.0,2062,Creative Playmaker,Ball Progressor,31.1,30.9,0.2,99.8,2,1
Jonas Hofmann,1819,Gladbach,GER-Bundesliga,MF,26.0,1911,Creative Playmaker,Ball Progressor,32.0,26.5,5.5,94.5,2,1
Tobias Strobl,1819,Gladbach,GER-Bundesliga,"MF,DF",28.0,2293,Defensive Anchor,Box-to-Box Engine,35.5,26.6,8.9,91.1,0,3
Genki Haraguchi,1819,Hannover 96,GER-Bundesliga,"MF,DF",27.0,2133,Ball Progressor,Defensive Anchor,32.5,27.2,5.3,94.7,1,0
Ihlas Bebou,1819,Hannover 96,GER-Bundesliga,"MF,FW",24.0,1066,Creative Playmaker,Ball Progressor,36.8,25.7,11.1,88.9,2,1
Marvin Bakalorz,1819,Hannover 96,GER-Bundesliga,MF,28.0,1470,Defensive Anchor,Ball Progressor,35.2,27.0,8.2,91.8,0,1
Pirmin Schwegler,1819,Hannover 96,GER-Bundesliga,MF,31.0,2075,Defensive Anchor,Box-to-Box Engine,33.0,28.9,4.1,95.9,0,3
Walace,1819,Hannover 96,GER-Bundesliga,MF,23.0,1996,Defensive Anchor,Box-to-Box Engine,37.4,27.0,10.4,89.6,0,3
Arne Maier,1819,Hertha BSC,GER-Bundesliga,MF,19.0,2064,Defensive Anchor,Box-to-Box Engine,38.3,26.0,12.3,87.7,0,3
Marko Grujić,1819,Hertha BSC,GER-Bundesliga,MF,22.0,1780,Defensive Anchor,Box-to-Box Engine,29.6,28.9,0.7,99.3,0,3
Ondrej Duda,1819,Hertha BSC,GER-Bundesliga,MF,23.0,2563,Ball Progressor,Creative Playmaker,30.8,24.5,6.3,93.7,1,2
Per Ciljan Skjelbred,1819,Hertha BSC,GER-Bundesliga,MF,31.0,997,Defensive Anchor,Box-to-Box Engine,36.0,27.8,8.2,91.8,0,3
Andrej Kramarić,1819,Hoffenheim,GER-Bundesliga,"MF,FW",27.0,2396,Creative Playmaker,Ball Progressor,33.7,25.4,8.3,91.7,2,1
Florian Grillitsch,1819,Hoffenheim,GER-Bundesliga,MF,22.0,2394,Box-to-Box Engine,Defensive Anchor,33.7,28.0,5.7,94.3,3,0
Kerem Demirbay,1819,Hoffenheim,GER-Bundesliga,MF,25.0,2017,Creative Playmaker,Box-to-Box Engine,29.8,28.3,1.5,98.5,2,3
Leonardo Bittencourt,1819,Hoffenheim,GER-Bundesliga,MF,24.0,1069,Creative Playmaker,Ball Progressor,28.8,27.2,1.6,98.4,2,1
Steven Zuber,1819,Hoffenheim,GER-Bundesliga,"MF,FW",26.0,1051,Creative Playmaker,Ball Progressor,30.2,27.0,3.2,96.8,2,1
Vincenzo Grifo,1819,Hoffenheim,GER-Bundesliga,"MF,FW",25.0,1427,Creative Playmaker,Ball Progressor,38.8,23.3,15.5,84.5,2,1
Charles Aránguiz,1819,Leverkusen,GER-Bundesliga,MF,29.0,1891,Box-to-Box Engine,Defensive Anchor,36.9,21.4,15.5,84.5,3,0
Dominik Kohr,1819,Leverkusen,GER-Bundesliga,MF,24.0,973,Defensive Anchor,Box-to-Box Engine,32.1,27.2,4.9,95.1,0,3
Julian Baumgartlinger,1819,Leverkusen,GER-Bundesliga,MF,30.0,1559,Box-to-Box Engine,Defensive Anchor,34.9,29.4,5.5,94.5,3,0
Julian Brandt,1819,Leverkusen,GER-Bundesliga,"MF,FW",22.0,2666,Creative Playmaker,Ball Progressor,39.5,22.3,17.2,82.8,2,1
Kai Havertz,1819,Leverkusen,GER-Bundesliga,"MF,FW",19.0,2894,Creative Playmaker,Ball Progressor,35.3,25.5,9.8,90.2,2,1
Lars Bender,1819,Leverkusen,GER-Bundesliga,"MF,DF",29.0,1361,Box-to-Box Engine,Defensive Anchor,31.5,28.8,2.7,97.3,3,0
Danny Latza,1819,Mainz 05,GER-Bundesliga,MF,28.0,1863,Box-to-Box Engine,Defensive Anchor,29.2,27.8,1.4,98.6,3,0
Jean-Paul Boëtius,1819,Mainz 05,GER-Bundesliga,MF,24.0,2127,Ball Progressor,Box-to-Box Engine,29.2,25.4,3.8,96.2,1,3
Jean-Philippe Gbamin,1819,Mainz 05,GER-Bundesliga,MF,22.0,2672,Defensive Anchor,Box-to-Box Engine,32.8,28.0,4.8,95.2,0,3
Levin Öztunalı,1819,Mainz 05,GER-Bundesliga,"MF,FW",22.0,921,Ball Progressor,Defensive Anchor,33.0,26.5,6.5,93.5,1,0
Pierre Kunde,1819,Mainz 05,GER-Bundesliga,MF,23.0,1909,Box-to-Box Engine,Defensive Anchor,32.6,31.5,1.1,98.9,3,0
Ridle Baku,1819,Mainz 05,GER-Bundesliga,MF,20.0,937,Defensive Anchor,Ball Progressor,34.3,28.2,6.1,93.9,0,1
Eduard Löwen,1819,Nürnberg,GER-Bundesliga,"MF,FW",21.0,1623,Ball Progressor,Box-to-Box Engine,32.5,25.8,6.7,93.3,1,3
Federico Palacios Martínez,1819,Nürnberg,GER-Bundesliga,"MF,FW",23.0,942,Ball Progressor,Defensive Anchor,33.7,28.9,4.8,95.2,1,0
Hanno Behrens,1819,Nürnberg,GER-Bundesliga,MF,28.0,2639,Defensive Anchor,Ball Progressor,31.3,30.5,0.8,99.2,0,1
Matheus Pereira,1819,Nürnberg,GER-Bundesliga,"MF,FW",22.0,1232,Ball Progressor,Creative Playmaker,31.1,25.4,5.7,94.3,1,2
Ondřej Petrák,1819,Nürnberg,GER-Bundesliga,MF,26.0,1624,Defensive Anchor,Ball Progressor,37.6,23.2,14.4,85.6,0,1
Patrick Erras,1819,Nürnberg,GER-Bundesliga,MF,23.0,1222,Defensive Anchor,Ball Progressor,36.3,24.8,11.5,88.5,0,1
Sebastian Kerk,1819,Nürnberg,GER-Bundesliga,"MF,FW",24.0,1179,Ball Progressor,Defensive Anchor,31.4,25.2,6.2,93.8,1,0
Virgil Misidjan,1819,Nürnberg,GER-Bundesliga,"MF,FW",25.0,1543,Ball Progressor,Creative Playmaker,34.8,23.2,11.6,88.4,1,2
Diego Demme,1819,RB Leipzig,GER-Bundesliga,MF,26.0,2055,Box-to-Box Engine,Defensive Anchor,37.4,25.2,12.2,87.8,3,0
Emil Forsberg,1819,RB Leipzig,GER-Bundesliga,"MF,FW",26.0,1249,Creative Playmaker,Ball Progressor,39.5,23.6,15.9,84.1,2,1
Kevin Kampl,1819,RB Leipzig,GER-Bundesliga,MF,27.0,2113,Box-to-Box Engine,Creative Playmaker,35.5,23.2,12.3,87.7,3,2
Konrad Laimer,1819,RB Leipzig,GER-Bundesliga,"MF,DF",21.0,1874,Defensive Anchor,Box-to-Box Engine,28.6,26.9,1.7,98.3,0,3
Marcel Sabitzer,1819,RB Leipzig,GER-Bundesliga,MF,24.0,2352,Ball Progressor,Creative Playmaker,29.2,26.5,2.7,97.3,1,2
Alessandro Schöpf,1819,Schalke 04,GER-Bundesliga,"MF,DF",24.0,1004,Ball Progressor,Box-to-Box Engine,29.0,26.9,2.1,97.9,1,3
Amine Harit,1819,Schalke 04,GER-Bundesliga,"MF,FW",21.0,1082,Creative Playmaker,Ball Progressor,28.8,28.4,0.4,99.6,2,1
Nabil Bentaleb,1819,Schalke 04,GER-Bundesliga,MF,23.0,1792,Defensive Anchor,Box-to-Box Engine,33.0,27.4,5.6,94.4,0,3
Omar Mascarell,1819,Schalke 04,GER-Bundesliga,MF,25.0,993,Defensive Anchor,Box-to-Box Engine,40.4,23.5,16.9,83.1,0,3
Sebastian Rudy,1819,Schalke 04,GER-Bundesliga,MF,28.0,1356,Defensive Anchor,Box-to-Box Engine,40.1,23.5,16.6,83.4,0,3
Suat Serdar,1819,Schalke 04,GER-Bundesliga,MF,21.0,1729,Defensive Anchor,Ball Progressor,35.0,26.6,8.4,91.6,0,1
Weston McKennie,1819,Schalke 04,GER-Bundesliga,"MF,FW",19.0,1746,Defensive Anchor,Ball Progressor,29.9,29.6,0.3,99.7,0,1
Alexander Esswein,1819,Stuttgart,GER-Bundesliga,"MF,FW",28.0,1251,Ball Progressor,Creative Playmaker,33.6,25.5,8.1,91.9,1,2
Christian Gentner,1819,Stuttgart,GER-Bundesliga,"MF,FW",32.0,2018,Defensive Anchor,Box-to-Box Engine,29.8,29.5,0.3,99.7,0,3
Daniel Didavi,1819,Stuttgart,GER-Bundesliga,"MF,FW",28.0,956,Creative Playmaker,Ball Progressor,36.5,25.3,11.2,88.8,2,1
Dennis Aogo,1819,Stuttgart,GER-Bundesliga,MF,31.0,1025,Defensive Anchor,Box-to-Box Engine,31.6,25.9,5.7,94.3,0,3
Gonzalo Castro,1819,Stuttgart,GER-Bundesliga,MF,31.0,1692,Box-to-Box Engine,Defensive Anchor,27.9,27.7,0.2,99.8,3,0
Santiago Ascacíbar,1819,Stuttgart,GER-Bundesliga,MF,21.0,2428,Defensive Anchor,Box-to-Box Engine,42.4,23.0,19.4,80.6,0,3
Steven Zuber,1819,Stuttgart,GER-Bundesliga,"MF,FW",26.0,1051,Ball Progressor,Creative Playmaker,33.1,26.2,6.9,93.1,1,2
Davy Klaassen,1819,Werder Bremen,GER-Bundesliga,MF,25.0,2816,Ball Progressor,Defensive Anchor,31.4,27.0,4.4,95.6,1,0
Maximilian Eggestein,1819,Werder Bremen,GER-Bundesliga,MF,21.0,3052,Box-to-Box Engine,Ball Progressor,29.6,29.4,0.2,99.8,3,1
Nuri Şahin,1819,Werder Bremen,GER-Bundesliga,MF,29.0,1476,Defensive Anchor,Box-to-Box Engine,31.9,30.8,1.1,98.9,0,3
Philipp Bargfrede,1819,Werder Bremen,GER-Bundesliga,"MF,DF",29.0,1079,Defensive Anchor,Box-to-Box Engine,36.5,25.5,11.0,89.0,0,3
Elvis Rexhbeçaj,1819,Wolfsburg,GER-Bundesliga,MF,20.0,1144,Defensive Anchor,Ball Progressor,31.8,27.9,3.9,96.1,0,1
Josuha Guilavogui,1819,Wolfsburg,GER-Bundesliga,MF,27.0,1570,Defensive Anchor,Box-to-Box Engine,36.2,25.6,10.6,89.4,0,3
Maximilian Arnold,1819,Wolfsburg,GER-Bundesliga,MF,24.0,2872,Box-to-Box Engine,Ball Progressor,28.6,27.0,1.6,98.4,3,1
Yannick Gerhardt,1819,Wolfsburg,GER-Bundesliga,MF,24.0,2455,Ball Progressor,Defensive Anchor,39.7,21.7,18.0,82.0,1,0
Daniel Baier,1920,Augsburg,GER-Bundesliga,MF,35.0,1941,Defensive Anchor,Box-to-Box Engine,36.8,24.9,11.9,88.1,0,3
Marco Richter,1920,Augsburg,GER-Bundesliga,"MF,FW",21.0,2280,Ball Progressor,Defensive Anchor,37.0,23.8,13.2,86.8,1,0
Rani Khedira,1920,Augsburg,GER-Bundesliga,MF,25.0,2649,Defensive Anchor,Ball Progressor,40.3,23.7,16.6,83.4,0,1
Joshua Kimmich,1920,Bayern Munich,GER-Bundesliga,"MF,DF",24.0,2818,Box-to-Box Engine,Creative Playmaker,30.0,28.3,1.7,98.3,3,2
Leon Goretzka,1920,Bayern Munich,GER-Bundesliga,MF,24.0,1512,Creative Playmaker,Box-to-Box Engine,27.8,27.2,0.6,99.4,2,3
Philippe Coutinho,1920,Bayern Munich,GER-Bundesliga,"MF,FW",27.0,1411,Creative Playmaker,Ball Progressor,36.3,23.6,12.7,87.3,2,1
Renato Sanches,1920,Bayern Munich,GER-Bundesliga,MF,21.0,1483,Ball Progressor,Defensive Anchor,26.2,25.6,0.6,99.4,1,0
Thiago Alcántara,1920,Bayern Munich,GER-Bundesliga,MF,28.0,1771,Box-to-Box Engine,Defensive Anchor,34.0,24.0,10.0,90.0,3,0
Thomas Müller,1920,Bayern Munich,GER-Bundesliga,"MF,FW",29.0,2255,Creative Playmaker,Ball Progressor,37.1,23.6,13.5,86.5,2,1
Axel Witsel,1920,Dortmund,GER-Bundesliga,MF,30.0,2245,Box-to-Box Engine,Defensive Anchor,31.0,29.8,1.2,98.8,3,0
Emre Can,1920,Dortmund,GER-Bundesliga,"MF,DF",25.0,955,Defensive Anchor,Box-to-Box Engine,32.0,28.9,3.1,96.9,0,3
Julian Brandt,1920,Dortmund,GER-Bundesliga,"MF,FW",23.0,2203,Creative Playmaker,Box-to-Box Engine,31.8,26.1,5.7,94.3,2,3
Julian Weigl,1920,Dortmund,GER-Bundesliga,"MF,DF",23.0,1019,Defensive Anchor,Box-to-Box Engine,31.5,29.9,1.6,98.4,0,3
Marco Reus,1920,Dortmund,GER-Bundesliga,"MF,FW",30.0,1495,Creative Playmaker,Ball Progressor,30.4,27.6,2.8,97.2,2,1
Adam Bodzek,1920,Düsseldorf,GER-Bundesliga,MF,33.0,2015,Defensive Anchor,Ball Progressor,41.0,23.3,17.7,82.3,0,1
Alfredo Morales,1920,Düsseldorf,GER-Bundesliga,MF,29.0,1730,Defensive Anchor,Ball Progressor,36.3,26.8,9.5,90.5,0,1
Erik Thommy,1920,Düsseldorf,GER-Bundesliga,"MF,FW",24.0,2259,Creative Playmaker,Ball Progressor,34.0,28.9,5.1,94.9,2,1
Kevin Stöger,1920,Düsseldorf,GER-Bundesliga,MF,25.0,1268,Box-to-Box Engine,Defensive Anchor,32.2,22.9,9.3,90.7,3,0
Valon Berisha,1920,Düsseldorf,GER-Bundesliga,MF,26.0,941,Ball Progressor,Defensive Anchor,33.8,25.6,8.2,91.8,1,0
Daichi Kamada,1920,Eint Frankfurt,GER-Bundesliga,"MF,FW",22.0,1969,Creative Playmaker,Ball Progressor,33.4,28.5,4.9,95.1,2,1
Djibril Sow,1920,Eint Frankfurt,GER-Bundesliga,MF,22.0,1746,Ball Progressor,Defensive Anchor,28.2,27.3,0.9,99.1,1,0
Dominik Kohr,1920,Eint Frankfurt,GER-Bundesliga,MF,25.0,1445,Box-to-Box Engine,Defensive Anchor,30.0,27.9,2.1,97.9,3,0
Mijat Gaćinović,1920,Eint Frankfurt,GER-Bundesliga,"MF,FW",24.0,1048,Ball Progressor,Defensive Anchor,31.6,25.4,6.2,93.8,1,0
Sebastian Rode,1920,Eint Frankfurt,GER-Bundesliga,MF,28.0,1936,Box-to-Box Engine,Defensive Anchor,34.4,26.9,7.5,92.5,3,0
Janik Haberer,1920,Freiburg,GER-Bundesliga,"MF,FW",25.0,1721,Defensive Anchor,Ball Progressor,34.8,26.6,8.2,91.8,0,1
Nicolas Höfler,1920,Freiburg,GER-Bundesliga,MF,29.0,2783,Defensive Anchor,Box-to-Box Engine,38.9,25.4,13.5,86.5,0,3
Roland Sallai,1920,Freiburg,GER-Bundesliga,"MF,FW",22.0,1162,Ball Progressor,Creative Playmaker,36.9,24.7,12.2,87.8,1,2
Vincenzo Grifo,1920,Freiburg,GER-Bundesliga,"MF,FW",26.0,1618,Creative Playmaker,Ball Progressor,39.9,24.6,15.3,84.7,2,1
Christoph Kramer,1920,Gladbach,GER-Bundesliga,MF,28.0,1464,Defensive Anchor,Box-to-Box Engine,39.7,25.5,14.2,85.8,0,3
Denis Zakaria,1920,Gladbach,GER-Bundesliga,"MF,DF",22.0,1947,Defensive Anchor,Box-to-Box Engine,35.3,27.2,8.1,91.9,0,3
Florian Neuhaus,1920,Gladbach,GER-Bundesliga,MF,22.0,2356,Box-to-Box Engine,Ball Progressor,30.0,26.5,3.5,96.5,3,1
Jonas Hofmann,1920,Gladbach,GER-Bundesliga,"MF,FW",27.0,1633,Ball Progressor,Creative Playmaker,28.2,27.3,0.9,99.1,1,2
Lars Stindl,1920,Gladbach,GER-Bundesliga,"MF,FW",30.0,1432,Creative Playmaker,Ball Progressor,30.3,27.2,3.1,96.9,2,1
Javairô Dilrosun,1920,Hertha BSC,GER-Bundesliga,"MF,FW",21.0,1309,Ball Progressor,Creative Playmaker,31.3,23.8,7.5,92.5,1,2
Marko Grujić,1920,Hertha BSC,GER-Bundesliga,MF,23.0,2415,Defensive Anchor,Box-to-Box Engine,35.7,24.5,11.2,88.8,0,3
Per Ciljan Skjelbred,1920,Hertha BSC,GER-Bundesliga,MF,32.0,1628,Defensive Anchor,Box-to-Box Engine,38.9,23.9,15.0,85.0,0,3
Vladimír Darida,1920,Hertha BSC,GER-Bundesliga,MF,28.0,2256,Ball Progressor,Box-to-Box Engine,30.2,26.5,3.7,96.3,1,3
Christoph Baumgartner,1920,Hoffenheim,GER-Bundesliga,"MF,FW",19.0,1493,Ball Progressor,Creative Playmaker,30.5,25.6,4.9,95.1,1,2
Dennis Geiger,1920,Hoffenheim,GER-Bundesliga,MF,21.0,1136,Ball Progressor,Box-to-Box Engine,27.3,26.8,0.5,99.5,1,3
Diadie Samassékou,1920,Hoffenheim,GER-Bundesliga,MF,23.0,1310,Defensive Anchor,Box-to-Box Engine,38.1,23.9,14.2,85.8,0,3
Florian Grillitsch,1920,Hoffenheim,GER-Bundesliga,"MF,DF",23.0,2408,Box-to-Box Engine,Defensive Anchor,36.3,28.8,7.5,92.5,3,0
Leonardo Bittencourt,1920,Hoffenheim,GER-Bundesliga,MF,25.0,1889,Ball Progressor,Box-to-Box Engine,26.8,24.9,1.9,98.1,1,3
Sebastian Rudy,1920,Hoffenheim,GER-Bundesliga,"MF,DF",29.0,2734,Box-to-Box Engine,Ball Progressor,31.0,25.6,5.4,94.6,3,1
Vincenzo Grifo,1920,Hoffenheim,GER-Bundesliga,MF,26.0,1618,Ball Progressor,Creative Playmaker,27.9,24.4,3.5,96.5,1,2
Dominick Drexler,1920,Köln,GER-Bundesliga,"MF,FW",29.0,1587,Ball Progressor,Creative Playmaker,28.8,28.4,0.4,99.6,1,2
Ellyes Skhiri,1920,Köln,GER-Bundesliga,MF,24.0,2672,Defensive Anchor,Box-to-Box Engine,35.6,28.2,7.4,92.6,0,3
Jonas Hector,1920,Köln,GER-Bundesliga,"MF,DF",29.0,2433,Defensive Anchor,Box-to-Box Engine,33.6,27.4,6.2,93.8,0,3
Mark Uth,1920,Köln,GER-Bundesliga,"MF,FW",27.0,1162,Creative Playmaker,Ball Progressor,32.8,26.4,6.4,93.6,2,1
Charles Aránguiz,1920,Leverkusen,GER-Bundesliga,MF,30.0,2118,Box-to-Box Engine,Defensive Anchor,33.0,30.3,2.7,97.3,3,0
Julian Baumgartlinger,1920,Leverkusen,GER-Bundesliga,MF,31.0,1791,Defensive Anchor,Box-to-Box Engine,35.8,26.0,9.8,90.2,0,3
Kai Havertz,1920,Leverkusen,GER-Bundesliga,"MF,FW",20.0,2454,Creative Playmaker,Ball Progressor,39.6,24.5,15.1,84.9,2,1
Kerem Demirbay,1920,Leverkusen,GER-Bundesliga,MF,26.0,1573,Box-to-Box Engine,Creative Playmaker,32.8,23.7,9.1,90.9,3,2
Nadiem Amiri,1920,Leverkusen,GER-Bundesliga,"MF,FW",22.0,1857,Creative Playmaker,Box-to-Box Engine,30.0,26.2,3.8,96.2,2,3
Danny Latza,1920,Mainz 05,GER-Bundesliga,MF,29.0,1373,Defensive Anchor,Box-to-Box Engine,37.4,25.4,12.0,88.0,0,3
Edimilson Fernandes,1920,Mainz 05,GER-Bundesliga,"MF,DF",23.0,1484,Defensive Anchor,Box-to-Box Engine,44.0,22.5,21.5,78.5,0,3
Jean-Paul Boëtius,1920,Mainz 05,GER-Bundesliga,MF,25.0,2266,Ball Progressor,Box-to-Box Engine,32.4,25.0,7.4,92.6,1,3
Leandro Barreiro Martins,1920,Mainz 05,GER-Bundesliga,MF,19.0,938,Defensive Anchor,Box-to-Box Engine,37.5,23.8,13.7,86.3,0,3
Levin Öztunalı,1920,Mainz 05,GER-Bundesliga,"MF,FW",23.0,1778,Ball Progressor,Creative Playmaker,34.8,25.0,9.8,90.2,1,2
Pierre Kunde,1920,Mainz 05,GER-Bundesliga,MF,24.0,1866,Box-to-Box Engine,Defensive Anchor,30.2,28.1,2.1,97.9,3,0
Abdelhamid Sabiri,1920,Paderborn 07,GER-Bundesliga,MF,22.0,1048,Ball Progressor,Defensive Anchor,29.0,28.3,0.7,99.3,1,0
Christopher Antwi-Adjei,1920,Paderborn 07,GER-Bundesliga,"MF,FW",25.0,2470,Ball Progressor,Creative Playmaker,35.5,24.5,11.0,89.0,1,2
Gerrit Holtmann,1920,Paderborn 07,GER-Bundesliga,"MF,DF",24.0,1065,Ball Progressor,Creative Playmaker,31.2,23.1,8.1,91.9,1,2
Kai Pröger,1920,Paderborn 07,GER-Bundesliga,"MF,FW",27.0,2079,Ball Progressor,Creative Playmaker,34.1,24.9,9.2,90.8,1,2
Klaus Gjasula,1920,Paderborn 07,GER-Bundesliga,MF,29.0,2280,Defensive Anchor,Box-to-Box Engine,41.0,24.8,16.2,83.8,0,3
Sebastian Vasiliadis,1920,Paderborn 07,GER-Bundesliga,MF,21.0,2808,Defensive Anchor,Ball Progressor,41.1,23.2,17.9,82.1,0,1
Christopher Nkunku,1920,RB Leipzig,GER-Bundesliga,"MF,FW",21.0,1925,Creative Playmaker,Ball Progressor,38.6,23.7,14.9,85.1,2,1
Diego Demme,1920,RB Leipzig,GER-Bundesliga,MF,27.0,1211,Box-to-Box Engine,Defensive Anchor,36.4,24.9,11.5,88.5,3,0
Diego Demme,1920,RB Leipzig,GER-Bundesliga,MF,27.0,902,Box-to-Box Engine,Defensive Anchor,36.4,24.9,11.5,88.5,3,0
Emil Forsberg,1920,RB Leipzig,GER-Bundesliga,MF,27.0,1141,Creative Playmaker,Ball Progressor,32.6,27.7,4.9,95.1,2,1
Konrad Laimer,1920,RB Leipzig,GER-Bundesliga,MF,22.0,2115,Box-to-Box Engine,Defensive Anchor,31.2,26.9,4.3,95.7,3,0
Marcel Sabitzer,1920,RB Leipzig,GER-Bundesliga,"MF,FW",25.0,2499,Creative Playmaker,Ball Progressor,34.4,24.4,10.0,90.0,2,1
Tyler Adams,1920,RB Leipzig,GER-Bundesliga,"MF,DF",20.0,953,Defensive Anchor,Ball Progressor,31.1,26.6,4.5,95.5,0,1
Alessandro Schöpf,1920,Schalke 04,GER-Bundesliga,MF,25.0,1432,Ball Progressor,Defensive Anchor,29.5,29.3,0.2,99.8,1,0
Amine Harit,1920,Schalke 04,GER-Bundesliga,"MF,FW",22.0,2102,Creative Playmaker,Ball Progressor,36.3,26.4,9.9,90.1,2,1
Daniel Caligiuri,1920,Schalke 04,GER-Bundesliga,"MF,FW",31.0,2293,Ball Progressor,Box-to-Box Engine,28.9,26.2,2.7,97.3,1,3
Jonas Hofmann,1920,Schalke 04,GER-Bundesliga,MF,22.0,1633,Defensive Anchor,Ball Progressor,35.2,25.2,10.0,90.0,0,1
Omar Mascarell,1920,Schalke 04,GER-Bundesliga,MF,26.0,2026,Defensive Anchor,Box-to-Box Engine,34.5,26.9,7.6,92.4,0,3
Suat Serdar,1920,Schalke 04,GER-Bundesliga,MF,22.0,1599,Defensive Anchor,Box-to-Box Engine,29.5,26.0,3.5,96.5,0,3
Weston McKennie,1920,Schalke 04,GER-Bundesliga,"MF,DF",20.0,2074,Defensive Anchor,Box-to-Box Engine,34.8,26.0,8.8,91.2,0,3
Christian Gentner,1920,Union Berlin,GER-Bundesliga,MF,33.0,2443,Defensive Anchor,Ball Progressor,34.9,24.9,10.0,90.0,0,1
Grischa Prömel,1920,Union Berlin,GER-Bundesliga,MF,24.0,924,Defensive Anchor,Ball Progressor,39.2,25.3,13.9,86.1,0,1
Marcus Ingvartsen,1920,Union Berlin,GER-Bundesliga,"MF,FW",23.0,1716,Ball Progressor,Defensive Anchor,33.5,27.6,5.9,94.1,1,0
Marius Bülter,1920,Union Berlin,GER-Bundesliga,"MF,FW",26.0,2321,Ball Progressor,Defensive Anchor,38.2,22.5,15.7,84.3,1,0
Robert Andrich,1920,Union Berlin,GER-Bundesliga,MF,24.0,2572,Defensive Anchor,Box-to-Box Engine,34.3,27.6,6.7,93.3,0,3
Davy Klaassen,1920,Werder Bremen,GER-Bundesliga,MF,26.0,2936,Ball Progressor,Defensive Anchor,30.3,27.4,2.9,97.1,1,0
Maximilian Eggestein,1920,Werder Bremen,GER-Bundesliga,MF,22.0,2855,Ball Progressor,Box-to-Box Engine,29.1,27.9,1.2,98.8,1,3
Nuri Şahin,1920,Werder Bremen,GER-Bundesliga,MF,30.0,1249,Box-to-Box Engine,Defensive Anchor,29.2,28.1,1.1,98.9,3,0
Admir Mehmedi,1920,Wolfsburg,GER-Bundesliga,"MF,FW",28.0,1200,Ball Progressor,Creative Playmaker,34.5,25.4,9.1,90.9,1,2
Josip Brekalo,1920,Wolfsburg,GER-Bundesliga,"MF,FW",21.0,1670,Creative Playmaker,Ball Progressor,41.9,23.1,18.8,81.2,2,1
Josuha Guilavogui,1920,Wolfsburg,GER-Bundesliga,"MF,DF",28.0,2062,Defensive Anchor,Box-to-Box Engine,41.5,24.0,17.5,82.5,0,3
Maximilian Arnold,1920,Wolfsburg,GER-Bundesliga,MF,25.0,2821,Box-to-Box Engine,Ball Progressor,29.0,26.1,2.9,97.1,3,1
Renato Steffen,1920,Wolfsburg,GER-Bundesliga,"MF,FW",27.0,1585,Ball Progressor,Creative Playmaker,32.1,25.3,6.8,93.2,1,2
Victor Sá,1920,Wolfsburg,GER-Bundesliga,"MF,FW",25.0,1629,Ball Progressor,Defensive Anchor,36.5,22.9,13.6,86.4,1,0
Xaver Schlager,1920,Wolfsburg,GER-Bundesliga,MF,21.0,1719,Defensive Anchor,Box-to-Box Engine,32.8,27.1,5.7,94.3,0,3
Arne Maier,2021,Arminia,GER-Bundesliga,MF,21.0,1034,Defensive Anchor,Ball Progressor,30.4,29.2,1.2,98.8,0,1
Fabian Kunze,2021,Arminia,GER-Bundesliga,MF,22.0,1270,Defensive Anchor,Box-to-Box Engine,41.8,22.2,19.6,80.4,0,3
Manuel Prietl,2021,Arminia,GER-Bundesliga,MF,28.0,2517,Defensive Anchor,Ball Progressor,43.1,22.0,21.1,78.9,0,1
Marcel Hartel,2021,Arminia,GER-Bundesliga,MF,24.0,1681,Defensive Anchor,Ball Progressor,38.3,24.7,13.6,86.4,0,1
Masaya Okugawa,2021,Arminia,GER-Bundesliga,MF,24.0,914,Ball Progressor,Defensive Anchor,31.1,29.7,1.4,98.6,1,0
Ritsu Doan,2021,Arminia,GER-Bundesliga,"MF,FW",22.0,2768,Ball Progressor,Creative Playmaker,41.6,20.7,20.9,79.1,1,2
Carlos Gruezo,2021,Augsburg,GER-Bundesliga,MF,25.0,2084,Defensive Anchor,Box-to-Box Engine,35.7,24.1,11.6,88.4,0,3
Daniel Caligiuri,2021,Augsburg,GER-Bundesliga,"MF,FW",32.0,2665,Ball Progressor,Box-to-Box Engine,30.5,26.0,4.5,95.5,1,3
Rani Khedira,2021,Augsburg,GER-Bundesliga,MF,26.0,1818,Defensive Anchor,Ball Progressor,34.6,24.9,9.7,90.3,0,1
Ruben Vargas,2021,Augsburg,GER-Bundesliga,"MF,FW",21.0,1612,Ball Progressor,Creative Playmaker,35.2,24.3,10.9,89.1,1,2
Tobias Strobl,2021,Augsburg,GER-Bundesliga,MF,30.0,1846,Defensive Anchor,Ball Progressor,38.5,24.0,14.5,85.5,0,1
Joshua Kimmich,2021,Bayern Munich,GER-Bundesliga,MF,25.0,2194,Box-to-Box Engine,Creative Playmaker,29.3,28.3,1.0,99.0,3,2
Leon Goretzka,2021,Bayern Munich,GER-Bundesliga,MF,25.0,1705,Box-to-Box Engine,Defensive Anchor,30.7,23.7,7.0,93.0,3,0
Thomas Müller,2021,Bayern Munich,GER-Bundesliga,MF,30.0,2674,Creative Playmaker,Ball Progressor,35.3,24.5,10.8,89.2,2,1
Axel Witsel,2021,Dortmund,GER-Bundesliga,MF,31.0,1130,Defensive Anchor,Box-to-Box Engine,33.6,28.5,5.1,94.9,0,3
Gio Reyna,2021,Dortmund,GER-Bundesliga,"MF,FW",17.0,1976,Creative Playmaker,Ball Progressor,34.0,29.5,4.5,95.5,2,1
Jude Bellingham,2021,Dortmund,GER-Bundesliga,MF,17.0,1697,Box-to-Box Engine,Defensive Anchor,29.2,26.7,2.5,97.5,3,0
Mahmoud Dahoud,2021,Dortmund,GER-Bundesliga,MF,24.0,1258,Box-to-Box Engine,Defensive Anchor,36.3,25.8,10.5,89.5,3,0
Marco Reus,2021,Dortmund,GER-Bundesliga,"MF,FW",31.0,2279,Creative Playmaker,Ball Progressor,37.8,26.0,11.8,88.2,2,1
Thomas Delaney,2021,Dortmund,GER-Bundesliga,MF,28.0,1286,Defensive Anchor,Box-to-Box Engine,37.6,24.4,13.2,86.8,0,3
Amin Younes,2021,Eint Frankfurt,GER-Bundesliga,MF,26.0,1391,Creative Playmaker,Ball Progressor,36.5,25.8,10.7,89.3,2,1
Aymen Barkok,2021,Eint Frankfurt,GER-Bundesliga,"MF,DF",22.0,977,Creative Playmaker,Ball Progressor,33.7,25.4,8.3,91.7,2,1
Daichi Kamada,2021,Eint Frankfurt,GER-Bundesliga,MF,23.0,2356,Creative Playmaker,Ball Progressor,38.1,26.4,11.7,88.3,2,1
Djibril Sow,2021,Eint Frankfurt,GER-Bundesliga,MF,23.0,2175,Defensive Anchor,Box-to-Box Engine,38.0,27.2,10.8,89.2,0,3
Dominik Kohr,2021,Eint Frankfurt,GER-Bundesliga,"MF,DF",26.0,1268,Defensive Anchor,Box-to-Box Engine,29.3,27.7,1.6,98.4,0,3
Sebastian Rode,2021,Eint Frankfurt,GER-Bundesliga,MF,29.0,1625,Box-to-Box Engine,Defensive Anchor,31.2,29.3,1.9,98.1,3,0
Stefan Ilsanker,2021,Eint Frankfurt,GER-Bundesliga,"MF,DF",31.0,1578,Defensive Anchor,Box-to-Box Engine,42.4,23.7,18.7,81.3,0,3
Baptiste Santamaria,2021,Freiburg,GER-Bundesliga,MF,25.0,2209,Defensive Anchor,Box-to-Box Engine,41.0,23.5,17.5,82.5,0,3
Jonathan Schmid,2021,Freiburg,GER-Bundesliga,"MF,DF",30.0,2393,Ball Progressor,Box-to-Box Engine,33.1,25.0,8.1,91.9,1,3
Nicolas Höfler,2021,Freiburg,GER-Bundesliga,MF,30.0,2729,Defensive Anchor,Box-to-Box Engine,39.3,24.8,14.5,85.5,0,3
Roland Sallai,2021,Freiburg,GER-Bundesliga,"MF,FW",23.0,1661,Ball Progressor,Creative Playmaker,32.2,26.6,5.6,94.4,1,2
Vincenzo Grifo,2021,Freiburg,GER-Bundesliga,"MF,FW",27.0,2313,Creative Playmaker,Ball Progressor,38.3,24.4,13.9,86.1,2,1
Christoph Kramer,2021,Gladbach,GER-Bundesliga,MF,29.0,2033,Defensive Anchor,Box-to-Box Engine,40.4,27.0,13.4,86.6,0,3
Denis Zakaria,2021,Gladbach,GER-Bundesliga,"MF,DF",23.0,1419,Defensive Anchor,Ball Progressor,42.3,22.4,19.9,80.1,0,1
Florian Neuhaus,2021,Gladbach,GER-Bundesliga,MF,23.0,2622,Box-to-Box Engine,Defensive Anchor,37.6,23.4,14.2,85.8,3,0
Hannes Wolf,2021,Gladbach,GER-Bundesliga,"MF,FW",21.0,1378,Ball Progressor,Creative Playmaker,39.5,21.8,17.7,82.3,1,2
Lars Stindl,2021,Gladbach,GER-Bundesliga,"MF,FW",31.0,1961,Creative Playmaker,Ball Progressor,29.5,27.0,2.5,97.5,2,1
Arne Maier,2021,Hertha BSC,GER-Bundesliga,MF,21.0,1034,Creative Playmaker,Box-to-Box Engine,26.6,26.6,0.0,100.0,2,3
Lucas Tousart,2021,Hertha BSC,GER-Bundesliga,MF,23.0,2090,Defensive Anchor,Box-to-Box Engine,42.1,22.3,19.8,80.2,0,3
Mattéo Guendouzi,2021,Hertha BSC,GER-Bundesliga,MF,21.0,1818,Box-to-Box Engine,Ball Progressor,30.0,26.6,3.4,96.6,3,1
Vladimír Darida,2021,Hertha BSC,GER-Bundesliga,MF,29.0,1903,Ball Progressor,Box-to-Box Engine,29.2,27.0,2.2,97.8,1,3
Christoph Baumgartner,2021,Hoffenheim,GER-Bundesliga,"MF,FW",20.0,2369,Ball Progressor,Creative Playmaker,37.6,22.9,14.7,85.3,1,2
Diadie Samassékou,2021,Hoffenheim,GER-Bundesliga,MF,24.0,2563,Defensive Anchor,Box-to-Box Engine,38.4,24.9,13.5,86.5,0,3
Florian Grillitsch,2021,Hoffenheim,GER-Bundesliga,"MF,DF",24.0,1879,Box-to-Box Engine,Defensive Anchor,34.1,25.2,8.9,91.1,3,0
Sebastian Rudy,2021,Hoffenheim,GER-Bundesliga,"MF,FW",30.0,1678,Ball Progressor,Box-to-Box Engine,30.1,26.6,3.5,96.5,1,3
Dominick Drexler,2021,Köln,GER-Bundesliga,"MF,FW",30.0,1233,Ball Progressor,Creative Playmaker,31.8,23.8,8.0,92.0,1,2
Ellyes Skhiri,2021,Köln,GER-Bundesliga,MF,25.0,2785,Defensive Anchor,Box-to-Box Engine,36.7,25.4,11.3,88.7,0,3
Elvis Rexhbeçaj,2021,Köln,GER-Bundesliga,"MF,FW",22.0,1833,Ball Progressor,Defensive Anchor,31.5,28.2,3.3,96.7,1,0
Ismail Jakobs,2021,Köln,GER-Bundesliga,"MF,FW",20.0,1726,Ball Progressor,Defensive Anchor,35.2,24.9,10.3,89.7,1,0
Jonas Hector,2021,Köln,GER-Bundesliga,"MF,FW",30.0,1290,Ball Progressor,Defensive Anchor,28.6,26.4,2.2,97.8,1,0
Marius Wolf,2021,Köln,GER-Bundesliga,"MF,DF",25.0,2551,Ball Progressor,Box-to-Box Engine,35.5,23.8,11.7,88.3,1,3
Salih Özcan,2021,Köln,GER-Bundesliga,MF,22.0,1371,Defensive Anchor,Ball Progressor,33.3,26.3,7.0,93.0,0,1
Charles Aránguiz,2021,Leverkusen,GER-Bundesliga,MF,31.0,1669,Defensive Anchor,Box-to-Box Engine,36.2,28.4,7.8,92.2,0,3
Florian Wirtz,2021,Leverkusen,GER-Bundesliga,MF,17.0,2224,Ball Progressor,Creative Playmaker,32.7,27.9,4.8,95.2,1,2
Julian Baumgartlinger,2021,Leverkusen,GER-Bundesliga,MF,32.0,1072,Defensive Anchor,Box-to-Box Engine,34.1,26.6,7.5,92.5,0,3
Kerem Demirbay,2021,Leverkusen,GER-Bundesliga,MF,27.0,1744,Box-to-Box Engine,Creative Playmaker,31.2,26.1,5.1,94.9,3,2
Nadiem Amiri,2021,Leverkusen,GER-Bundesliga,MF,23.0,1890,Ball Progressor,Creative Playmaker,28.7,28.6,0.1,99.9,1,2
Danny Latza,2021,Mainz 05,GER-Bundesliga,MF,30.0,1800,Defensive Anchor,Box-to-Box Engine,34.5,24.9,9.6,90.4,0,3
Dominik Kohr,2021,Mainz 05,GER-Bundesliga,MF,26.0,1268,Defensive Anchor,Box-to-Box Engine,38.1,24.7,13.4,86.6,0,3
Jean-Paul Boëtius,2021,Mainz 05,GER-Bundesliga,"MF,FW",26.0,2065,Ball Progressor,Box-to-Box Engine,30.1,25.1,5.0,95.0,1,3
Leandro Barreiro Martins,2021,Mainz 05,GER-Bundesliga,MF,20.0,2303,Defensive Anchor,Ball Progressor,35.2,26.2,9.0,91.0,0,1
Amadou Haidara,2021,RB Leipzig,GER-Bundesliga,"MF,FW",22.0,1905,Box-to-Box Engine,Ball Progressor,28.3,28.0,0.3,99.7,3,1
Dani Olmo,2021,RB Leipzig,GER-Bundesliga,MF,22.0,2194,Creative Playmaker,Ball Progressor,38.3,23.6,14.7,85.3,2,1
Kevin Kampl,2021,RB Leipzig,GER-Bundesliga,MF,29.0,1932,Box-to-Box Engine,Defensive Anchor,34.1,30.3,3.8,96.2,3,0
Marcel Sabitzer,2021,RB Leipzig,GER-Bundesliga,MF,26.0,2026,Box-to-Box Engine,Creative Playmaker,26.9,26.3,0.6,99.4,3,2
Tyler Adams,2021,RB Leipzig,GER-Bundesliga,"MF,DF",21.0,1850,Box-to-Box Engine,Defensive Anchor,32.5,29.3,3.2,96.8,3,0
Amine Harit,2021,Schalke 04,GER-Bundesliga,"MF,FW",23.0,2101,Creative Playmaker,Ball Progressor,32.6,28.1,4.5,95.5,2,1
Omar Mascarell,2021,Schalke 04,GER-Bundesliga,MF,27.0,1762,Defensive Anchor,Box-to-Box Engine,40.3,23.0,17.3,82.7,0,3
Suat Serdar,2021,Schalke 04,GER-Bundesliga,MF,23.0,1953,Defensive Anchor,Ball Progressor,38.3,25.6,12.7,87.3,0,1
Daniel Didavi,2021,Stuttgart,GER-Bundesliga,"MF,FW",30.0,970,Creative Playmaker,Ball Progressor,35.4,26.9,8.5,91.5,2,1
Gonzalo Castro,2021,Stuttgart,GER-Bundesliga,MF,33.0,1729,Creative Playmaker,Ball Progressor,34.9,28.0,6.9,93.1,2,1
Mateo Klimowicz,2021,Stuttgart,GER-Bundesliga,"MF,FW",20.0,1198,Ball Progressor,Creative Playmaker,35.0,23.7,11.3,88.7,1,2
Orel Mangala,2021,Stuttgart,GER-Bundesliga,MF,22.0,2109,Defensive Anchor,Box-to-Box Engine,31.3,27.0,4.3,95.7,0,3
Philipp Förster,2021,Stuttgart,GER-Bundesliga,MF,25.0,1509,Creative Playmaker,Ball Progressor,36.8,26.5,10.3,89.7,2,1
Wataru Endo,2021,Stuttgart,GER-Bundesliga,MF,27.0,2955,Defensive Anchor,Box-to-Box Engine,35.2,30.7,4.5,95.5,0,3
Christian Gentner,2021,Union Berlin,GER-Bundesliga,MF,34.0,1033,Defensive Anchor,Ball Progressor,35.9,26.7,9.2,90.8,0,1
Grischa Prömel,2021,Union Berlin,GER-Bundesliga,MF,25.0,1816,Defensive Anchor,Ball Progressor,39.5,25.8,13.7,86.3,0,1
Marcus Ingvartsen,2021,Union Berlin,GER-Bundesliga,"MF,FW",24.0,1963,Ball Progressor,Defensive Anchor,36.2,23.1,13.1,86.9,1,0
Robert Andrich,2021,Union Berlin,GER-Bundesliga,MF,25.0,2526,Defensive Anchor,Box-to-Box Engine,37.6,25.9,11.7,88.3,0,3
Christian Groß,2021,Werder Bremen,GER-Bundesliga,"MF,DF",31.0,1468,Defensive Anchor,Box-to-Box Engine,38.2,25.6,12.6,87.4,0,3
Jean-Manuel Mbom,2021,Werder Bremen,GER-Bundesliga,"MF,DF",20.0,1160,Defensive Anchor,Ball Progressor,31.6,29.6,2.0,98.0,0,1
Kevin Möhwald,2021,Werder Bremen,GER-Bundesliga,MF,27.0,1555,Defensive Anchor,Box-to-Box Engine,31.0,26.2,4.8,95.2,0,3
Leonardo Bittencourt,2021,Werder Bremen,GER-Bundesliga,"MF,FW",26.0,1514,Ball Progressor,Defensive Anchor,32.3,22.9,9.4,90.6,1,0
Maximilian Eggestein,2021,Werder Bremen,GER-Bundesliga,MF,23.0,2942,Defensive Anchor,Ball Progressor,34.0,25.9,8.1,91.9,0,1
Romano Schmid,2021,Werder Bremen,GER-Bundesliga,"MF,FW",20.0,1177,Ball Progressor,Box-to-Box Engine,30.0,25.2,4.8,95.2,1,3
Maximilian Arnold,2021,Wolfsburg,GER-Bundesliga,MF,26.0,2585,Box-to-Box Engine,Defensive Anchor,33.6,25.1,8.5,91.5,3,0
Maximilian Philipp,2021,Wolfsburg,GER-Bundesliga,MF,26.0,1111,Ball Progressor,Creative Playmaker,30.3,24.8,5.5,94.5,1,2
Xaver Schlager,2021,Wolfsburg,GER-Bundesliga,MF,22.0,2626,Defensive Anchor,Box-to-Box Engine,32.5,29.4,3.1,96.9,0,3
Yannick Gerhardt,2021,Wolfsburg,GER-Bundesliga,"MF,FW",26.0,1936,Ball Progressor,Defensive Anchor,37.1,24.1,13.0,87.0,1,0
Alessandro Schöpf,2122,Arminia,GER-Bundesliga,MF,27.0,2397,Ball Progressor,Box-to-Box Engine,29.5,26.5,3.0,97.0,1,3
Fabian Kunze,2122,Arminia,GER-Bundesliga,MF,23.0,1260,Defensive Anchor,Box-to-Box Engine,42.7,22.2,20.5,79.5,0,3
Manuel Prietl,2122,Arminia,GER-Bundesliga,MF,29.0,2123,Defensive Anchor,Ball Progressor,40.5,22.9,17.6,82.4,0,1
Masaya Okugawa,2122,Arminia,GER-Bundesliga,"MF,FW",25.0,2531,Ball Progressor,Defensive Anchor,34.5,26.3,8.2,91.8,1,0
Sebastian Vasiliadis,2122,Arminia,GER-Bundesliga,MF,23.0,1193,Defensive Anchor,Ball Progressor,41.8,22.7,19.1,80.9,0,1
André Hahn,2122,Augsburg,GER-Bundesliga,"MF,FW",30.0,2101,Ball Progressor,Defensive Anchor,33.4,27.5,5.9,94.1,1,0
Arne Maier,2122,Augsburg,GER-Bundesliga,MF,22.0,1864,Ball Progressor,Box-to-Box Engine,31.8,24.6,7.2,92.8,1,3
Carlos Gruezo,2122,Augsburg,GER-Bundesliga,MF,26.0,970,Defensive Anchor,Ball Progressor,36.1,24.3,11.8,88.2,0,1
Mads Pedersen,2122,Augsburg,GER-Bundesliga,"MF,DF",24.0,1391,Ball Progressor,Defensive Anchor,34.6,27.7,6.9,93.1,1,0
Niklas Dorsch,2122,Augsburg,GER-Bundesliga,MF,23.0,2324,Defensive Anchor,Box-to-Box Engine,40.0,24.4,15.6,84.4,0,3
Ruben Vargas,2122,Augsburg,GER-Bundesliga,"MF,FW",22.0,1984,Ball Progressor,Creative Playmaker,34.5,22.7,11.8,88.2,1,2
Jamal Musiala,2122,Bayern Munich,GER-Bundesliga,"MF,FW",18.0,1465,Creative Playmaker,Ball Progressor,36.8,23.6,13.2,86.8,2,1
Joshua Kimmich,2122,Bayern Munich,GER-Bundesliga,MF,26.0,2474,Box-to-Box Engine,Creative Playmaker,29.1,27.7,1.4,98.6,3,2
Leon Goretzka,2122,Bayern Munich,GER-Bundesliga,MF,26.0,1396,Creative Playmaker,Box-to-Box Engine,28.8,27.2,1.6,98.4,2,3
Marcel Sabitzer,2122,Bayern Munich,GER-Bundesliga,"MF,DF",27.0,905,Box-to-Box Engine,Ball Progressor,29.6,25.6,4.0,96.0,3,1
Mickaël Cuisance,2122,Bayern Munich,GER-Bundesliga,MF,21.0,918,Box-to-Box Engine,Creative Playmaker,27.3,25.9,1.4,98.6,3,2
Thomas Müller,2122,Bayern Munich,GER-Bundesliga,MF,31.0,2558,Creative Playmaker,Ball Progressor,36.5,24.3,12.2,87.8,2,1
Anthony Losilla,2122,Bochum,GER-Bundesliga,MF,35.0,2935,Defensive Anchor,Box-to-Box Engine,40.5,22.9,17.6,82.4,0,3
Eduard Löwen,2122,Bochum,GER-Bundesliga,MF,24.0,1416,Ball Progressor,Creative Playmaker,30.3,25.1,5.2,94.8,1,2
Elvis Rexhbeçaj,2122,Bochum,GER-Bundesliga,MF,23.0,2542,Defensive Anchor,Ball Progressor,37.5,26.5,11.0,89.0,0,1
Miloš Pantović,2122,Bochum,GER-Bundesliga,"MF,FW",25.0,1533,Ball Progressor,Creative Playmaker,31.2,26.9,4.3,95.7,1,2
Axel Witsel,2122,Dortmund,GER-Bundesliga,"MF,DF",32.0,1941,Defensive Anchor,Box-to-Box Engine,40.7,24.8,15.9,84.1,0,3
Jude Bellingham,2122,Dortmund,GER-Bundesliga,MF,18.0,2790,Ball Progressor,Box-to-Box Engine,29.1,27.2,1.9,98.1,1,3
Julian Brandt,2122,Dortmund,GER-Bundesliga,"MF,FW",25.0,2078,Creative Playmaker,Ball Progressor,39.5,23.1,16.4,83.6,2,1
Mahmoud Dahoud,2122,Dortmund,GER-Bundesliga,MF,25.0,1658,Box-to-Box Engine,Ball Progressor,38.5,22.1,16.4,83.6,3,1
Marco Reus,2122,Dortmund,GER-Bundesliga,"MF,FW",32.0,2503,Creative Playmaker,Ball Progressor,35.2,26.5,8.7,91.3,2,1
Thomas Delaney,2122,Dortmund,GER-Bundesliga,MF,29.0,1549,Defensive Anchor,Ball Progressor,28.9,26.6,2.3,97.7,0,1
Ajdin Hrustic,2122,Eint Frankfurt,GER-Bundesliga,MF,25.0,964,Box-to-Box Engine,Defensive Anchor,28.0,27.8,0.2,99.8,3,0
Daichi Kamada,2122,Eint Frankfurt,GER-Bundesliga,MF,24.0,2139,Ball Progressor,Creative Playmaker,37.6,23.8,13.8,86.2,1,2
Djibril Sow,2122,Eint Frankfurt,GER-Bundesliga,MF,24.0,2415,Defensive Anchor,Box-to-Box Engine,39.1,26.5,12.6,87.4,0,3
Jens Petter Hauge,2122,Eint Frankfurt,GER-Bundesliga,"MF,FW",21.0,1040,Ball Progressor,Creative Playmaker,37.3,22.8,14.5,85.5,1,2
Jesper Lindstrøm,2122,Eint Frankfurt,GER-Bundesliga,"MF,FW",21.0,1976,Creative Playmaker,Ball Progressor,31.2,29.9,1.3,98.7,2,1
Kristijan Jakić,2122,Eint Frankfurt,GER-Bundesliga,MF,24.0,1879,Defensive Anchor,Box-to-Box Engine,40.5,23.0,17.5,82.5,0,3
Baptiste Santamaria,2122,Freiburg,GER-Bundesliga,MF,26.0,2518,Ball Progressor,Defensive Anchor,27.9,26.3,1.6,98.4,1,0
Maximilian Eggestein,2122,Freiburg,GER-Bundesliga,MF,24.0,2194,Defensive Anchor,Ball Progressor,36.3,26.3,10.0,90.0,0,1
Nicolas Höfler,2122,Freiburg,GER-Bundesliga,MF,31.0,2600,Defensive Anchor,Box-to-Box Engine,40.9,24.3,16.6,83.4,0,3
Roland Sallai,2122,Freiburg,GER-Bundesliga,"MF,FW",24.0,1551,Ball Progressor,Creative Playmaker,31.3,30.0,1.3,98.7,1,2
Vincenzo Grifo,2122,Freiburg,GER-Bundesliga,"MF,FW",28.0,2775,Creative Playmaker,Ball Progressor,36.9,24.9,12.0,88.0,2,1
Alassane Pléa,2122,Gladbach,GER-Bundesliga,"MF,FW",28.0,2070,Creative Playmaker,Ball Progressor,36.5,25.6,10.9,89.1,2,1
Denis Zakaria,2122,Gladbach,GER-Bundesliga,"MF,DF",24.0,1395,Box-to-Box Engine,Defensive Anchor,31.1,30.9,0.2,99.8,3,0
Florian Neuhaus,2122,Gladbach,GER-Bundesliga,MF,24.0,2121,Box-to-Box Engine,Defensive Anchor,29.6,27.4,2.2,97.8,3,0
Jonas Hofmann,2122,Gladbach,GER-Bundesliga,"MF,FW",29.0,2078,Creative Playmaker,Ball Progressor,36.9,24.8,12.1,87.9,2,1
Lars Stindl,2122,Gladbach,GER-Bundesliga,"MF,FW",32.0,1629,Ball Progressor,Creative Playmaker,31.0,26.3,4.7,95.3,1,2
Manu Koné,2122,Gladbach,GER-Bundesliga,MF,20.0,2183,Defensive Anchor,Box-to-Box Engine,41.4,25.1,16.3,83.7,0,3
Håvard Nielsen,2122,Greuther Fürth,GER-Bundesliga,"MF,FW",28.0,1367,Ball Progressor,Defensive Anchor,33.4,27.7,5.7,94.3,1,0
Jeremy Dudziak,2122,Greuther Fürth,GER-Bundesliga,"MF,FW",25.0,1134,Ball Progressor,Defensive Anchor,39.3,22.0,17.3,82.7,1,0
Julian Green,2122,Greuther Fürth,GER-Bundesliga,MF,26.0,1054,Ball Progressor,Defensive Anchor,33.5,25.2,8.3,91.7,1,0
Max Christiansen,2122,Greuther Fürth,GER-Bundesliga,MF,24.0,2054,Defensive Anchor,Box-to-Box Engine,36.1,24.6,11.5,88.5,0,3
Paul Seguin,2122,Greuther Fürth,GER-Bundesliga,MF,26.0,2108,Defensive Anchor,Box-to-Box Engine,34.1,27.3,6.8,93.2,0,3
Timmy Tillman,2122,Greuther Fürth,GER-Bundesliga,MF,22.0,2004,Ball Progressor,Defensive Anchor,33.8,26.2,7.6,92.4,1,0
Lucas Tousart,2122,Hertha BSC,GER-Bundesliga,MF,24.0,1962,Defensive Anchor,Ball Progressor,44.9,21.9,23.0,77.0,0,1
Santiago Ascacíbar,2122,Hertha BSC,GER-Bundesliga,MF,24.0,2375,Defensive Anchor,Box-to-Box Engine,41.0,23.0,18.0,82.0,0,3
Suat Serdar,2122,Hertha BSC,GER-Bundesliga,"MF,FW",24.0,2218,Defensive Anchor,Ball Progressor,33.3,29.6,3.7,96.3,0,1
Vladimír Darida,2122,Hertha BSC,GER-Bundesliga,MF,30.0,1786,Ball Progressor,Box-to-Box Engine,29.8,26.9,2.9,97.1,1,3
Angelo Stiller,2122,Hoffenheim,GER-Bundesliga,MF,20.0,1693,Defensive Anchor,Ball Progressor,29.4,27.4,2.0,98.0,0,1
Christoph Baumgartner,2122,Hoffenheim,GER-Bundesliga,"MF,FW",21.0,1888,Ball Progressor,Creative Playmaker,35.2,23.8,11.4,88.6,1,2
Dennis Geiger,2122,Hoffenheim,GER-Bundesliga,MF,23.0,1377,Box-to-Box Engine,Ball Progressor,28.0,27.3,0.7,99.3,3,1
Diadie Samassékou,2122,Hoffenheim,GER-Bundesliga,MF,25.0,1655,Defensive Anchor,Ball Progressor,43.0,22.2,20.8,79.2,0,1
Dejan Ljubicic,2122,Köln,GER-Bundesliga,"MF,FW",23.0,1969,Ball Progressor,Creative Playmaker,33.1,26.1,7.0,93.0,1,2
Ellyes Skhiri,2122,Köln,GER-Bundesliga,MF,26.0,1820,Defensive Anchor,Box-to-Box Engine,35.1,25.4,9.7,90.3,0,3
Florian Kainz,2122,Köln,GER-Bundesliga,"MF,FW",28.0,2320,Creative Playmaker,Ball Progressor,32.8,26.8,6.0,94.0,2,1
Jan Thielmann,2122,Köln,GER-Bundesliga,"MF,FW",19.0,1192,Ball Progressor,Creative Playmaker,30.0,28.5,1.5,98.5,1,2
Mark Uth,2122,Köln,GER-Bundesliga,"MF,FW",29.0,2025,Creative Playmaker,Ball Progressor,33.3,28.8,4.5,95.5,2,1
Ondrej Duda,2122,Köln,GER-Bundesliga,"MF,FW",26.0,1611,Ball Progressor,Defensive Anchor,32.7,24.0,8.7,91.3,1,0
Salih Özcan,2122,Köln,GER-Bundesliga,MF,23.0,2312,Defensive Anchor,Box-to-Box Engine,34.6,28.3,6.3,93.7,0,3
Charles Aránguiz,2122,Leverkusen,GER-Bundesliga,MF,32.0,1578,Defensive Anchor,Box-to-Box Engine,32.0,30.2,1.8,98.2,0,3
Exequiel Palacios,2122,Leverkusen,GER-Bundesliga,MF,22.0,1097,Box-to-Box Engine,Defensive Anchor,31.8,29.8,2.0,98.0,3,0
Florian Wirtz,2122,Leverkusen,GER-Bundesliga,"MF,FW",18.0,1851,Creative Playmaker,Ball Progressor,39.9,22.5,17.4,82.6,2,1
Kerem Demirbay,2122,Leverkusen,GER-Bundesliga,MF,28.0,2049,Box-to-Box Engine,Ball Progressor,35.9,22.3,13.6,86.4,3,1
Robert Andrich,2122,Leverkusen,GER-Bundesliga,MF,26.0,1817,Defensive Anchor,Box-to-Box Engine,32.6,27.0,5.6,94.4,0,3
Anton Stach,2122,Mainz 05,GER-Bundesliga,MF,22.0,1861,Box-to-Box Engine,Defensive Anchor,30.3,25.4,4.9,95.1,3,0
Dominik Kohr,2122,Mainz 05,GER-Bundesliga,MF,27.0,1614,Defensive Anchor,Box-to-Box Engine,32.5,28.5,4.0,96.0,0,3
Jean-Paul Boëtius,2122,Mainz 05,GER-Bundesliga,MF,27.0,1800,Box-to-Box Engine,Defensive Anchor,28.8,26.7,2.1,97.9,3,0
Leandro Barreiro Martins,2122,Mainz 05,GER-Bundesliga,MF,21.0,1789,Defensive Anchor,Ball Progressor,35.1,27.0,8.1,91.9,0,1
Lee Jae-sung,2122,Mainz 05,GER-Bundesliga,"MF,FW",28.0,1436,Ball Progressor,Creative Playmaker,34.0,22.6,11.4,88.6,1,2
Amadou Haidara,2122,RB Leipzig,GER-Bundesliga,MF,23.0,1326,Box-to-Box Engine,Defensive Anchor,31.8,30.3,1.5,98.5,3,0
Dominik Szoboszlai,2122,RB Leipzig,GER-Bundesliga,"MF,FW",20.0,1543,Creative Playmaker,Ball Progressor,36.9,23.9,13.0,87.0,2,1
Emil Forsberg,2122,RB Leipzig,GER-Bundesliga,MF,29.0,1706,Creative Playmaker,Ball Progressor,31.1,29.1,2.0,98.0,2,1
Kevin Kampl,2122,RB Leipzig,GER-Bundesliga,MF,30.0,1899,Box-to-Box Engine,Defensive Anchor,37.4,27.1,10.3,89.7,3,0
Konrad Laimer,2122,RB Leipzig,GER-Bundesliga,MF,24.0,1240,Box-to-Box Engine,Ball Progressor,27.7,26.7,1.0,99.0,3,1
Marcel Sabitzer,2122,RB Leipzig,GER-Bundesliga,"MF,FW",27.0,905,Box-to-Box Engine,Defensive Anchor,28.6,26.0,2.6,97.4,3,0
Tyler Adams,2122,RB Leipzig,GER-Bundesliga,MF,22.0,1351,Defensive Anchor,Box-to-Box Engine,33.2,29.5,3.7,96.3,0,3
Atakan Karazor,2122,Stuttgart,GER-Bundesliga,MF,24.0,1898,Defensive Anchor,Box-to-Box Engine,41.9,23.5,18.4,81.6,0,3
Orel Mangala,2122,Stuttgart,GER-Bundesliga,MF,23.0,1853,Ball Progressor,Defensive Anchor,33.1,25.4,7.7,92.3,1,0
Philipp Förster,2122,Stuttgart,GER-Bundesliga,"MF,FW",26.0,967,Ball Progressor,Creative Playmaker,34.6,24.6,10.0,90.0,1,2
Wataru Endo,2122,Stuttgart,GER-Bundesliga,MF,28.0,2899,Defensive Anchor,Box-to-Box Engine,36.7,26.3,10.4,89.6,0,3
Genki Haraguchi,2122,Union Berlin,GER-Bundesliga,MF,30.0,1755,Defensive Anchor,Ball Progressor,31.3,31.2,0.1,99.9,0,1
Grischa Prömel,2122,Union Berlin,GER-Bundesliga,MF,26.0,2422,Ball Progressor,Defensive Anchor,29.7,29.6,0.1,99.9,1,0
Rani Khedira,2122,Union Berlin,GER-Bundesliga,MF,27.0,2757,Defensive Anchor,Ball Progressor,40.4,23.4,17.0,83.0,0,1
Sebastian Griesbeck,2122,Union Berlin,GER-Bundesliga,MF,30.0,2439,Defensive Anchor,Box-to-Box Engine,30.4,25.7,4.7,95.3,0,3
Aster Vranckx,2122,Wolfsburg,GER-Bundesliga,MF,18.0,1141,Defensive Anchor,Ball Progressor,32.7,27.8,4.9,95.1,0,1
Josuha Guilavogui,2122,Wolfsburg,GER-Bundesliga,"MF,DF",30.0,1331,Defensive Anchor,Box-to-Box Engine,35.8,26.2,9.6,90.4,0,3
Josuha Guilavogui,2122,Wolfsburg,GER-Bundesliga,"MF,DF",30.0,942,Defensive Anchor,Box-to-Box Engine,35.8,26.2,9.6,90.4,0,3
Max Kruse,2122,Wolfsburg,GER-Bundesliga,"MF,FW",33.0,1270,Creative Playmaker,Ball Progressor,30.9,27.8,3.1,96.9,2,1
Max Kruse,2122,Wolfsburg,GER-Bundesliga,"MF,FW",33.0,1128,Creative Playmaker,Ball Progressor,30.9,27.8,3.1,96.9,2,1
Maximilian Arnold,2122,Wolfsburg,GER-Bundesliga,MF,27.0,2994,Box-to-Box Engine,Defensive Anchor,30.5,27.7,2.8,97.2,3,0
Maximilian Philipp,2122,Wolfsburg,GER-Bundesliga,MF,27.0,963,Ball Progressor,Creative Playmaker,35.8,23.3,12.5,87.5,1,2
Xaver Schlager,2122,Wolfsburg,GER-Bundesliga,MF,23.0,1040,Defensive Anchor,Box-to-Box Engine,33.1,26.6,6.5,93.5,0,3
Yannick Gerhardt,2122,Wolfsburg,GER-Bundesliga,"MF,DF",27.0,1574,Box-to-Box Engine,Defensive Anchor,28.9,27.8,1.1,98.9,3,0
Arne Engels,2223,Augsburg,GER-Bundesliga,MF,18.0,1440,Ball Progressor,Defensive Anchor,30.1,27.9,2.2,97.8,1,0
Arne Maier,2223,Augsburg,GER-Bundesliga,MF,23.0,1960,Ball Progressor,Defensive Anchor,36.5,26.1,10.4,89.6,1,0
Carlos Gruezo,2223,Augsburg,GER-Bundesliga,MF,27.0,961,Defensive Anchor,Ball Progressor,36.9,24.8,12.1,87.9,0,1
Elvis Rexhbeçaj,2223,Augsburg,GER-Bundesliga,MF,24.0,2524,Defensive Anchor,Ball Progressor,36.2,25.9,10.3,89.7,0,1
Ruben Vargas,2223,Augsburg,GER-Bundesliga,"MF,FW",23.0,1130,Ball Progressor,Creative Playmaker,37.8,23.1,14.7,85.3,1,2
Jamal Musiala,2223,Bayern Munich,GER-Bundesliga,"MF,FW",19.0,2198,Creative Playmaker,Ball Progressor,38.4,23.8,14.6,85.4,2,1
Joshua Kimmich,2223,Bayern Munich,GER-Bundesliga,MF,27.0,2809,Box-to-Box Engine,Creative Playmaker,31.2,25.9,5.3,94.7,3,2
Leon Goretzka,2223,Bayern Munich,GER-Bundesliga,MF,27.0,1728,Box-to-Box Engine,Defensive Anchor,30.3,25.6,4.7,95.3,3,0
Leroy Sané,2223,Bayern Munich,GER-Bundesliga,"MF,FW",26.0,2010,Creative Playmaker,Ball Progressor,40.7,23.2,17.5,82.5,2,1
Anthony Losilla,2223,Bochum,GER-Bundesliga,MF,36.0,2720,Defensive Anchor,Ball Progressor,40.8,23.7,17.1,82.9,0,1
Kevin Stöger,2223,Bochum,GER-Bundesliga,MF,28.0,2599,Creative Playmaker,Box-to-Box Engine,28.3,27.0,1.3,98.7,2,3
Patrick Osterhage,2223,Bochum,GER-Bundesliga,MF,22.0,1029,Defensive Anchor,Ball Progressor,35.1,27.6,7.5,92.5,0,1
Philipp Förster,2223,Bochum,GER-Bundesliga,MF,27.0,1309,Ball Progressor,Box-to-Box Engine,30.9,24.1,6.8,93.2,1,3
Emre Can,2223,Dortmund,GER-Bundesliga,MF,28.0,1900,Defensive Anchor,Box-to-Box Engine,32.2,30.6,1.6,98.4,0,3
Jude Bellingham,2223,Dortmund,GER-Bundesliga,MF,19.0,2691,Box-to-Box Engine,Creative Playmaker,29.0,28.2,0.8,99.2,3,2
Julian Brandt,2223,Dortmund,GER-Bundesliga,"MF,FW",26.0,2397,Creative Playmaker,Ball Progressor,41.5,23.3,18.2,81.8,2,1
Marco Reus,2223,Dortmund,GER-Bundesliga,"MF,FW",33.0,1353,Ball Progressor,Creative Playmaker,32.8,26.3,6.5,93.5,1,2
Salih Özcan,2223,Dortmund,GER-Bundesliga,MF,24.0,1576,Defensive Anchor,Box-to-Box Engine,42.9,23.5,19.4,80.6,0,3
Daichi Kamada,2223,Eint Frankfurt,GER-Bundesliga,MF,25.0,2265,Creative Playmaker,Ball Progressor,29.0,27.9,1.1,98.9,2,1
Djibril Sow,2223,Eint Frankfurt,GER-Bundesliga,MF,25.0,2646,Defensive Anchor,Box-to-Box Engine,33.2,27.9,5.3,94.7,0,3
Jesper Lindstrøm,2223,Eint Frankfurt,GER-Bundesliga,"MF,FW",22.0,1679,Ball Progressor,Creative Playmaker,31.6,29.0,2.6,97.4,1,2
Mario Götze,2223,Eint Frankfurt,GER-Bundesliga,MF,30.0,2740,Ball Progressor,Creative Playmaker,30.4,29.2,1.2,98.8,1,2
Rafael Borré,2223,Eint Frankfurt,GER-Bundesliga,"MF,FW",26.0,1078,Ball Progressor,Creative Playmaker,34.1,25.9,8.2,91.8,1,2
Sebastian Rode,2223,Eint Frankfurt,GER-Bundesliga,MF,31.0,1414,Box-to-Box Engine,Defensive Anchor,30.6,30.0,0.6,99.4,3,0
Maximilian Eggestein,2223,Freiburg,GER-Bundesliga,MF,25.0,2451,Defensive Anchor,Ball Progressor,40.1,25.0,15.1,84.9,0,1
Nicolas Höfler,2223,Freiburg,GER-Bundesliga,MF,32.0,2816,Defensive Anchor,Box-to-Box Engine,43.7,22.1,21.6,78.4,0,3
Ritsu Doan,2223,Freiburg,GER-Bundesliga,"MF,FW",24.0,2424,Ball Progressor,Creative Playmaker,35.8,24.5,11.3,88.7,1,2
Roland Sallai,2223,Freiburg,GER-Bundesliga,"MF,FW",25.0,1002,Ball Progressor,Creative Playmaker,34.3,25.4,8.9,91.1,1,2
Vincenzo Grifo,2223,Freiburg,GER-Bundesliga,"MF,FW",29.0,2408,Creative Playmaker,Ball Progressor,35.0,24.9,10.1,89.9,2,1
Christoph Kramer,2223,Gladbach,GER-Bundesliga,MF,31.0,2222,Defensive Anchor,Ball Progressor,35.3,27.2,8.1,91.9,0,1
Florian Neuhaus,2223,Gladbach,GER-Bundesliga,MF,25.0,1405,Ball Progressor,Box-to-Box Engine,36.1,22.4,13.7,86.3,1,3
Julian Weigl,2223,Gladbach,GER-Bundesliga,MF,26.0,1894,Defensive Anchor,Box-to-Box Engine,42.3,23.0,19.3,80.7,0,3
Manu Koné,2223,Gladbach,GER-Bundesliga,MF,21.0,2608,Defensive Anchor,Box-to-Box Engine,32.3,30.2,2.1,97.9,0,3
Ivan Šunjić,2223,Hertha BSC,GER-Bundesliga,MF,25.0,993,Defensive Anchor,Ball Progressor,32.2,26.4,5.8,94.2,0,1
Jean-Paul Boëtius,2223,Hertha BSC,GER-Bundesliga,MF,28.0,1050,Defensive Anchor,Ball Progressor,32.6,25.8,6.8,93.2,0,1
Lucas Tousart,2223,Hertha BSC,GER-Bundesliga,MF,25.0,2944,Defensive Anchor,Ball Progressor,36.5,27.7,8.8,91.2,0,1
Marco Richter,2223,Hertha BSC,GER-Bundesliga,"MF,FW",24.0,1836,Ball Progressor,Box-to-Box Engine,31.0,23.8,7.2,92.8,1,3
Suat Serdar,2223,Hertha BSC,GER-Bundesliga,MF,25.0,2021,Defensive Anchor,Ball Progressor,34.1,26.9,7.2,92.8,0,1
Andrej Kramarić,2223,Hoffenheim,GER-Bundesliga,"MF,FW",31.0,2386,Creative Playmaker,Ball Progressor,29.7,29.3,0.4,99.6,2,1
Christoph Baumgartner,2223,Hoffenheim,GER-Bundesliga,"MF,FW",22.0,2567,Ball Progressor,Creative Playmaker,33.1,24.7,8.4,91.6,1,2
Dennis Geiger,2223,Hoffenheim,GER-Bundesliga,MF,24.0,1952,Defensive Anchor,Ball Progressor,29.7,27.5,2.2,97.8,0,1
Grischa Prömel,2223,Hoffenheim,GER-Bundesliga,MF,27.0,1454,Defensive Anchor,Ball Progressor,31.7,31.1,0.6,99.4,0,1
Dejan Ljubicic,2223,Köln,GER-Bundesliga,"MF,FW",24.0,1710,Ball Progressor,Creative Playmaker,39.4,22.1,17.3,82.7,1,2
Ellyes Skhiri,2223,Köln,GER-Bundesliga,MF,27.0,2856,Defensive Anchor,Box-to-Box Engine,32.0,29.4,2.6,97.4,0,3
Eric Martel,2223,Köln,GER-Bundesliga,MF,20.0,2019,Defensive Anchor,Ball Progressor,44.1,21.5,22.6,77.4,0,1
Florian Kainz,2223,Köln,GER-Bundesliga,"MF,FW",29.0,2344,Creative Playmaker,Ball Progressor,37.7,23.7,14.0,86.0,2,1
Ondrej Duda,2223,Köln,GER-Bundesliga,MF,27.0,1061,Ball Progressor,Defensive Anchor,35.5,22.8,12.7,87.3,1,0
Exequiel Palacios,2223,Leverkusen,GER-Bundesliga,MF,23.0,1654,Box-to-Box Engine,Defensive Anchor,31.5,29.7,1.8,98.2,3,0
Kerem Demirbay,2223,Leverkusen,GER-Bundesliga,MF,29.0,1544,Box-to-Box Engine,Ball Progressor,29.4,26.2,3.2,96.8,3,1
Nadiem Amiri,2223,Leverkusen,GER-Bundesliga,"MF,FW",25.0,977,Ball Progressor,Creative Playmaker,29.1,26.3,2.8,97.2,1,2
Robert Andrich,2223,Leverkusen,GER-Bundesliga,MF,27.0,2406,Defensive Anchor,Box-to-Box Engine,44.7,22.8,21.9,78.1,0,3
Anton Stach,2223,Mainz 05,GER-Bundesliga,MF,23.0,2070,Defensive Anchor,Box-to-Box Engine,27.6,27.3,0.3,99.7,0,3
Dominik Kohr,2223,Mainz 05,GER-Bundesliga,MF,28.0,2292,Defensive Anchor,Box-to-Box Engine,36.5,25.8,10.7,89.3,0,3
Leandro Barreiro Martins,2223,Mainz 05,GER-Bundesliga,MF,22.0,2141,Defensive Anchor,Ball Progressor,32.4,27.9,4.5,95.5,0,1
Lee Jae-sung,2223,Mainz 05,GER-Bundesliga,MF,29.0,1894,Ball Progressor,Creative Playmaker,31.7,23.7,8.0,92.0,1,2
Amadou Haidara,2223,RB Leipzig,GER-Bundesliga,MF,24.0,1430,Defensive Anchor,Box-to-Box Engine,31.2,29.0,2.2,97.8,0,3
Dani Olmo,2223,RB Leipzig,GER-Bundesliga,"MF,FW",24.0,1282,Creative Playmaker,Ball Progressor,38.6,23.7,14.9,85.1,2,1
Dominik Szoboszlai,2223,RB Leipzig,GER-Bundesliga,"MF,FW",21.0,2444,Creative Playmaker,Ball Progressor,38.9,22.9,16.0,84.0,2,1
Emil Forsberg,2223,RB Leipzig,GER-Bundesliga,"MF,FW",30.0,1482,Ball Progressor,Creative Playmaker,32.9,25.2,7.7,92.3,1,2
Kevin Kampl,2223,RB Leipzig,GER-Bundesliga,MF,31.0,1372,Box-to-Box Engine,Defensive Anchor,31.8,27.9,3.9,96.1,3,0
Konrad Laimer,2223,RB Leipzig,GER-Bundesliga,MF,25.0,1468,Box-to-Box Engine,Ball Progressor,28.8,25.8,3.0,97.0,3,1
Xaver Schlager,2223,RB Leipzig,GER-Bundesliga,MF,24.0,1506,Defensive Anchor,Box-to-Box Engine,32.5,30.4,2.1,97.9,0,3
Alex Král,2223,Schalke 04,GER-Bundesliga,MF,24.0,2357,Defensive Anchor,Ball Progressor,33.6,29.2,4.4,95.6,0,1
Dominick Drexler,2223,Schalke 04,GER-Bundesliga,"MF,FW",32.0,1366,Ball Progressor,Defensive Anchor,37.8,21.5,16.3,83.7,1,0
Florent Mollet,2223,Schalke 04,GER-Bundesliga,MF,30.0,1089,Ball Progressor,Defensive Anchor,33.6,23.7,9.9,90.1,1,0
Rodrigo Zalazar,2223,Schalke 04,GER-Bundesliga,"MF,FW",22.0,1321,Ball Progressor,Creative Playmaker,28.6,28.0,0.6,99.4,1,2
Tom Krauß,2223,Schalke 04,GER-Bundesliga,MF,21.0,2514,Defensive Anchor,Box-to-Box Engine,37.3,23.7,13.6,86.4,0,3
Atakan Karazor,2223,Stuttgart,GER-Bundesliga,MF,25.0,1962,Defensive Anchor,Box-to-Box Engine,41.1,24.0,17.1,82.9,0,3
Naouirou Ahamada,2223,Stuttgart,GER-Bundesliga,MF,20.0,1398,Ball Progressor,Defensive Anchor,35.1,23.4,11.7,88.3,1,0
Wataru Endo,2223,Stuttgart,GER-Bundesliga,MF,29.0,2922,Box-to-Box Engine,Defensive Anchor,29.6,28.5,1.1,98.9,3,0
Janik Haberer,2223,Union Berlin,GER-Bundesliga,MF,28.0,2187,Ball Progressor,Defensive Anchor,34.2,27.2,7.0,93.0,1,0
Rani Khedira,2223,Union Berlin,GER-Bundesliga,MF,28.0,2882,Defensive Anchor,Ball Progressor,40.7,23.8,16.9,83.1,0,1
Christian Groß,2223,Werder Bremen,GER-Bundesliga,MF,33.0,1886,Defensive Anchor,Box-to-Box Engine,42.7,22.1,20.6,79.4,0,3
Ilia Gruev,2223,Werder Bremen,GER-Bundesliga,MF,22.0,1584,Defensive Anchor,Box-to-Box Engine,44.9,21.7,23.2,76.8,0,3
Jens Stage,2223,Werder Bremen,GER-Bundesliga,MF,25.0,1855,Ball Progressor,Defensive Anchor,31.4,29.7,1.7,98.3,1,0
Leonardo Bittencourt,2223,Werder Bremen,GER-Bundesliga,"MF,DF",28.0,1629,Ball Progressor,Box-to-Box Engine,31.7,24.5,7.2,92.8,1,3
Niklas Schmidt,2223,Werder Bremen,GER-Bundesliga,MF,24.0,1087,Box-to-Box Engine,Ball Progressor,28.3,25.9,2.4,97.6,3,1
Romano Schmid,2223,Werder Bremen,GER-Bundesliga,"MF,FW",22.0,1520,Ball Progressor,Box-to-Box Engine,37.2,22.2,15.0,85.0,1,3
Felix Nmecha,2223,Wolfsburg,GER-Bundesliga,MF,21.0,1836,Defensive Anchor,Ball Progressor,33.4,28.0,5.4,94.6,0,1
Jérôme Roussillon,2223,Wolfsburg,GER-Bundesliga,"MF,DF",29.0,957,Ball Progressor,Defensive Anchor,27.8,25.3,2.5,97.5,1,0
Mattias Svanberg,2223,Wolfsburg,GER-Bundesliga,"MF,FW",23.0,1835,Ball Progressor,Creative Playmaker,35.3,23.0,12.3,87.7,1,2
Maximilian Arnold,2223,Wolfsburg,GER-Bundesliga,MF,28.0,2767,Box-to-Box Engine,Defensive Anchor,30.3,27.4,2.9,97.1,3,0
Yannick Gerhardt,2223,Wolfsburg,GER-Bundesliga,MF,28.0,1866,Ball Progressor,Defensive Anchor,34.4,23.1,11.3,88.7,1,0
Arne Engels,2324,Augsburg,GER-Bundesliga,"MF,DF",19.0,1405,Ball Progressor,Defensive Anchor,35.8,23.2,12.6,87.4,1,0
Arne Maier,2324,Augsburg,GER-Bundesliga,MF,24.0,1003,Creative Playmaker,Ball Progressor,32.3,24.9,7.4,92.6,2,1
Elvis Rexhbeçaj,2324,Augsburg,GER-Bundesliga,MF,25.0,1985,Defensive Anchor,Ball Progressor,33.9,28.5,5.4,94.6,0,1
Fredrik Jensen,2324,Augsburg,GER-Bundesliga,"MF,FW",25.0,1338,Ball Progressor,Creative Playmaker,29.2,26.0,3.2,96.8,1,2
Kristijan Jakić,2324,Augsburg,GER-Bundesliga,MF,26.0,1051,Defensive Anchor,Box-to-Box Engine,41.1,23.8,17.3,82.7,0,3
Niklas Dorsch,2324,Augsburg,GER-Bundesliga,MF,25.0,1386,Defensive Anchor,Ball Progressor,40.8,22.8,18.0,82.0,0,1
Ruben Vargas,2324,Augsburg,GER-Bundesliga,"MF,FW",24.0,1962,Ball Progressor,Creative Playmaker,37.4,26.0,11.4,88.6,1,2
Aleksandar Pavlovic,2324,Bayern Munich,GER-Bundesliga,MF,19.0,1227,Box-to-Box Engine,Defensive Anchor,36.6,23.4,13.2,86.8,3,0
Jamal Musiala,2324,Bayern Munich,GER-Bundesliga,"MF,FW",20.0,1755,Creative Playmaker,Ball Progressor,37.7,23.5,14.2,85.8,2,1
Joshua Kimmich,2324,Bayern Munich,GER-Bundesliga,"MF,DF",28.0,2176,Creative Playmaker,Box-to-Box Engine,30.5,27.3,3.2,96.8,2,3
Leon Goretzka,2324,Bayern Munich,GER-Bundesliga,MF,28.0,2241,Box-to-Box Engine,Creative Playmaker,33.3,23.1,10.2,89.8,3,2
Thomas Müller,2324,Bayern Munich,GER-Bundesliga,"MF,FW",33.0,1654,Creative Playmaker,Ball Progressor,36.6,24.8,11.8,88.2,2,1
Anthony Losilla,2324,Bochum,GER-Bundesliga,MF,37.0,2576,Defensive Anchor,Ball Progressor,38.1,25.6,12.5,87.5,0,1
Kevin Stöger,2324,Bochum,GER-Bundesliga,MF,29.0,2668,Creative Playmaker,Box-to-Box Engine,33.8,24.9,8.9,91.1,2,3
Matúš Bero,2324,Bochum,GER-Bundesliga,"MF,FW",27.0,1661,Ball Progressor,Defensive Anchor,32.7,27.9,4.8,95.2,1,0
Patrick Osterhage,2324,Bochum,GER-Bundesliga,MF,23.0,1861,Defensive Anchor,Ball Progressor,36.0,26.6,9.4,90.6,0,1
Bartol Franjić,2324,Darmstadt 98,GER-Bundesliga,MF,23.0,1229,Defensive Anchor,Ball Progressor,37.2,24.3,12.9,87.1,0,1
Fabian Holland,2324,Darmstadt 98,GER-Bundesliga,"MF,DF",33.0,1835,Defensive Anchor,Ball Progressor,35.8,26.2,9.6,90.4,0,1
Julian Justvan,2324,Darmstadt 98,GER-Bundesliga,"MF,FW",25.0,1023,Ball Progressor,Creative Playmaker,28.9,28.6,0.3,99.7,1,2
Marvin Mehlem,2324,Darmstadt 98,GER-Bundesliga,MF,25.0,1482,Ball Progressor,Defensive Anchor,32.6,25.6,7.0,93.0,1,0
Tobias Kempe,2324,Darmstadt 98,GER-Bundesliga,MF,34.0,1350,Ball Progressor,Creative Playmaker,33.4,23.2,10.2,89.8,1,2
Emre Can,2324,Dortmund,GER-Bundesliga,"MF,DF",29.0,1953,Defensive Anchor,Box-to-Box Engine,32.1,31.9,0.2,99.8,0,3
Felix Nmecha,2324,Dortmund,GER-Bundesliga,MF,22.0,1021,Ball Progressor,Defensive Anchor,29.4,27.8,1.6,98.4,1,0
Julian Brandt,2324,Dortmund,GER-Bundesliga,"MF,FW",27.0,2223,Creative Playmaker,Ball Progressor,39.7,24.0,15.7,84.3,2,1
Marcel Sabitzer,2324,Dortmund,GER-Bundesliga,MF,29.0,1961,Ball Progressor,Box-to-Box Engine,34.0,23.2,10.8,89.2,1,3
Marco Reus,2324,Dortmund,GER-Bundesliga,"MF,FW",34.0,1601,Creative Playmaker,Ball Progressor,31.4,29.3,2.1,97.9,2,1
Salih Özcan,2324,Dortmund,GER-Bundesliga,MF,25.0,1184,Defensive Anchor,Box-to-Box Engine,33.9,27.5,6.4,93.6,0,3
Ansgar Knauff,2324,Eint Frankfurt,GER-Bundesliga,"MF,DF",21.0,2109,Ball Progressor,Creative Playmaker,35.1,24.3,10.8,89.2,1,2
Ellyes Skhiri,2324,Eint Frankfurt,GER-Bundesliga,MF,28.0,2168,Defensive Anchor,Box-to-Box Engine,42.2,24.4,17.8,82.2,0,3
Fares Chaïbi,2324,Eint Frankfurt,GER-Bundesliga,"MF,FW",20.0,1912,Creative Playmaker,Ball Progressor,32.1,28.2,3.9,96.1,2,1
Hugo Larsson,2324,Eint Frankfurt,GER-Bundesliga,MF,19.0,1886,Defensive Anchor,Ball Progressor,34.7,27.3,7.4,92.6,0,1
Junior Dina Ebimbe,2324,Eint Frankfurt,GER-Bundesliga,"MF,DF",22.0,1956,Ball Progressor,Creative Playmaker,34.4,24.2,10.2,89.8,1,2
Kristijan Jakić,2324,Eint Frankfurt,GER-Bundesliga,"MF,FW",26.0,1051,Defensive Anchor,Ball Progressor,29.2,27.7,1.5,98.5,0,1
Mario Götze,2324,Eint Frankfurt,GER-Bundesliga,MF,31.0,2068,Ball Progressor,Box-to-Box Engine,30.5,26.4,4.1,95.9,1,3
Maximilian Eggestein,2324,Freiburg,GER-Bundesliga,MF,26.0,2914,Defensive Anchor,Ball Progressor,35.6,26.4,9.2,90.8,0,1
Merlin Röhl,2324,Freiburg,GER-Bundesliga,"MF,FW",21.0,1477,Ball Progressor,Defensive Anchor,37.3,21.7,15.6,84.4,1,0
Nicolas Höfler,2324,Freiburg,GER-Bundesliga,MF,33.0,2330,Defensive Anchor,Box-to-Box Engine,45.3,21.3,24.0,76.0,0,3
Roland Sallai,2324,Freiburg,GER-Bundesliga,"MF,FW",26.0,1840,Ball Progressor,Creative Playmaker,32.0,29.5,2.5,97.5,1,2
Vincenzo Grifo,2324,Freiburg,GER-Bundesliga,"MF,FW",30.0,2325,Creative Playmaker,Ball Progressor,37.9,25.8,12.1,87.9,2,1
Florian Neuhaus,2324,Gladbach,GER-Bundesliga,MF,26.0,1224,Ball Progressor,Creative Playmaker,29.5,27.1,2.4,97.6,1,2
Julian Weigl,2324,Gladbach,GER-Bundesliga,MF,27.0,2764,Defensive Anchor,Box-to-Box Engine,46.2,21.1,25.1,74.9,0,3
Manu Koné,2324,Gladbach,GER-Bundesliga,MF,22.0,1561,Ball Progressor,Defensive Anchor,28.5,27.5,1.0,99.0,1,0
Rocco Reitz,2324,Gladbach,GER-Bundesliga,MF,21.0,2136,Defensive Anchor,Box-to-Box Engine,28.1,26.8,1.3,98.7,0,3
Adrian Beck,2324,Heidenheim,GER-Bundesliga,"MF,FW",26.0,974,Ball Progressor,Defensive Anchor,32.0,27.1,4.9,95.1,1,0
Jan Schöppner,2324,Heidenheim,GER-Bundesliga,MF,24.0,1998,Defensive Anchor,Ball Progressor,39.8,25.1,14.7,85.3,0,1
Kevin Sessa,2324,Heidenheim,GER-Bundesliga,"MF,FW",23.0,1011,Ball Progressor,Creative Playmaker,32.1,24.9,7.2,92.8,1,2
Lennard Maloney,2324,Heidenheim,GER-Bundesliga,MF,23.0,2284,Defensive Anchor,Ball Progressor,40.1,23.5,16.6,83.4,0,1
Marvin Pieringer,2324,Heidenheim,GER-Bundesliga,"MF,FW",23.0,1513,Ball Progressor,Defensive Anchor,35.1,26.3,8.8,91.2,1,0
Norman Theuerkauf,2324,Heidenheim,GER-Bundesliga,"MF,DF",36.0,1259,Defensive Anchor,Ball Progressor,39.0,24.7,14.3,85.7,0,1
Andrej Kramarić,2324,Hoffenheim,GER-Bundesliga,"MF,FW",32.0,2199,Creative Playmaker,Ball Progressor,35.6,24.9,10.7,89.3,2,1
Angelo Stiller,2324,Hoffenheim,GER-Bundesliga,MF,22.0,2694,Ball Progressor,Box-to-Box Engine,26.5,25.2,1.3,98.7,1,3
Anton Stach,2324,Hoffenheim,GER-Bundesliga,MF,24.0,2321,Defensive Anchor,Box-to-Box Engine,30.4,30.3,0.1,99.9,0,3
Grischa Prömel,2324,Hoffenheim,GER-Bundesliga,MF,28.0,2139,Ball Progressor,Defensive Anchor,34.8,26.4,8.4,91.6,1,0
Umut Tohumcu,2324,Hoffenheim,GER-Bundesliga,MF,18.0,1011,Ball Progressor,Defensive Anchor,31.1,25.4,5.7,94.3,1,0
Dejan Ljubicic,2324,Köln,GER-Bundesliga,"MF,FW",25.0,2048,Ball Progressor,Defensive Anchor,34.4,27.3,7.1,92.9,1,0
Denis Huseinbasic,2324,Köln,GER-Bundesliga,MF,22.0,1627,Defensive Anchor,Box-to-Box Engine,34.4,25.9,8.5,91.5,0,3
Eric Martel,2324,Köln,GER-Bundesliga,MF,21.0,2457,Defensive Anchor,Ball Progressor,38.2,23.8,14.4,85.6,0,1
Florian Kainz,2324,Köln,GER-Bundesliga,"MF,FW",30.0,2197,Ball Progressor,Creative Playmaker,31.3,28.4,2.9,97.1,1,2
Luca Waldschmidt,2324,Köln,GER-Bundesliga,"MF,FW",27.0,1146,Ball Progressor,Creative Playmaker,40.2,21.1,19.1,80.9,1,2
Exequiel Palacios,2324,Leverkusen,GER-Bundesliga,MF,24.0,1831,Box-to-Box Engine,Defensive Anchor,35.5,22.7,12.8,87.2,3,0
Florian Wirtz,2324,Leverkusen,GER-Bundesliga,MF,20.0,2372,Creative Playmaker,Ball Progressor,36.4,23.1,13.3,86.7,2,1
Granit Xhaka,2324,Leverkusen,GER-Bundesliga,MF,30.0,2821,Box-to-Box Engine,Creative Playmaker,34.0,23.5,10.5,89.5,3,2
Jonas Hofmann,2324,Leverkusen,GER-Bundesliga,MF,31.0,2204,Creative Playmaker,Ball Progressor,38.6,23.8,14.8,85.2,2,1
Nadiem Amiri,2324,Leverkusen,GER-Bundesliga,MF,26.0,1315,Box-to-Box Engine,Ball Progressor,27.1,25.0,2.1,97.9,3,1
Robert Andrich,2324,Leverkusen,GER-Bundesliga,"MF,DF",28.0,1690,Box-to-Box Engine,Defensive Anchor,35.4,24.3,11.1,88.9,3,0
Anton Stach,2324,Mainz 05,GER-Bundesliga,MF,24.0,2321,Defensive Anchor,Ball Progressor,29.1,28.0,1.1,98.9,0,1
Brajan Gruda,2324,Mainz 05,GER-Bundesliga,"MF,FW",19.0,1641,Creative Playmaker,Ball Progressor,38.9,24.4,14.5,85.5,2,1
Leandro Barreiro Martins,2324,Mainz 05,GER-Bundesliga,MF,23.0,2606,Defensive Anchor,Ball Progressor,35.8,27.8,8.0,92.0,0,1
Lee Jae-sung,2324,Mainz 05,GER-Bundesliga,"MF,FW",30.0,2113,Ball Progressor,Defensive Anchor,37.2,22.5,14.7,85.3,1,0
Nadiem Amiri,2324,Mainz 05,GER-Bundesliga,MF,26.0,1315,Box-to-Box Engine,Creative Playmaker,27.5,27.0,0.5,99.5,3,2
Tom Krauß,2324,Mainz 05,GER-Bundesliga,MF,22.0,1346,Defensive Anchor,Box-to-Box Engine,32.4,26.2,6.2,93.8,0,3
Amadou Haidara,2324,RB Leipzig,GER-Bundesliga,MF,25.0,1526,Defensive Anchor,Box-to-Box Engine,31.9,29.3,2.6,97.4,0,3
Christoph Baumgartner,2324,RB Leipzig,GER-Bundesliga,"MF,FW",23.0,1158,Ball Progressor,Creative Playmaker,32.0,28.5,3.5,96.5,1,2
Dani Olmo,2324,RB Leipzig,GER-Bundesliga,MF,25.0,1449,Creative Playmaker,Ball Progressor,40.7,25.3,15.4,84.6,2,1
Kevin Kampl,2324,RB Leipzig,GER-Bundesliga,MF,32.0,1363,Box-to-Box Engine,Defensive Anchor,33.1,25.1,8.0,92.0,3,0
Xaver Schlager,2324,RB Leipzig,GER-Bundesliga,MF,25.0,2477,Box-to-Box Engine,Defensive Anchor,37.5,23.3,14.2,85.8,3,0
Xavi Simons,2324,RB Leipzig,GER-Bundesliga,MF,20.0,2653,Creative Playmaker,Ball Progressor,40.3,22.1,18.2,81.8,2,1
Angelo Stiller,2324,Stuttgart,GER-Bundesliga,MF,22.0,2694,Box-to-Box Engine,Defensive Anchor,38.4,21.7,16.7,83.3,3,0
Atakan Karazor,2324,Stuttgart,GER-Bundesliga,MF,26.0,2623,Defensive Anchor,Box-to-Box Engine,31.9,27.3,4.6,95.4,0,3
Enzo Millot,2324,Stuttgart,GER-Bundesliga,"MF,FW",21.0,2241,Creative Playmaker,Ball Progressor,31.1,29.6,1.5,98.5,2,1
Alex Král,2324,Union Berlin,GER-Bundesliga,MF,25.0,1370,Defensive Anchor,Ball Progressor,34.1,28.9,5.2,94.8,0,1
András Schäfer,2324,Union Berlin,GER-Bundesliga,MF,24.0,1214,Ball Progressor,Defensive Anchor,31.2,24.9,6.3,93.7,1,0
Aïssa Laïdouni,2324,Union Berlin,GER-Bundesliga,MF,26.0,1071,Ball Progressor,Box-to-Box Engine,27.8,26.9,0.9,99.1,1,3
Brenden Aaronson,2324,Union Berlin,GER-Bundesliga,"MF,FW",22.0,1267,Ball Progressor,Creative Playmaker,31.1,26.2,4.9,95.1,1,2
Janik Haberer,2324,Union Berlin,GER-Bundesliga,"MF,DF",29.0,1221,Defensive Anchor,Ball Progressor,37.2,25.5,11.7,88.3,0,1
Lucas Tousart,2324,Union Berlin,GER-Bundesliga,MF,26.0,1572,Defensive Anchor,Ball Progressor,39.9,24.5,15.4,84.6,0,1
Rani Khedira,2324,Union Berlin,GER-Bundesliga,MF,29.0,1343,Defensive Anchor,Ball Progressor,38.9,24.5,14.4,85.6,0,1
Jens Stage,2324,Werder Bremen,GER-Bundesliga,MF,26.0,2327,Defensive Anchor,Ball Progressor,34.3,27.1,7.2,92.8,0,1
Leonardo Bittencourt,2324,Werder Bremen,GER-Bundesliga,MF,29.0,1578,Ball Progressor,Box-to-Box Engine,31.0,25.9,5.1,94.9,1,3
Romano Schmid,2324,Werder Bremen,GER-Bundesliga,"MF,FW",23.0,2601,Creative Playmaker,Ball Progressor,35.1,27.1,8.0,92.0,2,1
Senne Lynen,2324,Werder Bremen,GER-Bundesliga,MF,24.0,1797,Defensive Anchor,Box-to-Box Engine,35.2,24.3,10.9,89.1,0,3
Aster Vranckx,2324,Wolfsburg,GER-Bundesliga,MF,20.0,1153,Defensive Anchor,Box-to-Box Engine,42.3,22.6,19.7,80.3,0,3
Lovro Majer,2324,Wolfsburg,GER-Bundesliga,"MF,FW",25.0,2106,Creative Playmaker,Ball Progressor,34.8,28.8,6.0,94.0,2,1
Mattias Svanberg,2324,Wolfsburg,GER-Bundesliga,MF,24.0,1715,Ball Progressor,Box-to-Box Engine,29.2,26.3,2.9,97.1,1,3
Maximilian Arnold,2324,Wolfsburg,GER-Bundesliga,MF,29.0,2506,Box-to-Box Engine,Defensive Anchor,30.1,27.4,2.7,97.3,3,0
Yannick Gerhardt,2324,Wolfsburg,GER-Bundesliga,"MF,DF",29.0,1630,Ball Progressor,Defensive Anchor,31.5,26.8,4.7,95.3,1,0
Alexis Claude-Maurice,2425,Augsburg,GER-Bundesliga,"MF,FW",26.0,2109,Ball Progressor,Creative Playmaker,35.4,23.1,12.3,87.7,1,2
Arne Maier,2425,Augsburg,GER-Bundesliga,MF,25.0,938,Ball Progressor,Creative Playmaker,27.9,27.4,0.5,99.5,1,2
Elvis Rexhbeçaj,2425,Augsburg,GER-Bundesliga,MF,26.0,1785,Ball Progressor,Defensive Anchor,32.8,25.3,7.5,92.5,1,0
Frank Onyeka,2425,Augsburg,GER-Bundesliga,MF,26.0,2586,Defensive Anchor,Ball Progressor,35.8,27.7,8.1,91.9,0,1
Kristijan Jakić,2425,Augsburg,GER-Bundesliga,MF,27.0,2306,Defensive Anchor,Ball Progressor,39.6,24.3,15.3,84.7,0,1
Niklas Dorsch,2425,Augsburg,GER-Bundesliga,MF,26.0,1335,Defensive Anchor,Ball Progressor,28.1,27.0,1.1,98.9,0,1
Aleksandar Pavlovic,2425,Bayern Munich,GER-Bundesliga,MF,20.0,1451,Box-to-Box Engine,Defensive Anchor,31.8,26.2,5.6,94.4,3,0
Jamal Musiala,2425,Bayern Munich,GER-Bundesliga,MF,21.0,1798,Creative Playmaker,Ball Progressor,35.7,24.9,10.8,89.2,2,1
Joshua Kimmich,2425,Bayern Munich,GER-Bundesliga,MF,29.0,2847,Box-to-Box Engine,Creative Playmaker,29.7,28.0,1.7,98.3,3,2
Leon Goretzka,2425,Bayern Munich,GER-Bundesliga,"MF,DF",29.0,1325,Box-to-Box Engine,Defensive Anchor,32.1,23.8,8.3,91.7,3,0
Thomas Müller,2425,Bayern Munich,GER-Bundesliga,"MF,FW",34.0,1225,Creative Playmaker,Ball Progressor,34.6,26.3,8.3,91.7,2,1
Anthony Losilla,2425,Bochum,GER-Bundesliga,MF,38.0,1137,Defensive Anchor,Ball Progressor,34.1,26.1,8.0,92.0,0,1
Dani de Wit,2425,Bochum,GER-Bundesliga,"MF,FW",26.0,1153,Ball Progressor,Defensive Anchor,30.6,29.1,1.5,98.5,1,0
Ibrahima Sissoko,2425,Bochum,GER-Bundesliga,MF,26.0,2610,Defensive Anchor,Ball Progressor,40.0,24.9,15.1,84.9,0,1
Matúš Bero,2425,Bochum,GER-Bundesliga,MF,28.0,2565,Ball Progressor,Box-to-Box Engine,32.0,24.3,7.7,92.3,1,3
Tom Krauß,2425,Bochum,GER-Bundesliga,MF,23.0,1077,Box-to-Box Engine,Defensive Anchor,30.6,30.2,0.4,99.6,3,0
Felix Nmecha,2425,Dortmund,GER-Bundesliga,MF,23.0,1509,Defensive Anchor,Box-to-Box Engine,31.9,28.2,3.7,96.3,0,3
Julian Brandt,2425,Dortmund,GER-Bundesliga,MF,28.0,2303,Creative Playmaker,Ball Progressor,40.7,24.6,16.1,83.9,2,1
Marcel Sabitzer,2425,Dortmund,GER-Bundesliga,MF,30.0,1616,Ball Progressor,Defensive Anchor,32.3,26.0,6.3,93.7,1,0
Pascal Groß,2425,Dortmund,GER-Bundesliga,"MF,DF",33.0,2327,Creative Playmaker,Box-to-Box Engine,28.3,26.3,2.0,98.0,2,3
Ansgar Knauff,2425,Eint Frankfurt,GER-Bundesliga,"MF,DF",22.0,1597,Creative Playmaker,Ball Progressor,33.8,29.0,4.8,95.2,2,1
Ellyes Skhiri,2425,Eint Frankfurt,GER-Bundesliga,MF,29.0,2231,Defensive Anchor,Box-to-Box Engine,36.9,24.9,12.0,88.0,0,3
Fares Chaïbi,2425,Eint Frankfurt,GER-Bundesliga,"MF,FW",21.0,1013,Creative Playmaker,Ball Progressor,33.6,27.5,6.1,93.9,2,1
Hugo Larsson,2425,Eint Frankfurt,GER-Bundesliga,MF,20.0,2393,Defensive Anchor,Ball Progressor,37.1,25.2,11.9,88.1,0,1
Jean Mattéo Bahoya,2425,Eint Frankfurt,GER-Bundesliga,"MF,FW",19.0,921,Creative Playmaker,Ball Progressor,29.5,28.8,0.7,99.3,2,1
Mario Götze,2425,Eint Frankfurt,GER-Bundesliga,"MF,FW",32.0,1542,Ball Progressor,Creative Playmaker,33.1,24.1,9.0,91.0,1,2
Eren Dinkçi,2425,Freiburg,GER-Bundesliga,"MF,FW",22.0,1196,Ball Progressor,Defensive Anchor,36.5,21.6,14.9,85.1,1,0
Maximilian Eggestein,2425,Freiburg,GER-Bundesliga,MF,27.0,2845,Defensive Anchor,Ball Progressor,41.1,23.7,17.4,82.6,0,1
Merlin Röhl,2425,Freiburg,GER-Bundesliga,"MF,FW",22.0,965,Ball Progressor,Defensive Anchor,36.3,24.2,12.1,87.9,1,0
Patrick Osterhage,2425,Freiburg,GER-Bundesliga,MF,24.0,2267,Defensive Anchor,Ball Progressor,33.6,29.7,3.9,96.1,0,1
Alassane Pléa,2425,Gladbach,GER-Bundesliga,"MF,FW",31.0,1902,Creative Playmaker,Ball Progressor,33.1,27.7,5.4,94.6,2,1
Julian Weigl,2425,Gladbach,GER-Bundesliga,MF,28.0,2881,Defensive Anchor,Box-to-Box Engine,36.6,25.1,11.5,88.5,0,3
Kevin Stöger,2425,Gladbach,GER-Bundesliga,MF,30.0,1551,Creative Playmaker,Box-to-Box Engine,36.0,23.5,12.5,87.5,2,3
Philipp Sander,2425,Gladbach,GER-Bundesliga,MF,26.0,1400,Defensive Anchor,Box-to-Box Engine,43.4,22.1,21.3,78.7,0,3
Rocco Reitz,2425,Gladbach,GER-Bundesliga,MF,22.0,1830,Defensive Anchor,Box-to-Box Engine,33.2,25.9,7.3,92.7,0,3
Adrian Beck,2425,Heidenheim,GER-Bundesliga,"MF,FW",27.0,1598,Ball Progressor,Box-to-Box Engine,30.9,25.0,5.9,94.1,1,3
Jan Schöppner,2425,Heidenheim,GER-Bundesliga,MF,25.0,2681,Defensive Anchor,Ball Progressor,35.5,27.9,7.6,92.4,0,1
Niklas Dorsch,2425,Heidenheim,GER-Bundesliga,MF,26.0,1335,Defensive Anchor,Ball Progressor,31.7,28.3,3.4,96.6,0,1
Paul Wanner,2425,Heidenheim,GER-Bundesliga,"MF,FW",18.0,1771,Ball Progressor,Defensive Anchor,37.5,23.2,14.3,85.7,1,0
Andrej Kramarić,2425,Hoffenheim,GER-Bundesliga,"MF,FW",33.0,2767,Creative Playmaker,Ball Progressor,34.2,28.6,5.6,94.4,2,1
Anton Stach,2425,Hoffenheim,GER-Bundesliga,"MF,DF",25.0,2585,Defensive Anchor,Box-to-Box Engine,31.9,30.6,1.3,98.7,0,3
Tom Bischof,2425,Hoffenheim,GER-Bundesliga,"MF,FW",19.0,2559,Box-to-Box Engine,Ball Progressor,28.2,26.3,1.9,98.1,3,1
Armin Gigovic,2425,Holstein Kiel,GER-Bundesliga,MF,22.0,1895,Ball Progressor,Defensive Anchor,32.0,28.9,3.1,96.9,1,0
Lewis Holtby,2425,Holstein Kiel,GER-Bundesliga,MF,33.0,1238,Defensive Anchor,Ball Progressor,32.3,26.7,5.6,94.4,0,1
Magnus Knudsen,2425,Holstein Kiel,GER-Bundesliga,MF,23.0,1850,Defensive Anchor,Ball Progressor,32.7,28.3,4.4,95.6,0,1
Nicolai Remberg,2425,Holstein Kiel,GER-Bundesliga,MF,24.0,2417,Defensive Anchor,Ball Progressor,35.0,26.4,8.6,91.4,0,1
Steven Skrzybski,2425,Holstein Kiel,GER-Bundesliga,"MF,FW",31.0,1323,Ball Progressor,Creative Playmaker,31.7,27.1,4.6,95.4,1,2
Aleix García,2425,Leverkusen,GER-Bundesliga,MF,27.0,1455,Box-to-Box Engine,Creative Playmaker,28.4,26.9,1.5,98.5,3,2
Exequiel Palacios,2425,Leverkusen,GER-Bundesliga,MF,25.0,1155,Box-to-Box Engine,Creative Playmaker,29.3,26.3,3.0,97.0,3,2
Florian Wirtz,2425,Leverkusen,GER-Bundesliga,"MF,FW",21.0,2351,Creative Playmaker,Ball Progressor,37.4,23.4,14.0,86.0,2,1
Granit Xhaka,2425,Leverkusen,GER-Bundesliga,MF,31.0,2888,Box-to-Box Engine,Ball Progressor,32.6,22.9,9.7,90.3,3,1
Nathan Tella,2425,Leverkusen,GER-Bundesliga,"MF,FW",25.0,1359,Ball Progressor,Creative Playmaker,34.6,25.0,9.6,90.4,1,2
Robert Andrich,2425,Leverkusen,GER-Bundesliga,"MF,DF",29.0,1598,Defensive Anchor,Ball Progressor,35.1,25.3,9.8,90.2,0,1
Kaishu Sano,2425,Mainz 05,GER-Bundesliga,MF,23.0,3043,Defensive Anchor,Box-to-Box Engine,39.1,24.3,14.8,85.2,0,3
Lee Jae-sung,2425,Mainz 05,GER-Bundesliga,MF,31.0,2650,Ball Progressor,Defensive Anchor,35.4,22.3,13.1,86.9,1,0
Nadiem Amiri,2425,Mainz 05,GER-Bundesliga,MF,27.0,2473,Creative Playmaker,Box-to-Box Engine,30.4,27.3,3.1,96.9,2,3
Paul Nebel,2425,Mainz 05,GER-Bundesliga,MF,21.0,2345,Ball Progressor,Creative Playmaker,29.8,29.7,0.1,99.9,1,2
Amadou Haidara,2425,RB Leipzig,GER-Bundesliga,MF,26.0,1320,Defensive Anchor,Box-to-Box Engine,34.8,26.5,8.3,91.7,0,3
Antonio Nusa,2425,RB Leipzig,GER-Bundesliga,"MF,DF",19.0,1558,Ball Progressor,Creative Playmaker,37.6,24.1,13.5,86.5,1,2
Arthur Vermeeren,2425,RB Leipzig,GER-Bundesliga,MF,19.0,1572,Defensive Anchor,Ball Progressor,35.5,24.7,10.8,89.2,0,1
Christoph Baumgartner,2425,RB Leipzig,GER-Bundesliga,MF,24.0,1610,Ball Progressor,Defensive Anchor,32.4,24.1,8.3,91.7,1,0
Elif Elmas,2425,RB Leipzig,GER-Bundesliga,MF,24.0,1021,Ball Progressor,Defensive Anchor,26.4,25.8,0.6,99.4,1,0
Kevin Kampl,2425,RB Leipzig,GER-Bundesliga,MF,33.0,1593,Box-to-Box Engine,Defensive Anchor,32.6,24.7,7.9,92.1,3,0
Nicolas Seiwald,2425,RB Leipzig,GER-Bundesliga,"MF,DF",23.0,2084,Defensive Anchor,Box-to-Box Engine,32.2,28.2,4.0,96.0,0,3
Xavi Simons,2425,RB Leipzig,GER-Bundesliga,MF,21.0,2150,Creative Playmaker,Ball Progressor,41.7,22.8,18.9,81.1,2,1
Carlo Boukhalfa,2425,St. Pauli,GER-Bundesliga,MF,25.0,1646,Ball Progressor,Defensive Anchor,31.6,30.3,1.3,98.7,1,0
Jackson Irvine,2425,St. Pauli,GER-Bundesliga,MF,31.0,2610,Defensive Anchor,Ball Progressor,34.3,27.8,6.5,93.5,0,1
Manolis Saliakas,2425,St. Pauli,GER-Bundesliga,"MF,DF",27.0,2314,Ball Progressor,Defensive Anchor,30.9,27.6,3.3,96.7,1,0
Philipp Treu,2425,St. Pauli,GER-Bundesliga,"MF,DF",23.0,2881,Ball Progressor,Defensive Anchor,31.7,28.7,3.0,97.0,1,0
Angelo Stiller,2425,Stuttgart,GER-Bundesliga,MF,23.0,2741,Box-to-Box Engine,Creative Playmaker,32.0,24.8,7.2,92.8,3,2
Atakan Karazor,2425,Stuttgart,GER-Bundesliga,MF,27.0,2618,Defensive Anchor,Box-to-Box Engine,39.3,26.2,13.1,86.9,0,3
Chris Führich,2425,Stuttgart,GER-Bundesliga,"MF,FW",26.0,1981,Creative Playmaker,Ball Progressor,35.4,25.9,9.5,90.5,2,1
Enzo Millot,2425,Stuttgart,GER-Bundesliga,"MF,FW",22.0,1843,Creative Playmaker,Ball Progressor,32.4,28.1,4.3,95.7,2,1
Jamie Leweling,2425,Stuttgart,GER-Bundesliga,"MF,FW",23.0,1663,Ball Progressor,Creative Playmaker,31.3,28.2,3.1,96.9,1,2
Aljoscha Kemlein,2425,Union Berlin,GER-Bundesliga,MF,19.0,922,Defensive Anchor,Ball Progressor,33.5,27.0,6.5,93.5,0,1
András Schäfer,2425,Union Berlin,GER-Bundesliga,MF,25.0,1534,Defensive Anchor,Ball Progressor,35.1,26.1,9.0,91.0,0,1
Janik Haberer,2425,Union Berlin,GER-Bundesliga,"MF,DF",30.0,1696,Defensive Anchor,Ball Progressor,33.8,27.8,6.0,94.0,0,1
Jeong Woo-yeong,2425,Union Berlin,GER-Bundesliga,"MF,FW",24.0,1263,Ball Progressor,Creative Playmaker,34.3,28.7,5.6,94.4,1,2
Rani Khedira,2425,Union Berlin,GER-Bundesliga,MF,30.0,2723,Defensive Anchor,Ball Progressor,37.7,25.6,12.1,87.9,0,1
Jens Stage,2425,Werder Bremen,GER-Bundesliga,MF,27.0,2204,Ball Progressor,Creative Playmaker,29.7,23.7,6.0,94.0,1,2
Leonardo Bittencourt,2425,Werder Bremen,GER-Bundesliga,MF,30.0,982,Ball Progressor,Box-to-Box Engine,28.0,25.8,2.2,97.8,1,3
Romano Schmid,2425,Werder Bremen,GER-Bundesliga,MF,24.0,2834,Creative Playmaker,Box-to-Box Engine,36.9,23.3,13.6,86.4,2,3
Senne Lynen,2425,Werder Bremen,GER-Bundesliga,MF,25.0,2733,Defensive Anchor,Box-to-Box Engine,39.4,23.0,16.4,83.6,0,3
Bence Dárdai,2425,Wolfsburg,GER-Bundesliga,MF,18.0,1304,Defensive Anchor,Ball Progressor,31.4,29.9,1.5,98.5,0,1
Mattias Svanberg,2425,Wolfsburg,GER-Bundesliga,MF,25.0,1219,Ball Progressor,Defensive Anchor,33.6,25.6,8.0,92.0,1,0
Maximilian Arnold,2425,Wolfsburg,GER-Bundesliga,MF,30.0,2356,Ball Progressor,Defensive Anchor,27.8,26.1,1.7,98.3,1,0
Patrick Wimmer,2425,Wolfsburg,GER-Bundesliga,"MF,FW",23.0,1770,Ball Progressor,Box-to-Box Engine,29.9,24.7,5.2,94.8,1,3
Yannick Gerhardt,2425,Wolfsburg,GER-Bundesliga,"MF,DF",30.0,1518,Ball Progressor,Defensive Anchor,30.4,28.5,1.9,98.1,1,0
Bryan Cristante,1718,Atalanta,ITA-Serie A,MF,22.0,2824,Ball Progressor,Box-to-Box Engine,28.2,26.9,1.3,98.7,1,3
Jasmin Kurtić,1718,Atalanta,ITA-Serie A,MF,28.0,1440,Ball Progressor,Defensive Anchor,36.1,22.7,13.4,86.6,1,0
Josip Iličić,1718,Atalanta,ITA-Serie A,"MF,FW",29.0,2002,Creative Playmaker,Ball Progressor,37.5,23.0,14.5,85.5,2,1
Marten de Roon,1718,Atalanta,ITA-Serie A,MF,26.0,2571,Box-to-Box Engine,Defensive Anchor,33.1,31.6,1.5,98.5,3,0
Papu Gómez,1718,Atalanta,ITA-Serie A,"MF,FW",29.0,2750,Creative Playmaker,Ball Progressor,36.9,23.7,13.2,86.8,2,1
Remo Freuler,1718,Atalanta,ITA-Serie A,MF,25.0,3006,Box-to-Box Engine,Defensive Anchor,41.3,20.8,20.5,79.5,3,0
Cristiano Lombardi,1718,Benevento,ITA-Serie A,"MF,DF",21.0,1112,Ball Progressor,Defensive Anchor,36.5,23.7,12.8,87.2,1,0
Danilo Cataldi,1718,Benevento,ITA-Serie A,MF,22.0,2282,Box-to-Box Engine,Ball Progressor,29.3,26.1,3.2,96.8,3,1
Enrico Brignola,1718,Benevento,ITA-Serie A,"MF,FW",18.0,1347,Ball Progressor,Creative Playmaker,38.1,21.9,16.2,83.8,1,2
Filip Đuričić,1718,Benevento,ITA-Serie A,"MF,FW",25.0,971,Ball Progressor,Box-to-Box Engine,29.9,24.3,5.6,94.4,1,3
Guilherme,1718,Benevento,ITA-Serie A,"MF,FW",26.0,2639,Ball Progressor,Creative Playmaker,32.0,27.7,4.3,95.7,1,2
Guilherme,1718,Benevento,ITA-Serie A,"MF,FW",26.0,944,Ball Progressor,Creative Playmaker,32.0,27.7,4.3,95.7,1,2
Ledian Memushaj,1718,Benevento,ITA-Serie A,MF,30.0,1258,Box-to-Box Engine,Defensive Anchor,30.3,27.7,2.6,97.4,3,0
Marco D'Alessandro,1718,Benevento,ITA-Serie A,"MF,FW",26.0,1043,Ball Progressor,Creative Playmaker,30.9,26.3,4.6,95.4,1,2
Nicolas Viola,1718,Benevento,ITA-Serie A,MF,27.0,1850,Box-to-Box Engine,Ball Progressor,34.9,22.7,12.2,87.8,3,1
Raman Chibsah,1718,Benevento,ITA-Serie A,MF,24.0,1048,Defensive Anchor,Ball Progressor,34.0,28.4,5.6,94.4,0,1
Sandro,1718,Benevento,ITA-Serie A,MF,28.0,1153,Defensive Anchor,Box-to-Box Engine,37.0,25.1,11.9,88.1,0,3
Andrea Poli,1718,Bologna,ITA-Serie A,MF,27.0,2543,Defensive Anchor,Ball Progressor,34.1,25.4,8.7,91.3,0,1
Blerim Džemaili,1718,Bologna,ITA-Serie A,"MF,FW",31.0,1193,Defensive Anchor,Ball Progressor,30.2,28.1,2.1,97.9,0,1
Erick Pulgar,1718,Bologna,ITA-Serie A,MF,23.0,2770,Defensive Anchor,Box-to-Box Engine,34.7,29.4,5.3,94.7,0,3
Godfred Donsah,1718,Bologna,ITA-Serie A,MF,21.0,1794,Defensive Anchor,Ball Progressor,30.8,28.2,2.6,97.4,0,1
Artur Ioniță,1718,Cagliari,ITA-Serie A,MF,26.0,2669,Defensive Anchor,Ball Progressor,36.9,27.4,9.5,90.5,0,1
João Pedro,1718,Cagliari,ITA-Serie A,"MF,FW",25.0,1656,Ball Progressor,Defensive Anchor,35.4,23.5,11.9,88.1,1,0
Luca Cigarini,1718,Cagliari,ITA-Serie A,MF,31.0,2024,Box-to-Box Engine,Defensive Anchor,36.9,24.1,12.8,87.2,3,0
Nicolò Barella,1718,Cagliari,ITA-Serie A,MF,20.0,2955,Box-to-Box Engine,Defensive Anchor,32.0,28.8,3.2,96.8,3,0
Emanuele Giaccherini,1718,Chievo,ITA-Serie A,"MF,FW",32.0,903,Ball Progressor,Creative Playmaker,29.3,25.7,3.6,96.4,1,2
Ivan Radovanović,1718,Chievo,ITA-Serie A,MF,28.0,3140,Defensive Anchor,Box-to-Box Engine,39.8,26.0,13.8,86.2,0,3
Lucas Castro,1718,Chievo,ITA-Serie A,MF,28.0,1985,Box-to-Box Engine,Ball Progressor,31.0,25.0,6.0,94.0,3,1
Nicola Rigoni,1718,Chievo,ITA-Serie A,MF,26.0,933,Defensive Anchor,Box-to-Box Engine,39.0,23.9,15.1,84.9,0,3
Përparim Hetemaj,1718,Chievo,ITA-Serie A,MF,30.0,2415,Defensive Anchor,Ball Progressor,28.6,27.4,1.2,98.8,0,1
Samuel Bastien,1718,Chievo,ITA-Serie A,MF,20.0,1355,Defensive Anchor,Ball Progressor,33.0,30.0,3.0,97.0,0,1
Valter Birsa,1718,Chievo,ITA-Serie A,"MF,FW",30.0,2504,Creative Playmaker,Ball Progressor,34.1,25.9,8.2,91.8,2,1
Adrian Stoian,1718,Crotone,ITA-Serie A,"MF,FW",26.0,2133,Ball Progressor,Box-to-Box Engine,29.9,25.5,4.4,95.6,1,3
Andrea Barberis,1718,Crotone,ITA-Serie A,MF,23.0,3029,Defensive Anchor,Ball Progressor,40.5,23.1,17.4,82.6,0,1
Marcus Rohdén,1718,Crotone,ITA-Serie A,MF,26.0,1632,Defensive Anchor,Ball Progressor,31.7,31.4,0.3,99.7,0,1
Rolando Mandragora,1718,Crotone,ITA-Serie A,MF,20.0,3240,Defensive Anchor,Box-to-Box Engine,40.5,23.3,17.2,82.8,0,3
Bryan Dabo,1718,Fiorentina,ITA-Serie A,MF,25.0,1284,Defensive Anchor,Box-to-Box Engine,31.9,28.3,3.6,96.4,0,3
Carlos Sánchez,1718,Fiorentina,ITA-Serie A,"MF,DF",31.0,1122,Defensive Anchor,Box-to-Box Engine,31.4,26.8,4.6,95.4,0,3
Jordan Veretout,1718,Fiorentina,ITA-Serie A,MF,24.0,3209,Box-to-Box Engine,Ball Progressor,37.7,22.0,15.7,84.3,3,1
Marco Benassi,1718,Fiorentina,ITA-Serie A,"MF,FW",22.0,2782,Ball Progressor,Box-to-Box Engine,36.4,22.2,14.2,85.8,1,3
Milan Badelj,1718,Fiorentina,ITA-Serie A,MF,28.0,2351,Box-to-Box Engine,Defensive Anchor,33.1,26.7,6.4,93.6,3,0
Riccardo Saponara,1718,Fiorentina,ITA-Serie A,"MF,FW",25.0,900,Creative Playmaker,Box-to-Box Engine,32.8,24.6,8.2,91.8,2,3
Andrea Bertolacci,1718,Genoa,ITA-Serie A,MF,26.0,2895,Defensive Anchor,Box-to-Box Engine,36.6,29.0,7.6,92.4,0,3
Daniel Bessa,1718,Genoa,ITA-Serie A,MF,24.0,1389,Ball Progressor,Creative Playmaker,29.5,25.2,4.3,95.7,1,2
Federico Ricci,1718,Genoa,ITA-Serie A,MF,23.0,921,Ball Progressor,Creative Playmaker,31.4,24.2,7.2,92.8,1,2
Luca Rigoni,1718,Genoa,ITA-Serie A,MF,32.0,1574,Ball Progressor,Defensive Anchor,29.9,28.3,1.6,98.4,1,0
Miguel Veloso,1718,Genoa,ITA-Serie A,MF,31.0,1734,Defensive Anchor,Box-to-Box Engine,31.6,31.5,0.1,99.9,0,3
Oscar Hiljemark,1718,Genoa,ITA-Serie A,MF,25.0,1279,Creative Playmaker,Ball Progressor,27.4,27.1,0.3,99.7,2,1
Bruno Zuculini,1718,Hellas Verona,ITA-Serie A,MF,24.0,1216,Defensive Anchor,Box-to-Box Engine,33.6,25.7,7.9,92.1,0,3
Daniel Bessa,1718,Hellas Verona,ITA-Serie A,"MF,FW",24.0,1389,Ball Progressor,Box-to-Box Engine,30.6,25.0,5.6,94.4,1,3
Marcel Büchel,1718,Hellas Verona,ITA-Serie A,MF,26.0,1696,Defensive Anchor,Box-to-Box Engine,39.1,23.9,15.2,84.8,0,3
Marco Fossati,1718,Hellas Verona,ITA-Serie A,MF,24.0,1101,Defensive Anchor,Box-to-Box Engine,34.4,28.0,6.4,93.6,0,3
Mattia Valoti,1718,Hellas Verona,ITA-Serie A,"MF,FW",23.0,1577,Defensive Anchor,Ball Progressor,33.8,24.5,9.3,90.7,0,1
Rômulo,1718,Hellas Verona,ITA-Serie A,"MF,DF",30.0,3168,Ball Progressor,Box-to-Box Engine,29.2,25.8,3.4,96.6,1,3
Borja Valero,1718,Inter,ITA-Serie A,MF,32.0,2564,Box-to-Box Engine,Ball Progressor,32.4,23.8,8.6,91.4,3,1
João Mário,1718,Inter,ITA-Serie A,"MF,FW",24.0,1022,Creative Playmaker,Box-to-Box Engine,35.6,23.3,12.3,87.7,2,3
Marcelo Brozović,1718,Inter,ITA-Serie A,MF,24.0,1926,Creative Playmaker,Box-to-Box Engine,30.8,28.1,2.7,97.3,2,3
Matías Vecino,1718,Inter,ITA-Serie A,MF,25.0,2137,Box-to-Box Engine,Ball Progressor,39.8,21.1,18.7,81.3,3,1
Rafinha,1718,Inter,ITA-Serie A,MF,24.0,1851,Creative Playmaker,Box-to-Box Engine,35.0,25.3,9.7,90.3,2,3
Rafinha,1718,Inter,ITA-Serie A,MF,24.0,1043,Creative Playmaker,Box-to-Box Engine,35.0,25.3,9.7,90.3,2,3
Roberto Gagliardini,1718,Inter,ITA-Serie A,MF,23.0,1988,Defensive Anchor,Box-to-Box Engine,32.2,31.1,1.1,98.9,0,3
Blaise Matuidi,1718,Juventus,ITA-Serie A,MF,30.0,2354,Defensive Anchor,Ball Progressor,32.6,27.3,5.3,94.7,0,1
Miralem Pjanić,1718,Juventus,ITA-Serie A,MF,27.0,2484,Box-to-Box Engine,Creative Playmaker,32.3,22.8,9.5,90.5,3,2
Paulo Dybala,1718,Juventus,ITA-Serie A,"MF,FW",23.0,2353,Creative Playmaker,Ball Progressor,33.8,24.9,8.9,91.1,2,1
Sami Khedira,1718,Juventus,ITA-Serie A,MF,30.0,1912,Ball Progressor,Defensive Anchor,30.2,25.4,4.8,95.2,1,0
Lucas Leiva,1718,Lazio,ITA-Serie A,MF,30.0,2882,Box-to-Box Engine,Defensive Anchor,34.2,27.8,6.4,93.6,3,0
Marco Parolo,1718,Lazio,ITA-Serie A,MF,32.0,2612,Defensive Anchor,Ball Progressor,30.2,28.2,2.0,98.0,0,1
Sergej Milinković-Savić,1718,Lazio,ITA-Serie A,MF,22.0,2844,Creative Playmaker,Box-to-Box Engine,32.4,25.7,6.7,93.3,2,3
Franck Kessié,1718,Milan,ITA-Serie A,MF,20.0,3264,Ball Progressor,Creative Playmaker,31.0,25.3,5.7,94.3,1,2
Giacomo Bonaventura,1718,Milan,ITA-Serie A,MF,27.0,2541,Creative Playmaker,Ball Progressor,28.4,27.9,0.5,99.5,2,1
Lucas Biglia,1718,Milan,ITA-Serie A,MF,31.0,2039,Box-to-Box Engine,Defensive Anchor,33.1,28.9,4.2,95.8,3,0
Riccardo Montolivo,1718,Milan,ITA-Serie A,MF,32.0,1087,Box-to-Box Engine,Defensive Anchor,32.5,29.2,3.3,96.7,3,0
Allan,1718,Napoli,ITA-Serie A,MF,26.0,2850,Box-to-Box Engine,Ball Progressor,31.6,24.5,7.1,92.9,3,1
Jorginho,1718,Napoli,ITA-Serie A,MF,25.0,2650,Box-to-Box Engine,Defensive Anchor,37.0,22.3,14.7,85.3,3,0
Marek Hamšík,1718,Napoli,ITA-Serie A,MF,30.0,2371,Creative Playmaker,Box-to-Box Engine,32.0,26.1,5.9,94.1,2,3
Piotr Zieliński,1718,Napoli,ITA-Serie A,"MF,FW",23.0,1667,Creative Playmaker,Box-to-Box Engine,30.0,27.0,3.0,97.0,2,3
Daniele De Rossi,1718,Roma,ITA-Serie A,MF,34.0,1829,Box-to-Box Engine,Defensive Anchor,31.6,30.9,0.7,99.3,3,0
Gerson,1718,Roma,ITA-Serie A,"MF,FW",20.0,909,Ball Progressor,Box-to-Box Engine,30.6,26.7,3.9,96.1,1,3
Kevin Strootman,1718,Roma,ITA-Serie A,MF,27.0,2258,Box-to-Box Engine,Defensive Anchor,36.0,24.4,11.6,88.4,3,0
Lorenzo Pellegrini,1718,Roma,ITA-Serie A,MF,21.0,1797,Box-to-Box Engine,Creative Playmaker,28.6,26.3,2.3,97.7,3,2
Maxime Gonalons,1718,Roma,ITA-Serie A,MF,28.0,1096,Box-to-Box Engine,Defensive Anchor,34.1,28.9,5.2,94.8,3,0
Radja Nainggolan,1718,Roma,ITA-Serie A,MF,29.0,2613,Creative Playmaker,Ball Progressor,31.0,25.5,5.5,94.5,2,1
Alberto Grassi,1718,SPAL,ITA-Serie A,MF,22.0,2253,Defensive Anchor,Ball Progressor,37.5,25.9,11.6,88.4,0,1
Federico Viviani,1718,SPAL,ITA-Serie A,MF,25.0,2480,Box-to-Box Engine,Defensive Anchor,33.9,27.1,6.8,93.2,3,0
Jasmin Kurtić,1718,SPAL,ITA-Serie A,"MF,FW",28.0,1440,Defensive Anchor,Ball Progressor,33.9,28.7,5.2,94.8,0,1
Luca Mora,1718,SPAL,ITA-Serie A,MF,29.0,934,Defensive Anchor,Ball Progressor,30.8,28.8,2.0,98.0,0,1
Pasquale Schiattarella,1718,SPAL,ITA-Serie A,MF,30.0,1990,Box-to-Box Engine,Ball Progressor,30.1,25.0,5.1,94.9,3,1
Dennis Praet,1718,Sampdoria,ITA-Serie A,MF,23.0,2657,Box-to-Box Engine,Ball Progressor,29.6,26.3,3.3,96.7,3,1
Filip Đuričić,1718,Sampdoria,ITA-Serie A,MF,25.0,971,Ball Progressor,Box-to-Box Engine,25.9,25.2,0.7,99.3,1,3
Gastón Ramírez,1718,Sampdoria,ITA-Serie A,MF,26.0,2214,Creative Playmaker,Ball Progressor,34.0,27.4,6.6,93.4,2,1
Karol Linetty,1718,Sampdoria,ITA-Serie A,MF,22.0,2139,Ball Progressor,Box-to-Box Engine,31.0,25.4,5.6,94.4,1,3
Lucas Torreira,1718,Sampdoria,ITA-Serie A,MF,21.0,3180,Box-to-Box Engine,Defensive Anchor,31.7,31.3,0.4,99.6,3,0
Édgar Barreto,1718,Sampdoria,ITA-Serie A,MF,33.0,1965,Defensive Anchor,Ball Progressor,33.9,25.6,8.3,91.7,0,1
Alfred Duncan,1718,Sassuolo,ITA-Serie A,MF,24.0,1947,Ball Progressor,Box-to-Box Engine,30.1,27.1,3.0,97.0,1,3
Francesco Magnanelli,1718,Sassuolo,ITA-Serie A,MF,32.0,2494,Box-to-Box Engine,Defensive Anchor,31.5,30.7,0.8,99.2,3,0
Luca Mazzitelli,1718,Sassuolo,ITA-Serie A,MF,21.0,1017,Defensive Anchor,Ball Progressor,34.6,24.8,9.8,90.2,0,1
Simone Missiroli,1718,Sassuolo,ITA-Serie A,MF,31.0,2918,Defensive Anchor,Box-to-Box Engine,36.5,25.1,11.4,88.6,0,3
Stefano Sensi,1718,Sassuolo,ITA-Serie A,MF,21.0,1041,Box-to-Box Engine,Ball Progressor,30.3,25.2,5.1,94.9,3,1
Adem Ljajić,1718,Torino,ITA-Serie A,"MF,FW",25.0,2166,Creative Playmaker,Ball Progressor,39.6,23.1,16.5,83.5,2,1
Afriyie Acquah,1718,Torino,ITA-Serie A,MF,25.0,951,Defensive Anchor,Box-to-Box Engine,31.5,26.3,5.2,94.8,0,3
Daniele Baselli,1718,Torino,ITA-Serie A,MF,25.0,2521,Defensive Anchor,Box-to-Box Engine,32.6,28.6,4.0,96.0,0,3
Joel Obi,1718,Torino,ITA-Serie A,MF,26.0,1247,Defensive Anchor,Ball Progressor,31.1,26.0,5.1,94.9,0,1
Tomás Rincón,1718,Torino,ITA-Serie A,MF,29.0,2995,Defensive Anchor,Box-to-Box Engine,40.7,24.7,16.0,84.0,0,3
Andrija Balić,1718,Udinese,ITA-Serie A,MF,19.0,1083,Defensive Anchor,Box-to-Box Engine,29.7,28.9,0.8,99.2,0,3
Antonín Barák,1718,Udinese,ITA-Serie A,MF,22.0,2713,Ball Progressor,Box-to-Box Engine,34.5,24.4,10.1,89.9,1,3
Jakub Jankto,1718,Udinese,ITA-Serie A,"MF,FW",21.0,2654,Ball Progressor,Creative Playmaker,31.4,30.1,1.3,98.7,1,2
Ryder Matos,1718,Udinese,ITA-Serie A,MF,24.0,978,Ball Progressor,Defensive Anchor,30.7,24.1,6.6,93.4,1,0
Seko Fofana,1718,Udinese,ITA-Serie A,MF,22.0,1868,Defensive Anchor,Box-to-Box Engine,28.7,27.0,1.7,98.3,0,3
Valon Behrami,1718,Udinese,ITA-Serie A,MF,32.0,1398,Defensive Anchor,Box-to-Box Engine,36.6,24.2,12.4,87.6,0,3
Mario Pašalić,1819,Atalanta,ITA-Serie A,MF,23.0,1618,Ball Progressor,Box-to-Box Engine,28.6,28.0,0.6,99.4,1,3
Marten de Roon,1819,Atalanta,ITA-Serie A,MF,27.0,2975,Box-to-Box Engine,Defensive Anchor,36.5,28.2,8.3,91.7,3,0
Papu Gómez,1819,Atalanta,ITA-Serie A,"MF,FW",30.0,2899,Creative Playmaker,Ball Progressor,37.1,22.7,14.4,85.6,2,1
Remo Freuler,1819,Atalanta,ITA-Serie A,MF,26.0,3022,Box-to-Box Engine,Defensive Anchor,37.5,21.6,15.9,84.1,3,0
Andrea Poli,1819,Bologna,ITA-Serie A,MF,28.0,1932,Defensive Anchor,Ball Progressor,32.9,27.0,5.9,94.1,0,1
Blerim Džemaili,1819,Bologna,ITA-Serie A,MF,32.0,1750,Box-to-Box Engine,Ball Progressor,28.4,27.8,0.6,99.4,3,1
Erick Pulgar,1819,Bologna,ITA-Serie A,MF,24.0,2357,Box-to-Box Engine,Defensive Anchor,32.1,25.1,7.0,93.0,3,0
Mattias Svanberg,1819,Bologna,ITA-Serie A,MF,19.0,1176,Ball Progressor,Defensive Anchor,31.4,28.6,2.8,97.2,1,0
Roberto Soriano,1819,Bologna,ITA-Serie A,MF,27.0,1489,Ball Progressor,Creative Playmaker,31.1,25.6,5.5,94.5,1,2
Ádám Nagy,1819,Bologna,ITA-Serie A,MF,23.0,975,Defensive Anchor,Box-to-Box Engine,36.2,25.2,11.0,89.0,0,3
Artur Ioniță,1819,Cagliari,ITA-Serie A,MF,27.0,2968,Defensive Anchor,Ball Progressor,36.2,28.3,7.9,92.1,0,1
Filip Bradarić,1819,Cagliari,ITA-Serie A,MF,26.0,1494,Defensive Anchor,Box-to-Box Engine,29.9,26.7,3.2,96.8,0,3
Luca Cigarini,1819,Cagliari,ITA-Serie A,MF,32.0,1682,Box-to-Box Engine,Defensive Anchor,35.3,25.3,10.0,90.0,3,0
Nicolò Barella,1819,Cagliari,ITA-Serie A,MF,21.0,3107,Box-to-Box Engine,Ball Progressor,33.1,24.1,9.0,91.0,3,1
Paolo Faragò,1819,Cagliari,ITA-Serie A,"MF,DF",25.0,1703,Ball Progressor,Defensive Anchor,30.2,27.5,2.7,97.3,1,0
Valter Birsa,1819,Cagliari,ITA-Serie A,"MF,FW",31.0,1101,Ball Progressor,Creative Playmaker,27.6,26.1,1.5,98.5,1,2
Emanuele Giaccherini,1819,Chievo,ITA-Serie A,"MF,FW",33.0,2009,Creative Playmaker,Ball Progressor,33.0,28.5,4.5,95.5,2,1
Ivan Radovanović,1819,Chievo,ITA-Serie A,MF,29.0,1706,Defensive Anchor,Box-to-Box Engine,35.4,27.3,8.1,91.9,0,3
Ivan Radovanović,1819,Chievo,ITA-Serie A,MF,29.0,1278,Defensive Anchor,Box-to-Box Engine,35.4,27.3,8.1,91.9,0,3
Mehdi Léris,1819,Chievo,ITA-Serie A,"MF,DF",20.0,1607,Defensive Anchor,Ball Progressor,31.2,26.2,5.0,95.0,0,1
Nicola Rigoni,1819,Chievo,ITA-Serie A,MF,27.0,1951,Defensive Anchor,Ball Progressor,42.6,22.2,20.4,79.6,0,1
Përparim Hetemaj,1819,Chievo,ITA-Serie A,MF,31.0,2156,Defensive Anchor,Ball Progressor,35.9,26.8,9.1,90.9,0,1
Valter Birsa,1819,Chievo,ITA-Serie A,"MF,FW",31.0,1101,Creative Playmaker,Ball Progressor,35.1,27.8,7.3,92.7,2,1
Afriyie Acquah,1819,Empoli,ITA-Serie A,MF,26.0,1510,Ball Progressor,Box-to-Box Engine,28.7,26.5,2.2,97.8,1,3
Hamed Junior Traorè,1819,Empoli,ITA-Serie A,MF,18.0,2259,Box-to-Box Engine,Ball Progressor,28.7,28.0,0.7,99.3,3,1
Ismaël Bennacer,1819,Empoli,ITA-Serie A,MF,20.0,2961,Box-to-Box Engine,Defensive Anchor,34.4,29.6,4.8,95.2,3,0
Miha Zajc,1819,Empoli,ITA-Serie A,"MF,FW",24.0,1166,Creative Playmaker,Ball Progressor,41.3,24.6,16.7,83.3,2,1
Rade Krunić,1819,Empoli,ITA-Serie A,MF,24.0,2772,Creative Playmaker,Ball Progressor,36.9,25.9,11.0,89.0,2,1
Edimilson Fernandes,1819,Fiorentina,ITA-Serie A,MF,22.0,1970,Defensive Anchor,Ball Progressor,32.6,27.0,5.6,94.4,0,1
Gerson,1819,Fiorentina,ITA-Serie A,"MF,FW",21.0,2426,Ball Progressor,Box-to-Box Engine,30.2,27.0,3.2,96.8,1,3
Jordan Veretout,1819,Fiorentina,ITA-Serie A,MF,25.0,2941,Box-to-Box Engine,Ball Progressor,34.9,22.1,12.8,87.2,3,1
Marco Benassi,1819,Fiorentina,ITA-Serie A,MF,23.0,2282,Ball Progressor,Creative Playmaker,36.2,23.8,12.4,87.6,1,2
Francesco Cassata,1819,Frosinone,ITA-Serie A,MF,21.0,1124,Ball Progressor,Defensive Anchor,33.2,27.0,6.2,93.8,1,0
Raffaele Maiello,1819,Frosinone,ITA-Serie A,MF,27.0,2043,Defensive Anchor,Box-to-Box Engine,34.5,30.0,4.5,95.5,0,3
Raman Chibsah,1819,Frosinone,ITA-Serie A,MF,25.0,2622,Defensive Anchor,Ball Progressor,36.9,25.8,11.1,88.9,0,1
Daniel Bessa,1819,Genoa,ITA-Serie A,MF,25.0,2441,Ball Progressor,Box-to-Box Engine,33.2,24.5,8.7,91.3,1,3
Esteban Rolón,1819,Genoa,ITA-Serie A,MF,23.0,1046,Defensive Anchor,Ball Progressor,35.9,24.7,11.2,88.8,0,1
Ivan Radovanović,1819,Genoa,ITA-Serie A,MF,29.0,1706,Defensive Anchor,Box-to-Box Engine,34.8,27.1,7.7,92.3,0,3
Ivan Radovanović,1819,Genoa,ITA-Serie A,MF,29.0,1278,Defensive Anchor,Box-to-Box Engine,34.8,27.1,7.7,92.3,0,3
Lukas Lerager,1819,Genoa,ITA-Serie A,MF,25.0,1298,Defensive Anchor,Ball Progressor,32.6,27.7,4.9,95.1,0,1
Lukas Lerager,1819,Genoa,ITA-Serie A,MF,25.0,1122,Defensive Anchor,Ball Progressor,32.6,27.7,4.9,95.1,0,1
Miguel Veloso,1819,Genoa,ITA-Serie A,MF,32.0,1257,Defensive Anchor,Ball Progressor,27.5,27.2,0.3,99.7,0,1
Oscar Hiljemark,1819,Genoa,ITA-Serie A,MF,26.0,1196,Ball Progressor,Defensive Anchor,33.6,28.9,4.7,95.3,1,0
Rômulo,1819,Genoa,ITA-Serie A,"MF,FW",31.0,1351,Ball Progressor,Box-to-Box Engine,32.8,24.6,8.2,91.8,1,3
Borja Valero,1819,Inter,ITA-Serie A,MF,33.0,1231,Box-to-Box Engine,Creative Playmaker,33.9,23.1,10.8,89.2,3,2
João Mário,1819,Inter,ITA-Serie A,"MF,FW",25.0,1082,Creative Playmaker,Box-to-Box Engine,29.7,26.8,2.9,97.1,2,3
Marcelo Brozović,1819,Inter,ITA-Serie A,MF,25.0,2650,Box-to-Box Engine,Defensive Anchor,35.4,22.9,12.5,87.5,3,0
Matías Vecino,1819,Inter,ITA-Serie A,MF,26.0,2015,Ball Progressor,Box-to-Box Engine,29.9,26.5,3.4,96.6,1,3
Radja Nainggolan,1819,Inter,ITA-Serie A,MF,30.0,1967,Creative Playmaker,Ball Progressor,34.7,27.6,7.1,92.9,2,1
Roberto Gagliardini,1819,Inter,ITA-Serie A,MF,24.0,1087,Box-to-Box Engine,Ball Progressor,28.0,25.8,2.2,97.8,3,1
Blaise Matuidi,1819,Juventus,ITA-Serie A,MF,31.0,2418,Defensive Anchor,Ball Progressor,30.3,28.8,1.5,98.5,0,1
Emre Can,1819,Juventus,ITA-Serie A,MF,24.0,1811,Defensive Anchor,Box-to-Box Engine,30.2,28.5,1.7,98.3,0,3
Federico Bernardeschi,1819,Juventus,ITA-Serie A,"MF,FW",24.0,1473,Creative Playmaker,Ball Progressor,37.4,26.3,11.1,88.9,2,1
Juan Cuadrado,1819,Juventus,ITA-Serie A,"MF,DF",30.0,1220,Creative Playmaker,Box-to-Box Engine,33.6,24.8,8.8,91.2,2,3
Miralem Pjanić,1819,Juventus,ITA-Serie A,MF,28.0,2280,Box-to-Box Engine,Creative Playmaker,33.4,22.9,10.5,89.5,3,2
Rodrigo Bentancur,1819,Juventus,ITA-Serie A,MF,21.0,2003,Box-to-Box Engine,Defensive Anchor,33.8,28.0,5.8,94.2,3,0
Alessandro Murgia,1819,Lazio,ITA-Serie A,MF,21.0,1072,Defensive Anchor,Ball Progressor,28.3,25.8,2.5,97.5,0,1
Lucas Leiva,1819,Lazio,ITA-Serie A,MF,31.0,1987,Box-to-Box Engine,Defensive Anchor,32.7,29.5,3.2,96.8,3,0
Luis Alberto,1819,Lazio,ITA-Serie A,"MF,FW",25.0,1990,Creative Playmaker,Box-to-Box Engine,35.9,24.6,11.3,88.7,2,3
Marco Parolo,1819,Lazio,ITA-Serie A,MF,33.0,2563,Ball Progressor,Defensive Anchor,32.5,27.1,5.4,94.6,1,0
Milan Badelj,1819,Lazio,ITA-Serie A,MF,29.0,1141,Box-to-Box Engine,Defensive Anchor,31.8,29.5,2.3,97.7,3,0
Sergej Milinković-Savić,1819,Lazio,ITA-Serie A,MF,23.0,2396,Creative Playmaker,Box-to-Box Engine,29.2,27.6,1.6,98.4,2,3
Franck Kessié,1819,Milan,ITA-Serie A,MF,21.0,3018,Ball Progressor,Box-to-Box Engine,29.5,27.6,1.9,98.1,1,3
Hakan Çalhanoğlu,1819,Milan,ITA-Serie A,"MF,FW",24.0,2884,Creative Playmaker,Box-to-Box Engine,35.4,24.6,10.8,89.2,2,3
Lucas Biglia,1819,Milan,ITA-Serie A,MF,32.0,1114,Defensive Anchor,Box-to-Box Engine,32.4,30.1,2.3,97.7,0,3
Tiemoué Bakayoko,1819,Milan,ITA-Serie A,MF,23.0,2301,Box-to-Box Engine,Defensive Anchor,33.9,30.4,3.5,96.5,3,0
Allan,1819,Napoli,ITA-Serie A,MF,27.0,2616,Box-to-Box Engine,Defensive Anchor,35.6,24.7,10.9,89.1,3,0
Fabián Ruiz Peña,1819,Napoli,ITA-Serie A,MF,22.0,1992,Creative Playmaker,Box-to-Box Engine,30.7,28.7,2.0,98.0,2,3
José Callejón,1819,Napoli,ITA-Serie A,"MF,FW",31.0,2650,Creative Playmaker,Ball Progressor,38.5,24.7,13.8,86.2,2,1
Marek Hamšík,1819,Napoli,ITA-Serie A,MF,31.0,916,Box-to-Box Engine,Defensive Anchor,33.5,23.7,9.8,90.2,3,0
Piotr Zieliński,1819,Napoli,ITA-Serie A,MF,24.0,2875,Creative Playmaker,Box-to-Box Engine,32.1,26.2,5.9,94.1,2,3
Antonino Barillà,1819,Parma,ITA-Serie A,MF,30.0,2618,Defensive Anchor,Ball Progressor,35.1,29.3,5.8,94.2,0,1
Juraj Kucka,1819,Parma,ITA-Serie A,MF,31.0,1535,Defensive Anchor,Ball Progressor,32.1,28.7,3.4,96.6,0,1
Leo Štulac,1819,Parma,ITA-Serie A,MF,23.0,1452,Defensive Anchor,Box-to-Box Engine,33.5,25.8,7.7,92.3,0,3
Luca Rigoni,1819,Parma,ITA-Serie A,MF,33.0,1761,Defensive Anchor,Ball Progressor,35.6,28.2,7.4,92.6,0,1
Matteo Scozzarella,1819,Parma,ITA-Serie A,MF,30.0,1459,Defensive Anchor,Ball Progressor,32.6,26.1,6.5,93.5,0,1
Bryan Cristante,1819,Roma,ITA-Serie A,MF,23.0,2425,Box-to-Box Engine,Defensive Anchor,33.2,29.3,3.9,96.1,3,0
Daniele De Rossi,1819,Roma,ITA-Serie A,MF,35.0,1270,Box-to-Box Engine,Defensive Anchor,35.6,25.8,9.8,90.2,3,0
Kevin Strootman,1819,Roma,ITA-Serie A,MF,28.0,1942,Defensive Anchor,Ball Progressor,28.7,26.7,2.0,98.0,0,1
Lorenzo Pellegrini,1819,Roma,ITA-Serie A,MF,22.0,1821,Creative Playmaker,Ball Progressor,32.4,27.2,5.2,94.8,2,1
Nicolò Zaniolo,1819,Roma,ITA-Serie A,"MF,FW",19.0,1766,Ball Progressor,Creative Playmaker,38.6,21.7,16.9,83.1,1,2
Steven Nzonzi,1819,Roma,ITA-Serie A,MF,29.0,2617,Defensive Anchor,Box-to-Box Engine,39.0,26.5,12.5,87.5,0,3
Alessandro Murgia,1819,SPAL,ITA-Serie A,MF,21.0,1072,Defensive Anchor,Ball Progressor,29.1,27.9,1.2,98.8,0,1
Jasmin Kurtić,1819,SPAL,ITA-Serie A,MF,29.0,2557,Ball Progressor,Box-to-Box Engine,32.1,23.9,8.2,91.8,1,3
Mattia Valoti,1819,SPAL,ITA-Serie A,MF,24.0,1222,Ball Progressor,Defensive Anchor,30.3,29.1,1.2,98.8,1,0
Pasquale Schiattarella,1819,SPAL,ITA-Serie A,MF,31.0,1841,Box-to-Box Engine,Defensive Anchor,37.1,22.7,14.4,85.6,3,0
Simone Missiroli,1819,SPAL,ITA-Serie A,MF,32.0,2741,Defensive Anchor,Box-to-Box Engine,34.0,29.2,4.8,95.2,0,3
Albin Ekdal,1819,Sampdoria,ITA-Serie A,MF,29.0,2646,Defensive Anchor,Box-to-Box Engine,37.8,27.7,10.1,89.9,0,3
Dennis Praet,1819,Sampdoria,ITA-Serie A,MF,24.0,2890,Box-to-Box Engine,Ball Progressor,30.7,27.4,3.3,96.7,3,1
Gastón Ramírez,1819,Sampdoria,ITA-Serie A,MF,27.0,1578,Ball Progressor,Creative Playmaker,29.9,27.0,2.9,97.1,1,2
Jakub Jankto,1819,Sampdoria,ITA-Serie A,MF,22.0,963,Ball Progressor,Creative Playmaker,30.0,24.4,5.6,94.4,1,2
Karol Linetty,1819,Sampdoria,ITA-Serie A,MF,23.0,2507,Ball Progressor,Box-to-Box Engine,31.0,27.0,4.0,96.0,1,3
Riccardo Saponara,1819,Sampdoria,ITA-Serie A,MF,26.0,905,Creative Playmaker,Ball Progressor,42.5,22.2,20.3,79.7,2,1
Alfred Duncan,1819,Sassuolo,ITA-Serie A,MF,25.0,1848,Ball Progressor,Box-to-Box Engine,33.2,25.3,7.9,92.1,1,3
Francesco Magnanelli,1819,Sassuolo,ITA-Serie A,MF,33.0,1859,Defensive Anchor,Box-to-Box Engine,39.2,26.4,12.8,87.2,0,3
Manuel Locatelli,1819,Sassuolo,ITA-Serie A,MF,20.0,1847,Box-to-Box Engine,Ball Progressor,34.7,23.8,10.9,89.1,3,1
Mehdi Bourabia,1819,Sassuolo,ITA-Serie A,MF,26.0,2010,Defensive Anchor,Box-to-Box Engine,37.8,24.9,12.9,87.1,0,3
Stefano Sensi,1819,Sassuolo,ITA-Serie A,MF,22.0,1972,Box-to-Box Engine,Ball Progressor,32.8,23.5,9.3,90.7,3,1
Daniele Baselli,1819,Torino,ITA-Serie A,MF,26.0,2379,Box-to-Box Engine,Ball Progressor,33.4,24.9,8.5,91.5,3,1
Roberto Soriano,1819,Torino,ITA-Serie A,MF,27.0,1489,Ball Progressor,Creative Playmaker,27.7,25.5,2.2,97.8,1,2
Saša Lukić,1819,Torino,ITA-Serie A,MF,21.0,989,Ball Progressor,Box-to-Box Engine,32.9,24.7,8.2,91.8,1,3
Soualiho Meïté,1819,Torino,ITA-Serie A,MF,24.0,2659,Defensive Anchor,Box-to-Box Engine,29.2,28.9,0.3,99.7,0,3
Tomás Rincón,1819,Torino,ITA-Serie A,MF,30.0,2799,Defensive Anchor,Box-to-Box Engine,36.2,28.2,8.0,92.0,0,3
Álex Berenguer,1819,Torino,ITA-Serie A,"MF,DF",23.0,1486,Creative Playmaker,Ball Progressor,34.4,27.3,7.1,92.9,2,1
Rodrigo De Paul,1819,Udinese,ITA-Serie A,"MF,FW",24.0,3189,Creative Playmaker,Box-to-Box Engine,35.0,24.2,10.8,89.2,2,3
Rolando Mandragora,1819,Udinese,ITA-Serie A,MF,21.0,2918,Defensive Anchor,Ball Progressor,36.6,26.6,10.0,90.0,0,1
Seko Fofana,1819,Udinese,ITA-Serie A,MF,23.0,2639,Ball Progressor,Box-to-Box Engine,31.1,24.4,6.7,93.3,1,3
Valon Behrami,1819,Udinese,ITA-Serie A,MF,33.0,1361,Defensive Anchor,Ball Progressor,36.5,24.2,12.3,87.7,0,1
Mario Pašalić,1920,Atalanta,ITA-Serie A,MF,24.0,2417,Ball Progressor,Box-to-Box Engine,27.7,26.4,1.3,98.7,1,3
Marten de Roon,1920,Atalanta,ITA-Serie A,"MF,DF",28.0,2721,Box-to-Box Engine,Defensive Anchor,37.0,28.3,8.7,91.3,3,0
Papu Gómez,1920,Atalanta,ITA-Serie A,"MF,FW",31.0,2842,Creative Playmaker,Box-to-Box Engine,36.2,23.2,13.0,87.0,2,3
Remo Freuler,1920,Atalanta,ITA-Serie A,MF,27.0,2337,Box-to-Box Engine,Defensive Anchor,38.0,22.7,15.3,84.7,3,0
Ruslan Malinovskyi,1920,Atalanta,ITA-Serie A,"MF,FW",26.0,1535,Creative Playmaker,Box-to-Box Engine,39.7,21.9,17.8,82.2,2,3
Andrea Poli,1920,Bologna,ITA-Serie A,MF,29.0,1919,Defensive Anchor,Box-to-Box Engine,35.6,27.1,8.5,91.5,0,3
Gary Medel,1920,Bologna,ITA-Serie A,MF,31.0,1784,Defensive Anchor,Box-to-Box Engine,40.7,25.9,14.8,85.2,0,3
Jerdy Schouten,1920,Bologna,ITA-Serie A,MF,22.0,1082,Defensive Anchor,Box-to-Box Engine,39.7,24.7,15.0,85.0,0,3
Mattias Svanberg,1920,Bologna,ITA-Serie A,MF,20.0,1051,Ball Progressor,Defensive Anchor,35.1,23.9,11.2,88.8,1,0
Roberto Soriano,1920,Bologna,ITA-Serie A,MF,28.0,2469,Creative Playmaker,Ball Progressor,33.3,26.6,6.7,93.3,2,1
Daniele Dessena,1920,Brescia,ITA-Serie A,MF,32.0,1869,Defensive Anchor,Ball Progressor,31.2,29.4,1.8,98.2,0,1
Dimitri Bisoli,1920,Brescia,ITA-Serie A,MF,25.0,2152,Ball Progressor,Defensive Anchor,29.5,29.5,0.0,100.0,1,0
Jaromír Zmrhal,1920,Brescia,ITA-Serie A,MF,25.0,1125,Ball Progressor,Defensive Anchor,32.3,24.5,7.8,92.2,1,0
Nikolas Špalek,1920,Brescia,ITA-Serie A,"MF,FW",22.0,1579,Ball Progressor,Defensive Anchor,34.4,23.6,10.8,89.2,1,0
Rômulo,1920,Brescia,ITA-Serie A,MF,32.0,1723,Ball Progressor,Defensive Anchor,37.3,24.1,13.2,86.8,1,0
Sandro Tonali,1920,Brescia,ITA-Serie A,MF,19.0,3014,Box-to-Box Engine,Defensive Anchor,30.9,24.8,6.1,93.9,3,0
Artur Ioniță,1920,Cagliari,ITA-Serie A,MF,28.0,1897,Defensive Anchor,Ball Progressor,35.3,27.0,8.3,91.7,0,1
Luca Cigarini,1920,Cagliari,ITA-Serie A,MF,33.0,1598,Box-to-Box Engine,Defensive Anchor,33.9,23.9,10.0,90.0,3,0
Marko Rog,1920,Cagliari,ITA-Serie A,MF,24.0,2317,Box-to-Box Engine,Defensive Anchor,29.9,27.0,2.9,97.1,3,0
Nahitan Nández,1920,Cagliari,ITA-Serie A,"MF,DF",23.0,2898,Ball Progressor,Box-to-Box Engine,36.4,22.3,14.1,85.9,1,3
Radja Nainggolan,1920,Cagliari,ITA-Serie A,MF,31.0,2071,Creative Playmaker,Ball Progressor,34.6,24.5,10.1,89.9,2,1
Erick Pulgar,1920,Fiorentina,ITA-Serie A,MF,25.0,2950,Box-to-Box Engine,Ball Progressor,28.9,25.3,3.6,96.4,3,1
Gaetano Castrovilli,1920,Fiorentina,ITA-Serie A,MF,22.0,2673,Ball Progressor,Box-to-Box Engine,27.9,26.2,1.7,98.3,1,3
Marco Benassi,1920,Fiorentina,ITA-Serie A,MF,24.0,980,Ball Progressor,Defensive Anchor,40.3,21.3,19.0,81.0,1,0
Milan Badelj,1920,Fiorentina,ITA-Serie A,MF,30.0,1585,Defensive Anchor,Box-to-Box Engine,32.9,28.3,4.6,95.4,0,3
Francesco Cassata,1920,Genoa,ITA-Serie A,MF,22.0,1458,Ball Progressor,Defensive Anchor,31.3,27.7,3.6,96.4,1,0
Ivan Radovanović,1920,Genoa,ITA-Serie A,MF,30.0,1318,Defensive Anchor,Box-to-Box Engine,33.7,28.8,4.9,95.1,0,3
Lasse Schöne,1920,Genoa,ITA-Serie A,MF,33.0,2427,Box-to-Box Engine,Defensive Anchor,33.4,26.3,7.1,92.9,3,0
Lukas Lerager,1920,Genoa,ITA-Serie A,MF,26.0,1387,Ball Progressor,Defensive Anchor,31.2,29.7,1.5,98.5,1,0
Riccardo Saponara,1920,Genoa,ITA-Serie A,"MF,FW",27.0,947,Ball Progressor,Box-to-Box Engine,26.6,26.3,0.3,99.7,1,3
Stefano Sturaro,1920,Genoa,ITA-Serie A,MF,26.0,1252,Defensive Anchor,Ball Progressor,33.8,29.1,4.7,95.3,0,1
Valon Behrami,1920,Genoa,ITA-Serie A,MF,34.0,1107,Defensive Anchor,Ball Progressor,38.2,23.4,14.8,85.2,0,1
Matteo Pessina,1920,Hellas Verona,ITA-Serie A,MF,22.0,2489,Ball Progressor,Box-to-Box Engine,32.6,24.8,7.8,92.2,1,3
Mattia Zaccagni,1920,Hellas Verona,ITA-Serie A,"MF,FW",24.0,2114,Creative Playmaker,Ball Progressor,30.5,29.7,0.8,99.2,2,1
Miguel Veloso,1920,Hellas Verona,ITA-Serie A,MF,33.0,2811,Box-to-Box Engine,Defensive Anchor,36.9,23.4,13.5,86.5,3,0
Sofyan Amrabat,1920,Hellas Verona,ITA-Serie A,MF,22.0,2919,Box-to-Box Engine,Defensive Anchor,33.8,25.3,8.5,91.5,3,0
Valerio Verre,1920,Hellas Verona,ITA-Serie A,"MF,FW",25.0,1774,Ball Progressor,Creative Playmaker,32.6,28.4,4.2,95.8,1,2
Borja Valero,1920,Inter,ITA-Serie A,MF,34.0,931,Box-to-Box Engine,Ball Progressor,29.6,28.9,0.7,99.3,3,1
Christian Eriksen,1920,Inter,ITA-Serie A,MF,27.0,1097,Creative Playmaker,Ball Progressor,34.8,23.7,11.1,88.9,2,1
Marcelo Brozović,1920,Inter,ITA-Serie A,MF,26.0,2701,Box-to-Box Engine,Defensive Anchor,39.6,22.1,17.5,82.5,3,0
Matías Vecino,1920,Inter,ITA-Serie A,MF,27.0,1282,Ball Progressor,Defensive Anchor,34.1,24.4,9.7,90.3,1,0
Nicolò Barella,1920,Inter,ITA-Serie A,MF,22.0,2013,Box-to-Box Engine,Ball Progressor,34.0,24.8,9.2,90.8,3,1
Roberto Gagliardini,1920,Inter,ITA-Serie A,MF,25.0,1797,Ball Progressor,Box-to-Box Engine,27.4,27.3,0.1,99.9,1,3
Aaron Ramsey,1920,Juventus,ITA-Serie A,MF,28.0,1051,Ball Progressor,Box-to-Box Engine,28.0,25.7,2.3,97.7,1,3
Adrien Rabiot,1920,Juventus,ITA-Serie A,MF,24.0,1912,Defensive Anchor,Box-to-Box Engine,30.6,28.0,2.6,97.4,0,3
Blaise Matuidi,1920,Juventus,ITA-Serie A,MF,32.0,2237,Ball Progressor,Defensive Anchor,31.0,30.4,0.6,99.4,1,0
Emre Can,1920,Juventus,ITA-Serie A,MF,25.0,955,Ball Progressor,Defensive Anchor,26.2,26.1,0.1,99.9,1,0
Federico Bernardeschi,1920,Juventus,ITA-Serie A,"MF,FW",25.0,1571,Ball Progressor,Creative Playmaker,30.6,27.8,2.8,97.2,1,2
Miralem Pjanić,1920,Juventus,ITA-Serie A,MF,29.0,2277,Box-to-Box Engine,Defensive Anchor,36.4,23.4,13.0,87.0,3,0
Rodrigo Bentancur,1920,Juventus,ITA-Serie A,MF,22.0,2196,Box-to-Box Engine,Defensive Anchor,33.4,26.6,6.8,93.2,3,0
Lucas Leiva,1920,Lazio,ITA-Serie A,MF,32.0,1808,Defensive Anchor,Box-to-Box Engine,36.1,28.4,7.7,92.3,0,3
Luis Alberto,1920,Lazio,ITA-Serie A,MF,26.0,3113,Creative Playmaker,Box-to-Box Engine,34.1,25.0,9.1,90.9,2,3
Marco Parolo,1920,Lazio,ITA-Serie A,MF,34.0,1700,Defensive Anchor,Ball Progressor,38.7,23.3,15.4,84.6,0,1
Sergej Milinković-Savić,1920,Lazio,ITA-Serie A,MF,24.0,3029,Box-to-Box Engine,Ball Progressor,29.3,26.0,3.3,96.7,3,1
Valon Berisha,1920,Lazio,ITA-Serie A,MF,26.0,941,Defensive Anchor,Ball Progressor,28.9,28.5,0.4,99.6,0,1
Andrea Tabanelli,1920,Lecce,ITA-Serie A,MF,29.0,964,Defensive Anchor,Ball Progressor,31.0,30.9,0.1,99.9,0,1
Antonín Barák,1920,Lecce,ITA-Serie A,MF,24.0,1369,Ball Progressor,Creative Playmaker,34.3,23.4,10.9,89.1,1,2
Jacopo Petriccione,1920,Lecce,ITA-Serie A,MF,24.0,2138,Box-to-Box Engine,Ball Progressor,31.1,25.3,5.8,94.2,3,1
Marco Mancosu,1920,Lecce,ITA-Serie A,"MF,FW",30.0,2440,Ball Progressor,Creative Playmaker,29.4,27.2,2.2,97.8,1,2
Panagiotis Tachtsidis,1920,Lecce,ITA-Serie A,MF,28.0,2003,Box-to-Box Engine,Defensive Anchor,35.8,28.1,7.7,92.3,3,0
Riccardo Saponara,1920,Lecce,ITA-Serie A,"MF,FW",27.0,947,Creative Playmaker,Ball Progressor,35.1,23.4,11.7,88.3,2,1
Yevhen Shakhov,1920,Lecce,ITA-Serie A,"MF,FW",28.0,1085,Ball Progressor,Defensive Anchor,31.6,27.2,4.4,95.6,1,0
Žan Majer,1920,Lecce,ITA-Serie A,MF,27.0,1664,Defensive Anchor,Ball Progressor,31.1,28.9,2.2,97.8,0,1
Franck Kessié,1920,Milan,ITA-Serie A,MF,22.0,2904,Defensive Anchor,Box-to-Box Engine,30.0,29.5,0.5,99.5,0,3
Giacomo Bonaventura,1920,Milan,ITA-Serie A,"MF,FW",29.0,1338,Creative Playmaker,Ball Progressor,34.7,25.7,9.0,91.0,2,1
Hakan Çalhanoğlu,1920,Milan,ITA-Serie A,"MF,FW",25.0,2704,Creative Playmaker,Ball Progressor,48.4,20.3,28.1,71.9,2,1
Ismaël Bennacer,1920,Milan,ITA-Serie A,MF,21.0,2485,Box-to-Box Engine,Defensive Anchor,35.7,27.3,8.4,91.6,3,0
Lucas Paquetá,1920,Milan,ITA-Serie A,"MF,FW",21.0,1103,Box-to-Box Engine,Ball Progressor,29.4,26.9,2.5,97.5,3,1
Allan,1920,Napoli,ITA-Serie A,MF,28.0,1280,Box-to-Box Engine,Defensive Anchor,33.1,27.0,6.1,93.9,3,0
Diego Demme,1920,Napoli,ITA-Serie A,MF,27.0,1211,Box-to-Box Engine,Defensive Anchor,32.5,25.5,7.0,93.0,3,0
Diego Demme,1920,Napoli,ITA-Serie A,MF,27.0,902,Box-to-Box Engine,Defensive Anchor,32.5,25.5,7.0,93.0,3,0
Elif Elmas,1920,Napoli,ITA-Serie A,MF,19.0,1134,Ball Progressor,Box-to-Box Engine,29.2,25.1,4.1,95.9,1,3
Fabián Ruiz Peña,1920,Napoli,ITA-Serie A,MF,23.0,2684,Box-to-Box Engine,Creative Playmaker,34.0,25.3,8.7,91.3,3,2
Piotr Zieliński,1920,Napoli,ITA-Serie A,MF,25.0,2924,Creative Playmaker,Box-to-Box Engine,28.9,27.8,1.1,98.9,2,3
Stanislav Lobotka,1920,Napoli,ITA-Serie A,MF,24.0,1383,Box-to-Box Engine,Defensive Anchor,29.6,29.5,0.1,99.9,3,0
Antonino Barillà,1920,Parma,ITA-Serie A,MF,31.0,1688,Defensive Anchor,Ball Progressor,34.2,28.7,5.5,94.5,0,1
Gastón Brugman,1920,Parma,ITA-Serie A,MF,26.0,1458,Defensive Anchor,Box-to-Box Engine,36.2,26.7,9.5,90.5,0,3
Hernani,1920,Parma,ITA-Serie A,MF,25.0,2419,Defensive Anchor,Box-to-Box Engine,34.0,25.9,8.1,91.9,0,3
Jasmin Kurtić,1920,Parma,ITA-Serie A,"MF,FW",30.0,1664,Ball Progressor,Defensive Anchor,33.2,24.7,8.5,91.5,1,0
Jasmin Kurtić,1920,Parma,ITA-Serie A,"MF,FW",30.0,1409,Ball Progressor,Defensive Anchor,33.2,24.7,8.5,91.5,1,0
Juraj Kucka,1920,Parma,ITA-Serie A,"MF,FW",32.0,1932,Ball Progressor,Defensive Anchor,32.2,26.5,5.7,94.3,1,0
Matteo Scozzarella,1920,Parma,ITA-Serie A,MF,31.0,920,Defensive Anchor,Box-to-Box Engine,32.3,28.3,4.0,96.0,0,3
Amadou Diawara,1920,Roma,ITA-Serie A,MF,22.0,1518,Defensive Anchor,Box-to-Box Engine,30.9,30.2,0.7,99.3,0,3
Bryan Cristante,1920,Roma,ITA-Serie A,MF,24.0,1616,Box-to-Box Engine,Defensive Anchor,35.3,25.3,10.0,90.0,3,0
Henrikh Mkhitaryan,1920,Roma,ITA-Serie A,"MF,FW",30.0,1530,Creative Playmaker,Ball Progressor,33.2,26.8,6.4,93.6,2,1
Jordan Veretout,1920,Roma,ITA-Serie A,MF,26.0,2629,Box-to-Box Engine,Ball Progressor,30.6,26.1,4.5,95.5,3,1
Lorenzo Pellegrini,1920,Roma,ITA-Serie A,MF,23.0,2097,Creative Playmaker,Ball Progressor,38.4,22.7,15.7,84.3,2,1
Alessandro Murgia,1920,SPAL,ITA-Serie A,MF,22.0,1750,Defensive Anchor,Ball Progressor,30.3,28.4,1.9,98.1,0,1
Bryan Dabo,1920,SPAL,ITA-Serie A,MF,27.0,1122,Defensive Anchor,Ball Progressor,28.1,28.0,0.1,99.9,0,1
Jasmin Kurtić,1920,SPAL,ITA-Serie A,MF,30.0,1664,Ball Progressor,Creative Playmaker,29.6,27.3,2.3,97.7,1,2
Jasmin Kurtić,1920,SPAL,ITA-Serie A,MF,30.0,1409,Ball Progressor,Creative Playmaker,29.6,27.3,2.3,97.7,1,2
Mattia Valoti,1920,SPAL,ITA-Serie A,"MF,FW",25.0,1527,Ball Progressor,Defensive Anchor,29.2,26.4,2.8,97.2,1,0
Mirko Valdifiori,1920,SPAL,ITA-Serie A,MF,33.0,1400,Box-to-Box Engine,Defensive Anchor,29.4,25.7,3.7,96.3,3,0
Simone Missiroli,1920,SPAL,ITA-Serie A,MF,33.0,2798,Defensive Anchor,Box-to-Box Engine,39.8,24.6,15.2,84.8,0,3
Albin Ekdal,1920,Sampdoria,ITA-Serie A,MF,30.0,2385,Defensive Anchor,Box-to-Box Engine,35.1,29.6,5.5,94.5,0,3
Fabio Depaoli,1920,Sampdoria,ITA-Serie A,"MF,DF",22.0,1854,Ball Progressor,Defensive Anchor,35.9,22.8,13.1,86.9,1,0
Gastón Ramírez,1920,Sampdoria,ITA-Serie A,"MF,FW",28.0,1392,Creative Playmaker,Ball Progressor,33.7,25.3,8.4,91.6,2,1
Jakub Jankto,1920,Sampdoria,ITA-Serie A,"MF,FW",23.0,2095,Ball Progressor,Creative Playmaker,37.4,23.5,13.9,86.1,1,2
Karol Linetty,1920,Sampdoria,ITA-Serie A,MF,24.0,2019,Ball Progressor,Box-to-Box Engine,32.3,24.7,7.6,92.4,1,3
Morten Thorsby,1920,Sampdoria,ITA-Serie A,"MF,DF",23.0,1865,Defensive Anchor,Ball Progressor,34.6,25.5,9.1,90.9,0,1
Ronaldo Vieira,1920,Sampdoria,ITA-Serie A,MF,21.0,1819,Defensive Anchor,Box-to-Box Engine,30.9,28.3,2.6,97.4,0,3
Filip Đuričić,1920,Sassuolo,ITA-Serie A,"MF,FW",27.0,1633,Creative Playmaker,Ball Progressor,35.7,27.5,8.2,91.8,2,1
Francesco Magnanelli,1920,Sassuolo,ITA-Serie A,MF,34.0,1397,Defensive Anchor,Box-to-Box Engine,32.3,30.5,1.8,98.2,0,3
Hamed Junior Traorè,1920,Sassuolo,ITA-Serie A,"MF,FW",19.0,1570,Creative Playmaker,Ball Progressor,36.5,27.4,9.1,90.9,2,1
Manuel Locatelli,1920,Sassuolo,ITA-Serie A,MF,21.0,2586,Box-to-Box Engine,Defensive Anchor,40.2,21.5,18.7,81.3,3,0
Mehdi Bourabia,1920,Sassuolo,ITA-Serie A,MF,27.0,925,Box-to-Box Engine,Defensive Anchor,32.9,26.6,6.3,93.7,3,0
Pedro Obiang,1920,Sassuolo,ITA-Serie A,MF,27.0,1674,Defensive Anchor,Box-to-Box Engine,37.2,26.9,10.3,89.7,0,3
Daniele Baselli,1920,Torino,ITA-Serie A,MF,27.0,1278,Defensive Anchor,Box-to-Box Engine,31.2,31.1,0.1,99.9,0,3
Saša Lukić,1920,Torino,ITA-Serie A,MF,22.0,1861,Defensive Anchor,Ball Progressor,31.2,27.7,3.5,96.5,0,1
Simone Verdi,1920,Torino,ITA-Serie A,"MF,FW",27.0,2073,Creative Playmaker,Ball Progressor,31.4,29.1,2.3,97.7,2,1
Soualiho Meïté,1920,Torino,ITA-Serie A,MF,25.0,2201,Defensive Anchor,Box-to-Box Engine,31.6,26.8,4.8,95.2,0,3
Tomás Rincón,1920,Torino,ITA-Serie A,MF,31.0,2702,Defensive Anchor,Box-to-Box Engine,34.5,26.6,7.9,92.1,0,3
Álex Berenguer,1920,Torino,ITA-Serie A,"MF,DF",24.0,1823,Creative Playmaker,Ball Progressor,36.9,26.2,10.7,89.3,2,1
Antonín Barák,1920,Udinese,ITA-Serie A,"MF,FW",24.0,1369,Box-to-Box Engine,Ball Progressor,27.1,26.4,0.7,99.3,3,1
Mato Jajalo,1920,Udinese,ITA-Serie A,MF,31.0,1649,Defensive Anchor,Box-to-Box Engine,35.9,29.0,6.9,93.1,0,3
Rodrigo De Paul,1920,Udinese,ITA-Serie A,MF,25.0,2822,Creative Playmaker,Box-to-Box Engine,34.7,24.6,10.1,89.9,2,3
Rolando Mandragora,1920,Udinese,ITA-Serie A,MF,22.0,2050,Defensive Anchor,Ball Progressor,31.4,28.8,2.6,97.4,0,1
Seko Fofana,1920,Udinese,ITA-Serie A,MF,24.0,2249,Ball Progressor,Creative Playmaker,30.5,26.0,4.5,95.5,1,2
Walace,1920,Udinese,ITA-Serie A,MF,24.0,1139,Defensive Anchor,Box-to-Box Engine,34.6,28.4,6.2,93.8,0,3
Josip Iličić,2021,Atalanta,ITA-Serie A,"MF,FW",32.0,1526,Creative Playmaker,Ball Progressor,36.9,23.3,13.6,86.4,2,1
Mario Pašalić,2021,Atalanta,ITA-Serie A,MF,25.0,1122,Creative Playmaker,Ball Progressor,33.0,25.5,7.5,92.5,2,1
Marten de Roon,2021,Atalanta,ITA-Serie A,MF,29.0,3021,Defensive Anchor,Box-to-Box Engine,32.9,32.3,0.6,99.4,0,3
Matteo Pessina,2021,Atalanta,ITA-Serie A,MF,23.0,1645,Ball Progressor,Box-to-Box Engine,28.4,26.8,1.6,98.4,1,3
Papu Gómez,2021,Atalanta,ITA-Serie A,"MF,FW",32.0,914,Creative Playmaker,Box-to-Box Engine,34.2,23.8,10.4,89.6,2,3
Remo Freuler,2021,Atalanta,ITA-Serie A,MF,28.0,2712,Box-to-Box Engine,Defensive Anchor,38.5,22.2,16.3,83.7,3,0
Ruslan Malinovskyi,2021,Atalanta,ITA-Serie A,"MF,FW",27.0,1876,Creative Playmaker,Ball Progressor,38.9,22.5,16.4,83.6,2,1
Artur Ioniță,2021,Benevento,ITA-Serie A,MF,29.0,2835,Defensive Anchor,Ball Progressor,34.0,28.4,5.6,94.4,0,1
Bryan Dabo,2021,Benevento,ITA-Serie A,MF,28.0,1117,Defensive Anchor,Box-to-Box Engine,30.3,26.5,3.8,96.2,0,3
Gianluca Caprari,2021,Benevento,ITA-Serie A,"MF,FW",27.0,1865,Ball Progressor,Creative Playmaker,31.4,29.6,1.8,98.2,1,2
Nicolas Viola,2021,Benevento,ITA-Serie A,MF,30.0,1036,Ball Progressor,Box-to-Box Engine,28.5,24.4,4.1,95.9,1,3
Pasquale Schiattarella,2021,Benevento,ITA-Serie A,MF,33.0,2247,Defensive Anchor,Box-to-Box Engine,32.5,30.0,2.5,97.5,0,3
Përparim Hetemaj,2021,Benevento,ITA-Serie A,MF,33.0,2212,Defensive Anchor,Ball Progressor,36.7,26.1,10.6,89.4,0,1
Roberto Insigne,2021,Benevento,ITA-Serie A,"MF,FW",26.0,1599,Creative Playmaker,Ball Progressor,32.3,30.2,2.1,97.9,2,1
Jerdy Schouten,2021,Bologna,ITA-Serie A,MF,23.0,2512,Defensive Anchor,Box-to-Box Engine,35.5,27.1,8.4,91.6,0,3
Mattias Svanberg,2021,Bologna,ITA-Serie A,MF,21.0,1852,Defensive Anchor,Ball Progressor,30.2,28.2,2.0,98.0,0,1
Nicolás Domínguez,2021,Bologna,ITA-Serie A,MF,22.0,1255,Box-to-Box Engine,Defensive Anchor,29.8,29.5,0.3,99.7,3,0
Roberto Soriano,2021,Bologna,ITA-Serie A,MF,29.0,3250,Ball Progressor,Creative Playmaker,34.4,24.9,9.5,90.5,1,2
Adam Ounas,2021,Cagliari,ITA-Serie A,"MF,FW",23.0,1199,Creative Playmaker,Ball Progressor,35.5,24.9,10.6,89.4,2,1
Alfred Duncan,2021,Cagliari,ITA-Serie A,MF,27.0,1068,Box-to-Box Engine,Defensive Anchor,30.2,29.7,0.5,99.5,3,0
Marko Rog,2021,Cagliari,ITA-Serie A,MF,25.0,1165,Defensive Anchor,Box-to-Box Engine,34.6,27.3,7.3,92.7,0,3
Nahitan Nández,2021,Cagliari,ITA-Serie A,"MF,DF",24.0,2737,Ball Progressor,Box-to-Box Engine,38.8,21.1,17.7,82.3,1,3
Radja Nainggolan,2021,Cagliari,ITA-Serie A,MF,32.0,1841,Ball Progressor,Box-to-Box Engine,30.5,26.6,3.9,96.1,1,3
Răzvan Marin,2021,Cagliari,ITA-Serie A,MF,24.0,2965,Ball Progressor,Box-to-Box Engine,29.2,28.3,0.9,99.1,1,3
Ahmad Benali,2021,Crotone,ITA-Serie A,MF,28.0,1214,Defensive Anchor,Box-to-Box Engine,28.5,27.9,0.6,99.4,0,3
Eduardo Henrique,2021,Crotone,ITA-Serie A,MF,25.0,924,Ball Progressor,Defensive Anchor,30.1,29.5,0.6,99.4,1,0
Jacopo Petriccione,2021,Crotone,ITA-Serie A,MF,25.0,958,Defensive Anchor,Ball Progressor,32.4,26.5,5.9,94.1,0,1
Junior Messias,2021,Crotone,ITA-Serie A,"MF,FW",29.0,3215,Ball Progressor,Creative Playmaker,30.4,28.0,2.4,97.6,1,2
Luca Cigarini,2021,Crotone,ITA-Serie A,MF,34.0,929,Box-to-Box Engine,Defensive Anchor,40.3,22.9,17.4,82.6,3,0
Miloš Vulić,2021,Crotone,ITA-Serie A,MF,23.0,1305,Ball Progressor,Defensive Anchor,32.5,27.2,5.3,94.7,1,0
Niccolò Zanellato,2021,Crotone,ITA-Serie A,MF,22.0,1637,Defensive Anchor,Ball Progressor,38.4,24.7,13.7,86.3,0,1
Salvatore Molina,2021,Crotone,ITA-Serie A,"MF,DF",28.0,2315,Defensive Anchor,Ball Progressor,30.3,29.4,0.9,99.1,0,1
Alfred Duncan,2021,Fiorentina,ITA-Serie A,MF,27.0,1068,Defensive Anchor,Box-to-Box Engine,33.6,26.2,7.4,92.6,0,3
Erick Pulgar,2021,Fiorentina,ITA-Serie A,MF,26.0,2002,Defensive Anchor,Box-to-Box Engine,39.0,25.3,13.7,86.3,0,3
Gaetano Castrovilli,2021,Fiorentina,ITA-Serie A,MF,23.0,2332,Ball Progressor,Creative Playmaker,36.2,21.4,14.8,85.2,1,2
Giacomo Bonaventura,2021,Fiorentina,ITA-Serie A,MF,30.0,2256,Ball Progressor,Defensive Anchor,31.8,26.5,5.3,94.7,1,0
Sofyan Amrabat,2021,Fiorentina,ITA-Serie A,MF,23.0,2441,Defensive Anchor,Box-to-Box Engine,36.7,26.0,10.7,89.3,0,3
Kevin Strootman,2021,Genoa,ITA-Serie A,MF,30.0,1314,Box-to-Box Engine,Defensive Anchor,30.3,29.9,0.4,99.6,3,0
Lukas Lerager,2021,Genoa,ITA-Serie A,MF,27.0,1159,Defensive Anchor,Ball Progressor,37.7,26.1,11.6,88.4,0,1
Miha Zajc,2021,Genoa,ITA-Serie A,MF,26.0,1863,Defensive Anchor,Box-to-Box Engine,29.2,27.5,1.7,98.3,0,3
Milan Badelj,2021,Genoa,ITA-Serie A,MF,31.0,2408,Defensive Anchor,Box-to-Box Engine,31.2,30.5,0.7,99.3,0,3
Nicolò Rovella,2021,Genoa,ITA-Serie A,MF,18.0,1187,Box-to-Box Engine,Defensive Anchor,31.5,31.0,0.5,99.5,3,0
Adrien Tameze,2021,Hellas Verona,ITA-Serie A,MF,26.0,2304,Defensive Anchor,Box-to-Box Engine,39.7,23.4,16.3,83.7,0,3
Antonín Barák,2021,Hellas Verona,ITA-Serie A,MF,25.0,2765,Ball Progressor,Defensive Anchor,31.3,24.8,6.5,93.5,1,0
Ivan Ilić,2021,Hellas Verona,ITA-Serie A,MF,19.0,1835,Box-to-Box Engine,Defensive Anchor,31.0,30.5,0.5,99.5,3,0
Mattia Zaccagni,2021,Hellas Verona,ITA-Serie A,MF,25.0,2609,Creative Playmaker,Ball Progressor,31.3,29.3,2.0,98.0,2,1
Miguel Veloso,2021,Hellas Verona,ITA-Serie A,MF,34.0,1316,Defensive Anchor,Box-to-Box Engine,31.2,30.2,1.0,99.0,0,3
Arturo Vidal,2021,Inter,ITA-Serie A,MF,33.0,1138,Box-to-Box Engine,Defensive Anchor,32.5,27.0,5.5,94.5,3,0
Christian Eriksen,2021,Inter,ITA-Serie A,MF,28.0,1385,Box-to-Box Engine,Ball Progressor,30.8,24.6,6.2,93.8,3,1
Marcelo Brozović,2021,Inter,ITA-Serie A,MF,27.0,2581,Box-to-Box Engine,Defensive Anchor,38.2,22.2,16.0,84.0,3,0
Nicolò Barella,2021,Inter,ITA-Serie A,MF,23.0,2896,Box-to-Box Engine,Creative Playmaker,31.4,26.2,5.2,94.8,3,2
Radja Nainggolan,2021,Inter,ITA-Serie A,MF,32.0,1841,Defensive Anchor,Ball Progressor,26.5,26.2,0.3,99.7,0,1
Roberto Gagliardini,2021,Inter,ITA-Serie A,MF,26.0,1232,Defensive Anchor,Ball Progressor,29.4,28.5,0.9,99.1,0,1
Aaron Ramsey,2021,Juventus,ITA-Serie A,MF,29.0,1089,Creative Playmaker,Ball Progressor,39.5,23.1,16.4,83.6,2,1
Adrien Rabiot,2021,Juventus,ITA-Serie A,MF,25.0,2313,Box-to-Box Engine,Defensive Anchor,30.5,28.8,1.7,98.3,3,0
Arthur Melo,2021,Juventus,ITA-Serie A,MF,23.0,1157,Box-to-Box Engine,Defensive Anchor,31.8,27.9,3.9,96.1,3,0
Dejan Kulusevski,2021,Juventus,ITA-Serie A,"MF,FW",20.0,1923,Creative Playmaker,Ball Progressor,37.0,26.3,10.7,89.3,2,1
Federico Bernardeschi,2021,Juventus,ITA-Serie A,"MF,DF",26.0,972,Creative Playmaker,Ball Progressor,31.8,26.1,5.7,94.3,2,1
Federico Chiesa,2021,Juventus,ITA-Serie A,"MF,DF",22.0,2210,Creative Playmaker,Ball Progressor,37.4,27.0,10.4,89.6,2,1
Rodrigo Bentancur,2021,Juventus,ITA-Serie A,MF,23.0,2324,Box-to-Box Engine,Defensive Anchor,36.0,28.5,7.5,92.5,3,0
Weston McKennie,2021,Juventus,ITA-Serie A,MF,21.0,1702,Ball Progressor,Box-to-Box Engine,30.7,23.9,6.8,93.2,1,3
Jean-Daniel Akpa-Akpro,2021,Lazio,ITA-Serie A,MF,27.0,1056,Defensive Anchor,Ball Progressor,36.6,24.8,11.8,88.2,0,1
Lucas Leiva,2021,Lazio,ITA-Serie A,MF,33.0,2131,Defensive Anchor,Box-to-Box Engine,34.7,29.2,5.5,94.5,0,3
Luis Alberto,2021,Lazio,ITA-Serie A,MF,27.0,2618,Creative Playmaker,Box-to-Box Engine,32.6,26.1,6.5,93.5,2,3
Sergej Milinković-Savić,2021,Lazio,ITA-Serie A,MF,25.0,2746,Box-to-Box Engine,Creative Playmaker,29.7,25.7,4.0,96.0,3,2
Brahim Díaz,2021,Milan,ITA-Serie A,"MF,FW",20.0,1228,Ball Progressor,Creative Playmaker,30.9,29.9,1.0,99.0,1,2
Franck Kessié,2021,Milan,ITA-Serie A,MF,23.0,3226,Box-to-Box Engine,Defensive Anchor,27.8,26.0,1.8,98.2,3,0
Hakan Çalhanoğlu,2021,Milan,ITA-Serie A,"MF,FW",26.0,2614,Creative Playmaker,Ball Progressor,40.9,22.3,18.6,81.4,2,1
Ismaël Bennacer,2021,Milan,ITA-Serie A,MF,22.0,1326,Box-to-Box Engine,Defensive Anchor,32.6,28.7,3.9,96.1,3,0
Sandro Tonali,2021,Milan,ITA-Serie A,MF,20.0,1330,Defensive Anchor,Box-to-Box Engine,31.9,30.2,1.7,98.3,0,3
Soualiho Meïté,2021,Milan,ITA-Serie A,MF,26.0,920,Defensive Anchor,Box-to-Box Engine,33.7,29.3,4.4,95.6,0,3
Diego Demme,2021,Napoli,ITA-Serie A,MF,28.0,1590,Box-to-Box Engine,Defensive Anchor,31.3,27.1,4.2,95.8,3,0
Fabián Ruiz Peña,2021,Napoli,ITA-Serie A,MF,24.0,2569,Box-to-Box Engine,Defensive Anchor,38.3,21.1,17.2,82.8,3,0
Piotr Zieliński,2021,Napoli,ITA-Serie A,MF,26.0,2523,Creative Playmaker,Ball Progressor,34.1,26.8,7.3,92.7,2,1
Tiemoué Bakayoko,2021,Napoli,ITA-Serie A,MF,25.0,1964,Defensive Anchor,Box-to-Box Engine,39.2,25.7,13.5,86.5,0,3
Alberto Grassi,2021,Parma,ITA-Serie A,"MF,DF",25.0,1177,Defensive Anchor,Ball Progressor,39.6,23.8,15.8,84.2,0,1
Gastón Brugman,2021,Parma,ITA-Serie A,MF,27.0,1616,Box-to-Box Engine,Defensive Anchor,32.6,28.2,4.4,95.6,3,0
Hernani,2021,Parma,ITA-Serie A,MF,26.0,2189,Ball Progressor,Box-to-Box Engine,29.5,26.0,3.5,96.5,1,3
Jasmin Kurtić,2021,Parma,ITA-Serie A,MF,31.0,2739,Defensive Anchor,Ball Progressor,29.9,27.6,2.3,97.7,0,1
Juraj Kucka,2021,Parma,ITA-Serie A,"MF,FW",33.0,2334,Ball Progressor,Defensive Anchor,32.3,26.7,5.6,94.4,1,0
Gonzalo Villar,2021,Roma,ITA-Serie A,MF,22.0,1859,Box-to-Box Engine,Defensive Anchor,31.8,31.2,0.6,99.4,3,0
Henrikh Mkhitaryan,2021,Roma,ITA-Serie A,"MF,FW",31.0,2745,Creative Playmaker,Ball Progressor,36.6,26.0,10.6,89.4,2,1
Jordan Veretout,2021,Roma,ITA-Serie A,MF,27.0,2053,Ball Progressor,Creative Playmaker,27.9,25.7,2.2,97.8,1,2
Lorenzo Pellegrini,2021,Roma,ITA-Serie A,MF,24.0,2598,Creative Playmaker,Ball Progressor,35.3,25.2,10.1,89.9,2,1
Pedro,2021,Roma,ITA-Serie A,"MF,FW",33.0,1591,Creative Playmaker,Ball Progressor,33.6,29.9,3.7,96.3,2,1
Adrien Silva,2021,Sampdoria,ITA-Serie A,MF,31.0,1599,Defensive Anchor,Box-to-Box Engine,38.9,26.4,12.5,87.5,0,3
Albin Ekdal,2021,Sampdoria,ITA-Serie A,MF,31.0,2299,Defensive Anchor,Box-to-Box Engine,41.6,23.4,18.2,81.8,0,3
Antonio Candreva,2021,Sampdoria,ITA-Serie A,MF,33.0,2505,Creative Playmaker,Ball Progressor,42.3,21.6,20.7,79.3,2,1
Fabio Depaoli,2021,Sampdoria,ITA-Serie A,MF,23.0,1120,Ball Progressor,Defensive Anchor,29.2,24.8,4.4,95.6,1,0
Jakub Jankto,2021,Sampdoria,ITA-Serie A,MF,24.0,2409,Ball Progressor,Creative Playmaker,38.3,22.6,15.7,84.3,1,2
Mikkel Damsgaard,2021,Sampdoria,ITA-Serie A,"MF,FW",20.0,1773,Ball Progressor,Box-to-Box Engine,31.2,24.2,7.0,93.0,1,3
Morten Thorsby,2021,Sampdoria,ITA-Serie A,MF,24.0,2648,Defensive Anchor,Ball Progressor,38.6,24.9,13.7,86.3,0,1
Filip Đuričić,2021,Sassuolo,ITA-Serie A,"MF,FW",28.0,2079,Creative Playmaker,Ball Progressor,42.1,24.9,17.2,82.8,2,1
Grégoire Defrel,2021,Sassuolo,ITA-Serie A,"MF,FW",29.0,1336,Ball Progressor,Creative Playmaker,36.6,21.9,14.7,85.3,1,2
Hamed Junior Traorè,2021,Sassuolo,ITA-Serie A,"MF,FW",20.0,1789,Ball Progressor,Creative Playmaker,33.1,27.5,5.6,94.4,1,2
Manuel Locatelli,2021,Sassuolo,ITA-Serie A,MF,22.0,2883,Box-to-Box Engine,Defensive Anchor,38.8,22.1,16.7,83.3,3,0
Maxime Lopez,2021,Sassuolo,ITA-Serie A,MF,22.0,1864,Box-to-Box Engine,Ball Progressor,31.0,24.6,6.4,93.6,3,1
Pedro Obiang,2021,Sassuolo,ITA-Serie A,MF,28.0,1469,Defensive Anchor,Box-to-Box Engine,37.4,24.8,12.6,87.4,0,3
Giulio Maggiore,2021,Spezia,ITA-Serie A,MF,22.0,2214,Ball Progressor,Defensive Anchor,32.1,31.0,1.1,98.9,1,0
Matteo Ricci,2021,Spezia,ITA-Serie A,MF,26.0,2229,Box-to-Box Engine,Defensive Anchor,34.3,30.1,4.2,95.8,3,0
Nahuel Estévez,2021,Spezia,ITA-Serie A,MF,24.0,1768,Ball Progressor,Box-to-Box Engine,30.9,25.9,5.0,95.0,1,3
Tommaso Pobega,2021,Spezia,ITA-Serie A,MF,21.0,1229,Ball Progressor,Defensive Anchor,31.1,26.9,4.2,95.8,1,0
Karol Linetty,2021,Torino,ITA-Serie A,MF,25.0,1832,Defensive Anchor,Ball Progressor,34.3,29.5,4.8,95.2,0,1
Rolando Mandragora,2021,Torino,ITA-Serie A,MF,23.0,1525,Defensive Anchor,Ball Progressor,32.2,28.3,3.9,96.1,0,1
Saša Lukić,2021,Torino,ITA-Serie A,MF,23.0,2106,Ball Progressor,Defensive Anchor,37.0,24.6,12.4,87.6,1,0
Simone Verdi,2021,Torino,ITA-Serie A,"MF,FW",28.0,1620,Creative Playmaker,Ball Progressor,34.7,26.3,8.4,91.6,2,1
Soualiho Meïté,2021,Torino,ITA-Serie A,MF,26.0,920,Defensive Anchor,Ball Progressor,33.2,27.7,5.5,94.5,0,1
Tomás Rincón,2021,Torino,ITA-Serie A,MF,32.0,2846,Defensive Anchor,Ball Progressor,43.9,21.7,22.2,77.8,0,1
Álex Berenguer,2021,Torino,ITA-Serie A,MF,25.0,2278,Ball Progressor,Defensive Anchor,27.6,24.9,2.7,97.3,1,0
Roberto Pereyra,2021,Udinese,ITA-Serie A,"MF,FW",29.0,2925,Ball Progressor,Creative Playmaker,36.4,24.4,12.0,88.0,1,2
Rodrigo De Paul,2021,Udinese,ITA-Serie A,MF,26.0,3201,Creative Playmaker,Box-to-Box Engine,36.0,24.6,11.4,88.6,2,3
Rolando Mandragora,2021,Udinese,ITA-Serie A,MF,23.0,1525,Defensive Anchor,Ball Progressor,29.7,27.7,2.0,98.0,0,1
Tolgay Arslan,2021,Udinese,ITA-Serie A,MF,29.0,1818,Defensive Anchor,Box-to-Box Engine,34.9,26.7,8.2,91.8,0,3
Walace,2021,Udinese,ITA-Serie A,MF,25.0,2055,Defensive Anchor,Box-to-Box Engine,42.1,24.2,17.9,82.1,0,3
Mario Pašalić,2122,Atalanta,ITA-Serie A,"MF,FW",26.0,2002,Creative Playmaker,Ball Progressor,31.0,27.5,3.5,96.5,2,1
Marten de Roon,2122,Atalanta,ITA-Serie A,"MF,DF",30.0,2548,Defensive Anchor,Box-to-Box Engine,37.7,27.8,9.9,90.1,0,3
Matteo Pessina,2122,Atalanta,ITA-Serie A,"MF,FW",24.0,1438,Box-to-Box Engine,Ball Progressor,29.7,26.9,2.8,97.2,3,1
Remo Freuler,2122,Atalanta,ITA-Serie A,MF,29.0,2369,Box-to-Box Engine,Defensive Anchor,38.2,24.4,13.8,86.2,3,0
Ruslan Malinovskyi,2122,Atalanta,ITA-Serie A,"MF,FW",28.0,1592,Creative Playmaker,Ball Progressor,38.4,22.8,15.6,84.4,2,1
Teun Koopmeiners,2122,Atalanta,ITA-Serie A,MF,23.0,2126,Box-to-Box Engine,Ball Progressor,32.4,23.9,8.5,91.5,3,1
Jerdy Schouten,2122,Bologna,ITA-Serie A,MF,24.0,1392,Defensive Anchor,Box-to-Box Engine,36.0,27.3,8.7,91.3,0,3
Mattias Svanberg,2122,Bologna,ITA-Serie A,MF,22.0,2564,Ball Progressor,Defensive Anchor,32.9,28.8,4.1,95.9,1,0
Nicolás Domínguez,2122,Bologna,ITA-Serie A,MF,23.0,2015,Defensive Anchor,Box-to-Box Engine,31.5,29.3,2.2,97.8,0,3
Roberto Soriano,2122,Bologna,ITA-Serie A,MF,30.0,2622,Ball Progressor,Box-to-Box Engine,33.7,24.2,9.5,90.5,1,3
Alberto Grassi,2122,Cagliari,ITA-Serie A,MF,26.0,2174,Defensive Anchor,Box-to-Box Engine,38.5,24.3,14.2,85.8,0,3
Alessandro Deiola,2122,Cagliari,ITA-Serie A,MF,25.0,2129,Defensive Anchor,Ball Progressor,37.5,26.9,10.6,89.4,0,1
Nahitan Nández,2122,Cagliari,ITA-Serie A,"MF,DF",25.0,1523,Ball Progressor,Creative Playmaker,31.5,24.2,7.3,92.7,1,2
Răzvan Marin,2122,Cagliari,ITA-Serie A,MF,25.0,2816,Ball Progressor,Box-to-Box Engine,29.8,25.7,4.1,95.9,1,3
Filippo Bandinelli,2122,Empoli,ITA-Serie A,MF,26.0,1955,Ball Progressor,Creative Playmaker,34.9,23.2,11.7,88.3,1,2
Kristjan Asllani,2122,Empoli,ITA-Serie A,MF,19.0,1353,Defensive Anchor,Box-to-Box Engine,36.7,25.7,11.0,89.0,0,3
Liam Henderson,2122,Empoli,ITA-Serie A,MF,25.0,2020,Ball Progressor,Creative Playmaker,33.1,25.2,7.9,92.1,1,2
Nedim Bajrami,2122,Empoli,ITA-Serie A,"MF,FW",22.0,2054,Creative Playmaker,Ball Progressor,38.7,25.6,13.1,86.9,2,1
Nicolas Haas,2122,Empoli,ITA-Serie A,MF,25.0,1001,Defensive Anchor,Ball Progressor,27.8,27.8,0.0,100.0,0,1
Samuele Ricci,2122,Empoli,ITA-Serie A,MF,19.0,1530,Defensive Anchor,Box-to-Box Engine,35.0,29.3,5.7,94.3,0,3
Szymon Żurkowski,2122,Empoli,ITA-Serie A,MF,23.0,2307,Ball Progressor,Defensive Anchor,29.0,26.4,2.6,97.4,1,0
Alfred Duncan,2122,Fiorentina,ITA-Serie A,MF,28.0,1931,Ball Progressor,Defensive Anchor,32.0,25.3,6.7,93.3,1,0
Gaetano Castrovilli,2122,Fiorentina,ITA-Serie A,MF,24.0,1391,Ball Progressor,Box-to-Box Engine,29.7,26.1,3.6,96.4,1,3
Giacomo Bonaventura,2122,Fiorentina,ITA-Serie A,MF,31.0,2266,Ball Progressor,Box-to-Box Engine,30.5,25.7,4.8,95.2,1,3
Lucas Torreira,2122,Fiorentina,ITA-Serie A,MF,25.0,2195,Defensive Anchor,Ball Progressor,28.4,27.7,0.7,99.3,0,1
Sofyan Amrabat,2122,Fiorentina,ITA-Serie A,MF,24.0,944,Defensive Anchor,Box-to-Box Engine,30.2,29.5,0.7,99.3,0,3
Youssef Maleh,2122,Fiorentina,ITA-Serie A,MF,22.0,1019,Ball Progressor,Defensive Anchor,35.2,22.7,12.5,87.5,1,0
Filippo Melegoni,2122,Genoa,ITA-Serie A,"MF,FW",22.0,980,Ball Progressor,Defensive Anchor,35.2,22.1,13.1,86.9,1,0
Milan Badelj,2122,Genoa,ITA-Serie A,MF,32.0,2844,Defensive Anchor,Box-to-Box Engine,36.1,27.1,9.0,91.0,0,3
Nicolò Rovella,2122,Genoa,ITA-Serie A,MF,19.0,1468,Box-to-Box Engine,Defensive Anchor,32.8,24.3,8.5,91.5,3,0
Pablo Galdames Millán,2122,Genoa,ITA-Serie A,MF,24.0,1028,Defensive Anchor,Ball Progressor,32.3,27.0,5.3,94.7,0,1
Stefano Sturaro,2122,Genoa,ITA-Serie A,MF,28.0,1766,Defensive Anchor,Ball Progressor,35.1,27.6,7.5,92.5,0,1
Adrien Tameze,2122,Hellas Verona,ITA-Serie A,"MF,DF",27.0,2574,Defensive Anchor,Box-to-Box Engine,32.2,28.2,4.0,96.0,0,3
Antonín Barák,2122,Hellas Verona,ITA-Serie A,"MF,FW",26.0,2340,Ball Progressor,Creative Playmaker,30.3,27.2,3.1,96.9,1,2
Gianluca Caprari,2122,Hellas Verona,ITA-Serie A,"MF,FW",28.0,2739,Creative Playmaker,Ball Progressor,42.9,23.3,19.6,80.4,2,1
Ivan Ilić,2122,Hellas Verona,ITA-Serie A,MF,20.0,2526,Defensive Anchor,Box-to-Box Engine,33.1,26.9,6.2,93.8,0,3
Kevin Lasagna,2122,Hellas Verona,ITA-Serie A,"MF,FW",28.0,1184,Ball Progressor,Creative Playmaker,35.1,25.2,9.9,90.1,1,2
Mattia Zaccagni,2122,Hellas Verona,ITA-Serie A,MF,26.0,1876,Creative Playmaker,Ball Progressor,32.7,24.5,8.2,91.8,2,1
Miguel Veloso,2122,Hellas Verona,ITA-Serie A,MF,35.0,1343,Box-to-Box Engine,Defensive Anchor,34.3,23.7,10.6,89.4,3,0
Hakan Çalhanoğlu,2122,Inter,ITA-Serie A,MF,27.0,2480,Creative Playmaker,Box-to-Box Engine,37.0,23.6,13.4,86.6,2,3
Marcelo Brozović,2122,Inter,ITA-Serie A,MF,28.0,2937,Box-to-Box Engine,Defensive Anchor,40.0,23.0,17.0,83.0,3,0
Nicolò Barella,2122,Inter,ITA-Serie A,MF,24.0,2913,Creative Playmaker,Box-to-Box Engine,36.9,23.9,13.0,87.0,2,3
Adrien Rabiot,2122,Juventus,ITA-Serie A,MF,26.0,2285,Defensive Anchor,Box-to-Box Engine,32.6,25.9,6.7,93.3,0,3
Arthur Melo,2122,Juventus,ITA-Serie A,MF,24.0,962,Defensive Anchor,Box-to-Box Engine,31.8,30.1,1.7,98.3,0,3
Denis Zakaria,2122,Juventus,ITA-Serie A,MF,24.0,1395,Defensive Anchor,Ball Progressor,29.7,29.6,0.1,99.9,0,1
Federico Bernardeschi,2122,Juventus,ITA-Serie A,"MF,FW",27.0,1475,Ball Progressor,Creative Playmaker,35.0,25.3,9.7,90.3,1,2
Manuel Locatelli,2122,Juventus,ITA-Serie A,MF,23.0,2160,Defensive Anchor,Box-to-Box Engine,31.4,30.3,1.1,98.9,0,3
Rodrigo Bentancur,2122,Juventus,ITA-Serie A,MF,24.0,1361,Defensive Anchor,Box-to-Box Engine,33.2,30.9,2.3,97.7,0,3
Rodrigo Bentancur,2122,Juventus,ITA-Serie A,MF,24.0,1155,Defensive Anchor,Box-to-Box Engine,33.2,30.9,2.3,97.7,0,3
Weston McKennie,2122,Juventus,ITA-Serie A,MF,22.0,1369,Ball Progressor,Defensive Anchor,30.5,27.8,2.7,97.3,1,0
Danilo Cataldi,2122,Lazio,ITA-Serie A,MF,26.0,1707,Box-to-Box Engine,Defensive Anchor,32.3,29.9,2.4,97.6,3,0
Gonzalo Escalante,2122,Lazio,ITA-Serie A,MF,28.0,1300,Defensive Anchor,Box-to-Box Engine,32.5,25.9,6.6,93.4,0,3
Lucas Leiva,2122,Lazio,ITA-Serie A,MF,34.0,1697,Defensive Anchor,Box-to-Box Engine,40.6,25.0,15.6,84.4,0,3
Luis Alberto,2122,Lazio,ITA-Serie A,MF,28.0,2353,Creative Playmaker,Box-to-Box Engine,33.6,26.6,7.0,93.0,2,3
Sergej Milinković-Savić,2122,Lazio,ITA-Serie A,MF,26.0,3100,Box-to-Box Engine,Creative Playmaker,28.3,26.2,2.1,97.9,3,2
Toma Bašić,2122,Lazio,ITA-Serie A,MF,24.0,982,Ball Progressor,Defensive Anchor,32.4,28.4,4.0,96.0,1,0
Brahim Díaz,2122,Milan,ITA-Serie A,MF,21.0,1855,Ball Progressor,Creative Playmaker,31.7,29.1,2.6,97.4,1,2
Franck Kessié,2122,Milan,ITA-Serie A,MF,24.0,2308,Defensive Anchor,Box-to-Box Engine,29.4,28.3,1.1,98.9,0,3
Ismaël Bennacer,2122,Milan,ITA-Serie A,MF,23.0,1525,Box-to-Box Engine,Defensive Anchor,39.7,22.8,16.9,83.1,3,0
Rade Krunić,2122,Milan,ITA-Serie A,"MF,FW",27.0,1416,Defensive Anchor,Ball Progressor,33.1,27.9,5.2,94.8,0,1
Sandro Tonali,2122,Milan,ITA-Serie A,MF,21.0,2600,Box-to-Box Engine,Ball Progressor,31.6,25.8,5.8,94.2,3,1
Andre-Frank Zambo Anguissa,2122,Napoli,ITA-Serie A,MF,25.0,1926,Box-to-Box Engine,Defensive Anchor,36.2,27.3,8.9,91.1,3,0
Fabián Ruiz Peña,2122,Napoli,ITA-Serie A,MF,25.0,2384,Box-to-Box Engine,Ball Progressor,36.9,21.6,15.3,84.7,3,1
Piotr Zieliński,2122,Napoli,ITA-Serie A,MF,27.0,2086,Creative Playmaker,Ball Progressor,33.5,27.5,6.0,94.0,2,1
Stanislav Lobotka,2122,Napoli,ITA-Serie A,MF,26.0,1686,Box-to-Box Engine,Defensive Anchor,31.1,29.5,1.6,98.4,3,0
Bryan Cristante,2122,Roma,ITA-Serie A,MF,26.0,2678,Box-to-Box Engine,Defensive Anchor,32.8,32.3,0.5,99.5,3,0
Henrikh Mkhitaryan,2122,Roma,ITA-Serie A,"MF,FW",32.0,2495,Ball Progressor,Box-to-Box Engine,29.6,26.1,3.5,96.5,1,3
Jordan Veretout,2122,Roma,ITA-Serie A,MF,28.0,2319,Box-to-Box Engine,Ball Progressor,29.0,25.6,3.4,96.6,3,1
Lorenzo Pellegrini,2122,Roma,ITA-Serie A,MF,25.0,2289,Creative Playmaker,Ball Progressor,40.4,23.7,16.7,83.3,2,1
Francesco Di Tacchio,2122,Salernitana,ITA-Serie A,MF,31.0,1255,Defensive Anchor,Ball Progressor,41.8,22.3,19.5,80.5,0,1
Franck Ribéry,2122,Salernitana,ITA-Serie A,"MF,FW",38.0,1421,Creative Playmaker,Ball Progressor,31.1,28.6,2.5,97.5,2,1
Grigoris Kastanos,2122,Salernitana,ITA-Serie A,"MF,FW",23.0,1348,Ball Progressor,Box-to-Box Engine,27.9,26.9,1.0,99.0,1,3
Joel Obi,2122,Salernitana,ITA-Serie A,"MF,DF",30.0,1143,Defensive Anchor,Ball Progressor,32.2,30.7,1.5,98.5,0,1
Lassana Coulibaly,2122,Salernitana,ITA-Serie A,MF,25.0,2332,Defensive Anchor,Ball Progressor,41.6,23.3,18.3,81.7,0,1
Éderson,2122,Salernitana,ITA-Serie A,MF,22.0,1147,Ball Progressor,Defensive Anchor,31.9,30.4,1.5,98.5,1,0
Adrien Silva,2122,Sampdoria,ITA-Serie A,MF,32.0,1083,Defensive Anchor,Box-to-Box Engine,38.1,27.3,10.8,89.2,0,3
Albin Ekdal,2122,Sampdoria,ITA-Serie A,MF,32.0,1637,Defensive Anchor,Box-to-Box Engine,43.6,22.2,21.4,78.6,0,3
Antonio Candreva,2122,Sampdoria,ITA-Serie A,"MF,FW",34.0,3119,Creative Playmaker,Ball Progressor,40.3,23.7,16.6,83.4,2,1
Morten Thorsby,2122,Sampdoria,ITA-Serie A,MF,25.0,2943,Defensive Anchor,Ball Progressor,36.1,27.4,8.7,91.3,0,1
Tomás Rincón,2122,Sampdoria,ITA-Serie A,MF,33.0,1166,Defensive Anchor,Box-to-Box Engine,41.6,22.6,19.0,81.0,0,3
Davide Frattesi,2122,Sassuolo,ITA-Serie A,MF,21.0,2854,Ball Progressor,Defensive Anchor,36.1,24.4,11.7,88.3,1,0
Giacomo Raspadori,2122,Sassuolo,ITA-Serie A,"MF,FW",21.0,2740,Ball Progressor,Creative Playmaker,35.1,26.1,9.0,91.0,1,2
Matheus Henrique,2122,Sassuolo,ITA-Serie A,MF,23.0,1078,Ball Progressor,Defensive Anchor,28.6,27.1,1.5,98.5,1,0
Maxime Lopez,2122,Sassuolo,ITA-Serie A,MF,23.0,2938,Box-to-Box Engine,Defensive Anchor,38.8,23.2,15.6,84.4,3,0
Giulio Maggiore,2122,Spezia,ITA-Serie A,MF,23.0,2819,Defensive Anchor,Ball Progressor,31.7,30.0,1.7,98.3,0,1
Jakub Kiwior,2122,Spezia,ITA-Serie A,MF,21.0,1964,Defensive Anchor,Ball Progressor,39.8,23.4,16.4,83.6,0,1
Kevin Agudelo,2122,Spezia,ITA-Serie A,"MF,FW",22.0,1237,Ball Progressor,Defensive Anchor,31.9,25.7,6.2,93.8,1,0
Simone Bastoni,2122,Spezia,ITA-Serie A,"MF,DF",24.0,2288,Box-to-Box Engine,Ball Progressor,31.6,25.0,6.6,93.4,3,1
Viktor Kovalenko,2122,Spezia,ITA-Serie A,MF,25.0,1325,Ball Progressor,Defensive Anchor,31.0,29.2,1.8,98.2,1,0
Dennis Praet,2122,Torino,ITA-Serie A,MF,27.0,1539,Ball Progressor,Creative Playmaker,35.9,25.2,10.7,89.3,1,2
Josip Brekalo,2122,Torino,ITA-Serie A,MF,23.0,2286,Creative Playmaker,Ball Progressor,38.0,26.4,11.6,88.4,2,1
Marko Pjaca,2122,Torino,ITA-Serie A,MF,26.0,1149,Ball Progressor,Creative Playmaker,33.6,27.1,6.5,93.5,1,2
Rolando Mandragora,2122,Torino,ITA-Serie A,MF,24.0,1319,Box-to-Box Engine,Ball Progressor,29.2,27.6,1.6,98.4,3,1
Samuele Ricci,2122,Torino,ITA-Serie A,MF,19.0,1530,Defensive Anchor,Ball Progressor,33.6,25.7,7.9,92.1,0,1
Saša Lukić,2122,Torino,ITA-Serie A,MF,24.0,2982,Box-to-Box Engine,Ball Progressor,29.7,26.8,2.9,97.1,3,1
Tommaso Pobega,2122,Torino,ITA-Serie A,MF,22.0,2240,Defensive Anchor,Ball Progressor,32.7,27.1,5.6,94.4,0,1
Tomás Rincón,2122,Torino,ITA-Serie A,MF,33.0,1166,Defensive Anchor,Box-to-Box Engine,34.5,25.1,9.4,90.6,0,3
Jean-Victor Makengo,2122,Udinese,ITA-Serie A,MF,23.0,2351,Ball Progressor,Defensive Anchor,31.3,28.2,3.1,96.9,1,0
Roberto Pereyra,2122,Udinese,ITA-Serie A,"MF,FW",30.0,1794,Creative Playmaker,Ball Progressor,29.6,29.1,0.5,99.5,2,1
Tolgay Arslan,2122,Udinese,ITA-Serie A,MF,30.0,1658,Defensive Anchor,Box-to-Box Engine,30.5,26.8,3.7,96.3,0,3
Walace,2122,Udinese,ITA-Serie A,MF,26.0,2970,Defensive Anchor,Box-to-Box Engine,36.9,28.6,8.3,91.7,0,3
Antonio Vacca,2122,Venezia,ITA-Serie A,MF,31.0,1064,Defensive Anchor,Box-to-Box Engine,34.5,28.1,6.4,93.6,0,3
Domen Črnigoj,2122,Venezia,ITA-Serie A,MF,25.0,1881,Ball Progressor,Defensive Anchor,32.0,31.0,1.0,99.0,1,0
Ethan Ampadu,2122,Venezia,ITA-Serie A,"MF,DF",20.0,2282,Defensive Anchor,Box-to-Box Engine,38.3,25.8,12.5,87.5,0,3
Gianluca Busio,2122,Venezia,ITA-Serie A,MF,19.0,1950,Defensive Anchor,Ball Progressor,36.3,25.5,10.8,89.2,0,1
Mattia Aramu,2122,Venezia,ITA-Serie A,"MF,FW",26.0,2100,Ball Progressor,Creative Playmaker,32.6,29.1,3.5,96.5,1,2
Mickaël Cuisance,2122,Venezia,ITA-Serie A,MF,21.0,918,Defensive Anchor,Ball Progressor,39.7,24.9,14.8,85.2,0,1
Sofian Kiyine,2122,Venezia,ITA-Serie A,"MF,FW",23.0,1239,Box-to-Box Engine,Ball Progressor,28.4,27.8,0.6,99.4,3,1
Mario Pašalić,2223,Atalanta,ITA-Serie A,"MF,FW",27.0,1769,Ball Progressor,Defensive Anchor,34.1,23.2,10.9,89.1,1,0
Marten de Roon,2223,Atalanta,ITA-Serie A,MF,31.0,2964,Defensive Anchor,Box-to-Box Engine,38.6,25.8,12.8,87.2,0,3
Ruslan Malinovskyi,2223,Atalanta,ITA-Serie A,"MF,FW",29.0,1227,Creative Playmaker,Box-to-Box Engine,29.5,27.8,1.7,98.3,2,3
Teun Koopmeiners,2223,Atalanta,ITA-Serie A,MF,24.0,2858,Creative Playmaker,Box-to-Box Engine,30.0,25.9,4.1,95.9,2,3
Éderson,2223,Atalanta,ITA-Serie A,MF,23.0,2215,Defensive Anchor,Box-to-Box Engine,34.3,26.5,7.8,92.2,0,3
Gary Medel,2223,Bologna,ITA-Serie A,"MF,DF",34.0,1478,Defensive Anchor,Box-to-Box Engine,37.6,26.0,11.6,88.4,0,3
Jerdy Schouten,2223,Bologna,ITA-Serie A,MF,25.0,2509,Defensive Anchor,Box-to-Box Engine,42.3,25.0,17.3,82.7,0,3
Lewis Ferguson,2223,Bologna,ITA-Serie A,"MF,FW",22.0,2314,Ball Progressor,Defensive Anchor,35.2,25.2,10.0,90.0,1,0
Nicolás Domínguez,2223,Bologna,ITA-Serie A,MF,24.0,2300,Box-to-Box Engine,Defensive Anchor,32.5,26.6,5.9,94.1,3,0
Nikola Moro,2223,Bologna,ITA-Serie A,MF,24.0,1226,Box-to-Box Engine,Defensive Anchor,37.3,23.1,14.2,85.8,3,0
Charles Pickel,2223,Cremonese,ITA-Serie A,MF,25.0,2483,Defensive Anchor,Ball Progressor,33.7,28.2,5.5,94.5,0,1
Cristian Buonaiuto,2223,Cremonese,ITA-Serie A,"MF,FW",29.0,980,Creative Playmaker,Ball Progressor,30.6,28.5,2.1,97.9,2,1
Gonzalo Escalante,2223,Cremonese,ITA-Serie A,MF,29.0,1121,Defensive Anchor,Box-to-Box Engine,37.1,24.0,13.1,86.9,0,3
Marco Benassi,2223,Cremonese,ITA-Serie A,MF,27.0,998,Defensive Anchor,Ball Progressor,34.3,26.5,7.8,92.2,0,1
Michele Castagnetti,2223,Cremonese,ITA-Serie A,MF,32.0,1412,Box-to-Box Engine,Defensive Anchor,32.7,27.3,5.4,94.6,3,0
Soualiho Meïté,2223,Cremonese,ITA-Serie A,MF,28.0,2366,Defensive Anchor,Ball Progressor,40.8,23.1,17.7,82.3,0,1
Alberto Grassi,2223,Empoli,ITA-Serie A,MF,27.0,1194,Defensive Anchor,Box-to-Box Engine,40.2,23.3,16.9,83.1,0,3
Filippo Bandinelli,2223,Empoli,ITA-Serie A,MF,27.0,2263,Ball Progressor,Defensive Anchor,33.3,25.1,8.2,91.8,1,0
Jean-Daniel Akpa-Akpro,2223,Empoli,ITA-Serie A,"MF,FW",29.0,1356,Defensive Anchor,Ball Progressor,32.6,27.0,5.6,94.4,0,1
Liam Henderson,2223,Empoli,ITA-Serie A,MF,26.0,1007,Ball Progressor,Defensive Anchor,30.4,25.7,4.7,95.3,1,0
Nedim Bajrami,2223,Empoli,ITA-Serie A,"MF,FW",23.0,940,Ball Progressor,Creative Playmaker,35.5,22.5,13.0,87.0,1,2
Nicolas Haas,2223,Empoli,ITA-Serie A,MF,26.0,1156,Defensive Anchor,Ball Progressor,30.7,29.9,0.8,99.2,0,1
Răzvan Marin,2223,Empoli,ITA-Serie A,MF,26.0,2538,Box-to-Box Engine,Ball Progressor,29.0,27.0,2.0,98.0,3,1
Tommaso Baldanzi,2223,Empoli,ITA-Serie A,MF,19.0,1772,Ball Progressor,Creative Playmaker,38.2,22.3,15.9,84.1,1,2
Alfred Duncan,2223,Fiorentina,ITA-Serie A,MF,29.0,1103,Ball Progressor,Defensive Anchor,29.1,26.9,2.2,97.8,1,0
Antonín Barák,2223,Fiorentina,ITA-Serie A,MF,27.0,1799,Ball Progressor,Defensive Anchor,37.1,23.0,14.1,85.9,1,0
Giacomo Bonaventura,2223,Fiorentina,ITA-Serie A,MF,32.0,1911,Ball Progressor,Creative Playmaker,30.6,28.2,2.4,97.6,1,2
Rolando Mandragora,2223,Fiorentina,ITA-Serie A,MF,25.0,1950,Ball Progressor,Box-to-Box Engine,27.8,27.6,0.2,99.8,1,3
Sofyan Amrabat,2223,Fiorentina,ITA-Serie A,MF,25.0,1998,Box-to-Box Engine,Defensive Anchor,36.4,27.1,9.3,90.7,3,0
Adrien Tameze,2223,Hellas Verona,ITA-Serie A,MF,28.0,3031,Defensive Anchor,Ball Progressor,40.2,24.7,15.5,84.5,0,1
Antonín Barák,2223,Hellas Verona,ITA-Serie A,MF,27.0,1799,Defensive Anchor,Ball Progressor,29.0,26.6,2.4,97.6,0,1
Darko Lazović,2223,Hellas Verona,ITA-Serie A,"MF,DF",31.0,2242,Ball Progressor,Creative Playmaker,33.2,27.9,5.3,94.7,1,2
Ivan Ilić,2223,Hellas Verona,ITA-Serie A,MF,21.0,1177,Ball Progressor,Defensive Anchor,28.0,27.6,0.4,99.6,1,0
Martin Hongla,2223,Hellas Verona,ITA-Serie A,MF,24.0,1306,Defensive Anchor,Ball Progressor,36.7,24.6,12.1,87.9,0,1
Miguel Veloso,2223,Hellas Verona,ITA-Serie A,MF,36.0,1163,Box-to-Box Engine,Defensive Anchor,30.2,27.9,2.3,97.7,3,0
Ondrej Duda,2223,Hellas Verona,ITA-Serie A,MF,27.0,1061,Defensive Anchor,Box-to-Box Engine,37.1,24.2,12.9,87.1,0,3
Simone Verdi,2223,Hellas Verona,ITA-Serie A,"MF,FW",30.0,1096,Ball Progressor,Creative Playmaker,31.8,26.3,5.5,94.5,1,2
Hakan Çalhanoğlu,2223,Inter,ITA-Serie A,MF,28.0,2363,Box-to-Box Engine,Creative Playmaker,29.8,26.4,3.4,96.6,3,2
Henrikh Mkhitaryan,2223,Inter,ITA-Serie A,MF,33.0,1986,Box-to-Box Engine,Ball Progressor,30.2,27.8,2.4,97.6,3,1
Marcelo Brozović,2223,Inter,ITA-Serie A,MF,29.0,1770,Box-to-Box Engine,Defensive Anchor,38.5,22.3,16.2,83.8,3,0
Nicolò Barella,2223,Inter,ITA-Serie A,MF,25.0,2613,Creative Playmaker,Box-to-Box Engine,31.4,26.8,4.6,95.4,2,3
Adrien Rabiot,2223,Juventus,ITA-Serie A,MF,27.0,2748,Ball Progressor,Box-to-Box Engine,32.7,24.5,8.2,91.8,1,3
Fabio Miretti,2223,Juventus,ITA-Serie A,"MF,FW",18.0,1234,Ball Progressor,Creative Playmaker,34.9,23.9,11.0,89.0,1,2
Leandro Paredes,2223,Juventus,ITA-Serie A,MF,28.0,977,Box-to-Box Engine,Defensive Anchor,35.4,22.9,12.5,87.5,3,0
Manuel Locatelli,2223,Juventus,ITA-Serie A,MF,24.0,2446,Defensive Anchor,Box-to-Box Engine,39.6,24.8,14.8,85.2,0,3
Nicolò Fagioli,2223,Juventus,ITA-Serie A,MF,21.0,1520,Ball Progressor,Defensive Anchor,34.6,24.0,10.6,89.4,1,0
Nicolò Rovella,2223,Juventus,ITA-Serie A,MF,20.0,1740,Box-to-Box Engine,Ball Progressor,25.9,25.8,0.1,99.9,3,1
Weston McKennie,2223,Juventus,ITA-Serie A,"MF,DF",23.0,1437,Ball Progressor,Defensive Anchor,31.8,29.2,2.6,97.4,1,0
Weston McKennie,2223,Juventus,ITA-Serie A,"MF,DF",23.0,1052,Ball Progressor,Defensive Anchor,31.8,29.2,2.6,97.4,1,0
Danilo Cataldi,2223,Lazio,ITA-Serie A,MF,27.0,1921,Defensive Anchor,Box-to-Box Engine,32.2,25.5,6.7,93.3,0,3
Luis Alberto,2223,Lazio,ITA-Serie A,MF,29.0,2442,Creative Playmaker,Box-to-Box Engine,32.6,27.2,5.4,94.6,2,3
Matías Vecino,2223,Lazio,ITA-Serie A,MF,30.0,1691,Defensive Anchor,Box-to-Box Engine,39.0,23.8,15.2,84.8,0,3
Sergej Milinković-Savić,2223,Lazio,ITA-Serie A,MF,27.0,3022,Ball Progressor,Box-to-Box Engine,29.6,26.3,3.3,96.7,1,3
Alexis Blin,2223,Lecce,ITA-Serie A,MF,25.0,2376,Defensive Anchor,Ball Progressor,38.1,24.5,13.6,86.4,0,1
Joan Gonzàlez,2223,Lecce,ITA-Serie A,MF,20.0,2197,Defensive Anchor,Ball Progressor,33.4,29.6,3.8,96.2,0,1
Morten Hjulmand,2223,Lecce,ITA-Serie A,MF,23.0,2962,Defensive Anchor,Box-to-Box Engine,40.1,24.8,15.3,84.7,0,3
Brahim Díaz,2223,Milan,ITA-Serie A,"MF,FW",22.0,1925,Creative Playmaker,Ball Progressor,38.3,24.9,13.4,86.6,2,1
Charles De Ketelaere,2223,Milan,ITA-Serie A,"MF,FW",21.0,1116,Ball Progressor,Creative Playmaker,32.3,25.9,6.4,93.6,1,2
Ismaël Bennacer,2223,Milan,ITA-Serie A,MF,24.0,2007,Box-to-Box Engine,Defensive Anchor,37.2,23.3,13.9,86.1,3,0
Rade Krunić,2223,Milan,ITA-Serie A,MF,28.0,1657,Defensive Anchor,Box-to-Box Engine,33.7,29.1,4.6,95.4,0,3
Sandro Tonali,2223,Milan,ITA-Serie A,MF,22.0,2713,Box-to-Box Engine,Ball Progressor,29.6,28.3,1.3,98.7,3,1
Andrea Colpani,2223,Monza,ITA-Serie A,MF,23.0,948,Creative Playmaker,Ball Progressor,31.9,30.4,1.5,98.5,2,1
Gianluca Caprari,2223,Monza,ITA-Serie A,"MF,FW",29.0,2441,Ball Progressor,Creative Playmaker,33.8,28.3,5.5,94.5,1,2
Matteo Pessina,2223,Monza,ITA-Serie A,MF,25.0,2932,Box-to-Box Engine,Defensive Anchor,35.0,24.4,10.6,89.4,3,0
Nicolò Rovella,2223,Monza,ITA-Serie A,MF,20.0,1740,Box-to-Box Engine,Defensive Anchor,33.7,28.0,5.7,94.3,3,0
Pepín,2223,Monza,ITA-Serie A,MF,25.0,1123,Box-to-Box Engine,Defensive Anchor,29.3,28.0,1.3,98.7,3,0
Stefano Sensi,2223,Monza,ITA-Serie A,MF,26.0,1618,Box-to-Box Engine,Ball Progressor,36.5,22.2,14.3,85.7,3,1
Andre-Frank Zambo Anguissa,2223,Napoli,ITA-Serie A,MF,26.0,3050,Box-to-Box Engine,Defensive Anchor,31.0,27.2,3.8,96.2,3,0
Piotr Zieliński,2223,Napoli,ITA-Serie A,MF,28.0,2287,Creative Playmaker,Ball Progressor,36.3,24.7,11.6,88.4,2,1
Stanislav Lobotka,2223,Napoli,ITA-Serie A,MF,27.0,3101,Defensive Anchor,Box-to-Box Engine,33.4,29.6,3.8,96.2,0,3
Bryan Cristante,2223,Roma,ITA-Serie A,"MF,DF",27.0,2938,Defensive Anchor,Box-to-Box Engine,37.3,25.6,11.7,88.3,0,3
Edoardo Bove,2223,Roma,ITA-Serie A,MF,20.0,992,Defensive Anchor,Ball Progressor,37.0,25.0,12.0,88.0,0,1
Lorenzo Pellegrini,2223,Roma,ITA-Serie A,MF,26.0,2545,Ball Progressor,Creative Playmaker,30.4,28.6,1.8,98.2,1,2
Mohamed Camara,2223,Roma,ITA-Serie A,MF,25.0,2194,Defensive Anchor,Box-to-Box Engine,36.8,24.4,12.4,87.6,0,3
Nemanja Matić,2223,Roma,ITA-Serie A,MF,33.0,1852,Box-to-Box Engine,Defensive Anchor,38.9,24.8,14.1,85.9,3,0
Paulo Dybala,2223,Roma,ITA-Serie A,"MF,FW",28.0,1739,Creative Playmaker,Ball Progressor,34.1,25.9,8.2,91.8,2,1
Antonio Candreva,2223,Salernitana,ITA-Serie A,"MF,DF",35.0,2726,Creative Playmaker,Ball Progressor,30.3,29.7,0.6,99.4,2,1
Grigoris Kastanos,2223,Salernitana,ITA-Serie A,"MF,DF",24.0,1286,Ball Progressor,Defensive Anchor,34.2,25.3,8.9,91.1,1,0
Lassana Coulibaly,2223,Salernitana,ITA-Serie A,MF,26.0,2892,Defensive Anchor,Ball Progressor,36.7,25.2,11.5,88.5,0,1
Tonny Vilhena,2223,Salernitana,ITA-Serie A,MF,27.0,2265,Ball Progressor,Defensive Anchor,33.0,28.5,4.5,95.5,1,0
Abdelhamid Sabiri,2223,Sampdoria,ITA-Serie A,"MF,FW",25.0,1069,Ball Progressor,Defensive Anchor,33.3,23.8,9.5,90.5,1,0
Filip Đuričić,2223,Sampdoria,ITA-Serie A,"MF,FW",30.0,2171,Ball Progressor,Defensive Anchor,38.0,23.6,14.4,85.6,1,0
Harry Winks,2223,Sampdoria,ITA-Serie A,MF,26.0,1716,Defensive Anchor,Box-to-Box Engine,34.4,27.1,7.3,92.7,0,3
Mehdi Léris,2223,Sampdoria,ITA-Serie A,"MF,DF",24.0,2460,Ball Progressor,Defensive Anchor,32.8,28.3,4.5,95.5,1,0
Tomás Rincón,2223,Sampdoria,ITA-Serie A,MF,34.0,2555,Defensive Anchor,Box-to-Box Engine,41.8,22.9,18.9,81.1,0,3
Davide Frattesi,2223,Sassuolo,ITA-Serie A,MF,22.0,2873,Ball Progressor,Defensive Anchor,35.2,24.7,10.5,89.5,1,0
Kristian Thorstvedt,2223,Sassuolo,ITA-Serie A,MF,23.0,1136,Ball Progressor,Defensive Anchor,33.8,26.5,7.3,92.7,1,0
Matheus Henrique,2223,Sassuolo,ITA-Serie A,MF,24.0,1947,Ball Progressor,Box-to-Box Engine,34.6,23.2,11.4,88.6,1,3
Maxime Lopez,2223,Sassuolo,ITA-Serie A,MF,24.0,2296,Box-to-Box Engine,Defensive Anchor,35.8,24.7,11.1,88.9,3,0
Albin Ekdal,2223,Spezia,ITA-Serie A,MF,33.0,1734,Defensive Anchor,Box-to-Box Engine,41.2,22.6,18.6,81.4,0,3
Kevin Agudelo,2223,Spezia,ITA-Serie A,"MF,FW",23.0,2131,Ball Progressor,Box-to-Box Engine,29.7,25.8,3.9,96.1,1,3
Mehdi Bourabia,2223,Spezia,ITA-Serie A,MF,30.0,2771,Defensive Anchor,Ball Progressor,29.9,29.7,0.2,99.8,0,1
Salvatore Esposito,2223,Spezia,ITA-Serie A,MF,21.0,971,Defensive Anchor,Box-to-Box Engine,32.6,26.5,6.1,93.9,0,3
Simone Bastoni,2223,Spezia,ITA-Serie A,"MF,DF",25.0,1189,Ball Progressor,Defensive Anchor,29.3,27.3,2.0,98.0,1,0
Aleksei Miranchuk,2223,Torino,ITA-Serie A,MF,26.0,2089,Ball Progressor,Creative Playmaker,32.9,27.1,5.8,94.2,1,2
Ivan Ilić,2223,Torino,ITA-Serie A,MF,21.0,1177,Box-to-Box Engine,Ball Progressor,29.7,27.8,1.9,98.1,3,1
Karol Linetty,2223,Torino,ITA-Serie A,MF,27.0,1886,Defensive Anchor,Ball Progressor,35.5,26.3,9.2,90.8,0,1
Nemanja Radonjić,2223,Torino,ITA-Serie A,"MF,FW",26.0,1461,Creative Playmaker,Ball Progressor,31.5,28.6,2.9,97.1,2,1
Nikola Vlašić,2223,Torino,ITA-Serie A,"MF,FW",24.0,2728,Ball Progressor,Creative Playmaker,36.1,26.6,9.5,90.5,1,2
Samuele Ricci,2223,Torino,ITA-Serie A,MF,20.0,2070,Defensive Anchor,Ball Progressor,31.2,27.7,3.5,96.5,0,1
Saša Lukić,2223,Torino,ITA-Serie A,MF,25.0,1195,Ball Progressor,Defensive Anchor,30.2,26.0,4.2,95.8,1,0
Jean-Victor Makengo,2223,Udinese,ITA-Serie A,MF,24.0,1064,Defensive Anchor,Ball Progressor,32.3,26.3,6.0,94.0,0,1
Lazar Samardzic,2223,Udinese,ITA-Serie A,MF,20.0,1848,Ball Progressor,Creative Playmaker,29.7,27.6,2.1,97.9,1,2
Sandi Lovrić,2223,Udinese,ITA-Serie A,MF,24.0,2335,Ball Progressor,Box-to-Box Engine,37.0,21.6,15.4,84.6,1,3
Tolgay Arslan,2223,Udinese,ITA-Serie A,MF,31.0,1211,Box-to-Box Engine,Ball Progressor,28.7,26.9,1.8,98.2,3,1
Walace,2223,Udinese,ITA-Serie A,MF,27.0,3190,Defensive Anchor,Box-to-Box Engine,38.0,25.9,12.1,87.9,0,3
Aleksei Miranchuk,2324,Atalanta,ITA-Serie A,"MF,FW",27.0,1176,Creative Playmaker,Ball Progressor,38.9,23.4,15.5,84.5,2,1
Mario Pašalić,2324,Atalanta,ITA-Serie A,MF,28.0,2051,Ball Progressor,Creative Playmaker,29.7,25.2,4.5,95.5,1,2
Marten de Roon,2324,Atalanta,ITA-Serie A,"MF,DF",32.0,2599,Defensive Anchor,Box-to-Box Engine,34.7,28.4,6.3,93.7,0,3
Teun Koopmeiners,2324,Atalanta,ITA-Serie A,MF,25.0,2627,Creative Playmaker,Ball Progressor,38.6,25.6,13.0,87.0,2,1
Éderson,2324,Atalanta,ITA-Serie A,MF,24.0,2869,Defensive Anchor,Box-to-Box Engine,31.5,30.1,1.4,98.6,0,3
Giovanni Fabbian,2324,Bologna,ITA-Serie A,"MF,FW",20.0,1057,Ball Progressor,Defensive Anchor,31.4,24.6,6.8,93.2,1,0
Kacper Urbanski,2324,Bologna,ITA-Serie A,"MF,FW",18.0,926,Ball Progressor,Defensive Anchor,32.3,23.1,9.2,90.8,1,0
Lewis Ferguson,2324,Bologna,ITA-Serie A,MF,23.0,2712,Ball Progressor,Box-to-Box Engine,35.7,22.9,12.8,87.2,1,3
Michel Aebischer,2324,Bologna,ITA-Serie A,MF,26.0,2230,Defensive Anchor,Box-to-Box Engine,33.3,25.8,7.5,92.5,0,3
Nicolás Domínguez,2324,Bologna,ITA-Serie A,MF,25.0,1495,Box-to-Box Engine,Defensive Anchor,29.1,26.9,2.2,97.8,3,0
Remo Freuler,2324,Bologna,ITA-Serie A,MF,31.0,2624,Defensive Anchor,Box-to-Box Engine,35.7,28.3,7.4,92.6,0,3
Alessandro Deiola,2324,Cagliari,ITA-Serie A,MF,27.0,1608,Defensive Anchor,Ball Progressor,35.1,27.4,7.7,92.3,0,1
Antoine Makoumbou,2324,Cagliari,ITA-Serie A,MF,25.0,2702,Defensive Anchor,Ball Progressor,33.8,27.5,6.3,93.7,0,1
Ibrahim Sulemana,2324,Cagliari,ITA-Serie A,MF,20.0,1339,Defensive Anchor,Ball Progressor,36.4,26.4,10.0,90.0,0,1
Matteo Prati,2324,Cagliari,ITA-Serie A,MF,19.0,1972,Defensive Anchor,Ball Progressor,35.8,27.4,8.4,91.6,0,1
Nahitan Nández,2324,Cagliari,ITA-Serie A,"MF,DF",27.0,2341,Ball Progressor,Defensive Anchor,36.6,23.7,12.9,87.1,1,0
Nicolas Viola,2324,Cagliari,ITA-Serie A,"MF,FW",33.0,1207,Creative Playmaker,Ball Progressor,32.7,28.5,4.2,95.8,2,1
Alberto Grassi,2324,Empoli,ITA-Serie A,MF,28.0,1807,Defensive Anchor,Box-to-Box Engine,41.8,22.2,19.6,80.4,0,3
Jacopo Fazzini,2324,Empoli,ITA-Serie A,MF,20.0,1232,Ball Progressor,Defensive Anchor,29.7,25.7,4.0,96.0,1,0
Răzvan Marin,2324,Empoli,ITA-Serie A,MF,27.0,1818,Ball Progressor,Defensive Anchor,29.3,27.0,2.3,97.7,1,0
Youssef Maleh,2324,Empoli,ITA-Serie A,MF,24.0,2602,Defensive Anchor,Ball Progressor,32.7,26.8,5.9,94.1,0,1
Alfred Duncan,2324,Fiorentina,ITA-Serie A,MF,30.0,1888,Box-to-Box Engine,Ball Progressor,29.0,28.0,1.0,99.0,3,1
Arthur Melo,2324,Fiorentina,ITA-Serie A,MF,26.0,1986,Box-to-Box Engine,Defensive Anchor,37.7,23.7,14.0,86.0,3,0
Giacomo Bonaventura,2324,Fiorentina,ITA-Serie A,MF,33.0,2277,Creative Playmaker,Ball Progressor,30.4,28.9,1.5,98.5,2,1
Rolando Mandragora,2324,Fiorentina,ITA-Serie A,MF,26.0,1588,Ball Progressor,Defensive Anchor,30.9,25.9,5.0,95.0,1,0
Abdou Harroui,2324,Frosinone,ITA-Serie A,"MF,FW",25.0,1019,Ball Progressor,Creative Playmaker,31.5,26.2,5.3,94.7,1,2
Enzo Barrenechea,2324,Frosinone,ITA-Serie A,MF,22.0,2811,Defensive Anchor,Box-to-Box Engine,38.8,25.3,13.5,86.5,0,3
Francesco Gelli,2324,Frosinone,ITA-Serie A,"MF,DF",26.0,1561,Ball Progressor,Box-to-Box Engine,35.0,22.3,12.7,87.3,1,3
Luca Mazzitelli,2324,Frosinone,ITA-Serie A,MF,27.0,2210,Defensive Anchor,Box-to-Box Engine,33.1,26.1,7.0,93.0,0,3
Marco Brescianini,2324,Frosinone,ITA-Serie A,MF,23.0,2321,Ball Progressor,Defensive Anchor,37.3,25.1,12.2,87.8,1,0
Reinier,2324,Frosinone,ITA-Serie A,"MF,FW",21.0,1059,Ball Progressor,Defensive Anchor,32.7,25.4,7.3,92.7,1,0
Junior Messias,2324,Genoa,ITA-Serie A,"MF,DF",32.0,1053,Ball Progressor,Creative Playmaker,36.6,24.2,12.4,87.6,1,2
Kevin Strootman,2324,Genoa,ITA-Serie A,MF,33.0,1207,Box-to-Box Engine,Defensive Anchor,28.0,27.9,0.1,99.9,3,0
Milan Badelj,2324,Genoa,ITA-Serie A,MF,34.0,2535,Defensive Anchor,Box-to-Box Engine,35.7,26.7,9.0,91.0,0,3
Morten Frendrup,2324,Genoa,ITA-Serie A,MF,22.0,3145,Defensive Anchor,Ball Progressor,38.6,23.5,15.1,84.9,0,1
Morten Thorsby,2324,Genoa,ITA-Serie A,MF,27.0,1157,Ball Progressor,Defensive Anchor,31.1,29.6,1.5,98.5,1,0
Ruslan Malinovskyi,2324,Genoa,ITA-Serie A,MF,30.0,1544,Defensive Anchor,Ball Progressor,30.5,28.9,1.6,98.4,0,1
Martin Hongla,2324,Hellas Verona,ITA-Serie A,MF,25.0,1084,Defensive Anchor,Box-to-Box Engine,37.3,24.1,13.2,86.8,0,3
Michael Folorunsho,2324,Hellas Verona,ITA-Serie A,"MF,FW",25.0,2781,Ball Progressor,Defensive Anchor,32.9,29.2,3.7,96.3,1,0
Ondrej Duda,2324,Hellas Verona,ITA-Serie A,MF,28.0,2456,Ball Progressor,Box-to-Box Engine,27.8,27.5,0.3,99.7,1,3
Suat Serdar,2324,Hellas Verona,ITA-Serie A,MF,26.0,1659,Defensive Anchor,Ball Progressor,40.0,24.1,15.9,84.1,0,1
Tomáš Suslov,2324,Hellas Verona,ITA-Serie A,"MF,FW",21.0,2092,Ball Progressor,Defensive Anchor,38.2,21.8,16.4,83.6,1,0
Davide Frattesi,2324,Inter,ITA-Serie A,MF,23.0,955,Creative Playmaker,Ball Progressor,28.4,27.8,0.6,99.4,2,1
Hakan Çalhanoğlu,2324,Inter,ITA-Serie A,MF,29.0,2556,Box-to-Box Engine,Creative Playmaker,28.5,26.6,1.9,98.1,3,2
Henrikh Mkhitaryan,2324,Inter,ITA-Serie A,MF,34.0,2785,Box-to-Box Engine,Ball Progressor,29.5,25.9,3.6,96.4,3,1
Nicolò Barella,2324,Inter,ITA-Serie A,MF,26.0,2846,Creative Playmaker,Box-to-Box Engine,29.4,27.6,1.8,98.2,2,3
Adrien Rabiot,2324,Juventus,ITA-Serie A,MF,28.0,2651,Ball Progressor,Defensive Anchor,33.6,25.2,8.4,91.6,1,0
Fabio Miretti,2324,Juventus,ITA-Serie A,MF,19.0,1103,Ball Progressor,Creative Playmaker,34.5,23.7,10.8,89.2,1,2
Manuel Locatelli,2324,Juventus,ITA-Serie A,MF,25.0,3008,Defensive Anchor,Box-to-Box Engine,32.2,30.9,1.3,98.7,0,3
Weston McKennie,2324,Juventus,ITA-Serie A,"MF,DF",24.0,2594,Ball Progressor,Defensive Anchor,37.1,21.3,15.8,84.2,1,0
Daichi Kamada,2324,Lazio,ITA-Serie A,MF,26.0,1544,Ball Progressor,Box-to-Box Engine,29.2,26.6,2.6,97.4,1,3
Danilo Cataldi,2324,Lazio,ITA-Serie A,MF,28.0,1361,Defensive Anchor,Box-to-Box Engine,38.9,26.2,12.7,87.3,0,3
Luis Alberto,2324,Lazio,ITA-Serie A,MF,30.0,2311,Creative Playmaker,Box-to-Box Engine,36.1,24.6,11.5,88.5,2,3
Mattéo Guendouzi,2324,Lazio,ITA-Serie A,MF,24.0,2367,Ball Progressor,Defensive Anchor,34.5,25.4,9.1,90.9,1,0
Matías Vecino,2324,Lazio,ITA-Serie A,MF,31.0,1153,Ball Progressor,Box-to-Box Engine,26.9,26.7,0.2,99.8,1,3
Nicolò Rovella,2324,Lazio,ITA-Serie A,MF,21.0,1318,Defensive Anchor,Box-to-Box Engine,35.9,27.9,8.0,92.0,0,3
Alexis Blin,2324,Lecce,ITA-Serie A,MF,26.0,1642,Defensive Anchor,Ball Progressor,40.5,23.7,16.8,83.2,0,1
Hamza Rafia,2324,Lecce,ITA-Serie A,MF,24.0,1204,Defensive Anchor,Ball Progressor,31.1,28.1,3.0,97.0,0,1
Joan Gonzàlez,2324,Lecce,ITA-Serie A,MF,21.0,1291,Ball Progressor,Defensive Anchor,32.0,27.5,4.5,95.5,1,0
Mohamed Kaba,2324,Lecce,ITA-Serie A,MF,21.0,1378,Defensive Anchor,Ball Progressor,38.8,25.4,13.4,86.6,0,1
Remi Oudin,2324,Lecce,ITA-Serie A,"MF,FW",26.0,1819,Ball Progressor,Creative Playmaker,30.0,24.2,5.8,94.2,1,2
Ylber Ramadani,2324,Lecce,ITA-Serie A,MF,27.0,2970,Defensive Anchor,Box-to-Box Engine,45.2,21.2,24.0,76.0,0,3
Ismaël Bennacer,2324,Milan,ITA-Serie A,MF,25.0,1151,Box-to-Box Engine,Ball Progressor,35.1,25.3,9.8,90.2,3,1
Ruben Loftus-Cheek,2324,Milan,ITA-Serie A,MF,27.0,2068,Ball Progressor,Defensive Anchor,35.7,21.9,13.8,86.2,1,0
Tijjani Reijnders,2324,Milan,ITA-Serie A,MF,25.0,2820,Box-to-Box Engine,Creative Playmaker,27.7,27.3,0.4,99.6,3,2
Yacine Adli,2324,Milan,ITA-Serie A,MF,23.0,1407,Box-to-Box Engine,Defensive Anchor,39.0,21.7,17.3,82.7,3,0
Yunus Musah,2324,Milan,ITA-Serie A,"MF,FW",20.0,1478,Ball Progressor,Defensive Anchor,33.0,24.8,8.2,91.8,1,0
Andrea Colpani,2324,Monza,ITA-Serie A,"MF,FW",24.0,2657,Creative Playmaker,Ball Progressor,32.2,30.7,1.5,98.5,2,1
Matteo Pessina,2324,Monza,ITA-Serie A,MF,26.0,3222,Box-to-Box Engine,Ball Progressor,27.9,27.6,0.3,99.7,3,1
Roberto Gagliardini,2324,Monza,ITA-Serie A,"MF,DF",29.0,2360,Defensive Anchor,Box-to-Box Engine,35.4,27.3,8.1,91.9,0,3
Valentin Carboni,2324,Monza,ITA-Serie A,"MF,FW",18.0,1169,Ball Progressor,Creative Playmaker,33.3,27.0,6.3,93.7,1,2
Warren Bondo,2324,Monza,ITA-Serie A,MF,19.0,1475,Defensive Anchor,Ball Progressor,33.0,27.0,6.0,94.0,0,1
Andre-Frank Zambo Anguissa,2324,Napoli,ITA-Serie A,MF,27.0,2786,Ball Progressor,Box-to-Box Engine,29.2,27.8,1.4,98.6,1,3
Jens Cajuste,2324,Napoli,ITA-Serie A,MF,23.0,1016,Ball Progressor,Defensive Anchor,30.9,25.3,5.6,94.4,1,0
Piotr Zieliński,2324,Napoli,ITA-Serie A,MF,29.0,1924,Creative Playmaker,Ball Progressor,30.3,27.8,2.5,97.5,2,1
Stanislav Lobotka,2324,Napoli,ITA-Serie A,MF,28.0,3282,Defensive Anchor,Box-to-Box Engine,33.4,27.0,6.4,93.6,0,3
Bryan Cristante,2324,Roma,ITA-Serie A,"MF,DF",28.0,3289,Box-to-Box Engine,Defensive Anchor,33.7,25.9,7.8,92.2,3,0
Edoardo Bove,2324,Roma,ITA-Serie A,MF,21.0,1780,Defensive Anchor,Ball Progressor,33.2,27.8,5.4,94.6,0,1
Leandro Paredes,2324,Roma,ITA-Serie A,MF,29.0,2634,Box-to-Box Engine,Defensive Anchor,33.2,26.8,6.4,93.6,3,0
Lorenzo Pellegrini,2324,Roma,ITA-Serie A,MF,27.0,1859,Ball Progressor,Creative Playmaker,31.8,27.6,4.2,95.8,1,2
Antonio Candreva,2324,Salernitana,ITA-Serie A,"MF,FW",36.0,2750,Creative Playmaker,Ball Progressor,31.6,29.3,2.3,97.7,2,1
Giulio Maggiore,2324,Salernitana,ITA-Serie A,MF,25.0,1800,Defensive Anchor,Ball Progressor,36.7,25.7,11.0,89.0,0,1
Grigoris Kastanos,2324,Salernitana,ITA-Serie A,"MF,DF",25.0,1480,Ball Progressor,Box-to-Box Engine,38.6,21.1,17.5,82.5,1,3
Lassana Coulibaly,2324,Salernitana,ITA-Serie A,MF,27.0,2082,Defensive Anchor,Ball Progressor,37.7,25.6,12.1,87.9,0,1
Mateusz Łęgowski,2324,Salernitana,ITA-Serie A,MF,20.0,1145,Defensive Anchor,Ball Progressor,33.7,28.2,5.5,94.5,0,1
Toma Bašić,2324,Salernitana,ITA-Serie A,MF,26.0,1162,Defensive Anchor,Ball Progressor,37.5,25.1,12.4,87.6,0,1
Daniel Boloca,2324,Sassuolo,ITA-Serie A,MF,24.0,2022,Defensive Anchor,Box-to-Box Engine,36.7,26.6,10.1,89.9,0,3
Kristian Thorstvedt,2324,Sassuolo,ITA-Serie A,MF,24.0,2397,Ball Progressor,Defensive Anchor,36.0,24.2,11.8,88.2,1,0
Matheus Henrique,2324,Sassuolo,ITA-Serie A,MF,25.0,2501,Ball Progressor,Defensive Anchor,29.9,29.5,0.4,99.6,1,0
Nedim Bajrami,2324,Sassuolo,ITA-Serie A,"MF,FW",24.0,1310,Ball Progressor,Creative Playmaker,33.0,27.3,5.7,94.3,1,2
Ivan Ilić,2324,Torino,ITA-Serie A,MF,22.0,2098,Box-to-Box Engine,Ball Progressor,29.0,27.3,1.7,98.3,3,1
Karol Linetty,2324,Torino,ITA-Serie A,MF,28.0,1858,Defensive Anchor,Ball Progressor,39.5,24.3,15.2,84.8,0,1
Nikola Vlašić,2324,Torino,ITA-Serie A,"MF,FW",25.0,2608,Ball Progressor,Creative Playmaker,37.4,22.3,15.1,84.9,1,2
Samuele Ricci,2324,Torino,ITA-Serie A,MF,21.0,2395,Ball Progressor,Defensive Anchor,31.8,25.8,6.0,94.0,1,0
Lazar Samardzic,2324,Udinese,ITA-Serie A,MF,21.0,2372,Ball Progressor,Creative Playmaker,32.0,26.0,6.0,94.0,1,2
Martín Payero,2324,Udinese,ITA-Serie A,MF,24.0,1796,Ball Progressor,Defensive Anchor,30.9,29.6,1.3,98.7,1,0
Sandi Lovrić,2324,Udinese,ITA-Serie A,MF,25.0,1987,Ball Progressor,Box-to-Box Engine,36.1,21.7,14.4,85.6,1,3
Walace,2324,Udinese,ITA-Serie A,MF,28.0,3238,Defensive Anchor,Box-to-Box Engine,40.6,23.0,17.6,82.4,0,3
Ademola Lookman,2425,Atalanta,ITA-Serie A,"MF,FW",26.0,2247,Creative Playmaker,Ball Progressor,34.7,25.3,9.4,90.6,2,1
Charles De Ketelaere,2425,Atalanta,ITA-Serie A,"MF,FW",23.0,2070,Creative Playmaker,Ball Progressor,39.4,24.2,15.2,84.8,2,1
Lazar Samardzic,2425,Atalanta,ITA-Serie A,MF,22.0,1169,Creative Playmaker,Ball Progressor,39.4,23.0,16.4,83.6,2,1
Marco Brescianini,2425,Atalanta,ITA-Serie A,MF,24.0,991,Ball Progressor,Creative Playmaker,31.1,26.4,4.7,95.3,1,2
Mario Pašalić,2425,Atalanta,ITA-Serie A,MF,29.0,1967,Ball Progressor,Box-to-Box Engine,27.5,26.9,0.6,99.4,1,3
Marten de Roon,2425,Atalanta,ITA-Serie A,"MF,DF",33.0,3058,Box-to-Box Engine,Defensive Anchor,31.6,28.6,3.0,97.0,3,0
Mitchel Bakker,2425,Atalanta,ITA-Serie A,MF,24.0,1139,Defensive Anchor,Ball Progressor,30.2,25.5,4.7,95.3,0,1
Éderson,2425,Atalanta,ITA-Serie A,MF,25.0,2881,Box-to-Box Engine,Ball Progressor,35.0,23.9,11.1,88.9,3,1
Giovanni Fabbian,2425,Bologna,ITA-Serie A,MF,21.0,1023,Ball Progressor,Defensive Anchor,32.2,25.3,6.9,93.1,1,0
Jens Odgaard,2425,Bologna,ITA-Serie A,"MF,FW",25.0,1952,Ball Progressor,Defensive Anchor,35.7,23.4,12.3,87.7,1,0
Lewis Ferguson,2425,Bologna,ITA-Serie A,MF,24.0,983,Ball Progressor,Box-to-Box Engine,28.5,26.5,2.0,98.0,1,3
Nikola Moro,2425,Bologna,ITA-Serie A,MF,26.0,1208,Box-to-Box Engine,Defensive Anchor,34.1,26.7,7.4,92.6,3,0
Remo Freuler,2425,Bologna,ITA-Serie A,MF,32.0,3204,Defensive Anchor,Box-to-Box Engine,33.9,25.6,8.3,91.7,0,3
Tommaso Pobega,2425,Bologna,ITA-Serie A,MF,25.0,1178,Defensive Anchor,Ball Progressor,31.2,30.2,1.0,99.0,0,1
Alessandro Deiola,2425,Cagliari,ITA-Serie A,MF,28.0,1432,Defensive Anchor,Ball Progressor,35.3,27.2,8.1,91.9,0,1
Antoine Makoumbou,2425,Cagliari,ITA-Serie A,MF,26.0,2150,Defensive Anchor,Ball Progressor,33.7,26.6,7.1,92.9,0,1
Gianluca Gaetano,2425,Cagliari,ITA-Serie A,"MF,FW",24.0,1009,Creative Playmaker,Ball Progressor,30.7,29.7,1.0,99.0,2,1
Mattia Felici,2425,Cagliari,ITA-Serie A,"MF,FW",23.0,925,Ball Progressor,Defensive Anchor,34.2,22.5,11.7,88.3,1,0
Michel Ndary Adopo,2425,Cagliari,ITA-Serie A,MF,24.0,2409,Defensive Anchor,Ball Progressor,36.9,26.7,10.2,89.8,0,1
Răzvan Marin,2425,Cagliari,ITA-Serie A,MF,28.0,1406,Ball Progressor,Creative Playmaker,28.9,25.6,3.3,96.7,1,2
Lucas Da Cunha,2425,Como,ITA-Serie A,MF,23.0,2613,Ball Progressor,Box-to-Box Engine,28.8,27.8,1.0,99.0,1,3
Maxence Caqueret,2425,Como,ITA-Serie A,MF,24.0,1087,Ball Progressor,Box-to-Box Engine,28.3,26.7,1.6,98.4,1,3
Máximo Perrone,2425,Como,ITA-Serie A,MF,21.0,1857,Defensive Anchor,Box-to-Box Engine,29.6,27.9,1.7,98.3,0,3
Nicolás Paz,2425,Como,ITA-Serie A,"MF,FW",19.0,2687,Creative Playmaker,Ball Progressor,31.4,27.9,3.5,96.5,2,1
Yannik Engelhardt,2425,Como,ITA-Serie A,"MF,DF",23.0,1164,Defensive Anchor,Box-to-Box Engine,35.1,26.2,8.9,91.1,0,3
Alberto Grassi,2425,Empoli,ITA-Serie A,MF,29.0,2203,Defensive Anchor,Ball Progressor,38.9,24.9,14.0,86.0,0,1
Faustino Anjorin,2425,Empoli,ITA-Serie A,MF,22.0,1114,Ball Progressor,Box-to-Box Engine,32.7,24.7,8.0,92.0,1,3
Jacopo Fazzini,2425,Empoli,ITA-Serie A,MF,21.0,1383,Ball Progressor,Creative Playmaker,37.4,21.5,15.9,84.1,1,2
Liam Henderson,2425,Empoli,ITA-Serie A,MF,28.0,2337,Ball Progressor,Defensive Anchor,30.6,28.7,1.9,98.1,1,0
Liberato Cacace,2425,Empoli,ITA-Serie A,"MF,DF",23.0,2230,Ball Progressor,Defensive Anchor,36.5,25.3,11.2,88.8,1,0
Youssef Maleh,2425,Empoli,ITA-Serie A,MF,25.0,1510,Defensive Anchor,Ball Progressor,35.0,26.9,8.1,91.9,0,1
Alessandro Bianco,2425,Fiorentina,ITA-Serie A,MF,21.0,2600,Defensive Anchor,Ball Progressor,27.8,26.5,1.3,98.7,0,1
Amir Richardson,2425,Fiorentina,ITA-Serie A,MF,22.0,1099,Defensive Anchor,Ball Progressor,31.9,27.8,4.1,95.9,0,1
Danilo Cataldi,2425,Fiorentina,ITA-Serie A,MF,29.0,1728,Defensive Anchor,Ball Progressor,34.4,25.6,8.8,91.2,0,1
Nicolò Fagioli,2425,Fiorentina,ITA-Serie A,MF,23.0,962,Ball Progressor,Box-to-Box Engine,28.4,26.5,1.9,98.1,1,3
Rolando Mandragora,2425,Fiorentina,ITA-Serie A,MF,27.0,1931,Ball Progressor,Defensive Anchor,31.4,26.5,4.9,95.1,1,0
Yacine Adli,2425,Fiorentina,ITA-Serie A,MF,24.0,1234,Box-to-Box Engine,Creative Playmaker,28.5,26.5,2.0,98.0,3,2
Fabio Miretti,2425,Genoa,ITA-Serie A,"MF,FW",20.0,1677,Ball Progressor,Creative Playmaker,43.3,19.5,23.8,76.2,1,2
Milan Badelj,2425,Genoa,ITA-Serie A,MF,35.0,1472,Defensive Anchor,Box-to-Box Engine,38.8,23.5,15.3,84.7,0,3
Morten Frendrup,2425,Genoa,ITA-Serie A,MF,23.0,3103,Defensive Anchor,Ball Progressor,40.1,23.7,16.4,83.6,0,1
Morten Thorsby,2425,Genoa,ITA-Serie A,"MF,FW",28.0,1898,Ball Progressor,Defensive Anchor,32.2,27.5,4.7,95.3,1,0
Patrizio Masini,2425,Genoa,ITA-Serie A,MF,23.0,1538,Defensive Anchor,Ball Progressor,38.4,24.8,13.6,86.4,0,1
Ondrej Duda,2425,Hellas Verona,ITA-Serie A,MF,29.0,2395,Defensive Anchor,Box-to-Box Engine,34.7,27.0,7.7,92.3,0,3
Reda Belahyane,2425,Hellas Verona,ITA-Serie A,MF,20.0,1658,Defensive Anchor,Ball Progressor,33.8,26.2,7.6,92.4,0,1
Suat Serdar,2425,Hellas Verona,ITA-Serie A,MF,27.0,1376,Defensive Anchor,Ball Progressor,34.7,29.0,5.7,94.3,0,1
Tomáš Suslov,2425,Hellas Verona,ITA-Serie A,"MF,FW",22.0,2080,Ball Progressor,Defensive Anchor,33.6,25.9,7.7,92.3,1,0
Davide Frattesi,2425,Inter,ITA-Serie A,MF,24.0,1225,Ball Progressor,Defensive Anchor,33.3,25.0,8.3,91.7,1,0
Hakan Çalhanoğlu,2425,Inter,ITA-Serie A,MF,30.0,1947,Creative Playmaker,Box-to-Box Engine,30.6,28.2,2.4,97.6,2,3
Henrikh Mkhitaryan,2425,Inter,ITA-Serie A,MF,35.0,2396,Box-to-Box Engine,Ball Progressor,28.3,26.0,2.3,97.7,3,1
Kristjan Asllani,2425,Inter,ITA-Serie A,MF,22.0,988,Box-to-Box Engine,Ball Progressor,27.7,25.8,1.9,98.1,3,1
Nicolò Barella,2425,Inter,ITA-Serie A,MF,27.0,2493,Creative Playmaker,Box-to-Box Engine,30.0,28.3,1.7,98.3,2,3
Piotr Zieliński,2425,Inter,ITA-Serie A,MF,30.0,980,Box-to-Box Engine,Ball Progressor,28.1,25.8,2.3,97.7,3,1
Khéphren Thuram,2425,Juventus,ITA-Serie A,MF,23.0,2326,Ball Progressor,Box-to-Box Engine,28.6,27.9,0.7,99.3,1,3
Manuel Locatelli,2425,Juventus,ITA-Serie A,MF,26.0,2822,Box-to-Box Engine,Defensive Anchor,32.7,25.5,7.2,92.8,3,0
Nicolò Fagioli,2425,Juventus,ITA-Serie A,MF,23.0,962,Box-to-Box Engine,Ball Progressor,31.0,24.7,6.3,93.7,3,1
Teun Koopmeiners,2425,Juventus,ITA-Serie A,"MF,FW",26.0,1994,Ball Progressor,Creative Playmaker,34.1,22.8,11.3,88.7,1,2
Weston McKennie,2425,Juventus,ITA-Serie A,"MF,DF",25.0,2310,Ball Progressor,Defensive Anchor,36.3,22.5,13.8,86.2,1,0
Boulaye Dia,2425,Lazio,ITA-Serie A,"MF,FW",27.0,2177,Ball Progressor,Creative Playmaker,32.7,23.3,9.4,90.6,1,2
Fisayo Dele-Bashiru,2425,Lazio,ITA-Serie A,"MF,FW",23.0,947,Ball Progressor,Defensive Anchor,35.5,23.2,12.3,87.7,1,0
Mattéo Guendouzi,2425,Lazio,ITA-Serie A,MF,25.0,3270,Box-to-Box Engine,Ball Progressor,33.0,24.0,9.0,91.0,3,1
Nicolò Rovella,2425,Lazio,ITA-Serie A,MF,22.0,2718,Box-to-Box Engine,Defensive Anchor,31.8,29.1,2.7,97.3,3,0
Reda Belahyane,2425,Lazio,ITA-Serie A,MF,20.0,1658,Defensive Anchor,Box-to-Box Engine,33.0,25.7,7.3,92.7,0,3
Balthazar Pierret,2425,Lecce,ITA-Serie A,MF,24.0,1723,Defensive Anchor,Ball Progressor,41.6,22.6,19.0,81.0,0,1
Hamza Rafia,2425,Lecce,ITA-Serie A,MF,25.0,1058,Ball Progressor,Defensive Anchor,28.0,27.0,1.0,99.0,1,0
Lassana Coulibaly,2425,Lecce,ITA-Serie A,MF,28.0,2667,Defensive Anchor,Ball Progressor,36.8,26.9,9.9,90.1,0,1
Ylber Ramadani,2425,Lecce,ITA-Serie A,MF,28.0,1807,Defensive Anchor,Ball Progressor,42.9,22.4,20.5,79.5,0,1
Þórir Jóhann Helgason,2425,Lecce,ITA-Serie A,MF,23.0,1156,Ball Progressor,Defensive Anchor,32.9,22.9,10.0,90.0,1,0
Ruben Loftus-Cheek,2425,Milan,ITA-Serie A,MF,28.0,1037,Ball Progressor,Defensive Anchor,29.6,25.3,4.3,95.7,1,0
Tijjani Reijnders,2425,Milan,ITA-Serie A,MF,26.0,3128,Creative Playmaker,Ball Progressor,28.9,28.8,0.1,99.9,2,1
Warren Bondo,2425,Milan,ITA-Serie A,MF,20.0,1618,Defensive Anchor,Box-to-Box Engine,32.5,25.9,6.6,93.4,0,3
Youssouf Fofana,2425,Milan,ITA-Serie A,MF,25.0,2504,Box-to-Box Engine,Defensive Anchor,29.9,28.2,1.7,98.3,3,0
Yunus Musah,2425,Milan,ITA-Serie A,"MF,FW",21.0,1571,Ball Progressor,Box-to-Box Engine,33.0,23.3,9.7,90.3,1,3
Alessandro Bianco,2425,Monza,ITA-Serie A,MF,21.0,2600,Defensive Anchor,Ball Progressor,34.6,25.9,8.7,91.3,0,1
Daniel Maldini,2425,Monza,ITA-Serie A,"MF,FW",22.0,1306,Ball Progressor,Creative Playmaker,34.5,23.7,10.8,89.2,1,2
Gianluca Caprari,2425,Monza,ITA-Serie A,"MF,FW",31.0,1651,Ball Progressor,Creative Playmaker,34.2,27.2,7.0,93.0,1,2
Jean-Daniel Akpa-Akpro,2425,Monza,ITA-Serie A,MF,31.0,966,Defensive Anchor,Ball Progressor,35.3,26.3,9.0,91.0,0,1
Patrick Ciurria,2425,Monza,ITA-Serie A,"MF,DF",29.0,1111,Ball Progressor,Defensive Anchor,35.9,24.5,11.4,88.6,1,0
Warren Bondo,2425,Monza,ITA-Serie A,MF,20.0,1618,Defensive Anchor,Ball Progressor,33.8,27.8,6.0,94.0,0,1
Andre-Frank Zambo Anguissa,2425,Napoli,ITA-Serie A,MF,28.0,2852,Ball Progressor,Defensive Anchor,31.4,28.0,3.4,96.6,1,0
Billy Gilmour,2425,Napoli,ITA-Serie A,MF,23.0,1177,Box-to-Box Engine,Ball Progressor,30.0,25.6,4.4,95.6,3,1
Scott McTominay,2425,Napoli,ITA-Serie A,MF,27.0,2938,Ball Progressor,Defensive Anchor,33.8,24.2,9.6,90.4,1,0
Stanislav Lobotka,2425,Napoli,ITA-Serie A,MF,29.0,2636,Defensive Anchor,Box-to-Box Engine,36.6,25.9,10.7,89.3,0,3
Adrian Bernabe,2425,Parma,ITA-Serie A,MF,23.0,1453,Box-to-Box Engine,Ball Progressor,32.7,24.8,7.9,92.1,3,1
Hernani,2425,Parma,ITA-Serie A,MF,30.0,1327,Ball Progressor,Box-to-Box Engine,28.6,26.1,2.5,97.5,1,3
Mandela Keita,2425,Parma,ITA-Serie A,MF,22.0,1826,Defensive Anchor,Ball Progressor,39.5,24.4,15.1,84.9,0,1
Simon Sohm,2425,Parma,ITA-Serie A,MF,23.0,2989,Ball Progressor,Defensive Anchor,31.1,27.1,4.0,96.0,1,0
Bryan Cristante,2425,Roma,ITA-Serie A,MF,29.0,2045,Defensive Anchor,Box-to-Box Engine,29.1,28.5,0.6,99.4,0,3
Leandro Paredes,2425,Roma,ITA-Serie A,MF,30.0,1373,Box-to-Box Engine,Defensive Anchor,32.3,25.3,7.0,93.0,3,0
Lorenzo Pellegrini,2425,Roma,ITA-Serie A,MF,28.0,1626,Ball Progressor,Creative Playmaker,35.5,24.3,11.2,88.8,1,2
Manu Koné,2425,Roma,ITA-Serie A,MF,23.0,2572,Ball Progressor,Defensive Anchor,30.8,27.7,3.1,96.9,1,0
Matìas Soulé,2425,Roma,ITA-Serie A,"MF,DF",21.0,1781,Creative Playmaker,Ball Progressor,38.9,24.9,14.0,86.0,2,1
Niccolò Pisilli,2425,Roma,ITA-Serie A,MF,19.0,1227,Ball Progressor,Defensive Anchor,34.6,23.6,11.0,89.0,1,0
Cesare Casadei,2425,Torino,ITA-Serie A,MF,21.0,1017,Defensive Anchor,Ball Progressor,30.5,27.8,2.7,97.3,0,1
Gvidas Gineitis,2425,Torino,ITA-Serie A,MF,20.0,1430,Ball Progressor,Defensive Anchor,33.2,27.9,5.3,94.7,1,0
Ivan Ilić,2425,Torino,ITA-Serie A,MF,23.0,920,Ball Progressor,Creative Playmaker,29.6,26.4,3.2,96.8,1,2
Karol Linetty,2425,Torino,ITA-Serie A,MF,29.0,1540,Defensive Anchor,Ball Progressor,32.4,29.3,3.1,96.9,0,1
Nikola Vlašić,2425,Torino,ITA-Serie A,"MF,FW",26.0,2117,Ball Progressor,Creative Playmaker,39.0,21.4,17.6,82.4,1,2
Samuele Ricci,2425,Torino,ITA-Serie A,MF,22.0,2825,Defensive Anchor,Ball Progressor,31.7,28.2,3.5,96.5,0,1
Yann Karamoh,2425,Torino,ITA-Serie A,"MF,FW",26.0,1046,Ball Progressor,Creative Playmaker,34.7,22.5,12.2,87.8,1,2
Arthur Atta,2425,Udinese,ITA-Serie A,"MF,FW",21.0,1251,Ball Progressor,Box-to-Box Engine,35.6,22.2,13.4,86.6,1,3
Jesper Karlström,2425,Udinese,ITA-Serie A,MF,29.0,3186,Defensive Anchor,Ball Progressor,36.1,26.1,10.0,90.0,0,1
Jurgen Ekkelenkamp,2425,Udinese,ITA-Serie A,MF,24.0,1892,Ball Progressor,Defensive Anchor,34.7,26.9,7.8,92.2,1,0
Martín Payero,2425,Udinese,ITA-Serie A,MF,25.0,1381,Ball Progressor,Defensive Anchor,34.8,26.5,8.3,91.7,1,0
Sandi Lovrić,2425,Udinese,ITA-Serie A,MF,26.0,2308,Ball Progressor,Box-to-Box Engine,33.4,23.2,10.2,89.8,1,3
Alfred Duncan,2425,Venezia,ITA-Serie A,MF,31.0,957,Defensive Anchor,Box-to-Box Engine,27.7,27.2,0.5,99.5,0,3
Gianluca Busio,2425,Venezia,ITA-Serie A,MF,22.0,2518,Ball Progressor,Defensive Anchor,36.4,24.7,11.7,88.3,1,0
Hans Nicolussi Caviglia,2425,Venezia,ITA-Serie A,MF,24.0,2861,Defensive Anchor,Ball Progressor,34.1,27.0,7.1,92.9,0,1
Issa Doumbia,2425,Venezia,ITA-Serie A,MF,20.0,939,Defensive Anchor,Ball Progressor,34.3,28.3,6.0,94.0,0,1
Kike Pérez,2425,Venezia,ITA-Serie A,MF,27.0,1191,Box-to-Box Engine,Defensive Anchor,29.6,28.0,1.6,98.4,3,0
Kike Pérez,2425,Venezia,ITA-Serie A,MF,27.0,1114,Box-to-Box Engine,Defensive Anchor,29.6,28.0,1.6,98.4,3,0
