player,season,team,league,pos_,age_,Playing Time_Min,role_cluster,primary_role,role_confidence_pct,role_similarity_score,distance_to_centroid
Aaron Ramsey,1718,Arsenal,ENG-Premier League,MF,26.0,1846,2,Creative Playmaker,76.2,76.2,3.3202843827649473
Alex Iwobi,1718,Arsenal,ENG-Premier League,"MF,FW",21.0,1830,2,Creative Playmaker,87.8,87.8,2.9029951766173774
Alexis Sánchez,1718,Arsenal,ENG-Premier League,"MF,FW",28.0,1503,2,Creative Playmaker,0.0,0.0,6.264268766817441
Alexis Sánchez,1718,Arsenal,ENG-Premier League,"MF,FW",28.0,1043,2,Creative Playmaker,0.0,0.0,6.264268766817441
Granit Xhaka,1718,Arsenal,ENG-Premier League,MF,24.0,3260,3,Box-to-Box Engine,72.1,72.1,2.9204576499514143
Jack Wilshere,1718,Arsenal,ENG-Premier League,MF,25.0,1193,3,Box-to-Box Engine,22.2,22.2,4.309040895890008
Mesut Özil,1718,Arsenal,ENG-Premier League,"MF,FW",28.0,2163,2,Creative Playmaker,0.0,0.0,6.306674337388225
Andrew Surman,1718,Bournemouth,ENG-Premier League,MF,30.0,1856,0,Defensive Anchor,32.9,32.9,3.365433269138671
Dan Gosling,1718,Bournemouth,ENG-Premier League,MF,27.0,1947,0,Defensive Anchor,87.2,87.2,2.1061091243792753
Harry Arter,1718,Bournemouth,ENG-Premier League,MF,27.0,960,0,Defensive Anchor,50.4,50.4,2.9587760847796303
Jordon Ibe,1718,Bournemouth,ENG-Premier League,"MF,FW",21.0,1995,2,Creative Playmaker,66.8,66.8,3.660835974717497
Junior Stanislas,1718,Bournemouth,ENG-Premier League,"MF,FW",27.0,1286,2,Creative Playmaker,85.7,85.7,2.9762770505773393
Lewis Cook,1718,Bournemouth,ENG-Premier League,MF,20.0,2237,3,Box-to-Box Engine,90.7,90.7,2.4023821372843392
Marc Pugh,1718,Bournemouth,ENG-Premier League,"MF,FW",30.0,985,1,Ball Progressor,15.0,15.0,4.184195793545493
Ryan Fraser,1718,Bournemouth,ENG-Premier League,"MF,DF",23.0,2004,1,Ball Progressor,50.9,50.9,3.3047271740564863
Anthony Knockaert,1718,Brighton,ENG-Premier League,"MF,FW",25.0,2421,1,Ball Progressor,84.2,84.2,2.4893706666977633
Dale Stephens,1718,Brighton,ENG-Premier League,MF,28.0,3240,0,Defensive Anchor,71.9,71.9,2.459174775331486
Davy Pröpper,1718,Brighton,ENG-Premier League,MF,25.0,3119,0,Defensive Anchor,100.0,100.0,1.6237793620216385
José Izquierdo,1718,Brighton,ENG-Premier League,"MF,FW",25.0,1984,1,Ball Progressor,47.7,47.7,3.3832960722553986
Solly March,1718,Brighton,ENG-Premier League,"MF,FW",23.0,1851,1,Ball Progressor,72.8,72.8,2.7680341405788824
Aaron Lennon,1718,Burnley,ENG-Premier League,MF,30.0,1118,1,Ball Progressor,63.2,63.2,3.002786189496557
Ashley Westwood,1718,Burnley,ENG-Premier League,MF,27.0,1111,0,Defensive Anchor,71.2,71.2,2.4764878707117948
Jack Cork,1718,Burnley,ENG-Premier League,MF,28.0,3420,0,Defensive Anchor,95.8,95.8,1.90620152348546
Jóhann Berg Guðmundsson,1718,Burnley,ENG-Premier League,MF,26.0,2833,1,Ball Progressor,74.2,74.2,2.7326429335205544
Robbie Brady,1718,Burnley,ENG-Premier League,MF,25.0,1277,1,Ball Progressor,79.5,79.5,2.60348472308727
Scott Arfield,1718,Burnley,ENG-Premier League,"MF,FW",28.0,1333,0,Defensive Anchor,36.4,36.4,3.2855819701594275
Steven Defour,1718,Burnley,ENG-Premier League,MF,29.0,1997,0,Defensive Anchor,36.9,36.9,3.2730530069375647
Cesc Fàbregas,1718,Chelsea,ENG-Premier League,MF,30.0,2306,2,Creative Playmaker,12.2,12.2,5.629124350664057
N'Golo Kanté,1718,Chelsea,ENG-Premier League,MF,26.0,2994,3,Box-to-Box Engine,24.8,24.8,4.2368394068867765
Pedro,1718,Chelsea,ENG-Premier League,"MF,FW",30.0,1523,2,Creative Playmaker,57.6,57.6,3.990492776537623
Tiemoué Bakayoko,1718,Chelsea,ENG-Premier League,MF,22.0,2126,0,Defensive Anchor,85.5,85.5,2.1444300300534653
Willian,1718,Chelsea,ENG-Premier League,"MF,FW",28.0,1890,2,Creative Playmaker,69.1,69.1,3.575406470047124
James McArthur,1718,Crystal Palace,ENG-Premier League,MF,29.0,2431,0,Defensive Anchor,83.0,83.0,2.202573440645301
Luka Milivojević,1718,Crystal Palace,ENG-Premier League,MF,26.0,3080,0,Defensive Anchor,23.1,23.1,3.5938846128972233
Ruben Loftus-Cheek,1718,Crystal Palace,ENG-Premier League,MF,21.0,1874,2,Creative Playmaker,69.8,69.8,3.549324468137871
Yohan Cabaye,1718,Crystal Palace,ENG-Premier League,MF,31.0,2376,0,Defensive Anchor,0.0,0.0,4.284600090275077
Gylfi Sigurðsson,1718,Everton,ENG-Premier League,"MF,FW",27.0,2259,1,Ball Progressor,73.1,73.1,2.761824110341378
Idrissa Gana Gueye,1718,Everton,ENG-Premier League,MF,27.0,2750,0,Defensive Anchor,23.1,23.1,3.592986731947809
Morgan Schneiderlin,1718,Everton,ENG-Premier League,MF,27.0,2130,0,Defensive Anchor,40.7,40.7,3.1840281307521288
Tom Davies,1718,Everton,ENG-Premier League,MF,19.0,1900,0,Defensive Anchor,56.2,56.2,2.8244235799836575
Wayne Rooney,1718,Everton,ENG-Premier League,"MF,FW",31.0,2268,1,Ball Progressor,40.3,40.3,3.5647024310461544
Aaron Mooy,1718,Huddersfield,ENG-Premier League,MF,26.0,3067,3,Box-to-Box Engine,100.0,100.0,1.788938109132258
Alex Pritchard,1718,Huddersfield,ENG-Premier League,"MF,FW",24.0,998,1,Ball Progressor,55.8,55.8,3.1834847606226413
Danny Williams,1718,Huddersfield,ENG-Premier League,MF,28.0,1124,0,Defensive Anchor,51.3,51.3,2.938591186820728
Jonathan Hogg,1718,Huddersfield,ENG-Premier League,MF,28.0,2398,0,Defensive Anchor,16.1,16.1,3.7559157183125778
Tom Ince,1718,Huddersfield,ENG-Premier League,"MF,FW",25.0,2452,1,Ball Progressor,73.1,73.1,2.7601194498537556
Demarai Gray,1718,Leicester City,ENG-Premier League,"MF,FW",21.0,1697,1,Ball Progressor,43.6,43.6,3.483453137974881
Marc Albrighton,1718,Leicester City,ENG-Premier League,"MF,FW",27.0,2538,1,Ball Progressor,96.7,96.7,2.1826544359034967
Matty James,1718,Leicester City,ENG-Premier League,MF,26.0,993,0,Defensive Anchor,79.9,79.9,2.274501758080803
Riyad Mahrez,1718,Leicester City,ENG-Premier League,"MF,FW",26.0,2950,2,Creative Playmaker,100.0,100.0,1.809982020601167
Vicente Iborra,1718,Leicester City,ENG-Premier League,MF,29.0,1410,0,Defensive Anchor,56.7,56.7,2.8126509200992653
Wilfred Ndidi,1718,Leicester City,ENG-Premier League,MF,20.0,2896,0,Defensive Anchor,10.1,10.1,3.8955651367870296
Alex Oxlade-Chamberlain,1718,Liverpool,ENG-Premier League,"MF,FW",23.0,1493,2,Creative Playmaker,63.7,63.7,3.770854690941015
Emre Can,1718,Liverpool,ENG-Premier League,MF,23.0,2091,3,Box-to-Box Engine,60.0,60.0,3.2563414640349646
Georginio Wijnaldum,1718,Liverpool,ENG-Premier League,MF,26.0,2387,0,Defensive Anchor,50.3,50.3,2.9614276843863245
James Milner,1718,Liverpool,ENG-Premier League,MF,31.0,1775,3,Box-to-Box Engine,0.0,0.0,4.95659391734346
Jordan Henderson,1718,Liverpool,ENG-Premier League,MF,27.0,2171,3,Box-to-Box Engine,57.7,57.7,3.3208538901733045
Philippe Coutinho,1718,Liverpool,ENG-Premier League,"MF,FW",25.0,1109,2,Creative Playmaker,0.0,0.0,6.171028312961311
Philippe Coutinho,1718,Liverpool,ENG-Premier League,"MF,FW",25.0,1296,2,Creative Playmaker,0.0,0.0,6.171028312961311
David Silva,1718,Manchester City,ENG-Premier League,MF,31.0,2430,2,Creative Playmaker,3.6,3.6,5.937956270737281
Fernandinho,1718,Manchester City,ENG-Premier League,MF,32.0,2881,3,Box-to-Box Engine,27.9,27.9,4.150055767517051
Kevin De Bruyne,1718,Manchester City,ENG-Premier League,MF,26.0,3073,2,Creative Playmaker,0.0,0.0,6.200200115592286
İlkay Gündoğan,1718,Manchester City,ENG-Premier League,MF,26.0,1517,3,Box-to-Box Engine,12.6,12.6,4.576033200892352
Ander Herrera,1718,Manchester Utd,ENG-Premier League,MF,27.0,1268,3,Box-to-Box Engine,11.3,11.3,4.612340560586507
Henrikh Mkhitaryan,1718,Manchester Utd,ENG-Premier League,"MF,FW",28.0,922,2,Creative Playmaker,86.4,86.4,2.9530599438849685
Jesse Lingard,1718,Manchester Utd,ENG-Premier League,"MF,FW",24.0,1817,2,Creative Playmaker,71.9,71.9,3.476117572186641
Nemanja Matić,1718,Manchester Utd,ENG-Premier League,MF,28.0,3118,3,Box-to-Box Engine,37.2,37.2,3.8913493581995215
Paul Pogba,1718,Manchester Utd,ENG-Premier League,MF,24.0,2148,2,Creative Playmaker,23.8,23.8,5.209953091415695
Ayoze Pérez,1718,Newcastle Utd,ENG-Premier League,"MF,FW",24.0,2492,1,Ball Progressor,99.5,99.5,2.113726716487923
Isaac Hayden,1718,Newcastle Utd,ENG-Premier League,MF,22.0,1374,0,Defensive Anchor,82.3,82.3,2.220015986492627
Jacob Murphy,1718,Newcastle Utd,ENG-Premier League,"MF,FW",22.0,1148,1,Ball Progressor,58.6,58.6,3.114553427847988
Jonjo Shelvey,1718,Newcastle Utd,ENG-Premier League,MF,25.0,2268,3,Box-to-Box Engine,98.8,98.8,2.175862031222499
Kenedy,1718,Newcastle Utd,ENG-Premier League,"MF,DF",21.0,1023,1,Ball Progressor,42.7,42.7,3.5041838978956736
Matt Ritchie,1718,Newcastle Utd,ENG-Premier League,"MF,FW",27.0,2804,1,Ball Progressor,100.0,100.0,1.9265911680817396
Mikel Merino,1718,Newcastle Utd,ENG-Premier League,MF,21.0,1347,3,Box-to-Box Engine,20.3,20.3,4.362386640084695
Mohamed Diamé,1718,Newcastle Utd,ENG-Premier League,MF,30.0,2041,0,Defensive Anchor,41.9,41.9,3.1571619210554616
Dušan Tadić,1718,Southampton,ENG-Premier League,"MF,FW",28.0,2791,2,Creative Playmaker,64.1,64.1,3.7550451139880514
Mario Lemina,1718,Southampton,ENG-Premier League,MF,23.0,1720,0,Defensive Anchor,3.6,3.6,4.046141063191583
Oriol Romeu,1718,Southampton,ENG-Premier League,MF,25.0,2897,0,Defensive Anchor,22.6,22.6,3.6058706167018473
Pierre Højbjerg,1718,Southampton,ENG-Premier League,MF,21.0,1670,0,Defensive Anchor,55.2,55.2,2.849068625555182
Steven Davis,1718,Southampton,ENG-Premier League,MF,32.0,1521,3,Box-to-Box Engine,94.6,94.6,2.2928437444362015
Badou Ndiaye,1718,Stoke City,ENG-Premier League,MF,26.0,1138,0,Defensive Anchor,34.9,34.9,3.3186199228106736
Darren Fletcher,1718,Stoke City,ENG-Premier League,MF,33.0,2219,0,Defensive Anchor,75.9,75.9,2.3668110348710023
Joe Allen,1718,Stoke City,ENG-Premier League,MF,27.0,3139,0,Defensive Anchor,74.2,74.2,2.406658109694387
Ramadan Sobhi,1718,Stoke City,ENG-Premier League,"MF,FW",20.0,1238,1,Ball Progressor,32.9,32.9,3.7442326274953954
Xherdan Shaqiri,1718,Stoke City,ENG-Premier League,"MF,FW",25.0,3039,2,Creative Playmaker,83.6,83.6,3.0546591358973787
André Ayew,1718,Swansea City,ENG-Premier League,"MF,FW",27.0,950,1,Ball Progressor,82.8,82.8,2.524257986030288
Ki Sung-yueng,1718,Swansea City,ENG-Premier League,MF,28.0,1868,0,Defensive Anchor,32.1,32.1,3.3836946590695023
Leroy Fer,1718,Swansea City,ENG-Premier League,MF,27.0,1397,0,Defensive Anchor,72.2,72.2,2.4537895198591597
Nathan Dyer,1718,Swansea City,ENG-Premier League,"MF,FW",29.0,1307,1,Ball Progressor,34.1,34.1,3.716227697484003
Sam Clucas,1718,Swansea City,ENG-Premier League,MF,26.0,2044,0,Defensive Anchor,79.0,79.0,2.2948703780888753
Tom Carroll,1718,Swansea City,ENG-Premier League,MF,25.0,2570,3,Box-to-Box Engine,81.2,81.2,2.666097165619735
Christian Eriksen,1718,Tottenham,ENG-Premier League,"MF,FW",25.0,3218,2,Creative Playmaker,78.8,78.8,3.2259322990120225
Dele Alli,1718,Tottenham,ENG-Premier League,"MF,FW",21.0,2958,2,Creative Playmaker,89.1,89.1,2.855596692359847
Eric Dier,1718,Tottenham,ENG-Premier League,"MF,DF",23.0,2824,3,Box-to-Box Engine,55.9,55.9,3.3698139524194453
Mousa Dembélé,1718,Tottenham,ENG-Premier League,MF,30.0,1879,3,Box-to-Box Engine,20.4,20.4,4.360249091605732
Moussa Sissoko,1718,Tottenham,ENG-Premier League,"MF,FW",27.0,1402,1,Ball Progressor,37.9,37.9,3.622535282554477
Abdoulaye Doucouré,1718,Watford,ENG-Premier League,MF,24.0,3324,3,Box-to-Box Engine,92.1,92.1,2.363811861319854
Roberto Pereyra,1718,Watford,ENG-Premier League,"MF,FW",26.0,1624,2,Creative Playmaker,88.0,88.0,2.89614546003142
Tom Cleverley,1718,Watford,ENG-Premier League,MF,27.0,1901,3,Box-to-Box Engine,84.3,84.3,2.57944961026572
Will Hughes,1718,Watford,ENG-Premier League,MF,22.0,990,1,Ball Progressor,24.4,24.4,3.9523795936764365
Étienne Capoue,1718,Watford,ENG-Premier League,MF,29.0,1542,0,Defensive Anchor,65.1,65.1,2.61803562410164
Chris Brunt,1718,West Brom,ENG-Premier League,"MF,DF",32.0,1920,3,Box-to-Box Engine,41.9,41.9,3.7597729146693726
Claudio Yacob,1718,West Brom,ENG-Premier League,MF,30.0,903,0,Defensive Anchor,6.4,6.4,3.9813467138680965
Gareth Barry,1718,West Brom,ENG-Premier League,MF,36.0,1923,0,Defensive Anchor,51.8,51.8,2.927530423114677
Grzegorz Krychowiak,1718,West Brom,ENG-Premier League,MF,27.0,1641,0,Defensive Anchor,64.0,64.0,2.643895573254733
Jake Livermore,1718,West Brom,ENG-Premier League,MF,27.0,2674,0,Defensive Anchor,100.0,100.0,1.8049874848689178
James McClean,1718,West Brom,ENG-Premier League,"MF,FW",28.0,1406,1,Ball Progressor,54.2,54.2,3.2238248335563626
Matt Phillips,1718,West Brom,ENG-Premier League,"MF,DF",26.0,2093,1,Ball Progressor,69.9,69.9,2.8387822544467145
André Ayew,1718,West Ham,ENG-Premier League,"MF,FW",27.0,950,1,Ball Progressor,0.0,0.0,4.554870527029499
Cheikhou Kouyaté,1718,West Ham,ENG-Premier League,MF,27.0,2799,0,Defensive Anchor,84.7,84.7,2.1627500487118985
João Mário,1718,West Ham,ENG-Premier League,MF,24.0,1022,1,Ball Progressor,75.0,75.0,2.7142001495240864
Manuel Lanzini,1718,West Ham,ENG-Premier League,"MF,FW",24.0,2042,2,Creative Playmaker,66.5,66.5,3.671720156466164
Mark Noble,1718,West Ham,ENG-Premier League,MF,30.0,2400,0,Defensive Anchor,57.0,57.0,2.806434696045625
Pedro Obiang,1718,West Ham,ENG-Premier League,MF,25.0,1563,0,Defensive Anchor,28.4,28.4,3.47079980967939
Aaron Ramsey,1819,Arsenal,ENG-Premier League,MF,27.0,1331,2,Creative Playmaker,86.0,86.0,2.9653795607616993
Granit Xhaka,1819,Arsenal,ENG-Premier League,"MF,DF",25.0,2498,3,Box-to-Box Engine,82.2,82.2,2.6379643187168837
Lucas Torreira,1819,Arsenal,ENG-Premier League,MF,22.0,2382,0,Defensive Anchor,70.0,70.0,2.504937355165785
Mattéo Guendouzi,1819,Arsenal,ENG-Premier League,MF,19.0,2149,3,Box-to-Box Engine,67.9,67.9,3.0353726486313843
Mesut Özil,1819,Arsenal,ENG-Premier League,"MF,FW",29.0,1735,2,Creative Playmaker,76.7,76.7,3.3013000531235885
Andrew Surman,1819,Bournemouth,ENG-Premier League,MF,31.0,1439,0,Defensive Anchor,40.2,40.2,3.19553921967646
Dan Gosling,1819,Bournemouth,ENG-Premier League,MF,28.0,1739,0,Defensive Anchor,78.8,78.8,2.3004872657339144
David Brooks,1819,Bournemouth,ENG-Premier League,"MF,FW",21.0,2261,1,Ball Progressor,57.0,57.0,3.1536533110784304
Jefferson Lerma,1819,Bournemouth,ENG-Premier League,MF,23.0,2506,0,Defensive Anchor,68.2,68.2,2.545480948480167
Junior Stanislas,1819,Bournemouth,ENG-Premier League,"MF,FW",28.0,1031,2,Creative Playmaker,100.0,100.0,2.4621858767198397
Ryan Fraser,1819,Bournemouth,ENG-Premier League,"MF,FW",24.0,3166,2,Creative Playmaker,87.0,87.0,2.93200435780482
Anthony Knockaert,1819,Brighton,ENG-Premier League,"MF,FW",26.0,1837,1,Ball Progressor,49.4,49.4,3.340319525209882
Beram Kayal,1819,Brighton,ENG-Premier League,MF,30.0,940,0,Defensive Anchor,75.5,75.5,2.3764597998545183
Dale Stephens,1819,Brighton,ENG-Premier League,MF,29.0,2485,0,Defensive Anchor,91.5,91.5,2.0052503929481706
Davy Pröpper,1819,Brighton,ENG-Premier League,MF,26.0,2546,0,Defensive Anchor,85.2,85.2,2.151916146393778
Pascal Groß,1819,Brighton,ENG-Premier League,"MF,FW",27.0,1864,2,Creative Playmaker,78.5,78.5,3.2365871431880806
Yves Bissouma,1819,Brighton,ENG-Premier League,MF,21.0,1774,0,Defensive Anchor,63.6,63.6,2.6528523441301015
Aaron Lennon,1819,Burnley,ENG-Premier League,MF,31.0,1215,1,Ball Progressor,7.0,7.0,4.379401286017518
Ashley Westwood,1819,Burnley,ENG-Premier League,MF,28.0,2824,0,Defensive Anchor,45.9,45.9,3.0646166905185965
Dwight McNeil,1819,Burnley,ENG-Premier League,MF,18.0,1591,1,Ball Progressor,47.3,47.3,3.3921634290910903
Jack Cork,1819,Burnley,ENG-Premier League,MF,29.0,3312,0,Defensive Anchor,68.4,68.4,2.54072181981954
Jeff Hendrick,1819,Burnley,ENG-Premier League,"MF,FW",26.0,2063,1,Ball Progressor,56.8,56.8,3.1596005613750062
Jóhann Berg Guðmundsson,1819,Burnley,ENG-Premier League,MF,27.0,1752,1,Ball Progressor,57.1,57.1,3.153019309099252
Aron Gunnarsson,1819,Cardiff City,ENG-Premier League,MF,29.0,2266,0,Defensive Anchor,72.4,72.4,2.4493952457542263
Harry Arter,1819,Cardiff City,ENG-Premier League,MF,28.0,1997,0,Defensive Anchor,51.0,51.0,2.9449298372919235
Joe Ralls,1819,Cardiff City,ENG-Premier League,MF,24.0,1959,0,Defensive Anchor,59.8,59.8,2.741974787474443
Josh Murphy,1819,Cardiff City,ENG-Premier League,"MF,FW",23.0,1817,1,Ball Progressor,53.1,53.1,3.251480271281431
Junior Hoilett,1819,Cardiff City,ENG-Premier League,"MF,FW",28.0,2141,1,Ball Progressor,73.5,73.5,2.750981139656031
Nathaniel Mendez-Laing,1819,Cardiff City,ENG-Premier League,"MF,FW",26.0,985,1,Ball Progressor,7.3,7.3,4.371324160725588
Víctor Camarasa,1819,Cardiff City,ENG-Premier League,MF,24.0,2569,1,Ball Progressor,85.7,85.7,2.453029648412474
Cesc Fàbregas,1819,Chelsea,ENG-Premier League,MF,31.0,966,3,Box-to-Box Engine,0.0,0.0,6.933145148068181
Jorginho,1819,Chelsea,ENG-Premier League,MF,26.0,3156,3,Box-to-Box Engine,59.2,59.2,3.2798577546790346
Mateo Kovačić,1819,Chelsea,ENG-Premier League,MF,24.0,1735,3,Box-to-Box Engine,74.7,74.7,2.846809632369119
N'Golo Kanté,1819,Chelsea,ENG-Premier League,MF,27.0,3092,3,Box-to-Box Engine,83.0,83.0,2.616433638574821
Ross Barkley,1819,Chelsea,ENG-Premier League,MF,24.0,1245,3,Box-to-Box Engine,22.3,22.3,4.3075554217713625
Ruben Loftus-Cheek,1819,Chelsea,ENG-Premier League,"MF,FW",22.0,998,2,Creative Playmaker,35.3,35.3,4.793572712295537
Cheikhou Kouyaté,1819,Crystal Palace,ENG-Premier League,MF,28.0,1899,0,Defensive Anchor,100.0,100.0,1.8010162330719697
James McArthur,1819,Crystal Palace,ENG-Premier League,MF,30.0,3058,0,Defensive Anchor,66.1,66.1,2.5945240019933733
Jeffrey Schlupp,1819,Crystal Palace,ENG-Premier League,"MF,FW",25.0,1670,1,Ball Progressor,82.7,82.7,2.526145787608039
Luka Milivojević,1819,Crystal Palace,ENG-Premier League,MF,27.0,3420,3,Box-to-Box Engine,26.2,26.2,4.19795123068259
Max Meyer,1819,Crystal Palace,ENG-Premier League,MF,22.0,1416,1,Ball Progressor,64.7,64.7,2.967006270682213
André Gomes,1819,Everton,ENG-Premier League,MF,25.0,1980,3,Box-to-Box Engine,71.0,71.0,2.9511297380982415
Gylfi Sigurðsson,1819,Everton,ENG-Premier League,MF,28.0,3117,2,Creative Playmaker,66.2,66.2,3.6795551790174916
Idrissa Gana Gueye,1819,Everton,ENG-Premier League,MF,28.0,2822,0,Defensive Anchor,7.5,7.5,3.956068047401004
Tom Davies,1819,Everton,ENG-Premier League,MF,20.0,980,0,Defensive Anchor,88.5,88.5,2.075519224634078
Andre-Frank Zambo Anguissa,1819,Fulham,ENG-Premier League,MF,22.0,1517,0,Defensive Anchor,35.2,35.2,3.3117460526269435
Calum Chambers,1819,Fulham,ENG-Premier League,"MF,DF",23.0,2588,0,Defensive Anchor,57.6,57.6,2.791937539969333
Jean Seri,1819,Fulham,ENG-Premier League,MF,27.0,2244,3,Box-to-Box Engine,78.2,78.2,2.751146322992289
Tom Cairney,1819,Fulham,ENG-Premier League,"MF,FW",27.0,2194,3,Box-to-Box Engine,75.8,75.8,2.816377170392211
Aaron Mooy,1819,Huddersfield,ENG-Premier League,"MF,FW",27.0,2330,3,Box-to-Box Engine,74.5,74.5,2.852107171086575
Alex Pritchard,1819,Huddersfield,ENG-Premier League,"MF,FW",25.0,2081,1,Ball Progressor,93.5,93.5,2.2606523465252253
Jonathan Hogg,1819,Huddersfield,ENG-Premier League,MF,29.0,2367,0,Defensive Anchor,5.3,5.3,4.005879013595471
Juninho Bacuna,1819,Huddersfield,ENG-Premier League,"MF,DF",20.0,1412,0,Defensive Anchor,66.6,66.6,2.582779945175867
Philip Billing,1819,Huddersfield,ENG-Premier League,MF,22.0,2188,0,Defensive Anchor,8.1,8.1,3.9409857609509107
Adrien Silva,1819,Leicester City,ENG-Premier League,MF,29.0,1184,3,Box-to-Box Engine,0.0,0.0,5.914235183380765
Harvey Barnes,1819,Leicester City,ENG-Premier League,"MF,FW",20.0,1004,2,Creative Playmaker,25.9,25.9,5.133013451428204
James Maddison,1819,Leicester City,ENG-Premier League,"MF,FW",21.0,2831,2,Creative Playmaker,78.1,78.1,3.2526083845168268
Nampalys Mendy,1819,Leicester City,ENG-Premier League,MF,26.0,2092,0,Defensive Anchor,78.3,78.3,2.3114344965836224
Vicente Iborra,1819,Leicester City,ENG-Premier League,MF,30.0,1665,0,Defensive Anchor,0.0,0.0,4.519902639734374
Wilfred Ndidi,1819,Leicester City,ENG-Premier League,MF,21.0,3296,0,Defensive Anchor,15.4,15.4,3.7721676028138997
Youri Tielemans,1819,Leicester City,ENG-Premier League,MF,21.0,1086,3,Box-to-Box Engine,69.9,69.9,2.9818558226100498
Youri Tielemans,1819,Leicester City,ENG-Premier League,MF,21.0,1680,3,Box-to-Box Engine,69.9,69.9,2.9818558226100498
Fabinho,1819,Liverpool,ENG-Premier League,MF,24.0,2017,3,Box-to-Box Engine,80.9,80.9,2.6745805685669484
Georginio Wijnaldum,1819,Liverpool,ENG-Premier League,MF,27.0,2725,3,Box-to-Box Engine,75.9,75.9,2.8140802023836384
James Milner,1819,Liverpool,ENG-Premier League,"MF,DF",32.0,1789,2,Creative Playmaker,33.3,33.3,4.867184069624499
Jordan Henderson,1819,Liverpool,ENG-Premier League,MF,28.0,1987,3,Box-to-Box Engine,95.3,95.3,2.2735898993220545
Naby Keïta,1819,Liverpool,ENG-Premier League,"MF,FW",23.0,1390,3,Box-to-Box Engine,9.1,9.1,4.673579787026437
Bernardo Silva,1819,Manchester City,ENG-Premier League,"MF,FW",23.0,2854,2,Creative Playmaker,94.9,94.9,2.6441037376305156
David Silva,1819,Manchester City,ENG-Premier League,MF,32.0,2401,2,Creative Playmaker,43.7,43.7,4.492775405484266
Fernandinho,1819,Manchester City,ENG-Premier League,MF,33.0,2377,3,Box-to-Box Engine,69.0,69.0,3.0069888651554533
Kevin De Bruyne,1819,Manchester City,ENG-Premier League,MF,27.0,975,2,Creative Playmaker,26.1,26.1,5.128865535443555
İlkay Gündoğan,1819,Manchester City,ENG-Premier League,MF,27.0,2137,2,Creative Playmaker,32.2,32.2,4.907218582693272
Ander Herrera,1819,Manchester Utd,ENG-Premier League,MF,28.0,1403,3,Box-to-Box Engine,19.9,19.9,4.372224251208652
Fred,1819,Manchester Utd,ENG-Premier League,MF,25.0,1041,3,Box-to-Box Engine,33.8,33.8,3.9873519947297456
Nemanja Matić,1819,Manchester Utd,ENG-Premier League,MF,29.0,2436,3,Box-to-Box Engine,50.2,50.2,3.5308274235984234
Paul Pogba,1819,Manchester Utd,ENG-Premier League,MF,25.0,3006,2,Creative Playmaker,60.2,60.2,3.896521619953071
Ayoze Pérez,1819,Newcastle Utd,ENG-Premier League,"MF,FW",25.0,2917,1,Ball Progressor,57.6,57.6,3.141108872729206
Christian Atsu,1819,Newcastle Utd,ENG-Premier League,MF,26.0,1493,1,Ball Progressor,78.3,78.3,2.6340190688739726
Isaac Hayden,1819,Newcastle Utd,ENG-Premier League,MF,23.0,1859,0,Defensive Anchor,48.6,48.6,3.001081887773739
Jonjo Shelvey,1819,Newcastle Utd,ENG-Premier League,MF,26.0,948,3,Box-to-Box Engine,31.3,31.3,4.0554194744923295
Kenedy,1819,Newcastle Utd,ENG-Premier League,"MF,DF",22.0,1348,1,Ball Progressor,33.0,33.0,3.743354875168759
Ki Sung-yueng,1819,Newcastle Utd,ENG-Premier League,MF,29.0,1302,0,Defensive Anchor,65.6,65.6,2.6068748827365287
Mohamed Diamé,1819,Newcastle Utd,ENG-Premier League,MF,31.0,2166,0,Defensive Anchor,60.0,60.0,2.7366614223338237
James Ward-Prowse,1819,Southampton,ENG-Premier League,"MF,DF",23.0,1945,1,Ball Progressor,51.3,51.3,3.2940180843677225
Mario Lemina,1819,Southampton,ENG-Premier League,MF,24.0,1613,0,Defensive Anchor,40.7,40.7,3.1857175467297534
Nathan Redmond,1819,Southampton,ENG-Premier League,"MF,FW",24.0,3270,2,Creative Playmaker,77.4,77.4,3.276821701806945
Oriol Romeu,1819,Southampton,ENG-Premier League,MF,26.0,2136,0,Defensive Anchor,37.8,37.8,3.2526500501729037
Pierre Højbjerg,1819,Southampton,ENG-Premier League,MF,22.0,2760,3,Box-to-Box Engine,69.9,69.9,2.9800648571511545
Stuart Armstrong,1819,Southampton,ENG-Premier League,MF,26.0,1432,1,Ball Progressor,79.9,79.9,2.594479472104392
Christian Eriksen,1819,Tottenham,ENG-Premier League,MF,26.0,2774,2,Creative Playmaker,100.0,100.0,2.4424553402418954
Dele Alli,1819,Tottenham,ENG-Premier League,MF,22.0,1825,1,Ball Progressor,55.4,55.4,3.194287989278835
Eric Dier,1819,Tottenham,ENG-Premier League,"MF,DF",24.0,1506,0,Defensive Anchor,25.0,25.0,3.549543301597417
Harry Winks,1819,Tottenham,ENG-Premier League,MF,22.0,1597,3,Box-to-Box Engine,39.3,39.3,3.8339670572669506
Moussa Sissoko,1819,Tottenham,ENG-Premier League,"MF,FW",28.0,2330,3,Box-to-Box Engine,52.5,52.5,3.465052559423627
Érik Lamela,1819,Tottenham,ENG-Premier League,"MF,FW",26.0,974,2,Creative Playmaker,84.2,84.2,3.031972900838857
Abdoulaye Doucouré,1819,Watford,ENG-Premier League,MF,25.0,3062,3,Box-to-Box Engine,100.0,100.0,1.9226548534891195
Roberto Pereyra,1819,Watford,ENG-Premier League,MF,27.0,2815,1,Ball Progressor,81.0,81.0,2.566487606850214
Will Hughes,1819,Watford,ENG-Premier League,MF,23.0,2418,1,Ball Progressor,57.3,57.3,3.1486647431332324
Étienne Capoue,1819,Watford,ENG-Premier League,MF,30.0,2944,0,Defensive Anchor,36.7,36.7,3.277586748112287
Declan Rice,1819,West Ham,ENG-Premier League,MF,19.0,3003,0,Defensive Anchor,61.4,61.4,2.7045514505882795
Felipe Anderson,1819,West Ham,ENG-Premier League,"MF,FW",25.0,3043,2,Creative Playmaker,27.1,27.1,5.090500748293435
Mark Noble,1819,West Ham,ENG-Premier League,MF,31.0,2291,3,Box-to-Box Engine,77.1,77.1,2.779509227591853
Michail Antonio,1819,West Ham,ENG-Premier League,"MF,FW",28.0,2103,1,Ball Progressor,36.6,36.6,3.6554619892817373
Pedro Obiang,1819,West Ham,ENG-Premier League,MF,26.0,1128,0,Defensive Anchor,44.3,44.3,3.100750825712978
Robert Snodgrass,1819,West Ham,ENG-Premier League,MF,30.0,2220,2,Creative Playmaker,89.3,89.3,2.847308934268519
João Moutinho,1819,Wolves,ENG-Premier League,MF,31.0,3032,3,Box-to-Box Engine,45.5,45.5,3.660029786915504
Leander Dendoncker,1819,Wolves,ENG-Premier League,MF,23.0,1467,0,Defensive Anchor,0.0,0.0,4.13334141997137
Romain Saïss,1819,Wolves,ENG-Premier League,"MF,DF",28.0,1149,0,Defensive Anchor,30.6,30.6,3.4182970918088773
Rúben Neves,1819,Wolves,ENG-Premier League,MF,21.0,3007,0,Defensive Anchor,31.4,31.4,3.3998841223659935
Cédric Soares,1920,Arsenal,ENG-Premier League,"MF,DF",27.0,1306,1,Ball Progressor,0.0,0.0,6.198916346928576
Dani Ceballos,1920,Arsenal,ENG-Premier League,MF,22.0,1692,3,Box-to-Box Engine,33.1,33.1,4.006857030405456
Granit Xhaka,1920,Arsenal,ENG-Premier League,MF,26.0,2586,3,Box-to-Box Engine,66.7,66.7,3.0709330833844533
Lucas Torreira,1920,Arsenal,ENG-Premier League,MF,23.0,1512,0,Defensive Anchor,77.2,77.2,2.3381302012950327
Mattéo Guendouzi,1920,Arsenal,ENG-Premier League,MF,20.0,1748,3,Box-to-Box Engine,69.7,69.7,2.985428941320539
Mesut Özil,1920,Arsenal,ENG-Premier League,MF,30.0,1438,2,Creative Playmaker,69.4,69.4,3.5664225518671224
Conor Hourihane,1920,Aston Villa,ENG-Premier League,MF,28.0,1534,1,Ball Progressor,21.5,21.5,4.023526575619572
Douglas Luiz,1920,Aston Villa,ENG-Premier League,MF,21.0,2612,0,Defensive Anchor,93.4,93.4,1.9618218116455353
John McGinn,1920,Aston Villa,ENG-Premier League,MF,24.0,2312,1,Ball Progressor,85.7,85.7,2.4523014015984037
Marvelous Nakamba,1920,Aston Villa,ENG-Premier League,MF,25.0,1836,0,Defensive Anchor,37.0,37.0,3.2712912219746864
Dan Gosling,1920,Bournemouth,ENG-Premier League,MF,29.0,1264,0,Defensive Anchor,13.6,13.6,3.81334836212036
Harry Wilson,1920,Bournemouth,ENG-Premier League,"MF,FW",22.0,1646,1,Ball Progressor,70.1,70.1,2.8344150307200255
Jefferson Lerma,1920,Bournemouth,ENG-Premier League,MF,24.0,2703,0,Defensive Anchor,62.0,62.0,2.690472918208347
Lewis Cook,1920,Bournemouth,ENG-Premier League,"MF,FW",22.0,1352,0,Defensive Anchor,98.4,98.4,1.8442826804838621
Philip Billing,1920,Bournemouth,ENG-Premier League,MF,23.0,2530,0,Defensive Anchor,52.3,52.3,2.914271731633606
Ryan Fraser,1920,Bournemouth,ENG-Premier League,"MF,FW",25.0,2067,2,Creative Playmaker,76.8,76.8,3.299985720157452
Aaron Mooy,1920,Brighton,ENG-Premier League,"MF,FW",28.0,2085,1,Ball Progressor,63.3,63.3,3.000014453334177
Dale Stephens,1920,Brighton,ENG-Premier League,MF,30.0,2530,0,Defensive Anchor,48.2,48.2,3.0110746461097713
Davy Pröpper,1920,Brighton,ENG-Premier League,MF,27.0,2829,3,Box-to-Box Engine,92.8,92.8,2.3425648513332025
Pascal Groß,1920,Brighton,ENG-Premier League,"MF,FW",28.0,1796,2,Creative Playmaker,59.0,59.0,3.9387301744643994
Steven Alzate,1920,Brighton,ENG-Premier League,"MF,DF",20.0,1188,1,Ball Progressor,45.5,45.5,3.4363573803351595
Yves Bissouma,1920,Brighton,ENG-Premier League,MF,22.0,1259,0,Defensive Anchor,71.9,71.9,2.460423290699945
Ashley Westwood,1920,Burnley,ENG-Premier League,MF,29.0,3150,3,Box-to-Box Engine,43.0,43.0,3.729296359316086
Dwight McNeil,1920,Burnley,ENG-Premier League,MF,19.0,3338,1,Ball Progressor,52.5,52.5,3.2659821175247044
Jack Cork,1920,Burnley,ENG-Premier League,MF,30.0,2613,0,Defensive Anchor,56.1,56.1,2.827708071226127
Jeff Hendrick,1920,Burnley,ENG-Premier League,MF,27.0,1931,0,Defensive Anchor,30.7,30.7,3.4163030230019147
Jorginho,1920,Chelsea,ENG-Premier League,MF,27.0,2379,3,Box-to-Box Engine,37.3,37.3,3.889774755580494
Mason Mount,1920,Chelsea,ENG-Premier League,"MF,FW",20.0,2867,2,Creative Playmaker,98.4,98.4,2.5196486578879553
Mateo Kovačić,1920,Chelsea,ENG-Premier League,MF,25.0,2073,3,Box-to-Box Engine,40.6,40.6,3.797391773554604
N'Golo Kanté,1920,Chelsea,ENG-Premier League,MF,28.0,1732,3,Box-to-Box Engine,66.1,66.1,3.0879744261826816
Ross Barkley,1920,Chelsea,ENG-Premier League,MF,25.0,1103,2,Creative Playmaker,100.0,100.0,2.4291455080100985
Cheikhou Kouyaté,1920,Crystal Palace,ENG-Premier League,"MF,DF",29.0,2528,0,Defensive Anchor,83.3,83.3,2.196125454767533
James McArthur,1920,Crystal Palace,ENG-Premier League,MF,31.0,3090,0,Defensive Anchor,56.1,56.1,2.826498453667343
James McCarthy,1920,Crystal Palace,ENG-Premier League,MF,28.0,1680,0,Defensive Anchor,62.4,62.4,2.6798724964975587
Luka Milivojević,1920,Crystal Palace,ENG-Premier League,MF,28.0,2513,0,Defensive Anchor,100.0,100.0,1.7714368089621846
Alex Iwobi,1920,Everton,ENG-Premier League,"MF,FW",23.0,1596,1,Ball Progressor,75.6,75.6,2.6986548036963764
André Gomes,1920,Everton,ENG-Premier League,MF,26.0,1458,0,Defensive Anchor,50.2,50.2,2.9633512448116446
Bernard,1920,Everton,ENG-Premier League,"MF,FW",26.0,1280,2,Creative Playmaker,65.9,65.9,3.6908403555546507
Fabian Delph,1920,Everton,ENG-Premier League,MF,29.0,1190,3,Box-to-Box Engine,67.2,67.2,3.056745273807307
Gylfi Sigurðsson,1920,Everton,ENG-Premier League,MF,29.0,2560,1,Ball Progressor,76.7,76.7,2.673493470371789
Morgan Schneiderlin,1920,Everton,ENG-Premier League,MF,29.0,1001,0,Defensive Anchor,31.6,31.6,3.3969983267595647
Theo Walcott,1920,Everton,ENG-Premier League,"MF,FW",30.0,1287,1,Ball Progressor,36.5,36.5,3.6556226791699022
Tom Davies,1920,Everton,ENG-Premier League,MF,21.0,2027,0,Defensive Anchor,74.9,74.9,2.390592871867088
Ayoze Pérez,1920,Leicester City,ENG-Premier League,"MF,FW",26.0,2004,1,Ball Progressor,38.2,38.2,3.6161376136305243
Dennis Praet,1920,Leicester City,ENG-Premier League,MF,25.0,1134,0,Defensive Anchor,70.2,70.2,2.4992061938983214
Harvey Barnes,1920,Leicester City,ENG-Premier League,"MF,FW",21.0,2083,2,Creative Playmaker,68.3,68.3,3.6060074760642475
James Maddison,1920,Leicester City,ENG-Premier League,MF,22.0,2624,2,Creative Playmaker,77.0,77.0,3.2907383652789726
Wilfred Ndidi,1920,Leicester City,ENG-Premier League,MF,22.0,2674,0,Defensive Anchor,0.0,0.0,4.2211400920086835
Youri Tielemans,1920,Leicester City,ENG-Premier League,MF,22.0,2828,3,Box-to-Box Engine,100.0,100.0,2.116873116621447
Alex Oxlade-Chamberlain,1920,Liverpool,ENG-Premier League,"MF,FW",25.0,1485,1,Ball Progressor,64.0,64.0,2.9833194661356996
Fabinho,1920,Liverpool,ENG-Premier League,MF,25.0,2079,3,Box-to-Box Engine,84.4,84.4,2.576676045162543
Georginio Wijnaldum,1920,Liverpool,ENG-Premier League,MF,28.0,2935,1,Ball Progressor,64.0,64.0,2.983625676094708
James Milner,1920,Liverpool,ENG-Premier League,"MF,DF",33.0,937,3,Box-to-Box Engine,66.3,66.3,3.0814277437996314
Jordan Henderson,1920,Liverpool,ENG-Premier League,MF,29.0,2238,3,Box-to-Box Engine,85.0,85.0,2.56079654967132
David Silva,1920,Manchester City,ENG-Premier League,MF,33.0,1826,2,Creative Playmaker,44.1,44.1,4.476148731054795
Kevin De Bruyne,1920,Manchester City,ENG-Premier League,MF,28.0,2791,2,Creative Playmaker,27.1,27.1,5.090104322751805
Rodri,1920,Manchester City,ENG-Premier League,MF,23.0,2486,3,Box-to-Box Engine,26.7,26.7,4.182603276431703
İlkay Gündoğan,1920,Manchester City,ENG-Premier League,MF,28.0,2020,3,Box-to-Box Engine,62.3,62.3,3.193550262568944
Andreas Pereira,1920,Manchester Utd,ENG-Premier League,"MF,FW",23.0,1484,2,Creative Playmaker,91.4,91.4,2.773528060847287
Bruno Fernandes,1920,Manchester Utd,ENG-Premier League,MF,24.0,1186,2,Creative Playmaker,26.8,26.8,5.10162470767877
Fred,1920,Manchester Utd,ENG-Premier League,MF,26.0,2163,3,Box-to-Box Engine,56.4,56.4,3.3573386589210714
Jesse Lingard,1920,Manchester Utd,ENG-Premier League,"MF,FW",26.0,935,1,Ball Progressor,41.4,41.4,3.5358827729345594
Nemanja Matić,1920,Manchester Utd,ENG-Premier League,MF,30.0,1581,3,Box-to-Box Engine,59.2,59.2,3.279593108367692
Paul Pogba,1920,Manchester Utd,ENG-Premier League,MF,26.0,1204,3,Box-to-Box Engine,31.3,31.3,4.0555289643429315
Scott McTominay,1920,Manchester Utd,ENG-Premier League,MF,22.0,1772,0,Defensive Anchor,83.5,83.5,2.1914969108013187
Allan Saint-Maximin,1920,Newcastle Utd,ENG-Premier League,"MF,FW",22.0,1863,2,Creative Playmaker,20.4,20.4,5.3315761971561235
Isaac Hayden,1920,Newcastle Utd,ENG-Premier League,MF,24.0,2223,0,Defensive Anchor,79.7,79.7,2.2800184040155487
Jonjo Shelvey,1920,Newcastle Utd,ENG-Premier League,MF,27.0,2119,3,Box-to-Box Engine,47.3,47.3,3.608899466896859
Miguel Almirón,1920,Newcastle Utd,ENG-Premier League,"MF,FW",25.0,3021,1,Ball Progressor,70.0,70.0,2.8374706556982634
Sean Longstaff,1920,Newcastle Utd,ENG-Premier League,MF,21.0,1378,0,Defensive Anchor,71.2,71.2,2.4772608364579596
Alexander Tettey,1920,Norwich City,ENG-Premier League,"MF,DF",33.0,2338,0,Defensive Anchor,44.6,44.6,3.093267966284269
Dennis Srbeny,1920,Norwich City,ENG-Premier League,"MF,FW",25.0,1119,1,Ball Progressor,0.0,0.0,10.244547743381712
Kenny McLean,1920,Norwich City,ENG-Premier League,MF,27.0,2968,0,Defensive Anchor,86.9,86.9,2.1125435710185303
Marco Stiepermann,1920,Norwich City,ENG-Premier League,MF,28.0,1180,1,Ball Progressor,85.0,85.0,2.4692849828197962
Tom Trybull,1920,Norwich City,ENG-Premier League,MF,26.0,1130,0,Defensive Anchor,42.8,42.8,3.13485847088118
John Fleck,1920,Sheffield Utd,ENG-Premier League,MF,27.0,2516,1,Ball Progressor,86.0,86.0,2.444150434745388
John Lundstram,1920,Sheffield Utd,ENG-Premier League,MF,25.0,2458,1,Ball Progressor,92.6,92.6,2.2821552955027937
Oliver Norwood,1920,Sheffield Utd,ENG-Premier League,MF,28.0,3090,3,Box-to-Box Engine,34.8,34.8,3.9575081630975775
Sander Berge,1920,Sheffield Utd,ENG-Premier League,MF,21.0,943,0,Defensive Anchor,59.0,59.0,2.759579982188752
James Ward-Prowse,1920,Southampton,ENG-Premier League,"MF,DF",24.0,3420,0,Defensive Anchor,39.7,39.7,3.2080545146868618
Moussa Djenepo,1920,Southampton,ENG-Premier League,"MF,DF",21.0,928,1,Ball Progressor,26.1,26.1,3.911605222406819
Nathan Redmond,1920,Southampton,ENG-Premier League,"MF,FW",25.0,2762,1,Ball Progressor,68.0,68.0,2.884756132559125
Oriol Romeu,1920,Southampton,ENG-Premier League,MF,27.0,1860,0,Defensive Anchor,71.8,71.8,2.463690790600667
Pierre Højbjerg,1920,Southampton,ENG-Premier League,MF,23.0,2752,3,Box-to-Box Engine,79.2,79.2,2.721538770156319
Stuart Armstrong,1920,Southampton,ENG-Premier League,MF,27.0,1715,1,Ball Progressor,100.0,100.0,1.6991084370369478
Christian Eriksen,1920,Tottenham,ENG-Premier League,"MF,FW",27.0,1097,3,Box-to-Box Engine,2.1,2.1,4.869854555299657
Dele Alli,1920,Tottenham,ENG-Premier League,"MF,FW",23.0,1847,1,Ball Progressor,16.3,16.3,4.150803182522768
Giovani Lo Celso,1920,Tottenham,ENG-Premier League,"MF,FW",23.0,1492,3,Box-to-Box Engine,46.1,46.1,3.64332082587892
Harry Winks,1920,Tottenham,ENG-Premier League,MF,23.0,2221,3,Box-to-Box Engine,74.8,74.8,2.843507993678898
Moussa Sissoko,1920,Tottenham,ENG-Premier League,MF,29.0,2452,0,Defensive Anchor,53.1,53.1,2.8978692817018064
Tanguy Ndombele,1920,Tottenham,ENG-Premier League,MF,22.0,1009,3,Box-to-Box Engine,98.0,98.0,2.1991263820827696
Érik Lamela,1920,Tottenham,ENG-Premier League,"MF,FW",27.0,1215,2,Creative Playmaker,80.1,80.1,3.177820441742536
Abdoulaye Doucouré,1920,Watford,ENG-Premier League,MF,26.0,3156,3,Box-to-Box Engine,90.3,90.3,2.4129954343924616
Nathaniel Chalobah,1920,Watford,ENG-Premier League,MF,24.0,930,0,Defensive Anchor,86.4,86.4,2.12433602039388
Tom Cleverley,1920,Watford,ENG-Premier League,MF,29.0,971,1,Ball Progressor,80.0,80.0,2.5910508248177586
Will Hughes,1920,Watford,ENG-Premier League,MF,24.0,2252,0,Defensive Anchor,57.6,57.6,2.791363296403251
Étienne Capoue,1920,Watford,ENG-Premier League,MF,31.0,2627,0,Defensive Anchor,54.4,54.4,2.8673237546827033
Andriy Yarmolenko,1920,West Ham,ENG-Premier League,"MF,FW",29.0,991,2,Creative Playmaker,69.1,69.1,3.575140842691569
Declan Rice,1920,West Ham,ENG-Premier League,MF,20.0,3420,0,Defensive Anchor,61.7,61.7,2.6971724178902905
Felipe Anderson,1920,West Ham,ENG-Premier League,"MF,FW",26.0,1497,2,Creative Playmaker,34.0,34.0,4.8433969986461065
Manuel Lanzini,1920,West Ham,ENG-Premier League,"MF,FW",26.0,1379,1,Ball Progressor,45.1,45.1,3.4455535831596626
Mark Noble,1920,West Ham,ENG-Premier League,MF,32.0,2674,3,Box-to-Box Engine,78.6,78.6,2.7389681973165745
Pablo Fornals,1920,West Ham,ENG-Premier League,"MF,FW",23.0,2172,1,Ball Progressor,77.5,77.5,2.653671246420033
Robert Snodgrass,1920,West Ham,ENG-Premier League,"MF,FW",31.0,1509,1,Ball Progressor,51.6,51.6,3.2859624036302364
Tomáš Souček,1920,West Ham,ENG-Premier League,MF,24.0,1040,0,Defensive Anchor,0.0,0.0,5.532381193098196
Jonny Castro,1920,Wolves,ENG-Premier League,"MF,DF",25.0,2887,1,Ball Progressor,44.1,44.1,3.4718725502596564
João Moutinho,1920,Wolves,ENG-Premier League,MF,32.0,3108,3,Box-to-Box Engine,83.5,83.5,2.602513253692845
Leander Dendoncker,1920,Wolves,ENG-Premier League,"MF,DF",24.0,2795,0,Defensive Anchor,75.4,75.4,2.379604782895886
Matt Doherty,1920,Wolves,ENG-Premier League,"MF,DF",27.0,2839,1,Ball Progressor,61.5,61.5,3.043913669169336
Rúben Neves,1920,Wolves,ENG-Premier League,MF,22.0,3056,0,Defensive Anchor,41.2,41.2,3.173484131733109
Ainsley Maitland-Niles,2021,Arsenal,ENG-Premier League,"MF,DF",22.0,1230,0,Defensive Anchor,0.0,0.0,4.139679133324162
Dani Ceballos,2021,Arsenal,ENG-Premier League,MF,23.0,1615,3,Box-to-Box Engine,60.5,60.5,3.2428349016225826
Emile Smith Rowe,2021,Arsenal,ENG-Premier League,"MF,FW",20.0,1440,1,Ball Progressor,73.3,73.3,2.756191120713886
Granit Xhaka,2021,Arsenal,ENG-Premier League,"MF,DF",27.0,2522,3,Box-to-Box Engine,60.0,60.0,3.257997169688807
Joe Willock,2021,Arsenal,ENG-Premier League,MF,20.0,978,1,Ball Progressor,7.4,7.4,4.368314597339351
Mohamed Elneny,2021,Arsenal,ENG-Premier League,MF,28.0,1544,0,Defensive Anchor,20.9,20.9,3.644750093739318
Thomas Partey,2021,Arsenal,ENG-Premier League,MF,27.0,1534,3,Box-to-Box Engine,73.8,73.8,2.872712034329583
Douglas Luiz,2021,Aston Villa,ENG-Premier League,MF,22.0,2781,0,Defensive Anchor,95.6,95.6,1.9107050877262326
John McGinn,2021,Aston Villa,ENG-Premier League,MF,25.0,3330,0,Defensive Anchor,41.9,41.9,3.1575495292450673
Ross Barkley,2021,Aston Villa,ENG-Premier League,MF,26.0,1531,2,Creative Playmaker,69.4,69.4,3.5656973935214213
Adam Lallana,2021,Brighton,ENG-Premier League,"MF,FW",32.0,1596,3,Box-to-Box Engine,77.1,77.1,2.780105594518316
Alexis Mac Allister,2021,Brighton,ENG-Premier League,"MF,FW",21.0,1115,1,Ball Progressor,63.0,63.0,3.007694906458611
Leandro Trossard,2021,Brighton,ENG-Premier League,"MF,FW",25.0,2607,2,Creative Playmaker,89.8,89.8,2.8311034718809145
Pascal Groß,2021,Brighton,ENG-Premier League,"MF,DF",29.0,2484,2,Creative Playmaker,95.1,95.1,2.639203027733524
Yves Bissouma,2021,Brighton,ENG-Premier League,MF,23.0,3111,0,Defensive Anchor,71.6,71.6,2.467558723279822
Ashley Westwood,2021,Burnley,ENG-Premier League,MF,30.0,3410,3,Box-to-Box Engine,24.9,24.9,4.232729329114407
Dwight McNeil,2021,Burnley,ENG-Premier League,MF,20.0,3069,1,Ball Progressor,77.3,77.3,2.6579496870226786
Jack Cork,2021,Burnley,ENG-Premier League,MF,31.0,1350,0,Defensive Anchor,76.2,76.2,2.3600395287246174
Josh Brownhill,2021,Burnley,ENG-Premier League,MF,24.0,2813,0,Defensive Anchor,66.2,66.2,2.5919387361362567
Jóhann Berg Guðmundsson,2021,Burnley,ENG-Premier League,MF,29.0,1363,1,Ball Progressor,62.0,62.0,3.0316944103114793
Robbie Brady,2021,Burnley,ENG-Premier League,MF,28.0,1052,0,Defensive Anchor,74.7,74.7,2.395290829958292
Hakim Ziyech,2021,Chelsea,ENG-Premier League,"MF,FW",27.0,1172,2,Creative Playmaker,83.7,83.7,3.0498658788320667
Jorginho,2021,Chelsea,ENG-Premier League,MF,28.0,2010,3,Box-to-Box Engine,25.7,25.7,4.211246987560041
Kai Havertz,2021,Chelsea,ENG-Premier League,"MF,FW",21.0,1520,1,Ball Progressor,48.4,48.4,3.3647008525128337
Mason Mount,2021,Chelsea,ENG-Premier League,MF,21.0,2890,2,Creative Playmaker,98.2,98.2,2.528185218161054
Mateo Kovačić,2021,Chelsea,ENG-Premier League,MF,26.0,1815,3,Box-to-Box Engine,53.5,53.5,3.4378389607470305
N'Golo Kanté,2021,Chelsea,ENG-Premier League,MF,29.0,2146,0,Defensive Anchor,8.5,8.5,3.9321547815336833
Andros Townsend,2021,Crystal Palace,ENG-Premier League,"MF,FW",29.0,2258,1,Ball Progressor,0.0,0.0,4.6580733819159015
Eberechi Eze,2021,Crystal Palace,ENG-Premier League,MF,22.0,2559,1,Ball Progressor,79.3,79.3,2.6095044992672776
James McArthur,2021,Crystal Palace,ENG-Premier League,MF,32.0,1466,0,Defensive Anchor,68.4,68.4,2.5404359944988926
Jaïro Riedewald,2021,Crystal Palace,ENG-Premier League,MF,23.0,1820,0,Defensive Anchor,62.4,62.4,2.6797959495423327
Jeffrey Schlupp,2021,Crystal Palace,ENG-Premier League,MF,27.0,1428,1,Ball Progressor,95.9,95.9,2.20204213042689
Luka Milivojević,2021,Crystal Palace,ENG-Premier League,MF,29.0,2359,0,Defensive Anchor,100.0,100.0,1.4140967390133192
Abdoulaye Doucouré,2021,Everton,ENG-Premier League,MF,27.0,2443,0,Defensive Anchor,85.8,85.8,2.1366937249048963
Allan,2021,Everton,ENG-Premier League,MF,29.0,2051,0,Defensive Anchor,34.9,34.9,3.318954263703396
André Gomes,2021,Everton,ENG-Premier League,MF,27.0,1570,0,Defensive Anchor,67.7,67.7,2.5583027523714548
Gylfi Sigurðsson,2021,Everton,ENG-Premier League,"MF,FW",30.0,2253,1,Ball Progressor,68.3,68.3,2.8790324178247566
Tom Davies,2021,Everton,ENG-Premier League,MF,22.0,1423,0,Defensive Anchor,77.9,77.9,2.3215652051311353
Andre-Frank Zambo Anguissa,2021,Fulham,ENG-Premier League,MF,24.0,2587,3,Box-to-Box Engine,70.0,70.0,2.9776447481200585
Bobby De Cordova-Reid,2021,Fulham,ENG-Premier League,"MF,FW",27.0,2372,1,Ball Progressor,81.7,81.7,2.550016504600831
Harrison Reed,2021,Fulham,ENG-Premier League,MF,25.0,2247,0,Defensive Anchor,85.0,85.0,2.155917471958617
Mario Lemina,2021,Fulham,ENG-Premier League,MF,26.0,1703,0,Defensive Anchor,97.1,97.1,1.8758194479993011
Ruben Loftus-Cheek,2021,Fulham,ENG-Premier League,"MF,FW",24.0,1909,1,Ball Progressor,84.2,84.2,2.4885959001636286
Hélder Costa,2021,Leeds United,ENG-Premier League,"MF,FW",26.0,1156,1,Ball Progressor,41.2,41.2,3.5408321775852
Jack Harrison,2021,Leeds United,ENG-Premier League,"MF,FW",23.0,2847,2,Creative Playmaker,90.2,90.2,2.8139812886022493
Kalvin Phillips,2021,Leeds United,ENG-Premier League,MF,24.0,2428,0,Defensive Anchor,56.2,56.2,2.8252043491670915
Mateusz Klich,2021,Leeds United,ENG-Premier League,MF,30.0,2393,2,Creative Playmaker,86.1,86.1,2.9634020772616143
Raphinha,2021,Leeds United,ENG-Premier League,"MF,FW",23.0,2360,2,Creative Playmaker,100.0,100.0,2.402279555393118
Rodrigo,2021,Leeds United,ENG-Premier League,"MF,FW",29.0,1288,2,Creative Playmaker,70.3,70.3,3.5321638142428
Stuart Dallas,2021,Leeds United,ENG-Premier League,"MF,DF",29.0,3409,3,Box-to-Box Engine,97.6,97.6,2.2099116975781814
Tyler Roberts,2021,Leeds United,ENG-Premier League,"MF,FW",21.0,1340,1,Ball Progressor,91.5,91.5,2.3107708838482504
Ayoze Pérez,2021,Leicester City,ENG-Premier League,"MF,FW",27.0,1331,1,Ball Progressor,54.3,54.3,3.2210861820670393
James Maddison,2021,Leicester City,ENG-Premier League,MF,23.0,2099,2,Creative Playmaker,81.5,81.5,3.1289578144523973
Nampalys Mendy,2021,Leicester City,ENG-Premier League,MF,28.0,1459,0,Defensive Anchor,51.2,51.2,2.939834786144848
Wilfred Ndidi,2021,Leicester City,ENG-Premier League,"MF,DF",23.0,2176,0,Defensive Anchor,0.0,0.0,4.284688968900426
Youri Tielemans,2021,Leicester City,ENG-Premier League,MF,23.0,3357,3,Box-to-Box Engine,100.0,100.0,1.5855849507702116
Curtis Jones,2021,Liverpool,ENG-Premier League,MF,19.0,1179,3,Box-to-Box Engine,50.2,50.2,3.5301610284780325
Georginio Wijnaldum,2021,Liverpool,ENG-Premier League,MF,29.0,2941,0,Defensive Anchor,32.5,32.5,3.3753534879974434
James Milner,2021,Liverpool,ENG-Premier League,"MF,DF",34.0,1070,3,Box-to-Box Engine,38.0,38.0,3.8684107139465604
Jordan Henderson,2021,Liverpool,ENG-Premier League,"MF,DF",30.0,1704,3,Box-to-Box Engine,6.4,6.4,4.747748314084343
Thiago Alcántara,2021,Liverpool,ENG-Premier League,MF,29.0,1854,3,Box-to-Box Engine,71.8,71.8,2.9293951940742113
Bernardo Silva,2021,Manchester City,ENG-Premier League,"MF,FW",25.0,2065,2,Creative Playmaker,60.9,60.9,3.870990328334381
Fernandinho,2021,Manchester City,ENG-Premier League,MF,35.0,1188,3,Box-to-Box Engine,60.9,60.9,3.232058032006558
Kevin De Bruyne,2021,Manchester City,ENG-Premier League,MF,29.0,1997,2,Creative Playmaker,33.6,33.6,4.858100600855367
Rodri,2021,Manchester City,ENG-Premier League,MF,24.0,2748,3,Box-to-Box Engine,46.5,46.5,3.632506116430602
İlkay Gündoğan,2021,Manchester City,ENG-Premier League,MF,29.0,2029,2,Creative Playmaker,37.5,37.5,4.7169126278239295
Bruno Fernandes,2021,Manchester Utd,ENG-Premier League,MF,25.0,3099,2,Creative Playmaker,36.5,36.5,4.752560614368149
Fred,2021,Manchester Utd,ENG-Premier League,MF,27.0,2390,3,Box-to-Box Engine,64.3,64.3,3.1374711532925033
Nemanja Matić,2021,Manchester Utd,ENG-Premier League,MF,31.0,1106,3,Box-to-Box Engine,14.1,14.1,4.5347781858048455
Paul Pogba,2021,Manchester Utd,ENG-Premier League,"MF,FW",27.0,1897,3,Box-to-Box Engine,100.0,100.0,2.1368183189380803
Scott McTominay,2021,Manchester Utd,ENG-Premier League,MF,23.0,2129,0,Defensive Anchor,55.9,55.9,2.831484276596128
Isaac Hayden,2021,Newcastle Utd,ENG-Premier League,"MF,DF",25.0,1942,0,Defensive Anchor,56.7,56.7,2.8130954191186124
Jeff Hendrick,2021,Newcastle Utd,ENG-Premier League,MF,28.0,1422,0,Defensive Anchor,11.8,11.8,3.8556050452714796
Joe Willock,2021,Newcastle Utd,ENG-Premier League,MF,20.0,978,1,Ball Progressor,0.0,0.0,6.278498296318564
Jonjo Shelvey,2021,Newcastle Utd,ENG-Premier League,MF,28.0,2617,0,Defensive Anchor,70.2,70.2,2.499910613370546
Miguel Almirón,2021,Newcastle Utd,ENG-Premier League,"MF,FW",26.0,2429,1,Ball Progressor,100.0,100.0,1.591877209861475
Sean Longstaff,2021,Newcastle Utd,ENG-Premier League,MF,22.0,1412,0,Defensive Anchor,58.9,58.9,2.761946520971832
Ben Osborn,2021,Sheffield Utd,ENG-Premier League,"MF,DF",25.0,1604,1,Ball Progressor,63.6,63.6,2.993040392415732
John Fleck,2021,Sheffield Utd,ENG-Premier League,MF,28.0,2575,0,Defensive Anchor,70.8,70.8,2.4853793149466754
John Lundstram,2021,Sheffield Utd,ENG-Premier League,MF,26.0,2032,1,Ball Progressor,81.8,81.8,2.548802274374779
Oliver Norwood,2021,Sheffield Utd,ENG-Premier League,MF,29.0,2220,0,Defensive Anchor,67.3,67.3,2.567810455921687
Sander Berge,2021,Sheffield Utd,ENG-Premier League,MF,22.0,1120,1,Ball Progressor,54.9,54.9,3.2055632148410296
Ibrahima Diallo,2021,Southampton,ENG-Premier League,MF,21.0,1020,0,Defensive Anchor,96.1,96.1,1.8979315294417975
James Ward-Prowse,2021,Southampton,ENG-Premier League,MF,25.0,3420,3,Box-to-Box Engine,80.7,80.7,2.6802559916113853
Moussa Djenepo,2021,Southampton,ENG-Premier League,MF,22.0,1240,1,Ball Progressor,23.1,23.1,3.9839889148535184
Nathan Redmond,2021,Southampton,ENG-Premier League,"MF,FW",26.0,1738,1,Ball Progressor,77.7,77.7,2.648356548554208
Oriol Romeu,2021,Southampton,ENG-Premier League,MF,28.0,1763,0,Defensive Anchor,34.6,34.6,3.325622093528477
Stuart Armstrong,2021,Southampton,ENG-Premier League,MF,28.0,2764,1,Ball Progressor,70.7,70.7,2.81931623978632
Theo Walcott,2021,Southampton,ENG-Premier League,"MF,FW",31.0,1618,1,Ball Progressor,80.4,80.4,2.581267715714016
Giovani Lo Celso,2021,Tottenham,ENG-Premier League,MF,24.0,945,3,Box-to-Box Engine,93.9,93.9,2.312450481702032
Moussa Sissoko,2021,Tottenham,ENG-Premier League,MF,30.0,1585,0,Defensive Anchor,61.1,61.1,2.711020878902189
Pierre Højbjerg,2021,Tottenham,ENG-Premier League,MF,24.0,3420,0,Defensive Anchor,50.6,50.6,2.954188205567047
Tanguy Ndombele,2021,Tottenham,ENG-Premier League,MF,23.0,2091,3,Box-to-Box Engine,74.5,74.5,2.852527512793726
Ainsley Maitland-Niles,2021,West Brom,ENG-Premier League,MF,22.0,1230,1,Ball Progressor,53.2,53.2,3.247929943749162
Conor Gallagher,2021,West Brom,ENG-Premier League,MF,20.0,2531,0,Defensive Anchor,88.3,88.3,2.080356093062925
Grady Diangana,2021,West Brom,ENG-Premier League,"MF,FW",22.0,1235,1,Ball Progressor,54.8,54.8,3.2083801872586433
Jake Livermore,2021,West Brom,ENG-Premier League,MF,30.0,1242,0,Defensive Anchor,36.8,36.8,3.27537093397789
Matheus Pereira,2021,West Brom,ENG-Premier League,"MF,FW",24.0,2577,2,Creative Playmaker,83.1,83.1,3.072837335477103
Matt Phillips,2021,West Brom,ENG-Premier League,MF,29.0,1828,1,Ball Progressor,88.5,88.5,2.384185795065034
Okay Yokuşlu,2021,West Brom,ENG-Premier League,MF,26.0,1317,0,Defensive Anchor,34.2,34.2,3.3366006337888043
Romaine Sawyers,2021,West Brom,ENG-Premier League,MF,28.0,1487,0,Defensive Anchor,57.5,57.5,2.793532050428014
Declan Rice,2021,West Ham,ENG-Premier League,MF,21.0,2879,0,Defensive Anchor,46.7,46.7,3.0452062757867497
Jesse Lingard,2021,West Ham,ENG-Premier League,"MF,FW",27.0,1421,2,Creative Playmaker,33.6,33.6,4.855482752134526
Tomáš Souček,2021,West Ham,ENG-Premier League,MF,25.0,3419,0,Defensive Anchor,59.6,59.6,2.745820324019465
Daniel Podence,2021,Wolves,ENG-Premier League,"MF,FW",24.0,1661,1,Ball Progressor,72.6,72.6,2.773337171074509
João Moutinho,2021,Wolves,ENG-Premier League,MF,33.0,2528,3,Box-to-Box Engine,87.3,87.3,2.496893127471884
Leander Dendoncker,2021,Wolves,ENG-Premier League,"MF,DF",25.0,2503,0,Defensive Anchor,100.0,100.0,1.7868418312678305
Rúben Neves,2021,Wolves,ENG-Premier League,MF,23.0,2675,3,Box-to-Box Engine,49.5,49.5,3.5487708320885893
Albert Sambi Lokonga,2122,Arsenal,ENG-Premier League,MF,21.0,1134,3,Box-to-Box Engine,80.9,80.9,2.6742762621073206
Emile Smith Rowe,2122,Arsenal,ENG-Premier League,"MF,FW",21.0,1921,1,Ball Progressor,33.7,33.7,3.7246854270197804
Granit Xhaka,2122,Arsenal,ENG-Premier League,"MF,DF",28.0,2327,3,Box-to-Box Engine,78.1,78.1,2.753804150446903
Martin Ødegaard,2122,Arsenal,ENG-Premier League,"MF,FW",22.0,2785,2,Creative Playmaker,85.0,85.0,3.001286909506338
Thomas Partey,2122,Arsenal,ENG-Premier League,MF,28.0,2028,0,Defensive Anchor,74.5,74.5,2.400699558888078
Douglas Luiz,2122,Aston Villa,ENG-Premier League,MF,23.0,2715,0,Defensive Anchor,88.1,88.1,2.0830699761240834
Emi Buendía,2122,Aston Villa,ENG-Premier League,"MF,FW",24.0,1899,2,Creative Playmaker,88.6,88.6,2.871737484302456
Jacob Ramsey,2122,Aston Villa,ENG-Premier League,MF,20.0,2467,1,Ball Progressor,79.9,79.9,2.5942650725389025
John McGinn,2122,Aston Villa,ENG-Premier League,MF,26.0,3090,3,Box-to-Box Engine,65.6,65.6,3.1002614837775444
Marvelous Nakamba,2122,Aston Villa,ENG-Premier League,MF,27.0,904,0,Defensive Anchor,30.8,30.8,3.4156762535379084
Philippe Coutinho,2122,Aston Villa,ENG-Premier League,"MF,FW",29.0,1329,2,Creative Playmaker,84.2,84.2,3.0325915269196413
Christian Eriksen,2122,Brentford,ENG-Premier League,MF,29.0,939,2,Creative Playmaker,47.1,47.1,4.371233985134318
Christian Nørgaard,2122,Brentford,ENG-Premier League,MF,27.0,3054,0,Defensive Anchor,67.4,67.4,2.5649207201394546
Frank Onyeka,2122,Brentford,ENG-Premier League,MF,23.0,1045,0,Defensive Anchor,97.0,97.0,1.877103765645479
Mathias Jensen,2122,Brentford,ENG-Premier League,MF,25.0,1601,1,Ball Progressor,25.0,25.0,3.9376221898166146
Shandon Baptiste,2122,Brentford,ENG-Premier League,MF,23.0,910,0,Defensive Anchor,60.3,60.3,2.72974735919595
Vitaly Janelt,2122,Brentford,ENG-Premier League,MF,23.0,2298,0,Defensive Anchor,70.8,70.8,2.4857012666958678
Adam Lallana,2122,Brighton,ENG-Premier League,MF,33.0,1561,0,Defensive Anchor,76.6,76.6,2.3503231388241
Alexis Mac Allister,2122,Brighton,ENG-Premier League,"MF,FW",22.0,2123,1,Ball Progressor,47.4,47.4,3.3901727046620334
Enock Mwepu,2122,Brighton,ENG-Premier League,MF,23.0,996,1,Ball Progressor,42.8,42.8,3.503676254831294
Jakub Moder,2122,Brighton,ENG-Premier League,MF,22.0,1701,1,Ball Progressor,98.5,98.5,2.138469772336717
Pascal Groß,2122,Brighton,ENG-Premier League,"MF,DF",30.0,2038,2,Creative Playmaker,72.5,72.5,3.4518929921964454
Yves Bissouma,2122,Brighton,ENG-Premier League,MF,24.0,2111,0,Defensive Anchor,69.2,69.2,2.5223748286316816
Aaron Lennon,2122,Burnley,ENG-Premier League,"MF,FW",34.0,1551,1,Ball Progressor,42.5,42.5,3.5095119921143425
Ashley Westwood,2122,Burnley,ENG-Premier League,MF,31.0,2287,0,Defensive Anchor,13.0,13.0,3.8281581101175575
Dwight McNeil,2122,Burnley,ENG-Premier League,MF,21.0,3107,1,Ball Progressor,51.9,51.9,3.28088666595854
Jack Cork,2122,Burnley,ENG-Premier League,MF,32.0,1670,0,Defensive Anchor,36.8,36.8,3.274399538256714
Josh Brownhill,2122,Burnley,ENG-Premier League,MF,25.0,2955,0,Defensive Anchor,69.4,69.4,2.5181174507894553
Jóhann Berg Guðmundsson,2122,Burnley,ENG-Premier League,MF,30.0,1102,1,Ball Progressor,62.7,62.7,3.015895996000961
Callum Hudson-Odoi,2122,Chelsea,ENG-Premier League,"MF,FW",20.0,962,2,Creative Playmaker,62.2,62.2,3.823843017323163
Christian Pulisic,2122,Chelsea,ENG-Premier League,"MF,FW",22.0,1290,1,Ball Progressor,18.0,18.0,4.109771293370359
Hakim Ziyech,2122,Chelsea,ENG-Premier League,"MF,FW",28.0,1319,2,Creative Playmaker,100.0,100.0,2.2383576578370237
Jorginho,2122,Chelsea,ENG-Premier League,MF,29.0,2273,3,Box-to-Box Engine,61.4,61.4,3.2173474719087856
Mason Mount,2122,Chelsea,ENG-Premier League,MF,22.0,2363,2,Creative Playmaker,68.8,68.8,3.586095316770606
Mateo Kovačić,2122,Chelsea,ENG-Premier League,MF,27.0,1558,3,Box-to-Box Engine,79.8,79.8,2.705000763429791
N'Golo Kanté,2122,Chelsea,ENG-Premier League,MF,30.0,1773,3,Box-to-Box Engine,30.0,30.0,4.092366387533606
Ruben Loftus-Cheek,2122,Chelsea,ENG-Premier League,"MF,DF",25.0,1394,3,Box-to-Box Engine,49.1,49.1,3.5588302303038666
Cheikhou Kouyaté,2122,Crystal Palace,ENG-Premier League,MF,31.0,1974,0,Defensive Anchor,52.2,52.2,2.9180163932702783
Conor Gallagher,2122,Crystal Palace,ENG-Premier League,MF,21.0,2845,1,Ball Progressor,75.5,75.5,2.702779834822208
James McArthur,2122,Crystal Palace,ENG-Premier League,MF,33.0,1439,3,Box-to-Box Engine,74.2,74.2,2.8618994062391674
Jeffrey Schlupp,2122,Crystal Palace,ENG-Premier League,"MF,FW",28.0,1851,1,Ball Progressor,66.6,66.6,2.9208249600672547
Will Hughes,2122,Crystal Palace,ENG-Premier League,MF,26.0,1053,0,Defensive Anchor,71.6,71.6,2.4681624499831165
Abdoulaye Doucouré,2122,Everton,ENG-Premier League,MF,28.0,2537,0,Defensive Anchor,100.0,100.0,1.7802407941152611
Alex Iwobi,2122,Everton,ENG-Premier League,"MF,DF",25.0,2035,1,Ball Progressor,79.3,79.3,2.607740966366872
Allan,2122,Everton,ENG-Premier League,MF,30.0,2183,0,Defensive Anchor,67.3,67.3,2.566898028505223
Andros Townsend,2122,Everton,ENG-Premier League,"MF,FW",30.0,1455,1,Ball Progressor,75.4,75.4,2.705203101036508
Anthony Gordon,2122,Everton,ENG-Premier League,"MF,FW",20.0,2285,1,Ball Progressor,81.2,81.2,2.5629373887378653
Demarai Gray,2122,Everton,ENG-Premier League,"MF,FW",25.0,2338,1,Ball Progressor,64.3,64.3,2.9762976529649237
Adam Forshaw,2122,Leeds United,ENG-Premier League,MF,29.0,1530,0,Defensive Anchor,100.0,100.0,1.6854568558708078
Hélder Costa,2122,Leeds United,ENG-Premier League,MF,27.0,1118,1,Ball Progressor,0.0,0.0,7.144425277790192
Kalvin Phillips,2122,Leeds United,ENG-Premier League,MF,25.0,1596,0,Defensive Anchor,30.3,30.3,3.4257971542632535
Mateusz Klich,2122,Leeds United,ENG-Premier League,MF,31.0,2073,1,Ball Progressor,86.6,86.6,2.4303701467510725
Robin Koch,2122,Leeds United,ENG-Premier League,"MF,DF",25.0,1574,0,Defensive Anchor,80.5,80.5,2.260174744989181
Rodrigo,2122,Leeds United,ENG-Premier League,"MF,FW",30.0,2265,1,Ball Progressor,73.4,73.4,2.754530203068105
Tyler Roberts,2122,Leeds United,ENG-Premier League,"MF,FW",22.0,987,1,Ball Progressor,94.7,94.7,2.2325000058543374
Boubakary Soumaré,2122,Leicester City,ENG-Premier League,MF,22.0,1102,0,Defensive Anchor,83.0,83.0,2.2032608873696016
James Maddison,2122,Leicester City,ENG-Premier League,"MF,FW",24.0,2459,2,Creative Playmaker,72.9,72.9,3.438027192111554
Kiernan Dewsbury-Hall,2122,Leicester City,ENG-Premier League,MF,22.0,2105,3,Box-to-Box Engine,81.9,81.9,2.6474493838377127
Nampalys Mendy,2122,Leicester City,ENG-Premier League,MF,29.0,1032,0,Defensive Anchor,0.0,0.0,4.234775521772605
Wilfred Ndidi,2122,Leicester City,ENG-Premier League,"MF,DF",24.0,1618,0,Defensive Anchor,9.2,9.2,3.9163937532830166
Youri Tielemans,2122,Leicester City,ENG-Premier League,MF,24.0,2631,3,Box-to-Box Engine,84.1,84.1,2.5861261637006554
Fabinho,2122,Liverpool,ENG-Premier League,MF,27.0,2314,0,Defensive Anchor,65.7,65.7,2.603345522511597
Jordan Henderson,2122,Liverpool,ENG-Premier League,MF,31.0,2597,3,Box-to-Box Engine,68.3,68.3,3.024917445282378
Naby Keïta,2122,Liverpool,ENG-Premier League,MF,26.0,1173,3,Box-to-Box Engine,23.0,23.0,4.285796689386311
Thiago Alcántara,2122,Liverpool,ENG-Premier League,MF,30.0,1534,3,Box-to-Box Engine,53.0,53.0,3.451344954023725
Bernardo Silva,2122,Manchester City,ENG-Premier League,"MF,FW",26.0,2857,2,Creative Playmaker,95.3,95.3,2.6313203871586874
Fernandinho,2122,Manchester City,ENG-Premier League,"MF,DF",36.0,964,3,Box-to-Box Engine,69.7,69.7,2.986441453422487
Kevin De Bruyne,2122,Manchester City,ENG-Premier League,MF,30.0,2201,2,Creative Playmaker,39.5,39.5,4.643114883811701
Rodri,2122,Manchester City,ENG-Premier League,MF,25.0,2884,3,Box-to-Box Engine,46.8,46.8,3.6252111397302733
İlkay Gündoğan,2122,Manchester City,ENG-Premier League,MF,30.0,1857,2,Creative Playmaker,70.8,70.8,3.5158254938994915
Bruno Fernandes,2122,Manchester Utd,ENG-Premier League,MF,26.0,3111,2,Creative Playmaker,99.1,99.1,2.492819071268219
Fred,2122,Manchester Utd,ENG-Premier League,MF,28.0,2028,3,Box-to-Box Engine,68.9,68.9,3.0080774939295507
Nemanja Matić,2122,Manchester Utd,ENG-Premier League,MF,32.0,1382,3,Box-to-Box Engine,48.4,48.4,3.5789496274142425
Paul Pogba,2122,Manchester Utd,ENG-Premier League,"MF,FW",28.0,1349,3,Box-to-Box Engine,33.8,33.8,3.9873292338908755
Scott McTominay,2122,Manchester Utd,ENG-Premier League,MF,24.0,2387,0,Defensive Anchor,80.5,80.5,2.2604972608877243
Bruno Guimarães,2122,Newcastle Utd,ENG-Premier League,MF,23.0,1034,3,Box-to-Box Engine,0.0,0.0,5.398572010316427
Bruno Guimarães,2122,Newcastle Utd,ENG-Premier League,MF,23.0,1634,3,Box-to-Box Engine,0.0,0.0,5.398572010316427
Isaac Hayden,2122,Newcastle Utd,ENG-Premier League,"MF,DF",26.0,1002,0,Defensive Anchor,38.3,38.3,3.240690989968944
Joe Willock,2122,Newcastle Utd,ENG-Premier League,MF,21.0,2038,0,Defensive Anchor,47.2,47.2,3.033585164384796
Joelinton,2122,Newcastle Utd,ENG-Premier League,"MF,FW",24.0,2558,0,Defensive Anchor,84.8,84.8,2.1603551713515663
Jonjo Shelvey,2122,Newcastle Utd,ENG-Premier League,MF,29.0,1983,0,Defensive Anchor,78.5,78.5,2.3075832986921583
Miguel Almirón,2122,Newcastle Utd,ENG-Premier League,"MF,FW",27.0,1716,1,Ball Progressor,60.4,60.4,3.0706024868745114
Sean Longstaff,2122,Newcastle Utd,ENG-Premier League,MF,23.0,1464,0,Defensive Anchor,54.9,54.9,2.8551589032809166
Billy Gilmour,2122,Norwich City,ENG-Premier League,MF,20.0,1855,3,Box-to-Box Engine,90.8,90.8,2.3993928028654263
Kenny McLean,2122,Norwich City,ENG-Premier League,MF,29.0,2706,0,Defensive Anchor,85.6,85.6,2.1415338219327706
Mathias Normann,2122,Norwich City,ENG-Premier League,MF,25.0,1645,0,Defensive Anchor,99.3,99.3,1.8245607840209754
Pierre Lees-Melou,2122,Norwich City,ENG-Premier League,MF,28.0,2265,0,Defensive Anchor,92.9,92.9,1.9722624191858606
Ibrahima Diallo,2122,Southampton,ENG-Premier League,MF,22.0,1023,0,Defensive Anchor,51.3,51.3,2.939055399223189
James Ward-Prowse,2122,Southampton,ENG-Premier League,MF,26.0,3215,3,Box-to-Box Engine,40.8,40.8,3.7898583447965044
Mohamed Elyounoussi,2122,Southampton,ENG-Premier League,"MF,FW",26.0,2042,1,Ball Progressor,100.0,100.0,1.9151949994480675
Nathan Redmond,2122,Southampton,ENG-Premier League,"MF,FW",27.0,1833,2,Creative Playmaker,75.1,75.1,3.3583385276435784
Oriol Romeu,2122,Southampton,ENG-Premier League,MF,29.0,2889,0,Defensive Anchor,78.9,78.9,2.2979265463551695
Stuart Armstrong,2122,Southampton,ENG-Premier League,MF,29.0,1473,1,Ball Progressor,62.0,62.0,3.033632396886317
Dejan Kulusevski,2122,Tottenham,ENG-Premier League,"MF,FW",21.0,1261,2,Creative Playmaker,76.1,76.1,3.324863038598462
Giovani Lo Celso,2122,Tottenham,ENG-Premier League,"MF,FW",25.0,994,1,Ball Progressor,0.0,0.0,5.85858985654961
Harry Winks,2122,Tottenham,ENG-Premier League,MF,25.0,912,3,Box-to-Box Engine,74.9,74.9,2.8417430388915683
Oliver Skipp,2122,Tottenham,ENG-Premier League,MF,20.0,1350,0,Defensive Anchor,85.0,85.0,2.1558432418333737
Pierre Højbjerg,2122,Tottenham,ENG-Premier League,MF,25.0,3196,3,Box-to-Box Engine,93.2,93.2,2.331609481605427
Rodrigo Bentancur,2122,Tottenham,ENG-Premier League,MF,24.0,1361,3,Box-to-Box Engine,76.1,76.1,2.809588940841143
Rodrigo Bentancur,2122,Tottenham,ENG-Premier League,MF,24.0,1155,3,Box-to-Box Engine,76.1,76.1,2.809588940841143
Son Heung-min,2122,Tottenham,ENG-Premier League,"MF,FW",29.0,3006,2,Creative Playmaker,22.0,22.0,5.276153584943186
Imran Louza,2122,Watford,ENG-Premier League,MF,22.0,1416,0,Defensive Anchor,35.8,35.8,3.2980870059286804
Juraj Kucka,2122,Watford,ENG-Premier League,MF,34.0,1920,0,Defensive Anchor,92.2,92.2,1.9900102688688432
Moussa Sissoko,2122,Watford,ENG-Premier League,MF,31.0,3220,0,Defensive Anchor,80.8,80.8,2.254420719257061
Tom Cleverley,2122,Watford,ENG-Premier League,MF,31.0,1616,0,Defensive Anchor,59.4,59.4,2.750362354739734
Declan Rice,2122,West Ham,ENG-Premier League,MF,22.0,3179,3,Box-to-Box Engine,61.6,61.6,3.212688374506608
Manuel Lanzini,2122,West Ham,ENG-Premier League,"MF,FW",28.0,1786,3,Box-to-Box Engine,64.5,64.5,3.131292980693456
Tomáš Souček,2122,West Ham,ENG-Premier League,MF,26.0,3062,0,Defensive Anchor,95.7,95.7,1.9069971043495553
Fernando Marçal,2122,Wolves,ENG-Premier League,"MF,DF",32.0,1449,0,Defensive Anchor,25.6,25.6,3.5351352658572104
João Moutinho,2122,Wolves,ENG-Premier League,MF,34.0,2970,3,Box-to-Box Engine,85.7,85.7,2.5416999763778807
Leander Dendoncker,2122,Wolves,ENG-Premier League,MF,26.0,1950,0,Defensive Anchor,45.3,45.3,3.077849698738881
Nélson Semedo,2122,Wolves,ENG-Premier League,"MF,DF",27.0,2131,1,Ball Progressor,41.5,41.5,3.533974091155536
Rúben Neves,2122,Wolves,ENG-Premier League,MF,24.0,2661,3,Box-to-Box Engine,83.8,83.8,2.5933080411600242
Granit Xhaka,2223,Arsenal,ENG-Premier League,MF,29.0,2993,1,Ball Progressor,72.2,72.2,2.7821872906450142
Jorginho,2223,Arsenal,ENG-Premier League,MF,30.0,1279,3,Box-to-Box Engine,37.3,37.3,3.889298823415858
Marquinhos,2223,Arsenal,ENG-Premier League,MF,19.0,2717,0,Defensive Anchor,68.9,68.9,2.529201435212877
Martin Ødegaard,2223,Arsenal,ENG-Premier League,MF,23.0,3127,2,Creative Playmaker,79.5,79.5,3.201008424085556
Thomas Partey,2223,Arsenal,ENG-Premier League,MF,29.0,2483,3,Box-to-Box Engine,89.9,89.9,2.4231682305323536
Boubacar Kamara,2223,Aston Villa,ENG-Premier League,MF,22.0,1777,0,Defensive Anchor,69.9,69.9,2.505623798715791
Douglas Luiz,2223,Aston Villa,ENG-Premier League,MF,24.0,2927,3,Box-to-Box Engine,92.2,92.2,2.3596793763878785
Emi Buendía,2223,Aston Villa,ENG-Premier League,"MF,FW",25.0,2412,1,Ball Progressor,93.4,93.4,2.2624275038451773
Jacob Ramsey,2223,Aston Villa,ENG-Premier League,"MF,FW",21.0,2636,1,Ball Progressor,93.3,93.3,2.2667967569020107
John McGinn,2223,Aston Villa,ENG-Premier League,"MF,FW",27.0,2693,0,Defensive Anchor,83.6,83.6,2.188736980096377
Morgan Sanson,2223,Aston Villa,ENG-Premier League,MF,27.0,1419,0,Defensive Anchor,0.0,0.0,7.343194317192646
Dango Ouattara,2223,Bournemouth,ENG-Premier League,"MF,FW",20.0,1241,1,Ball Progressor,83.1,83.1,2.5163769537758105
Dango Ouattara,2223,Bournemouth,ENG-Premier League,"MF,FW",20.0,1548,1,Ball Progressor,83.1,83.1,2.5163769537758105
Jaidon Anthony,2223,Bournemouth,ENG-Premier League,"MF,FW",22.0,1257,1,Ball Progressor,57.6,57.6,3.1389868895851567
Jefferson Lerma,2223,Bournemouth,ENG-Premier League,MF,27.0,3252,0,Defensive Anchor,80.0,80.0,2.271285318399006
Joe Rothwell,2223,Bournemouth,ENG-Premier League,MF,27.0,1016,0,Defensive Anchor,45.0,45.0,3.085010090103196
Lewis Cook,2223,Bournemouth,ENG-Premier League,MF,25.0,1720,0,Defensive Anchor,64.1,64.1,2.642118280956984
Marcus Tavernier,2223,Bournemouth,ENG-Premier League,"MF,FW",23.0,1743,1,Ball Progressor,78.1,78.1,2.6387324770646297
Philip Billing,2223,Bournemouth,ENG-Premier League,"MF,FW",26.0,2764,0,Defensive Anchor,50.3,50.3,2.9609586617997543
Ryan Christie,2223,Bournemouth,ENG-Premier League,"MF,FW",27.0,1834,1,Ball Progressor,94.5,94.5,2.2354674996064756
Christian Nørgaard,2223,Brentford,ENG-Premier League,MF,28.0,1763,0,Defensive Anchor,50.2,50.2,2.9645850521984456
Josh Dasilva,2223,Brentford,ENG-Premier League,MF,23.0,1389,1,Ball Progressor,62.7,62.7,3.0147336977215677
Mathias Jensen,2223,Brentford,ENG-Premier League,MF,26.0,2803,1,Ball Progressor,47.1,47.1,3.3968024009011395
Mikkel Damsgaard,2223,Brentford,ENG-Premier League,"MF,FW",22.0,988,1,Ball Progressor,39.1,39.1,3.592317206610415
Vitaly Janelt,2223,Brentford,ENG-Premier League,"MF,DF",24.0,2208,0,Defensive Anchor,89.5,89.5,2.0512197154592355
Alexis Mac Allister,2223,Brighton,ENG-Premier League,MF,23.0,2886,3,Box-to-Box Engine,31.6,31.6,4.046314574704712
Moisés Caicedo,2223,Brighton,ENG-Premier League,MF,20.0,3139,3,Box-to-Box Engine,83.5,83.5,2.6032366991831615
Pascal Groß,2223,Brighton,ENG-Premier League,"MF,DF",31.0,3239,2,Creative Playmaker,87.9,87.9,2.896339643005463
Conor Gallagher,2223,Chelsea,ENG-Premier League,MF,22.0,1621,1,Ball Progressor,42.0,42.0,3.522363060223122
Enzo Fernández,2223,Chelsea,ENG-Premier League,MF,21.0,1547,3,Box-to-Box Engine,62.1,62.1,3.197796368843157
Jorginho,2223,Chelsea,ENG-Premier League,MF,30.0,1279,0,Defensive Anchor,50.9,50.9,2.947686749003592
Mason Mount,2223,Chelsea,ENG-Premier League,"MF,FW",23.0,1648,1,Ball Progressor,98.5,98.5,2.1388112755277593
Mateo Kovačić,2223,Chelsea,ENG-Premier League,MF,28.0,1707,3,Box-to-Box Engine,98.2,98.2,2.1931965852057878
Ruben Loftus-Cheek,2223,Chelsea,ENG-Premier League,"MF,DF",26.0,1536,1,Ball Progressor,62.0,62.0,3.0329065081638276
Cheick Doucouré,2223,Crystal Palace,ENG-Premier League,MF,22.0,2769,0,Defensive Anchor,100.0,100.0,1.779978325857368
Eberechi Eze,2223,Crystal Palace,ENG-Premier League,"MF,FW",24.0,2636,2,Creative Playmaker,82.0,82.0,3.110678517377054
Jeffrey Schlupp,2223,Crystal Palace,ENG-Premier League,"MF,FW",29.0,2531,0,Defensive Anchor,81.9,81.9,2.2269882705763804
Naouirou Ahamada,2223,Crystal Palace,ENG-Premier League,"MF,FW",20.0,1398,1,Ball Progressor,0.0,0.0,6.486301680279845
Abdoulaye Doucouré,2223,Everton,ENG-Premier League,MF,29.0,1533,1,Ball Progressor,81.1,81.1,2.5656712196893072
Alex Iwobi,2223,Everton,ENG-Premier League,"MF,FW",26.0,3378,1,Ball Progressor,70.8,70.8,2.8171537025838926
Amadou Onana,2223,Everton,ENG-Premier League,MF,20.0,2488,0,Defensive Anchor,76.8,76.8,2.3467249079944956
Idrissa Gana Gueye,2223,Everton,ENG-Premier League,MF,32.0,2577,0,Defensive Anchor,40.9,40.9,3.1793117582242822
Andreas Pereira,2223,Fulham,ENG-Premier League,MF,26.0,2692,1,Ball Progressor,51.6,51.6,3.287959397963961
Harrison Reed,2223,Fulham,ENG-Premier League,MF,27.0,2866,1,Ball Progressor,68.1,68.1,2.8823482368536686
João Palhinha,2223,Fulham,ENG-Premier League,MF,27.0,3108,0,Defensive Anchor,25.9,25.9,3.5278703775033393
Saša Lukić,2223,Fulham,ENG-Premier League,MF,25.0,1195,0,Defensive Anchor,74.1,74.1,2.4092740153433825
Tom Cairney,2223,Fulham,ENG-Premier League,MF,31.0,988,3,Box-to-Box Engine,44.3,44.3,3.694676284379594
Brenden Aaronson,2223,Leeds United,ENG-Premier League,"MF,FW",21.0,2372,1,Ball Progressor,65.6,65.6,2.945352192119793
Marc Roca,2223,Leeds United,ENG-Premier League,MF,25.0,2315,0,Defensive Anchor,81.1,81.1,2.245825957787031
Tyler Adams,2223,Leeds United,ENG-Premier League,MF,23.0,2156,0,Defensive Anchor,11.0,11.0,3.8747617476583276
Weston McKennie,2223,Leeds United,ENG-Premier League,MF,23.0,1437,0,Defensive Anchor,100.0,100.0,1.5920778460337193
Weston McKennie,2223,Leeds United,ENG-Premier League,MF,23.0,1052,0,Defensive Anchor,100.0,100.0,1.5920778460337193
Ayoze Pérez,2223,Leicester City,ENG-Premier League,"MF,FW",29.0,1386,2,Creative Playmaker,30.6,30.6,4.9664558929428875
Boubakary Soumaré,2223,Leicester City,ENG-Premier League,MF,23.0,1629,0,Defensive Anchor,83.0,83.0,2.2014638434189435
James Maddison,2223,Leicester City,ENG-Premier League,"MF,FW",25.0,2480,2,Creative Playmaker,91.6,91.6,2.765123610782456
Kiernan Dewsbury-Hall,2223,Leicester City,ENG-Premier League,MF,23.0,2306,3,Box-to-Box Engine,62.9,62.9,3.1756442949676718
Wilfred Ndidi,2223,Leicester City,ENG-Premier League,MF,25.0,1679,0,Defensive Anchor,41.6,41.6,3.1627318830320066
Youri Tielemans,2223,Leicester City,ENG-Premier League,MF,25.0,2344,3,Box-to-Box Engine,96.7,96.7,2.2345447805853214
Curtis Jones,2223,Liverpool,ENG-Premier League,MF,21.0,1035,1,Ball Progressor,46.1,46.1,3.4223571533928925
Fabinho,2223,Liverpool,ENG-Premier League,MF,28.0,2671,0,Defensive Anchor,94.8,94.8,1.9279817927835359
Harvey Elliott,2223,Liverpool,ENG-Premier League,"MF,FW",19.0,1613,2,Creative Playmaker,69.5,69.5,3.5634446093531578
James Milner,2223,Liverpool,ENG-Premier League,"MF,DF",36.0,913,3,Box-to-Box Engine,46.1,46.1,3.643281057241083
Jordan Henderson,2223,Liverpool,ENG-Premier League,MF,32.0,2074,3,Box-to-Box Engine,72.3,72.3,2.9134305326080483
Thiago Alcántara,2223,Liverpool,ENG-Premier League,MF,31.0,1254,3,Box-to-Box Engine,72.2,72.2,2.9178819790254322
Bernardo Silva,2223,Manchester City,ENG-Premier League,"MF,FW",27.0,2205,2,Creative Playmaker,83.0,83.0,3.0758819573304272
Kevin De Bruyne,2223,Manchester City,ENG-Premier League,MF,31.0,2417,2,Creative Playmaker,41.3,41.3,4.57768493420419
Rodri,2223,Manchester City,ENG-Premier League,MF,26.0,2911,3,Box-to-Box Engine,53.6,53.6,3.4361285832838075
Rodri,2223,Manchester City,ENG-Premier League,MF,26.0,1601,3,Box-to-Box Engine,53.6,53.6,3.4361285832838075
İlkay Gündoğan,2223,Manchester City,ENG-Premier League,MF,31.0,2353,2,Creative Playmaker,69.5,69.5,3.562898340630364
Bruno Fernandes,2223,Manchester Utd,ENG-Premier League,"MF,FW",27.0,3316,2,Creative Playmaker,83.0,83.0,3.0751932876991104
Casemiro,2223,Manchester Utd,ENG-Premier League,MF,30.0,2124,3,Box-to-Box Engine,22.2,22.2,4.310079109080173
Christian Eriksen,2223,Manchester Utd,ENG-Premier League,MF,30.0,2048,3,Box-to-Box Engine,62.3,62.3,3.1913457711361692
Fred,2223,Manchester Utd,ENG-Premier League,MF,29.0,1249,3,Box-to-Box Engine,16.1,16.1,4.478681775855407
Scott McTominay,2223,Manchester Utd,ENG-Premier League,MF,25.0,1160,0,Defensive Anchor,89.1,89.1,2.0600092427263736
Bruno Guimarães,2223,Newcastle Utd,ENG-Premier League,MF,24.0,2726,3,Box-to-Box Engine,88.1,88.1,2.47542314991074
Joe Willock,2223,Newcastle Utd,ENG-Premier League,MF,22.0,2558,1,Ball Progressor,66.6,66.6,2.9200799985673687
Joelinton,2223,Newcastle Utd,ENG-Premier League,"MF,FW",25.0,2661,1,Ball Progressor,48.9,48.9,3.35260888210637
Sean Longstaff,2223,Newcastle Utd,ENG-Premier League,MF,24.0,2518,1,Ball Progressor,81.6,81.6,2.55315165063062
Danilo,2223,Nott'ham Forest,ENG-Premier League,MF,21.0,976,1,Ball Progressor,2.3,2.3,4.493862118722048
Danilo,2223,Nott'ham Forest,ENG-Premier League,MF,21.0,3184,1,Ball Progressor,2.3,2.3,4.493862118722048
Morgan Gibbs-White,2223,Nott'ham Forest,ENG-Premier League,"MF,FW",22.0,2971,1,Ball Progressor,80.8,80.8,2.572611351587181
Orel Mangala,2223,Nott'ham Forest,ENG-Premier League,MF,24.0,1550,0,Defensive Anchor,64.1,64.1,2.6415881960066026
Remo Freuler,2223,Nott'ham Forest,ENG-Premier League,MF,30.0,2161,0,Defensive Anchor,74.4,74.4,2.4019863004705355
Ryan Yates,2223,Nott'ham Forest,ENG-Premier League,MF,24.0,1837,0,Defensive Anchor,43.2,43.2,3.1259802383160618
Carlos Alcaraz,2223,Southampton,ENG-Premier League,"MF,FW",19.0,1029,1,Ball Progressor,39.3,39.3,3.587913594984977
James Ward-Prowse,2223,Southampton,ENG-Premier League,MF,27.0,3371,3,Box-to-Box Engine,40.6,40.6,3.7975149617451613
Joe Aribo,2223,Southampton,ENG-Premier League,"MF,FW",26.0,1224,1,Ball Progressor,86.5,86.5,2.432620580037627
Mohamed Elyounoussi,2223,Southampton,ENG-Premier League,"MF,FW",27.0,2168,1,Ball Progressor,74.6,74.6,2.723081199422366
Oriol Romeu,2223,Southampton,ENG-Premier League,MF,30.0,2950,3,Box-to-Box Engine,0.0,0.0,7.002115497178601
Roméo Lavia,2223,Southampton,ENG-Premier League,MF,18.0,2221,0,Defensive Anchor,85.8,85.8,2.137217453769937
Stuart Armstrong,2223,Southampton,ENG-Premier League,"MF,FW",30.0,1408,1,Ball Progressor,47.4,47.4,3.3895217289163297
Bryan Gil,2223,Tottenham,ENG-Premier League,"MF,FW",21.0,918,1,Ball Progressor,0.0,0.0,5.688921088703676
Dejan Kulusevski,2223,Tottenham,ENG-Premier League,"MF,FW",22.0,2067,2,Creative Playmaker,83.6,83.6,3.0547939432843623
Oliver Skipp,2223,Tottenham,ENG-Premier League,MF,21.0,1491,0,Defensive Anchor,69.7,69.7,2.510832540809314
Pierre Højbjerg,2223,Tottenham,ENG-Premier League,MF,26.0,3131,3,Box-to-Box Engine,78.9,78.9,2.7315860564946446
Richarlison,2223,Tottenham,ENG-Premier League,"MF,FW",25.0,1010,1,Ball Progressor,78.3,78.3,2.6340740384565517
Rodrigo Bentancur,2223,Tottenham,ENG-Premier League,MF,25.0,1500,0,Defensive Anchor,47.0,47.0,3.037983812832414
Son Heung-min,2223,Tottenham,ENG-Premier League,"MF,FW",30.0,2888,1,Ball Progressor,35.5,35.5,3.6816230299865684
Yves Bissouma,2223,Tottenham,ENG-Premier League,MF,25.0,1010,0,Defensive Anchor,51.5,51.5,2.9329135196059815
Declan Rice,2223,West Ham,ENG-Premier League,MF,23.0,3273,3,Box-to-Box Engine,69.6,69.6,2.989164501001281
Lucas Paquetá,2223,West Ham,ENG-Premier League,MF,24.0,2151,3,Box-to-Box Engine,59.7,59.7,3.266365032859365
Tomáš Souček,2223,West Ham,ENG-Premier League,MF,27.0,2815,0,Defensive Anchor,9.9,9.9,3.900055702449364
João Moutinho,2223,Wolves,ENG-Premier League,MF,35.0,1780,3,Box-to-Box Engine,65.6,65.6,3.101692303240658
Mario Lemina,2223,Wolves,ENG-Premier League,MF,28.0,1299,0,Defensive Anchor,51.9,51.9,2.9241859117473696
Matheus Nunes,2223,Wolves,ENG-Premier League,MF,23.0,2467,1,Ball Progressor,94.3,94.3,2.2414175076672502
Rúben Neves,2223,Wolves,ENG-Premier League,MF,25.0,3019,0,Defensive Anchor,53.0,53.0,2.9002063406008722
Declan Rice,2324,Arsenal,ENG-Premier League,MF,24.0,3225,3,Box-to-Box Engine,95.1,95.1,2.2796794567320577
Jorginho,2324,Arsenal,ENG-Premier League,MF,31.0,921,3,Box-to-Box Engine,12.9,12.9,4.567216835807055
Kai Havertz,2324,Arsenal,ENG-Premier League,"MF,FW",24.0,2634,2,Creative Playmaker,37.7,37.7,4.7088972723439255
Martin Ødegaard,2324,Arsenal,ENG-Premier League,MF,24.0,3091,2,Creative Playmaker,56.3,56.3,4.0393844520890845
Boubacar Kamara,2324,Aston Villa,ENG-Premier League,MF,23.0,1652,0,Defensive Anchor,89.7,89.7,2.0473120990022737
Cameron Archer,2324,Aston Villa,ENG-Premier League,MF,22.0,1832,0,Defensive Anchor,0.0,0.0,8.679782223660538
Douglas Luiz,2324,Aston Villa,ENG-Premier League,MF,25.0,2993,3,Box-to-Box Engine,67.3,67.3,3.0536307306095583
John McGinn,2324,Aston Villa,ENG-Premier League,"MF,FW",28.0,2999,1,Ball Progressor,85.9,85.9,2.4476993328460357
Leon Bailey,2324,Aston Villa,ENG-Premier League,"MF,FW",25.0,2068,2,Creative Playmaker,65.8,65.8,3.696739572414044
Youri Tielemans,2324,Aston Villa,ENG-Premier League,"MF,FW",26.0,1622,3,Box-to-Box Engine,38.5,38.5,3.8546839490705977
Alex Scott,2324,Bournemouth,ENG-Premier League,MF,19.0,1014,1,Ball Progressor,72.6,72.6,2.772371268149055
Justin Kluivert,2324,Bournemouth,ENG-Premier League,"MF,FW",24.0,1916,1,Ball Progressor,57.6,57.6,3.1408770441656975
Lewis Cook,2324,Bournemouth,ENG-Premier League,MF,26.0,2786,0,Defensive Anchor,64.1,64.1,2.640723385627373
Philip Billing,2324,Bournemouth,ENG-Premier League,MF,27.0,1398,1,Ball Progressor,51.9,51.9,3.2788388932201458
Romain Faivre,2324,Bournemouth,ENG-Premier League,"MF,FW",25.0,1453,2,Creative Playmaker,0.0,0.0,8.36790815734396
Ryan Christie,2324,Bournemouth,ENG-Premier League,MF,28.0,2907,3,Box-to-Box Engine,65.0,65.0,3.1166102391021857
Christian Nørgaard,2324,Brentford,ENG-Premier League,MF,29.0,2505,0,Defensive Anchor,57.4,57.4,2.796330083571441
Frank Onyeka,2324,Brentford,ENG-Premier League,MF,25.0,1161,0,Defensive Anchor,33.0,33.0,3.363721676471168
Mathias Jensen,2324,Brentford,ENG-Premier League,MF,27.0,2204,1,Ball Progressor,35.6,35.6,3.6791564276775857
Vitaly Janelt,2324,Brentford,ENG-Premier League,"MF,DF",25.0,3054,0,Defensive Anchor,76.6,76.6,2.3501037642470544
Billy Gilmour,2324,Brighton,ENG-Premier League,MF,22.0,2120,3,Box-to-Box Engine,42.8,42.8,3.736255784188683
Carlos Baleba,2324,Brighton,ENG-Premier League,MF,19.0,1325,0,Defensive Anchor,37.5,37.5,3.2589863537015025
Pascal Groß,2324,Brighton,ENG-Premier League,"MF,DF",32.0,3114,2,Creative Playmaker,48.3,48.3,4.327765685468604
Jacob Bruun Larsen,2324,Burnley,ENG-Premier League,"MF,FW",24.0,1249,2,Creative Playmaker,25.2,25.2,5.1596173414003434
Josh Brownhill,2324,Burnley,ENG-Premier League,MF,27.0,2252,0,Defensive Anchor,79.3,79.3,2.288618203224615
Josh Cullen,2324,Burnley,ENG-Premier League,MF,27.0,2057,3,Box-to-Box Engine,50.8,50.8,3.5121727504548845
Jóhann Berg Guðmundsson,2324,Burnley,ENG-Premier League,"MF,FW",32.0,1192,1,Ball Progressor,37.4,37.4,3.6337335489242895
Luca Koleosho,2324,Burnley,ENG-Premier League,"MF,FW",18.0,974,1,Ball Progressor,0.0,0.0,4.686646036080251
Sander Berge,2324,Burnley,ENG-Premier League,MF,25.0,3005,0,Defensive Anchor,85.6,85.6,2.1421792874643444
Wilson Odobert,2324,Burnley,ENG-Premier League,"MF,FW",18.0,2098,1,Ball Progressor,52.3,52.3,3.270493577141568
Conor Gallagher,2324,Chelsea,ENG-Premier League,MF,23.0,3128,3,Box-to-Box Engine,100.0,100.0,1.9684421361732456
Enzo Fernández,2324,Chelsea,ENG-Premier League,MF,22.0,2209,3,Box-to-Box Engine,63.4,63.4,3.160924805775905
Moisés Caicedo,2324,Chelsea,ENG-Premier League,MF,21.0,2866,0,Defensive Anchor,51.8,51.8,2.92684720536691
Adam Wharton,2324,Crystal Palace,ENG-Premier League,MF,19.0,1297,0,Defensive Anchor,33.6,33.6,3.3490341608785354
Cheick Doucouré,2324,Crystal Palace,ENG-Premier League,MF,23.0,919,0,Defensive Anchor,55.8,55.8,2.8335958769029994
Eberechi Eze,2324,Crystal Palace,ENG-Premier League,"MF,FW",25.0,2055,2,Creative Playmaker,80.2,80.2,3.176998292272388
Jefferson Lerma,2324,Crystal Palace,ENG-Premier League,"MF,DF",28.0,2400,0,Defensive Anchor,94.7,94.7,1.9313606734236988
Will Hughes,2324,Crystal Palace,ENG-Premier League,MF,28.0,1891,0,Defensive Anchor,79.4,79.4,2.2871210230885275
Alex Iwobi,2324,Everton,ENG-Premier League,MF,27.0,2192,2,Creative Playmaker,25.4,25.4,5.151539026099983
Amadou Onana,2324,Everton,ENG-Premier League,MF,21.0,2091,0,Defensive Anchor,62.3,62.3,2.6830800072629537
Dwight McNeil,2324,Everton,ENG-Premier League,"MF,FW",23.0,2892,1,Ball Progressor,51.6,51.6,3.2882512656146274
Idrissa Gana Gueye,2324,Everton,ENG-Premier League,MF,33.0,1884,0,Defensive Anchor,49.7,49.7,2.9768509722033865
Jack Harrison,2324,Everton,ENG-Premier League,"MF,FW",26.0,2214,1,Ball Progressor,100.0,100.0,1.797547464973321
James Garner,2324,Everton,ENG-Premier League,MF,22.0,3004,0,Defensive Anchor,71.5,71.5,2.470349299648587
Andreas Pereira,2324,Fulham,ENG-Premier League,MF,27.0,2613,2,Creative Playmaker,62.5,62.5,3.813231526681882
Harrison Reed,2324,Fulham,ENG-Premier League,MF,28.0,1325,0,Defensive Anchor,58.3,58.3,2.775238230127314
João Palhinha,2324,Fulham,ENG-Premier League,MF,28.0,2699,0,Defensive Anchor,40.3,40.3,3.193946618260607
Saša Lukić,2324,Fulham,ENG-Premier League,MF,26.0,1122,0,Defensive Anchor,100.0,100.0,1.772525119257153
Tom Cairney,2324,Fulham,ENG-Premier League,MF,32.0,1488,3,Box-to-Box Engine,28.8,28.8,4.125206893917299
Alexis Mac Allister,2324,Liverpool,ENG-Premier League,MF,24.0,2599,3,Box-to-Box Engine,53.1,53.1,3.4491238953581673
Curtis Jones,2324,Liverpool,ENG-Premier League,MF,22.0,1167,1,Ball Progressor,62.2,62.2,3.028373236582266
Dominik Szoboszlai,2324,Liverpool,ENG-Premier League,MF,22.0,2104,2,Creative Playmaker,77.7,77.7,3.267285006688403
Harvey Elliott,2324,Liverpool,ENG-Premier League,"MF,FW",20.0,1352,2,Creative Playmaker,58.0,58.0,3.9754723544163286
Ryan Gravenberch,2324,Liverpool,ENG-Premier League,MF,21.0,1121,1,Ball Progressor,29.4,29.4,3.8310294780223018
Wataru Endo,2324,Liverpool,ENG-Premier League,MF,30.0,1722,0,Defensive Anchor,71.2,71.2,2.4772601003479005
Albert Sambi Lokonga,2324,Luton Town,ENG-Premier League,MF,23.0,1303,0,Defensive Anchor,53.5,53.5,2.8883195483657977
Andros Townsend,2324,Luton Town,ENG-Premier League,"MF,FW",32.0,1210,1,Ball Progressor,64.5,64.5,2.9701042702922535
Chiedozie Ogbene,2324,Luton Town,ENG-Premier League,"MF,DF",26.0,1995,2,Creative Playmaker,41.6,41.6,4.566548684022707
Jacob Brown,2324,Luton Town,ENG-Premier League,"MF,FW",25.0,1019,1,Ball Progressor,24.0,24.0,3.962413059826783
Jordan Clark,2324,Luton Town,ENG-Premier League,MF,29.0,1304,1,Ball Progressor,48.1,48.1,3.373801984133042
Marvelous Nakamba,2324,Luton Town,ENG-Premier League,MF,29.0,1130,0,Defensive Anchor,15.5,15.5,3.768912181403198
Pelly Ruddock Mpanzu,2324,Luton Town,ENG-Premier League,MF,30.0,1101,0,Defensive Anchor,28.6,28.6,3.4658713379084727
Ross Barkley,2324,Luton Town,ENG-Premier League,MF,29.0,2618,3,Box-to-Box Engine,95.0,95.0,2.283549111450418
Tahith Chong,2324,Luton Town,ENG-Premier League,"MF,FW",23.0,1982,1,Ball Progressor,89.0,89.0,2.370833815180415
Bernardo Silva,2324,Manchester City,ENG-Premier League,"MF,FW",28.0,2578,2,Creative Playmaker,75.3,75.3,3.3542090130362086
Cole Palmer,2324,Manchester City,ENG-Premier League,MF,21.0,2607,0,Defensive Anchor,0.0,0.0,7.246193315490737
James Mcatee,2324,Manchester City,ENG-Premier League,MF,20.0,1822,0,Defensive Anchor,68.9,68.9,2.529201435212877
Julián Álvarez,2324,Manchester City,ENG-Premier League,"MF,FW",23.0,2647,2,Creative Playmaker,57.8,57.8,3.9825310064499537
Kevin De Bruyne,2324,Manchester City,ENG-Premier League,MF,32.0,1221,2,Creative Playmaker,25.3,25.3,5.1577940242018885
Mateo Kovačić,2324,Manchester City,ENG-Premier League,MF,29.0,1551,3,Box-to-Box Engine,63.5,63.5,3.1601179978723595
Rodri,2324,Manchester City,ENG-Premier League,MF,27.0,2931,3,Box-to-Box Engine,0.0,0.0,5.080893741690329
Rodri,2324,Manchester City,ENG-Premier League,MF,27.0,1051,3,Box-to-Box Engine,0.0,0.0,5.080893741690329
Bruno Fernandes,2324,Manchester Utd,ENG-Premier League,"MF,FW",28.0,3118,2,Creative Playmaker,57.4,57.4,3.998734903488396
Casemiro,2324,Manchester Utd,ENG-Premier League,"MF,DF",31.0,1982,0,Defensive Anchor,3.8,3.8,4.0425735248285815
Christian Eriksen,2324,Manchester Utd,ENG-Premier League,MF,31.0,1141,3,Box-to-Box Engine,38.5,38.5,3.8540571611198113
Kobbie Mainoo,2324,Manchester Utd,ENG-Premier League,MF,18.0,1924,0,Defensive Anchor,73.6,73.6,2.421908892659059
Scott McTominay,2324,Manchester Utd,ENG-Premier League,"MF,FW",26.0,1901,1,Ball Progressor,18.4,18.4,4.100364358395869
Sofyan Amrabat,2324,Manchester Utd,ENG-Premier League,"MF,DF",26.0,938,0,Defensive Anchor,54.5,54.5,2.864133093471235
Bruno Guimarães,2324,Newcastle Utd,ENG-Premier League,MF,25.0,3263,3,Box-to-Box Engine,78.1,78.1,2.753007827293184
Elliot Anderson,2324,Newcastle Utd,ENG-Premier League,"MF,FW",20.0,1027,1,Ball Progressor,42.6,42.6,3.507812738219205
Joelinton,2324,Newcastle Utd,ENG-Premier League,"MF,FW",26.0,1279,1,Ball Progressor,72.8,72.8,2.7681960845775815
Lewis Miley,2324,Newcastle Utd,ENG-Premier League,MF,17.0,1202,1,Ball Progressor,83.3,83.3,2.510455918182004
Sean Longstaff,2324,Newcastle Utd,ENG-Premier League,MF,25.0,2747,1,Ball Progressor,79.5,79.5,2.602916936405642
Danilo,2324,Nott'ham Forest,ENG-Premier League,MF,22.0,1792,0,Defensive Anchor,91.3,91.3,2.009607729844457
Danilo,2324,Nott'ham Forest,ENG-Premier League,MF,22.0,2452,0,Defensive Anchor,91.3,91.3,2.009607729844457
Ibrahim Sangaré,2324,Nott'ham Forest,ENG-Premier League,MF,25.0,1035,0,Defensive Anchor,39.3,39.3,3.21823067537682
Morgan Gibbs-White,2324,Nott'ham Forest,ENG-Premier League,"MF,FW",23.0,3156,2,Creative Playmaker,91.5,91.5,2.7691961078484386
Nicolás Domínguez,2324,Nott'ham Forest,ENG-Premier League,"MF,FW",25.0,1495,0,Defensive Anchor,37.4,37.4,3.262205419362518
Orel Mangala,2324,Nott'ham Forest,ENG-Premier League,MF,25.0,1563,0,Defensive Anchor,32.0,32.0,3.3875736746742473
Ryan Yates,2324,Nott'ham Forest,ENG-Premier League,MF,25.0,1992,0,Defensive Anchor,62.5,62.5,2.678178867853663
Andre Brooks,2324,Sheffield Utd,ENG-Premier League,"MF,DF",19.0,938,0,Defensive Anchor,57.8,57.8,2.7866243636747834
Gustavo Hamer,2324,Sheffield Utd,ENG-Premier League,MF,26.0,2910,1,Ball Progressor,70.9,70.9,2.813919388868664
James Mcatee,2324,Sheffield Utd,ENG-Premier League,"MF,FW",20.0,1822,1,Ball Progressor,100.0,100.0,2.013093636806515
Oliver Arblaster,2324,Sheffield Utd,ENG-Premier League,MF,19.0,943,0,Defensive Anchor,87.1,87.1,2.1084134535797134
Oliver Norwood,2324,Sheffield Utd,ENG-Premier League,MF,32.0,1440,0,Defensive Anchor,70.7,70.7,2.487750396124211
Vinicius Souza,2324,Sheffield Utd,ENG-Premier League,MF,24.0,2668,0,Defensive Anchor,24.0,24.0,3.5720672842248162
James Maddison,2324,Tottenham,ENG-Premier League,MF,26.0,2135,2,Creative Playmaker,51.0,51.0,4.2304721621545385
Pape Matar Sarr,2324,Tottenham,ENG-Premier League,MF,20.0,2069,3,Box-to-Box Engine,94.9,94.9,2.2852903219028877
Pierre Højbjerg,2324,Tottenham,ENG-Premier League,MF,27.0,1311,3,Box-to-Box Engine,64.3,64.3,3.1381006771122704
Rodrigo Bentancur,2324,Tottenham,ENG-Premier League,MF,26.0,1005,3,Box-to-Box Engine,88.2,88.2,2.470216945183515
Yves Bissouma,2324,Tottenham,ENG-Premier League,MF,26.0,2068,3,Box-to-Box Engine,48.9,48.9,3.565903320529083
Edson Álvarez,2324,West Ham,ENG-Premier League,MF,25.0,2377,0,Defensive Anchor,61.9,61.9,2.6914677297466367
James Ward-Prowse,2324,West Ham,ENG-Premier League,MF,28.0,3001,1,Ball Progressor,46.4,46.4,3.4134892364531817
Pablo Fornals,2324,West Ham,ENG-Premier League,"MF,FW",27.0,1148,1,Ball Progressor,48.7,48.7,3.357717688025535
Tomáš Souček,2324,West Ham,ENG-Premier League,MF,28.0,2870,0,Defensive Anchor,16.4,16.4,3.7487947970982836
Jean-Ricner Bellegarde,2324,Wolves,ENG-Premier League,"MF,FW",25.0,958,1,Ball Progressor,94.5,94.5,2.2356569607767254
João Gomes,2324,Wolves,ENG-Premier League,MF,22.0,2649,0,Defensive Anchor,47.4,47.4,3.0280388181306694
Mario Lemina,2324,Wolves,ENG-Premier League,MF,29.0,2968,0,Defensive Anchor,100.0,100.0,1.7846719456246949
Pablo Sarabia,2324,Wolves,ENG-Premier League,"MF,FW",31.0,1745,2,Creative Playmaker,100.0,100.0,2.3943105954557695
Tommy Doyle,2324,Wolves,ENG-Premier League,MF,21.0,1222,3,Box-to-Box Engine,23.7,23.7,4.266914619250166
Declan Rice,2425,Arsenal,ENG-Premier League,MF,25.0,2825,3,Box-to-Box Engine,71.0,71.0,2.9509505837620336
Martin Ødegaard,2425,Arsenal,ENG-Premier League,MF,25.0,2325,2,Creative Playmaker,47.8,47.8,4.343898951796859
Mikel Merino,2425,Arsenal,ENG-Premier League,"MF,FW",28.0,1586,1,Ball Progressor,25.5,25.5,3.925810535061943
Thomas Partey,2425,Arsenal,ENG-Premier League,"MF,DF",31.0,2797,3,Box-to-Box Engine,76.7,76.7,2.792226073348349
Amadou Onana,2425,Aston Villa,ENG-Premier League,MF,22.0,1617,0,Defensive Anchor,58.1,58.1,2.7817775151500763
Boubacar Kamara,2425,Aston Villa,ENG-Premier League,MF,24.0,1726,0,Defensive Anchor,70.1,70.1,2.502364340748941
John McGinn,2425,Aston Villa,ENG-Premier League,"MF,FW",29.0,2223,1,Ball Progressor,82.5,82.5,2.5296860947927833
Youri Tielemans,2425,Aston Villa,ENG-Premier League,MF,27.0,3026,3,Box-to-Box Engine,74.0,74.0,2.866469629769569
Justin Kluivert,2425,Bournemouth,ENG-Premier League,MF,25.0,2340,2,Creative Playmaker,59.4,59.4,3.9269117736083317
Lewis Cook,2425,Bournemouth,ENG-Premier League,"MF,DF",27.0,2978,0,Defensive Anchor,83.7,83.7,2.185284863050772
Ryan Christie,2425,Bournemouth,ENG-Premier League,MF,29.0,2117,3,Box-to-Box Engine,70.5,70.5,2.963690733668594
Tyler Adams,2425,Bournemouth,ENG-Premier League,MF,25.0,1965,0,Defensive Anchor,22.9,22.9,3.597427006171736
Christian Nørgaard,2425,Brentford,ENG-Premier League,MF,30.0,2819,0,Defensive Anchor,62.9,62.9,2.669223402920114
Frank Onyeka,2425,Brentford,ENG-Premier League,MF,26.0,2586,0,Defensive Anchor,0.0,0.0,7.093490171948404
Mikkel Damsgaard,2425,Brentford,ENG-Premier League,"MF,FW",24.0,2911,2,Creative Playmaker,63.0,63.0,3.7972477541110274
Vitaly Janelt,2425,Brentford,ENG-Premier League,MF,26.0,2254,0,Defensive Anchor,35.3,35.3,3.3108230261612928
Yehor Yarmoliuk,2425,Brentford,ENG-Premier League,MF,20.0,1450,0,Defensive Anchor,80.7,80.7,2.2556293642266585
Billy Gilmour,2425,Brighton,ENG-Premier League,MF,23.0,1177,3,Box-to-Box Engine,1.8,1.8,4.878020962740227
Carlos Baleba,2425,Brighton,ENG-Premier League,MF,20.0,2661,0,Defensive Anchor,97.7,97.7,1.86063621561645
Georginio Rutter,2425,Brighton,ENG-Premier League,"MF,FW",22.0,1656,1,Ball Progressor,83.1,83.1,2.5165289883851374
Jack Hinshelwood,2425,Brighton,ENG-Premier League,"MF,DF",19.0,1842,1,Ball Progressor,19.3,19.3,4.077002693391313
Matt O'Riley,2425,Brighton,ENG-Premier League,MF,23.0,938,1,Ball Progressor,45.8,45.8,3.429332244229739
Yasin Ayari,2425,Brighton,ENG-Premier League,MF,20.0,1965,1,Ball Progressor,88.1,88.1,2.392988841222748
Cole Palmer,2425,Chelsea,ENG-Premier League,"MF,FW",22.0,3191,2,Creative Playmaker,53.4,53.4,4.143555910627523
Enzo Fernández,2425,Chelsea,ENG-Premier League,MF,23.0,2947,2,Creative Playmaker,83.5,83.5,3.055048274273967
Moisés Caicedo,2425,Chelsea,ENG-Premier League,"MF,DF",22.0,3351,0,Defensive Anchor,57.0,57.0,2.806578884079849
Adam Wharton,2425,Crystal Palace,ENG-Premier League,MF,20.0,1318,3,Box-to-Box Engine,29.6,29.6,4.102349788600734
Daichi Kamada,2425,Crystal Palace,ENG-Premier League,MF,27.0,1564,1,Ball Progressor,62.4,62.4,3.0221828926351333
Eberechi Eze,2425,Crystal Palace,ENG-Premier League,"MF,FW",26.0,2588,2,Creative Playmaker,79.6,79.6,3.197754613533131
Ismaila Sarr,2425,Crystal Palace,ENG-Premier League,MF,26.0,2711,1,Ball Progressor,22.3,22.3,4.003840504288847
Jefferson Lerma,2425,Crystal Palace,ENG-Premier League,"MF,DF",29.0,2274,0,Defensive Anchor,97.6,97.6,1.8640331370141876
Will Hughes,2425,Crystal Palace,ENG-Premier League,MF,29.0,2108,0,Defensive Anchor,47.4,47.4,3.0301878232414845
Abdoulaye Doucouré,2425,Everton,ENG-Premier League,MF,31.0,2564,1,Ball Progressor,90.0,90.0,2.3468305253231487
Dwight McNeil,2425,Everton,ENG-Premier League,"MF,FW",24.0,1371,2,Creative Playmaker,65.7,65.7,3.698518802415138
Idrissa Gana Gueye,2425,Everton,ENG-Premier League,MF,34.0,3063,0,Defensive Anchor,68.0,68.0,2.5516102014514317
James Garner,2425,Everton,ENG-Premier League,"MF,DF",23.0,1594,0,Defensive Anchor,65.0,65.0,2.6197630419473694
Orel Mangala,2425,Everton,ENG-Premier League,MF,26.0,1261,0,Defensive Anchor,31.1,31.1,3.4064607935300244
Andreas Pereira,2425,Fulham,ENG-Premier League,MF,28.0,2013,1,Ball Progressor,42.9,42.9,3.5009089255037598
Emile Smith Rowe,2425,Fulham,ENG-Premier League,MF,24.0,2043,1,Ball Progressor,74.0,74.0,2.7378434346594314
Joshua King,2425,Fulham,ENG-Premier League,MF,17.0,1673,2,Creative Playmaker,0.0,0.0,6.29067769429136
Sander Berge,2425,Fulham,ENG-Premier League,MF,26.0,2224,0,Defensive Anchor,93.6,93.6,1.9567326350192265
Saša Lukić,2425,Fulham,ENG-Premier League,MF,27.0,2344,0,Defensive Anchor,70.0,70.0,2.504849233723712
Jens Cajuste,2425,Ipswich Town,ENG-Premier League,MF,24.0,1959,0,Defensive Anchor,94.3,94.3,1.939116191337403
Kalvin Phillips,2425,Ipswich Town,ENG-Premier League,MF,28.0,1237,0,Defensive Anchor,25.9,25.9,3.5274777469551024
Omari Hutchinson,2425,Ipswich Town,ENG-Premier League,"MF,FW",20.0,2583,1,Ball Progressor,76.9,76.9,2.6669698224827183
Sam Morsy,2425,Ipswich Town,ENG-Premier League,MF,32.0,2751,0,Defensive Anchor,100.0,100.0,1.583408946358447
Bilal El Khannouss,2425,Leicester City,ENG-Premier League,"MF,FW",20.0,2182,1,Ball Progressor,77.1,77.1,2.6620262363027467
Boubakary Soumaré,2425,Leicester City,ENG-Premier League,MF,25.0,2171,0,Defensive Anchor,87.9,87.9,2.089636912681785
Harry Winks,2425,Leicester City,ENG-Premier League,MF,28.0,1538,0,Defensive Anchor,24.5,24.5,3.5611754782363185
Oliver Skipp,2425,Leicester City,ENG-Premier League,MF,23.0,1129,0,Defensive Anchor,42.0,42.0,3.1537979466462085
Wilfred Ndidi,2425,Leicester City,ENG-Premier League,MF,27.0,2324,0,Defensive Anchor,52.7,52.7,2.9068562304129753
Alexis Mac Allister,2425,Liverpool,ENG-Premier League,MF,25.0,2599,3,Box-to-Box Engine,21.1,21.1,4.338914867471202
Curtis Jones,2425,Liverpool,ENG-Premier League,"MF,DF",23.0,1712,1,Ball Progressor,73.2,73.2,2.758102621691069
Dominik Szoboszlai,2425,Liverpool,ENG-Premier League,MF,23.0,2491,2,Creative Playmaker,96.4,96.4,2.5902331301824657
Ryan Gravenberch,2425,Liverpool,ENG-Premier League,MF,22.0,3160,0,Defensive Anchor,56.4,56.4,2.820130149711635
Bernardo Silva,2425,Manchester City,ENG-Premier League,"MF,FW",29.0,2670,2,Creative Playmaker,80.5,80.5,3.1647966138011654
Kevin De Bruyne,2425,Manchester City,ENG-Premier League,"MF,FW",33.0,1702,2,Creative Playmaker,51.7,51.7,4.204979270526151
Mateo Kovačić,2425,Manchester City,ENG-Premier League,MF,30.0,2198,3,Box-to-Box Engine,62.8,62.8,3.178746740276796
Nicolás González,2425,Manchester City,ENG-Premier League,MF,22.0,1750,0,Defensive Anchor,0.0,0.0,4.457611955150447
Phil Foden,2425,Manchester City,ENG-Premier League,"MF,FW",24.0,1777,2,Creative Playmaker,87.3,87.3,2.9202690464736416
İlkay Gündoğan,2425,Manchester City,ENG-Premier League,MF,33.0,2223,1,Ball Progressor,25.2,25.2,3.9328921566715622
Alejandro Garnacho,2425,Manchester Utd,ENG-Premier League,"MF,FW",20.0,2199,2,Creative Playmaker,17.6,17.6,5.43331636372608
Amad Diallo,2425,Manchester Utd,ENG-Premier League,"MF,FW",22.0,1901,2,Creative Playmaker,70.3,70.3,3.5328526746941042
Bruno Fernandes,2425,Manchester Utd,ENG-Premier League,MF,29.0,3018,2,Creative Playmaker,45.2,45.2,4.4386218761585585
Casemiro,2425,Manchester Utd,ENG-Premier League,MF,32.0,1494,3,Box-to-Box Engine,19.2,19.2,4.392422050694816
Christian Eriksen,2425,Manchester Utd,ENG-Premier League,MF,32.0,1061,1,Ball Progressor,0.0,0.0,5.437521055980928
Kobbie Mainoo,2425,Manchester Utd,ENG-Premier League,MF,19.0,1651,0,Defensive Anchor,78.1,78.1,2.31667963827877
Manuel Ugarte,2425,Manchester Utd,ENG-Premier League,MF,23.0,1785,0,Defensive Anchor,74.2,74.2,2.4073073009643187
Scott McTominay,2425,Manchester Utd,ENG-Premier League,MF,27.0,2938,1,Ball Progressor,0.0,0.0,9.366035359289041
Bruno Guimarães,2425,Newcastle Utd,ENG-Premier League,MF,26.0,3271,3,Box-to-Box Engine,59.1,59.1,3.281868163564162
Joe Willock,2425,Newcastle Utd,ENG-Premier League,"MF,FW",24.0,1086,1,Ball Progressor,29.7,29.7,3.8224296782896405
Joelinton,2425,Newcastle Utd,ENG-Premier League,"MF,FW",27.0,2393,1,Ball Progressor,88.5,88.5,2.3847084372225287
Sandro Tonali,2425,Newcastle Utd,ENG-Premier League,MF,24.0,2630,0,Defensive Anchor,72.6,72.6,2.4452141510182757
Elliot Anderson,2425,Nott'ham Forest,ENG-Premier League,MF,21.0,2728,3,Box-to-Box Engine,68.7,68.7,3.013227547516036
James Ward-Prowse,2425,Nott'ham Forest,ENG-Premier League,MF,29.0,1039,0,Defensive Anchor,3.0,3.0,4.060755315871302
Morgan Gibbs-White,2425,Nott'ham Forest,ENG-Premier League,MF,24.0,2803,1,Ball Progressor,64.7,64.7,2.96702957691435
Nicolás Domínguez,2425,Nott'ham Forest,ENG-Premier League,"MF,FW",26.0,1963,0,Defensive Anchor,40.5,40.5,3.1896589840780067
Ryan Yates,2425,Nott'ham Forest,ENG-Premier League,MF,26.0,1915,0,Defensive Anchor,73.1,73.1,2.432330274412097
Flynn Downes,2425,Southampton,ENG-Premier League,MF,25.0,2151,0,Defensive Anchor,66.5,66.5,2.585686080142458
Joe Aribo,2425,Southampton,ENG-Premier League,"MF,DF",28.0,2013,0,Defensive Anchor,73.5,73.5,2.422375919858785
Lesley Ugochukwu,2425,Southampton,ENG-Premier League,MF,20.0,1655,0,Defensive Anchor,62.6,62.6,2.676022563100345
Mateus Fernandes,2425,Southampton,ENG-Premier League,MF,20.0,2909,1,Ball Progressor,67.7,67.7,2.8922683135578455
Dejan Kulusevski,2425,Tottenham,ENG-Premier League,"MF,FW",24.0,2389,2,Creative Playmaker,86.2,86.2,2.95987951469307
James Maddison,2425,Tottenham,ENG-Premier League,MF,27.0,1809,2,Creative Playmaker,62.9,62.9,3.801197823171821
Lucas Bergvall,2425,Tottenham,ENG-Premier League,MF,18.0,1212,0,Defensive Anchor,53.4,53.4,2.8900696949564773
Pape Matar Sarr,2425,Tottenham,ENG-Premier League,MF,21.0,1913,0,Defensive Anchor,63.1,63.1,2.6639569342738296
Rodrigo Bentancur,2425,Tottenham,ENG-Premier League,MF,27.0,1645,0,Defensive Anchor,68.5,68.5,2.5388555775870114
Yves Bissouma,2425,Tottenham,ENG-Premier League,MF,27.0,1408,0,Defensive Anchor,36.0,36.0,3.29346035872836
Carlos Soler,2425,West Ham,ENG-Premier League,"MF,FW",27.0,1409,1,Ball Progressor,79.4,79.4,2.606285330819259
Edson Álvarez,2425,West Ham,ENG-Premier League,MF,26.0,1772,0,Defensive Anchor,80.0,80.0,2.2722763762039557
Guido Rodríguez,2425,West Ham,ENG-Premier League,MF,30.0,1149,0,Defensive Anchor,46.6,46.6,3.0477611932488893
James Ward-Prowse,2425,West Ham,ENG-Premier League,MF,29.0,1039,3,Box-to-Box Engine,26.3,26.3,4.193868623051661
Lucas Paquetá,2425,West Ham,ENG-Premier League,"MF,FW",26.0,2380,1,Ball Progressor,57.0,57.0,3.1560383367743703
Tomáš Souček,2425,West Ham,ENG-Premier League,MF,29.0,2567,1,Ball Progressor,0.0,0.0,4.708062215042384
André,2425,Wolves,ENG-Premier League,MF,23.0,2472,0,Defensive Anchor,57.8,57.8,2.7867450346350036
Gonçalo Guedes,2425,Wolves,ENG-Premier League,"MF,FW",27.0,995,1,Ball Progressor,22.3,22.3,4.003793474052334
Jean-Ricner Bellegarde,2425,Wolves,ENG-Premier League,"MF,FW",26.0,1677,1,Ball Progressor,59.4,59.4,3.0956737201092586
João Gomes,2425,Wolves,ENG-Premier League,MF,23.0,2974,0,Defensive Anchor,48.8,48.8,2.9973256924445617
Mario Lemina,2425,Wolves,ENG-Premier League,"MF,DF",30.0,1364,0,Defensive Anchor,57.4,57.4,2.796503334144161
Marshall Munetsi,2425,Wolves,ENG-Premier League,"MF,FW",28.0,1078,1,Ball Progressor,0.0,0.0,4.625375486867117
Marshall Munetsi,2425,Wolves,ENG-Premier League,"MF,FW",28.0,1692,1,Ball Progressor,0.0,0.0,4.625375486867117
Matheus Cunha,2425,Wolves,ENG-Premier League,"MF,FW",25.0,2597,2,Creative Playmaker,88.1,88.1,2.8898194457137842
Alfonso Pedraza,1718,Alavés,ESP-La Liga,"MF,DF",21.0,2440,1,Ball Progressor,84.8,84.8,2.4749650427645857
Burgui,1718,Alavés,ESP-La Liga,"MF,FW",23.0,1034,1,Ball Progressor,53.4,53.4,3.2441966207536956
Daniel Torres,1718,Alavés,ESP-La Liga,MF,27.0,1217,0,Defensive Anchor,63.0,63.0,2.666339118457704
Ibai Gómez,1718,Alavés,ESP-La Liga,"MF,FW",27.0,2319,1,Ball Progressor,77.8,77.8,2.644674492395706
Manu García,1718,Alavés,ESP-La Liga,MF,31.0,2439,0,Defensive Anchor,80.4,80.4,2.263152445400381
Tomás Pina Isla,1718,Alavés,ESP-La Liga,MF,29.0,2387,0,Defensive Anchor,63.8,63.8,2.649354961320083
Wakaso,1718,Alavés,ESP-La Liga,MF,27.0,1098,0,Defensive Anchor,28.0,28.0,3.4791520163049174
Álvaro Medrán,1718,Alavés,ESP-La Liga,MF,23.0,947,0,Defensive Anchor,69.8,69.8,2.509437256493504
Ander Iturraspe,1718,Athletic Club,ESP-La Liga,MF,28.0,1904,0,Defensive Anchor,46.7,46.7,3.0447805744705847
Beñat Etxebarria,1718,Athletic Club,ESP-La Liga,MF,30.0,1120,3,Box-to-Box Engine,33.0,33.0,4.008400129223436
Mikel Rico,1718,Athletic Club,ESP-La Liga,MF,32.0,1171,0,Defensive Anchor,62.1,62.1,2.6867279237866373
Mikel San José,1718,Athletic Club,ESP-La Liga,MF,28.0,2155,0,Defensive Anchor,100.0,100.0,1.5852747885903018
Raúl García,1718,Athletic Club,ESP-La Liga,"MF,FW",31.0,2627,1,Ball Progressor,12.1,12.1,4.254703289670781
Raúl García,1718,Athletic Club,ESP-La Liga,"MF,FW",31.0,1392,1,Ball Progressor,12.1,12.1,4.254703289670781
Gabi,1718,Atlético Madrid,ESP-La Liga,MF,34.0,2349,3,Box-to-Box Engine,67.4,67.4,3.0512804305097014
Koke,1718,Atlético Madrid,ESP-La Liga,MF,25.0,2756,3,Box-to-Box Engine,89.3,89.3,2.4402270233734944
Saúl Ñíguez,1718,Atlético Madrid,ESP-La Liga,MF,22.0,3155,0,Defensive Anchor,52.0,52.0,2.9224336978492955
Thomas Partey,1718,Atlético Madrid,ESP-La Liga,"MF,DF",24.0,2377,0,Defensive Anchor,27.8,27.8,3.4830845403039032
Yannick Carrasco,1718,Atlético Madrid,ESP-La Liga,"MF,FW",23.0,901,2,Creative Playmaker,53.5,53.5,4.139935961915534
Ángel Correa,1718,Atlético Madrid,ESP-La Liga,"MF,FW",22.0,2253,1,Ball Progressor,40.0,40.0,3.5711583040870165
Andrés Iniesta,1718,Barcelona,ESP-La Liga,MF,33.0,1824,3,Box-to-Box Engine,0.0,0.0,5.09365488222335
Ivan Rakitić,1718,Barcelona,ESP-La Liga,MF,29.0,2835,3,Box-to-Box Engine,96.8,96.8,2.2316606681429767
Paulinho,1718,Barcelona,ESP-La Liga,MF,29.0,1945,1,Ball Progressor,0.0,0.0,4.575760543722339
Philippe Coutinho,1718,Barcelona,ESP-La Liga,"MF,FW",25.0,1109,2,Creative Playmaker,51.8,51.8,4.20113009509035
Philippe Coutinho,1718,Barcelona,ESP-La Liga,"MF,FW",25.0,1296,2,Creative Playmaker,51.8,51.8,4.20113009509035
Sergio Busquets,1718,Barcelona,ESP-La Liga,MF,29.0,2593,3,Box-to-Box Engine,53.9,53.9,3.427623227354402
Andrés Guardado,1718,Betis,ESP-La Liga,MF,30.0,2264,3,Box-to-Box Engine,100.0,100.0,2.0067855372914365
Fabián Ruiz Peña,1718,Betis,ESP-La Liga,MF,21.0,2659,3,Box-to-Box Engine,82.7,82.7,2.6241603516896053
Javi García,1718,Betis,ESP-La Liga,"MF,DF",30.0,2410,0,Defensive Anchor,43.1,43.1,3.127905217336563
Joaquín,1718,Betis,ESP-La Liga,"MF,FW",36.0,2479,2,Creative Playmaker,100.0,100.0,2.2438856144960977
Ryad Boudebouz,1718,Betis,ESP-La Liga,"MF,FW",27.0,1360,1,Ball Progressor,53.7,53.7,3.2366098648179102
Víctor Camarasa,1718,Betis,ESP-La Liga,MF,23.0,1252,1,Ball Progressor,62.6,62.6,3.016550765820171
Brais Méndez,1718,Celta Vigo,ESP-La Liga,"MF,FW",20.0,948,1,Ball Progressor,92.4,92.4,2.2892384192869515
Daniel Wass,1718,Celta Vigo,ESP-La Liga,"MF,DF",28.0,2932,1,Ball Progressor,85.4,85.4,2.4586798741444422
Jozabed,1718,Celta Vigo,ESP-La Liga,MF,26.0,1473,3,Box-to-Box Engine,76.9,76.9,2.78719486189794
Nemanja Radoja,1718,Celta Vigo,ESP-La Liga,MF,24.0,1105,0,Defensive Anchor,64.9,64.9,2.6223321664260526
Pablo Hernández,1718,Celta Vigo,ESP-La Liga,MF,30.0,1819,3,Box-to-Box Engine,62.9,62.9,3.175381110057618
Stanislav Lobotka,1718,Celta Vigo,ESP-La Liga,MF,22.0,3061,0,Defensive Anchor,23.6,23.6,3.5823483433936842
Dani García,1718,Eibar,ESP-La Liga,MF,27.0,2775,0,Defensive Anchor,58.6,58.6,2.769979885344072
Fabián Orellana,1718,Eibar,ESP-La Liga,"MF,FW",31.0,1180,2,Creative Playmaker,58.6,58.6,3.9562009174025063
Gonzalo Escalante,1718,Eibar,ESP-La Liga,MF,24.0,1565,0,Defensive Anchor,76.2,76.2,2.3607762306229563
Iván Alejo,1718,Eibar,ESP-La Liga,"MF,FW",22.0,1102,2,Creative Playmaker,18.9,18.9,5.385846302757444
Joan Jordán,1718,Eibar,ESP-La Liga,MF,23.0,2427,1,Ball Progressor,82.8,82.8,2.522126498463353
Papakouli Diop,1718,Eibar,ESP-La Liga,MF,31.0,940,0,Defensive Anchor,47.1,47.1,3.0353878427229253
Takashi Inui,1718,Eibar,ESP-La Liga,"MF,FW",29.0,2631,1,Ball Progressor,83.7,83.7,2.5002404624717243
Carlos Sánchez,1718,Espanyol,ESP-La Liga,MF,31.0,1122,0,Defensive Anchor,40.7,40.7,3.185831314140921
Esteban Granero,1718,Espanyol,ESP-La Liga,MF,30.0,1230,3,Box-to-Box Engine,91.2,91.2,2.3894387365320293
Javi Fuego,1718,Espanyol,ESP-La Liga,MF,33.0,1341,0,Defensive Anchor,63.7,63.7,2.6495768459615947
José Manuel Jurado,1718,Espanyol,ESP-La Liga,"MF,FW",31.0,1501,1,Ball Progressor,71.5,71.5,2.800968511176627
Pablo Piatti,1718,Espanyol,ESP-La Liga,"MF,FW",28.0,1738,1,Ball Progressor,34.4,34.4,3.708156761590557
Papakouli Diop,1718,Espanyol,ESP-La Liga,MF,31.0,940,0,Defensive Anchor,39.7,39.7,3.209033838259203
Sergi Darder,1718,Espanyol,ESP-La Liga,MF,23.0,2782,0,Defensive Anchor,98.7,98.7,1.8389024626334303
Víctor Sánchez,1718,Espanyol,ESP-La Liga,"MF,DF",29.0,2457,0,Defensive Anchor,18.4,18.4,3.7023237981358563
Amath,1718,Getafe,ESP-La Liga,"MF,FW",21.0,2859,1,Ball Progressor,71.1,71.1,2.8087446172880375
Fayçal Fajr,1718,Getafe,ESP-La Liga,"MF,FW",28.0,2385,0,Defensive Anchor,78.6,78.6,2.3045360586874284
Francisco Portillo,1718,Getafe,ESP-La Liga,"MF,FW",27.0,2460,1,Ball Progressor,50.6,50.6,3.311696844334154
Gaku Shibasaki,1718,Getafe,ESP-La Liga,"MF,FW",25.0,1002,1,Ball Progressor,28.7,28.7,3.8467000274150873
Markel Bergara,1718,Getafe,ESP-La Liga,MF,31.0,1463,0,Defensive Anchor,0.0,0.0,4.733414096804839
Mauro Arambarri,1718,Getafe,ESP-La Liga,MF,21.0,2124,0,Defensive Anchor,68.2,68.2,2.546007898852984
Mehdi Lacen,1718,Getafe,ESP-La Liga,MF,33.0,1056,0,Defensive Anchor,0.0,0.0,4.338884591151177
Borja García,1718,Girona,ESP-La Liga,MF,26.0,2798,1,Ball Progressor,70.1,70.1,2.8331182616314066
David Timor,1718,Girona,ESP-La Liga,"MF,DF",27.0,925,0,Defensive Anchor,45.3,45.3,3.0781448383504317
Pere Pons,1718,Girona,ESP-La Liga,MF,24.0,2559,0,Defensive Anchor,83.3,83.3,2.1950046125692255
Portu,1718,Girona,ESP-La Liga,MF,25.0,2997,1,Ball Progressor,14.8,14.8,4.188030698451322
Álex Granell,1718,Girona,ESP-La Liga,MF,28.0,2848,3,Box-to-Box Engine,61.9,61.9,3.2037768212733106
Celso Borges,1718,La Coruña,ESP-La Liga,MF,29.0,2300,0,Defensive Anchor,78.1,78.1,2.316886032376481
Emre Çolak,1718,La Coruña,ESP-La Liga,MF,26.0,1449,2,Creative Playmaker,41.3,41.3,4.579626986177039
Federico Valverde,1718,La Coruña,ESP-La Liga,"MF,FW",19.0,1233,0,Defensive Anchor,89.4,89.4,2.0532670632070205
Guilherme,1718,La Coruña,ESP-La Liga,MF,26.0,2639,0,Defensive Anchor,100.0,100.0,1.7346255426345056
Guilherme,1718,La Coruña,ESP-La Liga,MF,26.0,944,0,Defensive Anchor,100.0,100.0,1.7346255426345056
Pedro Mosquera,1718,La Coruña,ESP-La Liga,MF,29.0,1396,0,Defensive Anchor,86.7,86.7,2.11740541501566
Alberto Aquilani,1718,Las Palmas,ESP-La Liga,MF,33.0,1297,0,Defensive Anchor,70.3,70.3,2.4984635869137293
Javi Castellano,1718,Las Palmas,ESP-La Liga,MF,29.0,1566,0,Defensive Anchor,55.5,55.5,2.842222788999509
Jonathan Viera,1718,Las Palmas,ESP-La Liga,MF,27.0,1993,2,Creative Playmaker,57.0,57.0,4.011968261069231
Oghenekaro Etebo,1718,Las Palmas,ESP-La Liga,MF,21.0,1215,0,Defensive Anchor,68.4,68.4,2.5408560876391912
Tana,1718,Las Palmas,ESP-La Liga,"MF,FW",26.0,1552,1,Ball Progressor,50.9,50.9,3.303097433571577
Vicente Gómez,1718,Las Palmas,ESP-La Liga,MF,28.0,1525,0,Defensive Anchor,50.4,50.4,2.9597125627047807
Alexander,1718,Leganés,ESP-La Liga,"MF,FW",28.0,1060,1,Ball Progressor,42.2,42.2,3.517818381049349
Darko Brašanac,1718,Leganés,ESP-La Liga,"MF,FW",25.0,1203,0,Defensive Anchor,60.8,60.8,2.7171487128743874
Gabriel,1718,Leganés,ESP-La Liga,MF,23.0,2377,0,Defensive Anchor,49.6,49.6,2.9772092127271588
Gerard Gumbau,1718,Leganés,ESP-La Liga,MF,22.0,1434,0,Defensive Anchor,48.4,48.4,3.0066848106565303
Javier Eraso,1718,Leganés,ESP-La Liga,"MF,FW",27.0,2533,1,Ball Progressor,74.2,74.2,2.7347171825291072
Rubén Pérez,1718,Leganés,ESP-La Liga,MF,28.0,2516,0,Defensive Anchor,2.1,2.1,4.080139209223514
Cheick Doukouré,1718,Levante,ESP-La Liga,MF,24.0,1022,0,Defensive Anchor,59.1,59.1,2.7564100053165466
Enis Bardhi,1718,Levante,ESP-La Liga,MF,22.0,1580,1,Ball Progressor,24.8,24.8,3.942240832901737
Ivi,1718,Levante,ESP-La Liga,"MF,FW",23.0,1762,1,Ball Progressor,93.6,93.6,2.258238470343514
Jefferson Lerma,1718,Levante,ESP-La Liga,MF,22.0,2135,0,Defensive Anchor,56.4,56.4,2.820812255313861
José Campaña,1718,Levante,ESP-La Liga,MF,24.0,2734,3,Box-to-Box Engine,100.0,100.0,1.8037110877007394
José Luis Morales,1718,Levante,ESP-La Liga,"MF,FW",30.0,3058,2,Creative Playmaker,76.5,76.5,3.3085445501898914
Saša Lukić,1718,Levante,ESP-La Liga,MF,20.0,994,0,Defensive Anchor,81.0,81.0,2.2495496826400236
Adrián González,1718,Málaga,ESP-La Liga,"MF,FW",29.0,2340,0,Defensive Anchor,86.2,86.2,2.12818365249636
Chory Castro,1718,Málaga,ESP-La Liga,"MF,FW",32.0,2061,1,Ball Progressor,86.4,86.4,2.4352841138359778
Keko,1718,Málaga,ESP-La Liga,"MF,FW",25.0,1209,1,Ball Progressor,35.1,35.1,3.691220375707787
Manuel Iturra,1718,Málaga,ESP-La Liga,MF,33.0,1583,0,Defensive Anchor,48.8,48.8,2.996062615031942
Mehdi Lacen,1718,Málaga,ESP-La Liga,MF,33.0,1056,0,Defensive Anchor,93.8,93.8,1.9512975252605411
Recio,1718,Málaga,ESP-La Liga,MF,26.0,1837,0,Defensive Anchor,84.8,84.8,2.1610085393030998
Casemiro,1718,Real Madrid,ESP-La Liga,MF,25.0,2595,0,Defensive Anchor,0.0,0.0,4.1732519904928145
Isco,1718,Real Madrid,ESP-La Liga,MF,25.0,1774,2,Creative Playmaker,0.0,0.0,6.37424256904936
Lucas Vázquez,1718,Real Madrid,ESP-La Liga,"MF,FW",26.0,1679,2,Creative Playmaker,32.1,32.1,4.910915197505475
Luka Modrić,1718,Real Madrid,ESP-La Liga,MF,31.0,1970,3,Box-to-Box Engine,11.1,11.1,4.617777702915987
Mateo Kovačić,1718,Real Madrid,ESP-La Liga,MF,23.0,992,3,Box-to-Box Engine,15.1,15.1,4.506380712410267
Toni Kroos,1718,Real Madrid,ESP-La Liga,MF,27.0,2261,3,Box-to-Box Engine,0.0,0.0,5.072518046813398
Asier Illarramendi,1718,Real Sociedad,ESP-La Liga,MF,27.0,3163,3,Box-to-Box Engine,53.3,53.3,3.4437890575677184
David Zurutuza,1718,Real Sociedad,ESP-La Liga,MF,31.0,2242,0,Defensive Anchor,100.0,100.0,1.248476857743232
Igor Zubeldia,1718,Real Sociedad,ESP-La Liga,MF,20.0,1582,0,Defensive Anchor,61.8,61.8,2.695348608558321
Sergio Canales,1718,Real Sociedad,ESP-La Liga,"MF,FW",26.0,1928,2,Creative Playmaker,84.5,84.5,3.0211358244055924
Xabi Prieto,1718,Real Sociedad,ESP-La Liga,"MF,FW",33.0,1929,2,Creative Playmaker,68.5,68.5,3.5964881492639313
Franco Vázquez,1718,Sevilla,ESP-La Liga,MF,28.0,1838,2,Creative Playmaker,89.9,89.9,2.826081016811804
Guido Pizarro,1718,Sevilla,ESP-La Liga,MF,27.0,1755,0,Defensive Anchor,35.5,35.5,3.3054531846750375
Steven Nzonzi,1718,Sevilla,ESP-La Liga,MF,28.0,2214,3,Box-to-Box Engine,41.2,41.2,3.7792217420075875
Éver Banega,1718,Sevilla,ESP-La Liga,MF,29.0,2399,3,Box-to-Box Engine,0.0,0.0,4.953795272107307
Andreas Pereira,1718,Valencia,ESP-La Liga,MF,21.0,1078,2,Creative Playmaker,65.2,65.2,3.7159186790865677
Carlos Soler,1718,Valencia,ESP-La Liga,MF,20.0,2365,1,Ball Progressor,100.0,100.0,1.8865361190247927
Daniel Parejo,1718,Valencia,ESP-La Liga,MF,28.0,3001,3,Box-to-Box Engine,45.1,45.1,3.672635716268125
Geoffrey Kondogbia,1718,Valencia,ESP-La Liga,MF,24.0,2614,3,Box-to-Box Engine,49.2,49.2,3.556659599886141
Gonçalo Guedes,1718,Valencia,ESP-La Liga,MF,20.0,2439,2,Creative Playmaker,66.1,66.1,3.683195520336084
João Cancelo,1718,Valencia,ESP-La Liga,MF,23.0,1851,2,Creative Playmaker,0.0,0.0,8.404280155114412
Álvaro Medrán,1718,Valencia,ESP-La Liga,MF,23.0,947,0,Defensive Anchor,0.0,0.0,5.330088432651339
Dani Raba,1718,Villarreal,ESP-La Liga,"MF,FW",21.0,1110,1,Ball Progressor,41.4,41.4,3.536640118599881
Denis Cheryshev,1718,Villarreal,ESP-La Liga,"MF,FW",26.0,926,2,Creative Playmaker,28.0,28.0,5.060368159632954
Javi Fuego,1718,Villarreal,ESP-La Liga,MF,33.0,1341,0,Defensive Anchor,3.3,3.3,4.053905264015959
Manu Trigueros,1718,Villarreal,ESP-La Liga,MF,25.0,2698,3,Box-to-Box Engine,100.0,100.0,1.361654673798096
Pablo Fornals,1718,Villarreal,ESP-La Liga,"MF,FW",21.0,2620,2,Creative Playmaker,83.1,83.1,3.0696857793219987
Roberto Soriano,1718,Villarreal,ESP-La Liga,"MF,FW",26.0,1139,1,Ball Progressor,65.8,65.8,2.9384176509387085
Rodri,1718,Villarreal,ESP-La Liga,MF,21.0,3227,0,Defensive Anchor,5.9,5.9,3.9935579232794653
Samu Castillejo,1718,Villarreal,ESP-La Liga,"MF,FW",22.0,2074,2,Creative Playmaker,81.6,81.6,3.124204807223628
Darko Brašanac,1819,Alavés,ESP-La Liga,MF,26.0,1580,0,Defensive Anchor,84.9,84.9,2.158771477709674
Ibai Gómez,1819,Alavés,ESP-La Liga,"MF,FW",28.0,1449,1,Ball Progressor,73.1,73.1,2.7598026160049973
Jony,1819,Alavés,ESP-La Liga,"MF,FW",27.0,2971,2,Creative Playmaker,74.7,74.7,3.37441849476243
Manu García,1819,Alavés,ESP-La Liga,MF,32.0,2330,0,Defensive Anchor,72.2,72.2,2.4544676260630083
Manu García,1819,Alavés,ESP-La Liga,MF,32.0,1843,0,Defensive Anchor,72.2,72.2,2.4544676260630083
Tomás Pina Isla,1819,Alavés,ESP-La Liga,MF,30.0,2340,0,Defensive Anchor,62.8,62.8,2.672349856860543
Wakaso,1819,Alavés,ESP-La Liga,MF,28.0,1669,0,Defensive Anchor,61.4,61.4,2.7034922401687833
Beñat Etxebarria,1819,Athletic Club,ESP-La Liga,MF,31.0,2031,3,Box-to-Box Engine,67.9,67.9,3.038109448878284
Dani García,1819,Athletic Club,ESP-La Liga,MF,28.0,2476,0,Defensive Anchor,71.0,71.0,2.481995275511835
Iker Muniain,1819,Athletic Club,ESP-La Liga,"MF,FW",25.0,2383,1,Ball Progressor,43.2,43.2,3.4925704275562284
Mikel San José,1819,Athletic Club,ESP-La Liga,MF,29.0,1733,0,Defensive Anchor,75.1,75.1,2.387002007202697
Raúl García,1819,Athletic Club,ESP-La Liga,"MF,FW",32.0,2369,1,Ball Progressor,13.6,13.6,4.218379455978822
Koke,1819,Atlético Madrid,ESP-La Liga,MF,26.0,2586,3,Box-to-Box Engine,72.7,72.7,2.9040361463383895
Rodri,1819,Atlético Madrid,ESP-La Liga,MF,22.0,2735,0,Defensive Anchor,27.1,27.1,3.500327224527634
Saúl Ñíguez,1819,Atlético Madrid,ESP-La Liga,"MF,DF",23.0,2925,0,Defensive Anchor,74.9,74.9,2.389592184186592
Thomas Lemar,1819,Atlético Madrid,ESP-La Liga,MF,22.0,1817,1,Ball Progressor,68.9,68.9,2.8627972409245834
Thomas Partey,1819,Atlético Madrid,ESP-La Liga,MF,25.0,2070,3,Box-to-Box Engine,70.3,70.3,2.96929709463239
Ángel Correa,1819,Atlético Madrid,ESP-La Liga,"MF,FW",23.0,1919,1,Ball Progressor,66.0,66.0,2.9333951680250485
Arthur Melo,1819,Barcelona,ESP-La Liga,MF,21.0,1430,3,Box-to-Box Engine,38.6,38.6,3.8518964248599237
Arturo Vidal,1819,Barcelona,ESP-La Liga,MF,31.0,1929,3,Box-to-Box Engine,22.7,22.7,4.295090401541459
Ivan Rakitić,1819,Barcelona,ESP-La Liga,MF,30.0,2643,3,Box-to-Box Engine,48.1,48.1,3.5880058158949626
Sergio Busquets,1819,Barcelona,ESP-La Liga,MF,30.0,2715,0,Defensive Anchor,36.7,36.7,3.277029649233922
Andrés Guardado,1819,Betis,ESP-La Liga,"MF,DF",31.0,2335,3,Box-to-Box Engine,88.9,88.9,2.451765112891078
Giovani Lo Celso,1819,Betis,ESP-La Liga,"MF,FW",22.0,2397,2,Creative Playmaker,67.0,67.0,3.653521920818239
Sergio Canales,1819,Betis,ESP-La Liga,MF,27.0,2655,2,Creative Playmaker,85.0,85.0,3.0016556939301977
William Carvalho,1819,Betis,ESP-La Liga,MF,26.0,2385,3,Box-to-Box Engine,48.8,48.8,3.5689159891787994
Brais Méndez,1819,Celta Vigo,ESP-La Liga,"MF,FW",21.0,2349,1,Ball Progressor,78.1,78.1,2.6388990489965884
Fran Beltrán,1819,Celta Vigo,ESP-La Liga,MF,19.0,1517,0,Defensive Anchor,57.0,57.0,2.8057391961134575
Jozabed,1819,Celta Vigo,ESP-La Liga,MF,27.0,1155,0,Defensive Anchor,49.7,49.7,2.976373266576268
Okay Yokuşlu,1819,Celta Vigo,ESP-La Liga,MF,24.0,2198,0,Defensive Anchor,70.9,70.9,2.483073484549062
Sofiane Boufal,1819,Celta Vigo,ESP-La Liga,"MF,FW",24.0,2085,2,Creative Playmaker,57.4,57.4,3.996719149456626
Stanislav Lobotka,1819,Celta Vigo,ESP-La Liga,MF,23.0,2489,0,Defensive Anchor,35.8,35.8,3.297561605689737
Bebé,1819,Eibar,ESP-La Liga,MF,28.0,1302,2,Creative Playmaker,0.0,0.0,7.78383309714789
Fabián Orellana,1819,Eibar,ESP-La Liga,"MF,FW",32.0,2733,2,Creative Playmaker,87.6,87.6,2.9080891510313642
Gonzalo Escalante,1819,Eibar,ESP-La Liga,MF,25.0,1789,0,Defensive Anchor,58.4,58.4,2.774513637887375
Joan Jordán,1819,Eibar,ESP-La Liga,MF,24.0,2875,3,Box-to-Box Engine,78.9,78.9,2.7300801768955494
Marc Cucurella,1819,Eibar,ESP-La Liga,"MF,FW",20.0,2354,1,Ball Progressor,88.5,88.5,2.3831760323111473
Papakouli Diop,1819,Eibar,ESP-La Liga,MF,32.0,2352,0,Defensive Anchor,75.9,75.9,2.3675727972751823
Esteban Granero,1819,Espanyol,ESP-La Liga,MF,31.0,2013,3,Box-to-Box Engine,74.9,74.9,2.8432387131819468
Marc Roca,1819,Espanyol,ESP-La Liga,MF,21.0,3112,0,Defensive Anchor,71.4,71.4,2.470791757765999
Sergi Darder,1819,Espanyol,ESP-La Liga,MF,24.0,2709,1,Ball Progressor,88.7,88.7,2.3780632751792043
Víctor Sánchez,1819,Espanyol,ESP-La Liga,MF,30.0,1265,0,Defensive Anchor,86.0,86.0,2.1334379836804866
Óscar Melendo,1819,Espanyol,ESP-La Liga,"MF,FW",20.0,1997,1,Ball Progressor,38.4,38.4,3.6097249834885345
Amath,1819,Getafe,ESP-La Liga,MF,22.0,1002,1,Ball Progressor,100.0,100.0,2.0678788636786756
Dimitri Foulquier,1819,Getafe,ESP-La Liga,"MF,DF",25.0,1799,1,Ball Progressor,60.0,60.0,3.080768390426374
Francisco Portillo,1819,Getafe,ESP-La Liga,MF,28.0,1994,1,Ball Progressor,42.3,42.3,3.514825125250132
Mauro Arambarri,1819,Getafe,ESP-La Liga,MF,22.0,2676,0,Defensive Anchor,81.7,81.7,2.2327434707353766
Nemanja Maksimović,1819,Getafe,ESP-La Liga,MF,23.0,3209,0,Defensive Anchor,37.8,37.8,3.2519871851850626
Sergi Guardiola,1819,Getafe,ESP-La Liga,"MF,FW",27.0,1514,1,Ball Progressor,0.0,0.0,10.238770882753819
Aleix García,1819,Girona,ESP-La Liga,MF,21.0,1663,3,Box-to-Box Engine,100.0,100.0,1.8368572322660595
Borja García,1819,Girona,ESP-La Liga,"MF,FW",27.0,2629,1,Ball Progressor,68.8,68.8,2.866754260458844
Douglas Luiz,1819,Girona,ESP-La Liga,MF,20.0,1490,0,Defensive Anchor,50.4,50.4,2.9591162260029735
Pere Pons,1819,Girona,ESP-La Liga,MF,25.0,2792,0,Defensive Anchor,100.0,100.0,1.5576604101681468
Álex Granell,1819,Girona,ESP-La Liga,"MF,DF",29.0,2391,3,Box-to-Box Engine,90.6,90.6,2.405034682206851
Cristian Rivera,1819,Huesca,ESP-La Liga,MF,21.0,1692,0,Defensive Anchor,92.1,92.1,1.9920977830507056
Damián Musto,1819,Huesca,ESP-La Liga,"MF,DF",31.0,1686,0,Defensive Anchor,76.1,76.1,2.362860090884522
David Ferreiro,1819,Huesca,ESP-La Liga,"MF,FW",30.0,2280,2,Creative Playmaker,60.6,60.6,3.883598382032471
Gonzalo Melero,1819,Huesca,ESP-La Liga,MF,24.0,1345,1,Ball Progressor,31.3,31.3,3.7833557825382678
Moi Gómez,1819,Huesca,ESP-La Liga,MF,24.0,3055,3,Box-to-Box Engine,74.6,74.6,2.851412841362414
Yangel Herrera,1819,Huesca,ESP-La Liga,"MF,DF",20.0,1154,0,Defensive Anchor,55.2,55.2,2.847958185627287
Álex Gallar,1819,Huesca,ESP-La Liga,"MF,FW",26.0,1009,2,Creative Playmaker,93.8,93.8,2.685599803792276
Gerard Gumbau,1819,Leganés,ESP-La Liga,MF,23.0,1199,0,Defensive Anchor,27.6,27.6,3.488432135724039
Mikel Vesga,1819,Leganés,ESP-La Liga,MF,25.0,2070,0,Defensive Anchor,83.7,83.7,2.186674591305574
Nabil El Zhar,1819,Leganés,ESP-La Liga,"MF,FW",31.0,966,1,Ball Progressor,29.7,29.7,3.823040919846589
Recio,1819,Leganés,ESP-La Liga,MF,27.0,1285,0,Defensive Anchor,92.5,92.5,1.9822732259087366
Rubén Pérez,1819,Leganés,ESP-La Liga,MF,29.0,2474,0,Defensive Anchor,90.8,90.8,2.020375633087702
Óscar Rodríguez Arnaiz,1819,Leganés,ESP-La Liga,MF,20.0,2504,1,Ball Progressor,100.0,100.0,2.0126114526826306
Enis Bardhi,1819,Levante,ESP-La Liga,MF,23.0,2836,1,Ball Progressor,100.0,100.0,1.9657389359720139
José Campaña,1819,Levante,ESP-La Liga,MF,25.0,3210,3,Box-to-Box Engine,100.0,100.0,1.7735681003107275
Rubén Rochina,1819,Levante,ESP-La Liga,MF,27.0,1800,3,Box-to-Box Engine,77.0,77.0,2.7847416935419576
Sanjin Prcić,1819,Levante,ESP-La Liga,MF,24.0,1053,0,Defensive Anchor,4.4,4.4,4.028593372047605
Adri Embarba,1819,Rayo Vallecano,ESP-La Liga,"MF,FW",26.0,2282,2,Creative Playmaker,65.5,65.5,3.7046051431523668
Giannelli Imbula,1819,Rayo Vallecano,ESP-La Liga,MF,25.0,1732,1,Ball Progressor,6.3,6.3,4.395921978672074
José Pozo,1819,Rayo Vallecano,ESP-La Liga,MF,22.0,1617,2,Creative Playmaker,58.3,58.3,3.9645087692911973
Mario Suárez,1819,Rayo Vallecano,ESP-La Liga,MF,31.0,1026,0,Defensive Anchor,52.7,52.7,2.907172976452174
Santi Comesaña,1819,Rayo Vallecano,ESP-La Liga,MF,21.0,2032,0,Defensive Anchor,100.0,100.0,1.3531034573772602
Álvaro Medrán,1819,Rayo Vallecano,ESP-La Liga,MF,24.0,1149,3,Box-to-Box Engine,57.7,57.7,3.320074322082608
Óscar Trejo,1819,Rayo Vallecano,ESP-La Liga,"MF,FW",30.0,1764,3,Box-to-Box Engine,89.1,89.1,2.446685731015426
Casemiro,1819,Real Madrid,ESP-La Liga,MF,26.0,2312,0,Defensive Anchor,31.8,31.8,3.3907398057292055
Dani Ceballos,1819,Real Madrid,ESP-La Liga,"MF,FW",21.0,1248,3,Box-to-Box Engine,32.1,32.1,4.033988150704019
Isco,1819,Real Madrid,ESP-La Liga,"MF,FW",26.0,1192,2,Creative Playmaker,59.8,59.8,3.9127903205882846
Luka Modrić,1819,Real Madrid,ESP-La Liga,MF,32.0,2608,3,Box-to-Box Engine,69.2,69.2,3.0004960047007896
Toni Kroos,1819,Real Madrid,ESP-La Liga,MF,28.0,2221,3,Box-to-Box Engine,25.5,25.5,4.218301011808519
Asier Illarramendi,1819,Real Sociedad,ESP-La Liga,MF,28.0,1821,3,Box-to-Box Engine,49.6,49.6,3.5462864184364666
David Zurutuza,1819,Real Sociedad,ESP-La Liga,MF,32.0,1222,0,Defensive Anchor,83.3,83.3,2.1954629490358766
Igor Zubeldia,1819,Real Sociedad,ESP-La Liga,MF,21.0,2549,0,Defensive Anchor,69.7,69.7,2.511798548877364
Luca Sangalli,1819,Real Sociedad,ESP-La Liga,"MF,FW",23.0,999,1,Ball Progressor,89.6,89.6,2.3570979523835427
Mikel Merino,1819,Real Sociedad,ESP-La Liga,MF,22.0,2055,3,Box-to-Box Engine,76.9,76.9,2.7854659042032774
Rubén Pardo,1819,Real Sociedad,ESP-La Liga,"MF,FW",25.0,1368,3,Box-to-Box Engine,48.2,48.2,3.58504025070625
Franco Vázquez,1819,Sevilla,ESP-La Liga,MF,29.0,2280,3,Box-to-Box Engine,91.0,91.0,2.3929161304754842
Luis Muriel,1819,Sevilla,ESP-La Liga,"MF,FW",27.0,1441,1,Ball Progressor,0.0,0.0,7.57700812403327
Pablo Sarabia,1819,Sevilla,ESP-La Liga,"MF,FW",26.0,2724,2,Creative Playmaker,64.4,64.4,3.747156522555485
Roque Mesa,1819,Sevilla,ESP-La Liga,MF,29.0,1746,3,Box-to-Box Engine,88.5,88.5,2.4630940255636795
Éver Banega,1819,Sevilla,ESP-La Liga,MF,30.0,2667,3,Box-to-Box Engine,59.9,59.9,3.2596993411887687
Carlos Soler,1819,Valencia,ESP-La Liga,MF,21.0,2460,1,Ball Progressor,91.2,91.2,2.318474877229573
Daniel Parejo,1819,Valencia,ESP-La Liga,MF,29.0,3061,3,Box-to-Box Engine,31.1,31.1,4.060803143959249
Denis Cheryshev,1819,Valencia,ESP-La Liga,MF,27.0,1706,2,Creative Playmaker,50.1,50.1,4.261568996015056
Francis Coquelin,1819,Valencia,ESP-La Liga,MF,27.0,1761,0,Defensive Anchor,32.1,32.1,3.3849673598951893
Geoffrey Kondogbia,1819,Valencia,ESP-La Liga,MF,25.0,1245,0,Defensive Anchor,28.1,28.1,3.477196760803387
Gonçalo Guedes,1819,Valencia,ESP-La Liga,"MF,FW",21.0,1465,2,Creative Playmaker,64.0,64.0,3.759328376656346
Anuar,1819,Valladolid,ESP-La Liga,"MF,FW",23.0,1081,0,Defensive Anchor,43.7,43.7,3.1149590722361085
Keko,1819,Valladolid,ESP-La Liga,"MF,FW",26.0,1533,1,Ball Progressor,66.1,66.1,2.931004447136323
Míchel,1819,Valladolid,ESP-La Liga,MF,30.0,2553,3,Box-to-Box Engine,85.8,85.8,2.538070505227976
Rubén Alcaraz,1819,Valladolid,ESP-La Liga,MF,27.0,2976,0,Defensive Anchor,54.6,54.6,2.8618683037505104
Toni Villa,1819,Valladolid,ESP-La Liga,"MF,FW",23.0,1762,1,Ball Progressor,45.6,45.6,3.433530314725258
Óscar Plano,1819,Valladolid,ESP-La Liga,"MF,FW",27.0,2693,1,Ball Progressor,100.0,100.0,1.9710338756148793
Manu Trigueros,1819,Villarreal,ESP-La Liga,MF,26.0,1547,3,Box-to-Box Engine,86.7,86.7,2.513620538073565
Pablo Fornals,1819,Villarreal,ESP-La Liga,"MF,FW",22.0,2479,1,Ball Progressor,76.1,76.1,2.686306353887344
Samuel Chukwueze,1819,Villarreal,ESP-La Liga,"MF,FW",19.0,1706,2,Creative Playmaker,50.0,50.0,4.265785485867647
Santi Cazorla,1819,Villarreal,ESP-La Liga,"MF,FW",33.0,2647,2,Creative Playmaker,63.7,63.7,3.7693407210624255
Santiago Cáseres,1819,Villarreal,ESP-La Liga,MF,21.0,1588,0,Defensive Anchor,51.6,51.6,2.9310346455994125
Vicente Iborra,1819,Villarreal,ESP-La Liga,MF,30.0,1665,0,Defensive Anchor,67.6,67.6,2.5597739589679835
Aleix Vidal,1920,Alavés,ESP-La Liga,MF,29.0,2165,1,Ball Progressor,84.8,84.8,2.4729683919903733
Luis Rioja,1920,Alavés,ESP-La Liga,MF,25.0,1634,1,Ball Progressor,53.9,53.9,3.229587130461632
Manu García,1920,Alavés,ESP-La Liga,MF,33.0,1967,0,Defensive Anchor,66.9,66.9,2.57689541867868
Oliver Burke,1920,Alavés,ESP-La Liga,"MF,FW",22.0,1429,1,Ball Progressor,31.4,31.4,3.7808874529972805
Pere Pons,1920,Alavés,ESP-La Liga,MF,26.0,1088,0,Defensive Anchor,33.2,33.2,3.3592382926581275
Tomás Pina Isla,1920,Alavés,ESP-La Liga,MF,31.0,1344,0,Defensive Anchor,53.1,53.1,2.8959944652144096
Víctor Camarasa,1920,Alavés,ESP-La Liga,MF,25.0,1293,0,Defensive Anchor,45.2,45.2,3.0795836418654385
Wakaso,1920,Alavés,ESP-La Liga,MF,29.0,1283,0,Defensive Anchor,52.4,52.4,2.913847244410316
Dani García,1920,Athletic Club,ESP-La Liga,MF,29.0,3029,0,Defensive Anchor,82.3,82.3,2.219369455097962
Mikel Vesga,1920,Athletic Club,ESP-La Liga,MF,26.0,1269,0,Defensive Anchor,79.1,79.1,2.2937222058593556
Raúl García,1920,Athletic Club,ESP-La Liga,"MF,FW",33.0,2869,1,Ball Progressor,0.0,0.0,4.766609023977397
Raúl García,1920,Athletic Club,ESP-La Liga,"MF,FW",33.0,1012,1,Ball Progressor,0.0,0.0,4.766609023977397
Unai López,1920,Athletic Club,ESP-La Liga,MF,23.0,1787,3,Box-to-Box Engine,88.8,88.8,2.453723062744836
Héctor Herrera,1920,Atlético Madrid,ESP-La Liga,MF,29.0,1123,3,Box-to-Box Engine,71.5,71.5,2.9376227468464413
Koke,1920,Atlético Madrid,ESP-La Liga,MF,27.0,2698,3,Box-to-Box Engine,79.8,79.8,2.7047343998104
Marcos Llorente,1920,Atlético Madrid,ESP-La Liga,"MF,FW",24.0,1368,1,Ball Progressor,49.0,49.0,3.349738864591114
Saúl Ñíguez,1920,Atlético Madrid,ESP-La Liga,"MF,DF",24.0,3072,0,Defensive Anchor,84.3,84.3,2.1720056099382887
Thomas Lemar,1920,Atlético Madrid,ESP-La Liga,MF,23.0,925,1,Ball Progressor,72.5,72.5,2.77651922406577
Thomas Partey,1920,Atlético Madrid,ESP-La Liga,MF,26.0,2549,0,Defensive Anchor,31.0,31.0,3.4103342111055923
Ángel Correa,1920,Atlético Madrid,ESP-La Liga,"MF,FW",24.0,2061,1,Ball Progressor,70.0,70.0,2.8358559160679992
Arthur Melo,1920,Barcelona,ESP-La Liga,MF,22.0,1182,3,Box-to-Box Engine,17.7,17.7,4.434289317574872
Arturo Vidal,1920,Barcelona,ESP-La Liga,MF,32.0,1671,1,Ball Progressor,0.0,0.0,4.773234304474541
Frenkie de Jong,1920,Barcelona,ESP-La Liga,MF,22.0,2115,3,Box-to-Box Engine,55.8,55.8,3.3743684466678396
Ivan Rakitić,1920,Barcelona,ESP-La Liga,MF,31.0,1589,3,Box-to-Box Engine,98.6,98.6,2.1829487057806154
Sergio Busquets,1920,Barcelona,ESP-La Liga,MF,31.0,2483,3,Box-to-Box Engine,58.0,58.0,3.31315896001525
Andrés Guardado,1920,Betis,ESP-La Liga,MF,32.0,2046,0,Defensive Anchor,43.4,43.4,3.121088629567419
Guido Rodríguez,1920,Betis,ESP-La Liga,MF,25.0,936,0,Defensive Anchor,77.5,77.5,2.3296678044644983
Joaquín,1920,Betis,ESP-La Liga,"MF,FW",38.0,2060,2,Creative Playmaker,90.1,90.1,2.817232674690236
Nabil Fekir,1920,Betis,ESP-La Liga,"MF,FW",26.0,2638,2,Creative Playmaker,92.1,92.1,2.7455837840546247
Sergio Canales,1920,Betis,ESP-La Liga,"MF,FW",28.0,3163,2,Creative Playmaker,74.3,74.3,3.3868907835705397
Brais Méndez,1920,Celta Vigo,ESP-La Liga,"MF,FW",22.0,1477,1,Ball Progressor,100.0,100.0,1.8801323951388795
Denis Suárez,1920,Celta Vigo,ESP-La Liga,"MF,FW",25.0,1630,2,Creative Playmaker,73.5,73.5,3.417654330322703
Fran Beltrán,1920,Celta Vigo,ESP-La Liga,MF,20.0,1830,0,Defensive Anchor,39.2,39.2,3.2189019978922886
Okay Yokuşlu,1920,Celta Vigo,ESP-La Liga,MF,25.0,1973,0,Defensive Anchor,62.6,62.6,2.6754995376755293
Rafinha,1920,Celta Vigo,ESP-La Liga,MF,26.0,2111,3,Box-to-Box Engine,88.8,88.8,2.4536313875745113
Stanislav Lobotka,1920,Celta Vigo,ESP-La Liga,MF,24.0,1383,0,Defensive Anchor,31.6,31.6,3.3968795507732352
Edu Expósito,1920,Eibar,ESP-La Liga,MF,22.0,2316,0,Defensive Anchor,79.2,79.2,2.2914570599183186
Fabián Orellana,1920,Eibar,ESP-La Liga,"MF,FW",33.0,2390,2,Creative Playmaker,92.2,92.2,2.741655009095442
Gonzalo Escalante,1920,Eibar,ESP-La Liga,MF,26.0,1674,0,Defensive Anchor,100.0,100.0,1.6868138930805427
Papakouli Diop,1920,Eibar,ESP-La Liga,MF,33.0,2253,0,Defensive Anchor,48.5,48.5,3.002516256722873
Pedro León,1920,Eibar,ESP-La Liga,"MF,FW",32.0,1896,1,Ball Progressor,36.1,36.1,3.6669448423040665
Sergio Álvarez,1920,Eibar,ESP-La Liga,"MF,DF",27.0,1147,0,Defensive Anchor,48.4,48.4,3.007013841909079
Takashi Inui,1920,Eibar,ESP-La Liga,"MF,FW",31.0,1960,1,Ball Progressor,91.4,91.4,2.3138158187858493
Adri Embarba,1920,Espanyol,ESP-La Liga,"MF,FW",27.0,1371,1,Ball Progressor,44.9,44.9,3.4512892652665546
Marc Roca,1920,Espanyol,ESP-La Liga,MF,22.0,3008,0,Defensive Anchor,59.5,59.5,2.747572687961818
Sergi Darder,1920,Espanyol,ESP-La Liga,MF,25.0,2658,1,Ball Progressor,95.2,95.2,2.2204385585602506
Víctor Sánchez,1920,Espanyol,ESP-La Liga,MF,31.0,1688,0,Defensive Anchor,61.6,61.6,2.6988488823410086
Óscar Melendo,1920,Espanyol,ESP-La Liga,"MF,FW",21.0,1115,1,Ball Progressor,36.6,36.6,3.6535459781459427
David Timor,1920,Getafe,ESP-La Liga,"MF,DF",29.0,943,0,Defensive Anchor,0.0,0.0,4.664444364392892
Jason,1920,Getafe,ESP-La Liga,MF,25.0,1175,1,Ball Progressor,75.4,75.4,2.704141680365536
Marc Cucurella,1920,Getafe,ESP-La Liga,"MF,DF",21.0,3237,1,Ball Progressor,75.0,75.0,2.7137819018416303
Mauro Arambarri,1920,Getafe,ESP-La Liga,MF,23.0,3069,0,Defensive Anchor,99.8,99.8,1.811705617292744
Nemanja Maksimović,1920,Getafe,ESP-La Liga,MF,24.0,2895,0,Defensive Anchor,38.6,38.6,3.234339970574789
Gil Bastião Dias,1920,Granada,ESP-La Liga,"MF,DF",22.0,1057,1,Ball Progressor,0.0,0.0,4.59108045851836
Maxime Gonalons,1920,Granada,ESP-La Liga,MF,30.0,1506,0,Defensive Anchor,58.4,58.4,2.773243979541376
Ramon Azeez,1920,Granada,ESP-La Liga,MF,26.0,1361,0,Defensive Anchor,0.0,0.0,4.153757977354489
Yan Brice Eteki,1920,Granada,ESP-La Liga,MF,21.0,1499,0,Defensive Anchor,72.3,72.3,2.4499285230033303
Yangel Herrera,1920,Granada,ESP-La Liga,MF,21.0,2368,0,Defensive Anchor,71.2,71.2,2.4764438911167885
Ángel Montoro,1920,Granada,ESP-La Liga,MF,31.0,973,3,Box-to-Box Engine,61.2,61.2,3.221916891670342
Recio,1920,Leganés,ESP-La Liga,MF,28.0,1570,0,Defensive Anchor,66.4,66.4,2.5881077127825654
Roque Mesa,1920,Leganés,ESP-La Liga,MF,30.0,2012,3,Box-to-Box Engine,61.9,61.9,3.204131158503969
Rubén Pérez,1920,Leganés,ESP-La Liga,MF,30.0,2194,0,Defensive Anchor,73.5,73.5,2.422584496891066
Óscar Rodríguez Arnaiz,1920,Leganés,ESP-La Liga,"MF,FW",21.0,1914,1,Ball Progressor,62.7,62.7,3.0162952315879044
Enis Bardhi,1920,Levante,ESP-La Liga,MF,24.0,2114,1,Ball Progressor,68.3,68.3,2.87795033198229
Gonzalo Melero,1920,Levante,ESP-La Liga,MF,25.0,1236,0,Defensive Anchor,46.0,46.0,3.0617811427724266
José Campaña,1920,Levante,ESP-La Liga,MF,26.0,3156,3,Box-to-Box Engine,56.3,56.3,3.360853149714039
Nemanja Radoja,1920,Levante,ESP-La Liga,MF,26.0,1993,0,Defensive Anchor,89.0,89.0,2.0638775725437943
Nikola Vukčević,1920,Levante,ESP-La Liga,MF,27.0,1569,0,Defensive Anchor,30.1,30.1,3.431466093530888
Rubén Rochina,1920,Levante,ESP-La Liga,MF,28.0,1875,3,Box-to-Box Engine,77.4,77.4,2.7730929233218675
Aleix Febas,1920,Mallorca,ESP-La Liga,"MF,FW",23.0,1690,1,Ball Progressor,63.4,63.4,2.9974309098739917
Dani Rodríguez,1920,Mallorca,ESP-La Liga,"MF,FW",31.0,3039,1,Ball Progressor,100.0,100.0,1.6146323003175755
Iddrisu Baba,1920,Mallorca,ESP-La Liga,MF,23.0,2903,0,Defensive Anchor,55.9,55.9,2.8317244072022363
Lago Junior,1920,Mallorca,ESP-La Liga,"MF,FW",28.0,2188,1,Ball Progressor,40.8,40.8,3.5505995631995293
Salva Sevilla,1920,Mallorca,ESP-La Liga,MF,35.0,2568,3,Box-to-Box Engine,47.2,47.2,3.6120339964249757
Takefusa Kubo,1920,Mallorca,ESP-La Liga,"MF,FW",18.0,2312,2,Creative Playmaker,81.2,81.2,3.13825749668408
Darko Brašanac,1920,Osasuna,ESP-La Liga,MF,27.0,2245,1,Ball Progressor,71.2,71.2,2.8079256116000413
Fran Mérida,1920,Osasuna,ESP-La Liga,MF,29.0,1161,3,Box-to-Box Engine,68.4,68.4,3.021904743270221
Iñigo Pérez,1920,Osasuna,ESP-La Liga,MF,31.0,1082,0,Defensive Anchor,0.0,0.0,4.288622284840907
Jon Moncayola,1920,Osasuna,ESP-La Liga,"MF,DF",21.0,1496,0,Defensive Anchor,42.8,42.8,3.134816054282379
Oier Sanjurjo,1920,Osasuna,ESP-La Liga,MF,33.0,2320,0,Defensive Anchor,100.0,100.0,1.5059404593000711
Roberto Torres,1920,Osasuna,ESP-La Liga,"MF,FW",30.0,2717,1,Ball Progressor,75.5,75.5,2.700908077477283
Rubén García,1920,Osasuna,ESP-La Liga,"MF,FW",26.0,2188,2,Creative Playmaker,85.3,85.3,2.9922701848388584
Casemiro,1920,Real Madrid,ESP-La Liga,MF,27.0,3088,0,Defensive Anchor,21.1,21.1,3.639763591347696
Federico Valverde,1920,Real Madrid,ESP-La Liga,MF,21.0,1907,3,Box-to-Box Engine,79.8,79.8,2.7065280488248966
Luka Modrić,1920,Real Madrid,ESP-La Liga,MF,33.0,1996,3,Box-to-Box Engine,33.4,33.4,3.9967434308822014
Toni Kroos,1920,Real Madrid,ESP-La Liga,MF,29.0,2652,3,Box-to-Box Engine,62.1,62.1,3.1975539069927623
Ander Guevara,1920,Real Sociedad,ESP-La Liga,MF,22.0,939,0,Defensive Anchor,31.6,31.6,3.3968329275419866
Igor Zubeldia,1920,Real Sociedad,ESP-La Liga,"MF,DF",22.0,2640,0,Defensive Anchor,40.2,40.2,3.1973026739265697
Martin Ødegaard,1920,Real Sociedad,ESP-La Liga,MF,20.0,2527,2,Creative Playmaker,72.6,72.6,3.4499492403964145
Mikel Merino,1920,Real Sociedad,ESP-La Liga,MF,23.0,3139,3,Box-to-Box Engine,94.6,94.6,2.2935801942116374
Alejandro Pozo Pozo,1920,Sevilla,ESP-La Liga,"MF,FW",20.0,1498,1,Ball Progressor,0.0,0.0,8.426012997572137
Fernando,1920,Sevilla,ESP-La Liga,MF,32.0,2659,0,Defensive Anchor,83.9,83.9,2.182839355254006
Franco Vázquez,1920,Sevilla,ESP-La Liga,"MF,FW",30.0,1098,3,Box-to-Box Engine,50.9,50.9,3.5102338042438275
Joan Jordán,1920,Sevilla,ESP-La Liga,MF,25.0,2254,3,Box-to-Box Engine,100.0,100.0,1.6084893704910066
Nemanja Gudelj,1920,Sevilla,ESP-La Liga,"MF,DF",27.0,1216,0,Defensive Anchor,64.5,64.5,2.6331297507710767
Éver Banega,1920,Sevilla,ESP-La Liga,MF,31.0,2475,3,Box-to-Box Engine,30.1,30.1,4.0880554277176255
Óliver Torres,1920,Sevilla,ESP-La Liga,"MF,FW",24.0,1596,3,Box-to-Box Engine,79.8,79.8,2.704868990751728
Carlos Soler,1920,Valencia,ESP-La Liga,MF,22.0,2066,1,Ball Progressor,60.1,60.1,3.078692956715775
Daniel Parejo,1920,Valencia,ESP-La Liga,MF,30.0,3024,3,Box-to-Box Engine,86.3,86.3,2.524160727139364
Denis Cheryshev,1920,Valencia,ESP-La Liga,"MF,FW",28.0,926,1,Ball Progressor,61.2,61.2,3.052158702918686
Ferrán Torres,1920,Valencia,ESP-La Liga,"MF,FW",19.0,2251,1,Ball Progressor,74.0,74.0,2.739348635872661
Francis Coquelin,1920,Valencia,ESP-La Liga,MF,28.0,1905,0,Defensive Anchor,80.5,80.5,2.261554115281859
Geoffrey Kondogbia,1920,Valencia,ESP-La Liga,MF,26.0,1807,0,Defensive Anchor,25.0,25.0,3.548871758967624
Gonçalo Guedes,1920,Valencia,ESP-La Liga,"MF,FW",22.0,1266,2,Creative Playmaker,60.8,60.8,3.8765483161832317
Fede San Emeterio,1920,Valladolid,ESP-La Liga,MF,22.0,1751,0,Defensive Anchor,3.6,3.6,4.045380807864953
Joaquín Fernández,1920,Valladolid,ESP-La Liga,"MF,DF",23.0,1659,0,Defensive Anchor,43.8,43.8,3.113332074617519
Míchel,1920,Valladolid,ESP-La Liga,MF,31.0,2178,0,Defensive Anchor,66.0,66.0,2.596920656956668
Pablo Hervías,1920,Valladolid,ESP-La Liga,"MF,FW",26.0,1017,1,Ball Progressor,22.8,22.8,3.993398624238271
Rubén Alcaraz,1920,Valladolid,ESP-La Liga,MF,28.0,1927,0,Defensive Anchor,28.8,28.8,3.4599078752233883
Toni Villa,1920,Valladolid,ESP-La Liga,MF,24.0,1354,1,Ball Progressor,57.5,57.5,3.1429876206014544
Óscar Plano,1920,Valladolid,ESP-La Liga,MF,28.0,2505,1,Ball Progressor,83.4,83.4,2.508096671626648
Andre-Frank Zambo Anguissa,1920,Villarreal,ESP-La Liga,MF,23.0,2583,0,Defensive Anchor,70.8,70.8,2.4853134075967853
Manu Trigueros,1920,Villarreal,ESP-La Liga,MF,27.0,1547,3,Box-to-Box Engine,48.5,48.5,3.576390329670292
Santi Cazorla,1920,Villarreal,ESP-La Liga,MF,34.0,2450,2,Creative Playmaker,63.3,63.3,3.784629851438413
Vicente Iborra,1920,Villarreal,ESP-La Liga,MF,31.0,2648,0,Defensive Anchor,100.0,100.0,1.7715887089307558
Jota,2021,Alavés,ESP-La Liga,MF,29.0,1398,1,Ball Progressor,76.5,76.5,2.6778748111112285
Luis Rioja,2021,Alavés,ESP-La Liga,"MF,FW",26.0,2090,1,Ball Progressor,95.5,95.5,2.2116113169812035
Manu García,2021,Alavés,ESP-La Liga,MF,34.0,1124,0,Defensive Anchor,65.3,65.3,2.614082502715072
Pere Pons,2021,Alavés,ESP-La Liga,MF,27.0,1186,1,Ball Progressor,51.7,51.7,3.2850487782693656
Rodrigo Battaglia,2021,Alavés,ESP-La Liga,MF,29.0,2492,0,Defensive Anchor,54.3,54.3,2.8679267427880117
Tomás Pina Isla,2021,Alavés,ESP-La Liga,MF,32.0,2575,0,Defensive Anchor,52.9,52.9,2.900542679773693
Édgar Méndez,2021,Alavés,ESP-La Liga,"MF,FW",30.0,2090,1,Ball Progressor,47.9,47.9,3.378741927758263
Dani García,2021,Athletic Club,ESP-La Liga,MF,30.0,1920,0,Defensive Anchor,46.5,46.5,3.0511328574484984
Iker Muniain,2021,Athletic Club,ESP-La Liga,"MF,FW",27.0,1943,2,Creative Playmaker,100.0,100.0,2.3356224257437908
Jon Morcillo,2021,Athletic Club,ESP-La Liga,"MF,FW",21.0,1363,1,Ball Progressor,40.9,40.9,3.549314367437341
Mikel Vesga,2021,Athletic Club,ESP-La Liga,MF,27.0,1722,0,Defensive Anchor,88.9,88.9,2.0650788015238803
Unai López,2021,Athletic Club,ESP-La Liga,MF,24.0,1424,3,Box-to-Box Engine,83.6,83.6,2.599940815185815
Unai Vencedor Paris,2021,Athletic Club,ESP-La Liga,MF,19.0,1701,0,Defensive Anchor,29.7,29.7,3.4410509905832996
Álex Berenguer,2021,Athletic Club,ESP-La Liga,"MF,FW",25.0,2278,1,Ball Progressor,38.1,38.1,3.6164461881059564
Koke,2021,Atlético Madrid,ESP-La Liga,MF,28.0,3021,3,Box-to-Box Engine,100.0,100.0,1.836405648788741
Marcos Llorente,2021,Atlético Madrid,ESP-La Liga,"MF,FW",25.0,2956,1,Ball Progressor,64.0,64.0,2.984385846957182
Saúl Ñíguez,2021,Atlético Madrid,ESP-La Liga,"MF,DF",25.0,2033,0,Defensive Anchor,53.9,53.9,2.878295952868067
Thomas Lemar,2021,Atlético Madrid,ESP-La Liga,MF,24.0,1366,1,Ball Progressor,40.7,40.7,3.554244138755033
Thomas Partey,2021,Atlético Madrid,ESP-La Liga,MF,27.0,1534,3,Box-to-Box Engine,0.4,0.4,4.917209501901825
Carles Aleñá,2021,Barcelona,ESP-La Liga,MF,22.0,1366,3,Box-to-Box Engine,0.0,0.0,6.548113343845691
Frenkie de Jong,2021,Barcelona,ESP-La Liga,"MF,DF",23.0,3154,3,Box-to-Box Engine,33.8,33.8,3.9858121017293047
Pedri,2021,Barcelona,ESP-La Liga,MF,17.0,2415,3,Box-to-Box Engine,64.7,64.7,3.125518557528698
Sergio Busquets,2021,Barcelona,ESP-La Liga,MF,32.0,2517,3,Box-to-Box Engine,53.2,53.2,3.446824865574438
Andrés Guardado,2021,Betis,ESP-La Liga,MF,33.0,1318,0,Defensive Anchor,54.8,54.8,2.8583068252993957
Guido Rodríguez,2021,Betis,ESP-La Liga,MF,26.0,2864,0,Defensive Anchor,54.5,54.5,2.8639448057006
Nabil Fekir,2021,Betis,ESP-La Liga,"MF,FW",27.0,2622,2,Creative Playmaker,100.0,100.0,2.2915265995980487
Sergio Canales,2021,Betis,ESP-La Liga,"MF,FW",29.0,2498,2,Creative Playmaker,90.4,90.4,2.8063929952230895
William Carvalho,2021,Betis,ESP-La Liga,MF,28.0,1223,3,Box-to-Box Engine,70.3,70.3,2.9699047098001774
Brais Méndez,2021,Celta Vigo,ESP-La Liga,"MF,FW",23.0,2671,1,Ball Progressor,62.6,62.6,3.016545544154026
Denis Suárez,2021,Celta Vigo,ESP-La Liga,MF,26.0,2852,3,Box-to-Box Engine,97.1,97.1,2.223004493552806
Fran Beltrán,2021,Celta Vigo,ESP-La Liga,"MF,FW",21.0,1399,0,Defensive Anchor,30.4,30.4,3.424788939063137
Nolito,2021,Celta Vigo,ESP-La Liga,"MF,FW",33.0,2597,1,Ball Progressor,71.7,71.7,2.7957101238544504
Okay Yokuşlu,2021,Celta Vigo,ESP-La Liga,MF,26.0,1317,0,Defensive Anchor,44.6,44.6,3.0947044484295416
Renato Tapia,2021,Celta Vigo,ESP-La Liga,MF,25.0,2701,0,Defensive Anchor,57.5,57.5,2.7951679377077294
Alberto Perea,2021,Cádiz,ESP-La Liga,MF,29.0,1549,1,Ball Progressor,71.3,71.3,2.8048442870621177
Jairo Izquierdo,2021,Cádiz,ESP-La Liga,"MF,DF",26.0,1277,0,Defensive Anchor,24.9,24.9,3.5504182377700655
Jens Jønsson,2021,Cádiz,ESP-La Liga,MF,27.0,2615,0,Defensive Anchor,49.8,49.8,2.9730553988925412
José Mari,2021,Cádiz,ESP-La Liga,MF,32.0,1451,0,Defensive Anchor,62.9,62.9,2.668583582867287
Salvi,2021,Cádiz,ESP-La Liga,"MF,FW",29.0,1933,1,Ball Progressor,55.8,55.8,3.1840228139995403
Álex Fernández,2021,Cádiz,ESP-La Liga,MF,27.0,1946,1,Ball Progressor,57.3,57.3,3.1471758085394006
Bryan Gil,2021,Eibar,ESP-La Liga,"MF,FW",19.0,2265,2,Creative Playmaker,86.1,86.1,2.96472479815173
Edu Expósito,2021,Eibar,ESP-La Liga,MF,23.0,2455,3,Box-to-Box Engine,74.6,74.6,2.8501173749438786
Papakouli Diop,2021,Eibar,ESP-La Liga,MF,34.0,2324,0,Defensive Anchor,71.0,71.0,2.480053657130259
Pedro León,2021,Eibar,ESP-La Liga,"MF,FW",33.0,935,1,Ball Progressor,43.2,43.2,3.493192982347508
Sergio Álvarez,2021,Eibar,ESP-La Liga,"MF,DF",28.0,1568,0,Defensive Anchor,79.2,79.2,2.291942147789971
Takashi Inui,2021,Eibar,ESP-La Liga,"MF,FW",32.0,1819,1,Ball Progressor,66.2,66.2,2.930032203281195
Emiliano Rigoni,2021,Elche,ESP-La Liga,MF,27.0,1139,1,Ball Progressor,80.3,80.3,2.583669991111564
Fidel,2021,Elche,ESP-La Liga,"MF,DF",30.0,2396,1,Ball Progressor,100.0,100.0,1.999692087032465
Iván Marcone,2021,Elche,ESP-La Liga,MF,30.0,2645,0,Defensive Anchor,81.6,81.6,2.236256902125443
Josan,2021,Elche,ESP-La Liga,"MF,DF",30.0,1926,1,Ball Progressor,85.4,85.4,2.4604688325617965
Raúl Guti,2021,Elche,ESP-La Liga,MF,23.0,2862,0,Defensive Anchor,78.7,78.7,2.3017400283699607
Tete Morente,2021,Elche,ESP-La Liga,"MF,FW",23.0,2019,1,Ball Progressor,91.2,91.2,2.3184165346687644
Allan Nyom,2021,Getafe,ESP-La Liga,"MF,DF",32.0,2323,0,Defensive Anchor,40.4,40.4,3.1905892102225333
Carles Aleñá,2021,Getafe,ESP-La Liga,"MF,FW",22.0,1366,1,Ball Progressor,60.7,60.7,3.063359038694507
David Timor,2021,Getafe,ESP-La Liga,"MF,DF",30.0,1395,0,Defensive Anchor,28.6,28.6,3.465307864509587
Marc Cucurella,2021,Getafe,ESP-La Liga,MF,22.0,3244,1,Ball Progressor,95.5,95.5,2.2118805555429026
Mauro Arambarri,2021,Getafe,ESP-La Liga,MF,24.0,2983,0,Defensive Anchor,100.0,100.0,1.3794137804838336
Nemanja Maksimović,2021,Getafe,ESP-La Liga,MF,25.0,2728,0,Defensive Anchor,46.1,46.1,3.059959104885883
Luis Milla,2021,Granada,ESP-La Liga,MF,25.0,1253,0,Defensive Anchor,47.1,47.1,3.0365447733617374
Maxime Gonalons,2021,Granada,ESP-La Liga,MF,31.0,1480,0,Defensive Anchor,78.5,78.5,2.307957338970822
Yan Brice Eteki,2021,Granada,ESP-La Liga,MF,22.0,1321,0,Defensive Anchor,8.9,8.9,3.923238690672444
Yangel Herrera,2021,Granada,ESP-La Liga,MF,22.0,2310,0,Defensive Anchor,68.2,68.2,2.545607283688085
Ángel Montoro,2021,Granada,ESP-La Liga,MF,32.0,1362,0,Defensive Anchor,3.1,3.1,4.058417660611703
Borja García,2021,Huesca,ESP-La Liga,"MF,FW",29.0,1117,1,Ball Progressor,64.2,64.2,2.977419538581685
David Ferreiro,2021,Huesca,ESP-La Liga,"MF,FW",32.0,2527,2,Creative Playmaker,71.4,71.4,3.4945726586416277
Jaime Seoane,2021,Huesca,ESP-La Liga,MF,23.0,2064,0,Defensive Anchor,93.3,93.3,1.9636045374545288
Mikel Rico,2021,Huesca,ESP-La Liga,MF,35.0,2183,1,Ball Progressor,60.8,60.8,3.0608594566783274
Pedro Mosquera,2021,Huesca,ESP-La Liga,MF,32.0,2050,0,Defensive Anchor,79.6,79.6,2.281359305501955
Enis Bardhi,2021,Levante,ESP-La Liga,MF,25.0,1682,1,Ball Progressor,49.1,49.1,3.347262423037393
Gonzalo Melero,2021,Levante,ESP-La Liga,"MF,FW",26.0,1853,1,Ball Progressor,54.5,54.5,3.217218744429477
Jorge de Frutos,2021,Levante,ESP-La Liga,MF,23.0,2186,1,Ball Progressor,61.0,61.0,3.0562527565178463
José Luis Morales,2021,Levante,ESP-La Liga,"MF,FW",33.0,2439,1,Ball Progressor,16.3,16.3,4.152015330474755
Mickael Malsa,2021,Levante,ESP-La Liga,MF,24.0,2338,0,Defensive Anchor,88.0,88.0,2.0857506225312705
Nemanja Radoja,2021,Levante,ESP-La Liga,MF,27.0,1121,0,Defensive Anchor,59.5,59.5,2.7474064787018486
Rubén Rochina,2021,Levante,ESP-La Liga,MF,29.0,1404,3,Box-to-Box Engine,73.5,73.5,2.8799568087648155
Darko Brašanac,2021,Osasuna,ESP-La Liga,MF,28.0,909,1,Ball Progressor,46.3,46.3,3.417585590227988
Iñigo Pérez,2021,Osasuna,ESP-La Liga,"MF,DF",32.0,1347,0,Defensive Anchor,58.8,58.8,2.7638536533157936
Jon Moncayola,2021,Osasuna,ESP-La Liga,MF,22.0,2660,0,Defensive Anchor,100.0,100.0,1.8026794941371522
Kike Barja,2021,Osasuna,ESP-La Liga,"MF,FW",23.0,1433,1,Ball Progressor,31.6,31.6,3.7775619975567976
Lucas Torró,2021,Osasuna,ESP-La Liga,MF,26.0,1548,0,Defensive Anchor,80.3,80.3,2.264183189451735
Oier Sanjurjo,2021,Osasuna,ESP-La Liga,MF,34.0,2084,0,Defensive Anchor,79.3,79.3,2.289527981385069
Roberto Torres,2021,Osasuna,ESP-La Liga,"MF,FW",31.0,1894,1,Ball Progressor,56.4,56.4,3.168667433083581
Rubén García,2021,Osasuna,ESP-La Liga,"MF,FW",27.0,2718,1,Ball Progressor,93.6,93.6,2.2597600730397707
Casemiro,2021,Real Madrid,ESP-La Liga,MF,28.0,2901,0,Defensive Anchor,42.9,42.9,3.1324728335672143
Federico Valverde,2021,Real Madrid,ESP-La Liga,MF,22.0,1330,3,Box-to-Box Engine,70.7,70.7,2.9583006163654773
Isco,2021,Real Madrid,ESP-La Liga,MF,28.0,908,2,Creative Playmaker,40.1,40.1,4.620515205338066
Luka Modrić,2021,Real Madrid,ESP-La Liga,MF,34.0,2733,3,Box-to-Box Engine,48.5,48.5,3.576103483586755
Toni Kroos,2021,Real Madrid,ESP-La Liga,MF,30.0,2117,3,Box-to-Box Engine,0.0,0.0,5.153130656843044
Ander Barrenetxea,2021,Real Sociedad,ESP-La Liga,"MF,FW",18.0,1307,1,Ball Progressor,72.2,72.2,2.781552323551754
Ander Guevara,2021,Real Sociedad,ESP-La Liga,MF,23.0,2081,0,Defensive Anchor,39.5,39.5,3.2114416382786466
David Silva,2021,Real Sociedad,ESP-La Liga,MF,34.0,1399,2,Creative Playmaker,65.1,65.1,3.720307225496982
Martín Zubimendi,2021,Real Sociedad,ESP-La Liga,MF,21.0,1882,0,Defensive Anchor,49.5,49.5,2.9792655041546268
Mikel Merino,2021,Real Sociedad,ESP-La Liga,MF,24.0,2154,3,Box-to-Box Engine,91.5,91.5,2.3798678702737868
Fernando,2021,Sevilla,ESP-La Liga,MF,33.0,2546,0,Defensive Anchor,93.3,93.3,1.9643625824534054
Ivan Rakitić,2021,Sevilla,ESP-La Liga,MF,32.0,2233,3,Box-to-Box Engine,59.5,59.5,3.2703650094127594
Joan Jordán,2021,Sevilla,ESP-La Liga,MF,26.0,2406,3,Box-to-Box Engine,100.0,100.0,1.7926827077300884
Nemanja Gudelj,2021,Sevilla,ESP-La Liga,"MF,DF",28.0,1041,0,Defensive Anchor,0.0,0.0,4.478619919381351
Papu Gómez,2021,Sevilla,ESP-La Liga,"MF,FW",32.0,914,2,Creative Playmaker,64.5,64.5,3.742608140146743
Óliver Torres,2021,Sevilla,ESP-La Liga,"MF,FW",25.0,1400,3,Box-to-Box Engine,52.9,52.9,3.453487858416591
Carlos Soler,2021,Valencia,ESP-La Liga,MF,23.0,2735,1,Ball Progressor,14.8,14.8,4.188616540975018
Daniel Wass,2021,Valencia,ESP-La Liga,"MF,DF",31.0,2979,0,Defensive Anchor,86.0,86.0,2.1339997125971877
Denis Cheryshev,2021,Valencia,ESP-La Liga,MF,29.0,1101,1,Ball Progressor,60.5,60.5,3.069506553142048
Gonçalo Guedes,2021,Valencia,ESP-La Liga,"MF,FW",23.0,2287,2,Creative Playmaker,75.9,75.9,3.3291237284279322
Rubén Sobrino,2021,Valencia,ESP-La Liga,"MF,FW",28.0,1113,0,Defensive Anchor,0.0,0.0,7.917687129481614
Uroš Račić,2021,Valencia,ESP-La Liga,MF,22.0,2187,0,Defensive Anchor,100.0,100.0,1.5875704192190634
Yunus Musah,2021,Valencia,ESP-La Liga,MF,17.0,1530,1,Ball Progressor,47.8,47.8,3.379242193561051
Fabián Orellana,2021,Valladolid,ESP-La Liga,"MF,FW",34.0,2138,1,Ball Progressor,69.1,69.1,2.859559378502648
Fede San Emeterio,2021,Valladolid,ESP-La Liga,MF,23.0,1460,0,Defensive Anchor,0.0,0.0,4.2020389866618935
Jota,2021,Valladolid,ESP-La Liga,"MF,FW",21.0,1398,1,Ball Progressor,35.1,35.1,3.6898828727994712
Kike Pérez,2021,Valladolid,ESP-La Liga,MF,23.0,1159,0,Defensive Anchor,83.5,83.5,2.190938990364875
Míchel,2021,Valladolid,ESP-La Liga,MF,32.0,946,3,Box-to-Box Engine,74.8,74.8,2.84545630562244
Roque Mesa,2021,Valladolid,ESP-La Liga,MF,31.0,1761,3,Box-to-Box Engine,56.3,56.3,3.3587865651084803
Rubén Alcaraz,2021,Valladolid,ESP-La Liga,MF,29.0,2165,0,Defensive Anchor,100.0,100.0,1.3026696711052608
Toni Villa,2021,Valladolid,ESP-La Liga,"MF,FW",25.0,969,1,Ball Progressor,63.4,63.4,2.9978125910692377
Óscar Plano,2021,Valladolid,ESP-La Liga,"MF,FW",29.0,2517,1,Ball Progressor,83.7,83.7,2.5021359169288124
Daniel Parejo,2021,Villarreal,ESP-La Liga,MF,31.0,3112,3,Box-to-Box Engine,100.0,100.0,2.137514809948811
Manu Trigueros,2021,Villarreal,ESP-La Liga,MF,28.0,2527,3,Box-to-Box Engine,66.2,66.2,3.0830739125916256
Moi Gómez,2021,Villarreal,ESP-La Liga,"MF,FW",26.0,2563,1,Ball Progressor,83.0,83.0,2.5182789881443313
Samuel Chukwueze,2021,Villarreal,ESP-La Liga,"MF,FW",21.0,1365,2,Creative Playmaker,50.5,50.5,4.2453294269043695
Vicente Iborra,2021,Villarreal,ESP-La Liga,MF,32.0,928,0,Defensive Anchor,80.9,80.9,2.25227381127651
Étienne Capoue,2021,Villarreal,ESP-La Liga,MF,32.0,1185,0,Defensive Anchor,40.6,40.6,3.186857455334875
Gonzalo Escalante,2122,Alavés,ESP-La Liga,MF,28.0,1300,0,Defensive Anchor,2.1,2.1,4.081579279525841
Luis Rioja,2122,Alavés,ESP-La Liga,"MF,FW",27.0,3111,1,Ball Progressor,71.1,71.1,2.8093121622123407
Mamadou Loum,2122,Alavés,ESP-La Liga,MF,24.0,2312,0,Defensive Anchor,70.0,70.0,2.5051397363128833
Manu García,2122,Alavés,ESP-La Liga,MF,23.0,1077,3,Box-to-Box Engine,66.1,66.1,3.0858557982252495
Pere Pons,2122,Alavés,ESP-La Liga,MF,28.0,1366,1,Ball Progressor,43.1,43.1,3.4940201540600935
Tomás Pina Isla,2122,Alavés,ESP-La Liga,MF,33.0,1444,0,Defensive Anchor,59.6,59.6,2.7461493132299974
Toni Moya,2122,Alavés,ESP-La Liga,MF,23.0,1386,0,Defensive Anchor,55.9,55.9,2.831575513607998
Dani García,2122,Athletic Club,ESP-La Liga,MF,31.0,2177,0,Defensive Anchor,84.0,84.0,2.180513597628022
Iker Muniain,2122,Athletic Club,ESP-La Liga,MF,28.0,2785,2,Creative Playmaker,83.2,83.2,3.0677595828087894
Mikel Vesga,2122,Athletic Club,ESP-La Liga,MF,28.0,1358,0,Defensive Anchor,91.8,91.8,1.999358131906261
Nico Williams,2122,Athletic Club,ESP-La Liga,MF,19.0,1337,1,Ball Progressor,0.0,0.0,4.864568142403071
Oier Zarraga,2122,Athletic Club,ESP-La Liga,MF,22.0,1166,0,Defensive Anchor,56.3,56.3,2.8217008204330587
Unai Vencedor Paris,2122,Athletic Club,ESP-La Liga,MF,20.0,2383,0,Defensive Anchor,39.9,39.9,3.204195256919404
Álex Berenguer,2122,Athletic Club,ESP-La Liga,MF,26.0,2168,1,Ball Progressor,52.7,52.7,3.2592397482479045
Geoffrey Kondogbia,2122,Atlético Madrid,ESP-La Liga,"MF,DF",28.0,1882,0,Defensive Anchor,9.5,9.5,3.9092396032292305
Koke,2122,Atlético Madrid,ESP-La Liga,MF,29.0,2508,3,Box-to-Box Engine,84.8,84.8,2.5651212067774622
Marcos Llorente,2122,Atlético Madrid,ESP-La Liga,"MF,DF",26.0,2447,1,Ball Progressor,69.0,69.0,2.861340149924055
Rodrigo De Paul,2122,Atlético Madrid,ESP-La Liga,MF,27.0,2151,3,Box-to-Box Engine,88.3,88.3,2.4680389284667927
Thomas Lemar,2122,Atlético Madrid,ESP-La Liga,MF,25.0,1440,2,Creative Playmaker,100.0,100.0,2.433304725306241
Frenkie de Jong,2122,Barcelona,ESP-La Liga,MF,24.0,2476,3,Box-to-Box Engine,48.8,48.8,3.5693692930756624
Gavi,2122,Barcelona,ESP-La Liga,"MF,FW",16.0,2316,1,Ball Progressor,66.3,66.3,2.9273192455653465
Nicolás González,2122,Barcelona,ESP-La Liga,MF,19.0,1114,3,Box-to-Box Engine,57.6,57.6,3.3245631016486312
Nicolás González,2122,Barcelona,ESP-La Liga,MF,19.0,2357,3,Box-to-Box Engine,57.6,57.6,3.3245631016486312
Philippe Coutinho,2122,Barcelona,ESP-La Liga,"MF,FW",29.0,1329,2,Creative Playmaker,25.4,25.4,5.151207708538602
Sergio Busquets,2122,Barcelona,ESP-La Liga,MF,33.0,3198,3,Box-to-Box Engine,72.4,72.4,2.910673775841826
Andrés Guardado,2122,Betis,ESP-La Liga,MF,34.0,1393,0,Defensive Anchor,61.4,61.4,2.7040560624766954
Guido Rodríguez,2122,Betis,ESP-La Liga,MF,27.0,2529,0,Defensive Anchor,52.8,52.8,2.9041262458053763
Nabil Fekir,2122,Betis,ESP-La Liga,MF,28.0,2794,2,Creative Playmaker,94.7,94.7,2.6526867392162865
William Carvalho,2122,Betis,ESP-La Liga,MF,29.0,1805,3,Box-to-Box Engine,100.0,100.0,1.8558297966894766
Brais Méndez,2122,Celta Vigo,ESP-La Liga,MF,24.0,3021,1,Ball Progressor,90.0,90.0,2.3472533221556593
Denis Suárez,2122,Celta Vigo,ESP-La Liga,MF,27.0,2819,3,Box-to-Box Engine,83.3,83.3,2.607589240030442
Fran Beltrán,2122,Celta Vigo,ESP-La Liga,MF,22.0,2597,0,Defensive Anchor,55.1,55.1,2.8512365578007324
Franco Cervi,2122,Celta Vigo,ESP-La Liga,MF,27.0,1801,0,Defensive Anchor,8.7,8.7,3.926746759266535
Nolito,2122,Celta Vigo,ESP-La Liga,MF,34.0,1384,1,Ball Progressor,64.5,64.5,2.9701414411503877
Renato Tapia,2122,Celta Vigo,ESP-La Liga,MF,26.0,1412,0,Defensive Anchor,61.1,61.1,2.7118922756055075
Iván Alejo,2122,Cádiz,ESP-La Liga,"MF,FW",26.0,1065,2,Creative Playmaker,44.3,44.3,4.472080002681511
Jens Jønsson,2122,Cádiz,ESP-La Liga,MF,28.0,1303,0,Defensive Anchor,12.8,12.8,3.83208835652571
Oussama Idrissi,2122,Cádiz,ESP-La Liga,MF,25.0,902,2,Creative Playmaker,74.5,74.5,3.380023042086237
Rubén Alcaraz,2122,Cádiz,ESP-La Liga,MF,30.0,1105,3,Box-to-Box Engine,90.6,90.6,2.4054855642470274
Salvi,2122,Cádiz,ESP-La Liga,"MF,FW",30.0,1395,1,Ball Progressor,76.3,76.3,2.6825829464311126
Tomás Alarcón,2122,Cádiz,ESP-La Liga,MF,22.0,1425,0,Defensive Anchor,86.4,86.4,2.1236975138153356
Álex Fernández,2122,Cádiz,ESP-La Liga,MF,28.0,2051,0,Defensive Anchor,69.0,69.0,2.5275399387111963
Fidel,2122,Elche,ESP-La Liga,MF,31.0,2261,1,Ball Progressor,61.8,61.8,3.0367648478201072
Gerard Gumbau,2122,Elche,ESP-La Liga,MF,26.0,1890,0,Defensive Anchor,73.1,73.1,2.431773819164778
Omar Mascarell,2122,Elche,ESP-La Liga,MF,28.0,2493,0,Defensive Anchor,72.1,72.1,2.455458631666411
Pere Milla,2122,Elche,ESP-La Liga,"MF,FW",28.0,1644,1,Ball Progressor,29.9,29.9,3.8188544989393307
Raúl Guti,2122,Elche,ESP-La Liga,MF,24.0,1627,0,Defensive Anchor,63.7,63.7,2.651364563624902
Tete Morente,2122,Elche,ESP-La Liga,MF,24.0,1632,1,Ball Progressor,74.7,74.7,2.722430776934677
Javi Puado,2122,Espanyol,ESP-La Liga,"MF,FW",23.0,2245,1,Ball Progressor,70.9,70.9,2.8145018375587885
Keidi Bare,2122,Espanyol,ESP-La Liga,MF,23.0,1481,0,Defensive Anchor,83.5,83.5,2.1916480740044895
Manu Morlanes,2122,Espanyol,ESP-La Liga,MF,22.0,1144,0,Defensive Anchor,28.2,28.2,3.474977941334971
Nico Ribaudo,2122,Espanyol,ESP-La Liga,"MF,FW",20.0,1116,1,Ball Progressor,77.9,77.9,2.6425339207870953
Sergi Darder,2122,Espanyol,ESP-La Liga,MF,27.0,3125,3,Box-to-Box Engine,61.9,61.9,3.2042322005864485
Tonny Vilhena,2122,Espanyol,ESP-La Liga,"MF,FW",26.0,928,1,Ball Progressor,78.9,78.9,2.6177185529016453
Yangel Herrera,2122,Espanyol,ESP-La Liga,MF,23.0,1645,0,Defensive Anchor,100.0,100.0,1.4418064085074507
Óscar Melendo,2122,Espanyol,ESP-La Liga,"MF,FW",23.0,990,1,Ball Progressor,7.4,7.4,4.370070932867262
Carles Aleñá,2122,Getafe,ESP-La Liga,MF,23.0,2320,1,Ball Progressor,70.7,70.7,2.8184067608629197
Florentino Luís,2122,Getafe,ESP-La Liga,MF,21.0,992,0,Defensive Anchor,37.1,37.1,3.267510441481838
Marc Cucurella,2122,Getafe,ESP-La Liga,"MF,DF",23.0,3089,2,Creative Playmaker,0.0,0.0,9.536353231701405
Mauro Arambarri,2122,Getafe,ESP-La Liga,MF,25.0,2663,0,Defensive Anchor,78.2,78.2,2.313439219152161
Nemanja Maksimović,2122,Getafe,ESP-La Liga,MF,26.0,2936,0,Defensive Anchor,41.9,41.9,3.156552120813488
Óscar Rodríguez Arnaiz,2122,Getafe,ESP-La Liga,"MF,FW",23.0,943,1,Ball Progressor,91.6,91.6,2.3082501222679777
Antonio Puertas,2122,Granada,ESP-La Liga,"MF,FW",29.0,2261,1,Ball Progressor,91.1,91.1,2.3201861079651414
Darwin Machís,2122,Granada,ESP-La Liga,"MF,FW",28.0,1376,1,Ball Progressor,76.7,76.7,2.6725897385889508
Luis Milla,2122,Granada,ESP-La Liga,MF,26.0,2773,3,Box-to-Box Engine,94.7,94.7,2.291094294164548
Maxime Gonalons,2122,Granada,ESP-La Liga,MF,32.0,1550,0,Defensive Anchor,74.1,74.1,2.409162891251304
Njegoš Petrović,2122,Granada,ESP-La Liga,MF,22.0,918,0,Defensive Anchor,71.6,71.6,2.466932516724447
Álex Collado,2122,Granada,ESP-La Liga,"MF,FW",22.0,1020,1,Ball Progressor,44.7,44.7,3.4561098066518183
Ángel Montoro,2122,Granada,ESP-La Liga,MF,33.0,1331,1,Ball Progressor,2.2,2.2,4.497211438151125
Enis Bardhi,2122,Levante,ESP-La Liga,"MF,FW",26.0,1701,1,Ball Progressor,76.6,76.6,2.6760299177997693
Gonzalo Melero,2122,Levante,ESP-La Liga,MF,27.0,1692,1,Ball Progressor,45.6,45.6,3.434705430486195
Jorge de Frutos,2122,Levante,ESP-La Liga,"MF,FW",24.0,1760,1,Ball Progressor,47.7,47.7,3.383193813769572
José Campaña,2122,Levante,ESP-La Liga,MF,28.0,1422,3,Box-to-Box Engine,100.0,100.0,2.013720588868306
José Luis García Vayá,2122,Levante,ESP-La Liga,MF,22.0,2012,0,Defensive Anchor,74.4,74.4,2.4025297793729496
Mickael Malsa,2122,Levante,ESP-La Liga,MF,25.0,1143,0,Defensive Anchor,57.8,57.8,2.787490712824077
Nemanja Radoja,2122,Levante,ESP-La Liga,MF,28.0,1214,0,Defensive Anchor,83.5,83.5,2.191122497708028
Antonio Sánchez,2122,Mallorca,ESP-La Liga,"MF,FW",24.0,1616,0,Defensive Anchor,65.5,65.5,2.6098543209198355
Dani Rodríguez,2122,Mallorca,ESP-La Liga,"MF,FW",33.0,2832,1,Ball Progressor,100.0,100.0,1.5414837076578967
Iddrisu Baba,2122,Mallorca,ESP-La Liga,MF,25.0,1934,0,Defensive Anchor,67.6,67.6,2.5595456612690053
Iñigo Ruiz de Galarreta,2122,Mallorca,ESP-La Liga,MF,27.0,1378,0,Defensive Anchor,80.2,80.2,2.2665429577788627
Lee Kang-in,2122,Mallorca,ESP-La Liga,"MF,FW",20.0,1411,1,Ball Progressor,80.4,80.4,2.581309287810892
Rodrigo Battaglia,2122,Mallorca,ESP-La Liga,MF,30.0,1179,0,Defensive Anchor,75.7,75.7,2.371059224394353
Salva Sevilla,2122,Mallorca,ESP-La Liga,MF,37.0,1507,3,Box-to-Box Engine,29.9,29.9,4.095763793599386
Darko Brašanac,2122,Osasuna,ESP-La Liga,MF,29.0,2405,1,Ball Progressor,96.2,96.2,2.1959775105821437
Jon Moncayola,2122,Osasuna,ESP-La Liga,MF,23.0,2915,0,Defensive Anchor,60.4,60.4,2.7278698032877307
Lucas Torró,2122,Osasuna,ESP-La Liga,MF,27.0,2725,0,Defensive Anchor,66.5,66.5,2.585505007862359
Rubén García,2122,Osasuna,ESP-La Liga,"MF,FW",28.0,2375,2,Creative Playmaker,70.1,70.1,3.540885226612214
Pathé Ciss,2122,Rayo Vallecano,ESP-La Liga,MF,27.0,1097,0,Defensive Anchor,40.7,40.7,3.1857697897900747
Santi Comesaña,2122,Rayo Vallecano,ESP-La Liga,MF,24.0,2682,0,Defensive Anchor,79.9,79.9,2.274388590912656
Unai López,2122,Rayo Vallecano,ESP-La Liga,MF,25.0,1160,3,Box-to-Box Engine,52.9,52.9,3.45507281545278
Óscar Trejo,2122,Rayo Vallecano,ESP-La Liga,MF,33.0,2007,2,Creative Playmaker,73.0,73.0,3.434536970553987
Óscar Valentín,2122,Rayo Vallecano,ESP-La Liga,MF,26.0,2569,0,Defensive Anchor,37.9,37.9,3.248975739398124
Casemiro,2122,Real Madrid,ESP-La Liga,MF,29.0,2569,3,Box-to-Box Engine,47.3,47.3,3.611477543921526
Eduardo Camavinga,2122,Real Madrid,ESP-La Liga,MF,18.0,1236,3,Box-to-Box Engine,60.9,60.9,3.2313269804858256
Federico Valverde,2122,Real Madrid,ESP-La Liga,MF,23.0,1833,3,Box-to-Box Engine,65.1,65.1,3.114150208167597
Luka Modrić,2122,Real Madrid,ESP-La Liga,MF,35.0,2032,2,Creative Playmaker,50.9,50.9,4.23243044810792
Toni Kroos,2122,Real Madrid,ESP-La Liga,MF,31.0,2103,3,Box-to-Box Engine,37.0,37.0,3.896872022309825
David Silva,2122,Real Sociedad,ESP-La Liga,MF,35.0,1720,2,Creative Playmaker,75.8,75.8,3.3338537264920394
Martín Zubimendi,2122,Real Sociedad,ESP-La Liga,MF,22.0,2591,0,Defensive Anchor,69.6,69.6,2.5143273668432
Mikel Merino,2122,Real Sociedad,ESP-La Liga,MF,25.0,2890,3,Box-to-Box Engine,70.0,70.0,2.9795636687133364
Rafinha,2122,Real Sociedad,ESP-La Liga,MF,28.0,1050,3,Box-to-Box Engine,42.8,42.8,3.734651185470618
Fernando,2122,Sevilla,ESP-La Liga,"MF,DF",34.0,1850,0,Defensive Anchor,81.0,81.0,2.2483374634355466
Ivan Rakitić,2122,Sevilla,ESP-La Liga,MF,33.0,2182,3,Box-to-Box Engine,74.7,74.7,2.8484971474283514
Joan Jordán,2122,Sevilla,ESP-La Liga,MF,27.0,2514,0,Defensive Anchor,68.3,68.3,2.5428125144095857
Oussama Idrissi,2122,Sevilla,ESP-La Liga,"MF,FW",25.0,902,1,Ball Progressor,0.0,0.0,5.687485549715546
Thomas Delaney,2122,Sevilla,ESP-La Liga,MF,29.0,1549,0,Defensive Anchor,91.1,91.1,2.0154990283848724
Óliver Torres,2122,Sevilla,ESP-La Liga,"MF,FW",26.0,1008,3,Box-to-Box Engine,53.0,53.0,3.4507244972381175
Carlos Soler,2122,Valencia,ESP-La Liga,MF,24.0,2474,1,Ball Progressor,39.9,39.9,3.5731561606081934
Daniel Wass,2122,Valencia,ESP-La Liga,MF,32.0,1582,0,Defensive Anchor,60.2,60.2,2.731885634443447
Hugo Guillamón,2122,Valencia,ESP-La Liga,"MF,DF",21.0,2361,0,Defensive Anchor,100.0,100.0,1.7012694299538127
Hélder Costa,2122,Valencia,ESP-La Liga,"MF,FW",27.0,1118,1,Ball Progressor,61.1,61.1,3.0555300949900475
Rubén Sobrino,2122,Valencia,ESP-La Liga,MF,29.0,1861,0,Defensive Anchor,0.0,0.0,8.328981976993983
Uroš Račić,2122,Valencia,ESP-La Liga,MF,23.0,1206,0,Defensive Anchor,92.1,92.1,1.9906161712805384
Yunus Musah,2122,Valencia,ESP-La Liga,"MF,FW",18.0,1259,1,Ball Progressor,56.2,56.2,3.1740151738701106
Alberto Moreno,2122,Villarreal,ESP-La Liga,"MF,DF",29.0,1223,1,Ball Progressor,42.2,42.2,3.5166122192222344
Daniel Parejo,2122,Villarreal,ESP-La Liga,MF,32.0,2704,3,Box-to-Box Engine,51.8,51.8,3.4841658440888654
Manu Trigueros,2122,Villarreal,ESP-La Liga,"MF,FW",29.0,2178,1,Ball Progressor,58.6,58.6,3.1155080455122395
Moi Gómez,2122,Villarreal,ESP-La Liga,"MF,FW",27.0,1286,1,Ball Progressor,72.3,72.3,2.7813005076292714
Samuel Chukwueze,2122,Villarreal,ESP-La Liga,"MF,FW",22.0,1333,2,Creative Playmaker,45.6,45.6,4.422399807936976
Vicente Iborra,2122,Villarreal,ESP-La Liga,MF,33.0,1034,0,Defensive Anchor,80.1,80.1,2.269959618122604
Yeremi Pino,2122,Villarreal,ESP-La Liga,"MF,FW",18.0,1678,1,Ball Progressor,28.7,28.7,3.848222404209632
Étienne Capoue,2122,Villarreal,ESP-La Liga,MF,33.0,2290,0,Defensive Anchor,44.2,44.2,3.1035059314333866
César de la Hoz,2223,Almería,ESP-La Liga,MF,30.0,1673,0,Defensive Anchor,49.1,49.1,2.989466444809806
Gonzalo Melero,2223,Almería,ESP-La Liga,MF,28.0,1855,1,Ball Progressor,87.8,87.8,2.4016367911445786
Lucas Robertone,2223,Almería,ESP-La Liga,MF,25.0,2843,1,Ball Progressor,67.1,67.1,2.906572039743383
Samu Costa,2223,Almería,ESP-La Liga,MF,21.0,1989,0,Defensive Anchor,85.9,85.9,2.134675301945477
Íñigo Eguaras,2223,Almería,ESP-La Liga,MF,30.0,967,0,Defensive Anchor,32.2,32.2,3.381326745761741
Dani García,2223,Athletic Club,ESP-La Liga,MF,32.0,1485,0,Defensive Anchor,48.2,48.2,3.011004038707541
Iker Muniain,2223,Athletic Club,ESP-La Liga,"MF,FW",29.0,1689,2,Creative Playmaker,68.5,68.5,3.5984873066276784
Mikel Vesga,2223,Athletic Club,ESP-La Liga,MF,29.0,2575,0,Defensive Anchor,85.1,85.1,2.154987737518375
Oihan Sancet,2223,Athletic Club,ESP-La Liga,MF,22.0,2532,1,Ball Progressor,32.1,32.1,3.7648252311792545
Geoffrey Kondogbia,2223,Atlético Madrid,ESP-La Liga,MF,29.0,1006,0,Defensive Anchor,16.9,16.9,3.737692704358138
Koke,2223,Atlético Madrid,ESP-La Liga,MF,30.0,2545,3,Box-to-Box Engine,80.6,80.6,2.6819062319352285
Marcos Llorente,2223,Atlético Madrid,ESP-La Liga,"MF,DF",27.0,1703,1,Ball Progressor,67.2,67.2,2.905997480543705
Rodrigo De Paul,2223,Atlético Madrid,ESP-La Liga,MF,28.0,1923,2,Creative Playmaker,60.1,60.1,3.9019216459297392
Saúl Ñíguez,2223,Atlético Madrid,ESP-La Liga,"MF,DF",27.0,1100,0,Defensive Anchor,0.0,0.0,4.478551617568321
Thomas Lemar,2223,Atlético Madrid,ESP-La Liga,MF,26.0,1252,1,Ball Progressor,51.6,51.6,3.2864738754707847
Franck Kessié,2223,Barcelona,ESP-La Liga,MF,25.0,990,1,Ball Progressor,96.8,96.8,2.1815487074720585
Frenkie de Jong,2223,Barcelona,ESP-La Liga,MF,25.0,2534,3,Box-to-Box Engine,0.0,0.0,4.95026726155594
Gavi,2223,Barcelona,ESP-La Liga,"MF,FW",17.0,2531,1,Ball Progressor,98.8,98.8,2.13175932721334
Pedri,2223,Barcelona,ESP-La Liga,MF,19.0,1976,2,Creative Playmaker,88.5,88.5,2.8780835652800203
Sergio Busquets,2223,Barcelona,ESP-La Liga,MF,34.0,2339,3,Box-to-Box Engine,92.6,92.6,2.3502647475872687
Andrés Guardado,2223,Betis,ESP-La Liga,MF,35.0,1373,0,Defensive Anchor,66.6,66.6,2.5838990328544402
Guido Rodríguez,2223,Betis,ESP-La Liga,MF,28.0,2872,0,Defensive Anchor,64.4,64.4,2.635069334992473
Nabil Fekir,2223,Betis,ESP-La Liga,MF,29.0,961,2,Creative Playmaker,88.9,88.9,2.862082583552534
William Carvalho,2223,Betis,ESP-La Liga,MF,30.0,2438,3,Box-to-Box Engine,97.3,97.3,2.217625097997777
Carles Pérez,2223,Celta Vigo,ESP-La Liga,"MF,FW",24.0,2144,1,Ball Progressor,43.9,43.9,3.475548278321381
Fran Beltrán,2223,Celta Vigo,ESP-La Liga,MF,23.0,2855,0,Defensive Anchor,54.3,54.3,2.8690574974182663
Franco Cervi,2223,Celta Vigo,ESP-La Liga,"MF,DF",28.0,1894,1,Ball Progressor,19.4,19.4,4.074550245862674
Gabriel Veiga,2223,Celta Vigo,ESP-La Liga,MF,20.0,2294,1,Ball Progressor,62.2,62.2,3.028308146451777
Luca de la Torre,2223,Celta Vigo,ESP-La Liga,MF,24.0,1481,1,Ball Progressor,66.5,66.5,2.9227112506536246
Renato Tapia,2223,Celta Vigo,ESP-La Liga,"MF,DF",27.0,1451,0,Defensive Anchor,83.0,83.0,2.2015603743954415
Óscar Rodríguez Arnaiz,2223,Celta Vigo,ESP-La Liga,MF,24.0,1775,1,Ball Progressor,60.8,60.8,3.060785340440487
Brian Ocampo,2223,Cádiz,ESP-La Liga,"MF,FW",23.0,1119,1,Ball Progressor,52.6,52.6,3.261665552284382
Fede San Emeterio,2223,Cádiz,ESP-La Liga,MF,25.0,1844,0,Defensive Anchor,31.8,31.8,3.3911110839975205
Gonzalo Escalante,2223,Cádiz,ESP-La Liga,MF,29.0,1121,0,Defensive Anchor,19.9,19.9,3.6673071658769127
Iván Alejo,2223,Cádiz,ESP-La Liga,"MF,FW",27.0,1311,1,Ball Progressor,16.1,16.1,4.155195965784784
Rubén Alcaraz,2223,Cádiz,ESP-La Liga,MF,31.0,2043,0,Defensive Anchor,80.4,80.4,2.264049305913972
Rubén Sobrino,2223,Cádiz,ESP-La Liga,"MF,FW",30.0,2465,1,Ball Progressor,65.4,65.4,2.9491232733339436
Theo Bongonda,2223,Cádiz,ESP-La Liga,"MF,FW",26.0,1938,1,Ball Progressor,70.3,70.3,2.829077475299548
Álex Fernández,2223,Cádiz,ESP-La Liga,"MF,FW",29.0,1576,1,Ball Progressor,52.9,52.9,3.255414343149268
Fidel,2223,Elche,ESP-La Liga,"MF,FW",32.0,1714,1,Ball Progressor,45.7,45.7,3.4313376436121827
Gerard Gumbau,2223,Elche,ESP-La Liga,MF,27.0,2737,1,Ball Progressor,29.5,29.5,3.828407415315454
John Donald,2223,Elche,ESP-La Liga,"MF,DF",21.0,1092,0,Defensive Anchor,40.6,40.6,3.1863792870511864
Omar Mascarell,2223,Elche,ESP-La Liga,"MF,DF",29.0,2447,0,Defensive Anchor,88.4,88.4,2.0763698795266174
Raúl Guti,2223,Elche,ESP-La Liga,MF,25.0,1117,0,Defensive Anchor,30.4,30.4,3.42399326009689
Tete Morente,2223,Elche,ESP-La Liga,"MF,DF",25.0,2068,1,Ball Progressor,53.9,53.9,3.2314885313691257
Aleix Vidal,2223,Espanyol,ESP-La Liga,"MF,FW",32.0,1025,1,Ball Progressor,36.9,36.9,3.6466794888742182
Denis Suárez,2223,Espanyol,ESP-La Liga,"MF,FW",28.0,945,1,Ball Progressor,59.5,59.5,3.0936566082420205
Edu Expósito,2223,Espanyol,ESP-La Liga,MF,25.0,1160,1,Ball Progressor,27.4,27.4,3.879718730821267
Nico Ribaudo,2223,Espanyol,ESP-La Liga,"MF,FW",21.0,1248,1,Ball Progressor,75.6,75.6,2.7005353543935646
Sergi Darder,2223,Espanyol,ESP-La Liga,MF,28.0,3320,3,Box-to-Box Engine,64.4,64.4,3.132843198081728
Vinicius Souza,2223,Espanyol,ESP-La Liga,MF,23.0,2428,0,Defensive Anchor,59.6,59.6,2.7447475485563495
Carles Aleñá,2223,Getafe,ESP-La Liga,"MF,FW",24.0,2119,1,Ball Progressor,66.8,66.8,2.9143959417016516
Luis Milla,2223,Getafe,ESP-La Liga,MF,27.0,1856,0,Defensive Anchor,60.0,60.0,2.736437779762397
Mauro Arambarri,2223,Getafe,ESP-La Liga,MF,26.0,992,0,Defensive Anchor,16.6,16.6,3.744983977509306
Munir El Haddadi,2223,Getafe,ESP-La Liga,"MF,FW",26.0,1150,1,Ball Progressor,58.7,58.7,3.113168495371542
Nemanja Maksimović,2223,Getafe,ESP-La Liga,MF,27.0,2053,0,Defensive Anchor,23.8,23.8,3.5767130267552325
Portu,2223,Getafe,ESP-La Liga,"MF,DF",30.0,1770,1,Ball Progressor,81.2,81.2,2.5629777907102036
Ángel Algobia,2223,Getafe,ESP-La Liga,MF,23.0,1138,0,Defensive Anchor,44.2,44.2,3.1023746801293957
Aleix García,2223,Girona,ESP-La Liga,MF,25.0,2337,3,Box-to-Box Engine,27.0,27.0,4.174138913363534
Iván Martín,2223,Girona,ESP-La Liga,MF,23.0,1586,1,Ball Progressor,94.9,94.9,2.2271584945125236
Oriol Romeu,2223,Girona,ESP-La Liga,MF,30.0,2950,0,Defensive Anchor,100.0,100.0,1.8013259553745407
Rodrigo Riquelme,2223,Girona,ESP-La Liga,"MF,FW",22.0,2179,2,Creative Playmaker,66.2,66.2,3.680447224374933
Valery Fernández,2223,Girona,ESP-La Liga,"MF,DF",22.0,967,1,Ball Progressor,37.9,37.9,3.622166052265375
Viktor Tsyhankov,2223,Girona,ESP-La Liga,MF,24.0,1489,2,Creative Playmaker,84.0,84.0,3.0399766747131944
Yangel Herrera,2223,Girona,ESP-La Liga,"MF,FW",24.0,963,1,Ball Progressor,100.0,100.0,1.9550141920406947
Amath,2223,Mallorca,ESP-La Liga,"MF,FW",26.0,1227,1,Ball Progressor,54.0,54.0,3.229118777263435
Antonio Sánchez,2223,Mallorca,ESP-La Liga,"MF,DF",25.0,1076,0,Defensive Anchor,29.2,29.2,3.4527786920883696
Dani Rodríguez,2223,Mallorca,ESP-La Liga,MF,34.0,2100,1,Ball Progressor,94.3,94.3,2.242798748653056
Iddrisu Baba,2223,Mallorca,ESP-La Liga,"MF,DF",26.0,1705,0,Defensive Anchor,42.6,42.6,3.140890009412427
Iñigo Ruiz de Galarreta,2223,Mallorca,ESP-La Liga,MF,28.0,2449,0,Defensive Anchor,100.0,100.0,1.7921556249580535
Lee Kang-in,2223,Mallorca,ESP-La Liga,"MF,FW",21.0,2823,1,Ball Progressor,80.4,80.4,2.5807422195240357
Aimar Oroz,2223,Osasuna,ESP-La Liga,"MF,FW",20.0,2013,1,Ball Progressor,100.0,100.0,1.9800004887429663
Darko Brašanac,2223,Osasuna,ESP-La Liga,MF,30.0,1041,0,Defensive Anchor,67.3,67.3,2.567906955398212
Jon Moncayola,2223,Osasuna,ESP-La Liga,"MF,DF",24.0,2448,3,Box-to-Box Engine,92.9,92.9,2.3407121175561976
Lucas Torró,2223,Osasuna,ESP-La Liga,MF,28.0,2477,0,Defensive Anchor,73.2,73.2,2.4298078545535406
Moi Gómez,2223,Osasuna,ESP-La Liga,"MF,FW",28.0,2453,3,Box-to-Box Engine,43.5,43.5,3.7169457932828633
Pablo Ibáñez,2223,Osasuna,ESP-La Liga,MF,23.0,1064,0,Defensive Anchor,64.3,64.3,2.6361227511341965
Pathé Ciss,2223,Rayo Vallecano,ESP-La Liga,"MF,DF",28.0,1282,0,Defensive Anchor,73.7,73.7,2.4183032845680135
Santi Comesaña,2223,Rayo Vallecano,ESP-La Liga,MF,25.0,2451,3,Box-to-Box Engine,91.7,91.7,2.3739380287943224
Unai López,2223,Rayo Vallecano,ESP-La Liga,MF,26.0,1254,3,Box-to-Box Engine,90.0,90.0,2.4218767724204695
Óscar Trejo,2223,Rayo Vallecano,ESP-La Liga,"MF,FW",34.0,2145,1,Ball Progressor,82.2,82.2,2.5379526801696217
Óscar Valentín,2223,Rayo Vallecano,ESP-La Liga,MF,27.0,2555,0,Defensive Anchor,35.9,35.9,3.295635978327808
Aurélien Tchouaméni,2223,Real Madrid,ESP-La Liga,MF,22.0,2119,3,Box-to-Box Engine,48.9,48.9,3.5652919931716904
Casemiro,2223,Real Madrid,ESP-La Liga,MF,30.0,2124,0,Defensive Anchor,0.0,0.0,7.047486309325228
Dani Ceballos,2223,Real Madrid,ESP-La Liga,MF,25.0,1564,3,Box-to-Box Engine,25.0,25.0,4.230071197003706
Eduardo Camavinga,2223,Real Madrid,ESP-La Liga,"MF,DF",19.0,2010,3,Box-to-Box Engine,59.8,59.8,3.2626852819735017
Federico Valverde,2223,Real Madrid,ESP-La Liga,"MF,FW",24.0,2502,2,Creative Playmaker,62.1,62.1,3.8271942004997803
Luka Modrić,2223,Real Madrid,ESP-La Liga,MF,36.0,1744,2,Creative Playmaker,70.2,70.2,3.536784898350798
Toni Kroos,2223,Real Madrid,ESP-La Liga,MF,32.0,2155,3,Box-to-Box Engine,17.3,17.3,4.444631680862303
Asier Illarramendi,2223,Real Sociedad,ESP-La Liga,MF,32.0,1076,0,Defensive Anchor,20.0,20.0,3.6647876804885446
Brais Méndez,2223,Real Sociedad,ESP-La Liga,MF,25.0,2407,1,Ball Progressor,59.9,59.9,3.0840349202526554
David Silva,2223,Real Sociedad,ESP-La Liga,MF,36.0,1937,2,Creative Playmaker,85.4,85.4,2.986438189937896
Martín Zubimendi,2223,Real Sociedad,ESP-La Liga,MF,23.0,3101,0,Defensive Anchor,72.3,72.3,2.450898303166184
Mikel Merino,2223,Real Sociedad,ESP-La Liga,MF,26.0,2494,3,Box-to-Box Engine,62.5,62.5,3.1881297166932723
Fernando,2223,Sevilla,ESP-La Liga,"MF,DF",35.0,3285,0,Defensive Anchor,100.0,100.0,1.6286921158182672
Fernando,2223,Sevilla,ESP-La Liga,"MF,DF",35.0,1577,0,Defensive Anchor,100.0,100.0,1.6286921158182672
Ivan Rakitić,2223,Sevilla,ESP-La Liga,MF,34.0,1788,3,Box-to-Box Engine,84.4,84.4,2.5761524705039736
Joan Jordán,2223,Sevilla,ESP-La Liga,MF,28.0,1592,0,Defensive Anchor,69.2,69.2,2.52319914483119
Pape Gueye,2223,Sevilla,ESP-La Liga,MF,23.0,1171,0,Defensive Anchor,75.3,75.3,2.3808325147307494
Suso,2223,Sevilla,ESP-La Liga,"MF,FW",28.0,1065,2,Creative Playmaker,84.7,84.7,3.0130970785721467
Óliver Torres,2223,Sevilla,ESP-La Liga,"MF,FW",27.0,2137,1,Ball Progressor,88.1,88.1,2.3924964548608183
Carlos Soler,2223,Valencia,ESP-La Liga,MF,25.0,1187,1,Ball Progressor,0.0,0.0,5.265601170411466
Domingos André Ribeiro Almeida,2223,Valencia,ESP-La Liga,MF,22.0,2539,3,Box-to-Box Engine,82.7,82.7,2.624490261319905
Hugo Guillamón,2223,Valencia,ESP-La Liga,MF,22.0,1632,0,Defensive Anchor,1.5,1.5,4.093963575393611
Ilaix Moriba,2223,Valencia,ESP-La Liga,MF,19.0,1011,3,Box-to-Box Engine,63.5,63.5,3.1595312252396703
Nicolás González,2223,Valencia,ESP-La Liga,MF,20.0,1405,0,Defensive Anchor,98.5,98.5,1.8433425480636922
Nicolás González,2223,Valencia,ESP-La Liga,MF,20.0,1354,0,Defensive Anchor,98.5,98.5,1.8433425480636922
Yunus Musah,2223,Valencia,ESP-La Liga,MF,19.0,2110,1,Ball Progressor,71.1,71.1,2.808575747377245
Iván Sánchez,2223,Valladolid,ESP-La Liga,"MF,FW",29.0,1154,1,Ball Progressor,28.5,28.5,3.8524004706039507
Kike Pérez,2223,Valladolid,ESP-La Liga,MF,25.0,2307,3,Box-to-Box Engine,83.8,83.8,2.595234792215809
Monchu,2223,Valladolid,ESP-La Liga,MF,22.0,2031,0,Defensive Anchor,67.1,67.1,2.5726312120360126
Roque Mesa,2223,Valladolid,ESP-La Liga,MF,33.0,1617,3,Box-to-Box Engine,68.9,68.9,3.0087151045334473
Álvaro Aguado,2223,Valladolid,ESP-La Liga,MF,26.0,1888,3,Box-to-Box Engine,70.7,70.7,2.9596325413404596
Alex Baena,2223,Villarreal,ESP-La Liga,"MF,FW",21.0,1947,2,Creative Playmaker,77.6,77.6,3.268440434549329
Daniel Parejo,2223,Villarreal,ESP-La Liga,MF,33.0,3285,3,Box-to-Box Engine,100.0,100.0,1.885966852108535
Giovani Lo Celso,2223,Villarreal,ESP-La Liga,"MF,FW",26.0,1126,2,Creative Playmaker,79.7,79.7,3.1932305907701553
Étienne Capoue,2223,Villarreal,ESP-La Liga,MF,34.0,1955,1,Ball Progressor,58.5,58.5,3.1191524674557263
Ander Guevara,2324,Alavés,ESP-La Liga,MF,26.0,2932,0,Defensive Anchor,74.1,74.1,2.409557429156245
Antonio Blanco,2324,Alavés,ESP-La Liga,MF,23.0,2426,0,Defensive Anchor,100.0,100.0,1.5779348626381653
Carlos Benavídez,2324,Alavés,ESP-La Liga,MF,25.0,1136,0,Defensive Anchor,47.5,47.5,3.0263541744439006
Jon Guridi,2324,Alavés,ESP-La Liga,MF,28.0,2678,1,Ball Progressor,83.4,83.4,2.508785381218209
Dion Lopy,2324,Almería,ESP-La Liga,MF,21.0,1916,0,Defensive Anchor,74.3,74.3,2.4053345578972047
Gonzalo Melero,2324,Almería,ESP-La Liga,"MF,FW",29.0,1103,1,Ball Progressor,83.4,83.4,2.5096074022840673
Iddrisu Baba,2324,Almería,ESP-La Liga,MF,27.0,1430,0,Defensive Anchor,58.1,58.1,2.7798081421980423
Jonathan Viera,2324,Almería,ESP-La Liga,MF,33.0,912,2,Creative Playmaker,54.5,54.5,4.103710188667493
Lucas Robertone,2324,Almería,ESP-La Liga,MF,26.0,2381,0,Defensive Anchor,59.8,59.8,2.741538446142379
Sergio Arribas,2324,Almería,ESP-La Liga,"MF,FW",21.0,2047,1,Ball Progressor,26.7,26.7,3.897318339350952
Ander Herrera,2324,Athletic Club,ESP-La Liga,MF,33.0,1030,3,Box-to-Box Engine,57.9,57.9,3.313951553021423
Beñat Prados,2324,Athletic Club,ESP-La Liga,"MF,DF",22.0,1449,0,Defensive Anchor,82.0,82.0,2.2260965778933928
Iñigo Ruiz de Galarreta,2324,Athletic Club,ESP-La Liga,MF,29.0,2091,3,Box-to-Box Engine,81.7,81.7,2.653012484981224
Mikel Vesga,2324,Athletic Club,ESP-La Liga,MF,30.0,1534,0,Defensive Anchor,27.3,27.3,3.4956571911250425
Oihan Sancet,2324,Athletic Club,ESP-La Liga,MF,23.0,1975,2,Creative Playmaker,81.4,81.4,3.1328754982241422
Koke,2324,Atlético Madrid,ESP-La Liga,MF,31.0,2493,3,Box-to-Box Engine,77.6,77.6,2.765751393735122
Marcos Llorente,2324,Atlético Madrid,ESP-La Liga,"MF,DF",28.0,2565,1,Ball Progressor,100.0,100.0,2.068189085593699
Pablo Barrios,2324,Atlético Madrid,ESP-La Liga,MF,20.0,1555,0,Defensive Anchor,61.4,61.4,2.703258096342801
Rodrigo De Paul,2324,Atlético Madrid,ESP-La Liga,MF,29.0,2075,3,Box-to-Box Engine,4.9,4.9,4.791004283998418
Saúl Ñíguez,2324,Atlético Madrid,ESP-La Liga,MF,28.0,1374,0,Defensive Anchor,1.0,1.0,4.106147370377369
Fermin López,2324,Barcelona,ESP-La Liga,"MF,FW",20.0,1446,1,Ball Progressor,0.0,0.0,5.10138291660647
Frenkie de Jong,2324,Barcelona,ESP-La Liga,MF,26.0,1634,3,Box-to-Box Engine,3.6,3.6,4.825667034827784
Gavi,2324,Barcelona,ESP-La Liga,"MF,FW",18.0,944,1,Ball Progressor,28.5,28.5,3.8515734497139555
Oriol Romeu,2324,Barcelona,ESP-La Liga,MF,31.0,936,3,Box-to-Box Engine,63.5,63.5,3.1591624285027966
Pedri,2324,Barcelona,ESP-La Liga,"MF,FW",20.0,1476,2,Creative Playmaker,67.1,67.1,3.648650380692775
İlkay Gündoğan,2324,Barcelona,ESP-La Liga,MF,32.0,2994,2,Creative Playmaker,67.9,67.9,3.6191791949468004
Guido Rodríguez,2324,Betis,ESP-La Liga,MF,29.0,1846,0,Defensive Anchor,81.7,81.7,2.232778222686805
Isco,2324,Betis,ESP-La Liga,MF,31.0,2326,2,Creative Playmaker,81.4,81.4,3.132826118549086
Johnny Cardoso,2324,Betis,ESP-La Liga,MF,21.0,1328,0,Defensive Anchor,68.0,68.0,2.5504630577407914
Marc Roca,2324,Betis,ESP-La Liga,MF,26.0,1980,0,Defensive Anchor,63.2,63.2,2.6627844418775743
Nabil Fekir,2324,Betis,ESP-La Liga,"MF,FW",30.0,1049,2,Creative Playmaker,91.9,91.9,2.7546883480398465
Fran Beltrán,2324,Celta Vigo,ESP-La Liga,MF,24.0,2428,0,Defensive Anchor,75.5,75.5,2.3768918939447
Jonathan Bamba,2324,Celta Vigo,ESP-La Liga,"MF,FW",27.0,1981,2,Creative Playmaker,66.9,66.9,3.6561412757666814
Luca de la Torre,2324,Celta Vigo,ESP-La Liga,MF,25.0,1956,1,Ball Progressor,88.4,88.4,2.3859670159625668
Renato Tapia,2324,Celta Vigo,ESP-La Liga,"MF,DF",28.0,1337,0,Defensive Anchor,64.0,64.0,2.644114218739816
Gonzalo Escalante,2324,Cádiz,ESP-La Liga,MF,30.0,1697,0,Defensive Anchor,84.8,84.8,2.161850811148506
Iván Alejo,2324,Cádiz,ESP-La Liga,MF,28.0,1692,1,Ball Progressor,65.9,65.9,2.936038824107967
Roberto Navarro,2324,Cádiz,ESP-La Liga,"MF,FW",21.0,1888,1,Ball Progressor,44.8,44.8,3.454728189048861
Rubén Alcaraz,2324,Cádiz,ESP-La Liga,MF,32.0,3134,0,Defensive Anchor,90.9,90.9,2.019987188682138
Rubén Sobrino,2324,Cádiz,ESP-La Liga,"MF,FW",31.0,1646,0,Defensive Anchor,38.3,38.3,3.2408673246315005
Álex Fernández,2324,Cádiz,ESP-La Liga,MF,30.0,1285,0,Defensive Anchor,96.1,96.1,1.8995402856508459
Carles Aleñá,2324,Getafe,ESP-La Liga,MF,25.0,1020,1,Ball Progressor,56.1,56.1,3.1770511378690336
Luis Milla,2324,Getafe,ESP-La Liga,MF,28.0,2115,0,Defensive Anchor,49.5,49.5,2.9807041848639533
Mason Greenwood,2324,Getafe,ESP-La Liga,"MF,FW",21.0,2662,2,Creative Playmaker,55.7,55.7,4.061240525630955
Nemanja Maksimović,2324,Getafe,ESP-La Liga,MF,28.0,3265,0,Defensive Anchor,37.8,37.8,3.2515054424290626
Óscar Rodríguez Arnaiz,2324,Getafe,ESP-La Liga,"MF,FW",25.0,967,1,Ball Progressor,77.7,77.7,2.647324960078405
Aleix García,2324,Girona,ESP-La Liga,MF,26.0,3199,3,Box-to-Box Engine,78.1,78.1,2.751400674768625
Iván Martín,2324,Girona,ESP-La Liga,MF,24.0,2729,1,Ball Progressor,68.7,68.7,2.86751729488501
Portu,2324,Girona,ESP-La Liga,"MF,FW",31.0,1188,1,Ball Progressor,0.0,0.0,5.330007290716667
Viktor Tsyhankov,2324,Girona,ESP-La Liga,"MF,FW",25.0,2052,2,Creative Playmaker,72.5,72.5,3.4528181511055553
Yangel Herrera,2324,Girona,ESP-La Liga,MF,25.0,2107,0,Defensive Anchor,57.6,57.6,2.792434767028938
Bryan Zaragoza,2324,Granada,ESP-La Liga,"MF,FW",21.0,1638,2,Creative Playmaker,45.4,45.4,4.43198290869419
Facundo Pellistri,2324,Granada,ESP-La Liga,"MF,FW",21.0,1232,1,Ball Progressor,76.4,76.4,2.680828366677031
Gerard Gumbau,2324,Granada,ESP-La Liga,MF,28.0,2674,0,Defensive Anchor,40.8,40.8,3.1833717034876132
Gonzalo Villar,2324,Granada,ESP-La Liga,MF,25.0,1803,0,Defensive Anchor,38.7,38.7,3.2318284252901095
Martin Hongla,2324,Granada,ESP-La Liga,"MF,DF",25.0,1084,0,Defensive Anchor,0.0,0.0,5.205110004210317
Sergio Ruiz,2324,Granada,ESP-La Liga,MF,28.0,2494,0,Defensive Anchor,74.6,74.6,2.3979321627635097
Óscar Melendo,2324,Granada,ESP-La Liga,"MF,FW",25.0,1122,1,Ball Progressor,58.2,58.2,3.1263677890524493
Enzo Loiodice,2324,Las Palmas,ESP-La Liga,MF,22.0,1790,0,Defensive Anchor,59.9,59.9,2.739608635840732
Javier Muñoz,2324,Las Palmas,ESP-La Liga,MF,28.0,2640,1,Ball Progressor,86.4,86.4,2.435409996633959
Jonathan Viera,2324,Las Palmas,ESP-La Liga,"MF,FW",33.0,912,2,Creative Playmaker,37.5,37.5,4.7145246368846285
Kirian Rodríguez,2324,Las Palmas,ESP-La Liga,MF,27.0,3211,3,Box-to-Box Engine,78.7,78.7,2.736943608288178
Máximo Perrone,2324,Las Palmas,ESP-La Liga,MF,20.0,1623,0,Defensive Anchor,32.5,32.5,3.374799798498296
Antonio Sánchez,2324,Mallorca,ESP-La Liga,MF,26.0,1452,1,Ball Progressor,83.2,83.2,2.5128787475363423
Dani Rodríguez,2324,Mallorca,ESP-La Liga,MF,35.0,2615,1,Ball Progressor,99.7,99.7,2.1105518968258545
Manu Morlanes,2324,Mallorca,ESP-La Liga,MF,24.0,1615,0,Defensive Anchor,64.6,64.6,2.6291417966657393
Omar Mascarell,2324,Mallorca,ESP-La Liga,MF,30.0,1571,0,Defensive Anchor,83.4,83.4,2.1923755515557395
Samu Costa,2324,Mallorca,ESP-La Liga,MF,22.0,2303,0,Defensive Anchor,75.1,75.1,2.384979752952696
Sergi Darder,2324,Mallorca,ESP-La Liga,MF,29.0,2157,1,Ball Progressor,64.9,64.9,2.96200865286793
Aimar Oroz,2324,Osasuna,ESP-La Liga,MF,21.0,2339,1,Ball Progressor,100.0,100.0,1.3431022640127372
Iker Muñoz,2324,Osasuna,ESP-La Liga,MF,20.0,1854,0,Defensive Anchor,16.3,16.3,3.751683183299193
Jon Moncayola,2324,Osasuna,ESP-La Liga,MF,25.0,1800,0,Defensive Anchor,38.7,38.7,3.2306222657129973
Lucas Torró,2324,Osasuna,ESP-La Liga,MF,29.0,1788,0,Defensive Anchor,42.3,42.3,3.147955828012265
Moi Gómez,2324,Osasuna,ESP-La Liga,"MF,FW",29.0,2006,1,Ball Progressor,76.9,76.9,2.667633247485707
Pablo Ibáñez,2324,Osasuna,ESP-La Liga,MF,24.0,1152,1,Ball Progressor,58.5,58.5,3.1170595351428236
Isaac Palazón Camacho,2324,Rayo Vallecano,ESP-La Liga,"MF,FW",28.0,2791,1,Ball Progressor,100.0,100.0,1.862014452868402
Pathé Ciss,2324,Rayo Vallecano,ESP-La Liga,MF,29.0,1664,0,Defensive Anchor,100.0,100.0,1.6683342920355806
Unai López,2324,Rayo Vallecano,ESP-La Liga,MF,27.0,2108,3,Box-to-Box Engine,98.9,98.9,2.173419299553154
Óscar Valentín,2324,Rayo Vallecano,ESP-La Liga,MF,28.0,2692,0,Defensive Anchor,45.5,45.5,3.072209967820029
Aurélien Tchouaméni,2324,Real Madrid,ESP-La Liga,"MF,DF",23.0,1987,3,Box-to-Box Engine,31.5,31.5,4.049451691837317
Eduardo Camavinga,2324,Real Madrid,ESP-La Liga,"MF,DF",20.0,1817,3,Box-to-Box Engine,54.0,54.0,3.4248465021792325
Federico Valverde,2324,Real Madrid,ESP-La Liga,MF,25.0,2904,3,Box-to-Box Engine,64.5,64.5,3.13127058577262
Jude Bellingham,2324,Real Madrid,ESP-La Liga,MF,20.0,2315,2,Creative Playmaker,7.8,7.8,5.78672169406081
Luka Modrić,2324,Real Madrid,ESP-La Liga,MF,37.0,1688,2,Creative Playmaker,29.1,29.1,5.018147811960075
Toni Kroos,2324,Real Madrid,ESP-La Liga,MF,33.0,2124,3,Box-to-Box Engine,13.3,13.3,4.555763111900966
Arsen Zakharyan,2324,Real Sociedad,ESP-La Liga,"MF,FW",20.0,1228,1,Ball Progressor,78.6,78.6,2.6266905585670495
Beñat Turrientes,2324,Real Sociedad,ESP-La Liga,MF,21.0,1687,0,Defensive Anchor,39.3,39.3,3.216469443235442
Brais Méndez,2324,Real Sociedad,ESP-La Liga,"MF,FW",26.0,2413,1,Ball Progressor,80.5,80.5,2.5786608013947787
Martín Zubimendi,2324,Real Sociedad,ESP-La Liga,MF,24.0,2654,0,Defensive Anchor,98.7,98.7,1.8376837149206624
Mikel Merino,2324,Real Sociedad,ESP-La Liga,MF,27.0,2482,3,Box-to-Box Engine,70.0,70.0,2.9781375042338665
Boubakary Soumaré,2324,Sevilla,ESP-La Liga,MF,24.0,2286,0,Defensive Anchor,83.1,83.1,2.2009028917279947
Djibril Sow,2324,Sevilla,ESP-La Liga,MF,26.0,1460,0,Defensive Anchor,85.8,85.8,2.1373816336360063
Ivan Rakitić,2324,Sevilla,ESP-La Liga,MF,35.0,1425,3,Box-to-Box Engine,17.1,17.1,4.451100599294932
Suso,2324,Sevilla,ESP-La Liga,"MF,FW",29.0,1517,2,Creative Playmaker,72.1,72.1,3.4663654415207876
Óliver Torres,2324,Sevilla,ESP-La Liga,MF,28.0,1616,1,Ball Progressor,23.3,23.3,3.9801195343022067
Diego López,2324,Valencia,ESP-La Liga,"MF,FW",21.0,2656,1,Ball Progressor,99.3,99.3,2.1180580787909573
Francisco Perez,2324,Valencia,ESP-La Liga,"MF,FW",20.0,2049,1,Ball Progressor,73.4,73.4,2.754187197282213
Hugo Guillamón,2324,Valencia,ESP-La Liga,MF,23.0,1315,0,Defensive Anchor,22.1,22.1,3.61682065231986
Javier Guerra,2324,Valencia,ESP-La Liga,MF,20.0,2498,0,Defensive Anchor,69.9,69.9,2.507819115236002
José Luis García Vayá,2324,Valencia,ESP-La Liga,MF,24.0,3302,3,Box-to-Box Engine,81.3,81.3,2.663823194190638
Sergi Canós,2324,Valencia,ESP-La Liga,"MF,FW",26.0,1229,1,Ball Progressor,95.3,95.3,2.2181635507065667
Alex Baena,2324,Villarreal,ESP-La Liga,"MF,FW",22.0,2579,2,Creative Playmaker,77.7,77.7,3.2641887595735652
Daniel Parejo,2324,Villarreal,ESP-La Liga,MF,34.0,2580,3,Box-to-Box Engine,69.2,69.2,3.0018349030433997
Francis Coquelin,2324,Villarreal,ESP-La Liga,MF,32.0,910,0,Defensive Anchor,79.8,79.8,2.277482954139993
Ilias Akhomach,2324,Villarreal,ESP-La Liga,"MF,FW",19.0,1511,1,Ball Progressor,24.5,24.5,3.950966053645315
Santi Comesaña,2324,Villarreal,ESP-La Liga,MF,26.0,1653,0,Defensive Anchor,87.3,87.3,2.1035212417292453
Étienne Capoue,2324,Villarreal,ESP-La Liga,MF,35.0,1455,0,Defensive Anchor,100.0,100.0,1.531167771166465
Ander Guevara,2425,Alavés,ESP-La Liga,MF,27.0,1947,0,Defensive Anchor,92.7,92.7,1.9767697178787131
Antonio Blanco,2425,Alavés,ESP-La Liga,MF,24.0,2727,0,Defensive Anchor,100.0,100.0,1.7487686211213735
Carles Aleñá,2425,Alavés,ESP-La Liga,"MF,FW",26.0,1090,1,Ball Progressor,59.9,59.9,3.0832831262842366
Joan Jordán,2425,Alavés,ESP-La Liga,MF,30.0,1414,3,Box-to-Box Engine,1.8,1.8,4.877695876993072
Jon Guridi,2425,Alavés,ESP-La Liga,"MF,FW",29.0,2080,1,Ball Progressor,75.4,75.4,2.70515493850973
Beñat Prados,2425,Athletic Club,ESP-La Liga,MF,23.0,1715,0,Defensive Anchor,100.0,100.0,1.7659595013748102
Iñigo Ruiz de Galarreta,2425,Athletic Club,ESP-La Liga,MF,30.0,1477,3,Box-to-Box Engine,78.5,78.5,2.741950291868261
Mikel Jauregizar,2425,Athletic Club,ESP-La Liga,MF,20.0,2244,0,Defensive Anchor,66.2,66.2,2.59302888344509
Mikel Vesga,2425,Athletic Club,ESP-La Liga,MF,31.0,988,0,Defensive Anchor,97.9,97.9,1.8561766835719216
Oihan Sancet,2425,Athletic Club,ESP-La Liga,MF,24.0,1620,2,Creative Playmaker,0.0,0.0,6.566005795697377
Unai Gómez,2425,Athletic Club,ESP-La Liga,"MF,FW",21.0,1284,1,Ball Progressor,24.7,24.7,3.946477767085469
Conor Gallagher,2425,Atlético Madrid,ESP-La Liga,MF,24.0,1633,1,Ball Progressor,73.2,73.2,2.75852195048614
Giuliano Simeone,2425,Atlético Madrid,ESP-La Liga,MF,21.0,1926,1,Ball Progressor,44.1,44.1,3.470269000374045
Koke,2425,Atlético Madrid,ESP-La Liga,MF,32.0,1926,3,Box-to-Box Engine,86.1,86.1,2.5306469056018184
Pablo Barrios,2425,Atlético Madrid,ESP-La Liga,MF,21.0,2330,3,Box-to-Box Engine,77.6,77.6,2.767204971647928
Rodrigo De Paul,2425,Atlético Madrid,ESP-La Liga,MF,30.0,2106,2,Creative Playmaker,30.8,30.8,4.956035672546511
Samuel Lino,2425,Atlético Madrid,ESP-La Liga,"MF,DF",24.0,1552,2,Creative Playmaker,56.8,56.8,4.019828442001717
Dani Olmo,2425,Barcelona,ESP-La Liga,"MF,FW",26.0,1212,2,Creative Playmaker,8.3,8.3,5.7710007725675325
Fermin López,2425,Barcelona,ESP-La Liga,"MF,FW",21.0,1252,2,Creative Playmaker,79.8,79.8,3.189369553294282
Frenkie de Jong,2425,Barcelona,ESP-La Liga,MF,27.0,1143,3,Box-to-Box Engine,0.0,0.0,5.195864387147168
Gavi,2425,Barcelona,ESP-La Liga,"MF,FW",19.0,1085,3,Box-to-Box Engine,100.0,100.0,2.109713298244557
Marc Casado,2425,Barcelona,ESP-La Liga,MF,20.0,1611,3,Box-to-Box Engine,52.5,52.5,3.4666704252771647
Pedri,2425,Barcelona,ESP-La Liga,MF,21.0,2879,3,Box-to-Box Engine,0.0,0.0,5.375283683607631
Giovani Lo Celso,2425,Betis,ESP-La Liga,"MF,FW",28.0,1457,2,Creative Playmaker,42.0,42.0,4.553956643321664
Isco,2425,Betis,ESP-La Liga,MF,32.0,1547,2,Creative Playmaker,29.1,29.1,5.018849296830192
Johnny Cardoso,2425,Betis,ESP-La Liga,MF,22.0,2144,0,Defensive Anchor,89.6,89.6,2.0498853075897436
Marc Roca,2425,Betis,ESP-La Liga,MF,27.0,906,0,Defensive Anchor,36.0,36.0,3.293804480009656
Pablo Fornals,2425,Betis,ESP-La Liga,"MF,FW",28.0,1827,1,Ball Progressor,32.8,32.8,3.746624597939068
Sergi Altimira,2425,Betis,ESP-La Liga,MF,22.0,1972,0,Defensive Anchor,82.9,82.9,2.205527521359965
Damián Rodríguez,2425,Celta Vigo,ESP-La Liga,MF,21.0,927,3,Box-to-Box Engine,0.0,0.0,5.926193039522872
Fran Beltrán,2425,Celta Vigo,ESP-La Liga,MF,25.0,2421,0,Defensive Anchor,83.0,83.0,2.202857332640143
Hugo Sotelo,2425,Celta Vigo,ESP-La Liga,MF,20.0,1254,3,Box-to-Box Engine,28.9,28.9,4.122549653244089
Hugo Álvarez,2425,Celta Vigo,ESP-La Liga,"MF,DF",21.0,1572,2,Creative Playmaker,56.1,56.1,4.046614300182973
Ilaix Moriba,2425,Celta Vigo,ESP-La Liga,MF,21.0,2132,0,Defensive Anchor,42.0,42.0,3.15470211311613
Sergio Carreira,2425,Celta Vigo,ESP-La Liga,"MF,DF",23.0,1656,1,Ball Progressor,53.3,53.3,3.245940213229226
Óscar Mingueza,2425,Celta Vigo,ESP-La Liga,"MF,DF",25.0,2729,2,Creative Playmaker,62.1,62.1,3.827044485311294
Alex Král,2425,Espanyol,ESP-La Liga,MF,26.0,2714,0,Defensive Anchor,60.1,60.1,2.734856518225772
Edu Expósito,2425,Espanyol,ESP-La Liga,MF,27.0,1045,3,Box-to-Box Engine,32.4,32.4,4.025514000666548
Jofre,2425,Espanyol,ESP-La Liga,"MF,FW",23.0,2165,1,Ball Progressor,63.8,63.8,2.988709450222089
Pol Lozano,2425,Espanyol,ESP-La Liga,MF,24.0,1943,0,Defensive Anchor,40.7,40.7,3.1848785428507203
Urko González,2425,Espanyol,ESP-La Liga,MF,23.0,1374,0,Defensive Anchor,30.4,30.4,3.4247945648789164
Álvaro Tejero,2425,Espanyol,ESP-La Liga,"MF,DF",28.0,1238,2,Creative Playmaker,44.6,44.6,4.45891921906867
Alex Sola,2425,Getafe,ESP-La Liga,"MF,FW",25.0,1029,1,Ball Progressor,63.2,63.2,3.002543817032185
Carles Aleñá,2425,Getafe,ESP-La Liga,"MF,FW",26.0,1090,0,Defensive Anchor,0.0,0.0,5.040005482133241
Carles Pérez,2425,Getafe,ESP-La Liga,"MF,FW",26.0,1431,1,Ball Progressor,73.1,73.1,2.760354551010926
Coba da Costa,2425,Getafe,ESP-La Liga,"MF,FW",22.0,1006,1,Ball Progressor,7.1,7.1,4.376505173529111
Luis Milla,2425,Getafe,ESP-La Liga,MF,29.0,2875,3,Box-to-Box Engine,48.6,48.6,3.5750177425716534
Mauro Arambarri,2425,Getafe,ESP-La Liga,MF,28.0,2661,1,Ball Progressor,7.1,7.1,4.375973419696788
Ramón Terrats,2425,Getafe,ESP-La Liga,"MF,FW",23.0,1219,1,Ball Progressor,50.1,50.1,3.324843539486496
Arthur Melo,2425,Girona,ESP-La Liga,MF,27.0,941,3,Box-to-Box Engine,3.0,3.0,4.843447707755049
Donny van de Beek,2425,Girona,ESP-La Liga,MF,27.0,1421,1,Ball Progressor,51.3,51.3,3.2949427831734046
Iván Martín,2425,Girona,ESP-La Liga,MF,25.0,2039,1,Ball Progressor,47.4,47.4,3.3905899176511713
Oriol Romeu,2425,Girona,ESP-La Liga,MF,32.0,1356,0,Defensive Anchor,61.4,61.4,2.705205941832447
Yangel Herrera,2425,Girona,ESP-La Liga,MF,26.0,2257,1,Ball Progressor,68.4,68.4,2.8753373700290377
Dario Essugo,2425,Las Palmas,ESP-La Liga,MF,19.0,1938,0,Defensive Anchor,100.0,100.0,1.7219415896521777
Javier Muñoz,2425,Las Palmas,ESP-La Liga,"MF,DF",29.0,2588,1,Ball Progressor,80.6,80.6,2.575979756922173
José Campaña,2425,Las Palmas,ESP-La Liga,MF,31.0,1189,3,Box-to-Box Engine,48.7,48.7,3.5725466365220266
Kirian Rodríguez,2425,Las Palmas,ESP-La Liga,MF,28.0,1758,3,Box-to-Box Engine,86.7,86.7,2.512445625826457
Stefan Bajcetic,2425,Las Palmas,ESP-La Liga,"MF,DF",19.0,969,0,Defensive Anchor,60.6,60.6,2.722266975375699
Darko Brašanac,2425,Leganés,ESP-La Liga,MF,32.0,1617,0,Defensive Anchor,0.0,0.0,4.1559524227677676
Renato Tapia,2425,Leganés,ESP-La Liga,"MF,DF",29.0,2424,0,Defensive Anchor,61.7,61.7,2.697541559807436
Seydouba Cissé,2425,Leganés,ESP-La Liga,MF,23.0,2435,0,Defensive Anchor,79.3,79.3,2.2894624005459727
Yvan Neyou,2425,Leganés,ESP-La Liga,MF,27.0,2312,0,Defensive Anchor,99.9,99.9,1.8096181396736466
Óscar Rodríguez Arnaiz,2425,Leganés,ESP-La Liga,"MF,FW",26.0,1330,1,Ball Progressor,64.2,64.2,2.9793082021182586
Antonio Sánchez,2425,Mallorca,ESP-La Liga,"MF,DF",27.0,1395,0,Defensive Anchor,54.2,54.2,2.8718705022666753
Dani Rodríguez,2425,Mallorca,ESP-La Liga,"MF,FW",36.0,2162,1,Ball Progressor,83.2,83.2,2.5123655186022438
Manu Morlanes,2425,Mallorca,ESP-La Liga,MF,25.0,1338,0,Defensive Anchor,66.6,66.6,2.583750045976375
Omar Mascarell,2425,Mallorca,ESP-La Liga,MF,31.0,1992,0,Defensive Anchor,31.0,31.0,3.4092608094995414
Roberto Navarro,2425,Mallorca,ESP-La Liga,"MF,FW",22.0,1278,1,Ball Progressor,86.1,86.1,2.441691033119698
Samu Costa,2425,Mallorca,ESP-La Liga,MF,23.0,2649,0,Defensive Anchor,61.8,61.8,2.695600009601867
Sergi Darder,2425,Mallorca,ESP-La Liga,"MF,FW",30.0,2744,1,Ball Progressor,61.0,61.0,3.057447714122915
Aimar Oroz,2425,Osasuna,ESP-La Liga,MF,22.0,2966,1,Ball Progressor,100.0,100.0,1.476608579230846
Jon Moncayola,2425,Osasuna,ESP-La Liga,MF,26.0,2099,1,Ball Progressor,27.6,27.6,3.8745565681487597
Lucas Torró,2425,Osasuna,ESP-La Liga,MF,30.0,2957,0,Defensive Anchor,77.6,77.6,2.3291189790302704
Pablo Ibáñez,2425,Osasuna,ESP-La Liga,MF,25.0,1294,0,Defensive Anchor,62.5,62.5,2.6794279706143054
Isaac Palazón Camacho,2425,Rayo Vallecano,ESP-La Liga,"MF,FW",29.0,2162,1,Ball Progressor,58.6,58.6,3.115828174378355
Pathé Ciss,2425,Rayo Vallecano,ESP-La Liga,"MF,DF",30.0,2140,0,Defensive Anchor,100.0,100.0,1.7718135203026808
Pedro Díaz,2425,Rayo Vallecano,ESP-La Liga,MF,26.0,1211,1,Ball Progressor,92.7,92.7,2.280374383893042
Unai López,2425,Rayo Vallecano,ESP-La Liga,MF,28.0,1707,3,Box-to-Box Engine,85.8,85.8,2.5377482246657372
Óscar Valentín,2425,Rayo Vallecano,ESP-La Liga,MF,29.0,1835,0,Defensive Anchor,86.1,86.1,2.1309909225324777
Arda Güler,2425,Real Madrid,ESP-La Liga,"MF,FW",19.0,1250,2,Creative Playmaker,70.0,70.0,3.543979693286238
Dani Ceballos,2425,Real Madrid,ESP-La Liga,MF,27.0,1215,3,Box-to-Box Engine,19.4,19.4,4.388287774556456
Eduardo Camavinga,2425,Real Madrid,ESP-La Liga,"MF,DF",21.0,1102,3,Box-to-Box Engine,47.3,47.3,3.6113952236473206
Federico Valverde,2425,Real Madrid,ESP-La Liga,"MF,DF",26.0,3032,3,Box-to-Box Engine,90.1,90.1,2.4185991217596023
Jude Bellingham,2425,Real Madrid,ESP-La Liga,MF,21.0,2488,2,Creative Playmaker,65.3,65.3,3.713062384186939
Luka Modrić,2425,Real Madrid,ESP-La Liga,MF,38.0,1827,2,Creative Playmaker,14.0,14.0,5.563987244250331
Ander Barrenetxea,2425,Real Sociedad,ESP-La Liga,"MF,FW",22.0,1263,1,Ball Progressor,17.6,17.6,4.119594061086377
Beñat Turrientes,2425,Real Sociedad,ESP-La Liga,MF,22.0,942,0,Defensive Anchor,43.2,43.2,3.1264679808260296
Brais Méndez,2425,Real Sociedad,ESP-La Liga,MF,27.0,1531,1,Ball Progressor,87.2,87.2,2.4149864410893644
Luka Sučić,2425,Real Sociedad,ESP-La Liga,MF,21.0,1792,1,Ball Progressor,93.5,93.5,2.2615429908270666
Martín Zubimendi,2425,Real Sociedad,ESP-La Liga,MF,25.0,2962,0,Defensive Anchor,86.1,86.1,2.130045480737053
Pablo Marín,2425,Real Sociedad,ESP-La Liga,MF,21.0,1239,1,Ball Progressor,90.9,90.9,2.3239729730192513
Sergio Gómez,2425,Real Sociedad,ESP-La Liga,"MF,DF",23.0,2738,1,Ball Progressor,60.4,60.4,3.0721744658122794
Takefusa Kubo,2425,Real Sociedad,ESP-La Liga,"MF,FW",23.0,2372,2,Creative Playmaker,79.7,79.7,3.192503295720142
Urko González,2425,Real Sociedad,ESP-La Liga,MF,23.0,1374,0,Defensive Anchor,0.0,0.0,7.202876851446589
Albert Sambi Lokonga,2425,Sevilla,ESP-La Liga,MF,24.0,1471,0,Defensive Anchor,22.4,22.4,3.6103999161977742
Djibril Sow,2425,Sevilla,ESP-La Liga,MF,27.0,2062,0,Defensive Anchor,54.5,54.5,2.865165793504088
Juanlu Sánchez,2425,Sevilla,ESP-La Liga,"MF,DF",20.0,1722,1,Ball Progressor,86.2,86.2,2.4403093145990375
Lucien Agoume,2425,Sevilla,ESP-La Liga,MF,22.0,2114,0,Defensive Anchor,81.8,81.8,2.2300861649363832
Nemanja Gudelj,2425,Sevilla,ESP-La Liga,"MF,DF",32.0,2493,0,Defensive Anchor,30.4,30.4,3.424126452265319
Peque,2425,Sevilla,ESP-La Liga,"MF,FW",21.0,1134,1,Ball Progressor,71.0,71.0,2.8128882373239223
Saúl Ñíguez,2425,Sevilla,ESP-La Liga,MF,29.0,1553,0,Defensive Anchor,39.4,39.4,3.2148615613756775
Diego López,2425,Valencia,ESP-La Liga,"MF,FW",22.0,2737,1,Ball Progressor,60.1,60.1,3.0796546744267475
Domingos André Ribeiro Almeida,2425,Valencia,ESP-La Liga,"MF,FW",24.0,1977,1,Ball Progressor,39.2,39.2,3.5900676084101217
Enzo Barrenechea,2425,Valencia,ESP-La Liga,MF,23.0,2191,0,Defensive Anchor,70.4,70.4,2.495955026499336
Javier Guerra,2425,Valencia,ESP-La Liga,MF,21.0,2581,1,Ball Progressor,76.4,76.4,2.679144929193285
José Luis García Vayá,2425,Valencia,ESP-La Liga,MF,25.0,1742,3,Box-to-Box Engine,76.2,76.2,2.8043869051456363
Luis Rioja,2425,Valencia,ESP-La Liga,"MF,FW",30.0,2831,1,Ball Progressor,65.0,65.0,2.9579104397973994
Anuar,2425,Valladolid,ESP-La Liga,"MF,FW",29.0,1720,1,Ball Progressor,33.1,33.1,3.739020102748376
Iván Sánchez,2425,Valladolid,ESP-La Liga,"MF,FW",31.0,1404,1,Ball Progressor,38.9,38.9,3.5971588851810816
Kike Pérez,2425,Valladolid,ESP-La Liga,MF,27.0,1191,1,Ball Progressor,60.0,60.0,3.08064625799049
Kike Pérez,2425,Valladolid,ESP-La Liga,MF,27.0,1114,1,Ball Progressor,60.0,60.0,3.08064625799049
Mario Martín,2425,Valladolid,ESP-La Liga,MF,20.0,1748,0,Defensive Anchor,72.9,72.9,2.437464189640845
Raúl Moro,2425,Valladolid,ESP-La Liga,"MF,FW",21.0,2341,2,Creative Playmaker,69.0,69.0,3.579944674449165
Selim Amallah,2425,Valladolid,ESP-La Liga,MF,27.0,1376,1,Ball Progressor,57.9,57.9,3.1323643240088237
Stanko Jurić,2425,Valladolid,ESP-La Liga,MF,27.0,1729,0,Defensive Anchor,52.8,52.8,2.9028323408448222
Alex Baena,2425,Villarreal,ESP-La Liga,"MF,FW",23.0,2595,2,Creative Playmaker,68.7,68.7,3.5905827646197253
Daniel Parejo,2425,Villarreal,ESP-La Liga,MF,35.0,2273,3,Box-to-Box Engine,64.6,64.6,3.129765611028523
Pape Gueye,2425,Villarreal,ESP-La Liga,MF,25.0,2224,1,Ball Progressor,56.7,56.7,3.1613480830955725
Ramón Terrats,2425,Villarreal,ESP-La Liga,"MF,FW",23.0,1219,0,Defensive Anchor,0.0,0.0,5.143047262566322
Santi Comesaña,2425,Villarreal,ESP-La Liga,MF,27.0,2560,3,Box-to-Box Engine,58.0,58.0,3.3112572634530233
Yeremi Pino,2425,Villarreal,ESP-La Liga,"MF,FW",21.0,1934,1,Ball Progressor,12.4,12.4,4.247549435866978
Bongani Zungu,1718,Amiens,FRA-Ligue 1,MF,24.0,2084,0,Defensive Anchor,88.9,88.9,2.065883902742163
Gaël Kakuta,1718,Amiens,FRA-Ligue 1,"MF,FW",26.0,3083,1,Ball Progressor,91.6,91.6,2.307848495271864
Tanguy Ndombele,1718,Amiens,FRA-Ligue 1,MF,20.0,2352,3,Box-to-Box Engine,20.3,20.3,4.3608478587103
Thomas Monconduit,1718,Amiens,FRA-Ligue 1,MF,26.0,2948,0,Defensive Anchor,100.0,100.0,1.628500227464612
Angelo Fulgini,1718,Angers,FRA-Ligue 1,MF,20.0,1529,2,Creative Playmaker,83.2,83.2,3.0661341049836937
Baptiste Santamaria,1718,Angers,FRA-Ligue 1,MF,22.0,2591,0,Defensive Anchor,87.1,87.1,2.1074130536861166
Flavien Tait,1718,Angers,FRA-Ligue 1,MF,24.0,2235,2,Creative Playmaker,57.6,57.6,3.9895884843993765
Pierrick Capelle,1718,Angers,FRA-Ligue 1,MF,30.0,1884,1,Ball Progressor,53.7,53.7,3.234805477521211
Prince Oniangué,1718,Angers,FRA-Ligue 1,MF,28.0,1056,0,Defensive Anchor,23.8,23.8,3.578076475919693
Thomas Mangani,1718,Angers,FRA-Ligue 1,MF,30.0,3025,3,Box-to-Box Engine,90.0,90.0,2.421953580930241
Jaroslav Plašil,1718,Bordeaux,FRA-Ligue 1,MF,35.0,1044,3,Box-to-Box Engine,74.0,74.0,2.865854027507592
Lukas Lerager,1718,Bordeaux,FRA-Ligue 1,MF,24.0,3283,0,Defensive Anchor,96.8,96.8,1.882755157746062
Otávio,1718,Bordeaux,FRA-Ligue 1,MF,23.0,1484,0,Defensive Anchor,12.5,12.5,3.8389814767719614
Soualiho Meïté,1718,Bordeaux,FRA-Ligue 1,MF,23.0,1335,3,Box-to-Box Engine,59.2,59.2,3.2796940330064346
Younousse Sankharé,1718,Bordeaux,FRA-Ligue 1,MF,27.0,1881,1,Ball Progressor,42.0,42.0,3.5226401022265805
Baissama Sankoh,1718,Caen,FRA-Ligue 1,"MF,DF",25.0,1540,0,Defensive Anchor,88.2,88.2,2.082067202393923
Jan Repas,1718,Caen,FRA-Ligue 1,"MF,FW",20.0,902,1,Ball Progressor,29.4,29.4,3.8301277934293703
Julien Féret,1718,Caen,FRA-Ligue 1,MF,35.0,3060,3,Box-to-Box Engine,61.1,61.1,3.225623449093115
Stef Peeters,1718,Caen,FRA-Ligue 1,MF,25.0,1109,1,Ball Progressor,35.2,35.2,3.6888265786651635
Youssef Aït Bennasser,1718,Caen,FRA-Ligue 1,MF,21.0,2047,0,Defensive Anchor,16.6,16.6,3.744589359909189
Jordan Marié,1718,Dijon,FRA-Ligue 1,MF,25.0,1883,0,Defensive Anchor,86.3,86.3,2.1271483387133707
Mehdi Abeid,1718,Dijon,FRA-Ligue 1,MF,24.0,1176,0,Defensive Anchor,83.6,83.6,2.1895429990095328
Romain Amalfitano,1718,Dijon,FRA-Ligue 1,MF,27.0,2703,0,Defensive Anchor,30.6,30.6,3.418184139127847
Xeka,1718,Dijon,FRA-Ligue 1,MF,22.0,1393,1,Ball Progressor,86.2,86.2,2.4395365741911865
Clément Grenier,1718,Guingamp,FRA-Ligue 1,MF,26.0,1208,2,Creative Playmaker,70.2,70.2,3.537228650388314
Lebogang Phiri,1718,Guingamp,FRA-Ligue 1,MF,22.0,1032,0,Defensive Anchor,72.6,72.6,2.4435484402308094
Lucas Deaux,1718,Guingamp,FRA-Ligue 1,MF,28.0,1943,0,Defensive Anchor,59.1,59.1,2.7564623796104577
Ludovic Blas,1718,Guingamp,FRA-Ligue 1,MF,19.0,1793,3,Box-to-Box Engine,63.4,63.4,3.1618969379303508
Mustapha Diallo,1718,Guingamp,FRA-Ligue 1,MF,31.0,1384,0,Defensive Anchor,0.0,0.0,4.576587103230868
Étienne Didot,1718,Guingamp,FRA-Ligue 1,MF,34.0,1621,0,Defensive Anchor,100.0,100.0,1.7692990277828045
Ibrahim Amadou,1718,Lille,FRA-Ligue 1,"MF,DF",24.0,2405,0,Defensive Anchor,58.8,58.8,2.7653988402259455
Thiago Maia,1718,Lille,FRA-Ligue 1,"MF,DF",20.0,2463,0,Defensive Anchor,16.0,16.0,3.758031063699464
Thiago Mendes,1718,Lille,FRA-Ligue 1,MF,25.0,2294,3,Box-to-Box Engine,65.1,65.1,3.1157916906364784
Xeka,1718,Lille,FRA-Ligue 1,MF,22.0,1393,3,Box-to-Box Engine,0.0,0.0,8.878727440183779
Yassine Benzia,1718,Lille,FRA-Ligue 1,"MF,FW",22.0,2288,3,Box-to-Box Engine,40.7,40.7,3.794656129801118
Yves Bissouma,1718,Lille,FRA-Ligue 1,"MF,DF",20.0,1561,3,Box-to-Box Engine,24.9,24.9,4.234106378674122
Houssem Aouar,1718,Lyon,FRA-Ligue 1,"MF,FW",19.0,2433,3,Box-to-Box Engine,64.7,64.7,3.1251337181900736
Lucas Tousart,1718,Lyon,FRA-Ligue 1,MF,20.0,3132,0,Defensive Anchor,89.6,89.6,2.0497242295393248
Nabil Fekir,1718,Lyon,FRA-Ligue 1,"MF,FW",24.0,2477,2,Creative Playmaker,29.1,29.1,5.020752782917745
Sergi Darder,1718,Lyon,FRA-Ligue 1,MF,23.0,2782,0,Defensive Anchor,0.0,0.0,5.308152738780286
Tanguy Ndombele,1718,Lyon,FRA-Ligue 1,MF,20.0,2352,3,Box-to-Box Engine,55.5,55.5,3.3825415930565907
Andre-Frank Zambo Anguissa,1718,Marseille,FRA-Ligue 1,MF,21.0,2439,3,Box-to-Box Engine,18.7,18.7,4.407441408904723
Dimitri Payet,1718,Marseille,FRA-Ligue 1,"MF,FW",30.0,2347,2,Creative Playmaker,37.0,37.0,4.732534520725177
Luiz Gustavo,1718,Marseille,FRA-Ligue 1,"MF,DF",30.0,3019,3,Box-to-Box Engine,51.6,51.6,3.489529666303277
Maxime Lopez,1718,Marseille,FRA-Ligue 1,"MF,FW",19.0,1378,3,Box-to-Box Engine,0.0,0.0,4.951506041199766
Morgan Sanson,1718,Marseille,FRA-Ligue 1,MF,22.0,2165,2,Creative Playmaker,70.4,70.4,3.52861412898268
Florent Mollet,1718,Metz,FRA-Ligue 1,"MF,FW",25.0,1412,1,Ball Progressor,35.9,35.9,3.6706468131001517
Georges Mandjeck,1718,Metz,FRA-Ligue 1,"MF,DF",28.0,968,0,Defensive Anchor,97.1,97.1,1.87451930927368
Gerónimo Poblete,1718,Metz,FRA-Ligue 1,MF,24.0,1656,0,Defensive Anchor,74.2,74.2,2.4068156295078866
Renaud Cohade,1718,Metz,FRA-Ligue 1,MF,32.0,3298,3,Box-to-Box Engine,53.6,53.6,3.43514146148508
Allan Saint-Maximin,1718,Monaco,FRA-Ligue 1,MF,20.0,2246,2,Creative Playmaker,0.0,0.0,7.670637918528022
Fabinho,1718,Monaco,FRA-Ligue 1,MF,23.0,3060,3,Box-to-Box Engine,67.8,67.8,3.0398012445063736
Gil Bastião Dias,1718,Monaco,FRA-Ligue 1,MF,20.0,1190,1,Ball Progressor,0.0,0.0,9.162513582874828
João Moutinho,1718,Monaco,FRA-Ligue 1,MF,30.0,2803,3,Box-to-Box Engine,88.7,88.7,2.4582326291070573
Soualiho Meïté,1718,Monaco,FRA-Ligue 1,MF,23.0,1335,0,Defensive Anchor,0.0,0.0,5.521564281921938
Thomas Lemar,1718,Monaco,FRA-Ligue 1,"MF,FW",21.0,2378,2,Creative Playmaker,100.0,100.0,2.132825838143717
Youri Tielemans,1718,Monaco,FRA-Ligue 1,MF,20.0,1569,3,Box-to-Box Engine,70.2,70.2,2.9724045630412426
Ellyes Skhiri,1718,Montpellier,FRA-Ligue 1,MF,22.0,3049,0,Defensive Anchor,57.1,57.1,2.8050124994790853
Jonathan Ikone,1718,Montpellier,FRA-Ligue 1,"MF,FW",19.0,998,1,Ball Progressor,46.8,46.8,3.4054019364793273
Junior Sambia,1718,Montpellier,FRA-Ligue 1,MF,20.0,1543,1,Ball Progressor,50.6,50.6,3.311049443088059
Paul Lasne,1718,Montpellier,FRA-Ligue 1,MF,28.0,3062,3,Box-to-Box Engine,86.9,86.9,2.5081283732676454
Stéphane Sessègnon,1718,Montpellier,FRA-Ligue 1,"MF,FW",33.0,985,1,Ball Progressor,18.3,18.3,4.1013415293429825
Abdoulaye Touré,1718,Nantes,FRA-Ligue 1,MF,23.0,2810,0,Defensive Anchor,67.9,67.9,2.552749493920506
Adrien Thomasson,1718,Nantes,FRA-Ligue 1,"MF,FW",23.0,2578,1,Ball Progressor,45.9,45.9,3.4259832649273774
Andrei Girotto,1718,Nantes,FRA-Ligue 1,MF,25.0,1520,0,Defensive Anchor,68.0,68.0,2.5510248717090818
Jules Iloki,1718,Nantes,FRA-Ligue 1,"MF,FW",25.0,1421,1,Ball Progressor,0.0,0.0,4.549377898548778
Rene Krhin,1718,Nantes,FRA-Ligue 1,MF,27.0,1312,0,Defensive Anchor,37.8,37.8,3.252478776312845
Valentin Rongier,1718,Nantes,FRA-Ligue 1,MF,22.0,2350,3,Box-to-Box Engine,75.8,75.8,2.8173245460407323
Adrien Tameze,1718,Nice,FRA-Ligue 1,MF,23.0,1681,0,Defensive Anchor,36.1,36.1,3.2925662382527623
Jean Seri,1718,Nice,FRA-Ligue 1,MF,26.0,2615,3,Box-to-Box Engine,42.8,42.8,3.7352817757743253
Nampalys Mendy,1718,Nice,FRA-Ligue 1,MF,25.0,965,0,Defensive Anchor,34.7,34.7,3.324694000032744
Pierre Lees-Melou,1718,Nice,FRA-Ligue 1,"MF,FW",24.0,2890,1,Ball Progressor,64.0,64.0,2.9835737409465786
Rémi Walter,1718,Nice,FRA-Ligue 1,"MF,FW",22.0,997,0,Defensive Anchor,54.9,54.9,2.855767535369758
Wylan Cyprien,1718,Nice,FRA-Ligue 1,MF,22.0,951,3,Box-to-Box Engine,38.1,38.1,3.8661981027911003
Adrien Rabiot,1718,Paris S-G,FRA-Ligue 1,MF,22.0,2362,3,Box-to-Box Engine,43.4,43.4,3.718500847684975
Blaise Matuidi,1718,Paris S-G,FRA-Ligue 1,MF,30.0,2354,0,Defensive Anchor,0.0,0.0,7.35432673101535
Giovani Lo Celso,1718,Paris S-G,FRA-Ligue 1,MF,21.0,1776,3,Box-to-Box Engine,13.5,13.5,4.551705121670292
Javier Pastore,1718,Paris S-G,FRA-Ligue 1,"MF,FW",28.0,1347,2,Creative Playmaker,81.6,81.6,3.124052511510341
Julian Draxler,1718,Paris S-G,FRA-Ligue 1,"MF,FW",23.0,1704,2,Creative Playmaker,61.3,61.3,3.8572844020366484
Marco Verratti,1718,Paris S-G,FRA-Ligue 1,MF,24.0,1718,3,Box-to-Box Engine,7.2,7.2,4.726779084067669
Thiago Motta,1718,Paris S-G,FRA-Ligue 1,MF,34.0,1154,3,Box-to-Box Engine,8.8,8.8,4.6823316178722685
Benjamin André,1718,Rennes,FRA-Ligue 1,MF,26.0,3011,3,Box-to-Box Engine,66.6,66.6,3.0742989911982015
Benjamin Bourigeaud,1718,Rennes,FRA-Ligue 1,"MF,FW",23.0,3102,2,Creative Playmaker,69.2,69.2,3.5726753800747018
James Lea Siliki,1718,Rennes,FRA-Ligue 1,MF,21.0,1818,1,Ball Progressor,100.0,100.0,1.721027802021222
Sanjin Prcić,1718,Rennes,FRA-Ligue 1,MF,23.0,1565,0,Defensive Anchor,69.5,69.5,2.5163453116431787
Assane Dioussé,1718,Saint-Étienne,FRA-Ligue 1,MF,19.0,1344,0,Defensive Anchor,27.6,27.6,3.4884874613718697
Bryan Dabo,1718,Saint-Étienne,FRA-Ligue 1,"MF,FW",25.0,1284,1,Ball Progressor,61.0,61.0,3.0576309209328563
Ole Selnæs,1718,Saint-Étienne,FRA-Ligue 1,MF,23.0,2058,0,Defensive Anchor,32.6,32.6,3.37165165238314
Rémy Cabella,1718,Saint-Étienne,FRA-Ligue 1,"MF,FW",27.0,2259,2,Creative Playmaker,52.6,52.6,4.172302870843922
Vincent Pajot,1718,Saint-Étienne,FRA-Ligue 1,MF,26.0,1290,0,Defensive Anchor,75.6,75.6,2.3738419758582676
Yann M'Vila,1718,Saint-Étienne,FRA-Ligue 1,MF,27.0,1479,0,Defensive Anchor,0.0,0.0,4.395648225876778
Anthony Gonçalves,1718,Strasbourg,FRA-Ligue 1,"MF,FW",31.0,1757,1,Ball Progressor,61.2,61.2,3.051159796891506
Benjamin Corgnet,1718,Strasbourg,FRA-Ligue 1,"MF,FW",30.0,1376,1,Ball Progressor,88.8,88.8,2.376183879499729
Dimitri Liénard,1718,Strasbourg,FRA-Ligue 1,"MF,FW",29.0,2602,3,Box-to-Box Engine,55.7,55.7,3.376851311897597
Jean-Eudes Aholou,1718,Strasbourg,FRA-Ligue 1,MF,23.0,3006,0,Defensive Anchor,54.7,54.7,2.858978040155151
Jonas Martin,1718,Strasbourg,FRA-Ligue 1,MF,27.0,3025,0,Defensive Anchor,76.9,76.9,2.343566665776536
Alexis Blin,1718,Toulouse,FRA-Ligue 1,MF,20.0,1886,0,Defensive Anchor,100.0,100.0,1.4993512493347734
Giannelli Imbula,1718,Toulouse,FRA-Ligue 1,MF,24.0,2243,3,Box-to-Box Engine,62.8,62.8,3.178640839292614
Ibrahim Sangaré,1718,Toulouse,FRA-Ligue 1,MF,19.0,1588,3,Box-to-Box Engine,44.2,44.2,3.695261063841374
Jimmy Durmaz,1718,Toulouse,FRA-Ligue 1,"MF,FW",28.0,1028,2,Creative Playmaker,86.5,86.5,2.947946888623922
Somália,1718,Toulouse,FRA-Ligue 1,"MF,FW",28.0,2002,0,Defensive Anchor,31.9,31.9,3.3893688261047594
Yannick Cahuzac,1718,Toulouse,FRA-Ligue 1,MF,32.0,1518,0,Defensive Anchor,51.8,51.8,2.9277697832601297
Benjamin Nivet,1718,Troyes,FRA-Ligue 1,"MF,FW",40.0,1369,1,Ball Progressor,75.4,75.4,2.704901876635206
François Bellugou,1718,Troyes,FRA-Ligue 1,MF,30.0,2177,0,Defensive Anchor,77.4,77.4,2.331550611540771
Karim Azamoum,1718,Troyes,FRA-Ligue 1,MF,27.0,2251,0,Defensive Anchor,81.0,81.0,2.2488085525511456
Rémi Walter,1718,Troyes,FRA-Ligue 1,MF,22.0,997,0,Defensive Anchor,10.8,10.8,3.8784671687133865
Saîf-Eddine Khaoui,1718,Troyes,FRA-Ligue 1,"MF,FW",22.0,1956,1,Ball Progressor,76.0,76.0,2.690288580792917
Tristan Dingomé,1718,Troyes,FRA-Ligue 1,MF,26.0,1192,0,Defensive Anchor,80.5,80.5,2.2615633906997052
Alexis Blin,1819,Amiens,FRA-Ligue 1,MF,21.0,1990,0,Defensive Anchor,67.5,67.5,2.561690528904014
Eddy Gnahoré,1819,Amiens,FRA-Ligue 1,MF,24.0,2243,1,Ball Progressor,85.9,85.9,2.4480062770968876
Mathieu Bodmer,1819,Amiens,FRA-Ligue 1,"MF,FW",35.0,1073,1,Ball Progressor,36.4,36.4,3.6601887793798245
Thomas Monconduit,1819,Amiens,FRA-Ligue 1,MF,27.0,2818,0,Defensive Anchor,95.4,95.4,1.9138903150436501
Angelo Fulgini,1819,Angers,FRA-Ligue 1,"MF,FW",21.0,1635,1,Ball Progressor,47.9,47.9,3.378800410537237
Baptiste Santamaria,1819,Angers,FRA-Ligue 1,MF,23.0,3245,0,Defensive Anchor,100.0,100.0,1.758020837056537
Cheikh N'Doye,1819,Angers,FRA-Ligue 1,MF,32.0,2334,0,Defensive Anchor,39.2,39.2,3.219005438907968
Flavien Tait,1819,Angers,FRA-Ligue 1,"MF,FW",25.0,2985,2,Creative Playmaker,86.1,86.1,2.964324063452267
Thomas Mangani,1819,Angers,FRA-Ligue 1,MF,31.0,1598,3,Box-to-Box Engine,60.2,60.2,3.2503770221937938
Jaroslav Plašil,1819,Bordeaux,FRA-Ligue 1,MF,36.0,1443,0,Defensive Anchor,86.2,86.2,2.127618357478139
Lukas Lerager,1819,Bordeaux,FRA-Ligue 1,MF,25.0,1298,0,Defensive Anchor,78.3,78.3,2.3117488909564994
Lukas Lerager,1819,Bordeaux,FRA-Ligue 1,MF,25.0,1122,0,Defensive Anchor,78.3,78.3,2.3117488909564994
Otávio,1819,Bordeaux,FRA-Ligue 1,MF,24.0,2875,0,Defensive Anchor,47.6,47.6,3.0237977174274544
Toma Bašić,1819,Bordeaux,FRA-Ligue 1,MF,21.0,1333,1,Ball Progressor,81.7,81.7,2.54995821710989
Younousse Sankharé,1819,Bordeaux,FRA-Ligue 1,MF,28.0,1476,1,Ball Progressor,90.2,90.2,2.342657894818668
Fayçal Fajr,1819,Caen,FRA-Ligue 1,MF,29.0,3240,3,Box-to-Box Engine,94.6,94.6,2.2945908868851146
Ismaël Diomandé,1819,Caen,FRA-Ligue 1,"MF,DF",25.0,1293,0,Defensive Anchor,83.6,83.6,2.187651043226368
Jessy Deminguet,1819,Caen,FRA-Ligue 1,MF,20.0,1269,0,Defensive Anchor,89.0,89.0,2.0627518988271625
Prince Oniangué,1819,Caen,FRA-Ligue 1,MF,29.0,2343,0,Defensive Anchor,50.0,50.0,2.9699198714866513
Saîf-Eddine Khaoui,1819,Caen,FRA-Ligue 1,"MF,FW",23.0,1353,1,Ball Progressor,64.3,64.3,2.976724012779319
Florent Balmont,1819,Dijon,FRA-Ligue 1,MF,38.0,1076,3,Box-to-Box Engine,26.9,26.9,4.176859194269934
Jordan Marié,1819,Dijon,FRA-Ligue 1,MF,26.0,1803,0,Defensive Anchor,97.2,97.2,1.8733324549379433
Mehdi Abeid,1819,Dijon,FRA-Ligue 1,MF,25.0,2023,0,Defensive Anchor,82.8,82.8,2.207043108603607
Naïm Sliti,1819,Dijon,FRA-Ligue 1,"MF,FW",26.0,2286,2,Creative Playmaker,85.3,85.3,2.990411618056513
Romain Amalfitano,1819,Dijon,FRA-Ligue 1,"MF,FW",28.0,2522,0,Defensive Anchor,64.8,64.8,2.6248597176696746
Lebogang Phiri,1819,Guingamp,FRA-Ligue 1,MF,23.0,1928,0,Defensive Anchor,100.0,100.0,1.5076543088557879
Lucas Deaux,1819,Guingamp,FRA-Ligue 1,MF,29.0,1188,0,Defensive Anchor,32.2,32.2,3.381442872523895
Ludovic Blas,1819,Guingamp,FRA-Ligue 1,"MF,FW",20.0,2372,0,Defensive Anchor,54.1,54.1,2.8745605261506673
Nicolas Benezet,1819,Guingamp,FRA-Ligue 1,"MF,FW",27.0,1666,2,Creative Playmaker,85.4,85.4,2.9878171608995645
Étienne Didot,1819,Guingamp,FRA-Ligue 1,MF,35.0,2105,0,Defensive Anchor,88.6,88.6,2.0729257889411854
Jonathan Ikone,1819,Lille,FRA-Ligue 1,"MF,FW",20.0,2796,2,Creative Playmaker,59.7,59.7,3.91424046934244
Thiago Maia,1819,Lille,FRA-Ligue 1,MF,21.0,1021,0,Defensive Anchor,68.2,68.2,2.545159146198584
Thiago Mendes,1819,Lille,FRA-Ligue 1,MF,26.0,3074,3,Box-to-Box Engine,70.9,70.9,2.9521265346216294
Xeka,1819,Lille,FRA-Ligue 1,MF,23.0,2260,0,Defensive Anchor,79.7,79.7,2.2785515109704355
Houssem Aouar,1819,Lyon,FRA-Ligue 1,MF,20.0,3061,3,Box-to-Box Engine,63.1,63.1,3.1708357934988545
Jordan Ferri,1819,Lyon,FRA-Ligue 1,MF,26.0,1874,3,Box-to-Box Engine,0.0,0.0,5.9370809171286725
Lucas Tousart,1819,Lyon,FRA-Ligue 1,MF,21.0,1727,0,Defensive Anchor,63.8,63.8,2.64898801769669
Nabil Fekir,1819,Lyon,FRA-Ligue 1,MF,25.0,1988,2,Creative Playmaker,47.5,47.5,4.35375082727878
Tanguy Ndombele,1819,Lyon,FRA-Ligue 1,MF,21.0,2690,3,Box-to-Box Engine,73.2,73.2,2.8886820111849985
Dimitri Payet,1819,Marseille,FRA-Ligue 1,"MF,FW",31.0,1904,2,Creative Playmaker,84.5,84.5,3.0189718111567156
Kevin Strootman,1819,Marseille,FRA-Ligue 1,MF,28.0,1942,0,Defensive Anchor,56.5,56.5,2.818268509887885
Luiz Gustavo,1819,Marseille,FRA-Ligue 1,"MF,DF",31.0,2436,0,Defensive Anchor,72.9,72.9,2.437679191728269
Maxime Lopez,1819,Marseille,FRA-Ligue 1,MF,20.0,2180,3,Box-to-Box Engine,16.5,16.5,4.4675055078594035
Morgan Sanson,1819,Marseille,FRA-Ligue 1,MF,23.0,2403,3,Box-to-Box Engine,82.1,82.1,2.6424906484617123
Adama Traoré,1819,Monaco,FRA-Ligue 1,MF,23.0,902,1,Ball Progressor,21.8,21.8,4.016384244166596
Adrien Silva,1819,Monaco,FRA-Ligue 1,MF,29.0,1184,0,Defensive Anchor,17.6,17.6,3.7213966882374026
Aleksandr Golovin,1819,Monaco,FRA-Ligue 1,"MF,FW",22.0,2290,1,Ball Progressor,93.1,93.1,2.2704333488041692
Cesc Fàbregas,1819,Monaco,FRA-Ligue 1,MF,31.0,966,3,Box-to-Box Engine,71.0,71.0,2.9505454347303384
Jean-Eudes Aholou,1819,Monaco,FRA-Ligue 1,MF,24.0,1075,0,Defensive Anchor,38.7,38.7,3.23053164903611
Youri Tielemans,1819,Monaco,FRA-Ligue 1,MF,21.0,1086,3,Box-to-Box Engine,84.5,84.5,2.573918100604578
Youri Tielemans,1819,Monaco,FRA-Ligue 1,MF,21.0,1680,3,Box-to-Box Engine,84.5,84.5,2.573918100604578
Youssef Aït Bennasser,1819,Monaco,FRA-Ligue 1,MF,22.0,1073,3,Box-to-Box Engine,62.8,62.8,3.177977637520917
Youssef Aït Bennasser,1819,Monaco,FRA-Ligue 1,MF,22.0,936,3,Box-to-Box Engine,62.8,62.8,3.177977637520917
Damien Le Tallec,1819,Montpellier,FRA-Ligue 1,MF,28.0,2805,0,Defensive Anchor,43.8,43.8,3.113582063409187
Ellyes Skhiri,1819,Montpellier,FRA-Ligue 1,MF,23.0,3090,0,Defensive Anchor,72.6,72.6,2.4429893236436584
Florent Mollet,1819,Montpellier,FRA-Ligue 1,MF,26.0,2564,2,Creative Playmaker,89.6,89.6,2.8363914010546485
Junior Sambia,1819,Montpellier,FRA-Ligue 1,"MF,FW",21.0,926,2,Creative Playmaker,79.6,79.6,3.197643008793796
Paul Lasne,1819,Montpellier,FRA-Ligue 1,"MF,DF",29.0,1789,0,Defensive Anchor,70.7,70.7,2.488144942709497
Abdoulaye Touré,1819,Nantes,FRA-Ligue 1,MF,24.0,2749,0,Defensive Anchor,93.5,93.5,1.9580669877732837
Andrei Girotto,1819,Nantes,FRA-Ligue 1,MF,26.0,1475,0,Defensive Anchor,69.4,69.4,2.5192797766083026
Rene Krhin,1819,Nantes,FRA-Ligue 1,MF,28.0,1057,0,Defensive Anchor,51.4,51.4,2.93698139769137
Samuel Moutoussamy,1819,Nantes,FRA-Ligue 1,"MF,FW",21.0,1648,1,Ball Progressor,100.0,100.0,1.4991036544553809
Valentin Rongier,1819,Nantes,FRA-Ligue 1,MF,23.0,3226,3,Box-to-Box Engine,77.3,77.3,2.7760604703229346
Adrien Tameze,1819,Nice,FRA-Ligue 1,MF,24.0,2942,0,Defensive Anchor,99.9,99.9,1.8110604892863054
Danilo Barbosa,1819,Nice,FRA-Ligue 1,MF,22.0,1548,0,Defensive Anchor,63.4,63.4,2.6575627302163345
Jean-Victor Makengo,1819,Nice,FRA-Ligue 1,"MF,FW",20.0,1029,1,Ball Progressor,38.7,38.7,3.603267835289053
Pierre Lees-Melou,1819,Nice,FRA-Ligue 1,MF,25.0,2394,0,Defensive Anchor,69.8,69.8,2.5101968306684324
Wylan Cyprien,1819,Nice,FRA-Ligue 1,MF,23.0,2360,3,Box-to-Box Engine,53.4,53.4,3.4415467427198156
Antonin Bobichon,1819,Nîmes,FRA-Ligue 1,MF,22.0,2153,1,Ball Progressor,67.0,67.0,2.9095159619585824
Denis Bouanga,1819,Nîmes,FRA-Ligue 1,"MF,FW",23.0,2633,1,Ball Progressor,65.6,65.6,2.9446639551704377
Jordan Ferri,1819,Nîmes,FRA-Ligue 1,MF,26.0,1874,3,Box-to-Box Engine,82.7,82.7,2.6252863865695937
Sada Thioub,1819,Nîmes,FRA-Ligue 1,"MF,FW",23.0,2476,2,Creative Playmaker,63.6,63.6,3.7744791154052977
Theo Valls,1819,Nîmes,FRA-Ligue 1,MF,22.0,1770,0,Defensive Anchor,97.1,97.1,1.8744705884517587
Téji Savanier,1819,Nîmes,FRA-Ligue 1,MF,26.0,2864,3,Box-to-Box Engine,12.1,12.1,4.590853694507603
Adrien Rabiot,1819,Paris S-G,FRA-Ligue 1,MF,23.0,1063,3,Box-to-Box Engine,0.0,0.0,5.572896301558742
Christopher Nkunku,1819,Paris S-G,FRA-Ligue 1,"MF,FW",20.0,1156,2,Creative Playmaker,86.8,86.8,2.93903618913806
Dani Alves,1819,Paris S-G,FRA-Ligue 1,"MF,DF",35.0,1622,2,Creative Playmaker,31.7,31.7,4.92657303409122
Giovani Lo Celso,1819,Paris S-G,FRA-Ligue 1,MF,22.0,2397,0,Defensive Anchor,0.0,0.0,8.24967396847476
Julian Draxler,1819,Paris S-G,FRA-Ligue 1,"MF,FW",24.0,2046,2,Creative Playmaker,64.8,64.8,3.7328081535005055
Leandro Paredes,1819,Paris S-G,FRA-Ligue 1,MF,24.0,1249,3,Box-to-Box Engine,68.9,68.9,3.009145700002425
Marco Verratti,1819,Paris S-G,FRA-Ligue 1,MF,25.0,1879,3,Box-to-Box Engine,0.0,0.0,5.215552696610189
Moussa Diaby,1819,Paris S-G,FRA-Ligue 1,"MF,DF",19.0,1141,2,Creative Playmaker,44.9,44.9,4.448394949445074
Neymar,1819,Paris S-G,FRA-Ligue 1,"MF,FW",26.0,1439,2,Creative Playmaker,0.0,0.0,8.843486099037827
Alaixys Romao,1819,Reims,FRA-Ligue 1,MF,34.0,3160,0,Defensive Anchor,89.5,89.5,2.052725071534712
Tristan Dingomé,1819,Reims,FRA-Ligue 1,MF,27.0,1344,1,Ball Progressor,56.3,56.3,3.172526841065807
Xavier Chavalerin,1819,Reims,FRA-Ligue 1,MF,27.0,3240,0,Defensive Anchor,62.1,62.1,2.688326515701097
Benjamin André,1819,Rennes,FRA-Ligue 1,MF,27.0,2495,3,Box-to-Box Engine,55.9,55.9,3.370029650595732
Benjamin Bourigeaud,1819,Rennes,FRA-Ligue 1,"MF,FW",24.0,2425,1,Ball Progressor,76.7,76.7,2.673374754520122
Clément Grenier,1819,Rennes,FRA-Ligue 1,MF,27.0,2668,3,Box-to-Box Engine,100.0,100.0,1.8705055295081792
James Lea Siliki,1819,Rennes,FRA-Ligue 1,"MF,FW",22.0,1220,1,Ball Progressor,100.0,100.0,2.0552456279104114
Romain Del Castillo,1819,Rennes,FRA-Ligue 1,"MF,FW",22.0,1343,2,Creative Playmaker,38.9,38.9,4.6639583312206065
Ole Selnæs,1819,Saint-Étienne,FRA-Ligue 1,MF,24.0,1669,0,Defensive Anchor,59.2,59.2,2.755715231672219
Rémy Cabella,1819,Saint-Étienne,FRA-Ligue 1,"MF,FW",28.0,2997,2,Creative Playmaker,46.1,46.1,4.406337939427537
Yann M'Vila,1819,Saint-Étienne,FRA-Ligue 1,MF,28.0,3258,0,Defensive Anchor,59.7,59.7,2.7434340424751094
Youssef Aït Bennasser,1819,Saint-Étienne,FRA-Ligue 1,MF,22.0,1073,0,Defensive Anchor,69.0,69.0,2.527994905647655
Youssef Aït Bennasser,1819,Saint-Étienne,FRA-Ligue 1,MF,22.0,936,0,Defensive Anchor,69.0,69.0,2.527994905647655
Adrien Thomasson,1819,Strasbourg,FRA-Ligue 1,"MF,FW",24.0,2479,1,Ball Progressor,79.1,79.1,2.6138617854269586
Anthony Gonçalves,1819,Strasbourg,FRA-Ligue 1,"MF,FW",32.0,1058,1,Ball Progressor,0.0,0.0,4.642927035922609
Dimitri Liénard,1819,Strasbourg,FRA-Ligue 1,"MF,DF",30.0,1291,3,Box-to-Box Engine,60.5,60.5,3.2432903933929165
Ibrahima Sissoko,1819,Strasbourg,FRA-Ligue 1,MF,20.0,2665,0,Defensive Anchor,100.0,100.0,1.6644065936191277
Jonas Martin,1819,Strasbourg,FRA-Ligue 1,MF,28.0,2059,3,Box-to-Box Engine,100.0,100.0,1.9991789204240786
Sanjin Prcić,1819,Strasbourg,FRA-Ligue 1,MF,24.0,1053,3,Box-to-Box Engine,63.7,63.7,3.1526757662590565
Youssouf Fofana,1819,Strasbourg,FRA-Ligue 1,MF,19.0,912,0,Defensive Anchor,54.4,54.4,2.8658106123672518
Ibrahim Sangaré,1819,Toulouse,FRA-Ligue 1,MF,20.0,2467,3,Box-to-Box Engine,40.0,40.0,3.814029558689765
Jimmy Durmaz,1819,Toulouse,FRA-Ligue 1,"MF,FW",29.0,1899,2,Creative Playmaker,98.4,98.4,2.5209756640554235
John Bostock,1819,Toulouse,FRA-Ligue 1,MF,26.0,984,0,Defensive Anchor,31.9,31.9,3.3891638133733792
Kalidou Sidibé,1819,Toulouse,FRA-Ligue 1,MF,19.0,1259,0,Defensive Anchor,58.2,58.2,2.7772854582103714
Manu García,1819,Toulouse,FRA-Ligue 1,MF,20.0,2330,1,Ball Progressor,56.8,56.8,3.159877879926614
Manu García,1819,Toulouse,FRA-Ligue 1,MF,20.0,1843,1,Ball Progressor,56.8,56.8,3.159877879926614
Yannick Cahuzac,1819,Toulouse,FRA-Ligue 1,"MF,DF",33.0,1431,0,Defensive Anchor,76.9,76.9,2.3436179360255642
Alexis Blin,1920,Amiens,FRA-Ligue 1,MF,22.0,1841,0,Defensive Anchor,89.4,89.4,2.0533346843058093
Bongani Zungu,1920,Amiens,FRA-Ligue 1,MF,26.0,992,0,Defensive Anchor,60.8,60.8,2.7170643595753585
Eddy Gnahoré,1920,Amiens,FRA-Ligue 1,MF,25.0,1133,0,Defensive Anchor,55.1,55.1,2.8505267200234754
Gaël Kakuta,1920,Amiens,FRA-Ligue 1,"MF,FW",28.0,2001,1,Ball Progressor,86.0,86.0,2.444006533090359
Thomas Monconduit,1920,Amiens,FRA-Ligue 1,MF,28.0,1364,0,Defensive Anchor,60.1,60.1,2.733258240075217
Angelo Fulgini,1920,Angers,FRA-Ligue 1,MF,22.0,1579,3,Box-to-Box Engine,55.8,55.8,3.3724163780687464
Baptiste Santamaria,1920,Angers,FRA-Ligue 1,MF,24.0,2505,0,Defensive Anchor,79.7,79.7,2.279118721251195
Mathias Pereira Lage,1920,Angers,FRA-Ligue 1,MF,22.0,1542,1,Ball Progressor,81.4,81.4,2.556422227431488
Pierrick Capelle,1920,Angers,FRA-Ligue 1,"MF,DF",32.0,1747,1,Ball Progressor,93.2,93.2,2.267460871559718
Sada Thioub,1920,Angers,FRA-Ligue 1,"MF,FW",24.0,1508,2,Creative Playmaker,43.6,43.6,4.497464574339314
Thomas Mangani,1920,Angers,FRA-Ligue 1,MF,32.0,1871,3,Box-to-Box Engine,69.6,69.6,2.9905667393703435
Aurélien Tchouaméni,1920,Bordeaux,FRA-Ligue 1,MF,19.0,1110,0,Defensive Anchor,38.9,38.9,3.226882156181387
Nicolas de Préville,1920,Bordeaux,FRA-Ligue 1,"MF,FW",28.0,1995,2,Creative Playmaker,96.8,96.8,2.5766611763425193
Otávio,1920,Bordeaux,FRA-Ligue 1,MF,25.0,2211,0,Defensive Anchor,56.4,56.4,2.820268723227756
Toma Bašić,1920,Bordeaux,FRA-Ligue 1,MF,22.0,991,3,Box-to-Box Engine,74.6,74.6,2.8503069497933544
Yacine Adli,1920,Bordeaux,FRA-Ligue 1,MF,19.0,1020,1,Ball Progressor,39.0,39.0,3.59669841207117
Cristian Battocchio,1920,Brest,FRA-Ligue 1,MF,27.0,1392,3,Box-to-Box Engine,77.2,77.2,2.7781210859396803
Haris Belkebla,1920,Brest,FRA-Ligue 1,MF,25.0,1816,0,Defensive Anchor,45.8,45.8,3.0671350906534602
Ibrahima Diallo,1920,Brest,FRA-Ligue 1,MF,20.0,1561,0,Defensive Anchor,42.4,42.4,3.144697700739353
Mathias Autret,1920,Brest,FRA-Ligue 1,"MF,FW",28.0,1222,2,Creative Playmaker,73.3,73.3,3.4230778522226104
Paul Lasne,1920,Brest,FRA-Ligue 1,"MF,FW",30.0,1224,1,Ball Progressor,72.8,72.8,2.767206810921759
Didier Ibrahim Ndong,1920,Dijon,FRA-Ligue 1,MF,25.0,2386,0,Defensive Anchor,86.7,86.7,2.1177304877074814
Mounir Chouiar,1920,Dijon,FRA-Ligue 1,"MF,FW",20.0,1506,2,Creative Playmaker,60.1,60.1,3.9022717575151624
Romain Amalfitano,1920,Dijon,FRA-Ligue 1,MF,29.0,1695,0,Defensive Anchor,83.3,83.3,2.196172421226188
Wesley Lautoa,1920,Dijon,FRA-Ligue 1,"MF,DF",31.0,1869,0,Defensive Anchor,65.3,65.3,2.6145304918550885
Benjamin André,1920,Lille,FRA-Ligue 1,MF,28.0,2054,0,Defensive Anchor,36.6,36.6,3.2806848785534553
Boubakary Soumaré,1920,Lille,FRA-Ligue 1,MF,20.0,1213,0,Defensive Anchor,36.4,36.4,3.2836489913916234
Jonathan Ikone,1920,Lille,FRA-Ligue 1,"MF,FW",21.0,2057,1,Ball Progressor,59.0,59.0,3.104876926413034
Renato Sanches,1920,Lille,FRA-Ligue 1,"MF,FW",21.0,1483,3,Box-to-Box Engine,62.7,62.7,3.1825720564073468
Houssem Aouar,1920,Lyon,FRA-Ligue 1,"MF,FW",21.0,1956,2,Creative Playmaker,67.9,67.9,3.619901027498544
Lucas Tousart,1920,Lyon,FRA-Ligue 1,MF,22.0,1763,0,Defensive Anchor,100.0,100.0,1.6959207301202537
Thiago Mendes,1920,Lyon,FRA-Ligue 1,MF,27.0,1812,0,Defensive Anchor,37.7,37.7,3.2536363679262865
Kevin Strootman,1920,Marseille,FRA-Ligue 1,MF,29.0,1416,0,Defensive Anchor,72.9,72.9,2.4366990808067266
Maxime Lopez,1920,Marseille,FRA-Ligue 1,"MF,FW",21.0,1110,3,Box-to-Box Engine,0.0,0.0,5.362696394890674
Morgan Sanson,1920,Marseille,FRA-Ligue 1,MF,24.0,2173,1,Ball Progressor,54.1,54.1,3.2261119858151064
Valentin Rongier,1920,Marseille,FRA-Ligue 1,MF,24.0,1790,3,Box-to-Box Engine,35.3,35.3,3.943042626394091
Habib Maïga,1920,Metz,FRA-Ligue 1,MF,23.0,2266,0,Defensive Anchor,29.0,29.0,3.4554835049231696
Kévin N'Doram,1920,Metz,FRA-Ligue 1,MF,23.0,1646,0,Defensive Anchor,100.0,100.0,1.7814455863793623
Victorien Angban,1920,Metz,FRA-Ligue 1,MF,22.0,1029,0,Defensive Anchor,34.2,34.2,3.335486554633325
Adama Traoré,1920,Monaco,FRA-Ligue 1,MF,24.0,2605,0,Defensive Anchor,0.0,0.0,8.807043538022501
Adama Traoré,1920,Monaco,FRA-Ligue 1,MF,24.0,1007,0,Defensive Anchor,0.0,0.0,8.807043538022501
Adrien Silva,1920,Monaco,FRA-Ligue 1,MF,30.0,1221,3,Box-to-Box Engine,96.1,96.1,2.251754609288905
Aleksandr Golovin,1920,Monaco,FRA-Ligue 1,MF,23.0,2061,2,Creative Playmaker,80.9,80.9,3.152313691982717
Aurélien Tchouaméni,1920,Monaco,FRA-Ligue 1,MF,19.0,1110,1,Ball Progressor,0.0,0.0,8.982624882938156
Cesc Fàbregas,1920,Monaco,FRA-Ligue 1,MF,32.0,930,2,Creative Playmaker,0.1,0.1,6.066676161000405
Tiemoué Bakayoko,1920,Monaco,FRA-Ligue 1,MF,24.0,1719,0,Defensive Anchor,41.5,41.5,3.166252294995222
Youssouf Fofana,1920,Monaco,FRA-Ligue 1,MF,20.0,1008,3,Box-to-Box Engine,61.7,61.7,3.209573183799307
Damien Le Tallec,1920,Montpellier,FRA-Ligue 1,"MF,DF",29.0,2458,0,Defensive Anchor,75.2,75.2,2.3845771537467186
Florent Mollet,1920,Montpellier,FRA-Ligue 1,"MF,FW",27.0,1684,2,Creative Playmaker,78.8,78.8,3.2260712200647705
Jordan Ferri,1920,Montpellier,FRA-Ligue 1,MF,27.0,1150,3,Box-to-Box Engine,71.5,71.5,2.9361121987312755
Joris Chotard,1920,Montpellier,FRA-Ligue 1,MF,17.0,1251,0,Defensive Anchor,90.8,90.8,2.0208808450962668
Téji Savanier,1920,Montpellier,FRA-Ligue 1,MF,27.0,1524,3,Box-to-Box Engine,27.6,27.6,4.160105302320556
Abdoulaye Touré,1920,Nantes,FRA-Ligue 1,MF,25.0,2221,0,Defensive Anchor,82.5,82.5,2.2138792817458315
Imran Louza,1920,Nantes,FRA-Ligue 1,"MF,FW",20.0,2009,1,Ball Progressor,87.6,87.6,2.406639224328541
Mehdi Abeid,1920,Nantes,FRA-Ligue 1,MF,26.0,1817,0,Defensive Anchor,71.5,71.5,2.4684452274007618
Valentin Rongier,1920,Nantes,FRA-Ligue 1,MF,24.0,1790,3,Box-to-Box Engine,0.0,0.0,5.629251117613443
Arnaud Lusamba,1920,Nice,FRA-Ligue 1,"MF,FW",22.0,982,1,Ball Progressor,43.1,43.1,3.496117033279925
Pierre Lees-Melou,1920,Nice,FRA-Ligue 1,MF,26.0,2252,3,Box-to-Box Engine,70.0,70.0,2.979235380782256
Wylan Cyprien,1920,Nice,FRA-Ligue 1,MF,24.0,1772,3,Box-to-Box Engine,0.0,0.0,5.12304309058092
Lamine Fomba,1920,Nîmes,FRA-Ligue 1,MF,21.0,1373,0,Defensive Anchor,39.5,39.5,3.21280994877026
Lucas Deaux,1920,Nîmes,FRA-Ligue 1,MF,30.0,1335,0,Defensive Anchor,58.3,58.3,2.776781356257266
Sidy Sarr,1920,Nîmes,FRA-Ligue 1,MF,23.0,1165,0,Defensive Anchor,100.0,100.0,1.793816963033434
Theo Valls,1920,Nîmes,FRA-Ligue 1,MF,23.0,1632,0,Defensive Anchor,73.3,73.3,2.4275265027246116
Idrissa Gana Gueye,1920,Paris S-G,FRA-Ligue 1,MF,29.0,1653,3,Box-to-Box Engine,50.8,50.8,3.5141970587390854
Marco Verratti,1920,Paris S-G,FRA-Ligue 1,MF,26.0,1482,3,Box-to-Box Engine,0.0,0.0,5.45974260985992
Marquinhos,1920,Paris S-G,FRA-Ligue 1,"MF,DF",25.0,1476,3,Box-to-Box Engine,47.3,47.3,3.6098773309398644
Neymar,1920,Paris S-G,FRA-Ligue 1,"MF,FW",27.0,1318,2,Creative Playmaker,0.0,0.0,8.717454014678832
Alaixys Romao,1920,Reims,FRA-Ligue 1,MF,35.0,1781,0,Defensive Anchor,76.8,76.8,2.3462479790994473
Xavier Chavalerin,1920,Reims,FRA-Ligue 1,MF,28.0,2147,0,Defensive Anchor,48.0,48.0,3.0144181626379045
Benjamin Bourigeaud,1920,Rennes,FRA-Ligue 1,MF,25.0,1903,3,Box-to-Box Engine,84.8,84.8,2.567220885856822
Eduardo Camavinga,1920,Rennes,FRA-Ligue 1,MF,16.0,2107,0,Defensive Anchor,53.4,53.4,2.889890907682105
James Lea Siliki,1920,Rennes,FRA-Ligue 1,MF,23.0,1079,0,Defensive Anchor,95.6,95.6,1.9090024128489755
Raphinha,1920,Rennes,FRA-Ligue 1,"MF,FW",22.0,1690,2,Creative Playmaker,93.3,93.3,2.7039358491426833
Mahdi Camara,1920,Saint-Étienne,FRA-Ligue 1,MF,21.0,901,0,Defensive Anchor,17.3,17.3,3.72865102546683
Ryad Boudebouz,1920,Saint-Étienne,FRA-Ligue 1,"MF,FW",29.0,1597,2,Creative Playmaker,87.4,87.4,2.9171307625961624
Yann M'Vila,1920,Saint-Étienne,FRA-Ligue 1,"MF,DF",29.0,1942,0,Defensive Anchor,46.2,46.2,3.0570756763021776
Zaydou Youssouf,1920,Saint-Étienne,FRA-Ligue 1,MF,20.0,1077,0,Defensive Anchor,21.9,21.9,3.6212484959692253
Adrien Thomasson,1920,Strasbourg,FRA-Ligue 1,"MF,FW",25.0,2072,1,Ball Progressor,70.1,70.1,2.8341441638855374
Dimitri Liénard,1920,Strasbourg,FRA-Ligue 1,MF,31.0,1489,3,Box-to-Box Engine,84.0,84.0,2.587149361024871
Ibrahima Sissoko,1920,Strasbourg,FRA-Ligue 1,MF,21.0,1598,0,Defensive Anchor,68.9,68.9,2.5298739944319806
Jean-Ricner Bellegarde,1920,Strasbourg,FRA-Ligue 1,MF,21.0,1497,1,Ball Progressor,64.0,64.0,2.982986159068778
Youssouf Fofana,1920,Strasbourg,FRA-Ligue 1,MF,20.0,1008,0,Defensive Anchor,50.8,50.8,2.9509209353408368
Ibrahim Sangaré,1920,Toulouse,FRA-Ligue 1,MF,21.0,2175,3,Box-to-Box Engine,64.0,64.0,3.1451571126075666
Jean-Victor Makengo,1920,Toulouse,FRA-Ligue 1,MF,21.0,988,1,Ball Progressor,37.5,37.5,3.632478871948796
Mathieu Dossevi,1920,Toulouse,FRA-Ligue 1,"MF,FW",31.0,1751,2,Creative Playmaker,57.8,57.8,3.98479282117656
Max Gradel,1920,Toulouse,FRA-Ligue 1,"MF,FW",31.0,1635,2,Creative Playmaker,68.4,68.4,3.601026076841114
Quentin Boisgard,1920,Toulouse,FRA-Ligue 1,"MF,FW",22.0,1146,1,Ball Progressor,70.6,70.6,2.8222248171445816
Wesley Saïd,1920,Toulouse,FRA-Ligue 1,"MF,FW",24.0,1160,1,Ball Progressor,64.8,64.8,2.9645036405770324
William Vainqueur,1920,Toulouse,FRA-Ligue 1,MF,30.0,1715,0,Defensive Anchor,64.2,64.2,2.639424347328533
Angelo Fulgini,2021,Angers,FRA-Ligue 1,MF,23.0,2725,2,Creative Playmaker,100.0,100.0,2.167100650319998
Antonin Bobichon,2021,Angers,FRA-Ligue 1,"MF,FW",24.0,911,1,Ball Progressor,31.3,31.3,3.784373053492636
Baptiste Santamaria,2021,Angers,FRA-Ligue 1,MF,25.0,2209,0,Defensive Anchor,29.5,29.5,3.4455859898991563
Ibrahim Amadou,2021,Angers,FRA-Ligue 1,MF,27.0,1504,0,Defensive Anchor,97.9,97.9,1.8573716701330483
Lassana Coulibaly,2021,Angers,FRA-Ligue 1,MF,24.0,1687,0,Defensive Anchor,56.0,56.0,2.8299286457310746
Pierrick Capelle,2021,Angers,FRA-Ligue 1,"MF,DF",33.0,2053,0,Defensive Anchor,53.0,53.0,2.8990740283899132
Thomas Mangani,2021,Angers,FRA-Ligue 1,MF,33.0,2691,3,Box-to-Box Engine,100.0,100.0,2.0672501533412895
Hatem Ben Arfa,2021,Bordeaux,FRA-Ligue 1,"MF,FW",33.0,1703,2,Creative Playmaker,67.6,67.6,3.629944325605311
Mehdi Zerkane,2021,Bordeaux,FRA-Ligue 1,"MF,FW",21.0,1187,1,Ball Progressor,100.0,100.0,1.7931700632726326
Otávio,2021,Bordeaux,FRA-Ligue 1,MF,26.0,1559,0,Defensive Anchor,77.7,77.7,2.3257517915143135
Toma Bašić,2021,Bordeaux,FRA-Ligue 1,MF,23.0,2601,0,Defensive Anchor,51.5,51.5,2.9350883585377536
Yacine Adli,2021,Bordeaux,FRA-Ligue 1,MF,20.0,2418,3,Box-to-Box Engine,100.0,100.0,1.8181903890228466
Franck Honorat,2021,Brest,FRA-Ligue 1,"MF,FW",23.0,2458,2,Creative Playmaker,80.1,80.1,3.1798742109668674
Gaëtan Charbonnier,2021,Brest,FRA-Ligue 1,"MF,FW",31.0,1570,1,Ball Progressor,37.2,37.2,3.6387014217953566
Haris Belkebla,2021,Brest,FRA-Ligue 1,MF,26.0,2727,0,Defensive Anchor,95.4,95.4,1.9144966718253351
Ibrahima Diallo,2021,Brest,FRA-Ligue 1,MF,21.0,1020,0,Defensive Anchor,33.9,33.9,3.343302540176983
Jean Lucas,2021,Brest,FRA-Ligue 1,"MF,FW",22.0,1011,3,Box-to-Box Engine,77.5,77.5,2.769238300113583
Paul Lasne,2021,Brest,FRA-Ligue 1,MF,31.0,1681,0,Defensive Anchor,22.7,22.7,3.6022035093234965
Romain Faivre,2021,Brest,FRA-Ligue 1,"MF,FW",22.0,2891,2,Creative Playmaker,93.2,93.2,2.705755535803911
Bersant Celina,2021,Dijon,FRA-Ligue 1,"MF,FW",23.0,2298,1,Ball Progressor,48.3,48.3,3.3673681597478415
Didier Ibrahim Ndong,2021,Dijon,FRA-Ligue 1,MF,26.0,2610,0,Defensive Anchor,93.4,93.4,1.960013404260213
Jordan Marié,2021,Dijon,FRA-Ligue 1,MF,28.0,1432,0,Defensive Anchor,100.0,100.0,1.7055696071246365
Pape Cheikh Diop,2021,Dijon,FRA-Ligue 1,MF,22.0,1089,0,Defensive Anchor,69.7,69.7,2.5114449868849507
Wesley Lautoa,2021,Dijon,FRA-Ligue 1,"MF,DF",32.0,1608,0,Defensive Anchor,73.9,73.9,2.41401643345235
Cheick Doucouré,2021,Lens,FRA-Ligue 1,MF,20.0,2627,0,Defensive Anchor,50.0,50.0,2.968179581696013
Gaël Kakuta,2021,Lens,FRA-Ligue 1,"MF,FW",29.0,2394,2,Creative Playmaker,66.9,66.9,3.656021605642231
Seko Fofana,2021,Lens,FRA-Ligue 1,MF,25.0,2309,1,Ball Progressor,34.8,34.8,3.699302810450643
Yannick Cahuzac,2021,Lens,FRA-Ligue 1,MF,35.0,2252,0,Defensive Anchor,59.1,59.1,2.7576551249892907
Benjamin André,2021,Lille,FRA-Ligue 1,MF,29.0,2885,0,Defensive Anchor,18.1,18.1,3.7089462458163034
Boubakary Soumaré,2021,Lille,FRA-Ligue 1,MF,21.0,1919,3,Box-to-Box Engine,46.1,46.1,3.6428953964825053
Jonathan Bamba,2021,Lille,FRA-Ligue 1,MF,24.0,2985,2,Creative Playmaker,91.7,91.7,2.7613791538151395
Jonathan Ikone,2021,Lille,FRA-Ligue 1,"MF,FW",22.0,2177,1,Ball Progressor,83.6,83.6,2.503003989491055
Luiz Araújo,2021,Lille,FRA-Ligue 1,MF,24.0,1496,1,Ball Progressor,70.1,70.1,2.8336385032902816
Renato Sanches,2021,Lille,FRA-Ligue 1,MF,22.0,1270,3,Box-to-Box Engine,46.3,46.3,3.6384618535549604
Xeka,2021,Lille,FRA-Ligue 1,MF,25.0,1200,3,Box-to-Box Engine,100.0,100.0,1.7416025334655043
Armand Lauriente,2021,Lorient,FRA-Ligue 1,"MF,FW",21.0,1622,2,Creative Playmaker,78.5,78.5,3.236706455005244
Enzo Le Fée,2021,Lorient,FRA-Ligue 1,MF,20.0,1816,3,Box-to-Box Engine,48.4,48.4,3.5793103313938754
Fabien Lemoine,2021,Lorient,FRA-Ligue 1,MF,33.0,1934,0,Defensive Anchor,43.5,43.5,3.11874823096124
Laurent Abergel,2021,Lorient,FRA-Ligue 1,MF,27.0,2963,0,Defensive Anchor,39.8,39.8,3.2045458018932025
Quentin Boisgard,2021,Lorient,FRA-Ligue 1,"MF,FW",23.0,1314,1,Ball Progressor,90.2,90.2,2.341338568473295
Thomas Monconduit,2021,Lorient,FRA-Ligue 1,MF,29.0,1153,3,Box-to-Box Engine,84.5,84.5,2.5742135834512916
Yoane Wissa,2021,Lorient,FRA-Ligue 1,"MF,FW",23.0,2674,1,Ball Progressor,13.5,13.5,4.221106518833043
Bruno Guimarães,2021,Lyon,FRA-Ligue 1,MF,22.0,1754,3,Box-to-Box Engine,42.0,42.0,3.757748424886058
Houssem Aouar,2021,Lyon,FRA-Ligue 1,"MF,FW",22.0,1781,2,Creative Playmaker,69.8,69.8,3.5493878207120573
Jean Lucas,2021,Lyon,FRA-Ligue 1,MF,22.0,1011,3,Box-to-Box Engine,0.0,0.0,5.071651651838331
Lucas Paquetá,2021,Lyon,FRA-Ligue 1,MF,22.0,2275,3,Box-to-Box Engine,31.0,31.0,4.064620766587955
Maxence Caqueret,2021,Lyon,FRA-Ligue 1,MF,20.0,1761,3,Box-to-Box Engine,51.7,51.7,3.488432331144174
Thiago Mendes,2021,Lyon,FRA-Ligue 1,MF,28.0,2243,3,Box-to-Box Engine,79.7,79.7,2.7093828948331105
Boubacar Kamara,2021,Marseille,FRA-Ligue 1,MF,20.0,2894,0,Defensive Anchor,74.1,74.1,2.408995243078634
Kevin Strootman,2021,Marseille,FRA-Ligue 1,"MF,FW",30.0,1314,3,Box-to-Box Engine,0.0,0.0,6.163030230135533
Mickaël Cuisance,2021,Marseille,FRA-Ligue 1,MF,20.0,1024,1,Ball Progressor,100.0,100.0,2.058869988213885
Pape Gueye,2021,Marseille,FRA-Ligue 1,MF,21.0,2058,0,Defensive Anchor,75.1,75.1,2.3863578021804512
Valentin Rongier,2021,Marseille,FRA-Ligue 1,MF,25.0,1887,0,Defensive Anchor,40.5,40.5,3.1882799627121745
Farid Boulaya,2021,Metz,FRA-Ligue 1,"MF,FW",27.0,2815,2,Creative Playmaker,92.9,92.9,2.719389756981066
Habib Maïga,2021,Metz,FRA-Ligue 1,MF,24.0,2693,0,Defensive Anchor,83.1,83.1,2.199790692732347
Mamadou Fofana,2021,Metz,FRA-Ligue 1,"MF,DF",22.0,1070,0,Defensive Anchor,21.8,21.8,3.6228212546185876
Pape Matar Sarr,2021,Metz,FRA-Ligue 1,MF,17.0,1594,3,Box-to-Box Engine,76.5,76.5,2.7986981975845886
Victorien Angban,2021,Metz,FRA-Ligue 1,MF,23.0,1672,0,Defensive Anchor,100.0,100.0,1.7841133590692377
Vincent Pajot,2021,Metz,FRA-Ligue 1,MF,29.0,914,0,Defensive Anchor,36.8,36.8,3.2754939430232604
Aleksandr Golovin,2021,Monaco,FRA-Ligue 1,"MF,FW",24.0,1069,2,Creative Playmaker,36.6,36.6,4.74670513372785
Aurélien Tchouaméni,2021,Monaco,FRA-Ligue 1,MF,20.0,3063,0,Defensive Anchor,42.7,42.7,3.138283699417911
Gelson Martins,2021,Monaco,FRA-Ligue 1,"MF,FW",25.0,1551,1,Ball Progressor,18.7,18.7,4.09252095135083
Jean-Eudes Aholou,2021,Monaco,FRA-Ligue 1,MF,26.0,2146,0,Defensive Anchor,0.0,0.0,6.156020225766263
Sofiane Diop,2021,Monaco,FRA-Ligue 1,"MF,FW",20.0,2023,1,Ball Progressor,57.1,57.1,3.1528843407423106
Youssouf Fofana,2021,Monaco,FRA-Ligue 1,MF,21.0,2873,3,Box-to-Box Engine,91.3,91.3,2.383889407001299
Damien Le Tallec,2021,Montpellier,FRA-Ligue 1,"MF,DF",30.0,1227,0,Defensive Anchor,11.6,11.6,3.8592914033628616
Florent Mollet,2021,Montpellier,FRA-Ligue 1,MF,28.0,2355,1,Ball Progressor,85.1,85.1,2.465878637951332
Jordan Ferri,2021,Montpellier,FRA-Ligue 1,MF,28.0,2577,3,Box-to-Box Engine,67.5,67.5,3.048161192043335
Joris Chotard,2021,Montpellier,FRA-Ligue 1,MF,18.0,1165,0,Defensive Anchor,24.3,24.3,3.565454752202557
Téji Savanier,2021,Montpellier,FRA-Ligue 1,MF,28.0,2165,3,Box-to-Box Engine,10.6,10.6,4.631074401906582
Abdoulaye Touré,2021,Nantes,FRA-Ligue 1,MF,26.0,1681,0,Defensive Anchor,80.9,80.9,2.2506945611467986
Imran Louza,2021,Nantes,FRA-Ligue 1,MF,21.0,2379,1,Ball Progressor,44.4,44.4,3.464378252374517
Ludovic Blas,2021,Nantes,FRA-Ligue 1,"MF,FW",22.0,2787,1,Ball Progressor,87.5,87.5,2.40848911742677
Marcus Coco,2021,Nantes,FRA-Ligue 1,"MF,FW",24.0,1474,1,Ball Progressor,78.4,78.4,2.6297645391545688
Mehdi Abeid,2021,Nantes,FRA-Ligue 1,MF,27.0,1320,0,Defensive Anchor,71.2,71.2,2.4765290662127364
Pedro Chirivella,2021,Nantes,FRA-Ligue 1,MF,23.0,2280,0,Defensive Anchor,57.5,57.5,2.7936332079947905
Alexis Claude-Maurice,2021,Nice,FRA-Ligue 1,"MF,FW",22.0,1910,1,Ball Progressor,85.3,85.3,2.461587732139306
Hicham Boudaoui,2021,Nice,FRA-Ligue 1,MF,20.0,1736,0,Defensive Anchor,47.6,47.6,3.023965074574639
Jeff Reine-Adélaïde,2021,Nice,FRA-Ligue 1,"MF,FW",22.0,1058,1,Ball Progressor,64.8,64.8,2.9645760620410013
Khéphren Thuram,2021,Nice,FRA-Ligue 1,MF,19.0,1494,3,Box-to-Box Engine,52.3,52.3,3.470319845393783
Morgan Schneiderlin,2021,Nice,FRA-Ligue 1,MF,30.0,2197,0,Defensive Anchor,54.9,54.9,2.8540136628034176
Pierre Lees-Melou,2021,Nice,FRA-Ligue 1,MF,27.0,2063,0,Defensive Anchor,22.9,22.9,3.598661202635208
Andrés Cubas,2021,Nîmes,FRA-Ligue 1,MF,24.0,2242,0,Defensive Anchor,6.5,6.5,3.979858086387974
Lamine Fomba,2021,Nîmes,FRA-Ligue 1,MF,22.0,2175,0,Defensive Anchor,32.2,32.2,3.3817792942153377
Lucas Deaux,2021,Nîmes,FRA-Ligue 1,"MF,DF",31.0,1754,0,Defensive Anchor,93.4,93.4,1.9606180895885168
Niclas Eliasson,2021,Nîmes,FRA-Ligue 1,"MF,FW",24.0,1799,1,Ball Progressor,49.2,49.2,3.345550938477136
Renaud Ripart,2021,Nîmes,FRA-Ligue 1,"MF,FW",27.0,3054,1,Ball Progressor,42.6,42.6,3.5085709043009854
Yassine Benrahou,2021,Nîmes,FRA-Ligue 1,MF,21.0,1239,1,Ball Progressor,53.8,53.8,3.2340573362110403
Ander Herrera,2021,Paris S-G,FRA-Ligue 1,MF,30.0,1851,3,Box-to-Box Engine,89.2,89.2,2.4443611839109063
Danilo Pereira,2021,Paris S-G,FRA-Ligue 1,"MF,DF",28.0,1430,0,Defensive Anchor,0.5,0.5,4.118400109988425
Idrissa Gana Gueye,2021,Paris S-G,FRA-Ligue 1,MF,30.0,1581,3,Box-to-Box Engine,37.0,37.0,3.8971789908732752
Julian Draxler,2021,Paris S-G,FRA-Ligue 1,"MF,FW",26.0,1064,2,Creative Playmaker,80.0,80.0,3.184380815915694
Leandro Paredes,2021,Paris S-G,FRA-Ligue 1,MF,26.0,1302,3,Box-to-Box Engine,55.0,55.0,3.395829730521203
Marco Verratti,2021,Paris S-G,FRA-Ligue 1,MF,27.0,1492,3,Box-to-Box Engine,16.2,16.2,4.474939469951458
Neymar,2021,Paris S-G,FRA-Ligue 1,"MF,FW",28.0,1415,2,Creative Playmaker,0.0,0.0,8.02179988426325
Rafinha,2021,Paris S-G,FRA-Ligue 1,"MF,FW",27.0,1361,3,Box-to-Box Engine,39.2,39.2,3.836421450065252
Arber Zeneli,2021,Reims,FRA-Ligue 1,"MF,FW",25.0,1289,1,Ball Progressor,75.9,75.9,2.6924383986035556
Marshall Munetsi,2021,Reims,FRA-Ligue 1,"MF,DF",24.0,1928,0,Defensive Anchor,39.1,39.1,3.222105823659917
Mathieu Cafaro,2021,Reims,FRA-Ligue 1,"MF,FW",23.0,2074,1,Ball Progressor,100.0,100.0,2.014625443286963
Moreto Cassamã,2021,Reims,FRA-Ligue 1,MF,22.0,2031,0,Defensive Anchor,53.1,53.1,2.897137574965229
Nathanael Mbuku,2021,Reims,FRA-Ligue 1,"MF,FW",18.0,2210,1,Ball Progressor,97.8,97.8,2.15581115730855
Valon Berisha,2021,Reims,FRA-Ligue 1,MF,27.0,1645,3,Box-to-Box Engine,89.9,89.9,2.4235961134103623
Xavier Chavalerin,2021,Reims,FRA-Ligue 1,MF,29.0,2547,0,Defensive Anchor,71.1,71.1,2.4799717519719455
Benjamin Bourigeaud,2021,Rennes,FRA-Ligue 1,"MF,FW",26.0,2552,2,Creative Playmaker,69.8,69.8,3.5493160125618957
Clément Grenier,2021,Rennes,FRA-Ligue 1,"MF,FW",29.0,1078,2,Creative Playmaker,64.0,64.0,3.7600743012412288
Eduardo Camavinga,2021,Rennes,FRA-Ligue 1,MF,17.0,2402,3,Box-to-Box Engine,55.9,55.9,3.3702667595611895
Flavien Tait,2021,Rennes,FRA-Ligue 1,"MF,FW",27.0,1368,3,Box-to-Box Engine,70.7,70.7,2.9584343612879245
Jeremy Doku,2021,Rennes,FRA-Ligue 1,"MF,FW",18.0,2313,2,Creative Playmaker,57.7,57.7,3.9870530048816746
Steven Nzonzi,2021,Rennes,FRA-Ligue 1,MF,31.0,2908,3,Box-to-Box Engine,8.7,8.7,4.684607348511601
Adil Aouchiche,2021,Saint-Étienne,FRA-Ligue 1,"MF,FW",18.0,1731,2,Creative Playmaker,90.6,90.6,2.8008002975736304
Arnaud Nordin,2021,Saint-Étienne,FRA-Ligue 1,"MF,FW",22.0,1771,1,Ball Progressor,74.3,74.3,2.731968646278573
Denis Bouanga,2021,Saint-Étienne,FRA-Ligue 1,"MF,FW",25.0,2720,1,Ball Progressor,38.1,38.1,3.6186099206390523
Lucas Gourna-Douath,2021,Saint-Étienne,FRA-Ligue 1,MF,16.0,1327,0,Defensive Anchor,69.0,69.0,2.5271119203343924
Mahdi Camara,2021,Saint-Étienne,FRA-Ligue 1,"MF,DF",22.0,3290,0,Defensive Anchor,84.3,84.3,2.17258414812613
Yvan Neyou,2021,Saint-Étienne,FRA-Ligue 1,MF,23.0,2438,0,Defensive Anchor,82.1,82.1,2.2244505142246638
Zaydou Youssouf,2021,Saint-Étienne,FRA-Ligue 1,MF,21.0,1229,0,Defensive Anchor,77.7,77.7,2.325004258903388
Adrien Thomasson,2021,Strasbourg,FRA-Ligue 1,"MF,FW",26.0,2624,1,Ball Progressor,100.0,100.0,1.9905118979241796
Dimitri Liénard,2021,Strasbourg,FRA-Ligue 1,MF,32.0,1829,2,Creative Playmaker,87.3,87.3,2.918363834242442
Ibrahima Sissoko,2021,Strasbourg,FRA-Ligue 1,MF,22.0,2581,0,Defensive Anchor,77.7,77.7,2.3262692988745677
Jean-Eudes Aholou,2021,Strasbourg,FRA-Ligue 1,MF,26.0,2146,0,Defensive Anchor,58.6,58.6,2.7695638550158184
Jean-Ricner Bellegarde,2021,Strasbourg,FRA-Ligue 1,"MF,FW",22.0,2086,1,Ball Progressor,92.5,92.5,2.2859501642361555
Angelo Fulgini,2122,Angers,FRA-Ligue 1,"MF,FW",24.0,2929,1,Ball Progressor,100.0,100.0,1.9943117403002635
Azzedine Ounahi,2122,Angers,FRA-Ligue 1,MF,21.0,1633,3,Box-to-Box Engine,81.2,81.2,2.666579790252586
Batista Mendy,2122,Angers,FRA-Ligue 1,"MF,DF",21.0,2413,0,Defensive Anchor,100.0,100.0,1.5161059104303747
Nabil Bentaleb,2122,Angers,FRA-Ligue 1,MF,26.0,1515,0,Defensive Anchor,87.2,87.2,2.1060485578424024
Pierrick Capelle,2122,Angers,FRA-Ligue 1,"MF,DF",34.0,1193,0,Defensive Anchor,60.9,60.9,2.7147453987145447
Thomas Mangani,2122,Angers,FRA-Ligue 1,MF,34.0,2193,0,Defensive Anchor,24.0,24.0,3.571480405767371
Fransérgio,2122,Bordeaux,FRA-Ligue 1,MF,30.0,1258,0,Defensive Anchor,93.6,93.6,1.9564926623344425
Javairô Dilrosun,2122,Bordeaux,FRA-Ligue 1,"MF,FW",23.0,1732,2,Creative Playmaker,70.6,70.6,3.5222067290422836
Jean Onana,2122,Bordeaux,FRA-Ligue 1,MF,21.0,1832,0,Defensive Anchor,36.4,36.4,3.2838509777999207
Josuha Guilavogui,2122,Bordeaux,FRA-Ligue 1,"MF,DF",30.0,1331,0,Defensive Anchor,33.7,33.7,3.3476441578488556
Josuha Guilavogui,2122,Bordeaux,FRA-Ligue 1,"MF,DF",30.0,942,0,Defensive Anchor,33.7,33.7,3.3476441578488556
Otávio,2122,Bordeaux,FRA-Ligue 1,MF,27.0,1147,0,Defensive Anchor,75.8,75.8,2.369569033204202
Remi Oudin,2122,Bordeaux,FRA-Ligue 1,"MF,FW",24.0,1737,1,Ball Progressor,81.6,81.6,2.551401024480315
Toma Bašić,2122,Bordeaux,FRA-Ligue 1,MF,24.0,982,1,Ball Progressor,0.0,0.0,4.827001053495497
Yacine Adli,2122,Bordeaux,FRA-Ligue 1,"MF,FW",21.0,2260,3,Box-to-Box Engine,38.1,38.1,3.8664996196459
Haris Belkebla,2122,Brest,FRA-Ligue 1,MF,27.0,2310,0,Defensive Anchor,90.9,90.9,2.0195965128422517
Hugo Magnetti,2122,Brest,FRA-Ligue 1,MF,23.0,1463,0,Defensive Anchor,78.5,78.5,2.306880033741135
Lucien Agoume,2122,Brest,FRA-Ligue 1,MF,19.0,1868,0,Defensive Anchor,67.8,67.8,2.555579311139967
Romain Del Castillo,2122,Brest,FRA-Ligue 1,"MF,FW",25.0,975,1,Ball Progressor,0.0,0.0,4.599810994770287
Romain Faivre,2122,Brest,FRA-Ligue 1,MF,23.0,1795,2,Creative Playmaker,91.5,91.5,2.767013035282164
Jason Berthomier,2122,Clermont Foot,FRA-Ligue 1,MF,31.0,1732,2,Creative Playmaker,57.0,57.0,4.01396344352154
Johan Gastien,2122,Clermont Foot,FRA-Ligue 1,MF,33.0,2746,3,Box-to-Box Engine,62.6,62.6,3.1844817303917217
Salis Abdul Samed,2122,Clermont Foot,FRA-Ligue 1,MF,21.0,2462,0,Defensive Anchor,74.4,74.4,2.4019685032493214
Saîf-Eddine Khaoui,2122,Clermont Foot,FRA-Ligue 1,"MF,FW",26.0,927,1,Ball Progressor,52.2,52.2,3.2732122233446526
Yohann Magnin,2122,Clermont Foot,FRA-Ligue 1,"MF,DF",24.0,1717,0,Defensive Anchor,100.0,100.0,1.7986806106118516
Cheick Doucouré,2122,Lens,FRA-Ligue 1,MF,21.0,2946,3,Box-to-Box Engine,86.7,86.7,2.5121895416214155
David Costa,2122,Lens,FRA-Ligue 1,"MF,FW",20.0,1464,2,Creative Playmaker,91.1,91.1,2.78357337171032
Gaël Kakuta,2122,Lens,FRA-Ligue 1,"MF,FW",30.0,1673,1,Ball Progressor,88.8,88.8,2.3770938996506743
Seko Fofana,2122,Lens,FRA-Ligue 1,MF,26.0,3357,1,Ball Progressor,47.8,47.8,3.379495958503952
Amadou Onana,2122,Lille,FRA-Ligue 1,MF,19.0,1359,0,Defensive Anchor,53.3,53.3,2.891950165776857
Angel Gomes,2122,Lille,FRA-Ligue 1,"MF,FW",20.0,954,1,Ball Progressor,61.3,61.3,3.0499907360047263
Benjamin André,2122,Lille,FRA-Ligue 1,MF,30.0,2752,0,Defensive Anchor,20.6,20.6,3.6514147014734255
Jonathan Bamba,2122,Lille,FRA-Ligue 1,"MF,FW",25.0,2428,1,Ball Progressor,48.0,48.0,3.3742753575746502
Jonathan Ikone,2122,Lille,FRA-Ligue 1,"MF,FW",23.0,1062,1,Ball Progressor,94.6,94.6,2.2344697426295204
Renato Sanches,2122,Lille,FRA-Ligue 1,"MF,FW",23.0,1651,3,Box-to-Box Engine,14.2,14.2,4.530908380814314
Timothy Weah,2122,Lille,FRA-Ligue 1,"MF,FW",21.0,1616,1,Ball Progressor,62.2,62.2,3.028425443875747
Xeka,2122,Lille,FRA-Ligue 1,MF,26.0,1619,0,Defensive Anchor,86.5,86.5,2.122270243718214
Enzo Le Fée,2122,Lorient,FRA-Ligue 1,"MF,FW",21.0,2194,3,Box-to-Box Engine,78.7,78.7,2.7364024540426906
Fabien Lemoine,2122,Lorient,FRA-Ligue 1,MF,34.0,1117,0,Defensive Anchor,40.8,40.8,3.181969672579084
Laurent Abergel,2122,Lorient,FRA-Ligue 1,MF,28.0,2956,0,Defensive Anchor,49.4,49.4,2.9819372142140685
Quentin Boisgard,2122,Lorient,FRA-Ligue 1,"MF,FW",24.0,958,1,Ball Progressor,100.0,100.0,2.0127460478107504
Thomas Monconduit,2122,Lorient,FRA-Ligue 1,MF,30.0,2248,3,Box-to-Box Engine,87.6,87.6,2.487316954423912
Bruno Guimarães,2122,Lyon,FRA-Ligue 1,MF,23.0,1034,3,Box-to-Box Engine,44.9,44.9,3.676424408737438
Bruno Guimarães,2122,Lyon,FRA-Ligue 1,MF,23.0,1634,3,Box-to-Box Engine,44.9,44.9,3.676424408737438
Houssem Aouar,2122,Lyon,FRA-Ligue 1,"MF,FW",23.0,2504,2,Creative Playmaker,97.3,97.3,2.5584226082857024
Lucas Paquetá,2122,Lyon,FRA-Ligue 1,"MF,FW",23.0,2699,2,Creative Playmaker,70.4,70.4,3.5288270708437763
Maxence Caqueret,2122,Lyon,FRA-Ligue 1,MF,21.0,2335,0,Defensive Anchor,69.4,69.4,2.518817644911063
Thiago Mendes,2122,Lyon,FRA-Ligue 1,"MF,DF",29.0,1863,0,Defensive Anchor,43.2,43.2,3.1268079472274626
Boubacar Kamara,2122,Marseille,FRA-Ligue 1,"MF,DF",21.0,2778,3,Box-to-Box Engine,79.2,79.2,2.7212569838155707
Gerson,2122,Marseille,FRA-Ligue 1,"MF,FW",24.0,2544,1,Ball Progressor,78.2,78.2,2.636312399577753
Mattéo Guendouzi,2122,Marseille,FRA-Ligue 1,MF,22.0,3152,3,Box-to-Box Engine,43.1,43.1,3.727450823723949
Pape Gueye,2122,Marseille,FRA-Ligue 1,MF,22.0,1528,0,Defensive Anchor,55.6,55.6,2.8383592943530775
Valentin Rongier,2122,Marseille,FRA-Ligue 1,"MF,DF",26.0,2194,3,Box-to-Box Engine,76.9,76.9,2.787158665386531
Boubacar Traoré,2122,Metz,FRA-Ligue 1,MF,19.0,1726,0,Defensive Anchor,100.0,100.0,1.7999063774492552
Farid Boulaya,2122,Metz,FRA-Ligue 1,"MF,FW",28.0,1526,1,Ball Progressor,58.4,58.4,3.121032884483823
Habib Maïga,2122,Metz,FRA-Ligue 1,MF,25.0,1267,0,Defensive Anchor,69.8,69.8,2.509994088966161
Kévin N'Doram,2122,Metz,FRA-Ligue 1,MF,25.0,1235,0,Defensive Anchor,46.7,46.7,3.045628151476381
Pape Matar Sarr,2122,Metz,FRA-Ligue 1,MF,18.0,2129,0,Defensive Anchor,90.7,90.7,2.0230735845303776
Vincent Pajot,2122,Metz,FRA-Ligue 1,MF,30.0,2311,0,Defensive Anchor,77.2,77.2,2.337966976450453
Aurélien Tchouaméni,2122,Monaco,FRA-Ligue 1,MF,21.0,2929,3,Box-to-Box Engine,41.5,41.5,3.7718909511036296
Gelson Martins,2122,Monaco,FRA-Ligue 1,"MF,FW",26.0,1905,1,Ball Progressor,14.7,14.7,4.190045941500746
Jean Lucas,2122,Monaco,FRA-Ligue 1,MF,23.0,1445,3,Box-to-Box Engine,70.7,70.7,2.9585583945587803
Kevin Volland,2122,Monaco,FRA-Ligue 1,"MF,FW",29.0,2436,1,Ball Progressor,10.3,10.3,4.297369371169653
Sofiane Diop,2122,Monaco,FRA-Ligue 1,"MF,FW",21.0,1948,2,Creative Playmaker,98.5,98.5,2.5165533889700984
Youssouf Fofana,2122,Monaco,FRA-Ligue 1,MF,22.0,2190,3,Box-to-Box Engine,96.5,96.5,2.2402191025909226
Jordan Ferri,2122,Montpellier,FRA-Ligue 1,MF,29.0,2911,3,Box-to-Box Engine,38.3,38.3,3.8614659573805414
Joris Chotard,2122,Montpellier,FRA-Ligue 1,MF,19.0,2935,0,Defensive Anchor,68.5,68.5,2.5381047016617555
Téji Savanier,2122,Montpellier,FRA-Ligue 1,MF,29.0,2414,2,Creative Playmaker,99.4,99.4,2.4831812670233444
Ludovic Blas,2122,Nantes,FRA-Ligue 1,"MF,FW",23.0,2961,1,Ball Progressor,58.4,58.4,3.120350893286616
Marcus Coco,2122,Nantes,FRA-Ligue 1,"MF,FW",25.0,930,1,Ball Progressor,41.7,41.7,3.530290618301703
Pedro Chirivella,2122,Nantes,FRA-Ligue 1,MF,24.0,2637,0,Defensive Anchor,64.5,64.5,2.6314134239663907
Samuel Moutoussamy,2122,Nantes,FRA-Ligue 1,MF,24.0,1509,0,Defensive Anchor,72.7,72.7,2.442649583302722
Wylan Cyprien,2122,Nantes,FRA-Ligue 1,MF,26.0,1490,3,Box-to-Box Engine,63.1,63.1,3.1702089594120637
Calvin Stengs,2122,Nice,FRA-Ligue 1,MF,22.0,1073,2,Creative Playmaker,81.6,81.6,3.1270920561629385
Hassane Kamara,2122,Nice,FRA-Ligue 1,"MF,DF",27.0,1623,1,Ball Progressor,1.1,1.1,4.524603278841702
Hicham Boudaoui,2122,Nice,FRA-Ligue 1,MF,21.0,1621,1,Ball Progressor,100.0,100.0,1.9440165861682723
Justin Kluivert,2122,Nice,FRA-Ligue 1,MF,22.0,1868,2,Creative Playmaker,70.8,70.8,3.516079002641172
Khéphren Thuram,2122,Nice,FRA-Ligue 1,MF,20.0,1901,3,Box-to-Box Engine,83.0,83.0,2.6161824843790735
Mario Lemina,2122,Nice,FRA-Ligue 1,MF,27.0,1967,0,Defensive Anchor,38.8,38.8,3.229262465572345
Pablo Rosario,2122,Nice,FRA-Ligue 1,MF,24.0,2729,0,Defensive Anchor,100.0,100.0,1.8071846146073471
Ander Herrera,2122,Paris S-G,FRA-Ligue 1,MF,31.0,1091,3,Box-to-Box Engine,48.0,48.0,3.5912390440547606
Danilo Pereira,2122,Paris S-G,FRA-Ligue 1,MF,29.0,2038,0,Defensive Anchor,22.2,22.2,3.6140564620827162
Georginio Wijnaldum,2122,Paris S-G,FRA-Ligue 1,MF,30.0,1653,1,Ball Progressor,30.0,30.0,3.8151880661354913
Idrissa Gana Gueye,2122,Paris S-G,FRA-Ligue 1,MF,31.0,1641,3,Box-to-Box Engine,72.9,72.9,2.8983030918703667
Marco Verratti,2122,Paris S-G,FRA-Ligue 1,MF,28.0,1937,3,Box-to-Box Engine,21.3,21.3,4.333447758275211
Alexis Flips,2122,Reims,FRA-Ligue 1,"MF,DF",21.0,1056,1,Ball Progressor,0.0,0.0,5.438858431023447
Azor Matusiwa,2122,Reims,FRA-Ligue 1,MF,23.0,2463,0,Defensive Anchor,59.2,59.2,2.75543023151474
Bradley Locko,2122,Reims,FRA-Ligue 1,"MF,DF",19.0,1011,0,Defensive Anchor,10.1,10.1,3.8952458897164295
Dion Lopy,2122,Reims,FRA-Ligue 1,MF,19.0,1642,0,Defensive Anchor,93.1,93.1,1.9678373986770743
Ilan Kebbal,2122,Reims,FRA-Ligue 1,"MF,FW",23.0,1772,2,Creative Playmaker,70.9,70.9,3.510630436891195
Marshall Munetsi,2122,Reims,FRA-Ligue 1,"MF,DF",25.0,1885,0,Defensive Anchor,14.4,14.4,3.7942194480504265
Xavier Chavalerin,2122,Reims,FRA-Ligue 1,MF,30.0,2717,0,Defensive Anchor,0.0,0.0,4.213344371625371
Baptiste Santamaria,2122,Rennes,FRA-Ligue 1,"MF,DF",26.0,2518,0,Defensive Anchor,87.5,87.5,2.097874466092229
Eduardo Camavinga,2122,Rennes,FRA-Ligue 1,MF,18.0,1236,0,Defensive Anchor,0.0,0.0,6.605360963611757
Flavien Tait,2122,Rennes,FRA-Ligue 1,MF,28.0,2125,3,Box-to-Box Engine,62.5,62.5,3.1872939822207935
Jonas Martin,2122,Rennes,FRA-Ligue 1,MF,31.0,2105,0,Defensive Anchor,46.7,46.7,3.0446397927094235
Kamaldeen Sulemana,2122,Rennes,FRA-Ligue 1,"MF,FW",19.0,1015,2,Creative Playmaker,66.0,66.0,3.686950142380942
Lovro Majer,2122,Rennes,FRA-Ligue 1,"MF,FW",23.0,1832,2,Creative Playmaker,83.5,83.5,3.055038830246539
Romain Del Castillo,2122,Rennes,FRA-Ligue 1,"MF,FW",25.0,975,2,Creative Playmaker,0.0,0.0,9.895406483195671
Adil Aouchiche,2122,Saint-Étienne,FRA-Ligue 1,"MF,FW",19.0,1081,3,Box-to-Box Engine,45.8,45.8,3.6519493038375197
Lucas Gourna-Douath,2122,Saint-Étienne,FRA-Ligue 1,MF,17.0,1804,0,Defensive Anchor,73.5,73.5,2.4236490238168553
Mahdi Camara,2122,Saint-Étienne,FRA-Ligue 1,"MF,DF",23.0,3073,0,Defensive Anchor,96.3,96.3,1.8937019490595093
Ryad Boudebouz,2122,Saint-Étienne,FRA-Ligue 1,"MF,FW",31.0,2252,2,Creative Playmaker,62.3,62.3,3.8216322768626223
Yvan Neyou,2122,Saint-Étienne,FRA-Ligue 1,MF,24.0,936,0,Defensive Anchor,62.2,62.2,2.6853689770077893
Zaydou Youssouf,2122,Saint-Étienne,FRA-Ligue 1,MF,22.0,1553,0,Defensive Anchor,35.6,35.6,3.3027390248384334
Adrien Thomasson,2122,Strasbourg,FRA-Ligue 1,MF,27.0,2389,1,Ball Progressor,15.2,15.2,4.179530510772467
Ibrahima Sissoko,2122,Strasbourg,FRA-Ligue 1,"MF,DF",23.0,2303,1,Ball Progressor,61.9,61.9,3.0336669920629156
Jean-Eudes Aholou,2122,Strasbourg,FRA-Ligue 1,MF,27.0,1004,0,Defensive Anchor,31.3,31.3,3.4031374668658563
Jean-Ricner Bellegarde,2122,Strasbourg,FRA-Ligue 1,MF,23.0,2332,0,Defensive Anchor,56.4,56.4,2.8195854854151636
Sanjin Prcić,2122,Strasbourg,FRA-Ligue 1,MF,27.0,2186,3,Box-to-Box Engine,75.8,75.8,2.8160284411559577
Florian Tardieu,2122,Troyes,FRA-Ligue 1,MF,29.0,2632,3,Box-to-Box Engine,94.9,94.9,2.2856907791731276
Mama Samba Baldé,2122,Troyes,FRA-Ligue 1,"MF,FW",25.0,1717,1,Ball Progressor,48.3,48.3,3.36672048162317
Renaud Ripart,2122,Troyes,FRA-Ligue 1,"MF,FW",28.0,1893,1,Ball Progressor,100.0,100.0,1.9685566294531227
Rominigue Kouamé,2122,Troyes,FRA-Ligue 1,MF,24.0,2968,3,Box-to-Box Engine,68.7,68.7,3.015138241826398
Tristan Dingomé,2122,Troyes,FRA-Ligue 1,"MF,FW",30.0,1077,1,Ball Progressor,34.4,34.4,3.708622553858261
Xavier Chavalerin,2122,Troyes,FRA-Ligue 1,MF,30.0,2717,1,Ball Progressor,57.8,57.8,3.1349800725913957
Cyrille Bayala,2223,Ajaccio,FRA-Ligue 1,MF,26.0,2009,1,Ball Progressor,70.5,70.5,2.8248740153350695
Kevin Spadanuda,2223,Ajaccio,FRA-Ligue 1,"MF,FW",25.0,1063,0,Defensive Anchor,12.6,12.6,3.8379539243912713
Mathieu Coutadeur,2223,Ajaccio,FRA-Ligue 1,MF,36.0,1947,0,Defensive Anchor,43.8,43.8,3.112991355245422
Mickaël Barreto,2223,Ajaccio,FRA-Ligue 1,MF,31.0,1325,3,Box-to-Box Engine,88.1,88.1,2.4752885815477286
Riad Nouri,2223,Ajaccio,FRA-Ligue 1,"MF,FW",37.0,1693,1,Ball Progressor,53.5,53.5,3.2395805633011645
Thomas Mangani,2223,Ajaccio,FRA-Ligue 1,MF,35.0,1332,3,Box-to-Box Engine,85.9,85.9,2.5357154957195727
Vincent Marchetti,2223,Ajaccio,FRA-Ligue 1,MF,25.0,2452,1,Ball Progressor,51.0,51.0,3.3015320847530214
Youcef Belaïli,2223,Ajaccio,FRA-Ligue 1,"MF,FW",30.0,1150,2,Creative Playmaker,53.8,53.8,4.126418531536117
Adrien Hunou,2223,Angers,FRA-Ligue 1,"MF,FW",28.0,2234,1,Ball Progressor,72.6,72.6,2.772881959122894
Azzedine Ounahi,2223,Angers,FRA-Ligue 1,"MF,FW",22.0,1129,2,Creative Playmaker,51.8,51.8,4.199294018497581
Batista Mendy,2223,Angers,FRA-Ligue 1,"MF,DF",22.0,2859,0,Defensive Anchor,69.4,69.4,2.5190025014956468
Himad Abdelli,2223,Angers,FRA-Ligue 1,"MF,FW",22.0,2137,3,Box-to-Box Engine,92.6,92.6,2.348751103946842
Nabil Bentaleb,2223,Angers,FRA-Ligue 1,MF,27.0,2489,3,Box-to-Box Engine,86.1,86.1,2.5293468955117038
Pierrick Capelle,2223,Angers,FRA-Ligue 1,"MF,DF",35.0,1428,0,Defensive Anchor,83.2,83.2,2.196904568572204
Birama Touré,2223,Auxerre,FRA-Ligue 1,MF,30.0,3400,0,Defensive Anchor,92.5,92.5,1.9828197876471796
Gauthier Hein,2223,Auxerre,FRA-Ligue 1,"MF,FW",25.0,1874,1,Ball Progressor,44.9,44.9,3.4518807722798406
Gaëtan Perrin,2223,Auxerre,FRA-Ligue 1,"MF,FW",26.0,1391,1,Ball Progressor,78.9,78.9,2.6195931047948346
Hamza Sakhi,2223,Auxerre,FRA-Ligue 1,MF,26.0,1658,3,Box-to-Box Engine,71.4,71.4,2.938987192576746
Han-Noah Massengo,2223,Auxerre,FRA-Ligue 1,MF,21.0,1116,1,Ball Progressor,71.8,71.8,2.7932449588244843
Lassine Sinayoko,2223,Auxerre,FRA-Ligue 1,"MF,FW",22.0,1570,1,Ball Progressor,52.1,52.1,3.2743505483368964
Mathias Autret,2223,Auxerre,FRA-Ligue 1,"MF,FW",31.0,1290,1,Ball Progressor,87.4,87.4,2.4094162212297454
Youssouf M'Changama,2223,Auxerre,FRA-Ligue 1,MF,31.0,1081,0,Defensive Anchor,48.7,48.7,2.998082290971751
Haris Belkebla,2223,Brest,FRA-Ligue 1,MF,28.0,2656,0,Defensive Anchor,71.5,71.5,2.469736579425187
Hugo Magnetti,2223,Brest,FRA-Ligue 1,MF,24.0,1688,0,Defensive Anchor,83.8,83.8,2.184680287890813
Jérémy Le Douaron,2223,Brest,FRA-Ligue 1,"MF,FW",24.0,2071,1,Ball Progressor,0.0,0.0,4.875644190193843
Mahdi Camara,2223,Brest,FRA-Ligue 1,MF,24.0,1820,0,Defensive Anchor,69.9,69.9,2.507724766403812
Mathias Pereira Lage,2223,Brest,FRA-Ligue 1,"MF,FW",25.0,1264,1,Ball Progressor,71.1,71.1,2.8086615262960555
Pierre Lees-Melou,2223,Brest,FRA-Ligue 1,MF,29.0,2767,0,Defensive Anchor,30.7,30.7,3.4176132992415944
Romain Del Castillo,2223,Brest,FRA-Ligue 1,"MF,FW",26.0,1422,2,Creative Playmaker,69.8,69.8,3.551175119283037
Elba Rashani,2223,Clermont Foot,FRA-Ligue 1,"MF,FW",29.0,2162,1,Ball Progressor,92.8,92.8,2.2774816907989996
Johan Gastien,2223,Clermont Foot,FRA-Ligue 1,MF,34.0,2603,3,Box-to-Box Engine,82.3,82.3,2.634981968367823
Maxime Gonalons,2223,Clermont Foot,FRA-Ligue 1,MF,33.0,1449,0,Defensive Anchor,72.8,72.8,2.4400921280545713
Muhammed Cham,2223,Clermont Foot,FRA-Ligue 1,MF,21.0,1968,2,Creative Playmaker,98.1,98.1,2.5290725154397182
Saîf-Eddine Khaoui,2223,Clermont Foot,FRA-Ligue 1,MF,27.0,2027,1,Ball Progressor,63.4,63.4,2.9970384664691467
Yohann Magnin,2223,Clermont Foot,FRA-Ligue 1,MF,25.0,2399,0,Defensive Anchor,23.5,23.5,3.5830547690159174
Adrien Thomasson,2223,Lens,FRA-Ligue 1,"MF,FW",28.0,1278,1,Ball Progressor,38.5,38.5,3.6070570249243112
Adrien Thomasson,2223,Lens,FRA-Ligue 1,"MF,FW",28.0,937,1,Ball Progressor,38.5,38.5,3.6070570249243112
Christopher Wooh,2223,Lens,FRA-Ligue 1,MF,20.0,1006,0,Defensive Anchor,68.9,68.9,2.529201435212877
David Costa,2223,Lens,FRA-Ligue 1,"MF,FW",21.0,1407,2,Creative Playmaker,81.0,81.0,3.1475487907182518
Florian Sotoca,2223,Lens,FRA-Ligue 1,"MF,FW",31.0,3054,2,Creative Playmaker,73.9,73.9,3.404302740014919
Salis Abdul Samed,2223,Lens,FRA-Ligue 1,MF,22.0,2894,0,Defensive Anchor,82.6,82.6,2.2116952471505678
Seko Fofana,2223,Lens,FRA-Ligue 1,MF,27.0,3073,1,Ball Progressor,27.1,27.1,3.88725055479904
André Gomes,2223,Lille,FRA-Ligue 1,MF,29.0,1629,3,Box-to-Box Engine,85.0,85.0,2.5595892731282466
Angel Gomes,2223,Lille,FRA-Ligue 1,MF,21.0,2816,1,Ball Progressor,63.3,63.3,2.9996024490931887
Benjamin André,2223,Lille,FRA-Ligue 1,MF,31.0,2916,3,Box-to-Box Engine,38.5,38.5,3.8556485386651644
Rémy Cabella,2223,Lille,FRA-Ligue 1,"MF,FW",32.0,2525,2,Creative Playmaker,51.0,51.0,4.229429021044183
Bonke Innocent,2223,Lorient,FRA-Ligue 1,MF,26.0,1182,0,Defensive Anchor,46.9,46.9,3.0417674453486483
Enzo Le Fée,2223,Lorient,FRA-Ligue 1,MF,22.0,3028,3,Box-to-Box Engine,62.1,62.1,3.197818381534273
Jean-Victor Makengo,2223,Lorient,FRA-Ligue 1,MF,24.0,1064,0,Defensive Anchor,42.8,42.8,3.1359334488421906
Julien Ponceau,2223,Lorient,FRA-Ligue 1,MF,21.0,1655,1,Ball Progressor,72.1,72.1,2.783993322844743
Laurent Abergel,2223,Lorient,FRA-Ligue 1,MF,29.0,2342,0,Defensive Anchor,41.7,41.7,3.160465814742497
Romain Faivre,2223,Lorient,FRA-Ligue 1,"MF,FW",24.0,1246,2,Creative Playmaker,52.3,52.3,4.182155830880988
Théo Le Bris,2223,Lorient,FRA-Ligue 1,"MF,DF",19.0,1452,1,Ball Progressor,86.3,86.3,2.4365527704946133
Corentin Tolisso,2223,Lyon,FRA-Ligue 1,MF,27.0,2036,3,Box-to-Box Engine,36.6,36.6,3.9080554803491254
Johann Lepenant,2223,Lyon,FRA-Ligue 1,MF,19.0,1933,0,Defensive Anchor,72.5,72.5,2.447115366742426
Lucas Paquetá,2223,Lyon,FRA-Ligue 1,MF,24.0,2151,2,Creative Playmaker,19.1,19.1,5.37808613745211
Maxence Caqueret,2223,Lyon,FRA-Ligue 1,MF,22.0,2767,3,Box-to-Box Engine,80.5,80.5,2.6848831301512743
Rayan Cherki,2223,Lyon,FRA-Ligue 1,"MF,FW",18.0,1872,2,Creative Playmaker,0.0,0.0,6.104349753296121
Romain Faivre,2223,Lyon,FRA-Ligue 1,MF,24.0,1246,2,Creative Playmaker,18.8,18.8,5.392265050737428
Thiago Mendes,2223,Lyon,FRA-Ligue 1,"MF,DF",30.0,2063,3,Box-to-Box Engine,44.0,44.0,3.7027262633171167
Azzedine Ounahi,2223,Marseille,FRA-Ligue 1,"MF,FW",22.0,1129,2,Creative Playmaker,0.0,0.0,7.915262402802738
Cengiz Ünder,2223,Marseille,FRA-Ligue 1,"MF,DF",25.0,2490,2,Creative Playmaker,91.0,91.0,2.784695287772877
Jordan Veretout,2223,Marseille,FRA-Ligue 1,MF,29.0,2863,3,Box-to-Box Engine,100.0,100.0,2.11131497112176
Mattéo Guendouzi,2223,Marseille,FRA-Ligue 1,MF,23.0,2108,3,Box-to-Box Engine,62.3,62.3,3.191327371409302
Pape Gueye,2223,Marseille,FRA-Ligue 1,"MF,DF",23.0,1171,3,Box-to-Box Engine,8.0,8.0,4.704527618816379
Ruslan Malinovskyi,2223,Marseille,FRA-Ligue 1,"MF,FW",29.0,1227,1,Ball Progressor,77.5,77.5,2.652553053343549
Valentin Rongier,2223,Marseille,FRA-Ligue 1,MF,27.0,3032,3,Box-to-Box Engine,82.0,82.0,2.642863978292507
Aleksandr Golovin,2223,Monaco,FRA-Ligue 1,"MF,FW",26.0,2464,2,Creative Playmaker,100.0,100.0,2.4040027189080693
Eliot Matazo,2223,Monaco,FRA-Ligue 1,MF,20.0,1175,0,Defensive Anchor,44.0,44.0,3.1091133553615484
Krépin Diatta,2223,Monaco,FRA-Ligue 1,"MF,FW",23.0,2072,1,Ball Progressor,37.2,37.2,3.6385400310076226
Mohamed Camara,2223,Monaco,FRA-Ligue 1,MF,22.0,2194,0,Defensive Anchor,32.8,32.8,3.368954869674289
Sofiane Diop,2223,Monaco,FRA-Ligue 1,MF,22.0,1228,2,Creative Playmaker,0.0,0.0,10.285461781763402
Youssouf Fofana,2223,Monaco,FRA-Ligue 1,MF,23.0,3086,3,Box-to-Box Engine,94.1,94.1,2.307993369073953
Jordan Ferri,2223,Montpellier,FRA-Ligue 1,MF,30.0,2738,3,Box-to-Box Engine,65.7,65.7,3.0990920086226317
Joris Chotard,2223,Montpellier,FRA-Ligue 1,MF,20.0,2461,0,Defensive Anchor,87.0,87.0,2.1090034745872472
Léo Leroy,2223,Montpellier,FRA-Ligue 1,MF,22.0,1192,0,Defensive Anchor,2.4,2.4,4.074988124818353
Téji Savanier,2223,Montpellier,FRA-Ligue 1,MF,30.0,2546,2,Creative Playmaker,68.7,68.7,3.592356868676188
Florent Mollet,2223,Nantes,FRA-Ligue 1,MF,30.0,1089,1,Ball Progressor,75.0,75.0,2.71337816922919
Ludovic Blas,2223,Nantes,FRA-Ligue 1,"MF,FW",24.0,2813,2,Creative Playmaker,91.9,91.9,2.7528613512106066
Moussa Sissoko,2223,Nantes,FRA-Ligue 1,MF,32.0,1918,0,Defensive Anchor,46.5,46.5,3.0509547471356697
Pedro Chirivella,2223,Nantes,FRA-Ligue 1,MF,25.0,2028,0,Defensive Anchor,50.3,50.3,2.9609668269112452
Samuel Moutoussamy,2223,Nantes,FRA-Ligue 1,MF,25.0,2399,0,Defensive Anchor,72.6,72.6,2.443968589076675
Aaron Ramsey,2223,Nice,FRA-Ligue 1,MF,31.0,1584,3,Box-to-Box Engine,97.1,97.1,2.222867039617302
Hicham Boudaoui,2223,Nice,FRA-Ligue 1,MF,22.0,1875,3,Box-to-Box Engine,65.4,65.4,3.105513625849253
Khéphren Thuram,2223,Nice,FRA-Ligue 1,MF,21.0,2547,3,Box-to-Box Engine,73.5,73.5,2.880410966818066
Mario Lemina,2223,Nice,FRA-Ligue 1,"MF,DF",28.0,1299,0,Defensive Anchor,35.6,35.6,3.3034909577372
Pablo Rosario,2223,Nice,FRA-Ligue 1,"MF,DF",25.0,1767,0,Defensive Anchor,50.3,50.3,2.9607408933130253
Ross Barkley,2223,Nice,FRA-Ligue 1,"MF,FW",28.0,960,2,Creative Playmaker,66.5,66.5,3.668560641676948
Sofiane Diop,2223,Nice,FRA-Ligue 1,"MF,FW",22.0,1228,2,Creative Playmaker,67.6,67.6,3.629529956404936
Carlos Soler,2223,Paris S-G,FRA-Ligue 1,MF,25.0,1187,1,Ball Progressor,61.7,61.7,3.038841787250953
Fabián Ruiz Peña,2223,Paris S-G,FRA-Ligue 1,MF,26.0,1892,3,Box-to-Box Engine,75.7,75.7,2.8199625396668013
Leandro Paredes,2223,Paris S-G,FRA-Ligue 1,MF,28.0,977,3,Box-to-Box Engine,0.0,0.0,7.742199125258847
Marco Verratti,2223,Paris S-G,FRA-Ligue 1,MF,29.0,2194,3,Box-to-Box Engine,6.9,6.9,4.734769333711046
Neymar,2223,Paris S-G,FRA-Ligue 1,"MF,FW",30.0,1545,2,Creative Playmaker,0.0,0.0,7.1795107461957794
Vitinha,2223,Paris S-G,FRA-Ligue 1,MF,22.0,2446,3,Box-to-Box Engine,91.8,91.8,2.3717557246404493
Warren Zaïre-Emery,2223,Paris S-G,FRA-Ligue 1,"MF,DF",16.0,929,1,Ball Progressor,43.2,43.2,3.4937662471686046
Azor Matusiwa,2223,Reims,FRA-Ligue 1,MF,24.0,2484,3,Box-to-Box Engine,64.1,64.1,3.143535304274348
Dion Lopy,2223,Reims,FRA-Ligue 1,MF,20.0,1379,0,Defensive Anchor,26.5,26.5,3.51384607361318
Jens Cajuste,2223,Reims,FRA-Ligue 1,MF,22.0,1530,3,Box-to-Box Engine,69.7,69.7,2.9870239181859732
Kamory Doumbia,2223,Reims,FRA-Ligue 1,MF,19.0,1155,1,Ball Progressor,57.1,57.1,3.151213596739068
Marshall Munetsi,2223,Reims,FRA-Ligue 1,MF,26.0,2700,1,Ball Progressor,61.5,61.5,3.0445524674294995
Baptiste Santamaria,2223,Rennes,FRA-Ligue 1,MF,27.0,1813,3,Box-to-Box Engine,60.5,60.5,3.242504778022869
Benjamin Bourigeaud,2223,Rennes,FRA-Ligue 1,"MF,FW",28.0,3065,2,Creative Playmaker,66.6,66.6,3.666701620001293
Désiré Doué,2223,Rennes,FRA-Ligue 1,"MF,FW",17.0,1115,1,Ball Progressor,60.6,60.6,3.066286233023168
Flavien Tait,2223,Rennes,FRA-Ligue 1,MF,29.0,1680,3,Box-to-Box Engine,87.4,87.4,2.4945577496115856
Jeremy Doku,2223,Rennes,FRA-Ligue 1,"MF,FW",20.0,1291,2,Creative Playmaker,26.6,26.6,5.107790770415583
Lesley Ugochukwu,2223,Rennes,FRA-Ligue 1,MF,18.0,1330,0,Defensive Anchor,71.7,71.7,2.465921783940804
Lovro Majer,2223,Rennes,FRA-Ligue 1,"MF,FW",24.0,1668,2,Creative Playmaker,71.7,71.7,3.4830700981810376
Serhou Guirassy,2223,Rennes,FRA-Ligue 1,MF,26.0,1646,1,Ball Progressor,0.0,0.0,8.661353487572548
Adrien Thomasson,2223,Strasbourg,FRA-Ligue 1,MF,28.0,1278,1,Ball Progressor,30.1,30.1,3.812309217871682
Adrien Thomasson,2223,Strasbourg,FRA-Ligue 1,MF,28.0,937,1,Ball Progressor,30.1,30.1,3.812309217871682
Habib Diarra,2223,Strasbourg,FRA-Ligue 1,"MF,FW",18.0,1626,1,Ball Progressor,83.2,83.2,2.5125308898182355
Ibrahima Sissoko,2223,Strasbourg,FRA-Ligue 1,MF,24.0,1310,0,Defensive Anchor,57.8,57.8,2.7869097322267744
Jean-Eudes Aholou,2223,Strasbourg,FRA-Ligue 1,MF,28.0,1300,0,Defensive Anchor,61.9,61.9,2.6913810494175525
Jean-Ricner Bellegarde,2223,Strasbourg,FRA-Ligue 1,"MF,FW",24.0,2419,2,Creative Playmaker,80.0,80.0,3.182923725741866
Morgan Sanson,2223,Strasbourg,FRA-Ligue 1,MF,27.0,1419,1,Ball Progressor,67.0,67.0,2.91047537593984
Sanjin Prcić,2223,Strasbourg,FRA-Ligue 1,MF,28.0,1633,0,Defensive Anchor,46.6,46.6,3.0471237072411137
Branco van den Boomen,2223,Toulouse,FRA-Ligue 1,MF,27.0,2888,2,Creative Playmaker,52.6,52.6,4.172888798949947
Brecht Dejaegere,2223,Toulouse,FRA-Ligue 1,MF,31.0,1809,1,Ball Progressor,100.0,100.0,1.6932564451855134
Stijn Spierings,2223,Toulouse,FRA-Ligue 1,MF,26.0,3120,0,Defensive Anchor,37.5,37.5,3.259130802779919
Florian Tardieu,2223,Troyes,FRA-Ligue 1,MF,30.0,1009,3,Box-to-Box Engine,50.4,50.4,3.52315154938609
Lucien Agoume,2223,Troyes,FRA-Ligue 1,MF,20.0,1094,3,Box-to-Box Engine,36.0,36.0,3.9239740299264922
Rominigue Kouamé,2223,Troyes,FRA-Ligue 1,MF,25.0,2661,0,Defensive Anchor,57.0,57.0,2.8065944165227776
Rony Lopes,2223,Troyes,FRA-Ligue 1,"MF,FW",26.0,2346,1,Ball Progressor,75.2,75.2,2.709170189094401
Wilson Odobert,2223,Troyes,FRA-Ligue 1,"MF,FW",17.0,1764,1,Ball Progressor,45.0,45.0,3.4486702592153584
Xavier Chavalerin,2223,Troyes,FRA-Ligue 1,MF,31.0,2426,0,Defensive Anchor,95.8,95.8,1.9062377890119406
Hugo Magnetti,2324,Brest,FRA-Ligue 1,MF,25.0,2340,0,Defensive Anchor,69.2,69.2,2.5240066289357257
Jonas Martin,2324,Brest,FRA-Ligue 1,MF,33.0,1208,3,Box-to-Box Engine,49.5,49.5,3.548386106220498
Mahdi Camara,2324,Brest,FRA-Ligue 1,MF,25.0,2020,1,Ball Progressor,73.4,73.4,2.754331067938774
Pierre Lees-Melou,2324,Brest,FRA-Ligue 1,MF,30.0,2517,3,Box-to-Box Engine,42.3,42.3,3.7507975026625417
Elba Rashani,2324,Clermont Foot,FRA-Ligue 1,"MF,FW",30.0,1175,1,Ball Progressor,53.6,53.6,3.2375886394235804
Habib Keita,2324,Clermont Foot,FRA-Ligue 1,MF,21.0,1278,0,Defensive Anchor,71.5,71.5,2.4689594283482665
Jim Allevinah,2324,Clermont Foot,FRA-Ligue 1,"MF,DF",28.0,1861,1,Ball Progressor,72.5,72.5,2.775004895120685
Johan Gastien,2324,Clermont Foot,FRA-Ligue 1,MF,35.0,2260,3,Box-to-Box Engine,73.7,73.7,2.875253963651571
Maxime Gonalons,2324,Clermont Foot,FRA-Ligue 1,MF,34.0,1296,0,Defensive Anchor,79.4,79.4,2.2858056594759857
Muhammed Cham,2324,Clermont Foot,FRA-Ligue 1,"MF,FW",22.0,2554,2,Creative Playmaker,90.5,90.5,2.804023074577131
Yohann Magnin,2324,Clermont Foot,FRA-Ligue 1,MF,26.0,1687,0,Defensive Anchor,45.4,45.4,3.076242783512991
Abdoulaye Touré,2324,Le Havre,FRA-Ligue 1,MF,29.0,2284,0,Defensive Anchor,93.6,93.6,1.9556683775129717
Daler Kuzyaev,2324,Le Havre,FRA-Ligue 1,MF,30.0,2090,1,Ball Progressor,83.7,83.7,2.5022362967373026
Nabil Alioui,2324,Le Havre,FRA-Ligue 1,"MF,FW",24.0,1009,2,Creative Playmaker,51.2,51.2,4.220322380894091
Oussama Targhalline,2324,Le Havre,FRA-Ligue 1,MF,21.0,1025,3,Box-to-Box Engine,55.4,55.4,3.3841839231501676
Yassine Kechta,2324,Le Havre,FRA-Ligue 1,MF,21.0,1849,1,Ball Progressor,53.4,53.4,3.241871524829013
Adrien Thomasson,2324,Lens,FRA-Ligue 1,MF,29.0,1193,2,Creative Playmaker,61.4,61.4,3.8540613542374014
Andy Diouf,2324,Lens,FRA-Ligue 1,MF,20.0,1314,3,Box-to-Box Engine,37.4,37.4,3.8848095994905196
Angelo Fulgini,2324,Lens,FRA-Ligue 1,MF,26.0,1376,2,Creative Playmaker,77.6,77.6,3.271114467047887
David Costa,2324,Lens,FRA-Ligue 1,MF,22.0,1494,2,Creative Playmaker,100.0,100.0,2.3783396898791875
Florian Sotoca,2324,Lens,FRA-Ligue 1,"MF,FW",32.0,2598,2,Creative Playmaker,65.7,65.7,3.6975105115725966
Nampalys Mendy,2324,Lens,FRA-Ligue 1,MF,31.0,1052,3,Box-to-Box Engine,61.5,61.5,3.213570896539775
Neil El Aynaoui,2324,Lens,FRA-Ligue 1,MF,22.0,1566,0,Defensive Anchor,80.0,80.0,2.273076768550669
Salis Abdul Samed,2324,Lens,FRA-Ligue 1,MF,23.0,1519,0,Defensive Anchor,19.4,19.4,3.6783625164239253
Stijn Spierings,2324,Lens,FRA-Ligue 1,MF,27.0,1516,0,Defensive Anchor,11.0,11.0,3.8753146346215486
Angel Gomes,2324,Lille,FRA-Ligue 1,MF,22.0,2571,3,Box-to-Box Engine,46.3,46.3,3.639013503457468
Benjamin André,2324,Lille,FRA-Ligue 1,MF,32.0,2570,0,Defensive Anchor,42.3,42.3,3.1485134578843468
Carlos Baleba,2324,Lille,FRA-Ligue 1,MF,19.0,1325,0,Defensive Anchor,0.0,0.0,5.891528119039884
Nabil Bentaleb,2324,Lille,FRA-Ligue 1,MF,28.0,1967,0,Defensive Anchor,62.3,62.3,2.682283639590538
Yusuf Yazıcı,2324,Lille,FRA-Ligue 1,"MF,FW",26.0,1312,1,Ball Progressor,35.6,35.6,3.6796935939059137
Julien Ponceau,2324,Lorient,FRA-Ligue 1,MF,22.0,2244,2,Creative Playmaker,69.5,69.5,3.560401139250862
Laurent Abergel,2324,Lorient,FRA-Ligue 1,MF,30.0,2860,3,Box-to-Box Engine,86.2,86.2,2.526726632413185
Romain Faivre,2324,Lorient,FRA-Ligue 1,"MF,FW",25.0,1453,2,Creative Playmaker,64.6,64.6,3.738456365750602
Tiemoué Bakayoko,2324,Lorient,FRA-Ligue 1,MF,28.0,1314,0,Defensive Anchor,50.3,50.3,2.961503299513091
Tosin Aiyegun,2324,Lorient,FRA-Ligue 1,"MF,FW",25.0,902,1,Ball Progressor,17.9,17.9,4.111283433458865
Corentin Tolisso,2324,Lyon,FRA-Ligue 1,MF,28.0,1741,3,Box-to-Box Engine,77.6,77.6,2.7659142276467508
Maxence Caqueret,2324,Lyon,FRA-Ligue 1,MF,23.0,3022,3,Box-to-Box Engine,83.0,83.0,2.6161806618132526
Nemanja Matić,2324,Lyon,FRA-Ligue 1,MF,34.0,1254,3,Box-to-Box Engine,55.0,55.0,3.3948453900572
Nemanja Matić,2324,Lyon,FRA-Ligue 1,MF,34.0,1027,3,Box-to-Box Engine,55.0,55.0,3.3948453900572
Orel Mangala,2324,Lyon,FRA-Ligue 1,MF,25.0,1563,1,Ball Progressor,22.0,22.0,4.012394403148919
Rayan Cherki,2324,Lyon,FRA-Ligue 1,"MF,FW",19.0,1719,2,Creative Playmaker,46.2,46.2,4.401077230912067
Amine Harit,2324,Marseille,FRA-Ligue 1,"MF,FW",26.0,1821,2,Creative Playmaker,82.6,82.6,3.089920632218954
Azzedine Ounahi,2324,Marseille,FRA-Ligue 1,MF,23.0,1209,1,Ball Progressor,16.6,16.6,4.142921418460358
Geoffrey Kondogbia,2324,Marseille,FRA-Ligue 1,MF,30.0,1463,0,Defensive Anchor,62.5,62.5,2.679196438850432
Jordan Veretout,2324,Marseille,FRA-Ligue 1,MF,30.0,2183,3,Box-to-Box Engine,55.0,55.0,3.3952864079582423
Mattéo Guendouzi,2324,Marseille,FRA-Ligue 1,MF,24.0,2367,2,Creative Playmaker,0.0,0.0,9.660341908984554
Ablie Jallow,2324,Metz,FRA-Ligue 1,"MF,FW",24.0,918,1,Ball Progressor,33.9,33.9,3.7210733271761596
Arthur Atta,2324,Metz,FRA-Ligue 1,"MF,FW",20.0,924,1,Ball Progressor,80.8,80.8,2.572462098303261
Danley Jean-Jacques,2324,Metz,FRA-Ligue 1,MF,23.0,2682,0,Defensive Anchor,47.8,47.8,3.0204211035060116
Kévin N'Doram,2324,Metz,FRA-Ligue 1,MF,27.0,1604,0,Defensive Anchor,30.2,30.2,3.4283034885540635
Lamine Camara,2324,Metz,FRA-Ligue 1,MF,19.0,2255,1,Ball Progressor,49.0,49.0,3.351620332828072
Aleksandr Golovin,2324,Monaco,FRA-Ligue 1,"MF,FW",27.0,2147,2,Creative Playmaker,77.7,77.7,3.2675689693641994
Denis Zakaria,2324,Monaco,FRA-Ligue 1,"MF,DF",26.0,2137,0,Defensive Anchor,57.2,57.2,2.8006122809279708
Maghnes Akliouche,2324,Monaco,FRA-Ligue 1,"MF,FW",21.0,1613,2,Creative Playmaker,95.1,95.1,2.638017031263508
Mohamed Camara,2324,Monaco,FRA-Ligue 1,MF,23.0,1035,3,Box-to-Box Engine,69.4,69.4,2.993873995231888
Takumi Minamino,2324,Monaco,FRA-Ligue 1,MF,28.0,2117,2,Creative Playmaker,79.2,79.2,3.210282517280471
Youssouf Fofana,2324,Monaco,FRA-Ligue 1,MF,24.0,2697,3,Box-to-Box Engine,100.0,100.0,1.8927950127134687
Jordan Ferri,2324,Montpellier,FRA-Ligue 1,MF,31.0,2031,3,Box-to-Box Engine,77.1,77.1,2.779969412135215
Joris Chotard,2324,Montpellier,FRA-Ligue 1,MF,21.0,2587,0,Defensive Anchor,47.7,47.7,3.021489186854239
Téji Savanier,2324,Montpellier,FRA-Ligue 1,MF,31.0,2765,2,Creative Playmaker,57.9,57.9,3.981555678090223
Douglas,2324,Nantes,FRA-Ligue 1,MF,26.0,1772,0,Defensive Anchor,26.4,26.4,3.516623427306726
Florent Mollet,2324,Nantes,FRA-Ligue 1,"MF,FW",31.0,2083,1,Ball Progressor,85.8,85.8,2.4504816539745176
Moussa Sissoko,2324,Nantes,FRA-Ligue 1,MF,33.0,1821,1,Ball Progressor,51.0,51.0,3.3017228519659234
Pedro Chirivella,2324,Nantes,FRA-Ligue 1,MF,26.0,2594,0,Defensive Anchor,65.7,65.7,2.6051854473551637
Samuel Moutoussamy,2324,Nantes,FRA-Ligue 1,MF,26.0,1107,0,Defensive Anchor,52.4,52.4,2.9119853166847642
Hicham Boudaoui,2324,Nice,FRA-Ligue 1,MF,23.0,1613,1,Ball Progressor,100.0,100.0,1.9806983645576015
Khéphren Thuram,2324,Nice,FRA-Ligue 1,MF,22.0,2108,3,Box-to-Box Engine,76.9,76.9,2.787367028732373
Morgan Sanson,2324,Nice,FRA-Ligue 1,MF,28.0,1964,1,Ball Progressor,91.5,91.5,2.3104234444946625
Pablo Rosario,2324,Nice,FRA-Ligue 1,"MF,DF",26.0,2009,0,Defensive Anchor,78.1,78.1,2.3166964129212366
Youssouf Ndayishimiye,2324,Nice,FRA-Ligue 1,"MF,DF",24.0,1712,0,Defensive Anchor,25.3,25.3,3.5423388439714243
Carlos Soler,2324,Paris S-G,FRA-Ligue 1,"MF,DF",26.0,1090,1,Ball Progressor,56.9,56.9,3.1564582923220326
Fabián Ruiz Peña,2324,Paris S-G,FRA-Ligue 1,MF,27.0,1197,3,Box-to-Box Engine,83.2,83.2,2.611232447329151
Manuel Ugarte,2324,Paris S-G,FRA-Ligue 1,MF,22.0,1932,0,Defensive Anchor,33.6,33.6,3.348968833523678
Marco Asensio,2324,Paris S-G,FRA-Ligue 1,"MF,FW",27.0,1113,2,Creative Playmaker,93.8,93.8,2.6859022438684033
Ousmane Dembélé,2324,Paris S-G,FRA-Ligue 1,"MF,FW",26.0,1506,2,Creative Playmaker,0.0,0.0,6.234012411906612
Vitinha,2324,Paris S-G,FRA-Ligue 1,MF,23.0,923,3,Box-to-Box Engine,44.6,44.6,3.68680856493339
Vitinha,2324,Paris S-G,FRA-Ligue 1,MF,23.0,2126,3,Box-to-Box Engine,44.6,44.6,3.68680856493339
Warren Zaïre-Emery,2324,Paris S-G,FRA-Ligue 1,"MF,DF",17.0,1962,3,Box-to-Box Engine,57.7,57.7,3.321053710424213
Amir Richardson,2324,Reims,FRA-Ligue 1,MF,21.0,1352,0,Defensive Anchor,38.9,38.9,3.2261331489626808
Azor Matusiwa,2324,Reims,FRA-Ligue 1,MF,25.0,1385,0,Defensive Anchor,61.0,61.0,2.7143243624168902
Marshall Munetsi,2324,Reims,FRA-Ligue 1,MF,27.0,2173,1,Ball Progressor,29.5,29.5,3.8270680669515005
Teddy Teuma,2324,Reims,FRA-Ligue 1,MF,29.0,2113,3,Box-to-Box Engine,74.1,74.1,2.865486000374403
Azor Matusiwa,2324,Rennes,FRA-Ligue 1,MF,25.0,1385,0,Defensive Anchor,24.6,24.6,3.5584716905806237
Baptiste Santamaria,2324,Rennes,FRA-Ligue 1,MF,28.0,1926,0,Defensive Anchor,70.2,70.2,2.4988139197716914
Benjamin Bourigeaud,2324,Rennes,FRA-Ligue 1,"MF,FW",29.0,2425,2,Creative Playmaker,76.1,76.1,3.324058058487355
Désiré Doué,2324,Rennes,FRA-Ligue 1,"MF,FW",18.0,1626,2,Creative Playmaker,69.3,69.3,3.5702081458897013
Enzo Le Fée,2324,Rennes,FRA-Ligue 1,MF,23.0,1527,3,Box-to-Box Engine,80.3,80.3,2.6912929360239635
Lovro Majer,2324,Rennes,FRA-Ligue 1,MF,25.0,2106,2,Creative Playmaker,0.0,0.0,8.927839003794801
Nemanja Matić,2324,Rennes,FRA-Ligue 1,MF,34.0,1254,3,Box-to-Box Engine,25.9,25.9,4.20478717891473
Nemanja Matić,2324,Rennes,FRA-Ligue 1,MF,34.0,1027,3,Box-to-Box Engine,25.9,25.9,4.20478717891473
Habib Diarra,2324,Strasbourg,FRA-Ligue 1,"MF,FW",19.0,2305,1,Ball Progressor,100.0,100.0,1.949827539210814
Ibrahima Sissoko,2324,Strasbourg,FRA-Ligue 1,MF,25.0,1642,0,Defensive Anchor,100.0,100.0,1.5518017204916534
Ismaël Doukouré,2324,Strasbourg,FRA-Ligue 1,"MF,DF",20.0,1656,0,Defensive Anchor,73.3,73.3,2.4281376575839104
Jean-Ricner Bellegarde,2324,Strasbourg,FRA-Ligue 1,"MF,FW",25.0,958,2,Creative Playmaker,0.0,0.0,6.834604698242976
Junior Mwanga,2324,Strasbourg,FRA-Ligue 1,"MF,FW",20.0,1450,0,Defensive Anchor,94.7,94.7,1.930404062026849
Cristian Cásseres Jr.,2324,Toulouse,FRA-Ligue 1,MF,23.0,1946,0,Defensive Anchor,82.6,82.6,2.210793207318517
Niklas Schmidt,2324,Toulouse,FRA-Ligue 1,MF,25.0,1269,3,Box-to-Box Engine,85.8,85.8,2.539494745864674
Stijn Spierings,2324,Toulouse,FRA-Ligue 1,MF,27.0,1516,3,Box-to-Box Engine,42.6,42.6,3.7414449431230365
Vincent Sierro,2324,Toulouse,FRA-Ligue 1,MF,27.0,2261,1,Ball Progressor,68.5,68.5,2.874008252084392
Yann Gboho,2324,Toulouse,FRA-Ligue 1,"MF,FW",22.0,1193,1,Ball Progressor,21.8,21.8,4.017729075063912
Haris Belkebla,2425,Angers,FRA-Ligue 1,MF,30.0,1792,0,Defensive Anchor,42.5,42.5,3.142878306111434
Himad Abdelli,2425,Angers,FRA-Ligue 1,"MF,FW",24.0,2842,3,Box-to-Box Engine,62.1,62.1,3.1976020341340976
Jean-Eudes Aholou,2425,Angers,FRA-Ligue 1,MF,30.0,1959,0,Defensive Anchor,74.5,74.5,2.3994748223270888
Yassin Belkhdim,2425,Angers,FRA-Ligue 1,MF,22.0,1523,0,Defensive Anchor,0.0,0.0,4.406567601263955
Ado Onaiwu,2425,Auxerre,FRA-Ligue 1,"MF,FW",28.0,957,1,Ball Progressor,24.3,24.3,3.956309368522545
Elisha Owusu,2425,Auxerre,FRA-Ligue 1,MF,26.0,2344,0,Defensive Anchor,63.1,63.1,2.6639452008237607
Gaëtan Perrin,2425,Auxerre,FRA-Ligue 1,"MF,FW",28.0,2691,2,Creative Playmaker,74.3,74.3,3.3880955648116333
Hamed Junior Traorè,2425,Auxerre,FRA-Ligue 1,MF,24.0,2093,1,Ball Progressor,34.4,34.4,3.7081185816680966
Han-Noah Massengo,2425,Auxerre,FRA-Ligue 1,MF,23.0,1046,0,Defensive Anchor,54.4,54.4,2.8661721202639145
Kévin Danois,2425,Auxerre,FRA-Ligue 1,MF,20.0,1460,3,Box-to-Box Engine,80.3,80.3,2.6903494860703088
Edimilson Fernandes,2425,Brest,FRA-Ligue 1,"MF,DF",28.0,1105,0,Defensive Anchor,59.9,59.9,2.7379317358499256
Hugo Magnetti,2425,Brest,FRA-Ligue 1,MF,26.0,2323,0,Defensive Anchor,51.2,51.2,2.9408816192835063
Kamory Doumbia,2425,Brest,FRA-Ligue 1,"MF,FW",21.0,1322,1,Ball Progressor,34.1,34.1,3.7164734840787785
Mahdi Camara,2425,Brest,FRA-Ligue 1,"MF,FW",26.0,2659,1,Ball Progressor,94.9,94.9,2.2280838456373315
Pierre Lees-Melou,2425,Brest,FRA-Ligue 1,MF,31.0,1526,3,Box-to-Box Engine,100.0,100.0,1.9188475613346268
Abdoulaye Touré,2425,Le Havre,FRA-Ligue 1,MF,30.0,2324,0,Defensive Anchor,0.0,0.0,4.435926702806921
Antoine Joujou,2425,Le Havre,FRA-Ligue 1,"MF,FW",21.0,943,1,Ball Progressor,6.2,6.2,4.398085804319833
Junior Mwanga,2425,Le Havre,FRA-Ligue 1,MF,21.0,952,0,Defensive Anchor,50.9,50.9,2.9490346717913667
Oussama Targhalline,2425,Le Havre,FRA-Ligue 1,MF,22.0,990,0,Defensive Anchor,28.5,28.5,3.468009300532601
Rassoul Ndiaye,2425,Le Havre,FRA-Ligue 1,MF,22.0,1061,0,Defensive Anchor,40.6,40.6,3.186941783609722
Yassine Kechta,2425,Le Havre,FRA-Ligue 1,"MF,FW",22.0,2096,1,Ball Progressor,81.3,81.3,2.5594345392395224
Adrien Thomasson,2425,Lens,FRA-Ligue 1,MF,30.0,2615,1,Ball Progressor,25.8,25.8,3.917950501168105
Andy Diouf,2425,Lens,FRA-Ligue 1,MF,21.0,2225,1,Ball Progressor,82.5,82.5,2.5307590435519702
Angelo Fulgini,2425,Lens,FRA-Ligue 1,"MF,FW",27.0,1045,2,Creative Playmaker,58.0,58.0,3.9747583113422866
Neil El Aynaoui,2425,Lens,FRA-Ligue 1,MF,23.0,1588,0,Defensive Anchor,0.0,0.0,5.200789452504786
André Gomes,2425,Lille,FRA-Ligue 1,MF,31.0,1276,3,Box-to-Box Engine,49.4,49.4,3.551333832025812
Ayyoub Bouaddi,2425,Lille,FRA-Ligue 1,MF,16.0,1151,0,Defensive Anchor,42.7,42.7,3.1373751229277773
Benjamin André,2425,Lille,FRA-Ligue 1,MF,33.0,2692,0,Defensive Anchor,38.2,38.2,3.243768543294661
Hákon Arnar Haraldsson,2425,Lille,FRA-Ligue 1,"MF,FW",21.0,1755,2,Creative Playmaker,88.2,88.2,2.888236934847829
Ngal'Ayel Mukau,2425,Lille,FRA-Ligue 1,MF,19.0,1190,0,Defensive Anchor,96.4,96.4,1.8911386766694684
Corentin Tolisso,2425,Lyon,FRA-Ligue 1,MF,29.0,2329,3,Box-to-Box Engine,27.8,27.8,4.15219334935925
Jordan Veretout,2425,Lyon,FRA-Ligue 1,MF,31.0,1553,1,Ball Progressor,76.1,76.1,2.68796944421326
Maxence Caqueret,2425,Lyon,FRA-Ligue 1,MF,24.0,1087,3,Box-to-Box Engine,19.8,19.8,4.375714176825775
Nemanja Matić,2425,Lyon,FRA-Ligue 1,MF,35.0,2010,3,Box-to-Box Engine,86.3,86.3,2.523153009848381
Orel Mangala,2425,Lyon,FRA-Ligue 1,MF,26.0,1261,3,Box-to-Box Engine,0.0,0.0,6.440706995232179
Tanner Tessmann,2425,Lyon,FRA-Ligue 1,MF,22.0,1234,0,Defensive Anchor,44.5,44.5,3.096597321341862
Thiago Almada,2425,Lyon,FRA-Ligue 1,"MF,FW",23.0,951,2,Creative Playmaker,59.3,59.3,3.9301346285157197
Adrien Rabiot,2425,Marseille,FRA-Ligue 1,MF,29.0,2485,1,Ball Progressor,47.8,47.8,3.3804326498101096
Pierre Højbjerg,2425,Marseille,FRA-Ligue 1,MF,28.0,2664,3,Box-to-Box Engine,57.6,57.6,3.323437229328568
Valentin Rongier,2425,Marseille,FRA-Ligue 1,"MF,DF",29.0,1562,3,Box-to-Box Engine,50.0,50.0,3.5340784444988125
Aleksandr Golovin,2425,Monaco,FRA-Ligue 1,"MF,FW",28.0,1153,2,Creative Playmaker,40.1,40.1,4.623583771491065
Denis Zakaria,2425,Monaco,FRA-Ligue 1,MF,27.0,2144,0,Defensive Anchor,38.7,38.7,3.232031101270497
Eliesse Ben Seghir,2425,Monaco,FRA-Ligue 1,"MF,FW",19.0,1750,2,Creative Playmaker,89.8,89.8,2.8279847830145246
Lamine Camara,2425,Monaco,FRA-Ligue 1,MF,20.0,2054,3,Box-to-Box Engine,72.9,72.9,2.8963476712399263
Soungoutou Magassa,2425,Monaco,FRA-Ligue 1,MF,20.0,1025,0,Defensive Anchor,43.1,43.1,3.12961480112199
Takumi Minamino,2425,Monaco,FRA-Ligue 1,"MF,FW",29.0,2231,1,Ball Progressor,33.7,33.7,3.725988930383681
Jordan Ferri,2425,Montpellier,FRA-Ligue 1,MF,32.0,1773,3,Box-to-Box Engine,59.0,59.0,3.285807023067174
Joris Chotard,2425,Montpellier,FRA-Ligue 1,MF,22.0,1892,0,Defensive Anchor,78.8,78.8,2.3009320983826553
Khalil Fayad,2425,Montpellier,FRA-Ligue 1,"MF,FW",20.0,1028,0,Defensive Anchor,66.7,66.7,2.581328402234233
Rabby Nzingoula,2425,Montpellier,FRA-Ligue 1,MF,18.0,1689,0,Defensive Anchor,67.6,67.6,2.5612522315064523
Téji Savanier,2425,Montpellier,FRA-Ligue 1,MF,32.0,2363,2,Creative Playmaker,54.2,54.2,4.114728545299073
Douglas,2425,Nantes,FRA-Ligue 1,MF,27.0,2307,0,Defensive Anchor,61.4,61.4,2.704063401472999
Johann Lepenant,2425,Nantes,FRA-Ligue 1,MF,21.0,2048,0,Defensive Anchor,54.9,54.9,2.8553405489478676
Pedro Chirivella,2425,Nantes,FRA-Ligue 1,MF,27.0,2348,0,Defensive Anchor,44.4,44.4,3.09863834399714
Badredine Bouanani,2425,Nice,FRA-Ligue 1,"MF,FW",19.0,1099,2,Creative Playmaker,70.7,70.7,3.518172025305446
Baptiste Santamaria,2425,Nice,FRA-Ligue 1,MF,29.0,927,0,Defensive Anchor,97.6,97.6,1.8647783055278242
Hicham Boudaoui,2425,Nice,FRA-Ligue 1,MF,24.0,2435,1,Ball Progressor,67.0,67.0,2.909104480815863
Jeremie Boga,2425,Nice,FRA-Ligue 1,"MF,FW",27.0,1054,2,Creative Playmaker,60.1,60.1,3.901680797876551
Pablo Rosario,2425,Nice,FRA-Ligue 1,"MF,DF",27.0,1775,0,Defensive Anchor,38.1,38.1,3.245893424752122
Sofiane Diop,2425,Nice,FRA-Ligue 1,"MF,FW",24.0,1064,2,Creative Playmaker,28.1,28.1,5.05585392010107
Tanguy Ndombele,2425,Nice,FRA-Ligue 1,MF,27.0,1131,1,Ball Progressor,73.2,73.2,2.757841627090208
Fabián Ruiz Peña,2425,Paris S-G,FRA-Ligue 1,MF,28.0,1923,2,Creative Playmaker,64.1,64.1,3.757980424172265
João Neves,2425,Paris S-G,FRA-Ligue 1,"MF,DF",19.0,1844,3,Box-to-Box Engine,55.7,55.7,3.37515677858627
Vitinha,2425,Paris S-G,FRA-Ligue 1,MF,24.0,2042,3,Box-to-Box Engine,20.3,20.3,4.363057689377918
Vitinha,2425,Paris S-G,FRA-Ligue 1,MF,24.0,1328,3,Box-to-Box Engine,20.3,20.3,4.363057689377918
Warren Zaïre-Emery,2425,Paris S-G,FRA-Ligue 1,"MF,DF",18.0,2050,3,Box-to-Box Engine,76.2,76.2,2.8062180343223835
Amadou Koné,2425,Reims,FRA-Ligue 1,MF,19.0,1293,0,Defensive Anchor,91.7,91.7,2.001497746151507
Marshall Munetsi,2425,Reims,FRA-Ligue 1,MF,28.0,1078,1,Ball Progressor,31.3,31.3,3.7850386921171437
Marshall Munetsi,2425,Reims,FRA-Ligue 1,MF,28.0,1692,1,Ball Progressor,31.3,31.3,3.7850386921171437
Valentin Atangana Edoa,2425,Reims,FRA-Ligue 1,MF,18.0,2854,0,Defensive Anchor,41.4,41.4,3.16743322175366
Amine Gouiri,2425,Rennes,FRA-Ligue 1,"MF,FW",24.0,1048,1,Ball Progressor,59.7,59.7,3.0887554376216655
Amine Gouiri,2425,Rennes,FRA-Ligue 1,"MF,FW",24.0,1037,1,Ball Progressor,59.7,59.7,3.0887554376216655
Azor Matusiwa,2425,Rennes,FRA-Ligue 1,MF,26.0,2078,0,Defensive Anchor,91.2,91.2,2.013215206193964
Baptiste Santamaria,2425,Rennes,FRA-Ligue 1,MF,29.0,927,0,Defensive Anchor,10.0,10.0,3.8986161621591595
Djaoui Cissé,2425,Rennes,FRA-Ligue 1,MF,20.0,1121,0,Defensive Anchor,19.3,19.3,3.681237859260438
Jordan James,2425,Rennes,FRA-Ligue 1,MF,20.0,1178,1,Ball Progressor,33.3,33.3,3.735080494917777
Ludovic Blas,2425,Rennes,FRA-Ligue 1,"MF,FW",26.0,2293,2,Creative Playmaker,98.8,98.8,2.504405801890547
Aimen Moueffek,2425,Saint-Étienne,FRA-Ligue 1,MF,23.0,1039,1,Ball Progressor,70.8,70.8,2.815956601486979
Benjamin Bouchouari,2425,Saint-Étienne,FRA-Ligue 1,MF,22.0,1772,3,Box-to-Box Engine,76.8,76.8,2.788185281612561
Florian Tardieu,2425,Saint-Étienne,FRA-Ligue 1,MF,32.0,1252,3,Box-to-Box Engine,30.7,30.7,4.0713799607134
Louis Mouton,2425,Saint-Étienne,FRA-Ligue 1,MF,22.0,1045,1,Ball Progressor,37.6,37.6,3.6298449152527463
Pierre Ekwah Elimby,2425,Saint-Étienne,FRA-Ligue 1,MF,22.0,2575,0,Defensive Anchor,83.9,83.9,2.1814850726763857
Andrey Santos,2425,Strasbourg,FRA-Ligue 1,MF,20.0,2855,0,Defensive Anchor,34.2,34.2,3.3349241178738502
Dilane Bakwa,2425,Strasbourg,FRA-Ligue 1,"MF,DF",21.0,2497,2,Creative Playmaker,83.3,83.3,3.0637486385582324
Félix Lemaréchal,2425,Strasbourg,FRA-Ligue 1,"MF,FW",20.0,1779,1,Ball Progressor,88.0,88.0,2.3954337922165596
Habib Diarra,2425,Strasbourg,FRA-Ligue 1,"MF,FW",20.0,2352,1,Ball Progressor,80.8,80.8,2.571825982021668
Junior Mwanga,2425,Strasbourg,FRA-Ligue 1,MF,21.0,952,0,Defensive Anchor,0.0,0.0,5.341599875103826
Sebastian Nanasi,2425,Strasbourg,FRA-Ligue 1,"MF,FW",22.0,2107,2,Creative Playmaker,72.2,72.2,3.465805029074778
Valentín Barco,2425,Strasbourg,FRA-Ligue 1,"MF,DF",20.0,1157,3,Box-to-Box Engine,53.6,53.6,3.435094088693207
Cristian Cásseres Jr.,2425,Toulouse,FRA-Ligue 1,MF,24.0,2696,0,Defensive Anchor,90.0,90.0,2.04018243392282
Shavy Babicka,2425,Toulouse,FRA-Ligue 1,"MF,FW",24.0,1186,1,Ball Progressor,18.9,18.9,4.088736190781995
Vincent Sierro,2425,Toulouse,FRA-Ligue 1,MF,28.0,2402,1,Ball Progressor,53.5,53.5,3.2397761150927216
Yann Gboho,2425,Toulouse,FRA-Ligue 1,"MF,FW",23.0,2333,1,Ball Progressor,34.6,34.6,3.703351245312224
Zakaria Aboukhlal,2425,Toulouse,FRA-Ligue 1,"MF,FW",24.0,1901,1,Ball Progressor,0.0,0.0,5.441333292922551
Daniel Baier,1718,Augsburg,GER-Bundesliga,MF,33.0,2538,3,Box-to-Box Engine,77.0,77.0,2.7831558169446056
Koo Ja-cheol,1718,Augsburg,GER-Bundesliga,MF,28.0,2046,0,Defensive Anchor,59.2,59.2,2.755648394404677
Michael Gregoritsch,1718,Augsburg,GER-Bundesliga,"MF,FW",23.0,2527,1,Ball Progressor,0.0,0.0,4.878289854797015
Rani Khedira,1718,Augsburg,GER-Bundesliga,"MF,DF",23.0,2275,0,Defensive Anchor,59.6,59.6,2.746636436610479
Arturo Vidal,1718,Bayern Munich,GER-Bundesliga,MF,30.0,1456,3,Box-to-Box Engine,4.7,4.7,4.795531422701419
Corentin Tolisso,1718,Bayern Munich,GER-Bundesliga,MF,22.0,1575,2,Creative Playmaker,42.2,42.2,4.544781977068811
James Rodríguez,1718,Bayern Munich,GER-Bundesliga,"MF,FW",26.0,1621,2,Creative Playmaker,17.3,17.3,5.4443039857099444
Javi Martínez,1718,Bayern Munich,GER-Bundesliga,"MF,DF",28.0,1609,0,Defensive Anchor,11.4,11.4,3.8644220361481465
Sebastian Rudy,1718,Bayern Munich,GER-Bundesliga,MF,27.0,1515,3,Box-to-Box Engine,43.3,43.3,3.7214450539128694
Thiago Alcántara,1718,Bayern Munich,GER-Bundesliga,"MF,FW",26.0,1247,3,Box-to-Box Engine,16.8,16.8,4.460770355334936
Thomas Müller,1718,Bayern Munich,GER-Bundesliga,"MF,FW",27.0,2005,2,Creative Playmaker,14.9,14.9,5.5329048674667085
Gonzalo Castro,1718,Dortmund,GER-Bundesliga,MF,30.0,1206,3,Box-to-Box Engine,11.6,11.6,4.603003638868008
Julian Weigl,1718,Dortmund,GER-Bundesliga,MF,21.0,1944,0,Defensive Anchor,75.4,75.4,2.3790310398425616
Mahmoud Dahoud,1718,Dortmund,GER-Bundesliga,MF,21.0,1146,3,Box-to-Box Engine,41.6,41.6,3.769383809084457
Marco Reus,1718,Dortmund,GER-Bundesliga,"MF,FW",28.0,928,2,Creative Playmaker,0.0,0.0,6.08576607822707
Mario Götze,1718,Dortmund,GER-Bundesliga,MF,25.0,1601,2,Creative Playmaker,64.2,64.2,3.753921209220331
Nuri Şahin,1718,Dortmund,GER-Bundesliga,MF,28.0,1225,3,Box-to-Box Engine,39.4,39.4,3.82914088586766
Shinji Kagawa,1718,Dortmund,GER-Bundesliga,MF,28.0,1166,2,Creative Playmaker,61.9,61.9,3.8342948701574455
Gelson Fernandes,1718,Eint Frankfurt,GER-Bundesliga,MF,30.0,1036,0,Defensive Anchor,1.4,1.4,4.097883969865423
Jonathan de Guzmán,1718,Eint Frankfurt,GER-Bundesliga,MF,29.0,1092,3,Box-to-Box Engine,85.8,85.8,2.5380994631158837
Kevin-Prince Boateng,1718,Eint Frankfurt,GER-Bundesliga,"MF,FW",30.0,2357,1,Ball Progressor,93.1,93.1,2.271858203391749
Marius Wolf,1718,Eint Frankfurt,GER-Bundesliga,"MF,FW",22.0,2363,1,Ball Progressor,76.1,76.1,2.6872755293992614
Mijat Gaćinović,1718,Eint Frankfurt,GER-Bundesliga,"MF,FW",22.0,1815,1,Ball Progressor,35.3,35.3,3.685398370627051
Janik Haberer,1718,Freiburg,GER-Bundesliga,"MF,FW",23.0,2748,1,Ball Progressor,88.3,88.3,2.3880426958204306
Marco Terrazzino,1718,Freiburg,GER-Bundesliga,"MF,FW",26.0,1489,1,Ball Progressor,57.7,57.7,3.1366933040272857
Mike Frantz,1718,Freiburg,GER-Bundesliga,MF,30.0,1041,0,Defensive Anchor,0.0,0.0,4.694465379791012
Nicolas Höfler,1718,Freiburg,GER-Bundesliga,MF,27.0,2259,0,Defensive Anchor,82.5,82.5,2.213948137701352
Pascal Stenzel,1718,Freiburg,GER-Bundesliga,"MF,DF",21.0,1941,0,Defensive Anchor,96.8,96.8,1.8821591166343177
Robin Koch,1718,Freiburg,GER-Bundesliga,"MF,DF",21.0,1919,0,Defensive Anchor,73.0,73.0,2.434415316078576
Christoph Kramer,1718,Gladbach,GER-Bundesliga,MF,26.0,2151,0,Defensive Anchor,37.6,37.6,3.255998609435145
Denis Zakaria,1718,Gladbach,GER-Bundesliga,MF,20.0,2296,0,Defensive Anchor,62.8,62.8,2.6715417566252033
Jonas Hofmann,1718,Gladbach,GER-Bundesliga,"MF,FW",25.0,1033,2,Creative Playmaker,58.1,58.1,3.972984325450698
Mickaël Cuisance,1718,Gladbach,GER-Bundesliga,"MF,FW",17.0,1207,1,Ball Progressor,72.4,72.4,2.7780730416306216
Patrick Herrmann,1718,Gladbach,GER-Bundesliga,"MF,FW",26.0,1124,1,Ball Progressor,69.7,69.7,2.8444615192913663
Thorgan Hazard,1718,Gladbach,GER-Bundesliga,"MF,FW",24.0,2939,2,Creative Playmaker,76.5,76.5,3.308073288945681
Aaron Hunt,1718,Hamburger SV,GER-Bundesliga,"MF,FW",30.0,2081,2,Creative Playmaker,77.8,77.8,3.2640108433933404
Albin Ekdal,1718,Hamburger SV,GER-Bundesliga,MF,28.0,1108,0,Defensive Anchor,79.2,79.2,2.2914421234759734
Gideon Jung,1718,Hamburger SV,GER-Bundesliga,"MF,DF",22.0,2570,0,Defensive Anchor,100.0,100.0,1.7495719278807689
Lewis Holtby,1718,Hamburger SV,GER-Bundesliga,"MF,FW",26.0,1196,1,Ball Progressor,15.7,15.7,4.166943594888599
Tatsuya Ito,1718,Hamburger SV,GER-Bundesliga,"MF,FW",20.0,1012,2,Creative Playmaker,8.1,8.1,5.775551726465564
Walace,1718,Hamburger SV,GER-Bundesliga,MF,22.0,1318,0,Defensive Anchor,86.0,86.0,2.1324110436149564
Felix Klaus,1718,Hannover 96,GER-Bundesliga,"MF,FW",24.0,1981,1,Ball Progressor,58.8,58.8,3.111531158984547
Ihlas Bebou,1718,Hannover 96,GER-Bundesliga,"MF,FW",23.0,2140,2,Creative Playmaker,83.3,83.3,3.06368668165683
Iver Fossum,1718,Hannover 96,GER-Bundesliga,MF,21.0,1306,1,Ball Progressor,56.9,56.9,3.1563776892486777
Marvin Bakalorz,1718,Hannover 96,GER-Bundesliga,MF,27.0,2055,0,Defensive Anchor,48.1,48.1,3.0122972878097425
Pirmin Schwegler,1718,Hannover 96,GER-Bundesliga,MF,30.0,2319,0,Defensive Anchor,9.8,9.8,3.903020347503526
Arne Maier,1718,Hertha BSC,GER-Bundesliga,MF,18.0,1223,0,Defensive Anchor,70.0,70.0,2.5037179568517876
Fabian Lustenberger,1718,Hertha BSC,GER-Bundesliga,"MF,DF",29.0,1583,0,Defensive Anchor,37.6,37.6,3.2571140656364435
Per Ciljan Skjelbred,1718,Hertha BSC,GER-Bundesliga,MF,30.0,2183,0,Defensive Anchor,53.6,53.6,2.8854083812474176
Valentino Lazaro,1718,Hertha BSC,GER-Bundesliga,"MF,FW",21.0,1864,1,Ball Progressor,78.2,78.2,2.634785834777779
Vladimír Darida,1718,Hertha BSC,GER-Bundesliga,MF,26.0,1635,0,Defensive Anchor,68.6,68.6,2.5358191648963615
Dennis Geiger,1718,Hoffenheim,GER-Bundesliga,MF,19.0,1588,0,Defensive Anchor,19.1,19.1,3.6850734581638593
Florian Grillitsch,1718,Hoffenheim,GER-Bundesliga,MF,21.0,1888,0,Defensive Anchor,69.1,69.1,2.524502317980631
Kerem Demirbay,1718,Hoffenheim,GER-Bundesliga,MF,24.0,1211,3,Box-to-Box Engine,53.7,53.7,3.433383920151639
Lukas Rupp,1718,Hoffenheim,GER-Bundesliga,"MF,FW",26.0,1160,1,Ball Progressor,62.2,62.2,3.027887249138872
Nadiem Amiri,1718,Hoffenheim,GER-Bundesliga,MF,20.0,1744,1,Ball Progressor,84.7,84.7,2.477141640426957
Leonardo Bittencourt,1718,Köln,GER-Bundesliga,"MF,FW",23.0,1613,2,Creative Playmaker,57.1,57.1,4.009692717609757
Marco Höger,1718,Köln,GER-Bundesliga,MF,27.0,1674,0,Defensive Anchor,30.7,30.7,3.4178028959607487
Matthias Lehmann,1718,Köln,GER-Bundesliga,MF,34.0,1515,0,Defensive Anchor,52.5,52.5,2.911213762503792
Miloš Jojić,1718,Köln,GER-Bundesliga,MF,25.0,1459,1,Ball Progressor,39.1,39.1,3.5927810550970305
Salih Özcan,1718,Köln,GER-Bundesliga,MF,19.0,1670,0,Defensive Anchor,72.4,72.4,2.4491378220771653
Simon Zoller,1718,Köln,GER-Bundesliga,"MF,FW",26.0,963,1,Ball Progressor,32.0,32.0,3.7670000033400353
Charles Aránguiz,1718,Leverkusen,GER-Bundesliga,MF,28.0,2302,3,Box-to-Box Engine,51.4,51.4,3.4955633788173937
Dominik Kohr,1718,Leverkusen,GER-Bundesliga,MF,23.0,1664,3,Box-to-Box Engine,45.9,45.9,3.6501642472330738
Julian Baumgartlinger,1718,Leverkusen,GER-Bundesliga,"MF,DF",29.0,1393,0,Defensive Anchor,42.2,42.2,3.149526143619484
Kai Havertz,1718,Leverkusen,GER-Bundesliga,"MF,FW",18.0,2144,1,Ball Progressor,71.2,71.2,2.8060666166467967
Karim Bellarabi,1718,Leverkusen,GER-Bundesliga,"MF,FW",27.0,1146,2,Creative Playmaker,18.4,18.4,5.404302228305447
Kevin Kampl,1718,Leverkusen,GER-Bundesliga,MF,26.0,2019,3,Box-to-Box Engine,0.0,0.0,9.357583041686485
Alexandru Maxim,1718,Mainz 05,GER-Bundesliga,MF,27.0,957,1,Ball Progressor,20.7,20.7,4.043654887765724
Danny Latza,1718,Mainz 05,GER-Bundesliga,MF,27.0,2352,0,Defensive Anchor,75.0,75.0,2.387690827422367
Jean-Philippe Gbamin,1718,Mainz 05,GER-Bundesliga,"MF,DF",21.0,2591,0,Defensive Anchor,67.0,67.0,2.5732291787393695
Suat Serdar,1718,Mainz 05,GER-Bundesliga,MF,20.0,1703,0,Defensive Anchor,43.0,43.0,3.132103556715693
Bruma,1718,RB Leipzig,GER-Bundesliga,"MF,FW",22.0,1611,2,Creative Playmaker,33.7,33.7,4.853893456853544
Diego Demme,1718,RB Leipzig,GER-Bundesliga,MF,25.0,2284,3,Box-to-Box Engine,34.1,34.1,3.9778883374429306
Emil Forsberg,1718,RB Leipzig,GER-Bundesliga,MF,25.0,1370,2,Creative Playmaker,82.7,82.7,3.0848488600660073
Kevin Kampl,1718,RB Leipzig,GER-Bundesliga,MF,26.0,2019,3,Box-to-Box Engine,72.0,72.0,2.9229045438888357
Marcel Sabitzer,1718,RB Leipzig,GER-Bundesliga,"MF,FW",23.0,1790,2,Creative Playmaker,83.2,83.2,3.0685338995325266
Naby Keïta,1718,RB Leipzig,GER-Bundesliga,MF,22.0,1962,3,Box-to-Box Engine,10.6,10.6,4.632876472104367
Amine Harit,1718,Schalke 04,GER-Bundesliga,"MF,FW",20.0,2043,2,Creative Playmaker,77.5,77.5,3.271634351775039
Coke,1718,Schalke 04,GER-Bundesliga,MF,30.0,1383,0,Defensive Anchor,68.9,68.9,2.529201435212877
Leon Goretzka,1718,Schalke 04,GER-Bundesliga,MF,22.0,1982,0,Defensive Anchor,10.3,10.3,3.891557984918605
Max Meyer,1718,Schalke 04,GER-Bundesliga,MF,21.0,1727,0,Defensive Anchor,38.4,38.4,3.238471217434974
Nabil Bentaleb,1718,Schalke 04,GER-Bundesliga,MF,22.0,1011,0,Defensive Anchor,0.0,0.0,4.849981883519592
Weston McKennie,1718,Schalke 04,GER-Bundesliga,MF,18.0,1263,0,Defensive Anchor,79.2,79.2,2.2910064475428755
Anastasios Donis,1718,Stuttgart,GER-Bundesliga,"MF,FW",20.0,949,2,Creative Playmaker,7.0,7.0,5.816612587908782
Berkay Özcan,1718,Stuttgart,GER-Bundesliga,"MF,FW",19.0,1002,1,Ball Progressor,84.6,84.6,2.480275840955494
Chadrac Akolo,1718,Stuttgart,GER-Bundesliga,"MF,FW",22.0,1102,1,Ball Progressor,21.8,21.8,4.016720247964263
Christian Gentner,1718,Stuttgart,GER-Bundesliga,MF,31.0,2412,0,Defensive Anchor,31.3,31.3,3.4029754393393623
Dennis Aogo,1718,Stuttgart,GER-Bundesliga,"MF,DF",30.0,1954,0,Defensive Anchor,55.1,55.1,2.850622167114601
Erik Thommy,1718,Stuttgart,GER-Bundesliga,MF,22.0,980,1,Ball Progressor,22.8,22.8,3.991668151384192
Santiago Ascacíbar,1718,Stuttgart,GER-Bundesliga,MF,20.0,2381,0,Defensive Anchor,55.9,55.9,2.8319469592970923
Florian Kainz,1718,Werder Bremen,GER-Bundesliga,"MF,FW",24.0,1712,2,Creative Playmaker,99.1,99.1,2.4924516069008256
Maximilian Eggestein,1718,Werder Bremen,GER-Bundesliga,MF,20.0,2692,1,Ball Progressor,60.7,60.7,3.06402740028955
Philipp Bargfrede,1718,Werder Bremen,GER-Bundesliga,MF,28.0,1859,0,Defensive Anchor,68.8,68.8,2.532788014971233
Thomas Delaney,1718,Werder Bremen,GER-Bundesliga,MF,25.0,2796,0,Defensive Anchor,48.8,48.8,2.9965806805547257
Zlatko Junuzović,1718,Werder Bremen,GER-Bundesliga,"MF,FW",29.0,1633,2,Creative Playmaker,80.8,80.8,3.1551696131887796
Daniel Didavi,1718,Wolfsburg,GER-Bundesliga,MF,27.0,2237,1,Ball Progressor,71.3,71.3,2.805828640983199
Ignacio Camacho,1718,Wolfsburg,GER-Bundesliga,"MF,DF",27.0,951,0,Defensive Anchor,0.0,0.0,4.871269248634912
Josuha Guilavogui,1718,Wolfsburg,GER-Bundesliga,MF,26.0,2404,0,Defensive Anchor,44.4,44.4,3.0977368261810367
Maximilian Arnold,1718,Wolfsburg,GER-Bundesliga,MF,23.0,2454,0,Defensive Anchor,60.5,60.5,2.7251449769432514
Caiuby,1819,Augsburg,GER-Bundesliga,"MF,FW",30.0,1006,1,Ball Progressor,81.0,81.0,2.5664774277827225
Daniel Baier,1819,Augsburg,GER-Bundesliga,MF,34.0,2815,0,Defensive Anchor,67.0,67.0,2.5736764876639175
Koo Ja-cheol,1819,Augsburg,GER-Bundesliga,MF,29.0,1640,0,Defensive Anchor,57.3,57.3,2.7989526946803314
Marco Richter,1819,Augsburg,GER-Bundesliga,"MF,FW",20.0,1426,2,Creative Playmaker,59.3,59.3,3.9307445869271174
Michael Gregoritsch,1819,Augsburg,GER-Bundesliga,"MF,FW",24.0,2487,1,Ball Progressor,58.1,58.1,3.126923145550764
Franck Ribéry,1819,Bayern Munich,GER-Bundesliga,"MF,FW",35.0,1174,2,Creative Playmaker,2.3,2.3,5.9872914339284105
James Rodríguez,1819,Bayern Munich,GER-Bundesliga,MF,27.0,1138,2,Creative Playmaker,19.1,19.1,5.378257834785519
Javi Martínez,1819,Bayern Munich,GER-Bundesliga,MF,29.0,1309,0,Defensive Anchor,55.9,55.9,2.8317313970014046
Leon Goretzka,1819,Bayern Munich,GER-Bundesliga,MF,23.0,2023,1,Ball Progressor,49.6,49.6,3.3351877076039256
Thiago Alcántara,1819,Bayern Munich,GER-Bundesliga,MF,27.0,2408,3,Box-to-Box Engine,27.8,27.8,4.152725503444443
Thomas Müller,1819,Bayern Munich,GER-Bundesliga,"MF,FW",28.0,2378,2,Creative Playmaker,39.9,39.9,4.628775024879717
Axel Witsel,1819,Dortmund,GER-Bundesliga,MF,29.0,2873,3,Box-to-Box Engine,71.2,71.2,2.945946658514524
Marco Reus,1819,Dortmund,GER-Bundesliga,"MF,FW",29.0,2316,2,Creative Playmaker,7.8,7.8,5.786380441162612
Thomas Delaney,1819,Dortmund,GER-Bundesliga,MF,26.0,2283,0,Defensive Anchor,52.9,52.9,2.90179826419108
Adam Bodzek,1819,Düsseldorf,GER-Bundesliga,"MF,DF",32.0,1596,0,Defensive Anchor,54.7,54.7,2.8607375048000616
Alfredo Morales,1819,Düsseldorf,GER-Bundesliga,MF,28.0,1532,0,Defensive Anchor,86.3,86.3,2.126150924365656
Benito Raman,1819,Düsseldorf,GER-Bundesliga,"MF,FW",23.0,1681,2,Creative Playmaker,35.5,35.5,4.78870555805565
Kevin Stöger,1819,Düsseldorf,GER-Bundesliga,MF,24.0,2118,3,Box-to-Box Engine,60.1,60.1,3.253293621004323
Marcel Sobottka,1819,Düsseldorf,GER-Bundesliga,MF,24.0,942,0,Defensive Anchor,50.1,50.1,2.9671924604925475
Oliver Fink,1819,Düsseldorf,GER-Bundesliga,MF,36.0,1055,0,Defensive Anchor,47.2,47.2,3.0331289582709657
Allan,1819,Eint Frankfurt,GER-Bundesliga,MF,21.0,2616,0,Defensive Anchor,0.0,0.0,5.137683239100947
Gelson Fernandes,1819,Eint Frankfurt,GER-Bundesliga,MF,31.0,2225,0,Defensive Anchor,29.5,29.5,3.445707190902973
Jonathan de Guzmán,1819,Eint Frankfurt,GER-Bundesliga,MF,30.0,1564,3,Box-to-Box Engine,60.3,60.3,3.2491128016746726
Mijat Gaćinović,1819,Eint Frankfurt,GER-Bundesliga,MF,23.0,1626,1,Ball Progressor,85.6,85.6,2.454862577509925
Sebastian Rode,1819,Eint Frankfurt,GER-Bundesliga,MF,27.0,923,3,Box-to-Box Engine,54.1,54.1,3.4200545968912794
Janik Haberer,1819,Freiburg,GER-Bundesliga,"MF,FW",24.0,2340,0,Defensive Anchor,50.2,50.2,2.964032162858059
Jérôme Gondorf,1819,Freiburg,GER-Bundesliga,"MF,FW",30.0,1296,1,Ball Progressor,47.3,47.3,3.392476720273235
Mike Frantz,1819,Freiburg,GER-Bundesliga,"MF,FW",31.0,2216,1,Ball Progressor,33.8,33.8,3.7239912362497543
Nicolas Höfler,1819,Freiburg,GER-Bundesliga,MF,28.0,1615,0,Defensive Anchor,100.0,100.0,1.6189093833824175
Robin Koch,1819,Freiburg,GER-Bundesliga,"MF,DF",22.0,1901,0,Defensive Anchor,59.0,59.0,2.760104898144763
Vincenzo Grifo,1819,Freiburg,GER-Bundesliga,"MF,FW",25.0,1427,2,Creative Playmaker,92.1,92.1,2.7461067076211396
Christoph Kramer,1819,Gladbach,GER-Bundesliga,MF,27.0,1136,0,Defensive Anchor,58.3,58.3,2.7756433059560917
Denis Zakaria,1819,Gladbach,GER-Bundesliga,MF,21.0,1959,1,Ball Progressor,66.7,66.7,2.9174913302373255
Florian Neuhaus,1819,Gladbach,GER-Bundesliga,MF,21.0,2062,2,Creative Playmaker,87.8,87.8,2.9003058801348267
Jonas Hofmann,1819,Gladbach,GER-Bundesliga,MF,26.0,1911,2,Creative Playmaker,83.3,83.3,3.0655682275189817
Tobias Strobl,1819,Gladbach,GER-Bundesliga,"MF,DF",28.0,2293,0,Defensive Anchor,67.0,67.0,2.5731713259006046
Genki Haraguchi,1819,Hannover 96,GER-Bundesliga,"MF,DF",27.0,2133,1,Ball Progressor,91.4,91.4,2.3132053106394985
Ihlas Bebou,1819,Hannover 96,GER-Bundesliga,"MF,FW",24.0,1066,2,Creative Playmaker,78.4,78.4,3.2425054679524514
Marvin Bakalorz,1819,Hannover 96,GER-Bundesliga,MF,28.0,1470,0,Defensive Anchor,33.2,33.2,3.3599815054555395
Pirmin Schwegler,1819,Hannover 96,GER-Bundesliga,MF,31.0,2075,0,Defensive Anchor,43.5,43.5,3.1198653973760235
Walace,1819,Hannover 96,GER-Bundesliga,MF,23.0,1996,0,Defensive Anchor,61.7,61.7,2.6981940000419744
Arne Maier,1819,Hertha BSC,GER-Bundesliga,MF,19.0,2064,0,Defensive Anchor,98.3,98.3,1.8475311964080179
Marko Grujić,1819,Hertha BSC,GER-Bundesliga,MF,22.0,1780,0,Defensive Anchor,34.5,34.5,3.3288474546470854
Ondrej Duda,1819,Hertha BSC,GER-Bundesliga,MF,23.0,2563,1,Ball Progressor,57.6,57.6,3.140845290091146
Per Ciljan Skjelbred,1819,Hertha BSC,GER-Bundesliga,MF,31.0,997,0,Defensive Anchor,66.9,66.9,2.575511932968452
Andrej Kramarić,1819,Hoffenheim,GER-Bundesliga,"MF,FW",27.0,2396,2,Creative Playmaker,0.0,0.0,6.182453228084376
Florian Grillitsch,1819,Hoffenheim,GER-Bundesliga,MF,22.0,2394,3,Box-to-Box Engine,50.8,50.8,3.5115727948862303
Kerem Demirbay,1819,Hoffenheim,GER-Bundesliga,MF,25.0,2017,2,Creative Playmaker,18.1,18.1,5.414641514015487
Leonardo Bittencourt,1819,Hoffenheim,GER-Bundesliga,MF,24.0,1069,2,Creative Playmaker,53.9,53.9,4.124115999286226
Steven Zuber,1819,Hoffenheim,GER-Bundesliga,"MF,FW",26.0,1051,2,Creative Playmaker,59.2,59.2,3.932490169525938
Vincenzo Grifo,1819,Hoffenheim,GER-Bundesliga,"MF,FW",25.0,1427,2,Creative Playmaker,59.6,59.6,3.920232965657939
Charles Aránguiz,1819,Leverkusen,GER-Bundesliga,MF,29.0,1891,3,Box-to-Box Engine,74.0,74.0,2.8667296199725376
Dominik Kohr,1819,Leverkusen,GER-Bundesliga,MF,24.0,973,0,Defensive Anchor,20.0,20.0,3.6651771574429546
Julian Baumgartlinger,1819,Leverkusen,GER-Bundesliga,MF,30.0,1559,3,Box-to-Box Engine,73.8,73.8,2.87320783593652
Julian Brandt,1819,Leverkusen,GER-Bundesliga,"MF,FW",22.0,2666,2,Creative Playmaker,62.2,62.2,3.8260129857533047
Kai Havertz,1819,Leverkusen,GER-Bundesliga,"MF,FW",19.0,2894,2,Creative Playmaker,65.0,65.0,3.725160866728218
Lars Bender,1819,Leverkusen,GER-Bundesliga,"MF,DF",29.0,1361,3,Box-to-Box Engine,74.3,74.3,2.858861224567444
Danny Latza,1819,Mainz 05,GER-Bundesliga,MF,28.0,1863,3,Box-to-Box Engine,60.3,60.3,3.2487096113616456
Jean-Paul Boëtius,1819,Mainz 05,GER-Bundesliga,MF,24.0,2127,1,Ball Progressor,40.0,40.0,3.5720602128436263
Jean-Philippe Gbamin,1819,Mainz 05,GER-Bundesliga,MF,22.0,2672,0,Defensive Anchor,74.2,74.2,2.406048857388009
Levin Öztunalı,1819,Mainz 05,GER-Bundesliga,"MF,FW",22.0,921,1,Ball Progressor,67.5,67.5,2.898157910420622
Pierre Kunde,1819,Mainz 05,GER-Bundesliga,MF,23.0,1909,3,Box-to-Box Engine,69.0,69.0,3.0065164792870758
Ridle Baku,1819,Mainz 05,GER-Bundesliga,MF,20.0,937,0,Defensive Anchor,68.2,68.2,2.5451614159103872
Eduard Löwen,1819,Nürnberg,GER-Bundesliga,"MF,FW",21.0,1623,1,Ball Progressor,88.2,88.2,2.390876874605447
Federico Palacios Martínez,1819,Nürnberg,GER-Bundesliga,"MF,FW",23.0,942,1,Ball Progressor,72.5,72.5,2.7754196061397125
Hanno Behrens,1819,Nürnberg,GER-Bundesliga,MF,28.0,2639,0,Defensive Anchor,39.7,39.7,3.208948285098881
Matheus Pereira,1819,Nürnberg,GER-Bundesliga,"MF,FW",22.0,1232,1,Ball Progressor,60.4,60.4,3.0725752268843314
Ondřej Petrák,1819,Nürnberg,GER-Bundesliga,MF,26.0,1624,0,Defensive Anchor,25.5,25.5,3.538290691692635
Patrick Erras,1819,Nürnberg,GER-Bundesliga,MF,23.0,1222,0,Defensive Anchor,24.4,24.4,3.5623596883045128
Sebastian Kerk,1819,Nürnberg,GER-Bundesliga,"MF,FW",24.0,1179,1,Ball Progressor,28.7,28.7,3.8483712735583593
Virgil Misidjan,1819,Nürnberg,GER-Bundesliga,"MF,FW",25.0,1543,1,Ball Progressor,56.6,56.6,3.1639089300067185
Diego Demme,1819,RB Leipzig,GER-Bundesliga,MF,26.0,2055,3,Box-to-Box Engine,87.9,87.9,2.4804351856435987
Emil Forsberg,1819,RB Leipzig,GER-Bundesliga,"MF,FW",26.0,1249,2,Creative Playmaker,76.2,76.2,3.3209537667552658
Kevin Kampl,1819,RB Leipzig,GER-Bundesliga,MF,27.0,2113,3,Box-to-Box Engine,71.2,71.2,2.9456127268982404
Konrad Laimer,1819,RB Leipzig,GER-Bundesliga,"MF,DF",21.0,1874,0,Defensive Anchor,0.0,0.0,4.151739229029994
Marcel Sabitzer,1819,RB Leipzig,GER-Bundesliga,MF,24.0,2352,1,Ball Progressor,55.5,55.5,3.191804211061483
Alessandro Schöpf,1819,Schalke 04,GER-Bundesliga,"MF,DF",24.0,1004,1,Ball Progressor,46.7,46.7,3.40607356733408
Amine Harit,1819,Schalke 04,GER-Bundesliga,"MF,FW",21.0,1082,2,Creative Playmaker,51.5,51.5,4.21167554350666
Nabil Bentaleb,1819,Schalke 04,GER-Bundesliga,MF,23.0,1792,0,Defensive Anchor,48.5,48.5,3.004110345996658
Omar Mascarell,1819,Schalke 04,GER-Bundesliga,MF,25.0,993,0,Defensive Anchor,65.6,65.6,2.6065734485369076
Sebastian Rudy,1819,Schalke 04,GER-Bundesliga,MF,28.0,1356,0,Defensive Anchor,94.8,94.8,1.92901606537856
Suat Serdar,1819,Schalke 04,GER-Bundesliga,MF,21.0,1729,0,Defensive Anchor,60.8,60.8,2.717553422787098
Weston McKennie,1819,Schalke 04,GER-Bundesliga,"MF,FW",19.0,1746,0,Defensive Anchor,37.1,37.1,3.2679879846872173
Alexander Esswein,1819,Stuttgart,GER-Bundesliga,"MF,FW",28.0,1251,1,Ball Progressor,39.5,39.5,3.583238371197942
Christian Gentner,1819,Stuttgart,GER-Bundesliga,"MF,FW",32.0,2018,0,Defensive Anchor,62.3,62.3,2.6835685591134486
Daniel Didavi,1819,Stuttgart,GER-Bundesliga,"MF,FW",28.0,956,2,Creative Playmaker,87.4,87.4,2.914408328733966
Dennis Aogo,1819,Stuttgart,GER-Bundesliga,MF,31.0,1025,0,Defensive Anchor,21.4,21.4,3.6316366601802
Gonzalo Castro,1819,Stuttgart,GER-Bundesliga,MF,31.0,1692,3,Box-to-Box Engine,64.1,64.1,3.143153299176402
Santiago Ascacíbar,1819,Stuttgart,GER-Bundesliga,MF,21.0,2428,0,Defensive Anchor,93.2,93.2,1.966291077929175
Steven Zuber,1819,Stuttgart,GER-Bundesliga,"MF,FW",26.0,1051,1,Ball Progressor,45.8,45.8,3.4296038944245932
Davy Klaassen,1819,Werder Bremen,GER-Bundesliga,MF,25.0,2816,1,Ball Progressor,78.0,78.0,2.6411367579948943
Maximilian Eggestein,1819,Werder Bremen,GER-Bundesliga,MF,21.0,3052,3,Box-to-Box Engine,87.7,87.7,2.4866790501451685
Nuri Şahin,1819,Werder Bremen,GER-Bundesliga,MF,29.0,1476,0,Defensive Anchor,7.4,7.4,3.9575498271714324
Philipp Bargfrede,1819,Werder Bremen,GER-Bundesliga,"MF,DF",29.0,1079,0,Defensive Anchor,22.3,22.3,3.61269752033365
Elvis Rexhbeçaj,1819,Wolfsburg,GER-Bundesliga,MF,20.0,1144,0,Defensive Anchor,67.3,67.3,2.566126725820637
Josuha Guilavogui,1819,Wolfsburg,GER-Bundesliga,MF,27.0,1570,0,Defensive Anchor,27.2,27.2,3.4987492035827414
Maximilian Arnold,1819,Wolfsburg,GER-Bundesliga,MF,24.0,2872,3,Box-to-Box Engine,67.8,67.8,3.038582348957459
Yannick Gerhardt,1819,Wolfsburg,GER-Bundesliga,MF,24.0,2455,1,Ball Progressor,100.0,100.0,1.7356583037777795
Daniel Baier,1920,Augsburg,GER-Bundesliga,MF,35.0,1941,0,Defensive Anchor,29.0,29.0,3.4574055413217457
Marco Richter,1920,Augsburg,GER-Bundesliga,"MF,FW",21.0,2280,1,Ball Progressor,84.0,84.0,2.494910459177233
Rani Khedira,1920,Augsburg,GER-Bundesliga,MF,25.0,2649,0,Defensive Anchor,64.4,64.4,2.6341411510672517
Joshua Kimmich,1920,Bayern Munich,GER-Bundesliga,"MF,DF",24.0,2818,3,Box-to-Box Engine,0.0,0.0,5.212474308154176
Leon Goretzka,1920,Bayern Munich,GER-Bundesliga,MF,24.0,1512,2,Creative Playmaker,40.4,40.4,4.611278928938157
Philippe Coutinho,1920,Bayern Munich,GER-Bundesliga,"MF,FW",27.0,1411,2,Creative Playmaker,29.0,29.0,5.023756840331814
Renato Sanches,1920,Bayern Munich,GER-Bundesliga,MF,21.0,1483,1,Ball Progressor,0.0,0.0,9.11531976734853
Thiago Alcántara,1920,Bayern Munich,GER-Bundesliga,MF,28.0,1771,3,Box-to-Box Engine,25.0,25.0,4.231538623517393
Thomas Müller,1920,Bayern Munich,GER-Bundesliga,"MF,FW",29.0,2255,2,Creative Playmaker,28.8,28.8,5.029012023299737
Axel Witsel,1920,Dortmund,GER-Bundesliga,MF,30.0,2245,3,Box-to-Box Engine,51.7,51.7,3.488352914567275
Emre Can,1920,Dortmund,GER-Bundesliga,"MF,DF",25.0,955,0,Defensive Anchor,24.2,24.2,3.5685375291661403
Julian Brandt,1920,Dortmund,GER-Bundesliga,"MF,FW",23.0,2203,2,Creative Playmaker,69.7,69.7,3.5549443543863455
Julian Weigl,1920,Dortmund,GER-Bundesliga,"MF,DF",23.0,1019,0,Defensive Anchor,23.2,23.2,3.589870180918533
Marco Reus,1920,Dortmund,GER-Bundesliga,"MF,FW",30.0,1495,2,Creative Playmaker,13.1,13.1,5.596818661831648
Adam Bodzek,1920,Düsseldorf,GER-Bundesliga,MF,33.0,2015,0,Defensive Anchor,68.6,68.6,2.536578197348649
Alfredo Morales,1920,Düsseldorf,GER-Bundesliga,MF,29.0,1730,0,Defensive Anchor,77.0,77.0,2.341116263277568
Erik Thommy,1920,Düsseldorf,GER-Bundesliga,"MF,FW",24.0,2259,2,Creative Playmaker,90.7,90.7,2.796728218301006
Kevin Stöger,1920,Düsseldorf,GER-Bundesliga,MF,25.0,1268,3,Box-to-Box Engine,36.8,36.8,3.9024659361340333
Valon Berisha,1920,Düsseldorf,GER-Bundesliga,MF,26.0,941,1,Ball Progressor,58.7,58.7,3.1142629059624145
Daichi Kamada,1920,Eint Frankfurt,GER-Bundesliga,"MF,FW",22.0,1969,2,Creative Playmaker,81.5,81.5,3.130295464731572
Djibril Sow,1920,Eint Frankfurt,GER-Bundesliga,MF,22.0,1746,1,Ball Progressor,63.6,63.6,2.9922334516666638
Dominik Kohr,1920,Eint Frankfurt,GER-Bundesliga,MF,25.0,1445,3,Box-to-Box Engine,55.4,55.4,3.384371620395511
Mijat Gaćinović,1920,Eint Frankfurt,GER-Bundesliga,"MF,FW",24.0,1048,1,Ball Progressor,42.4,42.4,3.513160103755462
Sebastian Rode,1920,Eint Frankfurt,GER-Bundesliga,MF,28.0,1936,3,Box-to-Box Engine,81.0,81.0,2.6732013362116334
Janik Haberer,1920,Freiburg,GER-Bundesliga,"MF,FW",25.0,1721,0,Defensive Anchor,84.9,84.9,2.1592719772934634
Nicolas Höfler,1920,Freiburg,GER-Bundesliga,MF,29.0,2783,0,Defensive Anchor,68.2,68.2,2.5473630568347487
Roland Sallai,1920,Freiburg,GER-Bundesliga,"MF,FW",22.0,1162,1,Ball Progressor,82.5,82.5,2.529430723700954
Vincenzo Grifo,1920,Freiburg,GER-Bundesliga,"MF,FW",26.0,1618,2,Creative Playmaker,100.0,100.0,2.319242074930535
Christoph Kramer,1920,Gladbach,GER-Bundesliga,MF,28.0,1464,0,Defensive Anchor,80.6,80.6,2.258116104017327
Denis Zakaria,1920,Gladbach,GER-Bundesliga,"MF,DF",22.0,1947,0,Defensive Anchor,56.2,56.2,2.8259718767076025
Florian Neuhaus,1920,Gladbach,GER-Bundesliga,MF,22.0,2356,3,Box-to-Box Engine,70.2,70.2,2.9733805508067324
Jonas Hofmann,1920,Gladbach,GER-Bundesliga,"MF,FW",27.0,1633,1,Ball Progressor,26.8,26.8,3.8936620434024096
Lars Stindl,1920,Gladbach,GER-Bundesliga,"MF,FW",30.0,1432,2,Creative Playmaker,18.9,18.9,5.386178728802454
Javairô Dilrosun,1920,Hertha BSC,GER-Bundesliga,"MF,FW",21.0,1309,1,Ball Progressor,35.6,35.6,3.6787483503761402
Marko Grujić,1920,Hertha BSC,GER-Bundesliga,MF,23.0,2415,0,Defensive Anchor,67.0,67.0,2.5733760692815646
Per Ciljan Skjelbred,1920,Hertha BSC,GER-Bundesliga,MF,32.0,1628,0,Defensive Anchor,62.6,62.6,2.6770832998800604
Vladimír Darida,1920,Hertha BSC,GER-Bundesliga,MF,28.0,2256,1,Ball Progressor,70.3,70.3,2.8294146335937294
Christoph Baumgartner,1920,Hoffenheim,GER-Bundesliga,"MF,FW",19.0,1493,1,Ball Progressor,0.0,0.0,4.961215536402273
Dennis Geiger,1920,Hoffenheim,GER-Bundesliga,MF,21.0,1136,1,Ball Progressor,13.1,13.1,4.229791825236889
Diadie Samassékou,1920,Hoffenheim,GER-Bundesliga,MF,23.0,1310,0,Defensive Anchor,48.3,48.3,3.0087728612371074
Florian Grillitsch,1920,Hoffenheim,GER-Bundesliga,"MF,DF",23.0,2408,3,Box-to-Box Engine,92.2,92.2,2.3600873395149984
Leonardo Bittencourt,1920,Hoffenheim,GER-Bundesliga,MF,25.0,1889,1,Ball Progressor,0.0,0.0,6.543711829658607
Sebastian Rudy,1920,Hoffenheim,GER-Bundesliga,"MF,DF",29.0,2734,3,Box-to-Box Engine,79.7,79.7,2.7094859638857285
Vincenzo Grifo,1920,Hoffenheim,GER-Bundesliga,MF,26.0,1618,1,Ball Progressor,0.0,0.0,8.503107330872254
Dominick Drexler,1920,Köln,GER-Bundesliga,"MF,FW",29.0,1587,1,Ball Progressor,39.0,39.0,3.596166740025282
Ellyes Skhiri,1920,Köln,GER-Bundesliga,MF,24.0,2672,0,Defensive Anchor,63.3,63.3,2.6604865645388047
Jonas Hector,1920,Köln,GER-Bundesliga,"MF,DF",29.0,2433,0,Defensive Anchor,71.9,71.9,2.460890132369213
Mark Uth,1920,Köln,GER-Bundesliga,"MF,FW",27.0,1162,2,Creative Playmaker,42.2,42.2,4.546630628081155
Charles Aránguiz,1920,Leverkusen,GER-Bundesliga,MF,30.0,2118,3,Box-to-Box Engine,72.1,72.1,2.920292911369509
Julian Baumgartlinger,1920,Leverkusen,GER-Bundesliga,MF,31.0,1791,0,Defensive Anchor,55.6,55.6,2.8389299556968806
Kai Havertz,1920,Leverkusen,GER-Bundesliga,"MF,FW",20.0,2454,2,Creative Playmaker,79.5,79.5,3.2025072113970268
Kerem Demirbay,1920,Leverkusen,GER-Bundesliga,MF,26.0,1573,3,Box-to-Box Engine,53.8,53.8,3.4290875448474614
Nadiem Amiri,1920,Leverkusen,GER-Bundesliga,"MF,FW",22.0,1857,2,Creative Playmaker,71.8,71.8,3.479879416757484
Danny Latza,1920,Mainz 05,GER-Bundesliga,MF,29.0,1373,0,Defensive Anchor,100.0,100.0,1.7620591849857008
Edimilson Fernandes,1920,Mainz 05,GER-Bundesliga,"MF,DF",23.0,1484,0,Defensive Anchor,100.0,100.0,1.6025147644864415
Jean-Paul Boëtius,1920,Mainz 05,GER-Bundesliga,MF,25.0,2266,1,Ball Progressor,86.8,86.8,2.426238624602378
Leandro Barreiro Martins,1920,Mainz 05,GER-Bundesliga,MF,19.0,938,0,Defensive Anchor,51.4,51.4,2.9353894255059365
Levin Öztunalı,1920,Mainz 05,GER-Bundesliga,"MF,FW",23.0,1778,1,Ball Progressor,86.9,86.9,2.422086840941295
Pierre Kunde,1920,Mainz 05,GER-Bundesliga,MF,24.0,1866,3,Box-to-Box Engine,65.4,65.4,3.107439755498162
Abdelhamid Sabiri,1920,Paderborn 07,GER-Bundesliga,MF,22.0,1048,1,Ball Progressor,24.7,24.7,3.9457166014354157
Christopher Antwi-Adjei,1920,Paderborn 07,GER-Bundesliga,"MF,FW",25.0,2470,1,Ball Progressor,78.5,78.5,2.6292104690522624
Gerrit Holtmann,1920,Paderborn 07,GER-Bundesliga,"MF,DF",24.0,1065,1,Ball Progressor,17.5,17.5,4.121804170816216
Kai Pröger,1920,Paderborn 07,GER-Bundesliga,"MF,FW",27.0,2079,1,Ball Progressor,69.5,69.5,2.8485499129958316
Klaus Gjasula,1920,Paderborn 07,GER-Bundesliga,MF,29.0,2280,0,Defensive Anchor,96.1,96.1,1.8978231357025088
Sebastian Vasiliadis,1920,Paderborn 07,GER-Bundesliga,MF,21.0,2808,0,Defensive Anchor,100.0,100.0,1.6527519358677107
Christopher Nkunku,1920,RB Leipzig,GER-Bundesliga,"MF,FW",21.0,1925,2,Creative Playmaker,58.2,58.2,3.9707654032300552
Diego Demme,1920,RB Leipzig,GER-Bundesliga,MF,27.0,1211,3,Box-to-Box Engine,67.4,67.4,3.051003589185882
Diego Demme,1920,RB Leipzig,GER-Bundesliga,MF,27.0,902,3,Box-to-Box Engine,67.4,67.4,3.051003589185882
Emil Forsberg,1920,RB Leipzig,GER-Bundesliga,MF,27.0,1141,2,Creative Playmaker,79.2,79.2,3.211781035023661
Konrad Laimer,1920,RB Leipzig,GER-Bundesliga,MF,22.0,2115,3,Box-to-Box Engine,26.5,26.5,4.187980081863357
Marcel Sabitzer,1920,RB Leipzig,GER-Bundesliga,"MF,FW",25.0,2499,2,Creative Playmaker,87.3,87.3,2.920151857124395
Tyler Adams,1920,RB Leipzig,GER-Bundesliga,"MF,DF",20.0,953,0,Defensive Anchor,46.1,46.1,3.060189679509634
Alessandro Schöpf,1920,Schalke 04,GER-Bundesliga,MF,25.0,1432,1,Ball Progressor,48.3,48.3,3.368742686447539
Amine Harit,1920,Schalke 04,GER-Bundesliga,"MF,FW",22.0,2102,2,Creative Playmaker,90.9,90.9,2.7891686733916714
Daniel Caligiuri,1920,Schalke 04,GER-Bundesliga,"MF,FW",31.0,2293,1,Ball Progressor,41.1,41.1,3.5452302707627212
Jonas Hofmann,1920,Schalke 04,GER-Bundesliga,MF,22.0,1633,0,Defensive Anchor,68.9,68.9,2.529201435212877
Omar Mascarell,1920,Schalke 04,GER-Bundesliga,MF,26.0,2026,0,Defensive Anchor,0.0,0.0,4.132432300892108
Suat Serdar,1920,Schalke 04,GER-Bundesliga,MF,22.0,1599,0,Defensive Anchor,0.0,0.0,5.0599014302530625
Weston McKennie,1920,Schalke 04,GER-Bundesliga,"MF,DF",20.0,2074,0,Defensive Anchor,65.5,65.5,2.6078629639227855
Christian Gentner,1920,Union Berlin,GER-Bundesliga,MF,33.0,2443,0,Defensive Anchor,72.0,72.0,2.4570474960555893
Grischa Prömel,1920,Union Berlin,GER-Bundesliga,MF,24.0,924,0,Defensive Anchor,84.2,84.2,2.175278527892397
Marcus Ingvartsen,1920,Union Berlin,GER-Bundesliga,"MF,FW",23.0,1716,1,Ball Progressor,55.2,55.2,3.197806715365401
Marius Bülter,1920,Union Berlin,GER-Bundesliga,"MF,FW",26.0,2321,1,Ball Progressor,90.9,90.9,2.3257218989834247
Robert Andrich,1920,Union Berlin,GER-Bundesliga,MF,24.0,2572,0,Defensive Anchor,73.4,73.4,2.424884425266339
Davy Klaassen,1920,Werder Bremen,GER-Bundesliga,MF,26.0,2936,1,Ball Progressor,67.0,67.0,2.9106286876637424
Maximilian Eggestein,1920,Werder Bremen,GER-Bundesliga,MF,22.0,2855,1,Ball Progressor,75.8,75.8,2.6939509424798627
Nuri Şahin,1920,Werder Bremen,GER-Bundesliga,MF,30.0,1249,3,Box-to-Box Engine,26.7,26.7,4.183748992171632
Admir Mehmedi,1920,Wolfsburg,GER-Bundesliga,"MF,FW",28.0,1200,1,Ball Progressor,79.4,79.4,2.606761486089316
Josip Brekalo,1920,Wolfsburg,GER-Bundesliga,"MF,FW",21.0,1670,2,Creative Playmaker,99.9,99.9,2.4664118147418472
Josuha Guilavogui,1920,Wolfsburg,GER-Bundesliga,"MF,DF",28.0,2062,0,Defensive Anchor,82.5,82.5,2.2146600541726906
Maximilian Arnold,1920,Wolfsburg,GER-Bundesliga,MF,25.0,2821,3,Box-to-Box Engine,50.0,50.0,3.5349138156247935
Renato Steffen,1920,Wolfsburg,GER-Bundesliga,"MF,FW",27.0,1585,1,Ball Progressor,66.9,66.9,2.9131887604706623
Victor Sá,1920,Wolfsburg,GER-Bundesliga,"MF,FW",25.0,1629,1,Ball Progressor,77.2,77.2,2.6597285872136656
Xaver Schlager,1920,Wolfsburg,GER-Bundesliga,MF,21.0,1719,0,Defensive Anchor,57.1,57.1,2.803591479048688
Arne Maier,2021,Arminia,GER-Bundesliga,MF,21.0,1034,0,Defensive Anchor,48.0,48.0,3.0148422438929865
Fabian Kunze,2021,Arminia,GER-Bundesliga,MF,22.0,1270,0,Defensive Anchor,82.1,82.1,2.2234567444669255
Manuel Prietl,2021,Arminia,GER-Bundesliga,MF,28.0,2517,0,Defensive Anchor,89.3,89.3,2.056590324699189
Marcel Hartel,2021,Arminia,GER-Bundesliga,MF,24.0,1681,0,Defensive Anchor,93.0,93.0,1.971485167865013
Masaya Okugawa,2021,Arminia,GER-Bundesliga,MF,24.0,914,1,Ball Progressor,13.3,13.3,4.223990930712641
Ritsu Doan,2021,Arminia,GER-Bundesliga,"MF,FW",22.0,2768,1,Ball Progressor,100.0,100.0,1.6184901993466305
Carlos Gruezo,2021,Augsburg,GER-Bundesliga,MF,25.0,2084,0,Defensive Anchor,11.3,11.3,3.8661762209592565
Daniel Caligiuri,2021,Augsburg,GER-Bundesliga,"MF,FW",32.0,2665,1,Ball Progressor,74.3,74.3,2.730203794659881
Rani Khedira,2021,Augsburg,GER-Bundesliga,MF,26.0,1818,0,Defensive Anchor,3.5,3.5,4.0491940944881595
Ruben Vargas,2021,Augsburg,GER-Bundesliga,"MF,FW",21.0,1612,1,Ball Progressor,78.5,78.5,2.627486071103893
Tobias Strobl,2021,Augsburg,GER-Bundesliga,MF,30.0,1846,0,Defensive Anchor,73.2,73.2,2.429045261063808
Joshua Kimmich,2021,Bayern Munich,GER-Bundesliga,MF,25.0,2194,3,Box-to-Box Engine,0.0,0.0,6.367999656099363
Leon Goretzka,2021,Bayern Munich,GER-Bundesliga,MF,25.0,1705,3,Box-to-Box Engine,14.2,14.2,4.531678449865168
Thomas Müller,2021,Bayern Munich,GER-Bundesliga,MF,30.0,2674,2,Creative Playmaker,30.8,30.8,4.956942898613559
Axel Witsel,2021,Dortmund,GER-Bundesliga,MF,31.0,1130,0,Defensive Anchor,17.2,17.2,3.730188001208178
Gio Reyna,2021,Dortmund,GER-Bundesliga,"MF,FW",17.0,1976,2,Creative Playmaker,80.1,80.1,3.1779941242945613
Jude Bellingham,2021,Dortmund,GER-Bundesliga,MF,17.0,1697,3,Box-to-Box Engine,59.8,59.8,3.2632643024926304
Mahmoud Dahoud,2021,Dortmund,GER-Bundesliga,MF,24.0,1258,3,Box-to-Box Engine,81.6,81.6,2.6539966818743186
Marco Reus,2021,Dortmund,GER-Bundesliga,"MF,FW",31.0,2279,2,Creative Playmaker,82.8,82.8,3.083400336950995
Thomas Delaney,2021,Dortmund,GER-Bundesliga,MF,28.0,1286,0,Defensive Anchor,43.1,43.1,3.1295542838581056
Amin Younes,2021,Eint Frankfurt,GER-Bundesliga,MF,26.0,1391,2,Creative Playmaker,92.3,92.3,2.737917167822358
Aymen Barkok,2021,Eint Frankfurt,GER-Bundesliga,"MF,DF",22.0,977,2,Creative Playmaker,81.7,81.7,3.1230949462975435
Daichi Kamada,2021,Eint Frankfurt,GER-Bundesliga,MF,23.0,2356,2,Creative Playmaker,97.8,97.8,2.539225007932185
Djibril Sow,2021,Eint Frankfurt,GER-Bundesliga,MF,23.0,2175,0,Defensive Anchor,85.7,85.7,2.140844904356291
Dominik Kohr,2021,Eint Frankfurt,GER-Bundesliga,"MF,DF",26.0,1268,0,Defensive Anchor,0.0,0.0,5.88991171134173
Sebastian Rode,2021,Eint Frankfurt,GER-Bundesliga,MF,29.0,1625,3,Box-to-Box Engine,51.6,51.6,3.489952231412038
Stefan Ilsanker,2021,Eint Frankfurt,GER-Bundesliga,"MF,DF",31.0,1578,0,Defensive Anchor,90.0,90.0,2.040830479149595
Baptiste Santamaria,2021,Freiburg,GER-Bundesliga,MF,25.0,2209,0,Defensive Anchor,93.4,93.4,1.9613789832177415
Jonathan Schmid,2021,Freiburg,GER-Bundesliga,"MF,DF",30.0,2393,1,Ball Progressor,96.7,96.7,2.1835921679996972
Nicolas Höfler,2021,Freiburg,GER-Bundesliga,MF,30.0,2729,0,Defensive Anchor,78.7,78.7,2.3035130413348353
Roland Sallai,2021,Freiburg,GER-Bundesliga,"MF,FW",23.0,1661,1,Ball Progressor,15.6,15.6,4.169175819003904
Vincenzo Grifo,2021,Freiburg,GER-Bundesliga,"MF,FW",27.0,2313,2,Creative Playmaker,88.8,88.8,2.86613360274126
Christoph Kramer,2021,Gladbach,GER-Bundesliga,MF,29.0,2033,0,Defensive Anchor,99.6,99.6,1.8178187877170093
Denis Zakaria,2021,Gladbach,GER-Bundesliga,"MF,DF",23.0,1419,0,Defensive Anchor,100.0,100.0,1.4948082217221081
Florian Neuhaus,2021,Gladbach,GER-Bundesliga,MF,23.0,2622,3,Box-to-Box Engine,100.0,100.0,2.1166212026384605
Hannes Wolf,2021,Gladbach,GER-Bundesliga,"MF,FW",21.0,1378,1,Ball Progressor,100.0,100.0,1.8103765106043959
Lars Stindl,2021,Gladbach,GER-Bundesliga,"MF,FW",31.0,1961,2,Creative Playmaker,17.8,17.8,5.426845183635501
Arne Maier,2021,Hertha BSC,GER-Bundesliga,MF,21.0,1034,2,Creative Playmaker,0.0,0.0,9.34182346702719
Lucas Tousart,2021,Hertha BSC,GER-Bundesliga,MF,23.0,2090,0,Defensive Anchor,94.5,94.5,1.9354684430869042
Mattéo Guendouzi,2021,Hertha BSC,GER-Bundesliga,MF,21.0,1818,3,Box-to-Box Engine,80.1,80.1,2.697579133522985
Vladimír Darida,2021,Hertha BSC,GER-Bundesliga,MF,29.0,1903,1,Ball Progressor,63.8,63.8,2.9884771867854183
Christoph Baumgartner,2021,Hoffenheim,GER-Bundesliga,"MF,FW",20.0,2369,1,Ball Progressor,100.0,100.0,1.8176056207905158
Diadie Samassékou,2021,Hoffenheim,GER-Bundesliga,MF,24.0,2563,0,Defensive Anchor,52.0,52.0,2.9228813303355685
Florian Grillitsch,2021,Hoffenheim,GER-Bundesliga,"MF,DF",24.0,1879,3,Box-to-Box Engine,44.3,44.3,3.6949112489130806
Sebastian Rudy,2021,Hoffenheim,GER-Bundesliga,"MF,FW",30.0,1678,1,Ball Progressor,64.5,64.5,2.9704231287934704
Dominick Drexler,2021,Köln,GER-Bundesliga,"MF,FW",30.0,1233,1,Ball Progressor,50.9,50.9,3.302995478696644
Ellyes Skhiri,2021,Köln,GER-Bundesliga,MF,25.0,2785,0,Defensive Anchor,47.4,47.4,3.0290831629206907
Elvis Rexhbeçaj,2021,Köln,GER-Bundesliga,"MF,FW",22.0,1833,1,Ball Progressor,63.8,63.8,2.988524765799973
Ismail Jakobs,2021,Köln,GER-Bundesliga,"MF,FW",20.0,1726,1,Ball Progressor,67.0,67.0,2.9100254214854693
Jonas Hector,2021,Köln,GER-Bundesliga,"MF,FW",30.0,1290,1,Ball Progressor,39.5,39.5,3.583428471886143
Marius Wolf,2021,Köln,GER-Bundesliga,"MF,DF",25.0,2551,1,Ball Progressor,100.0,100.0,1.877020445181314
Salih Özcan,2021,Köln,GER-Bundesliga,MF,22.0,1371,0,Defensive Anchor,52.4,52.4,2.9134646586819297
Charles Aránguiz,2021,Leverkusen,GER-Bundesliga,MF,31.0,1669,0,Defensive Anchor,67.9,67.9,2.552144191246033
Florian Wirtz,2021,Leverkusen,GER-Bundesliga,MF,17.0,2224,1,Ball Progressor,77.1,77.1,2.6615810002554596
Julian Baumgartlinger,2021,Leverkusen,GER-Bundesliga,MF,32.0,1072,0,Defensive Anchor,13.9,13.9,3.806870039319082
Kerem Demirbay,2021,Leverkusen,GER-Bundesliga,MF,27.0,1744,3,Box-to-Box Engine,76.6,76.6,2.7947224397444166
Nadiem Amiri,2021,Leverkusen,GER-Bundesliga,MF,23.0,1890,1,Ball Progressor,44.5,44.5,3.461865993904145
Danny Latza,2021,Mainz 05,GER-Bundesliga,MF,30.0,1800,0,Defensive Anchor,51.2,51.2,2.941635534524127
Dominik Kohr,2021,Mainz 05,GER-Bundesliga,MF,26.0,1268,0,Defensive Anchor,69.0,69.0,2.527259829007202
Jean-Paul Boëtius,2021,Mainz 05,GER-Bundesliga,"MF,FW",26.0,2065,1,Ball Progressor,58.4,58.4,3.121294725026898
Leandro Barreiro Martins,2021,Mainz 05,GER-Bundesliga,MF,20.0,2303,0,Defensive Anchor,31.2,31.2,3.405424102263924
Amadou Haidara,2021,RB Leipzig,GER-Bundesliga,"MF,FW",22.0,1905,3,Box-to-Box Engine,65.8,65.8,3.0947306559149235
Dani Olmo,2021,RB Leipzig,GER-Bundesliga,MF,22.0,2194,2,Creative Playmaker,88.8,88.8,2.865617376199123
Kevin Kampl,2021,RB Leipzig,GER-Bundesliga,MF,29.0,1932,3,Box-to-Box Engine,89.0,89.0,2.448149842719633
Marcel Sabitzer,2021,RB Leipzig,GER-Bundesliga,MF,26.0,2026,3,Box-to-Box Engine,2.7,2.7,4.8531242474161544
Tyler Adams,2021,RB Leipzig,GER-Bundesliga,"MF,DF",21.0,1850,3,Box-to-Box Engine,77.4,77.4,2.7726290063939554
Amine Harit,2021,Schalke 04,GER-Bundesliga,"MF,FW",23.0,2101,2,Creative Playmaker,73.7,73.7,3.4109884805137107
Omar Mascarell,2021,Schalke 04,GER-Bundesliga,MF,27.0,1762,0,Defensive Anchor,62.5,62.5,2.6777720341432896
Suat Serdar,2021,Schalke 04,GER-Bundesliga,MF,23.0,1953,0,Defensive Anchor,92.3,92.3,1.9877700881355813
Daniel Didavi,2021,Stuttgart,GER-Bundesliga,"MF,FW",30.0,970,2,Creative Playmaker,73.2,73.2,3.4271521185048694
Gonzalo Castro,2021,Stuttgart,GER-Bundesliga,MF,33.0,1729,2,Creative Playmaker,100.0,100.0,2.2519738392801316
Mateo Klimowicz,2021,Stuttgart,GER-Bundesliga,"MF,FW",20.0,1198,1,Ball Progressor,59.5,59.5,3.0927687058941173
Orel Mangala,2021,Stuttgart,GER-Bundesliga,MF,22.0,2109,0,Defensive Anchor,70.3,70.3,2.4983475277326663
Philipp Förster,2021,Stuttgart,GER-Bundesliga,MF,25.0,1509,2,Creative Playmaker,97.0,97.0,2.5704568137175197
Wataru Endo,2021,Stuttgart,GER-Bundesliga,MF,27.0,2955,0,Defensive Anchor,78.8,78.8,2.2991525967834514
Christian Gentner,2021,Union Berlin,GER-Bundesliga,MF,34.0,1033,0,Defensive Anchor,71.3,71.3,2.47460574548411
Grischa Prömel,2021,Union Berlin,GER-Bundesliga,MF,25.0,1816,0,Defensive Anchor,94.9,94.9,1.9259843917079857
Marcus Ingvartsen,2021,Union Berlin,GER-Bundesliga,"MF,FW",24.0,1963,1,Ball Progressor,80.7,80.7,2.574285167656239
Robert Andrich,2021,Union Berlin,GER-Bundesliga,MF,25.0,2526,0,Defensive Anchor,81.0,81.0,2.2487425053541763
Christian Groß,2021,Werder Bremen,GER-Bundesliga,"MF,DF",31.0,1468,0,Defensive Anchor,56.1,56.1,2.8282095275409422
Jean-Manuel Mbom,2021,Werder Bremen,GER-Bundesliga,"MF,DF",20.0,1160,0,Defensive Anchor,14.8,14.8,3.78558942645605
Kevin Möhwald,2021,Werder Bremen,GER-Bundesliga,MF,27.0,1555,0,Defensive Anchor,0.0,0.0,4.187000879743297
Leonardo Bittencourt,2021,Werder Bremen,GER-Bundesliga,"MF,FW",26.0,1514,1,Ball Progressor,46.2,46.2,3.4202343816593634
Maximilian Eggestein,2021,Werder Bremen,GER-Bundesliga,MF,23.0,2942,0,Defensive Anchor,86.9,86.9,2.1112258327280964
Romano Schmid,2021,Werder Bremen,GER-Bundesliga,"MF,FW",20.0,1177,1,Ball Progressor,39.0,39.0,3.59439864965891
Maximilian Arnold,2021,Wolfsburg,GER-Bundesliga,MF,26.0,2585,3,Box-to-Box Engine,58.8,58.8,3.2907606637600177
Maximilian Philipp,2021,Wolfsburg,GER-Bundesliga,MF,26.0,1111,1,Ball Progressor,0.0,0.0,5.0050754717114145
Xaver Schlager,2021,Wolfsburg,GER-Bundesliga,MF,22.0,2626,0,Defensive Anchor,52.3,52.3,2.9157523003950887
Yannick Gerhardt,2021,Wolfsburg,GER-Bundesliga,"MF,FW",26.0,1936,1,Ball Progressor,100.0,100.0,1.9610107754860708
Alessandro Schöpf,2122,Arminia,GER-Bundesliga,MF,27.0,2397,1,Ball Progressor,66.8,66.8,2.9143678227934573
Fabian Kunze,2122,Arminia,GER-Bundesliga,MF,23.0,1260,0,Defensive Anchor,86.4,86.4,2.12255538488375
Manuel Prietl,2122,Arminia,GER-Bundesliga,MF,29.0,2123,0,Defensive Anchor,63.1,63.1,2.664164728004245
Masaya Okugawa,2122,Arminia,GER-Bundesliga,"MF,FW",25.0,2531,1,Ball Progressor,45.9,45.9,3.427542184250846
Sebastian Vasiliadis,2122,Arminia,GER-Bundesliga,MF,23.0,1193,0,Defensive Anchor,81.9,81.9,2.228803484438611
André Hahn,2122,Augsburg,GER-Bundesliga,"MF,FW",30.0,2101,1,Ball Progressor,39.0,39.0,3.5961913042014872
Arne Maier,2122,Augsburg,GER-Bundesliga,MF,22.0,1864,1,Ball Progressor,75.5,75.5,2.702881017605017
Carlos Gruezo,2122,Augsburg,GER-Bundesliga,MF,26.0,970,0,Defensive Anchor,28.1,28.1,3.4775299479155946
Mads Pedersen,2122,Augsburg,GER-Bundesliga,"MF,DF",24.0,1391,1,Ball Progressor,88.3,88.3,2.3873705228971036
Niklas Dorsch,2122,Augsburg,GER-Bundesliga,MF,23.0,2324,0,Defensive Anchor,65.8,65.8,2.6020978939489914
Ruben Vargas,2122,Augsburg,GER-Bundesliga,"MF,FW",22.0,1984,1,Ball Progressor,67.8,67.8,2.8899731963240534
Jamal Musiala,2122,Bayern Munich,GER-Bundesliga,"MF,FW",18.0,1465,2,Creative Playmaker,74.3,74.3,3.390088498249035
Joshua Kimmich,2122,Bayern Munich,GER-Bundesliga,MF,26.0,2474,3,Box-to-Box Engine,0.0,0.0,6.437491169387387
Leon Goretzka,2122,Bayern Munich,GER-Bundesliga,MF,26.0,1396,2,Creative Playmaker,56.9,56.9,4.015774276142875
Marcel Sabitzer,2122,Bayern Munich,GER-Bundesliga,"MF,DF",27.0,905,3,Box-to-Box Engine,57.3,57.3,3.3317364097480646
Mickaël Cuisance,2122,Bayern Munich,GER-Bundesliga,MF,21.0,918,3,Box-to-Box Engine,0.0,0.0,8.915602757598512
Thomas Müller,2122,Bayern Munich,GER-Bundesliga,MF,31.0,2558,2,Creative Playmaker,34.9,34.9,4.810513090822998
Anthony Losilla,2122,Bochum,GER-Bundesliga,MF,35.0,2935,0,Defensive Anchor,66.7,66.7,2.5813915420090057
Eduard Löwen,2122,Bochum,GER-Bundesliga,MF,24.0,1416,1,Ball Progressor,45.5,45.5,3.4374506298465306
Elvis Rexhbeçaj,2122,Bochum,GER-Bundesliga,MF,23.0,2542,0,Defensive Anchor,72.4,72.4,2.449682397684555
Miloš Pantović,2122,Bochum,GER-Bundesliga,"MF,FW",25.0,1533,1,Ball Progressor,23.6,23.6,3.9730772530736758
Axel Witsel,2122,Dortmund,GER-Bundesliga,"MF,DF",32.0,1941,0,Defensive Anchor,79.0,79.0,2.2957541824141354
Jude Bellingham,2122,Dortmund,GER-Bundesliga,MF,18.0,2790,1,Ball Progressor,67.3,67.3,2.9017559364145544
Julian Brandt,2122,Dortmund,GER-Bundesliga,"MF,FW",25.0,2078,2,Creative Playmaker,90.3,90.3,2.8125752826068005
Mahmoud Dahoud,2122,Dortmund,GER-Bundesliga,MF,25.0,1658,3,Box-to-Box Engine,100.0,100.0,1.7536692056192282
Marco Reus,2122,Dortmund,GER-Bundesliga,"MF,FW",32.0,2503,2,Creative Playmaker,67.5,67.5,3.6338651099280925
Thomas Delaney,2122,Dortmund,GER-Bundesliga,MF,29.0,1549,0,Defensive Anchor,0.0,0.0,7.072199533483748
Ajdin Hrustic,2122,Eint Frankfurt,GER-Bundesliga,MF,25.0,964,3,Box-to-Box Engine,48.6,48.6,3.5728496863624573
Daichi Kamada,2122,Eint Frankfurt,GER-Bundesliga,MF,24.0,2139,1,Ball Progressor,100.0,100.0,1.9169050732579946
Djibril Sow,2122,Eint Frankfurt,GER-Bundesliga,MF,24.0,2415,0,Defensive Anchor,98.9,98.9,1.833619312220488
Jens Petter Hauge,2122,Eint Frankfurt,GER-Bundesliga,"MF,FW",21.0,1040,1,Ball Progressor,90.8,90.8,2.3272574351332254
Jesper Lindstrøm,2122,Eint Frankfurt,GER-Bundesliga,"MF,FW",21.0,1976,2,Creative Playmaker,54.5,54.5,4.103811115708458
Kristijan Jakić,2122,Eint Frankfurt,GER-Bundesliga,MF,24.0,1879,0,Defensive Anchor,92.6,92.6,1.97951511137204
Baptiste Santamaria,2122,Freiburg,GER-Bundesliga,MF,26.0,2518,1,Ball Progressor,0.0,0.0,7.886826840489466
Maximilian Eggestein,2122,Freiburg,GER-Bundesliga,MF,24.0,2194,0,Defensive Anchor,88.0,88.0,2.087008012598448
Nicolas Höfler,2122,Freiburg,GER-Bundesliga,MF,31.0,2600,0,Defensive Anchor,87.2,87.2,2.104749863217781
Roland Sallai,2122,Freiburg,GER-Bundesliga,"MF,FW",24.0,1551,1,Ball Progressor,26.1,26.1,3.9108859786927463
Vincenzo Grifo,2122,Freiburg,GER-Bundesliga,"MF,FW",28.0,2775,2,Creative Playmaker,82.5,82.5,3.092781538231993
Alassane Pléa,2122,Gladbach,GER-Bundesliga,"MF,FW",28.0,2070,2,Creative Playmaker,61.3,61.3,3.855921056527536
Denis Zakaria,2122,Gladbach,GER-Bundesliga,"MF,DF",24.0,1395,3,Box-to-Box Engine,61.3,61.3,3.2200052032006132
Florian Neuhaus,2122,Gladbach,GER-Bundesliga,MF,24.0,2121,3,Box-to-Box Engine,76.9,76.9,2.7856081960186594
Jonas Hofmann,2122,Gladbach,GER-Bundesliga,"MF,FW",29.0,2078,2,Creative Playmaker,59.9,59.9,3.907273399701891
Lars Stindl,2122,Gladbach,GER-Bundesliga,"MF,FW",32.0,1629,1,Ball Progressor,44.4,44.4,3.4627901446650795
Manu Koné,2122,Gladbach,GER-Bundesliga,MF,20.0,2183,0,Defensive Anchor,100.0,100.0,1.4886914296699925
Håvard Nielsen,2122,Greuther Fürth,GER-Bundesliga,"MF,FW",28.0,1367,1,Ball Progressor,44.9,44.9,3.451122534771927
Jeremy Dudziak,2122,Greuther Fürth,GER-Bundesliga,"MF,FW",25.0,1134,1,Ball Progressor,97.7,97.7,2.1578033868513207
Julian Green,2122,Greuther Fürth,GER-Bundesliga,MF,26.0,1054,1,Ball Progressor,64.2,64.2,2.978538404097082
Max Christiansen,2122,Greuther Fürth,GER-Bundesliga,MF,24.0,2054,0,Defensive Anchor,7.8,7.8,3.949635930215696
Paul Seguin,2122,Greuther Fürth,GER-Bundesliga,MF,26.0,2108,0,Defensive Anchor,81.6,81.6,2.2350801944941003
Timmy Tillman,2122,Greuther Fürth,GER-Bundesliga,MF,22.0,2004,1,Ball Progressor,87.1,87.1,2.416717404895033
Lucas Tousart,2122,Hertha BSC,GER-Bundesliga,MF,24.0,1962,0,Defensive Anchor,100.0,100.0,1.432195504675544
Santiago Ascacíbar,2122,Hertha BSC,GER-Bundesliga,MF,24.0,2375,0,Defensive Anchor,69.6,69.6,2.514079007955578
Suat Serdar,2122,Hertha BSC,GER-Bundesliga,"MF,FW",24.0,2218,0,Defensive Anchor,73.7,73.7,2.4191641313525434
Vladimír Darida,2122,Hertha BSC,GER-Bundesliga,MF,30.0,1786,1,Ball Progressor,73.1,73.1,2.7611609238369788
Angelo Stiller,2122,Hoffenheim,GER-Bundesliga,MF,20.0,1693,0,Defensive Anchor,51.7,51.7,2.9302157920221323
Christoph Baumgartner,2122,Hoffenheim,GER-Bundesliga,"MF,FW",21.0,1888,1,Ball Progressor,72.8,72.8,2.768700610752029
Dennis Geiger,2122,Hoffenheim,GER-Bundesliga,MF,23.0,1377,3,Box-to-Box Engine,41.5,41.5,3.7727526793953494
Diadie Samassékou,2122,Hoffenheim,GER-Bundesliga,MF,25.0,1655,0,Defensive Anchor,97.6,97.6,1.8625072770748399
Dejan Ljubicic,2122,Köln,GER-Bundesliga,"MF,FW",23.0,1969,1,Ball Progressor,80.4,80.4,2.5826345033275064
Ellyes Skhiri,2122,Köln,GER-Bundesliga,MF,26.0,1820,0,Defensive Anchor,43.3,43.3,3.1249124667869976
Florian Kainz,2122,Köln,GER-Bundesliga,"MF,FW",28.0,2320,2,Creative Playmaker,87.9,87.9,2.897555328736284
Jan Thielmann,2122,Köln,GER-Bundesliga,"MF,FW",19.0,1192,1,Ball Progressor,33.4,33.4,3.7320489799652563
Mark Uth,2122,Köln,GER-Bundesliga,"MF,FW",29.0,2025,2,Creative Playmaker,77.5,77.5,3.27164717207187
Ondrej Duda,2122,Köln,GER-Bundesliga,"MF,FW",26.0,1611,1,Ball Progressor,80.2,80.2,2.5862721812793428
Salih Özcan,2122,Köln,GER-Bundesliga,MF,23.0,2312,0,Defensive Anchor,62.5,62.5,2.6789167241634906
Charles Aránguiz,2122,Leverkusen,GER-Bundesliga,MF,32.0,1578,0,Defensive Anchor,40.6,40.6,3.187355039258737
Exequiel Palacios,2122,Leverkusen,GER-Bundesliga,MF,22.0,1097,3,Box-to-Box Engine,47.5,47.5,3.6051666995253266
Florian Wirtz,2122,Leverkusen,GER-Bundesliga,"MF,FW",18.0,1851,2,Creative Playmaker,66.2,66.2,3.6809280864486333
Kerem Demirbay,2122,Leverkusen,GER-Bundesliga,MF,28.0,2049,3,Box-to-Box Engine,92.0,92.0,2.366255407892657
Robert Andrich,2122,Leverkusen,GER-Bundesliga,MF,26.0,1817,0,Defensive Anchor,45.0,45.0,3.084599235938896
Anton Stach,2122,Mainz 05,GER-Bundesliga,MF,22.0,1861,3,Box-to-Box Engine,27.2,27.2,4.169244622318086
Dominik Kohr,2122,Mainz 05,GER-Bundesliga,MF,27.0,1614,0,Defensive Anchor,36.3,36.3,3.286682798479907
Jean-Paul Boëtius,2122,Mainz 05,GER-Bundesliga,MF,27.0,1800,3,Box-to-Box Engine,49.4,49.4,3.5519283891444062
Leandro Barreiro Martins,2122,Mainz 05,GER-Bundesliga,MF,21.0,1789,0,Defensive Anchor,54.6,54.6,2.862791098317715
Lee Jae-sung,2122,Mainz 05,GER-Bundesliga,"MF,FW",28.0,1436,1,Ball Progressor,87.8,87.8,2.4005624435464727
Amadou Haidara,2122,RB Leipzig,GER-Bundesliga,MF,23.0,1326,3,Box-to-Box Engine,77.1,77.1,2.7809235309474563
Dominik Szoboszlai,2122,RB Leipzig,GER-Bundesliga,"MF,FW",20.0,1543,2,Creative Playmaker,62.6,62.6,3.8090201688961955
Emil Forsberg,2122,RB Leipzig,GER-Bundesliga,MF,29.0,1706,2,Creative Playmaker,54.3,54.3,4.111190750574773
Kevin Kampl,2122,RB Leipzig,GER-Bundesliga,MF,30.0,1899,3,Box-to-Box Engine,100.0,100.0,2.1249979916060138
Konrad Laimer,2122,RB Leipzig,GER-Bundesliga,MF,24.0,1240,3,Box-to-Box Engine,28.6,28.6,4.1295029032618125
Marcel Sabitzer,2122,RB Leipzig,GER-Bundesliga,"MF,FW",27.0,905,3,Box-to-Box Engine,0.0,0.0,7.169945342885791
Tyler Adams,2122,RB Leipzig,GER-Bundesliga,MF,22.0,1351,0,Defensive Anchor,58.6,58.6,2.7686534317056033
Atakan Karazor,2122,Stuttgart,GER-Bundesliga,MF,24.0,1898,0,Defensive Anchor,88.6,88.6,2.071538117152223
Orel Mangala,2122,Stuttgart,GER-Bundesliga,MF,23.0,1853,1,Ball Progressor,71.5,71.5,2.799246818853345
Philipp Förster,2122,Stuttgart,GER-Bundesliga,"MF,FW",26.0,967,1,Ball Progressor,88.4,88.4,2.386381673832365
Wataru Endo,2122,Stuttgart,GER-Bundesliga,MF,28.0,2899,0,Defensive Anchor,87.2,87.2,2.105862336743362
Genki Haraguchi,2122,Union Berlin,GER-Bundesliga,MF,30.0,1755,0,Defensive Anchor,65.8,65.8,2.6023889506137965
Grischa Prömel,2122,Union Berlin,GER-Bundesliga,MF,26.0,2422,1,Ball Progressor,33.6,33.6,3.727436137789527
Rani Khedira,2122,Union Berlin,GER-Bundesliga,MF,27.0,2757,0,Defensive Anchor,68.5,68.5,2.5381365125903295
Sebastian Griesbeck,2122,Union Berlin,GER-Bundesliga,MF,30.0,2439,0,Defensive Anchor,0.0,0.0,6.752700459137697
Aster Vranckx,2122,Wolfsburg,GER-Bundesliga,MF,18.0,1141,0,Defensive Anchor,61.5,61.5,2.7027266470878795
Josuha Guilavogui,2122,Wolfsburg,GER-Bundesliga,"MF,DF",30.0,1331,0,Defensive Anchor,7.9,7.9,3.945941205456945
Josuha Guilavogui,2122,Wolfsburg,GER-Bundesliga,"MF,DF",30.0,942,0,Defensive Anchor,7.9,7.9,3.945941205456945
Max Kruse,2122,Wolfsburg,GER-Bundesliga,"MF,FW",33.0,1270,2,Creative Playmaker,18.4,18.4,5.406312324412012
Max Kruse,2122,Wolfsburg,GER-Bundesliga,"MF,FW",33.0,1128,2,Creative Playmaker,18.4,18.4,5.406312324412012
Maximilian Arnold,2122,Wolfsburg,GER-Bundesliga,MF,27.0,2994,3,Box-to-Box Engine,48.5,48.5,3.577230071490304
Maximilian Philipp,2122,Wolfsburg,GER-Bundesliga,MF,27.0,963,1,Ball Progressor,75.3,75.3,2.706969008078366
Xaver Schlager,2122,Wolfsburg,GER-Bundesliga,MF,23.0,1040,0,Defensive Anchor,6.5,6.5,3.9797642215134523
Yannick Gerhardt,2122,Wolfsburg,GER-Bundesliga,"MF,DF",27.0,1574,3,Box-to-Box Engine,77.2,77.2,2.7777426742286715
Arne Engels,2223,Augsburg,GER-Bundesliga,MF,18.0,1440,1,Ball Progressor,46.9,46.9,3.4031415613534928
Arne Maier,2223,Augsburg,GER-Bundesliga,MF,23.0,1960,1,Ball Progressor,94.9,94.9,2.226447505308621
Carlos Gruezo,2223,Augsburg,GER-Bundesliga,MF,27.0,961,0,Defensive Anchor,47.9,47.9,3.0171463019438276
Elvis Rexhbeçaj,2223,Augsburg,GER-Bundesliga,MF,24.0,2524,0,Defensive Anchor,43.1,43.1,3.1300731269198745
Ruben Vargas,2223,Augsburg,GER-Bundesliga,"MF,FW",23.0,1130,1,Ball Progressor,99.0,99.0,2.126884532036175
Jamal Musiala,2223,Bayern Munich,GER-Bundesliga,"MF,FW",19.0,2198,2,Creative Playmaker,73.0,73.0,3.4344422303366327
Joshua Kimmich,2223,Bayern Munich,GER-Bundesliga,MF,27.0,2809,3,Box-to-Box Engine,0.0,0.0,5.032923488581439
Leon Goretzka,2223,Bayern Munich,GER-Bundesliga,MF,27.0,1728,3,Box-to-Box Engine,51.2,51.2,3.5027652589818596
Leroy Sané,2223,Bayern Munich,GER-Bundesliga,"MF,FW",26.0,2010,2,Creative Playmaker,86.0,86.0,2.967170874138412
Anthony Losilla,2223,Bochum,GER-Bundesliga,MF,36.0,2720,0,Defensive Anchor,82.6,82.6,2.2124687310820623
Kevin Stöger,2223,Bochum,GER-Bundesliga,MF,28.0,2599,2,Creative Playmaker,49.6,49.6,4.279937264840813
Patrick Osterhage,2223,Bochum,GER-Bundesliga,MF,22.0,1029,0,Defensive Anchor,37.2,37.2,3.266618071530629
Philipp Förster,2223,Bochum,GER-Bundesliga,MF,27.0,1309,1,Ball Progressor,48.2,48.2,3.3699236689310026
Emre Can,2223,Dortmund,GER-Bundesliga,MF,28.0,1900,0,Defensive Anchor,45.9,45.9,3.0636158699734533
Jude Bellingham,2223,Dortmund,GER-Bundesliga,MF,19.0,2691,3,Box-to-Box Engine,33.7,33.7,3.987937546945272
Julian Brandt,2223,Dortmund,GER-Bundesliga,"MF,FW",26.0,2397,2,Creative Playmaker,93.2,93.2,2.7053676995270863
Marco Reus,2223,Dortmund,GER-Bundesliga,"MF,FW",33.0,1353,1,Ball Progressor,40.1,40.1,3.5692182462056734
Salih Özcan,2223,Dortmund,GER-Bundesliga,MF,24.0,1576,0,Defensive Anchor,99.0,99.0,1.831525897064722
Daichi Kamada,2223,Eint Frankfurt,GER-Bundesliga,MF,25.0,2265,2,Creative Playmaker,57.0,57.0,4.011085259859172
Djibril Sow,2223,Eint Frankfurt,GER-Bundesliga,MF,25.0,2646,0,Defensive Anchor,64.5,64.5,2.6316316823853603
Jesper Lindstrøm,2223,Eint Frankfurt,GER-Bundesliga,"MF,FW",22.0,1679,1,Ball Progressor,17.9,17.9,4.111298053554674
Mario Götze,2223,Eint Frankfurt,GER-Bundesliga,MF,30.0,2740,1,Ball Progressor,37.6,37.6,3.6289201647576355
Rafael Borré,2223,Eint Frankfurt,GER-Bundesliga,"MF,FW",26.0,1078,1,Ball Progressor,47.8,47.8,3.379822085644394
Sebastian Rode,2223,Eint Frankfurt,GER-Bundesliga,MF,31.0,1414,3,Box-to-Box Engine,80.3,80.3,2.690159621386528
Maximilian Eggestein,2223,Freiburg,GER-Bundesliga,MF,25.0,2451,0,Defensive Anchor,95.1,95.1,1.921419174021646
Nicolas Höfler,2223,Freiburg,GER-Bundesliga,MF,32.0,2816,0,Defensive Anchor,92.7,92.7,1.9762473583419629
Ritsu Doan,2223,Freiburg,GER-Bundesliga,"MF,FW",24.0,2424,1,Ball Progressor,70.6,70.6,2.8218613326202937
Roland Sallai,2223,Freiburg,GER-Bundesliga,"MF,FW",25.0,1002,1,Ball Progressor,58.4,58.4,3.1204674009101065
Vincenzo Grifo,2223,Freiburg,GER-Bundesliga,"MF,FW",29.0,2408,2,Creative Playmaker,62.5,62.5,3.8128771027845256
Christoph Kramer,2223,Gladbach,GER-Bundesliga,MF,31.0,2222,0,Defensive Anchor,70.1,70.1,2.502249493064217
Florian Neuhaus,2223,Gladbach,GER-Bundesliga,MF,25.0,1405,1,Ball Progressor,98.2,98.2,2.1464841201643754
Julian Weigl,2223,Gladbach,GER-Bundesliga,MF,26.0,1894,0,Defensive Anchor,93.5,93.5,1.9590969930439106
Manu Koné,2223,Gladbach,GER-Bundesliga,MF,21.0,2608,0,Defensive Anchor,64.3,64.3,2.6369092102178135
Ivan Šunjić,2223,Hertha BSC,GER-Bundesliga,MF,25.0,993,0,Defensive Anchor,0.0,0.0,4.7415202398951
Jean-Paul Boëtius,2223,Hertha BSC,GER-Bundesliga,MF,28.0,1050,0,Defensive Anchor,21.9,21.9,3.62005066657043
Lucas Tousart,2223,Hertha BSC,GER-Bundesliga,MF,25.0,2944,0,Defensive Anchor,75.5,75.5,2.3768218498925933
Marco Richter,2223,Hertha BSC,GER-Bundesliga,"MF,FW",24.0,1836,1,Ball Progressor,48.9,48.9,3.3527902270681214
Suat Serdar,2223,Hertha BSC,GER-Bundesliga,MF,25.0,2021,0,Defensive Anchor,55.6,55.6,2.8390619133768236
Andrej Kramarić,2223,Hoffenheim,GER-Bundesliga,"MF,FW",31.0,2386,2,Creative Playmaker,22.5,22.5,5.258066878220361
Christoph Baumgartner,2223,Hoffenheim,GER-Bundesliga,"MF,FW",22.0,2567,1,Ball Progressor,62.0,62.0,3.0327329892501225
Dennis Geiger,2223,Hoffenheim,GER-Bundesliga,MF,24.0,1952,0,Defensive Anchor,44.9,44.9,3.0861586312615525
Grischa Prömel,2223,Hoffenheim,GER-Bundesliga,MF,27.0,1454,0,Defensive Anchor,31.6,31.6,3.3948209569107526
Dejan Ljubicic,2223,Köln,GER-Bundesliga,"MF,FW",24.0,1710,1,Ball Progressor,100.0,100.0,1.89700125178746
Ellyes Skhiri,2223,Köln,GER-Bundesliga,MF,27.0,2856,0,Defensive Anchor,37.9,37.9,3.2486562700817156
Eric Martel,2223,Köln,GER-Bundesliga,MF,20.0,2019,0,Defensive Anchor,100.0,100.0,1.7602791458096956
Florian Kainz,2223,Köln,GER-Bundesliga,"MF,FW",29.0,2344,2,Creative Playmaker,76.5,76.5,3.309328835791227
Ondrej Duda,2223,Köln,GER-Bundesliga,MF,27.0,1061,1,Ball Progressor,89.0,89.0,2.371554419805899
Exequiel Palacios,2223,Leverkusen,GER-Bundesliga,MF,23.0,1654,3,Box-to-Box Engine,49.1,49.1,3.559515579449664
Kerem Demirbay,2223,Leverkusen,GER-Bundesliga,MF,29.0,1544,3,Box-to-Box Engine,52.7,52.7,3.461104727204554
Nadiem Amiri,2223,Leverkusen,GER-Bundesliga,"MF,FW",25.0,977,1,Ball Progressor,31.5,31.5,3.779933650347716
Robert Andrich,2223,Leverkusen,GER-Bundesliga,MF,27.0,2406,0,Defensive Anchor,100.0,100.0,1.5598868915660566
Anton Stach,2223,Mainz 05,GER-Bundesliga,MF,23.0,2070,0,Defensive Anchor,17.0,17.0,3.7345067883474363
Dominik Kohr,2223,Mainz 05,GER-Bundesliga,MF,28.0,2292,0,Defensive Anchor,71.6,71.6,2.4661714815406155
Leandro Barreiro Martins,2223,Mainz 05,GER-Bundesliga,MF,22.0,2141,0,Defensive Anchor,15.7,15.7,3.7650589493334876
Lee Jae-sung,2223,Mainz 05,GER-Bundesliga,MF,29.0,1894,1,Ball Progressor,60.8,60.8,3.060943916155286
Amadou Haidara,2223,RB Leipzig,GER-Bundesliga,MF,24.0,1430,0,Defensive Anchor,46.0,46.0,3.061157454938285
Dani Olmo,2223,RB Leipzig,GER-Bundesliga,"MF,FW",24.0,1282,2,Creative Playmaker,85.3,85.3,2.9900678551671613
Dominik Szoboszlai,2223,RB Leipzig,GER-Bundesliga,"MF,FW",21.0,2444,2,Creative Playmaker,89.9,89.9,2.8257415639137258
Emil Forsberg,2223,RB Leipzig,GER-Bundesliga,"MF,FW",30.0,1482,1,Ball Progressor,41.7,41.7,3.5301386680976417
Kevin Kampl,2223,RB Leipzig,GER-Bundesliga,MF,31.0,1372,3,Box-to-Box Engine,67.3,67.3,3.054776556189038
Konrad Laimer,2223,RB Leipzig,GER-Bundesliga,MF,25.0,1468,3,Box-to-Box Engine,27.8,27.8,4.151797681529468
Xaver Schlager,2223,RB Leipzig,GER-Bundesliga,MF,24.0,1506,0,Defensive Anchor,62.0,62.0,2.6911904793372723
Alex Král,2223,Schalke 04,GER-Bundesliga,MF,24.0,2357,0,Defensive Anchor,63.9,63.9,2.646927280116961
Dominick Drexler,2223,Schalke 04,GER-Bundesliga,"MF,FW",32.0,1366,1,Ball Progressor,100.0,100.0,2.060533004635675
Florent Mollet,2223,Schalke 04,GER-Bundesliga,MF,30.0,1089,1,Ball Progressor,41.4,41.4,3.5373816952896053
Rodrigo Zalazar,2223,Schalke 04,GER-Bundesliga,"MF,FW",22.0,1321,1,Ball Progressor,2.2,2.2,4.496166881080701
Tom Krauß,2223,Schalke 04,GER-Bundesliga,MF,21.0,2514,0,Defensive Anchor,53.7,53.7,2.882326359329883
Atakan Karazor,2223,Stuttgart,GER-Bundesliga,MF,25.0,1962,0,Defensive Anchor,75.8,75.8,2.3690632127083004
Naouirou Ahamada,2223,Stuttgart,GER-Bundesliga,MF,20.0,1398,1,Ball Progressor,84.9,84.9,2.471671329631531
Wataru Endo,2223,Stuttgart,GER-Bundesliga,MF,29.0,2922,3,Box-to-Box Engine,81.6,81.6,2.655042873777762
Janik Haberer,2223,Union Berlin,GER-Bundesliga,MF,28.0,2187,1,Ball Progressor,71.2,71.2,2.807813147450858
Rani Khedira,2223,Union Berlin,GER-Bundesliga,MF,28.0,2882,0,Defensive Anchor,71.2,71.2,2.4768868730759244
Christian Groß,2223,Werder Bremen,GER-Bundesliga,MF,33.0,1886,0,Defensive Anchor,92.3,92.3,1.9874465370617367
Ilia Gruev,2223,Werder Bremen,GER-Bundesliga,MF,22.0,1584,0,Defensive Anchor,100.0,100.0,1.4415724560752552
Jens Stage,2223,Werder Bremen,GER-Bundesliga,MF,25.0,1855,1,Ball Progressor,58.2,58.2,3.1265627556278623
Leonardo Bittencourt,2223,Werder Bremen,GER-Bundesliga,"MF,DF",28.0,1629,1,Ball Progressor,64.9,64.9,2.960403233768878
Niklas Schmidt,2223,Werder Bremen,GER-Bundesliga,MF,24.0,1087,3,Box-to-Box Engine,40.6,40.6,3.7957163880293048
Romano Schmid,2223,Werder Bremen,GER-Bundesliga,"MF,FW",22.0,1520,1,Ball Progressor,100.0,100.0,1.9420468217320939
Felix Nmecha,2223,Wolfsburg,GER-Bundesliga,MF,21.0,1836,0,Defensive Anchor,83.6,83.6,2.189008436545855
Jérôme Roussillon,2223,Wolfsburg,GER-Bundesliga,"MF,DF",29.0,957,1,Ball Progressor,0.0,0.0,8.57409737695766
Mattias Svanberg,2223,Wolfsburg,GER-Bundesliga,"MF,FW",23.0,1835,1,Ball Progressor,79.6,79.6,2.600668089620323
Maximilian Arnold,2223,Wolfsburg,GER-Bundesliga,MF,28.0,2767,3,Box-to-Box Engine,74.6,74.6,2.85076482134049
Yannick Gerhardt,2223,Wolfsburg,GER-Bundesliga,MF,28.0,1866,1,Ball Progressor,50.8,50.8,3.3058588178772994
Arne Engels,2324,Augsburg,GER-Bundesliga,"MF,DF",19.0,1405,1,Ball Progressor,93.2,93.2,2.2686562462511857
Arne Maier,2324,Augsburg,GER-Bundesliga,MF,24.0,1003,2,Creative Playmaker,52.2,52.2,4.18572903391518
Elvis Rexhbeçaj,2324,Augsburg,GER-Bundesliga,MF,25.0,1985,0,Defensive Anchor,57.9,57.9,2.785083549038514
Fredrik Jensen,2324,Augsburg,GER-Bundesliga,"MF,FW",25.0,1338,1,Ball Progressor,0.0,0.0,5.109705121503528
Kristijan Jakić,2324,Augsburg,GER-Bundesliga,MF,26.0,1051,0,Defensive Anchor,100.0,100.0,1.7173648803092592
Niklas Dorsch,2324,Augsburg,GER-Bundesliga,MF,25.0,1386,0,Defensive Anchor,77.9,77.9,2.32084492409459
Ruben Vargas,2324,Augsburg,GER-Bundesliga,"MF,FW",24.0,1962,1,Ball Progressor,91.8,91.8,2.303255384645836
Aleksandar Pavlovic,2324,Bayern Munich,GER-Bundesliga,MF,19.0,1227,3,Box-to-Box Engine,93.5,93.5,2.32280908763131
Jamal Musiala,2324,Bayern Munich,GER-Bundesliga,"MF,FW",20.0,1755,2,Creative Playmaker,44.7,44.7,4.454986938298693
Joshua Kimmich,2324,Bayern Munich,GER-Bundesliga,"MF,DF",28.0,2176,2,Creative Playmaker,17.9,17.9,5.421769595183363
Leon Goretzka,2324,Bayern Munich,GER-Bundesliga,MF,28.0,2241,3,Box-to-Box Engine,68.3,68.3,3.024686914891409
Thomas Müller,2324,Bayern Munich,GER-Bundesliga,"MF,FW",33.0,1654,2,Creative Playmaker,44.2,44.2,4.47599889047589
Anthony Losilla,2324,Bochum,GER-Bundesliga,MF,37.0,2576,0,Defensive Anchor,64.6,64.6,2.630746835864047
Kevin Stöger,2324,Bochum,GER-Bundesliga,MF,29.0,2668,2,Creative Playmaker,34.2,34.2,4.834443619920226
Matúš Bero,2324,Bochum,GER-Bundesliga,"MF,FW",27.0,1661,1,Ball Progressor,40.2,40.2,3.5663612415317423
Patrick Osterhage,2324,Bochum,GER-Bundesliga,MF,23.0,1861,0,Defensive Anchor,81.0,81.0,2.2479560158954977
Bartol Franjić,2324,Darmstadt 98,GER-Bundesliga,MF,23.0,1229,0,Defensive Anchor,47.5,47.5,3.027654989526501
Fabian Holland,2324,Darmstadt 98,GER-Bundesliga,"MF,DF",33.0,1835,0,Defensive Anchor,82.4,82.4,2.2171137132853094
Julian Justvan,2324,Darmstadt 98,GER-Bundesliga,"MF,FW",25.0,1023,1,Ball Progressor,6.7,6.7,4.386942715972056
Marvin Mehlem,2324,Darmstadt 98,GER-Bundesliga,MF,25.0,1482,1,Ball Progressor,64.8,64.8,2.963574833908002
Tobias Kempe,2324,Darmstadt 98,GER-Bundesliga,MF,34.0,1350,1,Ball Progressor,58.2,58.2,3.1252474691872325
Emre Can,2324,Dortmund,GER-Bundesliga,"MF,DF",29.0,1953,0,Defensive Anchor,58.1,58.1,2.7802001331551485
Felix Nmecha,2324,Dortmund,GER-Bundesliga,MF,22.0,1021,1,Ball Progressor,54.7,54.7,3.2120152352957336
Julian Brandt,2324,Dortmund,GER-Bundesliga,"MF,FW",27.0,2223,2,Creative Playmaker,84.5,84.5,3.019818856090305
Marcel Sabitzer,2324,Dortmund,GER-Bundesliga,MF,29.0,1961,1,Ball Progressor,85.0,85.0,2.4698839412518647
Marco Reus,2324,Dortmund,GER-Bundesliga,"MF,FW",34.0,1601,2,Creative Playmaker,62.4,62.4,3.8194153375233073
Salih Özcan,2324,Dortmund,GER-Bundesliga,MF,25.0,1184,0,Defensive Anchor,55.9,55.9,2.832191816033593
Ansgar Knauff,2324,Eint Frankfurt,GER-Bundesliga,"MF,DF",21.0,2109,1,Ball Progressor,62.4,62.4,3.0236073444423757
Ellyes Skhiri,2324,Eint Frankfurt,GER-Bundesliga,MF,28.0,2168,0,Defensive Anchor,100.0,100.0,1.6307831271996847
Fares Chaïbi,2324,Eint Frankfurt,GER-Bundesliga,"MF,FW",20.0,1912,2,Creative Playmaker,52.6,52.6,4.171714514711238
Hugo Larsson,2324,Eint Frankfurt,GER-Bundesliga,MF,19.0,1886,0,Defensive Anchor,62.7,62.7,2.6733259046813354
Junior Dina Ebimbe,2324,Eint Frankfurt,GER-Bundesliga,"MF,DF",22.0,1956,1,Ball Progressor,78.8,78.8,2.6211422234943695
Kristijan Jakić,2324,Eint Frankfurt,GER-Bundesliga,"MF,FW",26.0,1051,0,Defensive Anchor,0.0,0.0,5.197062982126415
Mario Götze,2324,Eint Frankfurt,GER-Bundesliga,MF,31.0,2068,1,Ball Progressor,72.6,72.6,2.7732618372535622
Maximilian Eggestein,2324,Freiburg,GER-Bundesliga,MF,26.0,2914,0,Defensive Anchor,85.5,85.5,2.143433858148292
Merlin Röhl,2324,Freiburg,GER-Bundesliga,"MF,FW",21.0,1477,1,Ball Progressor,96.2,96.2,2.1952658805809206
Nicolas Höfler,2324,Freiburg,GER-Bundesliga,MF,33.0,2330,0,Defensive Anchor,100.0,100.0,1.6921222577119182
Roland Sallai,2324,Freiburg,GER-Bundesliga,"MF,FW",26.0,1840,1,Ball Progressor,27.4,27.4,3.8790346128940034
Vincenzo Grifo,2324,Freiburg,GER-Bundesliga,"MF,FW",30.0,2325,2,Creative Playmaker,97.4,97.4,2.554194972563273
Florian Neuhaus,2324,Gladbach,GER-Bundesliga,MF,26.0,1224,1,Ball Progressor,48.2,48.2,3.3694966185766098
Julian Weigl,2324,Gladbach,GER-Bundesliga,MF,27.0,2764,0,Defensive Anchor,100.0,100.0,1.398884220682939
Manu Koné,2324,Gladbach,GER-Bundesliga,MF,22.0,1561,1,Ball Progressor,71.0,71.0,2.812226912419989
Rocco Reitz,2324,Gladbach,GER-Bundesliga,MF,21.0,2136,0,Defensive Anchor,0.9,0.9,4.109722450609312
Adrian Beck,2324,Heidenheim,GER-Bundesliga,"MF,FW",26.0,974,1,Ball Progressor,73.8,73.8,2.7441690912304133
Jan Schöppner,2324,Heidenheim,GER-Bundesliga,MF,24.0,1998,0,Defensive Anchor,83.1,83.1,2.2006519863692455
Kevin Sessa,2324,Heidenheim,GER-Bundesliga,"MF,FW",23.0,1011,1,Ball Progressor,73.3,73.3,2.7556431217320783
Lennard Maloney,2324,Heidenheim,GER-Bundesliga,MF,23.0,2284,0,Defensive Anchor,65.4,65.4,2.6107204538112083
Marvin Pieringer,2324,Heidenheim,GER-Bundesliga,"MF,FW",23.0,1513,1,Ball Progressor,71.4,71.4,2.8030094279208675
Norman Theuerkauf,2324,Heidenheim,GER-Bundesliga,"MF,DF",36.0,1259,0,Defensive Anchor,98.5,98.5,1.8437578046796983
Andrej Kramarić,2324,Hoffenheim,GER-Bundesliga,"MF,FW",32.0,2199,2,Creative Playmaker,34.2,34.2,4.8363521949414
Angelo Stiller,2324,Hoffenheim,GER-Bundesliga,MF,22.0,2694,1,Ball Progressor,0.0,0.0,7.47287594277206
Anton Stach,2324,Hoffenheim,GER-Bundesliga,MF,24.0,2321,0,Defensive Anchor,8.1,8.1,3.941302818248634
Grischa Prömel,2324,Hoffenheim,GER-Bundesliga,MF,28.0,2139,1,Ball Progressor,96.3,96.3,2.1916284887409434
Umut Tohumcu,2324,Hoffenheim,GER-Bundesliga,MF,18.0,1011,1,Ball Progressor,32.8,32.8,3.746345591224807
Dejan Ljubicic,2324,Köln,GER-Bundesliga,"MF,FW",25.0,2048,1,Ball Progressor,97.7,97.7,2.1594151578586893
Denis Huseinbasic,2324,Köln,GER-Bundesliga,MF,22.0,1627,0,Defensive Anchor,78.3,78.3,2.312692714763256
Eric Martel,2324,Köln,GER-Bundesliga,MF,21.0,2457,0,Defensive Anchor,54.0,54.0,2.876700173138087
Florian Kainz,2324,Köln,GER-Bundesliga,"MF,FW",30.0,2197,1,Ball Progressor,71.9,71.9,2.790290868128083
Luca Waldschmidt,2324,Köln,GER-Bundesliga,"MF,FW",27.0,1146,1,Ball Progressor,100.0,100.0,1.710566989186726
Exequiel Palacios,2324,Leverkusen,GER-Bundesliga,MF,24.0,1831,3,Box-to-Box Engine,55.2,55.2,3.390549002249594
Florian Wirtz,2324,Leverkusen,GER-Bundesliga,MF,20.0,2372,2,Creative Playmaker,8.9,8.9,5.747899797114986
Granit Xhaka,2324,Leverkusen,GER-Bundesliga,MF,30.0,2821,3,Box-to-Box Engine,41.1,41.1,3.7838981628894333
Jonas Hofmann,2324,Leverkusen,GER-Bundesliga,MF,31.0,2204,2,Creative Playmaker,58.8,58.8,3.948341352845496
Nadiem Amiri,2324,Leverkusen,GER-Bundesliga,MF,26.0,1315,3,Box-to-Box Engine,0.0,0.0,7.44588721199587
Robert Andrich,2324,Leverkusen,GER-Bundesliga,"MF,DF",28.0,1690,3,Box-to-Box Engine,91.1,91.1,2.3906213549201945
Anton Stach,2324,Mainz 05,GER-Bundesliga,MF,24.0,2321,0,Defensive Anchor,6.8,6.8,3.971770534992845
Brajan Gruda,2324,Mainz 05,GER-Bundesliga,"MF,FW",19.0,1641,2,Creative Playmaker,74.6,74.6,3.3787141739794913
Leandro Barreiro Martins,2324,Mainz 05,GER-Bundesliga,MF,23.0,2606,0,Defensive Anchor,68.2,68.2,2.5458780805609433
Lee Jae-sung,2324,Mainz 05,GER-Bundesliga,"MF,FW",30.0,2113,1,Ball Progressor,86.1,86.1,2.4422019205964896
Nadiem Amiri,2324,Mainz 05,GER-Bundesliga,MF,26.0,1315,3,Box-to-Box Engine,0.0,0.0,5.45272042074501
Tom Krauß,2324,Mainz 05,GER-Bundesliga,MF,22.0,1346,0,Defensive Anchor,0.0,0.0,4.331288014409633
Amadou Haidara,2324,RB Leipzig,GER-Bundesliga,MF,25.0,1526,0,Defensive Anchor,43.0,43.0,3.1302709691753425
Christoph Baumgartner,2324,RB Leipzig,GER-Bundesliga,"MF,FW",23.0,1158,1,Ball Progressor,46.3,46.3,3.4173329853405123
Dani Olmo,2324,RB Leipzig,GER-Bundesliga,MF,25.0,1449,2,Creative Playmaker,100.0,100.0,2.040091248234574
Kevin Kampl,2324,RB Leipzig,GER-Bundesliga,MF,32.0,1363,3,Box-to-Box Engine,76.1,76.1,2.808993741111018
Xaver Schlager,2324,RB Leipzig,GER-Bundesliga,MF,25.0,2477,3,Box-to-Box Engine,80.9,80.9,2.674196508001889
Xavi Simons,2324,RB Leipzig,GER-Bundesliga,MF,20.0,2653,2,Creative Playmaker,69.9,69.9,3.546471012472626
Angelo Stiller,2324,Stuttgart,GER-Bundesliga,MF,22.0,2694,3,Box-to-Box Engine,92.6,92.6,2.3495392436709452
Atakan Karazor,2324,Stuttgart,GER-Bundesliga,MF,26.0,2623,0,Defensive Anchor,35.8,35.8,3.298821664147732
Enzo Millot,2324,Stuttgart,GER-Bundesliga,"MF,FW",21.0,2241,2,Creative Playmaker,88.0,88.0,2.8954869112389865
Alex Král,2324,Union Berlin,GER-Bundesliga,MF,25.0,1370,0,Defensive Anchor,49.1,49.1,2.9893803331173925
András Schäfer,2324,Union Berlin,GER-Bundesliga,MF,24.0,1214,1,Ball Progressor,70.0,70.0,2.8361916750757388
Aïssa Laïdouni,2324,Union Berlin,GER-Bundesliga,MF,26.0,1071,1,Ball Progressor,30.9,30.9,3.7939025353863896
Brenden Aaronson,2324,Union Berlin,GER-Bundesliga,"MF,FW",22.0,1267,1,Ball Progressor,51.1,51.1,3.2984429956773496
Janik Haberer,2324,Union Berlin,GER-Bundesliga,"MF,DF",29.0,1221,0,Defensive Anchor,80.1,80.1,2.270259422337612
Lucas Tousart,2324,Union Berlin,GER-Bundesliga,MF,26.0,1572,0,Defensive Anchor,71.5,71.5,2.4685992816687627
Rani Khedira,2324,Union Berlin,GER-Bundesliga,MF,29.0,1343,0,Defensive Anchor,50.9,50.9,2.9485823642603886
Jens Stage,2324,Werder Bremen,GER-Bundesliga,MF,26.0,2327,0,Defensive Anchor,70.9,70.9,2.4825279447224986
Leonardo Bittencourt,2324,Werder Bremen,GER-Bundesliga,MF,29.0,1578,1,Ball Progressor,70.7,70.7,2.818855666964536
Romano Schmid,2324,Werder Bremen,GER-Bundesliga,"MF,FW",23.0,2601,2,Creative Playmaker,98.4,98.4,2.520140200299663
Senne Lynen,2324,Werder Bremen,GER-Bundesliga,MF,24.0,1797,0,Defensive Anchor,25.9,25.9,3.528056711040704
Aster Vranckx,2324,Wolfsburg,GER-Bundesliga,MF,20.0,1153,0,Defensive Anchor,82.3,82.3,2.218498208116916
Lovro Majer,2324,Wolfsburg,GER-Bundesliga,"MF,FW",25.0,2106,2,Creative Playmaker,100.0,100.0,2.114644168821412
Mattias Svanberg,2324,Wolfsburg,GER-Bundesliga,MF,24.0,1715,1,Ball Progressor,66.3,66.3,2.927463323223317
Maximilian Arnold,2324,Wolfsburg,GER-Bundesliga,MF,29.0,2506,3,Box-to-Box Engine,66.0,66.0,3.0894599496660695
Yannick Gerhardt,2324,Wolfsburg,GER-Bundesliga,"MF,DF",29.0,1630,1,Ball Progressor,15.3,15.3,4.175892410558816
Alexis Claude-Maurice,2425,Augsburg,GER-Bundesliga,"MF,FW",26.0,2109,1,Ball Progressor,68.5,68.5,2.8722677253031113
Arne Maier,2425,Augsburg,GER-Bundesliga,MF,25.0,938,1,Ball Progressor,25.9,25.9,3.9169664678586305
Elvis Rexhbeçaj,2425,Augsburg,GER-Bundesliga,MF,26.0,1785,1,Ball Progressor,57.1,57.1,3.1519084921204747
Frank Onyeka,2425,Augsburg,GER-Bundesliga,MF,26.0,2586,0,Defensive Anchor,77.7,77.7,2.3251133376543507
Kristijan Jakić,2425,Augsburg,GER-Bundesliga,MF,27.0,2306,0,Defensive Anchor,95.9,95.9,1.9025861884754656
Niklas Dorsch,2425,Augsburg,GER-Bundesliga,MF,26.0,1335,0,Defensive Anchor,0.0,0.0,6.703075876459995
Aleksandar Pavlovic,2425,Bayern Munich,GER-Bundesliga,MF,20.0,1451,3,Box-to-Box Engine,23.6,23.6,4.268888997279887
Jamal Musiala,2425,Bayern Munich,GER-Bundesliga,MF,21.0,1798,2,Creative Playmaker,43.0,43.0,4.518263630169684
Joshua Kimmich,2425,Bayern Munich,GER-Bundesliga,MF,29.0,2847,3,Box-to-Box Engine,0.0,0.0,5.410267971431951
Leon Goretzka,2425,Bayern Munich,GER-Bundesliga,"MF,DF",29.0,1325,3,Box-to-Box Engine,27.0,27.0,4.175166105232376
Thomas Müller,2425,Bayern Munich,GER-Bundesliga,"MF,FW",34.0,1225,2,Creative Playmaker,35.6,35.6,4.785505687116814
Anthony Losilla,2425,Bochum,GER-Bundesliga,MF,38.0,1137,0,Defensive Anchor,12.1,12.1,3.8489066393205933
Dani de Wit,2425,Bochum,GER-Bundesliga,"MF,FW",26.0,1153,1,Ball Progressor,6.8,6.8,4.3851941189698485
Ibrahima Sissoko,2425,Bochum,GER-Bundesliga,MF,26.0,2610,0,Defensive Anchor,100.0,100.0,1.6306742834758359
Matúš Bero,2425,Bochum,GER-Bundesliga,MF,28.0,2565,1,Ball Progressor,69.9,69.9,2.837807444498046
Tom Krauß,2425,Bochum,GER-Bundesliga,MF,23.0,1077,3,Box-to-Box Engine,53.3,53.3,3.4437025655213396
Felix Nmecha,2425,Dortmund,GER-Bundesliga,MF,23.0,1509,0,Defensive Anchor,70.9,70.9,2.4839343006611845
Julian Brandt,2425,Dortmund,GER-Bundesliga,MF,28.0,2303,2,Creative Playmaker,100.0,100.0,2.3858609190834446
Marcel Sabitzer,2425,Dortmund,GER-Bundesliga,MF,30.0,1616,1,Ball Progressor,70.9,70.9,2.814051185454183
Pascal Groß,2425,Dortmund,GER-Bundesliga,"MF,DF",33.0,2327,2,Creative Playmaker,36.6,36.6,4.748102912918391
Ansgar Knauff,2425,Eint Frankfurt,GER-Bundesliga,"MF,DF",22.0,1597,2,Creative Playmaker,79.6,79.6,3.1972666472966704
Ellyes Skhiri,2425,Eint Frankfurt,GER-Bundesliga,MF,29.0,2231,0,Defensive Anchor,87.3,87.3,2.1030258932850256
Fares Chaïbi,2425,Eint Frankfurt,GER-Bundesliga,"MF,FW",21.0,1013,2,Creative Playmaker,74.7,74.7,3.372753769209738
Hugo Larsson,2425,Eint Frankfurt,GER-Bundesliga,MF,20.0,2393,0,Defensive Anchor,91.3,91.3,2.0094443524943855
Jean Mattéo Bahoya,2425,Eint Frankfurt,GER-Bundesliga,"MF,FW",19.0,921,2,Creative Playmaker,46.8,46.8,4.380362948713268
Mario Götze,2425,Eint Frankfurt,GER-Bundesliga,"MF,FW",32.0,1542,1,Ball Progressor,76.2,76.2,2.6837767778441735
Eren Dinkçi,2425,Freiburg,GER-Bundesliga,"MF,FW",22.0,1196,1,Ball Progressor,81.2,81.2,2.561584916733078
Maximilian Eggestein,2425,Freiburg,GER-Bundesliga,MF,27.0,2845,0,Defensive Anchor,100.0,100.0,1.574165284779428
Merlin Röhl,2425,Freiburg,GER-Bundesliga,"MF,FW",22.0,965,1,Ball Progressor,70.2,70.2,2.8323276477050943
Patrick Osterhage,2425,Freiburg,GER-Bundesliga,MF,24.0,2267,0,Defensive Anchor,65.1,65.1,2.6181605454575188
Alassane Pléa,2425,Gladbach,GER-Bundesliga,"MF,FW",31.0,1902,2,Creative Playmaker,44.6,44.6,4.460655635408565
Julian Weigl,2425,Gladbach,GER-Bundesliga,MF,28.0,2881,0,Defensive Anchor,42.4,42.4,3.144993891447444
Kevin Stöger,2425,Gladbach,GER-Bundesliga,MF,30.0,1551,2,Creative Playmaker,72.2,72.2,3.4640791639172135
Philipp Sander,2425,Gladbach,GER-Bundesliga,MF,26.0,1400,0,Defensive Anchor,100.0,100.0,1.4413120690044894
Rocco Reitz,2425,Gladbach,GER-Bundesliga,MF,22.0,1830,0,Defensive Anchor,29.7,29.7,3.4412413598568024
Adrian Beck,2425,Heidenheim,GER-Bundesliga,"MF,FW",27.0,1598,1,Ball Progressor,63.6,63.6,2.9939746339295668
Jan Schöppner,2425,Heidenheim,GER-Bundesliga,MF,25.0,2681,0,Defensive Anchor,82.9,82.9,2.2052538853499244
Niklas Dorsch,2425,Heidenheim,GER-Bundesliga,MF,26.0,1335,0,Defensive Anchor,71.3,71.3,2.473872470518914
Paul Wanner,2425,Heidenheim,GER-Bundesliga,"MF,FW",18.0,1771,1,Ball Progressor,98.6,98.6,2.136651251897434
Andrej Kramarić,2425,Hoffenheim,GER-Bundesliga,"MF,FW",33.0,2767,2,Creative Playmaker,72.6,72.6,3.450521049504314
Anton Stach,2425,Hoffenheim,GER-Bundesliga,"MF,DF",25.0,2585,0,Defensive Anchor,62.6,62.6,2.6773214235510547
Tom Bischof,2425,Hoffenheim,GER-Bundesliga,"MF,FW",19.0,2559,3,Box-to-Box Engine,30.8,30.8,4.0690165498646875
Armin Gigovic,2425,Holstein Kiel,GER-Bundesliga,MF,22.0,1895,1,Ball Progressor,62.2,62.2,3.0268149751192723
Lewis Holtby,2425,Holstein Kiel,GER-Bundesliga,MF,33.0,1238,0,Defensive Anchor,61.2,61.2,2.7092603924151106
Magnus Knudsen,2425,Holstein Kiel,GER-Bundesliga,MF,23.0,1850,0,Defensive Anchor,36.4,36.4,3.2837309720314876
Nicolai Remberg,2425,Holstein Kiel,GER-Bundesliga,MF,24.0,2417,0,Defensive Anchor,31.9,31.9,3.389795763646575
Steven Skrzybski,2425,Holstein Kiel,GER-Bundesliga,"MF,FW",31.0,1323,1,Ball Progressor,38.3,38.3,3.6124738576482605
Aleix García,2425,Leverkusen,GER-Bundesliga,MF,27.0,1455,3,Box-to-Box Engine,10.9,10.9,4.6230640776830345
Exequiel Palacios,2425,Leverkusen,GER-Bundesliga,MF,25.0,1155,3,Box-to-Box Engine,22.7,22.7,4.294547570753756
Florian Wirtz,2425,Leverkusen,GER-Bundesliga,"MF,FW",21.0,2351,2,Creative Playmaker,25.1,25.1,5.163190038174698
Granit Xhaka,2425,Leverkusen,GER-Bundesliga,MF,31.0,2888,3,Box-to-Box Engine,40.6,40.6,3.795594704660856
Nathan Tella,2425,Leverkusen,GER-Bundesliga,"MF,FW",25.0,1359,1,Ball Progressor,31.4,31.4,3.780614455002296
Robert Andrich,2425,Leverkusen,GER-Bundesliga,"MF,DF",29.0,1598,0,Defensive Anchor,51.3,51.3,2.9374861732816235
Kaishu Sano,2425,Mainz 05,GER-Bundesliga,MF,23.0,3043,0,Defensive Anchor,81.5,81.5,2.2365365693892905
Lee Jae-sung,2425,Mainz 05,GER-Bundesliga,MF,31.0,2650,1,Ball Progressor,74.2,74.2,2.732642715954749
Nadiem Amiri,2425,Mainz 05,GER-Bundesliga,MF,27.0,2473,2,Creative Playmaker,47.1,47.1,4.370856209832681
Paul Nebel,2425,Mainz 05,GER-Bundesliga,MF,21.0,2345,1,Ball Progressor,6.3,6.3,4.395059562061828
Amadou Haidara,2425,RB Leipzig,GER-Bundesliga,MF,26.0,1320,0,Defensive Anchor,52.7,52.7,2.905128905338828
Antonio Nusa,2425,RB Leipzig,GER-Bundesliga,"MF,DF",19.0,1558,1,Ball Progressor,94.6,94.6,2.235114041795889
Arthur Vermeeren,2425,RB Leipzig,GER-Bundesliga,MF,19.0,1572,0,Defensive Anchor,54.8,54.8,2.857116034500213
Christoph Baumgartner,2425,RB Leipzig,GER-Bundesliga,MF,24.0,1610,1,Ball Progressor,52.8,52.8,3.2586460030520072
Elif Elmas,2425,RB Leipzig,GER-Bundesliga,MF,24.0,1021,1,Ball Progressor,0.0,0.0,8.93473319668379
Kevin Kampl,2425,RB Leipzig,GER-Bundesliga,MF,33.0,1593,3,Box-to-Box Engine,73.8,73.8,2.873851555150884
Nicolas Seiwald,2425,RB Leipzig,GER-Bundesliga,"MF,DF",23.0,2084,0,Defensive Anchor,46.1,46.1,3.0585717843554288
Xavi Simons,2425,RB Leipzig,GER-Bundesliga,MF,21.0,2150,2,Creative Playmaker,93.5,93.5,2.6976958466772434
Carlo Boukhalfa,2425,St. Pauli,GER-Bundesliga,MF,25.0,1646,1,Ball Progressor,35.8,35.8,3.6743006296301357
Jackson Irvine,2425,St. Pauli,GER-Bundesliga,MF,31.0,2610,0,Defensive Anchor,58.0,58.0,2.7835843132753144
Manolis Saliakas,2425,St. Pauli,GER-Bundesliga,"MF,DF",27.0,2314,1,Ball Progressor,54.6,54.6,3.212901934376041
Philipp Treu,2425,St. Pauli,GER-Bundesliga,"MF,DF",23.0,2881,1,Ball Progressor,65.5,65.5,2.946519208981414
Angelo Stiller,2425,Stuttgart,GER-Bundesliga,MF,23.0,2741,3,Box-to-Box Engine,36.7,36.7,3.9046206258122527
Atakan Karazor,2425,Stuttgart,GER-Bundesliga,MF,27.0,2618,0,Defensive Anchor,100.0,100.0,1.7493010885312712
Chris Führich,2425,Stuttgart,GER-Bundesliga,"MF,FW",26.0,1981,2,Creative Playmaker,57.3,57.3,4.002296446462501
Enzo Millot,2425,Stuttgart,GER-Bundesliga,"MF,FW",22.0,1843,2,Creative Playmaker,82.9,82.9,3.0788900402372965
Jamie Leweling,2425,Stuttgart,GER-Bundesliga,"MF,FW",23.0,1663,1,Ball Progressor,32.8,32.8,3.747198572275773
Aljoscha Kemlein,2425,Union Berlin,GER-Bundesliga,MF,19.0,922,0,Defensive Anchor,62.6,62.6,2.676693353109838
András Schäfer,2425,Union Berlin,GER-Bundesliga,MF,25.0,1534,0,Defensive Anchor,48.7,48.7,2.998861325973279
Janik Haberer,2425,Union Berlin,GER-Bundesliga,"MF,DF",30.0,1696,0,Defensive Anchor,39.6,39.6,3.209297935678535
Jeong Woo-yeong,2425,Union Berlin,GER-Bundesliga,"MF,FW",24.0,1263,1,Ball Progressor,84.9,84.9,2.471439485430166
Rani Khedira,2425,Union Berlin,GER-Bundesliga,MF,30.0,2723,0,Defensive Anchor,50.7,50.7,2.9517209310626282
Jens Stage,2425,Werder Bremen,GER-Bundesliga,MF,27.0,2204,1,Ball Progressor,16.7,16.7,4.142184526964634
Leonardo Bittencourt,2425,Werder Bremen,GER-Bundesliga,MF,30.0,982,1,Ball Progressor,23.3,23.3,3.9800732680401887
Romano Schmid,2425,Werder Bremen,GER-Bundesliga,MF,24.0,2834,2,Creative Playmaker,77.8,77.8,3.262681106896697
Senne Lynen,2425,Werder Bremen,GER-Bundesliga,MF,25.0,2733,0,Defensive Anchor,58.2,58.2,2.777629389486968
Bence Dárdai,2425,Wolfsburg,GER-Bundesliga,MF,18.0,1304,0,Defensive Anchor,14.9,14.9,3.7828506368346817
Mattias Svanberg,2425,Wolfsburg,GER-Bundesliga,MF,25.0,1219,1,Ball Progressor,50.9,50.9,3.305355748029778
Maximilian Arnold,2425,Wolfsburg,GER-Bundesliga,MF,30.0,2356,1,Ball Progressor,7.1,7.1,4.37600801680685
Patrick Wimmer,2425,Wolfsburg,GER-Bundesliga,"MF,FW",23.0,1770,1,Ball Progressor,53.4,53.4,3.243205374082284
Yannick Gerhardt,2425,Wolfsburg,GER-Bundesliga,"MF,DF",30.0,1518,1,Ball Progressor,11.5,11.5,4.2687879094594905
Bryan Cristante,1718,Atalanta,ITA-Serie A,MF,22.0,2824,1,Ball Progressor,49.0,49.0,3.3498418395139065
Jasmin Kurtić,1718,Atalanta,ITA-Serie A,MF,28.0,1440,1,Ball Progressor,85.3,85.3,2.461702923922774
Josip Iličić,1718,Atalanta,ITA-Serie A,"MF,FW",29.0,2002,2,Creative Playmaker,22.6,22.6,5.252501641234383
Marten de Roon,1718,Atalanta,ITA-Serie A,MF,26.0,2571,3,Box-to-Box Engine,78.5,78.5,2.741341930892805
Papu Gómez,1718,Atalanta,ITA-Serie A,"MF,FW",29.0,2750,2,Creative Playmaker,19.5,19.5,5.365983949748482
Remo Freuler,1718,Atalanta,ITA-Serie A,MF,25.0,3006,3,Box-to-Box Engine,100.0,100.0,1.8242903063863773
Cristiano Lombardi,1718,Benevento,ITA-Serie A,"MF,DF",21.0,1112,1,Ball Progressor,78.6,78.6,2.6251378003643135
Danilo Cataldi,1718,Benevento,ITA-Serie A,MF,22.0,2282,3,Box-to-Box Engine,55.3,55.3,3.3861560478881136
Enrico Brignola,1718,Benevento,ITA-Serie A,"MF,FW",18.0,1347,1,Ball Progressor,91.5,91.5,2.309855052143727
Filip Đuričić,1718,Benevento,ITA-Serie A,"MF,FW",25.0,971,1,Ball Progressor,22.3,22.3,4.003461578479697
Guilherme,1718,Benevento,ITA-Serie A,"MF,FW",26.0,2639,1,Ball Progressor,54.0,54.0,3.2285429317518974
Guilherme,1718,Benevento,ITA-Serie A,"MF,FW",26.0,944,1,Ball Progressor,54.0,54.0,3.2285429317518974
Ledian Memushaj,1718,Benevento,ITA-Serie A,MF,30.0,1258,3,Box-to-Box Engine,64.1,64.1,3.142771132193883
Marco D'Alessandro,1718,Benevento,ITA-Serie A,"MF,FW",26.0,1043,1,Ball Progressor,26.6,26.6,3.900214721194221
Nicolas Viola,1718,Benevento,ITA-Serie A,MF,27.0,1850,3,Box-to-Box Engine,83.0,83.0,2.615697261073584
Raman Chibsah,1718,Benevento,ITA-Serie A,MF,24.0,1048,0,Defensive Anchor,43.4,43.4,3.121148481050285
Sandro,1718,Benevento,ITA-Serie A,MF,28.0,1153,0,Defensive Anchor,43.7,43.7,3.1141699971335295
Andrea Poli,1718,Bologna,ITA-Serie A,MF,27.0,2543,0,Defensive Anchor,47.8,47.8,3.019513238074567
Blerim Džemaili,1718,Bologna,ITA-Serie A,"MF,FW",31.0,1193,0,Defensive Anchor,57.5,57.5,2.7953831561822615
Erick Pulgar,1718,Bologna,ITA-Serie A,MF,23.0,2770,0,Defensive Anchor,54.9,54.9,2.8549763551934584
Godfred Donsah,1718,Bologna,ITA-Serie A,MF,21.0,1794,0,Defensive Anchor,41.5,41.5,3.1672342249000374
Artur Ioniță,1718,Cagliari,ITA-Serie A,MF,26.0,2669,0,Defensive Anchor,77.9,77.9,2.321575849619317
João Pedro,1718,Cagliari,ITA-Serie A,"MF,FW",25.0,1656,1,Ball Progressor,60.9,60.9,3.0604594558791565
Luca Cigarini,1718,Cagliari,ITA-Serie A,MF,31.0,2024,3,Box-to-Box Engine,79.5,79.5,2.714560369986986
Nicolò Barella,1718,Cagliari,ITA-Serie A,MF,20.0,2955,3,Box-to-Box Engine,83.4,83.4,2.6049344849323135
Emanuele Giaccherini,1718,Chievo,ITA-Serie A,"MF,FW",32.0,903,1,Ball Progressor,8.6,8.6,4.339724362902388
Ivan Radovanović,1718,Chievo,ITA-Serie A,MF,28.0,3140,0,Defensive Anchor,87.3,87.3,2.102015597944932
Lucas Castro,1718,Chievo,ITA-Serie A,MF,28.0,1985,3,Box-to-Box Engine,66.0,66.0,3.089585778971516
Nicola Rigoni,1718,Chievo,ITA-Serie A,MF,26.0,933,0,Defensive Anchor,80.0,80.0,2.2715118053676346
Përparim Hetemaj,1718,Chievo,ITA-Serie A,MF,30.0,2415,0,Defensive Anchor,48.5,48.5,3.0040726819075143
Samuel Bastien,1718,Chievo,ITA-Serie A,MF,20.0,1355,0,Defensive Anchor,44.3,44.3,3.1003005121131824
Valter Birsa,1718,Chievo,ITA-Serie A,"MF,FW",30.0,2504,2,Creative Playmaker,95.7,95.7,2.61687980696392
Adrian Stoian,1718,Crotone,ITA-Serie A,"MF,FW",26.0,2133,1,Ball Progressor,48.2,48.2,3.3710511063893764
Andrea Barberis,1718,Crotone,ITA-Serie A,MF,23.0,3029,0,Defensive Anchor,88.5,88.5,2.074878221681208
Marcus Rohdén,1718,Crotone,ITA-Serie A,MF,26.0,1632,0,Defensive Anchor,37.5,37.5,3.259415283412684
Rolando Mandragora,1718,Crotone,ITA-Serie A,MF,20.0,3240,0,Defensive Anchor,78.4,78.4,2.3092896355348502
Bryan Dabo,1718,Fiorentina,ITA-Serie A,MF,25.0,1284,0,Defensive Anchor,0.0,0.0,4.566713628373184
Carlos Sánchez,1718,Fiorentina,ITA-Serie A,"MF,DF",31.0,1122,0,Defensive Anchor,0.0,0.0,4.958527854703628
Jordan Veretout,1718,Fiorentina,ITA-Serie A,MF,24.0,3209,3,Box-to-Box Engine,100.0,100.0,2.0225856744087913
Marco Benassi,1718,Fiorentina,ITA-Serie A,"MF,FW",22.0,2782,1,Ball Progressor,100.0,100.0,2.0537751011025716
Milan Badelj,1718,Fiorentina,ITA-Serie A,MF,28.0,2351,3,Box-to-Box Engine,37.1,37.1,3.894128148235805
Riccardo Saponara,1718,Fiorentina,ITA-Serie A,"MF,FW",25.0,900,2,Creative Playmaker,35.6,35.6,4.784733850633664
Andrea Bertolacci,1718,Genoa,ITA-Serie A,MF,26.0,2895,0,Defensive Anchor,84.0,84.0,2.180225888256804
Daniel Bessa,1718,Genoa,ITA-Serie A,MF,24.0,1389,1,Ball Progressor,9.5,9.5,4.318547906450117
Federico Ricci,1718,Genoa,ITA-Serie A,MF,23.0,921,1,Ball Progressor,22.4,22.4,4.002710097815998
Luca Rigoni,1718,Genoa,ITA-Serie A,MF,32.0,1574,1,Ball Progressor,34.3,34.3,3.711812933637306
Miguel Veloso,1718,Genoa,ITA-Serie A,MF,31.0,1734,0,Defensive Anchor,60.0,60.0,2.7365562040594207
Oscar Hiljemark,1718,Genoa,ITA-Serie A,MF,25.0,1279,2,Creative Playmaker,44.4,44.4,4.46634289114623
Bruno Zuculini,1718,Hellas Verona,ITA-Serie A,MF,24.0,1216,0,Defensive Anchor,0.0,0.0,4.970987654283381
Daniel Bessa,1718,Hellas Verona,ITA-Serie A,"MF,FW",24.0,1389,1,Ball Progressor,49.4,49.4,3.341402155387227
Marcel Büchel,1718,Hellas Verona,ITA-Serie A,MF,26.0,1696,0,Defensive Anchor,45.1,45.1,3.082145803705471
Marco Fossati,1718,Hellas Verona,ITA-Serie A,MF,24.0,1101,0,Defensive Anchor,31.7,31.7,3.3947747488363373
Mattia Valoti,1718,Hellas Verona,ITA-Serie A,"MF,FW",23.0,1577,0,Defensive Anchor,2.6,2.6,4.0695926641785185
Rômulo,1718,Hellas Verona,ITA-Serie A,"MF,DF",30.0,3168,1,Ball Progressor,39.1,39.1,3.593733028940043
Borja Valero,1718,Inter,ITA-Serie A,MF,32.0,2564,3,Box-to-Box Engine,51.4,51.4,3.4969037823580424
João Mário,1718,Inter,ITA-Serie A,"MF,FW",24.0,1022,2,Creative Playmaker,30.3,30.3,4.975240506491709
Marcelo Brozović,1718,Inter,ITA-Serie A,MF,24.0,1926,2,Creative Playmaker,31.4,31.4,4.936861995358154
Matías Vecino,1718,Inter,ITA-Serie A,MF,25.0,2137,3,Box-to-Box Engine,100.0,100.0,1.8614585488727606
Rafinha,1718,Inter,ITA-Serie A,MF,24.0,1851,2,Creative Playmaker,66.2,66.2,3.679666857086532
Rafinha,1718,Inter,ITA-Serie A,MF,24.0,1043,2,Creative Playmaker,66.2,66.2,3.679666857086532
Roberto Gagliardini,1718,Inter,ITA-Serie A,MF,23.0,1988,0,Defensive Anchor,33.1,33.1,3.3614630506530383
Blaise Matuidi,1718,Juventus,ITA-Serie A,MF,30.0,2354,0,Defensive Anchor,64.8,64.8,2.6260245663222412
Miralem Pjanić,1718,Juventus,ITA-Serie A,MF,27.0,2484,3,Box-to-Box Engine,19.0,19.0,4.397525878700134
Paulo Dybala,1718,Juventus,ITA-Serie A,"MF,FW",23.0,2353,2,Creative Playmaker,21.2,21.2,5.305439659424346
Sami Khedira,1718,Juventus,ITA-Serie A,MF,30.0,1912,1,Ball Progressor,13.0,13.0,4.233315800048834
Lucas Leiva,1718,Lazio,ITA-Serie A,MF,30.0,2882,3,Box-to-Box Engine,46.2,46.2,3.6402925527152585
Marco Parolo,1718,Lazio,ITA-Serie A,MF,32.0,2612,0,Defensive Anchor,54.2,54.2,2.8706987071798884
Sergej Milinković-Savić,1718,Lazio,ITA-Serie A,MF,22.0,2844,2,Creative Playmaker,82.3,82.3,3.0994420439113792
Franck Kessié,1718,Milan,ITA-Serie A,MF,20.0,3264,1,Ball Progressor,83.7,83.7,2.500719876303536
Giacomo Bonaventura,1718,Milan,ITA-Serie A,MF,27.0,2541,2,Creative Playmaker,77.3,77.3,3.2807678744579514
Lucas Biglia,1718,Milan,ITA-Serie A,MF,31.0,2039,3,Box-to-Box Engine,44.4,44.4,3.6917785677574373
Riccardo Montolivo,1718,Milan,ITA-Serie A,MF,32.0,1087,3,Box-to-Box Engine,67.9,67.9,3.0379386852570844
Allan,1718,Napoli,ITA-Serie A,MF,26.0,2850,3,Box-to-Box Engine,60.0,60.0,3.255322814072522
Jorginho,1718,Napoli,ITA-Serie A,MF,25.0,2650,3,Box-to-Box Engine,59.2,59.2,3.278738814451913
Marek Hamšík,1718,Napoli,ITA-Serie A,MF,30.0,2371,2,Creative Playmaker,44.8,44.8,4.453661216452605
Piotr Zieliński,1718,Napoli,ITA-Serie A,"MF,FW",23.0,1667,2,Creative Playmaker,58.4,58.4,3.9631563439010904
Daniele De Rossi,1718,Roma,ITA-Serie A,MF,34.0,1829,3,Box-to-Box Engine,53.7,53.7,3.431217939551992
Gerson,1718,Roma,ITA-Serie A,"MF,FW",20.0,909,1,Ball Progressor,81.6,81.6,2.5537164912457353
Kevin Strootman,1718,Roma,ITA-Serie A,MF,27.0,2258,3,Box-to-Box Engine,100.0,100.0,2.0465145980448307
Lorenzo Pellegrini,1718,Roma,ITA-Serie A,MF,21.0,1797,3,Box-to-Box Engine,50.0,50.0,3.533994803359504
Maxime Gonalons,1718,Roma,ITA-Serie A,MF,28.0,1096,3,Box-to-Box Engine,59.3,59.3,3.2757921045392555
Radja Nainggolan,1718,Roma,ITA-Serie A,MF,29.0,2613,2,Creative Playmaker,81.2,81.2,3.1380990962414907
Alberto Grassi,1718,SPAL,ITA-Serie A,MF,22.0,2253,0,Defensive Anchor,71.8,71.8,2.4629215818613184
Federico Viviani,1718,SPAL,ITA-Serie A,MF,25.0,2480,3,Box-to-Box Engine,70.0,70.0,2.977519471235935
Jasmin Kurtić,1718,SPAL,ITA-Serie A,"MF,FW",28.0,1440,0,Defensive Anchor,80.3,80.3,2.2654992106649043
Luca Mora,1718,SPAL,ITA-Serie A,MF,29.0,934,0,Defensive Anchor,23.5,23.5,3.5831183063175214
Pasquale Schiattarella,1718,SPAL,ITA-Serie A,MF,30.0,1990,3,Box-to-Box Engine,56.7,56.7,3.347275667199149
Dennis Praet,1718,Sampdoria,ITA-Serie A,MF,23.0,2657,3,Box-to-Box Engine,56.2,56.2,3.3634467364066776
Filip Đuričić,1718,Sampdoria,ITA-Serie A,MF,25.0,971,1,Ball Progressor,0.0,0.0,9.52696094527449
Gastón Ramírez,1718,Sampdoria,ITA-Serie A,MF,26.0,2214,2,Creative Playmaker,94.2,94.2,2.669202655404846
Karol Linetty,1718,Sampdoria,ITA-Serie A,MF,22.0,2139,1,Ball Progressor,65.0,65.0,2.9579359221625414
Lucas Torreira,1718,Sampdoria,ITA-Serie A,MF,21.0,3180,3,Box-to-Box Engine,53.4,53.4,3.44055915263559
Édgar Barreto,1718,Sampdoria,ITA-Serie A,MF,33.0,1965,0,Defensive Anchor,48.9,48.9,2.9933535165872645
Alfred Duncan,1718,Sassuolo,ITA-Serie A,MF,24.0,1947,1,Ball Progressor,74.6,74.6,2.7228844387890576
Francesco Magnanelli,1718,Sassuolo,ITA-Serie A,MF,32.0,2494,3,Box-to-Box Engine,40.2,40.2,3.808297390818099
Luca Mazzitelli,1718,Sassuolo,ITA-Serie A,MF,21.0,1017,0,Defensive Anchor,49.4,49.4,2.9827705978846555
Simone Missiroli,1718,Sassuolo,ITA-Serie A,MF,31.0,2918,0,Defensive Anchor,81.0,81.0,2.249319181863898
Stefano Sensi,1718,Sassuolo,ITA-Serie A,MF,21.0,1041,3,Box-to-Box Engine,56.5,56.5,3.3534744965823533
Adem Ljajić,1718,Torino,ITA-Serie A,"MF,FW",25.0,2166,2,Creative Playmaker,70.5,70.5,3.527386171272238
Afriyie Acquah,1718,Torino,ITA-Serie A,MF,25.0,951,0,Defensive Anchor,30.4,30.4,3.423671969105357
Daniele Baselli,1718,Torino,ITA-Serie A,MF,25.0,2521,0,Defensive Anchor,71.2,71.2,2.476482864805468
Joel Obi,1718,Torino,ITA-Serie A,MF,26.0,1247,0,Defensive Anchor,8.4,8.4,3.933513386217922
Tomás Rincón,1718,Torino,ITA-Serie A,MF,29.0,2995,0,Defensive Anchor,92.6,92.6,1.9800128219067377
Andrija Balić,1718,Udinese,ITA-Serie A,MF,19.0,1083,0,Defensive Anchor,21.0,21.0,3.642445975050206
Antonín Barák,1718,Udinese,ITA-Serie A,MF,22.0,2713,1,Ball Progressor,100.0,100.0,1.9984812898369035
Jakub Jankto,1718,Udinese,ITA-Serie A,"MF,FW",21.0,2654,1,Ball Progressor,71.9,71.9,2.7904332031397074
Ryder Matos,1718,Udinese,ITA-Serie A,MF,24.0,978,1,Ball Progressor,0.0,0.0,5.269419433962245
Seko Fofana,1718,Udinese,ITA-Serie A,MF,22.0,1868,0,Defensive Anchor,33.6,33.6,3.3503277194319696
Valon Behrami,1718,Udinese,ITA-Serie A,MF,32.0,1398,0,Defensive Anchor,15.6,15.6,3.768157743537687
Mario Pašalić,1819,Atalanta,ITA-Serie A,MF,23.0,1618,1,Ball Progressor,58.7,58.7,3.1133561859117975
Marten de Roon,1819,Atalanta,ITA-Serie A,MF,27.0,2975,3,Box-to-Box Engine,88.9,88.9,2.452812480320544
Papu Gómez,1819,Atalanta,ITA-Serie A,"MF,FW",30.0,2899,2,Creative Playmaker,27.4,27.4,5.081108811070214
Remo Freuler,1819,Atalanta,ITA-Serie A,MF,26.0,3022,3,Box-to-Box Engine,87.9,87.9,2.479216113800887
Andrea Poli,1819,Bologna,ITA-Serie A,MF,28.0,1932,0,Defensive Anchor,37.8,37.8,3.2527997722312834
Blerim Džemaili,1819,Bologna,ITA-Serie A,MF,32.0,1750,3,Box-to-Box Engine,71.9,71.9,2.9242366686713637
Erick Pulgar,1819,Bologna,ITA-Serie A,MF,24.0,2357,3,Box-to-Box Engine,41.3,41.3,3.776744684894021
Mattias Svanberg,1819,Bologna,ITA-Serie A,MF,19.0,1176,1,Ball Progressor,36.1,36.1,3.6677065248404404
Roberto Soriano,1819,Bologna,ITA-Serie A,MF,27.0,1489,1,Ball Progressor,54.2,54.2,3.2231207880293615
Ádám Nagy,1819,Bologna,ITA-Serie A,MF,23.0,975,0,Defensive Anchor,48.1,48.1,3.01260206384241
Artur Ioniță,1819,Cagliari,ITA-Serie A,MF,27.0,2968,0,Defensive Anchor,71.8,71.8,2.4615730519610435
Filip Bradarić,1819,Cagliari,ITA-Serie A,MF,26.0,1494,0,Defensive Anchor,0.0,0.0,5.028837952371357
Luca Cigarini,1819,Cagliari,ITA-Serie A,MF,32.0,1682,3,Box-to-Box Engine,51.2,51.2,3.50299170220299
Nicolò Barella,1819,Cagliari,ITA-Serie A,MF,21.0,3107,3,Box-to-Box Engine,73.8,73.8,2.873488122808465
Paolo Faragò,1819,Cagliari,ITA-Serie A,"MF,DF",25.0,1703,1,Ball Progressor,64.4,64.4,2.973970410620659
Valter Birsa,1819,Cagliari,ITA-Serie A,"MF,FW",31.0,1101,1,Ball Progressor,3.7,3.7,4.459585955735196
Emanuele Giaccherini,1819,Chievo,ITA-Serie A,"MF,FW",33.0,2009,2,Creative Playmaker,84.3,84.3,3.0282155116860414
Ivan Radovanović,1819,Chievo,ITA-Serie A,MF,29.0,1706,0,Defensive Anchor,35.5,35.5,3.305495500465649
Ivan Radovanović,1819,Chievo,ITA-Serie A,MF,29.0,1278,0,Defensive Anchor,35.5,35.5,3.305495500465649
Mehdi Léris,1819,Chievo,ITA-Serie A,"MF,DF",20.0,1607,0,Defensive Anchor,42.3,42.3,3.146468370328194
Nicola Rigoni,1819,Chievo,ITA-Serie A,MF,27.0,1951,0,Defensive Anchor,95.4,95.4,1.914399745830459
Përparim Hetemaj,1819,Chievo,ITA-Serie A,MF,31.0,2156,0,Defensive Anchor,82.2,82.2,2.220422499025404
Valter Birsa,1819,Chievo,ITA-Serie A,"MF,FW",31.0,1101,2,Creative Playmaker,100.0,100.0,2.2467751324499545
Afriyie Acquah,1819,Empoli,ITA-Serie A,MF,26.0,1510,1,Ball Progressor,36.2,36.2,3.664035268590813
Hamed Junior Traorè,1819,Empoli,ITA-Serie A,MF,18.0,2259,3,Box-to-Box Engine,63.8,63.8,3.151490038052909
Ismaël Bennacer,1819,Empoli,ITA-Serie A,MF,20.0,2961,3,Box-to-Box Engine,73.2,73.2,2.888469859512835
Miha Zajc,1819,Empoli,ITA-Serie A,"MF,FW",24.0,1166,2,Creative Playmaker,100.0,100.0,2.3417393297149007
Rade Krunić,1819,Empoli,ITA-Serie A,MF,24.0,2772,2,Creative Playmaker,100.0,100.0,2.143094934141481
Edimilson Fernandes,1819,Fiorentina,ITA-Serie A,MF,22.0,1970,0,Defensive Anchor,81.5,81.5,2.2381763034786797
Gerson,1819,Fiorentina,ITA-Serie A,"MF,FW",21.0,2426,1,Ball Progressor,71.0,71.0,2.8109361334098093
Jordan Veretout,1819,Fiorentina,ITA-Serie A,MF,25.0,2941,3,Box-to-Box Engine,70.0,70.0,2.97748939993233
Marco Benassi,1819,Fiorentina,ITA-Serie A,MF,23.0,2282,1,Ball Progressor,83.2,83.2,2.5123822223183256
Francesco Cassata,1819,Frosinone,ITA-Serie A,MF,21.0,1124,1,Ball Progressor,76.1,76.1,2.6865743227252334
Raffaele Maiello,1819,Frosinone,ITA-Serie A,MF,27.0,2043,0,Defensive Anchor,64.7,64.7,2.6274180635554316
Raman Chibsah,1819,Frosinone,ITA-Serie A,MF,25.0,2622,0,Defensive Anchor,80.4,80.4,2.2634548624843407
Daniel Bessa,1819,Genoa,ITA-Serie A,MF,25.0,2441,1,Ball Progressor,92.2,92.2,2.292151579710452
Esteban Rolón,1819,Genoa,ITA-Serie A,MF,23.0,1046,0,Defensive Anchor,42.3,42.3,3.1484225265039227
Ivan Radovanović,1819,Genoa,ITA-Serie A,MF,29.0,1706,0,Defensive Anchor,38.0,38.0,3.2475739946073743
Ivan Radovanović,1819,Genoa,ITA-Serie A,MF,29.0,1278,0,Defensive Anchor,38.0,38.0,3.2475739946073743
Lukas Lerager,1819,Genoa,ITA-Serie A,MF,25.0,1298,0,Defensive Anchor,41.3,41.3,3.1710888489643687
Lukas Lerager,1819,Genoa,ITA-Serie A,MF,25.0,1122,0,Defensive Anchor,41.3,41.3,3.1710888489643687
Miguel Veloso,1819,Genoa,ITA-Serie A,MF,32.0,1257,0,Defensive Anchor,17.6,17.6,3.719948756774717
Oscar Hiljemark,1819,Genoa,ITA-Serie A,MF,26.0,1196,1,Ball Progressor,91.0,91.0,2.3229448456837787
Rômulo,1819,Genoa,ITA-Serie A,"MF,FW",31.0,1351,1,Ball Progressor,89.9,89.9,2.3504554735791743
Borja Valero,1819,Inter,ITA-Serie A,MF,33.0,1231,3,Box-to-Box Engine,40.4,40.4,3.80185513682659
João Mário,1819,Inter,ITA-Serie A,"MF,FW",25.0,1082,2,Creative Playmaker,49.6,49.6,4.280016406929472
Marcelo Brozović,1819,Inter,ITA-Serie A,MF,25.0,2650,3,Box-to-Box Engine,36.4,36.4,3.914315829000438
Matías Vecino,1819,Inter,ITA-Serie A,MF,26.0,2015,1,Ball Progressor,61.2,61.2,3.0525754324101237
Radja Nainggolan,1819,Inter,ITA-Serie A,MF,30.0,1967,2,Creative Playmaker,100.0,100.0,2.4099164552192223
Roberto Gagliardini,1819,Inter,ITA-Serie A,MF,24.0,1087,3,Box-to-Box Engine,14.1,14.1,4.535311808191874
Blaise Matuidi,1819,Juventus,ITA-Serie A,MF,31.0,2418,0,Defensive Anchor,65.4,65.4,2.6101097888368425
Emre Can,1819,Juventus,ITA-Serie A,MF,24.0,1811,0,Defensive Anchor,19.5,19.5,3.677059676282538
Federico Bernardeschi,1819,Juventus,ITA-Serie A,"MF,FW",24.0,1473,2,Creative Playmaker,87.9,87.9,2.8990205191432175
Juan Cuadrado,1819,Juventus,ITA-Serie A,"MF,DF",30.0,1220,2,Creative Playmaker,66.6,66.6,3.6652579931152887
Miralem Pjanić,1819,Juventus,ITA-Serie A,MF,28.0,2280,3,Box-to-Box Engine,41.2,41.2,3.781464436975722
Rodrigo Bentancur,1819,Juventus,ITA-Serie A,MF,21.0,2003,3,Box-to-Box Engine,94.0,94.0,2.310805488692392
Alessandro Murgia,1819,Lazio,ITA-Serie A,MF,21.0,1072,0,Defensive Anchor,0.0,0.0,8.531983503224062
Lucas Leiva,1819,Lazio,ITA-Serie A,MF,31.0,1987,3,Box-to-Box Engine,40.3,40.3,3.8046107643096994
Luis Alberto,1819,Lazio,ITA-Serie A,"MF,FW",25.0,1990,2,Creative Playmaker,54.0,54.0,4.119068341075642
Marco Parolo,1819,Lazio,ITA-Serie A,MF,33.0,2563,1,Ball Progressor,65.4,65.4,2.94961323195041
Milan Badelj,1819,Lazio,ITA-Serie A,MF,29.0,1141,3,Box-to-Box Engine,26.8,26.8,4.181127889837596
Sergej Milinković-Savić,1819,Lazio,ITA-Serie A,MF,23.0,2396,2,Creative Playmaker,79.7,79.7,3.194404124684737
Franck Kessié,1819,Milan,ITA-Serie A,MF,21.0,3018,1,Ball Progressor,72.2,72.2,2.782093766411558
Hakan Çalhanoğlu,1819,Milan,ITA-Serie A,"MF,FW",24.0,2884,2,Creative Playmaker,90.8,90.8,2.7926715304111065
Lucas Biglia,1819,Milan,ITA-Serie A,MF,32.0,1114,0,Defensive Anchor,11.4,11.4,3.864805995990015
Tiemoué Bakayoko,1819,Milan,ITA-Serie A,MF,23.0,2301,3,Box-to-Box Engine,84.7,84.7,2.5699173500755657
Allan,1819,Napoli,ITA-Serie A,MF,27.0,2616,3,Box-to-Box Engine,49.0,49.0,3.564027719995462
Fabián Ruiz Peña,1819,Napoli,ITA-Serie A,MF,22.0,1992,2,Creative Playmaker,37.6,37.6,4.713215747949532
José Callejón,1819,Napoli,ITA-Serie A,"MF,FW",31.0,2650,2,Creative Playmaker,93.3,93.3,2.7028437646364174
Marek Hamšík,1819,Napoli,ITA-Serie A,MF,31.0,916,3,Box-to-Box Engine,38.4,38.4,3.8594320253210377
Piotr Zieliński,1819,Napoli,ITA-Serie A,MF,24.0,2875,2,Creative Playmaker,73.3,73.3,3.423856046624286
Antonino Barillà,1819,Parma,ITA-Serie A,MF,30.0,2618,0,Defensive Anchor,71.3,71.3,2.4748060102883827
Juraj Kucka,1819,Parma,ITA-Serie A,MF,31.0,1535,0,Defensive Anchor,53.2,53.2,2.895394985324972
Leo Štulac,1819,Parma,ITA-Serie A,MF,23.0,1452,0,Defensive Anchor,36.3,36.3,3.286097165270461
Luca Rigoni,1819,Parma,ITA-Serie A,MF,33.0,1761,0,Defensive Anchor,62.7,62.7,2.674091206206718
Matteo Scozzarella,1819,Parma,ITA-Serie A,MF,30.0,1459,0,Defensive Anchor,51.5,51.5,2.933370236240126
Bryan Cristante,1819,Roma,ITA-Serie A,MF,23.0,2425,3,Box-to-Box Engine,96.3,96.3,2.2453600853688482
Daniele De Rossi,1819,Roma,ITA-Serie A,MF,35.0,1270,3,Box-to-Box Engine,84.9,84.9,2.5627901776194157
Kevin Strootman,1819,Roma,ITA-Serie A,MF,28.0,1942,0,Defensive Anchor,0.0,0.0,6.703291432057611
Lorenzo Pellegrini,1819,Roma,ITA-Serie A,MF,22.0,1821,2,Creative Playmaker,82.6,82.6,3.0906885346609068
Nicolò Zaniolo,1819,Roma,ITA-Serie A,"MF,FW",19.0,1766,1,Ball Progressor,96.2,96.2,2.1948352487745324
Steven Nzonzi,1819,Roma,ITA-Serie A,MF,29.0,2617,0,Defensive Anchor,84.8,84.8,2.1603166542993715
Alessandro Murgia,1819,SPAL,ITA-Serie A,MF,21.0,1072,0,Defensive Anchor,9.8,9.8,3.9030373536055207
Jasmin Kurtić,1819,SPAL,ITA-Serie A,MF,29.0,2557,1,Ball Progressor,73.2,73.2,2.759194681509848
Mattia Valoti,1819,SPAL,ITA-Serie A,MF,24.0,1222,1,Ball Progressor,56.7,56.7,3.161044319224138
Pasquale Schiattarella,1819,SPAL,ITA-Serie A,MF,31.0,1841,3,Box-to-Box Engine,92.5,92.5,2.3514115516920517
Simone Missiroli,1819,SPAL,ITA-Serie A,MF,32.0,2741,0,Defensive Anchor,81.4,81.4,2.239943111152614
Albin Ekdal,1819,Sampdoria,ITA-Serie A,MF,29.0,2646,0,Defensive Anchor,72.7,72.7,2.4412152994593517
Dennis Praet,1819,Sampdoria,ITA-Serie A,MF,24.0,2890,3,Box-to-Box Engine,85.3,85.3,2.5528634940409596
Gastón Ramírez,1819,Sampdoria,ITA-Serie A,MF,27.0,1578,1,Ball Progressor,49.7,49.7,3.3339278106827623
Jakub Jankto,1819,Sampdoria,ITA-Serie A,MF,22.0,963,1,Ball Progressor,13.1,13.1,4.229958237524079
Karol Linetty,1819,Sampdoria,ITA-Serie A,MF,23.0,2507,1,Ball Progressor,83.4,83.4,2.509460372240828
Riccardo Saponara,1819,Sampdoria,ITA-Serie A,MF,26.0,905,2,Creative Playmaker,98.3,98.3,2.5228782003539028
Alfred Duncan,1819,Sassuolo,ITA-Serie A,MF,25.0,1848,1,Ball Progressor,96.1,96.1,2.197346109683312
Francesco Magnanelli,1819,Sassuolo,ITA-Serie A,MF,33.0,1859,0,Defensive Anchor,82.3,82.3,2.2199960984932487
Manuel Locatelli,1819,Sassuolo,ITA-Serie A,MF,20.0,1847,3,Box-to-Box Engine,96.7,96.7,2.234617174802782
Mehdi Bourabia,1819,Sassuolo,ITA-Serie A,MF,26.0,2010,0,Defensive Anchor,100.0,100.0,1.709743967260698
Stefano Sensi,1819,Sassuolo,ITA-Serie A,MF,22.0,1972,3,Box-to-Box Engine,64.0,64.0,3.145003755941334
Daniele Baselli,1819,Torino,ITA-Serie A,MF,26.0,2379,3,Box-to-Box Engine,100.0,100.0,2.0714736672389824
Roberto Soriano,1819,Torino,ITA-Serie A,MF,27.0,1489,1,Ball Progressor,0.0,0.0,4.844375336083252
Saša Lukić,1819,Torino,ITA-Serie A,MF,21.0,989,1,Ball Progressor,89.1,89.1,2.3701067683867825
Soualiho Meïté,1819,Torino,ITA-Serie A,MF,24.0,2659,0,Defensive Anchor,54.1,54.1,2.8728691589799427
Tomás Rincón,1819,Torino,ITA-Serie A,MF,30.0,2799,0,Defensive Anchor,93.4,93.4,1.961827780570298
Álex Berenguer,1819,Torino,ITA-Serie A,"MF,DF",23.0,1486,2,Creative Playmaker,71.5,71.5,3.4881977885716506
Rodrigo De Paul,1819,Udinese,ITA-Serie A,"MF,FW",24.0,3189,2,Creative Playmaker,51.4,51.4,4.213679187802128
Rolando Mandragora,1819,Udinese,ITA-Serie A,MF,21.0,2918,0,Defensive Anchor,70.4,70.4,2.495667984684411
Seko Fofana,1819,Udinese,ITA-Serie A,MF,23.0,2639,1,Ball Progressor,62.2,62.2,3.0275329777960835
Valon Behrami,1819,Udinese,ITA-Serie A,MF,33.0,1361,0,Defensive Anchor,9.9,9.9,3.8988385012847258
Mario Pašalić,1920,Atalanta,ITA-Serie A,MF,24.0,2417,1,Ball Progressor,37.0,37.0,3.6439526085341556
Marten de Roon,1920,Atalanta,ITA-Serie A,"MF,DF",28.0,2721,3,Box-to-Box Engine,100.0,100.0,2.0350432725586503
Papu Gómez,1920,Atalanta,ITA-Serie A,"MF,FW",31.0,2842,2,Creative Playmaker,21.9,21.9,5.278287405908158
Remo Freuler,1920,Atalanta,ITA-Serie A,MF,27.0,2337,3,Box-to-Box Engine,100.0,100.0,1.8166359932956735
Ruslan Malinovskyi,1920,Atalanta,ITA-Serie A,"MF,FW",26.0,1535,2,Creative Playmaker,72.2,72.2,3.4645894309752485
Andrea Poli,1920,Bologna,ITA-Serie A,MF,29.0,1919,0,Defensive Anchor,75.2,75.2,2.38453614638608
Gary Medel,1920,Bologna,ITA-Serie A,MF,31.0,1784,0,Defensive Anchor,84.0,84.0,2.179243431844254
Jerdy Schouten,1920,Bologna,ITA-Serie A,MF,22.0,1082,0,Defensive Anchor,75.5,75.5,2.376719760840076
Mattias Svanberg,1920,Bologna,ITA-Serie A,MF,20.0,1051,1,Ball Progressor,84.5,84.5,2.482682150005603
Roberto Soriano,1920,Bologna,ITA-Serie A,MF,28.0,2469,2,Creative Playmaker,92.1,92.1,2.7473818599440354
Daniele Dessena,1920,Brescia,ITA-Serie A,MF,32.0,1869,0,Defensive Anchor,24.7,24.7,3.5554923279739055
Dimitri Bisoli,1920,Brescia,ITA-Serie A,MF,25.0,2152,1,Ball Progressor,53.7,53.7,3.2364125920715168
Jaromír Zmrhal,1920,Brescia,ITA-Serie A,MF,25.0,1125,1,Ball Progressor,13.0,13.0,4.231001210946408
Nikolas Špalek,1920,Brescia,ITA-Serie A,"MF,FW",22.0,1579,1,Ball Progressor,34.5,34.5,3.705176694396806
Rômulo,1920,Brescia,ITA-Serie A,MF,32.0,1723,1,Ball Progressor,91.9,91.9,2.2996063122674135
Sandro Tonali,1920,Brescia,ITA-Serie A,MF,19.0,3014,3,Box-to-Box Engine,61.9,61.9,3.2034759040225405
Artur Ioniță,1920,Cagliari,ITA-Serie A,MF,28.0,1897,0,Defensive Anchor,57.4,57.4,2.7980431957748624
Luca Cigarini,1920,Cagliari,ITA-Serie A,MF,33.0,1598,3,Box-to-Box Engine,45.3,45.3,3.666217985251779
Marko Rog,1920,Cagliari,ITA-Serie A,MF,24.0,2317,3,Box-to-Box Engine,67.8,67.8,3.0399446070519476
Nahitan Nández,1920,Cagliari,ITA-Serie A,"MF,DF",23.0,2898,1,Ball Progressor,100.0,100.0,2.0301503131745937
Radja Nainggolan,1920,Cagliari,ITA-Serie A,MF,31.0,2071,2,Creative Playmaker,100.0,100.0,2.3773542095696234
Erick Pulgar,1920,Fiorentina,ITA-Serie A,MF,25.0,2950,3,Box-to-Box Engine,37.9,37.9,3.871600543602767
Gaetano Castrovilli,1920,Fiorentina,ITA-Serie A,MF,22.0,2673,1,Ball Progressor,25.8,25.8,3.917907791365661
Marco Benassi,1920,Fiorentina,ITA-Serie A,MF,24.0,980,1,Ball Progressor,100.0,100.0,1.8543206722995806
Milan Badelj,1920,Fiorentina,ITA-Serie A,MF,30.0,1585,0,Defensive Anchor,36.6,36.6,3.280700628577541
Francesco Cassata,1920,Genoa,ITA-Serie A,MF,22.0,1458,1,Ball Progressor,73.3,73.3,2.755198403571494
Ivan Radovanović,1920,Genoa,ITA-Serie A,MF,30.0,1318,0,Defensive Anchor,67.0,67.0,2.574746542175656
Lasse Schöne,1920,Genoa,ITA-Serie A,MF,33.0,2427,3,Box-to-Box Engine,96.3,96.3,2.2469614858787086
Lukas Lerager,1920,Genoa,ITA-Serie A,MF,26.0,1387,1,Ball Progressor,63.9,63.9,2.9848862884227074
Riccardo Saponara,1920,Genoa,ITA-Serie A,"MF,FW",27.0,947,1,Ball Progressor,0.0,0.0,5.840496357235557
Stefano Sturaro,1920,Genoa,ITA-Serie A,MF,26.0,1252,0,Defensive Anchor,76.6,76.6,2.350283752772725
Valon Behrami,1920,Genoa,ITA-Serie A,MF,34.0,1107,0,Defensive Anchor,40.7,40.7,3.1858233339190445
Matteo Pessina,1920,Hellas Verona,ITA-Serie A,MF,22.0,2489,1,Ball Progressor,85.0,85.0,2.4685656937550764
Mattia Zaccagni,1920,Hellas Verona,ITA-Serie A,"MF,FW",24.0,2114,2,Creative Playmaker,56.2,56.2,4.04215625697318
Miguel Veloso,1920,Hellas Verona,ITA-Serie A,MF,33.0,2811,3,Box-to-Box Engine,90.1,90.1,2.4181985736480094
Sofyan Amrabat,1920,Hellas Verona,ITA-Serie A,MF,22.0,2919,3,Box-to-Box Engine,83.6,83.6,2.5998509339452003
Valerio Verre,1920,Hellas Verona,ITA-Serie A,"MF,FW",25.0,1774,1,Ball Progressor,55.1,55.1,3.201112689828204
Borja Valero,1920,Inter,ITA-Serie A,MF,34.0,931,3,Box-to-Box Engine,83.4,83.4,2.604413379343524
Christian Eriksen,1920,Inter,ITA-Serie A,MF,27.0,1097,2,Creative Playmaker,55.0,55.0,4.083157772436205
Marcelo Brozović,1920,Inter,ITA-Serie A,MF,26.0,2701,3,Box-to-Box Engine,100.0,100.0,2.117376447780647
Matías Vecino,1920,Inter,ITA-Serie A,MF,27.0,1282,1,Ball Progressor,84.3,84.3,2.4860224529243764
Nicolò Barella,1920,Inter,ITA-Serie A,MF,22.0,2013,3,Box-to-Box Engine,92.8,92.8,2.342208015067598
Roberto Gagliardini,1920,Inter,ITA-Serie A,MF,25.0,1797,1,Ball Progressor,26.7,26.7,3.896554031947676
Aaron Ramsey,1920,Juventus,ITA-Serie A,MF,28.0,1051,1,Ball Progressor,30.6,30.6,3.8006480703826675
Adrien Rabiot,1920,Juventus,ITA-Serie A,MF,24.0,1912,0,Defensive Anchor,38.6,38.6,3.2330429918069683
Blaise Matuidi,1920,Juventus,ITA-Serie A,MF,32.0,2237,1,Ball Progressor,61.5,61.5,3.0453085287555903
Emre Can,1920,Juventus,ITA-Serie A,MF,25.0,955,1,Ball Progressor,0.0,0.0,6.137382542175246
Federico Bernardeschi,1920,Juventus,ITA-Serie A,"MF,FW",25.0,1571,1,Ball Progressor,25.1,25.1,3.9351249978535408
Miralem Pjanić,1920,Juventus,ITA-Serie A,MF,29.0,2277,3,Box-to-Box Engine,77.2,77.2,2.7768725780088204
Rodrigo Bentancur,1920,Juventus,ITA-Serie A,MF,22.0,2196,3,Box-to-Box Engine,75.9,75.9,2.813076237450497
Lucas Leiva,1920,Lazio,ITA-Serie A,MF,32.0,1808,0,Defensive Anchor,51.8,51.8,2.927635705694252
Luis Alberto,1920,Lazio,ITA-Serie A,MF,26.0,3113,2,Creative Playmaker,17.4,17.4,5.441436097187442
Marco Parolo,1920,Lazio,ITA-Serie A,MF,34.0,1700,0,Defensive Anchor,62.9,62.9,2.668472633117592
Sergej Milinković-Savić,1920,Lazio,ITA-Serie A,MF,24.0,3029,3,Box-to-Box Engine,55.1,55.1,3.3943199374987025
Valon Berisha,1920,Lazio,ITA-Serie A,MF,26.0,941,0,Defensive Anchor,0.0,0.0,6.508634052344912
Andrea Tabanelli,1920,Lecce,ITA-Serie A,MF,29.0,964,0,Defensive Anchor,46.1,46.1,3.0590753775019337
Antonín Barák,1920,Lecce,ITA-Serie A,MF,24.0,1369,1,Ball Progressor,94.4,94.4,2.2391759154125697
Jacopo Petriccione,1920,Lecce,ITA-Serie A,MF,24.0,2138,3,Box-to-Box Engine,65.0,65.0,3.1176871828511223
Marco Mancosu,1920,Lecce,ITA-Serie A,"MF,FW",30.0,2440,1,Ball Progressor,0.0,0.0,5.498275458513339
Panagiotis Tachtsidis,1920,Lecce,ITA-Serie A,MF,28.0,2003,3,Box-to-Box Engine,91.3,91.3,2.3850138086824466
Riccardo Saponara,1920,Lecce,ITA-Serie A,"MF,FW",27.0,947,2,Creative Playmaker,34.6,34.6,4.821797610055216
Yevhen Shakhov,1920,Lecce,ITA-Serie A,"MF,FW",28.0,1085,1,Ball Progressor,62.1,62.1,3.030813112041596
Žan Majer,1920,Lecce,ITA-Serie A,MF,27.0,1664,0,Defensive Anchor,74.9,74.9,2.3913718333446625
Franck Kessié,1920,Milan,ITA-Serie A,MF,22.0,2904,0,Defensive Anchor,78.2,78.2,2.3144535437121125
Giacomo Bonaventura,1920,Milan,ITA-Serie A,"MF,FW",29.0,1338,2,Creative Playmaker,75.4,75.4,3.348470352132553
Hakan Çalhanoğlu,1920,Milan,ITA-Serie A,"MF,FW",25.0,2704,2,Creative Playmaker,100.0,100.0,1.2472688339931748
Ismaël Bennacer,1920,Milan,ITA-Serie A,MF,21.0,2485,3,Box-to-Box Engine,73.8,73.8,2.872077900086617
Lucas Paquetá,1920,Milan,ITA-Serie A,"MF,FW",21.0,1103,3,Box-to-Box Engine,57.9,57.9,3.3138195139403095
Allan,1920,Napoli,ITA-Serie A,MF,28.0,1280,3,Box-to-Box Engine,82.1,82.1,2.641583363548229
Diego Demme,1920,Napoli,ITA-Serie A,MF,27.0,1211,3,Box-to-Box Engine,60.3,60.3,3.2474124176706405
Diego Demme,1920,Napoli,ITA-Serie A,MF,27.0,902,3,Box-to-Box Engine,60.3,60.3,3.2474124176706405
Elif Elmas,1920,Napoli,ITA-Serie A,MF,19.0,1134,1,Ball Progressor,20.5,20.5,4.048250235378598
Fabián Ruiz Peña,1920,Napoli,ITA-Serie A,MF,23.0,2684,3,Box-to-Box Engine,58.3,58.3,3.3043293344775626
Piotr Zieliński,1920,Napoli,ITA-Serie A,MF,25.0,2924,2,Creative Playmaker,51.3,51.3,4.2196563109544085
Stanislav Lobotka,1920,Napoli,ITA-Serie A,MF,24.0,1383,3,Box-to-Box Engine,28.0,28.0,4.148620731636912
Antonino Barillà,1920,Parma,ITA-Serie A,MF,31.0,1688,0,Defensive Anchor,48.3,48.3,3.008954530232494
Gastón Brugman,1920,Parma,ITA-Serie A,MF,26.0,1458,0,Defensive Anchor,42.6,42.6,3.140865554226655
Hernani,1920,Parma,ITA-Serie A,MF,25.0,2419,0,Defensive Anchor,57.7,57.7,2.788881219903512
Jasmin Kurtić,1920,Parma,ITA-Serie A,"MF,FW",30.0,1664,1,Ball Progressor,94.7,94.7,2.230985557498944
Jasmin Kurtić,1920,Parma,ITA-Serie A,"MF,FW",30.0,1409,1,Ball Progressor,94.7,94.7,2.230985557498944
Juraj Kucka,1920,Parma,ITA-Serie A,"MF,FW",32.0,1932,1,Ball Progressor,69.2,69.2,2.857085426782336
Matteo Scozzarella,1920,Parma,ITA-Serie A,MF,31.0,920,0,Defensive Anchor,15.7,15.7,3.7643425368458034
Amadou Diawara,1920,Roma,ITA-Serie A,MF,22.0,1518,0,Defensive Anchor,10.4,10.4,3.8874697714510265
Bryan Cristante,1920,Roma,ITA-Serie A,MF,24.0,1616,3,Box-to-Box Engine,88.6,88.6,2.459629342097531
Henrikh Mkhitaryan,1920,Roma,ITA-Serie A,"MF,FW",30.0,1530,2,Creative Playmaker,66.2,66.2,3.6816465399462865
Jordan Veretout,1920,Roma,ITA-Serie A,MF,26.0,2629,3,Box-to-Box Engine,71.0,71.0,2.950943711707629
Lorenzo Pellegrini,1920,Roma,ITA-Serie A,MF,23.0,2097,2,Creative Playmaker,68.4,68.4,3.6022867444536586
Alessandro Murgia,1920,SPAL,ITA-Serie A,MF,22.0,1750,0,Defensive Anchor,32.3,32.3,3.3801474072314255
Bryan Dabo,1920,SPAL,ITA-Serie A,MF,27.0,1122,0,Defensive Anchor,46.8,46.8,3.042290646749709
Jasmin Kurtić,1920,SPAL,ITA-Serie A,MF,30.0,1664,1,Ball Progressor,42.4,42.4,3.512177506469301
Jasmin Kurtić,1920,SPAL,ITA-Serie A,MF,30.0,1409,1,Ball Progressor,42.4,42.4,3.512177506469301
Mattia Valoti,1920,SPAL,ITA-Serie A,"MF,FW",25.0,1527,1,Ball Progressor,39.1,39.1,3.592359836991814
Mirko Valdifiori,1920,SPAL,ITA-Serie A,MF,33.0,1400,3,Box-to-Box Engine,19.7,19.7,4.378716907312432
Simone Missiroli,1920,SPAL,ITA-Serie A,MF,33.0,2798,0,Defensive Anchor,81.2,81.2,2.244431929092616
Albin Ekdal,1920,Sampdoria,ITA-Serie A,MF,30.0,2385,0,Defensive Anchor,82.2,82.2,2.220650848806269
Fabio Depaoli,1920,Sampdoria,ITA-Serie A,"MF,DF",22.0,1854,1,Ball Progressor,81.4,81.4,2.5567790240996073
Gastón Ramírez,1920,Sampdoria,ITA-Serie A,"MF,FW",28.0,1392,2,Creative Playmaker,58.9,58.9,3.9422946769558598
Jakub Jankto,1920,Sampdoria,ITA-Serie A,"MF,FW",23.0,2095,1,Ball Progressor,94.4,94.4,2.2381185490443865
Karol Linetty,1920,Sampdoria,ITA-Serie A,MF,24.0,2019,1,Ball Progressor,83.4,83.4,2.5095341793831545
Morten Thorsby,1920,Sampdoria,ITA-Serie A,"MF,DF",23.0,1865,0,Defensive Anchor,54.6,54.6,2.8611492178163407
Ronaldo Vieira,1920,Sampdoria,ITA-Serie A,MF,21.0,1819,0,Defensive Anchor,61.6,61.6,2.7002997979111236
Filip Đuričić,1920,Sassuolo,ITA-Serie A,"MF,FW",27.0,1633,2,Creative Playmaker,96.2,96.2,2.597888297462442
Francesco Magnanelli,1920,Sassuolo,ITA-Serie A,MF,34.0,1397,0,Defensive Anchor,23.1,23.1,3.593934177473001
Hamed Junior Traorè,1920,Sassuolo,ITA-Serie A,"MF,FW",19.0,1570,2,Creative Playmaker,100.0,100.0,2.412122730786192
Manuel Locatelli,1920,Sassuolo,ITA-Serie A,MF,21.0,2586,3,Box-to-Box Engine,97.4,97.4,2.215667764719886
Mehdi Bourabia,1920,Sassuolo,ITA-Serie A,MF,27.0,925,3,Box-to-Box Engine,40.4,40.4,3.8009878931487893
Pedro Obiang,1920,Sassuolo,ITA-Serie A,MF,27.0,1674,0,Defensive Anchor,85.8,85.8,2.1377420651886454
Daniele Baselli,1920,Torino,ITA-Serie A,MF,27.0,1278,0,Defensive Anchor,51.2,51.2,2.940015023174979
Saša Lukić,1920,Torino,ITA-Serie A,MF,22.0,1861,0,Defensive Anchor,49.3,49.3,2.9860844491067633
Simone Verdi,1920,Torino,ITA-Serie A,"MF,FW",27.0,2073,2,Creative Playmaker,83.0,83.0,3.0733933521577756
Soualiho Meïté,1920,Torino,ITA-Serie A,MF,25.0,2201,0,Defensive Anchor,56.3,56.3,2.821531887435005
Tomás Rincón,1920,Torino,ITA-Serie A,MF,31.0,2702,0,Defensive Anchor,61.0,61.0,2.7142263037840997
Álex Berenguer,1920,Torino,ITA-Serie A,"MF,DF",24.0,1823,2,Creative Playmaker,95.1,95.1,2.6398487977894813
Antonín Barák,1920,Udinese,ITA-Serie A,"MF,FW",24.0,1369,3,Box-to-Box Engine,0.0,0.0,5.31445990078587
Mato Jajalo,1920,Udinese,ITA-Serie A,MF,31.0,1649,0,Defensive Anchor,78.3,78.3,2.3121061838686625
Rodrigo De Paul,1920,Udinese,ITA-Serie A,MF,25.0,2822,2,Creative Playmaker,48.7,48.7,4.31072958667584
Rolando Mandragora,1920,Udinese,ITA-Serie A,MF,22.0,2050,0,Defensive Anchor,62.8,62.8,2.670465296143772
Seko Fofana,1920,Udinese,ITA-Serie A,MF,24.0,2249,1,Ball Progressor,58.2,58.2,3.1246631514178853
Walace,1920,Udinese,ITA-Serie A,MF,24.0,1139,0,Defensive Anchor,31.8,31.8,3.3920640455747932
Josip Iličić,2021,Atalanta,ITA-Serie A,"MF,FW",32.0,1526,2,Creative Playmaker,10.4,10.4,5.6949102837036305
Mario Pašalić,2021,Atalanta,ITA-Serie A,MF,25.0,1122,2,Creative Playmaker,61.2,61.2,3.8623878106878653
Marten de Roon,2021,Atalanta,ITA-Serie A,MF,29.0,3021,0,Defensive Anchor,44.1,44.1,3.1052981745162547
Matteo Pessina,2021,Atalanta,ITA-Serie A,MF,23.0,1645,1,Ball Progressor,47.6,47.6,3.385109971205182
Papu Gómez,2021,Atalanta,ITA-Serie A,"MF,FW",32.0,914,2,Creative Playmaker,18.7,18.7,5.39387174096576
Remo Freuler,2021,Atalanta,ITA-Serie A,MF,28.0,2712,3,Box-to-Box Engine,88.3,88.3,2.4681206457017812
Ruslan Malinovskyi,2021,Atalanta,ITA-Serie A,"MF,FW",27.0,1876,2,Creative Playmaker,48.4,48.4,4.3214652292205455
Artur Ioniță,2021,Benevento,ITA-Serie A,MF,29.0,2835,0,Defensive Anchor,28.9,28.9,3.457521416178813
Bryan Dabo,2021,Benevento,ITA-Serie A,MF,28.0,1117,0,Defensive Anchor,25.1,25.1,3.546399745787773
Gianluca Caprari,2021,Benevento,ITA-Serie A,"MF,FW",27.0,1865,1,Ball Progressor,49.7,49.7,3.3325947897421746
Nicolas Viola,2021,Benevento,ITA-Serie A,MF,30.0,1036,1,Ball Progressor,2.9,2.9,4.4785951561744435
Pasquale Schiattarella,2021,Benevento,ITA-Serie A,MF,33.0,2247,0,Defensive Anchor,46.6,46.6,3.0478059524907226
Përparim Hetemaj,2021,Benevento,ITA-Serie A,MF,33.0,2212,0,Defensive Anchor,75.4,75.4,2.3800504436492456
Roberto Insigne,2021,Benevento,ITA-Serie A,"MF,FW",26.0,1599,2,Creative Playmaker,74.0,74.0,3.3986133215087375
Jerdy Schouten,2021,Bologna,ITA-Serie A,MF,23.0,2512,0,Defensive Anchor,33.5,33.5,3.3513475115397036
Mattias Svanberg,2021,Bologna,ITA-Serie A,MF,21.0,1852,0,Defensive Anchor,46.6,46.6,3.046832583608104
Nicolás Domínguez,2021,Bologna,ITA-Serie A,MF,22.0,1255,3,Box-to-Box Engine,20.6,20.6,4.352785954567377
Roberto Soriano,2021,Bologna,ITA-Serie A,MF,29.0,3250,1,Ball Progressor,99.3,99.3,2.1203783124605717
Adam Ounas,2021,Cagliari,ITA-Serie A,"MF,FW",23.0,1199,2,Creative Playmaker,64.7,64.7,3.734119158970421
Alfred Duncan,2021,Cagliari,ITA-Serie A,MF,27.0,1068,3,Box-to-Box Engine,72.9,72.9,2.8966952274680278
Marko Rog,2021,Cagliari,ITA-Serie A,MF,25.0,1165,0,Defensive Anchor,55.2,55.2,2.8482712932452343
Nahitan Nández,2021,Cagliari,ITA-Serie A,"MF,DF",24.0,2737,1,Ball Progressor,100.0,100.0,1.7289094996667653
Radja Nainggolan,2021,Cagliari,ITA-Serie A,MF,32.0,1841,1,Ball Progressor,83.8,83.8,2.4975498448206097
Răzvan Marin,2021,Cagliari,ITA-Serie A,MF,24.0,2965,1,Ball Progressor,68.9,68.9,2.8631453721965214
Ahmad Benali,2021,Crotone,ITA-Serie A,MF,28.0,1214,0,Defensive Anchor,26.5,26.5,3.5149225856971564
Eduardo Henrique,2021,Crotone,ITA-Serie A,MF,25.0,924,1,Ball Progressor,30.8,30.8,3.797377857040737
Jacopo Petriccione,2021,Crotone,ITA-Serie A,MF,25.0,958,0,Defensive Anchor,34.1,34.1,3.3380675376079574
Junior Messias,2021,Crotone,ITA-Serie A,"MF,FW",29.0,3215,1,Ball Progressor,43.5,43.5,3.4850227605613733
Luca Cigarini,2021,Crotone,ITA-Serie A,MF,34.0,929,3,Box-to-Box Engine,100.0,100.0,2.0971984745160297
Miloš Vulić,2021,Crotone,ITA-Serie A,MF,23.0,1305,1,Ball Progressor,72.2,72.2,2.781961434903103
Niccolò Zanellato,2021,Crotone,ITA-Serie A,MF,22.0,1637,0,Defensive Anchor,78.4,78.4,2.3090190964772703
Salvatore Molina,2021,Crotone,ITA-Serie A,"MF,DF",28.0,2315,0,Defensive Anchor,62.9,62.9,2.6697898151478605
Alfred Duncan,2021,Fiorentina,ITA-Serie A,MF,27.0,1068,0,Defensive Anchor,17.8,17.8,3.7174892931479984
Erick Pulgar,2021,Fiorentina,ITA-Serie A,MF,26.0,2002,0,Defensive Anchor,75.7,75.7,2.371640952546624
Gaetano Castrovilli,2021,Fiorentina,ITA-Serie A,MF,23.0,2332,1,Ball Progressor,93.4,93.4,2.2626448869178972
Giacomo Bonaventura,2021,Fiorentina,ITA-Serie A,MF,30.0,2256,1,Ball Progressor,89.1,89.1,2.368829374607428
Sofyan Amrabat,2021,Fiorentina,ITA-Serie A,MF,23.0,2441,0,Defensive Anchor,78.2,78.2,2.3144942664305233
Kevin Strootman,2021,Genoa,ITA-Serie A,MF,30.0,1314,3,Box-to-Box Engine,55.8,55.8,3.3738923747267444
Lukas Lerager,2021,Genoa,ITA-Serie A,MF,27.0,1159,0,Defensive Anchor,79.3,79.3,2.2885299236232934
Miha Zajc,2021,Genoa,ITA-Serie A,MF,26.0,1863,0,Defensive Anchor,61.4,61.4,2.7036633741381637
Milan Badelj,2021,Genoa,ITA-Serie A,MF,31.0,2408,0,Defensive Anchor,0.0,0.0,4.1320822549468925
Nicolò Rovella,2021,Genoa,ITA-Serie A,MF,18.0,1187,3,Box-to-Box Engine,64.5,64.5,3.1323355251690423
Adrien Tameze,2021,Hellas Verona,ITA-Serie A,MF,26.0,2304,0,Defensive Anchor,95.6,95.6,1.911110238655565
Antonín Barák,2021,Hellas Verona,ITA-Serie A,MF,25.0,2765,1,Ball Progressor,64.8,64.8,2.963199955601468
Ivan Ilić,2021,Hellas Verona,ITA-Serie A,MF,19.0,1835,3,Box-to-Box Engine,71.1,71.1,2.947234142122652
Mattia Zaccagni,2021,Hellas Verona,ITA-Serie A,MF,25.0,2609,2,Creative Playmaker,62.5,62.5,3.81404020670349
Miguel Veloso,2021,Hellas Verona,ITA-Serie A,MF,34.0,1316,0,Defensive Anchor,62.5,62.5,2.6779688954638505
Arturo Vidal,2021,Inter,ITA-Serie A,MF,33.0,1138,3,Box-to-Box Engine,61.6,61.6,3.2132984335413752
Christian Eriksen,2021,Inter,ITA-Serie A,MF,28.0,1385,3,Box-to-Box Engine,55.7,55.7,3.376899951778798
Marcelo Brozović,2021,Inter,ITA-Serie A,MF,27.0,2581,3,Box-to-Box Engine,84.3,84.3,2.580845507232161
Nicolò Barella,2021,Inter,ITA-Serie A,MF,23.0,2896,3,Box-to-Box Engine,67.6,67.6,3.044852503754334
Radja Nainggolan,2021,Inter,ITA-Serie A,MF,32.0,1841,0,Defensive Anchor,0.0,0.0,7.181750466559781
Roberto Gagliardini,2021,Inter,ITA-Serie A,MF,26.0,1232,0,Defensive Anchor,33.4,33.4,3.353782780909683
Aaron Ramsey,2021,Juventus,ITA-Serie A,MF,29.0,1089,2,Creative Playmaker,90.0,90.0,2.8205587497367324
Adrien Rabiot,2021,Juventus,ITA-Serie A,MF,25.0,2313,3,Box-to-Box Engine,57.8,57.8,3.319183396032997
Arthur Melo,2021,Juventus,ITA-Serie A,MF,23.0,1157,3,Box-to-Box Engine,37.5,37.5,3.883405878111817
Dejan Kulusevski,2021,Juventus,ITA-Serie A,"MF,FW",20.0,1923,2,Creative Playmaker,80.0,80.0,3.1822123806194083
Federico Bernardeschi,2021,Juventus,ITA-Serie A,"MF,DF",26.0,972,2,Creative Playmaker,68.0,68.0,3.6141281698281835
Federico Chiesa,2021,Juventus,ITA-Serie A,"MF,DF",22.0,2210,2,Creative Playmaker,89.6,89.6,2.835745036213849
Rodrigo Bentancur,2021,Juventus,ITA-Serie A,MF,23.0,2324,3,Box-to-Box Engine,80.1,80.1,2.6968739883534587
Weston McKennie,2021,Juventus,ITA-Serie A,MF,21.0,1702,1,Ball Progressor,55.6,55.6,3.1898038332140595
Jean-Daniel Akpa-Akpro,2021,Lazio,ITA-Serie A,MF,27.0,1056,0,Defensive Anchor,51.4,51.4,2.937397499401955
Lucas Leiva,2021,Lazio,ITA-Serie A,MF,33.0,2131,0,Defensive Anchor,33.9,33.9,3.3434791912741457
Luis Alberto,2021,Lazio,ITA-Serie A,MF,27.0,2618,2,Creative Playmaker,26.1,26.1,5.128049938146149
Sergej Milinković-Savić,2021,Lazio,ITA-Serie A,MF,25.0,2746,3,Box-to-Box Engine,48.8,48.8,3.5676606401695317
Brahim Díaz,2021,Milan,ITA-Serie A,"MF,FW",20.0,1228,1,Ball Progressor,28.3,28.3,3.8569809348854722
Franck Kessié,2021,Milan,ITA-Serie A,MF,23.0,3226,3,Box-to-Box Engine,11.6,11.6,4.605523434554295
Hakan Çalhanoğlu,2021,Milan,ITA-Serie A,"MF,FW",26.0,2614,2,Creative Playmaker,90.3,90.3,2.8117169638392046
Ismaël Bennacer,2021,Milan,ITA-Serie A,MF,22.0,1326,3,Box-to-Box Engine,54.4,54.4,3.412935854657784
Sandro Tonali,2021,Milan,ITA-Serie A,MF,20.0,1330,0,Defensive Anchor,70.4,70.4,2.4952869950723238
Soualiho Meïté,2021,Milan,ITA-Serie A,MF,26.0,920,0,Defensive Anchor,55.4,55.4,2.8436454110214906
Diego Demme,2021,Napoli,ITA-Serie A,MF,28.0,1590,3,Box-to-Box Engine,57.3,57.3,3.333122512837669
Fabián Ruiz Peña,2021,Napoli,ITA-Serie A,MF,24.0,2569,3,Box-to-Box Engine,88.5,88.5,2.461936769400017
Piotr Zieliński,2021,Napoli,ITA-Serie A,MF,26.0,2523,2,Creative Playmaker,75.7,75.7,3.3386994881212195
Tiemoué Bakayoko,2021,Napoli,ITA-Serie A,MF,25.0,1964,0,Defensive Anchor,74.6,74.6,2.3967002645675914
Alberto Grassi,2021,Parma,ITA-Serie A,"MF,DF",25.0,1177,0,Defensive Anchor,61.0,61.0,2.7142931514350312
Gastón Brugman,2021,Parma,ITA-Serie A,MF,27.0,1616,3,Box-to-Box Engine,49.7,49.7,3.5431290413494665
Hernani,2021,Parma,ITA-Serie A,MF,26.0,2189,1,Ball Progressor,64.7,64.7,2.965268072730016
Jasmin Kurtić,2021,Parma,ITA-Serie A,MF,31.0,2739,0,Defensive Anchor,59.7,59.7,2.743125320717975
Juraj Kucka,2021,Parma,ITA-Serie A,"MF,FW",33.0,2334,1,Ball Progressor,62.3,62.3,3.0248505006140576
Gonzalo Villar,2021,Roma,ITA-Serie A,MF,22.0,1859,3,Box-to-Box Engine,68.4,68.4,3.023065085231038
Henrikh Mkhitaryan,2021,Roma,ITA-Serie A,"MF,FW",31.0,2745,2,Creative Playmaker,84.3,84.3,3.0267375801529375
Jordan Veretout,2021,Roma,ITA-Serie A,MF,27.0,2053,1,Ball Progressor,0.0,0.0,4.626727171417976
Lorenzo Pellegrini,2021,Roma,ITA-Serie A,MF,24.0,2598,2,Creative Playmaker,100.0,100.0,2.3787307880502295
Pedro,2021,Roma,ITA-Serie A,"MF,FW",33.0,1591,2,Creative Playmaker,81.5,81.5,3.130560606021114
Adrien Silva,2021,Sampdoria,ITA-Serie A,MF,31.0,1599,0,Defensive Anchor,71.6,71.6,2.4668555162394368
Albin Ekdal,2021,Sampdoria,ITA-Serie A,MF,31.0,2299,0,Defensive Anchor,78.2,78.2,2.313920242202182
Antonio Candreva,2021,Sampdoria,ITA-Serie A,MF,33.0,2505,2,Creative Playmaker,100.0,100.0,2.3855394229034537
Fabio Depaoli,2021,Sampdoria,ITA-Serie A,MF,23.0,1120,1,Ball Progressor,0.0,0.0,6.814200070996711
Jakub Jankto,2021,Sampdoria,ITA-Serie A,MF,24.0,2409,1,Ball Progressor,97.6,97.6,2.1617792614514664
Mikkel Damsgaard,2021,Sampdoria,ITA-Serie A,"MF,FW",20.0,1773,1,Ball Progressor,61.0,61.0,3.056703378848985
Morten Thorsby,2021,Sampdoria,ITA-Serie A,MF,24.0,2648,0,Defensive Anchor,67.1,67.1,2.5722076452926843
Filip Đuričić,2021,Sassuolo,ITA-Serie A,"MF,FW",28.0,2079,2,Creative Playmaker,100.0,100.0,2.0717451553548747
Grégoire Defrel,2021,Sassuolo,ITA-Serie A,"MF,FW",29.0,1336,1,Ball Progressor,72.0,72.0,2.7874408107305766
Hamed Junior Traorè,2021,Sassuolo,ITA-Serie A,"MF,FW",20.0,1789,1,Ball Progressor,83.6,83.6,2.5038108776499315
Manuel Locatelli,2021,Sassuolo,ITA-Serie A,MF,22.0,2883,3,Box-to-Box Engine,80.1,80.1,2.6964712615333775
Maxime Lopez,2021,Sassuolo,ITA-Serie A,MF,22.0,1864,3,Box-to-Box Engine,43.3,43.3,3.720732221093156
Pedro Obiang,2021,Sassuolo,ITA-Serie A,MF,28.0,1469,0,Defensive Anchor,61.6,61.6,2.6992259692641336
Giulio Maggiore,2021,Spezia,ITA-Serie A,MF,22.0,2214,1,Ball Progressor,75.7,75.7,2.6966788527830423
Matteo Ricci,2021,Spezia,ITA-Serie A,MF,26.0,2229,3,Box-to-Box Engine,85.2,85.2,2.55381206340059
Nahuel Estévez,2021,Spezia,ITA-Serie A,MF,24.0,1768,1,Ball Progressor,73.0,73.0,2.7630156959804766
Tommaso Pobega,2021,Spezia,ITA-Serie A,MF,21.0,1229,1,Ball Progressor,19.2,19.2,4.08058595761004
Karol Linetty,2021,Torino,ITA-Serie A,MF,25.0,1832,0,Defensive Anchor,74.9,74.9,2.3907771227548484
Rolando Mandragora,2021,Torino,ITA-Serie A,MF,23.0,1525,0,Defensive Anchor,56.6,56.6,2.815634165584134
Saša Lukić,2021,Torino,ITA-Serie A,MF,23.0,2106,1,Ball Progressor,99.7,99.7,2.110507430870859
Simone Verdi,2021,Torino,ITA-Serie A,"MF,FW",28.0,1620,2,Creative Playmaker,71.8,71.8,3.4799807397880826
Soualiho Meïté,2021,Torino,ITA-Serie A,MF,26.0,920,0,Defensive Anchor,51.0,51.0,2.9449837899401348
Tomás Rincón,2021,Torino,ITA-Serie A,MF,32.0,2846,0,Defensive Anchor,100.0,100.0,1.5198989412739887
Álex Berenguer,2021,Torino,ITA-Serie A,MF,25.0,2278,1,Ball Progressor,0.0,0.0,5.7322244933914615
Roberto Pereyra,2021,Udinese,ITA-Serie A,"MF,FW",29.0,2925,1,Ball Progressor,92.4,92.4,2.2884378523469313
Rodrigo De Paul,2021,Udinese,ITA-Serie A,MF,26.0,3201,2,Creative Playmaker,61.5,61.5,3.850922200018549
Rolando Mandragora,2021,Udinese,ITA-Serie A,MF,23.0,1525,0,Defensive Anchor,0.0,0.0,4.483681483141775
Tolgay Arslan,2021,Udinese,ITA-Serie A,MF,29.0,1818,0,Defensive Anchor,72.3,72.3,2.4500265011367923
Walace,2021,Udinese,ITA-Serie A,MF,25.0,2055,0,Defensive Anchor,86.6,86.6,2.119182040474381
Mario Pašalić,2122,Atalanta,ITA-Serie A,"MF,FW",26.0,2002,2,Creative Playmaker,45.1,45.1,4.441223429665575
Marten de Roon,2122,Atalanta,ITA-Serie A,"MF,DF",30.0,2548,0,Defensive Anchor,78.1,78.1,2.3155933292869872
Matteo Pessina,2122,Atalanta,ITA-Serie A,"MF,FW",24.0,1438,3,Box-to-Box Engine,64.7,64.7,3.1250945690651086
Remo Freuler,2122,Atalanta,ITA-Serie A,MF,29.0,2369,3,Box-to-Box Engine,96.9,96.9,2.229182022391258
Ruslan Malinovskyi,2122,Atalanta,ITA-Serie A,"MF,FW",28.0,1592,2,Creative Playmaker,68.5,68.5,3.598886004489372
Teun Koopmeiners,2122,Atalanta,ITA-Serie A,MF,23.0,2126,3,Box-to-Box Engine,72.9,72.9,2.8973834379801775
Jerdy Schouten,2122,Bologna,ITA-Serie A,MF,24.0,1392,0,Defensive Anchor,53.7,53.7,2.883126468213452
Mattias Svanberg,2122,Bologna,ITA-Serie A,MF,22.0,2564,1,Ball Progressor,91.5,91.5,2.3102333424364945
Nicolás Domínguez,2122,Bologna,ITA-Serie A,MF,23.0,2015,0,Defensive Anchor,39.3,39.3,3.2162202554025296
Roberto Soriano,2122,Bologna,ITA-Serie A,MF,30.0,2622,1,Ball Progressor,92.6,92.6,2.2825696042130925
Alberto Grassi,2122,Cagliari,ITA-Serie A,MF,26.0,2174,0,Defensive Anchor,50.6,50.6,2.955710333881573
Alessandro Deiola,2122,Cagliari,ITA-Serie A,MF,25.0,2129,0,Defensive Anchor,78.5,78.5,2.305987489508438
Nahitan Nández,2122,Cagliari,ITA-Serie A,"MF,DF",25.0,1523,1,Ball Progressor,63.4,63.4,2.998556789666746
Răzvan Marin,2122,Cagliari,ITA-Serie A,MF,25.0,2816,1,Ball Progressor,49.9,49.9,3.3290807971939658
Filippo Bandinelli,2122,Empoli,ITA-Serie A,MF,26.0,1955,1,Ball Progressor,86.8,86.8,2.424021683194252
Kristjan Asllani,2122,Empoli,ITA-Serie A,MF,19.0,1353,0,Defensive Anchor,74.0,74.0,2.4121998672105547
Liam Henderson,2122,Empoli,ITA-Serie A,MF,25.0,2020,1,Ball Progressor,58.8,58.8,3.1119880053415696
Nedim Bajrami,2122,Empoli,ITA-Serie A,"MF,FW",22.0,2054,2,Creative Playmaker,82.8,82.8,3.0810389141443757
Nicolas Haas,2122,Empoli,ITA-Serie A,MF,25.0,1001,0,Defensive Anchor,0.0,0.0,4.731813316208355
Samuele Ricci,2122,Empoli,ITA-Serie A,MF,19.0,1530,0,Defensive Anchor,59.1,59.1,2.758385278288413
Szymon Żurkowski,2122,Empoli,ITA-Serie A,MF,23.0,2307,1,Ball Progressor,55.9,55.9,3.1818208396433048
Alfred Duncan,2122,Fiorentina,ITA-Serie A,MF,28.0,1931,1,Ball Progressor,78.1,78.1,2.638615766872117
Gaetano Castrovilli,2122,Fiorentina,ITA-Serie A,MF,24.0,1391,1,Ball Progressor,58.8,58.8,3.111433973281188
Giacomo Bonaventura,2122,Fiorentina,ITA-Serie A,MF,31.0,2266,1,Ball Progressor,74.0,74.0,2.739739182515625
Lucas Torreira,2122,Fiorentina,ITA-Serie A,MF,25.0,2195,0,Defensive Anchor,31.5,31.5,3.39791448406349
Sofyan Amrabat,2122,Fiorentina,ITA-Serie A,MF,24.0,944,0,Defensive Anchor,0.2,0.2,4.123935535316779
Youssef Maleh,2122,Fiorentina,ITA-Serie A,MF,22.0,1019,1,Ball Progressor,79.3,79.3,2.60979668050844
Filippo Melegoni,2122,Genoa,ITA-Serie A,"MF,FW",22.0,980,1,Ball Progressor,83.7,83.7,2.5013618743026678
Milan Badelj,2122,Genoa,ITA-Serie A,MF,32.0,2844,0,Defensive Anchor,42.4,42.4,3.144629465991565
Nicolò Rovella,2122,Genoa,ITA-Serie A,MF,19.0,1468,3,Box-to-Box Engine,78.2,78.2,2.7495676427094566
Pablo Galdames Millán,2122,Genoa,ITA-Serie A,MF,24.0,1028,0,Defensive Anchor,41.3,41.3,3.170865708994207
Stefano Sturaro,2122,Genoa,ITA-Serie A,MF,28.0,1766,0,Defensive Anchor,47.7,47.7,3.022542721760368
Adrien Tameze,2122,Hellas Verona,ITA-Serie A,"MF,DF",27.0,2574,0,Defensive Anchor,63.9,63.9,2.646158129075408
Antonín Barák,2122,Hellas Verona,ITA-Serie A,"MF,FW",26.0,2340,1,Ball Progressor,34.3,34.3,3.711522866611447
Gianluca Caprari,2122,Hellas Verona,ITA-Serie A,"MF,FW",28.0,2739,2,Creative Playmaker,100.0,100.0,2.4564838632724304
Ivan Ilić,2122,Hellas Verona,ITA-Serie A,MF,20.0,2526,0,Defensive Anchor,81.1,81.1,2.247456604871074
Kevin Lasagna,2122,Hellas Verona,ITA-Serie A,"MF,FW",28.0,1184,1,Ball Progressor,51.8,51.8,3.283320094644082
Mattia Zaccagni,2122,Hellas Verona,ITA-Serie A,MF,26.0,1876,2,Creative Playmaker,0.0,0.0,7.727495385138267
Miguel Veloso,2122,Hellas Verona,ITA-Serie A,MF,35.0,1343,3,Box-to-Box Engine,56.8,56.8,3.346896162794066
Hakan Çalhanoğlu,2122,Inter,ITA-Serie A,MF,27.0,2480,2,Creative Playmaker,73.4,73.4,3.420437753553968
Marcelo Brozović,2122,Inter,ITA-Serie A,MF,28.0,2937,3,Box-to-Box Engine,96.3,96.3,2.24577978192568
Nicolò Barella,2122,Inter,ITA-Serie A,MF,24.0,2913,2,Creative Playmaker,85.9,85.9,2.968545115867397
Adrien Rabiot,2122,Juventus,ITA-Serie A,MF,26.0,2285,0,Defensive Anchor,61.8,61.8,2.6945325187488756
Arthur Melo,2122,Juventus,ITA-Serie A,MF,24.0,962,0,Defensive Anchor,24.6,24.6,3.55785250898846
Denis Zakaria,2122,Juventus,ITA-Serie A,MF,24.0,1395,0,Defensive Anchor,0.0,0.0,4.669038934694222
Federico Bernardeschi,2122,Juventus,ITA-Serie A,"MF,FW",27.0,1475,1,Ball Progressor,82.2,82.2,2.5385839293686114
Manuel Locatelli,2122,Juventus,ITA-Serie A,MF,23.0,2160,0,Defensive Anchor,51.9,51.9,2.9255258642744364
Rodrigo Bentancur,2122,Juventus,ITA-Serie A,MF,24.0,1361,0,Defensive Anchor,67.5,67.5,2.562523992723499
Rodrigo Bentancur,2122,Juventus,ITA-Serie A,MF,24.0,1155,0,Defensive Anchor,67.5,67.5,2.562523992723499
Weston McKennie,2122,Juventus,ITA-Serie A,MF,22.0,1369,1,Ball Progressor,55.5,55.5,3.191474141463707
Danilo Cataldi,2122,Lazio,ITA-Serie A,MF,26.0,1707,3,Box-to-Box Engine,65.9,65.9,3.092395317175366
Gonzalo Escalante,2122,Lazio,ITA-Serie A,MF,28.0,1300,0,Defensive Anchor,0.0,0.0,6.410936806258077
Lucas Leiva,2122,Lazio,ITA-Serie A,MF,34.0,1697,0,Defensive Anchor,69.9,69.9,2.5074231516879255
Luis Alberto,2122,Lazio,ITA-Serie A,MF,28.0,2353,2,Creative Playmaker,67.6,67.6,3.6294530221659507
Sergej Milinković-Savić,2122,Lazio,ITA-Serie A,MF,26.0,3100,3,Box-to-Box Engine,48.2,48.2,3.586343688519173
Toma Bašić,2122,Lazio,ITA-Serie A,MF,24.0,982,1,Ball Progressor,49.3,49.3,3.342191875874656
Brahim Díaz,2122,Milan,ITA-Serie A,MF,21.0,1855,1,Ball Progressor,54.2,54.2,3.2223605832939155
Franck Kessié,2122,Milan,ITA-Serie A,MF,24.0,2308,0,Defensive Anchor,50.2,50.2,2.964985611301396
Ismaël Bennacer,2122,Milan,ITA-Serie A,MF,23.0,1525,3,Box-to-Box Engine,93.9,93.9,2.312410061944407
Rade Krunić,2122,Milan,ITA-Serie A,"MF,FW",27.0,1416,0,Defensive Anchor,65.6,65.6,2.6055308399044192
Sandro Tonali,2122,Milan,ITA-Serie A,MF,21.0,2600,3,Box-to-Box Engine,94.8,94.8,2.288368116066338
Andre-Frank Zambo Anguissa,2122,Napoli,ITA-Serie A,MF,25.0,1926,3,Box-to-Box Engine,100.0,100.0,1.9010001514504178
Fabián Ruiz Peña,2122,Napoli,ITA-Serie A,MF,25.0,2384,3,Box-to-Box Engine,84.4,84.4,2.5766044983561374
Piotr Zieliński,2122,Napoli,ITA-Serie A,MF,27.0,2086,2,Creative Playmaker,76.5,76.5,3.31049278197657
Stanislav Lobotka,2122,Napoli,ITA-Serie A,MF,26.0,1686,3,Box-to-Box Engine,41.1,41.1,3.783527190787954
Bryan Cristante,2122,Roma,ITA-Serie A,MF,26.0,2678,3,Box-to-Box Engine,76.5,76.5,2.797683494558324
Henrikh Mkhitaryan,2122,Roma,ITA-Serie A,"MF,FW",32.0,2495,1,Ball Progressor,77.4,77.4,2.6558751027130167
Jordan Veretout,2122,Roma,ITA-Serie A,MF,28.0,2319,3,Box-to-Box Engine,52.5,52.5,3.466595121263444
Lorenzo Pellegrini,2122,Roma,ITA-Serie A,MF,25.0,2289,2,Creative Playmaker,94.9,94.9,2.6467374481534267
Francesco Di Tacchio,2122,Salernitana,ITA-Serie A,MF,31.0,1255,0,Defensive Anchor,80.8,80.8,2.2545154208539633
Franck Ribéry,2122,Salernitana,ITA-Serie A,"MF,FW",38.0,1421,2,Creative Playmaker,70.4,70.4,3.530323906684855
Grigoris Kastanos,2122,Salernitana,ITA-Serie A,"MF,FW",23.0,1348,1,Ball Progressor,37.1,37.1,3.6411913067879884
Joel Obi,2122,Salernitana,ITA-Serie A,"MF,DF",30.0,1143,0,Defensive Anchor,39.0,39.0,3.223161047819658
Lassana Coulibaly,2122,Salernitana,ITA-Serie A,MF,25.0,2332,0,Defensive Anchor,94.8,94.8,1.9289324657548386
Éderson,2122,Salernitana,ITA-Serie A,MF,22.0,1147,1,Ball Progressor,74.3,74.3,2.7314761846825437
Adrien Silva,2122,Sampdoria,ITA-Serie A,MF,32.0,1083,0,Defensive Anchor,78.8,78.8,2.300598491310481
Albin Ekdal,2122,Sampdoria,ITA-Serie A,MF,32.0,1637,0,Defensive Anchor,88.9,88.9,2.0666013161655856
Antonio Candreva,2122,Sampdoria,ITA-Serie A,"MF,FW",34.0,3119,2,Creative Playmaker,100.0,100.0,2.319182802220165
Morten Thorsby,2122,Sampdoria,ITA-Serie A,MF,25.0,2943,0,Defensive Anchor,55.0,55.0,2.852728418401093
Tomás Rincón,2122,Sampdoria,ITA-Serie A,MF,33.0,1166,0,Defensive Anchor,86.5,86.5,2.1210518877146245
Davide Frattesi,2122,Sassuolo,ITA-Serie A,MF,21.0,2854,1,Ball Progressor,100.0,100.0,1.9498749990080624
Giacomo Raspadori,2122,Sassuolo,ITA-Serie A,"MF,FW",21.0,2740,1,Ball Progressor,69.5,69.5,2.847595165015393
Matheus Henrique,2122,Sassuolo,ITA-Serie A,MF,23.0,1078,1,Ball Progressor,51.9,51.9,3.278952226009802
Maxime Lopez,2122,Sassuolo,ITA-Serie A,MF,23.0,2938,3,Box-to-Box Engine,91.3,91.3,2.3866219034161875
Giulio Maggiore,2122,Spezia,ITA-Serie A,MF,23.0,2819,0,Defensive Anchor,67.6,67.6,2.5605263215509266
Jakub Kiwior,2122,Spezia,ITA-Serie A,MF,21.0,1964,0,Defensive Anchor,49.0,49.0,2.9928588087724077
Kevin Agudelo,2122,Spezia,ITA-Serie A,"MF,FW",22.0,1237,1,Ball Progressor,57.0,57.0,3.1541757863287585
Simone Bastoni,2122,Spezia,ITA-Serie A,"MF,DF",24.0,2288,3,Box-to-Box Engine,79.6,79.6,2.710995273002309
Viktor Kovalenko,2122,Spezia,ITA-Serie A,MF,25.0,1325,1,Ball Progressor,62.2,62.2,3.0280617860283616
Dennis Praet,2122,Torino,ITA-Serie A,MF,27.0,1539,1,Ball Progressor,76.2,76.2,2.685479321254782
Josip Brekalo,2122,Torino,ITA-Serie A,MF,23.0,2286,2,Creative Playmaker,94.9,94.9,2.643983894473588
Marko Pjaca,2122,Torino,ITA-Serie A,MF,26.0,1149,1,Ball Progressor,55.8,55.8,3.18443867688076
Rolando Mandragora,2122,Torino,ITA-Serie A,MF,24.0,1319,3,Box-to-Box Engine,69.9,69.9,2.980469937450152
Samuele Ricci,2122,Torino,ITA-Serie A,MF,19.0,1530,0,Defensive Anchor,30.2,30.2,3.428306241521647
Saša Lukić,2122,Torino,ITA-Serie A,MF,24.0,2982,3,Box-to-Box Engine,81.3,81.3,2.6634774707840965
Tommaso Pobega,2122,Torino,ITA-Serie A,MF,22.0,2240,0,Defensive Anchor,90.0,90.0,2.039403974431242
Tomás Rincón,2122,Torino,ITA-Serie A,MF,33.0,1166,0,Defensive Anchor,10.8,10.8,3.8787065550019535
Jean-Victor Makengo,2122,Udinese,ITA-Serie A,MF,23.0,2351,1,Ball Progressor,67.6,67.6,2.894796633668487
Roberto Pereyra,2122,Udinese,ITA-Serie A,"MF,FW",30.0,1794,2,Creative Playmaker,69.3,69.3,3.5675023777470614
Tolgay Arslan,2122,Udinese,ITA-Serie A,MF,30.0,1658,0,Defensive Anchor,55.3,55.3,2.8467868094307023
Walace,2122,Udinese,ITA-Serie A,MF,26.0,2970,0,Defensive Anchor,76.3,76.3,2.358367202665158
Antonio Vacca,2122,Venezia,ITA-Serie A,MF,31.0,1064,0,Defensive Anchor,26.2,26.2,3.5202094488913853
Domen Črnigoj,2122,Venezia,ITA-Serie A,MF,25.0,1881,1,Ball Progressor,70.4,70.4,2.826148903265775
Ethan Ampadu,2122,Venezia,ITA-Serie A,"MF,DF",20.0,2282,0,Defensive Anchor,61.9,61.9,2.6929374207793426
Gianluca Busio,2122,Venezia,ITA-Serie A,MF,19.0,1950,0,Defensive Anchor,70.4,70.4,2.495544385258573
Mattia Aramu,2122,Venezia,ITA-Serie A,"MF,FW",26.0,2100,1,Ball Progressor,52.3,52.3,3.2692306857272078
Mickaël Cuisance,2122,Venezia,ITA-Serie A,MF,21.0,918,0,Defensive Anchor,100.0,100.0,1.6834517527964006
Sofian Kiyine,2122,Venezia,ITA-Serie A,"MF,FW",23.0,1239,3,Box-to-Box Engine,62.8,62.8,3.178751659561273
Mario Pašalić,2223,Atalanta,ITA-Serie A,"MF,FW",27.0,1769,1,Ball Progressor,69.5,69.5,2.848424805547628
Marten de Roon,2223,Atalanta,ITA-Serie A,MF,31.0,2964,0,Defensive Anchor,84.3,84.3,2.1730987092835043
Ruslan Malinovskyi,2223,Atalanta,ITA-Serie A,"MF,FW",29.0,1227,2,Creative Playmaker,47.1,47.1,4.370555805380123
Teun Koopmeiners,2223,Atalanta,ITA-Serie A,MF,24.0,2858,2,Creative Playmaker,72.8,72.8,3.44362778202733
Éderson,2223,Atalanta,ITA-Serie A,MF,23.0,2215,0,Defensive Anchor,63.4,63.4,2.6576625314347977
Gary Medel,2223,Bologna,ITA-Serie A,"MF,DF",34.0,1478,0,Defensive Anchor,49.9,49.9,2.9708598312150367
Jerdy Schouten,2223,Bologna,ITA-Serie A,MF,25.0,2509,0,Defensive Anchor,100.0,100.0,1.7245255694005692
Lewis Ferguson,2223,Bologna,ITA-Serie A,"MF,FW",22.0,2314,1,Ball Progressor,80.0,80.0,2.592637626159799
Nicolás Domínguez,2223,Bologna,ITA-Serie A,MF,24.0,2300,3,Box-to-Box Engine,92.4,92.4,2.3540652964450346
Nikola Moro,2223,Bologna,ITA-Serie A,MF,24.0,1226,3,Box-to-Box Engine,100.0,100.0,2.1297407759580413
Charles Pickel,2223,Cremonese,ITA-Serie A,MF,25.0,2483,0,Defensive Anchor,46.2,46.2,3.0567580786751716
Cristian Buonaiuto,2223,Cremonese,ITA-Serie A,"MF,FW",29.0,980,2,Creative Playmaker,60.4,60.4,3.88950528441603
Gonzalo Escalante,2223,Cremonese,ITA-Serie A,MF,29.0,1121,0,Defensive Anchor,51.8,51.8,2.925933538010681
Marco Benassi,2223,Cremonese,ITA-Serie A,MF,27.0,998,0,Defensive Anchor,39.2,39.2,3.2199584266263837
Michele Castagnetti,2223,Cremonese,ITA-Serie A,MF,32.0,1412,3,Box-to-Box Engine,70.9,70.9,2.953464925648777
Soualiho Meïté,2223,Cremonese,ITA-Serie A,MF,28.0,2366,0,Defensive Anchor,89.7,89.7,2.046584472900003
Alberto Grassi,2223,Empoli,ITA-Serie A,MF,27.0,1194,0,Defensive Anchor,59.2,59.2,2.7551056448193028
Filippo Bandinelli,2223,Empoli,ITA-Serie A,MF,27.0,2263,1,Ball Progressor,83.5,83.5,2.505811861620478
Jean-Daniel Akpa-Akpro,2223,Empoli,ITA-Serie A,"MF,FW",29.0,1356,0,Defensive Anchor,22.5,22.5,3.6065611598402745
Liam Henderson,2223,Empoli,ITA-Serie A,MF,26.0,1007,1,Ball Progressor,16.3,16.3,4.152423716931221
Nedim Bajrami,2223,Empoli,ITA-Serie A,"MF,FW",23.0,940,1,Ball Progressor,70.8,70.8,2.817208959660656
Nicolas Haas,2223,Empoli,ITA-Serie A,MF,26.0,1156,0,Defensive Anchor,2.2,2.2,4.078075629963496
Răzvan Marin,2223,Empoli,ITA-Serie A,MF,26.0,2538,3,Box-to-Box Engine,61.9,61.9,3.2025755514004755
Tommaso Baldanzi,2223,Empoli,ITA-Serie A,MF,19.0,1772,1,Ball Progressor,90.7,90.7,2.3286115241759306
Alfred Duncan,2223,Fiorentina,ITA-Serie A,MF,29.0,1103,1,Ball Progressor,62.7,62.7,3.0148156036313707
Antonín Barák,2223,Fiorentina,ITA-Serie A,MF,27.0,1799,1,Ball Progressor,87.1,87.1,2.418835676905129
Giacomo Bonaventura,2223,Fiorentina,ITA-Serie A,MF,32.0,1911,1,Ball Progressor,74.8,74.8,2.7194655438827353
Rolando Mandragora,2223,Fiorentina,ITA-Serie A,MF,25.0,1950,1,Ball Progressor,35.5,35.5,3.681359803678557
Sofyan Amrabat,2223,Fiorentina,ITA-Serie A,MF,25.0,1998,3,Box-to-Box Engine,89.6,89.6,2.4321757823760324
Adrien Tameze,2223,Hellas Verona,ITA-Serie A,MF,28.0,3031,0,Defensive Anchor,89.0,89.0,2.0630196422335216
Antonín Barák,2223,Hellas Verona,ITA-Serie A,MF,27.0,1799,0,Defensive Anchor,0.0,0.0,5.883815895059025
Darko Lazović,2223,Hellas Verona,ITA-Serie A,"MF,DF",31.0,2242,1,Ball Progressor,59.9,59.9,3.084673488840959
Ivan Ilić,2223,Hellas Verona,ITA-Serie A,MF,21.0,1177,1,Ball Progressor,55.8,55.8,3.183072078191617
Martin Hongla,2223,Hellas Verona,ITA-Serie A,MF,24.0,1306,0,Defensive Anchor,71.9,71.9,2.461091900348496
Miguel Veloso,2223,Hellas Verona,ITA-Serie A,MF,36.0,1163,3,Box-to-Box Engine,41.8,41.8,3.763578027010605
Ondrej Duda,2223,Hellas Verona,ITA-Serie A,MF,27.0,1061,0,Defensive Anchor,71.1,71.1,2.4781595914431453
Simone Verdi,2223,Hellas Verona,ITA-Serie A,"MF,FW",30.0,1096,1,Ball Progressor,41.8,41.8,3.5276905099335027
Hakan Çalhanoğlu,2223,Inter,ITA-Serie A,MF,28.0,2363,3,Box-to-Box Engine,39.6,39.6,3.8255188765242654
Henrikh Mkhitaryan,2223,Inter,ITA-Serie A,MF,33.0,1986,3,Box-to-Box Engine,80.1,80.1,2.6979094759701736
Marcelo Brozović,2223,Inter,ITA-Serie A,MF,29.0,1770,3,Box-to-Box Engine,100.0,100.0,1.907042042605094
Nicolò Barella,2223,Inter,ITA-Serie A,MF,25.0,2613,2,Creative Playmaker,87.5,87.5,2.912972638658167
Adrien Rabiot,2223,Juventus,ITA-Serie A,MF,27.0,2748,1,Ball Progressor,88.9,88.9,2.373172986506433
Fabio Miretti,2223,Juventus,ITA-Serie A,"MF,FW",18.0,1234,1,Ball Progressor,84.7,84.7,2.4776836971709515
Leandro Paredes,2223,Juventus,ITA-Serie A,MF,28.0,977,3,Box-to-Box Engine,74.2,74.2,2.8607462995471056
Manuel Locatelli,2223,Juventus,ITA-Serie A,MF,24.0,2446,0,Defensive Anchor,96.8,96.8,1.881819687766236
Nicolò Fagioli,2223,Juventus,ITA-Serie A,MF,21.0,1520,1,Ball Progressor,72.4,72.4,2.776985746614344
Nicolò Rovella,2223,Juventus,ITA-Serie A,MF,20.0,1740,3,Box-to-Box Engine,0.0,0.0,8.469661744237191
Weston McKennie,2223,Juventus,ITA-Serie A,"MF,DF",23.0,1437,1,Ball Progressor,58.1,58.1,3.1284914724917763
Weston McKennie,2223,Juventus,ITA-Serie A,"MF,DF",23.0,1052,1,Ball Progressor,58.1,58.1,3.1284914724917763
Danilo Cataldi,2223,Lazio,ITA-Serie A,MF,27.0,1921,0,Defensive Anchor,15.3,15.3,3.7732681948615094
Luis Alberto,2223,Lazio,ITA-Serie A,MF,29.0,2442,2,Creative Playmaker,67.6,67.6,3.6298410192567947
Matías Vecino,2223,Lazio,ITA-Serie A,MF,30.0,1691,0,Defensive Anchor,85.9,85.9,2.135254632275276
Sergej Milinković-Savić,2223,Lazio,ITA-Serie A,MF,27.0,3022,1,Ball Progressor,60.8,60.8,3.0619217729391486
Alexis Blin,2223,Lecce,ITA-Serie A,MF,25.0,2376,0,Defensive Anchor,62.5,62.5,2.6782056978279054
Joan Gonzàlez,2223,Lecce,ITA-Serie A,MF,20.0,2197,0,Defensive Anchor,51.5,51.5,2.933673243572385
Morten Hjulmand,2223,Lecce,ITA-Serie A,MF,23.0,2962,0,Defensive Anchor,70.4,70.4,2.4946539181350587
Brahim Díaz,2223,Milan,ITA-Serie A,"MF,FW",22.0,1925,2,Creative Playmaker,83.1,83.1,3.0719235407216097
Charles De Ketelaere,2223,Milan,ITA-Serie A,"MF,FW",21.0,1116,1,Ball Progressor,66.8,66.8,2.9157284573727216
Ismaël Bennacer,2223,Milan,ITA-Serie A,MF,24.0,2007,3,Box-to-Box Engine,95.6,95.6,2.2667543588082366
Rade Krunić,2223,Milan,ITA-Serie A,MF,28.0,1657,0,Defensive Anchor,68.9,68.9,2.530587718541311
Sandro Tonali,2223,Milan,ITA-Serie A,MF,22.0,2713,3,Box-to-Box Engine,78.1,78.1,2.753229134648386
Andrea Colpani,2223,Monza,ITA-Serie A,MF,23.0,948,2,Creative Playmaker,86.2,86.2,2.9610374100790064
Gianluca Caprari,2223,Monza,ITA-Serie A,"MF,FW",29.0,2441,1,Ball Progressor,60.5,60.5,3.0687399442177035
Matteo Pessina,2223,Monza,ITA-Serie A,MF,25.0,2932,3,Box-to-Box Engine,99.9,99.9,2.1454345766067844
Nicolò Rovella,2223,Monza,ITA-Serie A,MF,20.0,1740,3,Box-to-Box Engine,73.9,73.9,2.8707065249460295
Pepín,2223,Monza,ITA-Serie A,MF,25.0,1123,3,Box-to-Box Engine,67.7,67.7,3.041454189581635
Stefano Sensi,2223,Monza,ITA-Serie A,MF,26.0,1618,3,Box-to-Box Engine,91.4,91.4,2.3827049215751543
Andre-Frank Zambo Anguissa,2223,Napoli,ITA-Serie A,MF,26.0,3050,3,Box-to-Box Engine,76.7,76.7,2.7924476516823127
Piotr Zieliński,2223,Napoli,ITA-Serie A,MF,28.0,2287,2,Creative Playmaker,73.9,73.9,3.4016986839121355
Stanislav Lobotka,2223,Napoli,ITA-Serie A,MF,27.0,3101,0,Defensive Anchor,62.7,62.7,2.672902067106902
Bryan Cristante,2223,Roma,ITA-Serie A,"MF,DF",27.0,2938,0,Defensive Anchor,63.9,63.9,2.646375264505144
Edoardo Bove,2223,Roma,ITA-Serie A,MF,20.0,992,0,Defensive Anchor,61.8,61.8,2.6952990777894565
Lorenzo Pellegrini,2223,Roma,ITA-Serie A,MF,26.0,2545,1,Ball Progressor,48.0,48.0,3.376235121534056
Mohamed Camara,2223,Roma,ITA-Serie A,MF,25.0,2194,0,Defensive Anchor,65.7,65.7,2.604851863047637
Nemanja Matić,2223,Roma,ITA-Serie A,MF,33.0,1852,3,Box-to-Box Engine,97.7,97.7,2.2082877769605838
Paulo Dybala,2223,Roma,ITA-Serie A,"MF,FW",28.0,1739,2,Creative Playmaker,31.1,31.1,4.947125614578649
Antonio Candreva,2223,Salernitana,ITA-Serie A,"MF,DF",35.0,2726,2,Creative Playmaker,60.9,60.9,3.8730680416129326
Grigoris Kastanos,2223,Salernitana,ITA-Serie A,"MF,DF",24.0,1286,1,Ball Progressor,92.2,92.2,2.293227651075464
Lassana Coulibaly,2223,Salernitana,ITA-Serie A,MF,26.0,2892,0,Defensive Anchor,86.5,86.5,2.122050104914388
Tonny Vilhena,2223,Salernitana,ITA-Serie A,MF,27.0,2265,1,Ball Progressor,66.8,66.8,2.915564593620744
Abdelhamid Sabiri,2223,Sampdoria,ITA-Serie A,"MF,FW",25.0,1069,1,Ball Progressor,53.9,53.9,3.2312580103614357
Filip Đuričić,2223,Sampdoria,ITA-Serie A,"MF,FW",30.0,2171,1,Ball Progressor,99.7,99.7,2.1104858958661707
Harry Winks,2223,Sampdoria,ITA-Serie A,MF,26.0,1716,0,Defensive Anchor,67.6,67.6,2.5605742890324388
Mehdi Léris,2223,Sampdoria,ITA-Serie A,"MF,DF",24.0,2460,1,Ball Progressor,67.0,67.0,2.9104608635498677
Tomás Rincón,2223,Sampdoria,ITA-Serie A,MF,34.0,2555,0,Defensive Anchor,100.0,100.0,1.7717530609925556
Davide Frattesi,2223,Sassuolo,ITA-Serie A,MF,22.0,2873,1,Ball Progressor,88.6,88.6,2.3817199287102624
Kristian Thorstvedt,2223,Sassuolo,ITA-Serie A,MF,23.0,1136,1,Ball Progressor,87.1,87.1,2.4170076408375016
Matheus Henrique,2223,Sassuolo,ITA-Serie A,MF,24.0,1947,1,Ball Progressor,93.4,93.4,2.2645455231521163
Maxime Lopez,2223,Sassuolo,ITA-Serie A,MF,24.0,2296,3,Box-to-Box Engine,87.2,87.2,2.4982878381947415
Albin Ekdal,2223,Spezia,ITA-Serie A,MF,33.0,1734,0,Defensive Anchor,99.1,99.1,1.8282170437420293
Kevin Agudelo,2223,Spezia,ITA-Serie A,"MF,FW",23.0,2131,1,Ball Progressor,42.6,42.6,3.507608929301344
Mehdi Bourabia,2223,Spezia,ITA-Serie A,MF,30.0,2771,0,Defensive Anchor,61.0,61.0,2.7134072973770187
Salvatore Esposito,2223,Spezia,ITA-Serie A,MF,21.0,971,0,Defensive Anchor,48.7,48.7,2.998058092607399
Simone Bastoni,2223,Spezia,ITA-Serie A,"MF,DF",25.0,1189,1,Ball Progressor,33.7,33.7,3.7250662789418225
Aleksei Miranchuk,2223,Torino,ITA-Serie A,MF,26.0,2089,1,Ball Progressor,51.3,51.3,3.294824363431036
Ivan Ilić,2223,Torino,ITA-Serie A,MF,21.0,1177,3,Box-to-Box Engine,71.3,71.3,2.9432666750736813
Karol Linetty,2223,Torino,ITA-Serie A,MF,27.0,1886,0,Defensive Anchor,70.5,70.5,2.493202750760437
Nemanja Radonjić,2223,Torino,ITA-Serie A,"MF,FW",26.0,1461,2,Creative Playmaker,26.7,26.7,5.104652300796998
Nikola Vlašić,2223,Torino,ITA-Serie A,"MF,FW",24.0,2728,1,Ball Progressor,84.1,84.1,2.4916688444084083
Samuele Ricci,2223,Torino,ITA-Serie A,MF,20.0,2070,0,Defensive Anchor,46.8,46.8,3.0430011926283775
Saša Lukić,2223,Torino,ITA-Serie A,MF,25.0,1195,1,Ball Progressor,50.2,50.2,3.3204637624425546
Jean-Victor Makengo,2223,Udinese,ITA-Serie A,MF,24.0,1064,0,Defensive Anchor,25.1,25.1,3.5478788396492007
Lazar Samardzic,2223,Udinese,ITA-Serie A,MF,20.0,1848,1,Ball Progressor,47.7,47.7,3.381970124790585
Sandi Lovrić,2223,Udinese,ITA-Serie A,MF,24.0,2335,1,Ball Progressor,100.0,100.0,1.9647322880531939
Tolgay Arslan,2223,Udinese,ITA-Serie A,MF,31.0,1211,3,Box-to-Box Engine,50.7,50.7,3.5157333866454423
Walace,2223,Udinese,ITA-Serie A,MF,27.0,3190,0,Defensive Anchor,74.5,74.5,2.400936510710722
Aleksei Miranchuk,2324,Atalanta,ITA-Serie A,"MF,FW",27.0,1176,2,Creative Playmaker,51.8,51.8,4.200575740528676
Mario Pašalić,2324,Atalanta,ITA-Serie A,MF,28.0,2051,1,Ball Progressor,56.4,56.4,3.1686987530038015
Marten de Roon,2324,Atalanta,ITA-Serie A,"MF,DF",32.0,2599,0,Defensive Anchor,63.1,63.1,2.663680420926164
Teun Koopmeiners,2324,Atalanta,ITA-Serie A,MF,25.0,2627,2,Creative Playmaker,100.0,100.0,2.3134627060644157
Éderson,2324,Atalanta,ITA-Serie A,MF,24.0,2869,0,Defensive Anchor,60.9,60.9,2.714926757345934
Giovanni Fabbian,2324,Bologna,ITA-Serie A,"MF,FW",20.0,1057,1,Ball Progressor,0.0,0.0,4.786917843091233
Kacper Urbanski,2324,Bologna,ITA-Serie A,"MF,FW",18.0,926,1,Ball Progressor,37.6,37.6,3.629440599390105
Lewis Ferguson,2324,Bologna,ITA-Serie A,MF,23.0,2712,1,Ball Progressor,100.0,100.0,2.0562312744710924
Michel Aebischer,2324,Bologna,ITA-Serie A,MF,26.0,2230,0,Defensive Anchor,62.3,62.3,2.6838709276410206
Nicolás Domínguez,2324,Bologna,ITA-Serie A,MF,25.0,1495,3,Box-to-Box Engine,0.0,0.0,5.9374224072687225
Remo Freuler,2324,Bologna,ITA-Serie A,MF,31.0,2624,0,Defensive Anchor,82.6,82.6,2.2118649462835123
Alessandro Deiola,2324,Cagliari,ITA-Serie A,MF,27.0,1608,0,Defensive Anchor,46.1,46.1,3.0583517697884997
Antoine Makoumbou,2324,Cagliari,ITA-Serie A,MF,25.0,2702,0,Defensive Anchor,57.5,57.5,2.7942154124146557
Ibrahim Sulemana,2324,Cagliari,ITA-Serie A,MF,20.0,1339,0,Defensive Anchor,47.1,47.1,3.035722972128762
Matteo Prati,2324,Cagliari,ITA-Serie A,MF,19.0,1972,0,Defensive Anchor,66.4,66.4,2.587038585065703
Nahitan Nández,2324,Cagliari,ITA-Serie A,"MF,DF",27.0,2341,1,Ball Progressor,100.0,100.0,1.9277970481371112
Nicolas Viola,2324,Cagliari,ITA-Serie A,"MF,FW",33.0,1207,2,Creative Playmaker,66.7,66.7,3.6618520138117336
Alberto Grassi,2324,Empoli,ITA-Serie A,MF,28.0,1807,0,Defensive Anchor,86.1,86.1,2.1311282123015665
Jacopo Fazzini,2324,Empoli,ITA-Serie A,MF,20.0,1232,1,Ball Progressor,49.8,49.8,3.3311769342888127
Răzvan Marin,2324,Empoli,ITA-Serie A,MF,27.0,1818,1,Ball Progressor,46.1,46.1,3.4226514199595095
Youssef Maleh,2324,Empoli,ITA-Serie A,MF,24.0,2602,0,Defensive Anchor,36.8,36.8,3.2763555006280565
Alfred Duncan,2324,Fiorentina,ITA-Serie A,MF,30.0,1888,3,Box-to-Box Engine,69.8,69.8,2.983026258403843
Arthur Melo,2324,Fiorentina,ITA-Serie A,MF,26.0,1986,3,Box-to-Box Engine,100.0,100.0,1.9459267561105402
Giacomo Bonaventura,2324,Fiorentina,ITA-Serie A,MF,33.0,2277,2,Creative Playmaker,79.2,79.2,3.210339189031026
Rolando Mandragora,2324,Fiorentina,ITA-Serie A,MF,26.0,1588,1,Ball Progressor,48.1,48.1,3.3725514883791288
Abdou Harroui,2324,Frosinone,ITA-Serie A,"MF,FW",25.0,1019,1,Ball Progressor,50.9,50.9,3.304060508794553
Enzo Barrenechea,2324,Frosinone,ITA-Serie A,MF,22.0,2811,0,Defensive Anchor,73.5,73.5,2.4240421073809846
Francesco Gelli,2324,Frosinone,ITA-Serie A,"MF,DF",26.0,1561,1,Ball Progressor,83.1,83.1,2.515543173777312
Luca Mazzitelli,2324,Frosinone,ITA-Serie A,MF,27.0,2210,0,Defensive Anchor,63.2,63.2,2.6619997858059947
Marco Brescianini,2324,Frosinone,ITA-Serie A,MF,23.0,2321,1,Ball Progressor,91.2,91.2,2.317877785808235
Reinier,2324,Frosinone,ITA-Serie A,"MF,FW",21.0,1059,1,Ball Progressor,57.4,57.4,3.145054901029987
Junior Messias,2324,Genoa,ITA-Serie A,"MF,DF",32.0,1053,1,Ball Progressor,87.4,87.4,2.4103477924375176
Kevin Strootman,2324,Genoa,ITA-Serie A,MF,33.0,1207,3,Box-to-Box Engine,53.5,53.5,3.4365830594608724
Milan Badelj,2324,Genoa,ITA-Serie A,MF,34.0,2535,0,Defensive Anchor,74.0,74.0,2.4113761308579815
Morten Frendrup,2324,Genoa,ITA-Serie A,MF,22.0,3145,0,Defensive Anchor,66.4,66.4,2.587356436999164
Morten Thorsby,2324,Genoa,ITA-Serie A,MF,27.0,1157,1,Ball Progressor,15.8,15.8,4.162813514746348
Ruslan Malinovskyi,2324,Genoa,ITA-Serie A,MF,30.0,1544,0,Defensive Anchor,41.5,41.5,3.1661333628598993
Martin Hongla,2324,Hellas Verona,ITA-Serie A,MF,25.0,1084,0,Defensive Anchor,55.1,55.1,2.851375415041739
Michael Folorunsho,2324,Hellas Verona,ITA-Serie A,"MF,FW",25.0,2781,1,Ball Progressor,51.7,51.7,3.2839227452472306
Ondrej Duda,2324,Hellas Verona,ITA-Serie A,MF,28.0,2456,1,Ball Progressor,49.4,49.4,3.3407845161177696
Suat Serdar,2324,Hellas Verona,ITA-Serie A,MF,26.0,1659,0,Defensive Anchor,95.5,95.5,1.9123385780358322
Tomáš Suslov,2324,Hellas Verona,ITA-Serie A,"MF,FW",21.0,2092,1,Ball Progressor,97.7,97.7,2.1576687613539303
Davide Frattesi,2324,Inter,ITA-Serie A,MF,23.0,955,2,Creative Playmaker,0.0,0.0,6.846353752530915
Hakan Çalhanoğlu,2324,Inter,ITA-Serie A,MF,29.0,2556,3,Box-to-Box Engine,0.0,0.0,5.0047915925629765
Henrikh Mkhitaryan,2324,Inter,ITA-Serie A,MF,34.0,2785,3,Box-to-Box Engine,71.3,71.3,2.9417141788651544
Nicolò Barella,2324,Inter,ITA-Serie A,MF,26.0,2846,2,Creative Playmaker,52.2,52.2,4.186065092939795
Adrien Rabiot,2324,Juventus,ITA-Serie A,MF,28.0,2651,1,Ball Progressor,97.9,97.9,2.153854164298809
Fabio Miretti,2324,Juventus,ITA-Serie A,MF,19.0,1103,1,Ball Progressor,82.7,82.7,2.525455358146365
Manuel Locatelli,2324,Juventus,ITA-Serie A,MF,25.0,3008,0,Defensive Anchor,59.1,59.1,2.7576260632668914
Weston McKennie,2324,Juventus,ITA-Serie A,"MF,DF",24.0,2594,1,Ball Progressor,93.6,93.6,2.2598224223243952
Daichi Kamada,2324,Lazio,ITA-Serie A,MF,26.0,1544,1,Ball Progressor,48.0,48.0,3.37624019382008
Danilo Cataldi,2324,Lazio,ITA-Serie A,MF,28.0,1361,0,Defensive Anchor,84.2,84.2,2.174755782621133
Luis Alberto,2324,Lazio,ITA-Serie A,MF,30.0,2311,2,Creative Playmaker,92.7,92.7,2.7257146425771523
Mattéo Guendouzi,2324,Lazio,ITA-Serie A,MF,24.0,2367,1,Ball Progressor,86.9,86.9,2.423954179154192
Matías Vecino,2324,Lazio,ITA-Serie A,MF,31.0,1153,1,Ball Progressor,0.3,0.3,4.544277567541693
Nicolò Rovella,2324,Lazio,ITA-Serie A,MF,21.0,1318,0,Defensive Anchor,54.3,54.3,2.868047846117468
Alexis Blin,2324,Lecce,ITA-Serie A,MF,26.0,1642,0,Defensive Anchor,90.4,90.4,2.0307512076322602
Hamza Rafia,2324,Lecce,ITA-Serie A,MF,24.0,1204,0,Defensive Anchor,26.5,26.5,3.515018335514423
Joan Gonzàlez,2324,Lecce,ITA-Serie A,MF,21.0,1291,1,Ball Progressor,72.5,72.5,2.775529382028924
Mohamed Kaba,2324,Lecce,ITA-Serie A,MF,21.0,1378,0,Defensive Anchor,86.0,86.0,2.1336776534506057
Remi Oudin,2324,Lecce,ITA-Serie A,"MF,FW",26.0,1819,1,Ball Progressor,20.6,20.6,4.046130139240672
Ylber Ramadani,2324,Lecce,ITA-Serie A,MF,27.0,2970,0,Defensive Anchor,100.0,100.0,1.6744908871098998
Ismaël Bennacer,2324,Milan,ITA-Serie A,MF,25.0,1151,3,Box-to-Box Engine,100.0,100.0,1.7790755451990021
Ruben Loftus-Cheek,2324,Milan,ITA-Serie A,MF,27.0,2068,1,Ball Progressor,78.9,78.9,2.618085293928261
Tijjani Reijnders,2324,Milan,ITA-Serie A,MF,25.0,2820,3,Box-to-Box Engine,50.6,50.6,3.51961622478118
Yacine Adli,2324,Milan,ITA-Serie A,MF,23.0,1407,3,Box-to-Box Engine,87.5,87.5,2.490759556757567
Yunus Musah,2324,Milan,ITA-Serie A,"MF,FW",20.0,1478,1,Ball Progressor,73.3,73.3,2.755666227798726
Andrea Colpani,2324,Monza,ITA-Serie A,"MF,FW",24.0,2657,2,Creative Playmaker,69.9,69.9,3.5461191693993643
Matteo Pessina,2324,Monza,ITA-Serie A,MF,26.0,3222,3,Box-to-Box Engine,52.1,52.1,3.4770638069584883
Roberto Gagliardini,2324,Monza,ITA-Serie A,"MF,DF",29.0,2360,0,Defensive Anchor,85.7,85.7,2.1408359581565097
Valentin Carboni,2324,Monza,ITA-Serie A,"MF,FW",18.0,1169,1,Ball Progressor,76.2,76.2,2.6838353174879552
Warren Bondo,2324,Monza,ITA-Serie A,MF,19.0,1475,0,Defensive Anchor,32.4,32.4,3.3781619864617087
Andre-Frank Zambo Anguissa,2324,Napoli,ITA-Serie A,MF,27.0,2786,1,Ball Progressor,74.0,74.0,2.739752734390774
Jens Cajuste,2324,Napoli,ITA-Serie A,MF,23.0,1016,1,Ball Progressor,45.2,45.2,3.4446091599505455
Piotr Zieliński,2324,Napoli,ITA-Serie A,MF,29.0,1924,2,Creative Playmaker,78.9,78.9,3.2209626726080716
Stanislav Lobotka,2324,Napoli,ITA-Serie A,MF,28.0,3282,0,Defensive Anchor,60.2,60.2,2.7324464131105994
Bryan Cristante,2324,Roma,ITA-Serie A,"MF,DF",28.0,3289,3,Box-to-Box Engine,97.0,97.0,2.2267019005604562
Edoardo Bove,2324,Roma,ITA-Serie A,MF,21.0,1780,0,Defensive Anchor,63.4,63.4,2.6584599798855417
Leandro Paredes,2324,Roma,ITA-Serie A,MF,29.0,2634,3,Box-to-Box Engine,58.0,58.0,3.3129125980750955
Lorenzo Pellegrini,2324,Roma,ITA-Serie A,MF,27.0,1859,1,Ball Progressor,72.4,72.4,2.7788505606080283
Antonio Candreva,2324,Salernitana,ITA-Serie A,"MF,FW",36.0,2750,2,Creative Playmaker,55.7,55.7,4.058588769738271
Giulio Maggiore,2324,Salernitana,ITA-Serie A,MF,25.0,1800,0,Defensive Anchor,64.0,64.0,2.6445394371168716
Grigoris Kastanos,2324,Salernitana,ITA-Serie A,"MF,DF",25.0,1480,1,Ball Progressor,100.0,100.0,1.7256177068917369
Lassana Coulibaly,2324,Salernitana,ITA-Serie A,MF,27.0,2082,0,Defensive Anchor,78.3,78.3,2.312259420340328
Mateusz Łęgowski,2324,Salernitana,ITA-Serie A,MF,20.0,1145,0,Defensive Anchor,32.9,32.9,3.3657284068839437
Toma Bašić,2324,Salernitana,ITA-Serie A,MF,26.0,1162,0,Defensive Anchor,86.3,86.3,2.1250964412982456
Daniel Boloca,2324,Sassuolo,ITA-Serie A,MF,24.0,2022,0,Defensive Anchor,74.5,74.5,2.3988549538210076
Kristian Thorstvedt,2324,Sassuolo,ITA-Serie A,MF,24.0,2397,1,Ball Progressor,95.3,95.3,2.217320127784297
Matheus Henrique,2324,Sassuolo,ITA-Serie A,MF,25.0,2501,1,Ball Progressor,66.0,66.0,2.935094906270365
Nedim Bajrami,2324,Sassuolo,ITA-Serie A,"MF,FW",24.0,1310,1,Ball Progressor,51.8,51.8,3.28266508884313
Ivan Ilić,2324,Torino,ITA-Serie A,MF,22.0,2098,3,Box-to-Box Engine,64.2,64.2,3.1391192369961747
Karol Linetty,2324,Torino,ITA-Serie A,MF,28.0,1858,0,Defensive Anchor,91.1,91.1,2.015640815613853
Nikola Vlašić,2324,Torino,ITA-Serie A,"MF,FW",25.0,2608,1,Ball Progressor,100.0,100.0,1.9929313108046314
Samuele Ricci,2324,Torino,ITA-Serie A,MF,21.0,2395,1,Ball Progressor,76.6,76.6,2.6750670894407924
Lazar Samardzic,2324,Udinese,ITA-Serie A,MF,21.0,2372,1,Ball Progressor,58.2,58.2,3.1251717459686064
Martín Payero,2324,Udinese,ITA-Serie A,MF,24.0,1796,1,Ball Progressor,65.5,65.5,2.946285576995036
Sandi Lovrić,2324,Udinese,ITA-Serie A,MF,25.0,1987,1,Ball Progressor,96.6,96.6,2.185836414831263
Walace,2324,Udinese,ITA-Serie A,MF,28.0,3238,0,Defensive Anchor,83.1,83.1,2.2004183034831737
Ademola Lookman,2425,Atalanta,ITA-Serie A,"MF,FW",26.0,2247,2,Creative Playmaker,0.0,0.0,6.2248868374798825
Charles De Ketelaere,2425,Atalanta,ITA-Serie A,"MF,FW",23.0,2070,2,Creative Playmaker,73.7,73.7,3.4088607602960956
Lazar Samardzic,2425,Atalanta,ITA-Serie A,MF,22.0,1169,2,Creative Playmaker,72.1,72.1,3.4677229974520993
Marco Brescianini,2425,Atalanta,ITA-Serie A,MF,24.0,991,1,Ball Progressor,17.1,17.1,4.131860564814563
Mario Pašalić,2425,Atalanta,ITA-Serie A,MF,29.0,1967,1,Ball Progressor,28.4,28.4,3.8563261819642087
Marten de Roon,2425,Atalanta,ITA-Serie A,"MF,DF",33.0,3058,3,Box-to-Box Engine,66.0,66.0,3.089678367792584
Mitchel Bakker,2425,Atalanta,ITA-Serie A,MF,24.0,1139,0,Defensive Anchor,0.0,0.0,5.828220996246357
Éderson,2425,Atalanta,ITA-Serie A,MF,25.0,2881,3,Box-to-Box Engine,99.6,99.6,2.155362467613153
Giovanni Fabbian,2425,Bologna,ITA-Serie A,MF,21.0,1023,1,Ball Progressor,0.0,0.0,4.87822031061896
Jens Odgaard,2425,Bologna,ITA-Serie A,"MF,FW",25.0,1952,1,Ball Progressor,55.3,55.3,3.195758722623675
Lewis Ferguson,2425,Bologna,ITA-Serie A,MF,24.0,983,1,Ball Progressor,39.0,39.0,3.596026119680584
Nikola Moro,2425,Bologna,ITA-Serie A,MF,26.0,1208,3,Box-to-Box Engine,89.8,89.8,2.426327015147815
Remo Freuler,2425,Bologna,ITA-Serie A,MF,32.0,3204,0,Defensive Anchor,67.9,67.9,2.5532143948575285
Tommaso Pobega,2425,Bologna,ITA-Serie A,MF,25.0,1178,0,Defensive Anchor,37.3,37.3,3.2629939766823304
Alessandro Deiola,2425,Cagliari,ITA-Serie A,MF,28.0,1432,0,Defensive Anchor,53.2,53.2,2.894915765242885
Antoine Makoumbou,2425,Cagliari,ITA-Serie A,MF,26.0,2150,0,Defensive Anchor,40.0,40.0,3.1998225224823624
Gianluca Gaetano,2425,Cagliari,ITA-Serie A,"MF,FW",24.0,1009,2,Creative Playmaker,44.9,44.9,4.447275208525528
Mattia Felici,2425,Cagliari,ITA-Serie A,"MF,FW",23.0,925,1,Ball Progressor,50.9,50.9,3.303742631350672
Michel Ndary Adopo,2425,Cagliari,ITA-Serie A,MF,24.0,2409,0,Defensive Anchor,80.8,80.8,2.252634617955089
Răzvan Marin,2425,Cagliari,ITA-Serie A,MF,28.0,1406,1,Ball Progressor,26.0,26.0,3.9129260749724395
Lucas Da Cunha,2425,Como,ITA-Serie A,MF,23.0,2613,1,Ball Progressor,60.2,60.2,3.0761810509834833
Maxence Caqueret,2425,Como,ITA-Serie A,MF,24.0,1087,1,Ball Progressor,31.3,31.3,3.7840136780259024
Máximo Perrone,2425,Como,ITA-Serie A,MF,21.0,1857,0,Defensive Anchor,37.6,37.6,3.2562535797323964
Nicolás Paz,2425,Como,ITA-Serie A,"MF,FW",19.0,2687,2,Creative Playmaker,77.0,77.0,3.2911814207446897
Yannik Engelhardt,2425,Como,ITA-Serie A,"MF,DF",23.0,1164,0,Defensive Anchor,82.0,82.0,2.2250250852078475
Alberto Grassi,2425,Empoli,ITA-Serie A,MF,29.0,2203,0,Defensive Anchor,64.6,64.6,2.630293706942372
Faustino Anjorin,2425,Empoli,ITA-Serie A,MF,22.0,1114,1,Ball Progressor,90.5,90.5,2.3345583293277374
Jacopo Fazzini,2425,Empoli,ITA-Serie A,MF,21.0,1383,1,Ball Progressor,89.9,89.9,2.3491652026612364
Liam Henderson,2425,Empoli,ITA-Serie A,MF,28.0,2337,1,Ball Progressor,48.1,48.1,3.373501847097676
Liberato Cacace,2425,Empoli,ITA-Serie A,"MF,DF",23.0,2230,1,Ball Progressor,91.5,91.5,2.3100845269904173
Youssef Maleh,2425,Empoli,ITA-Serie A,MF,25.0,1510,0,Defensive Anchor,52.0,52.0,2.922615641349516
Alessandro Bianco,2425,Fiorentina,ITA-Serie A,MF,21.0,2600,0,Defensive Anchor,0.0,0.0,7.115176620429683
Amir Richardson,2425,Fiorentina,ITA-Serie A,MF,22.0,1099,0,Defensive Anchor,62.5,62.5,2.677629360460126
Danilo Cataldi,2425,Fiorentina,ITA-Serie A,MF,29.0,1728,0,Defensive Anchor,56.3,56.3,2.8227860145048655
Nicolò Fagioli,2425,Fiorentina,ITA-Serie A,MF,23.0,962,1,Ball Progressor,33.9,33.9,3.720744363509876
Rolando Mandragora,2425,Fiorentina,ITA-Serie A,MF,27.0,1931,1,Ball Progressor,53.5,53.5,3.2416731373795415
Yacine Adli,2425,Fiorentina,ITA-Serie A,MF,24.0,1234,3,Box-to-Box Engine,27.7,27.7,4.155025422655022
Fabio Miretti,2425,Genoa,ITA-Serie A,"MF,FW",20.0,1677,1,Ball Progressor,100.0,100.0,1.5379508602366716
Milan Badelj,2425,Genoa,ITA-Serie A,MF,35.0,1472,0,Defensive Anchor,83.3,83.3,2.1949693656820997
Morten Frendrup,2425,Genoa,ITA-Serie A,MF,23.0,3103,0,Defensive Anchor,73.0,73.0,2.434648276392693
Morten Thorsby,2425,Genoa,ITA-Serie A,"MF,FW",28.0,1898,1,Ball Progressor,32.5,32.5,3.755833370569188
Patrizio Masini,2425,Genoa,ITA-Serie A,MF,23.0,1538,0,Defensive Anchor,64.6,64.6,2.6289401855730357
Ondrej Duda,2425,Hellas Verona,ITA-Serie A,MF,29.0,2395,0,Defensive Anchor,85.2,85.2,2.151128324242462
Reda Belahyane,2425,Hellas Verona,ITA-Serie A,MF,20.0,1658,0,Defensive Anchor,59.2,59.2,2.756121141949499
Suat Serdar,2425,Hellas Verona,ITA-Serie A,MF,27.0,1376,0,Defensive Anchor,69.1,69.1,2.524170508297353
Tomáš Suslov,2425,Hellas Verona,ITA-Serie A,"MF,FW",22.0,2080,1,Ball Progressor,62.3,62.3,3.02616671577557
Davide Frattesi,2425,Inter,ITA-Serie A,MF,24.0,1225,1,Ball Progressor,29.2,29.2,3.8364079419591226
Hakan Çalhanoğlu,2425,Inter,ITA-Serie A,MF,30.0,1947,2,Creative Playmaker,55.8,55.8,4.055237449251803
Henrikh Mkhitaryan,2425,Inter,ITA-Serie A,MF,35.0,2396,3,Box-to-Box Engine,32.0,32.0,4.035560456383407
Kristjan Asllani,2425,Inter,ITA-Serie A,MF,22.0,988,3,Box-to-Box Engine,1.0,1.0,4.900308207448191
Nicolò Barella,2425,Inter,ITA-Serie A,MF,27.0,2493,2,Creative Playmaker,69.4,69.4,3.563553481473789
Piotr Zieliński,2425,Inter,ITA-Serie A,MF,30.0,980,3,Box-to-Box Engine,15.9,15.9,4.483828030281797
Khéphren Thuram,2425,Juventus,ITA-Serie A,MF,23.0,2326,1,Ball Progressor,54.8,54.8,3.2088270396421543
Manuel Locatelli,2425,Juventus,ITA-Serie A,MF,26.0,2822,3,Box-to-Box Engine,43.3,43.3,3.720639533337717
Nicolò Fagioli,2425,Juventus,ITA-Serie A,MF,23.0,962,3,Box-to-Box Engine,47.2,47.2,3.613425703925416
Teun Koopmeiners,2425,Juventus,ITA-Serie A,"MF,FW",26.0,1994,1,Ball Progressor,60.6,60.6,3.065961420373231
Weston McKennie,2425,Juventus,ITA-Serie A,"MF,DF",25.0,2310,1,Ball Progressor,94.4,94.4,2.2400720881265723
Boulaye Dia,2425,Lazio,ITA-Serie A,"MF,FW",27.0,2177,1,Ball Progressor,1.9,1.9,4.504629068669277
Fisayo Dele-Bashiru,2425,Lazio,ITA-Serie A,"MF,FW",23.0,947,1,Ball Progressor,63.4,63.4,2.998760006656638
Mattéo Guendouzi,2425,Lazio,ITA-Serie A,MF,25.0,3270,3,Box-to-Box Engine,68.1,68.1,3.0300035083073786
Nicolò Rovella,2425,Lazio,ITA-Serie A,MF,22.0,2718,3,Box-to-Box Engine,64.7,64.7,3.1260720399874753
Reda Belahyane,2425,Lazio,ITA-Serie A,MF,20.0,1658,0,Defensive Anchor,0.0,0.0,5.072582013735182
Balthazar Pierret,2425,Lecce,ITA-Serie A,MF,24.0,1723,0,Defensive Anchor,91.9,91.9,1.9950791053035757
Hamza Rafia,2425,Lecce,ITA-Serie A,MF,25.0,1058,1,Ball Progressor,7.8,7.8,4.358625532629772
Lassana Coulibaly,2425,Lecce,ITA-Serie A,MF,28.0,2667,0,Defensive Anchor,60.0,60.0,2.73639561379398
Ylber Ramadani,2425,Lecce,ITA-Serie A,MF,28.0,1807,0,Defensive Anchor,98.8,98.8,1.8365359105453205
Þórir Jóhann Helgason,2425,Lecce,ITA-Serie A,MF,23.0,1156,1,Ball Progressor,46.0,46.0,3.425070107989022
Ruben Loftus-Cheek,2425,Milan,ITA-Serie A,MF,28.0,1037,1,Ball Progressor,35.0,35.0,3.69321497672235
Tijjani Reijnders,2425,Milan,ITA-Serie A,MF,26.0,3128,2,Creative Playmaker,64.2,64.2,3.753552682276454
Warren Bondo,2425,Milan,ITA-Serie A,MF,20.0,1618,0,Defensive Anchor,0.0,0.0,4.320964500676311
Youssouf Fofana,2425,Milan,ITA-Serie A,MF,25.0,2504,3,Box-to-Box Engine,77.1,77.1,2.779902924538713
Yunus Musah,2425,Milan,ITA-Serie A,"MF,FW",21.0,1571,1,Ball Progressor,69.9,69.9,2.8380386580594776
Alessandro Bianco,2425,Monza,ITA-Serie A,MF,21.0,2600,0,Defensive Anchor,58.1,58.1,2.7796909098572513
Daniel Maldini,2425,Monza,ITA-Serie A,"MF,FW",22.0,1306,1,Ball Progressor,51.7,51.7,3.2835651970684627
Gianluca Caprari,2425,Monza,ITA-Serie A,"MF,FW",31.0,1651,1,Ball Progressor,64.3,64.3,2.976985060798007
Jean-Daniel Akpa-Akpro,2425,Monza,ITA-Serie A,MF,31.0,966,0,Defensive Anchor,36.8,36.8,3.274523447293885
Patrick Ciurria,2425,Monza,ITA-Serie A,"MF,DF",29.0,1111,1,Ball Progressor,70.5,70.5,2.823446175121645
Warren Bondo,2425,Monza,ITA-Serie A,MF,20.0,1618,0,Defensive Anchor,37.8,37.8,3.252676691479474
Andre-Frank Zambo Anguissa,2425,Napoli,ITA-Serie A,MF,28.0,2852,1,Ball Progressor,74.1,74.1,2.735854378964999
Billy Gilmour,2425,Napoli,ITA-Serie A,MF,23.0,1177,3,Box-to-Box Engine,58.6,58.6,3.295990832780075
Scott McTominay,2425,Napoli,ITA-Serie A,MF,27.0,2938,1,Ball Progressor,57.1,57.1,3.1533039182236022
Stanislav Lobotka,2425,Napoli,ITA-Serie A,MF,29.0,2636,0,Defensive Anchor,82.6,82.6,2.2110204569988237
Adrian Bernabe,2425,Parma,ITA-Serie A,MF,23.0,1453,3,Box-to-Box Engine,75.0,75.0,2.838903405110219
Hernani,2425,Parma,ITA-Serie A,MF,30.0,1327,1,Ball Progressor,37.3,37.3,3.6379780323083257
Mandela Keita,2425,Parma,ITA-Serie A,MF,22.0,1826,0,Defensive Anchor,76.2,76.2,2.361448751669623
Simon Sohm,2425,Parma,ITA-Serie A,MF,23.0,2989,1,Ball Progressor,43.5,43.5,3.4866125443201583
Bryan Cristante,2425,Roma,ITA-Serie A,MF,29.0,2045,0,Defensive Anchor,52.2,52.2,2.9171118769742432
Leandro Paredes,2425,Roma,ITA-Serie A,MF,30.0,1373,3,Box-to-Box Engine,27.6,27.6,4.157991333027926
Lorenzo Pellegrini,2425,Roma,ITA-Serie A,MF,28.0,1626,1,Ball Progressor,74.2,74.2,2.7337175862894405
Manu Koné,2425,Roma,ITA-Serie A,MF,23.0,2572,1,Ball Progressor,72.9,72.9,2.7649240046165042
Matìas Soulé,2425,Roma,ITA-Serie A,"MF,DF",21.0,1781,2,Creative Playmaker,88.5,88.5,2.8759229768299837
Niccolò Pisilli,2425,Roma,ITA-Serie A,MF,19.0,1227,1,Ball Progressor,75.4,75.4,2.7040698068158404
Cesare Casadei,2425,Torino,ITA-Serie A,MF,21.0,1017,0,Defensive Anchor,0.0,0.0,4.201530735522216
Gvidas Gineitis,2425,Torino,ITA-Serie A,MF,20.0,1430,1,Ball Progressor,70.5,70.5,2.8231699415370874
Ivan Ilić,2425,Torino,ITA-Serie A,MF,23.0,920,1,Ball Progressor,3.1,3.1,4.474268401425724
Karol Linetty,2425,Torino,ITA-Serie A,MF,29.0,1540,0,Defensive Anchor,30.9,30.9,3.413239723491129
Nikola Vlašić,2425,Torino,ITA-Serie A,"MF,FW",26.0,2117,1,Ball Progressor,100.0,100.0,1.9087774136328683
Samuele Ricci,2425,Torino,ITA-Serie A,MF,22.0,2825,0,Defensive Anchor,24.8,24.8,3.5549229318674995
Yann Karamoh,2425,Torino,ITA-Serie A,"MF,FW",26.0,1046,1,Ball Progressor,41.4,41.4,3.5379069444158846
Arthur Atta,2425,Udinese,ITA-Serie A,"MF,FW",21.0,1251,1,Ball Progressor,89.2,89.2,2.366861027045408
Jesper Karlström,2425,Udinese,ITA-Serie A,MF,29.0,3186,0,Defensive Anchor,65.1,65.1,2.6185230556907144
Jurgen Ekkelenkamp,2425,Udinese,ITA-Serie A,MF,24.0,1892,1,Ball Progressor,75.3,75.3,2.706651613876902
Martín Payero,2425,Udinese,ITA-Serie A,MF,25.0,1381,1,Ball Progressor,95.1,95.1,2.2207980906563556
Sandi Lovrić,2425,Udinese,ITA-Serie A,MF,26.0,2308,1,Ball Progressor,73.9,73.9,2.7417509007849317
Alfred Duncan,2425,Venezia,ITA-Serie A,MF,31.0,957,0,Defensive Anchor,20.0,20.0,3.664244366348974
Gianluca Busio,2425,Venezia,ITA-Serie A,MF,22.0,2518,1,Ball Progressor,88.6,88.6,2.380106769907203
Hans Nicolussi Caviglia,2425,Venezia,ITA-Serie A,MF,24.0,2861,0,Defensive Anchor,61.6,61.6,2.6998022739945635
Issa Doumbia,2425,Venezia,ITA-Serie A,MF,20.0,939,0,Defensive Anchor,41.5,41.5,3.1656251272447293
Kike Pérez,2425,Venezia,ITA-Serie A,MF,27.0,1191,3,Box-to-Box Engine,76.2,76.2,2.8065933918500203
Kike Pérez,2425,Venezia,ITA-Serie A,MF,27.0,1114,3,Box-to-Box Engine,76.2,76.2,2.8065933918500203
