dataset,suffix,size_mb,modified_at_utc,modified_at_local_naive,sha256_16,read_error,n_columns_sample,columns_sample
artifacts/feature_importance/gradient_boosting_feature_importance.csv,.csv,0.001,2026-05-06T21:47:52.449308+00:00,2026-05-06T23:47:52,84104f0e28530758,,3,"feature, importance, model"
artifacts/feature_importance/random_forest_feature_importance.csv,.csv,0.001,2026-05-06T21:47:51.609310+00:00,2026-05-06T23:47:51,1418050bc156863c,,3,"feature, importance, model"
artifacts/feature_importance/tuned_lightgbm_feature_importance.csv,.csv,0.001,2026-06-08T00:18:52.437128+00:00,2026-06-08T02:18:52,bc6ebc98b6d16f05,,2,"feature, importance"
artifacts/feature_importance/tuned_random_forest_feature_importance.csv,.csv,0.001,2026-06-08T00:18:34.660061+00:00,2026-06-08T02:18:34,e9e623250ffabddb,,2,"feature, importance"
artifacts/feature_importance/tuned_xgboost_feature_importance.csv,.csv,0.001,2026-06-08T00:18:37.730502+00:00,2026-06-08T02:18:37,b2f4779832f9568e,,2,"feature, importance"
artifacts/predictions/tuned_xgboost_full_predictions.csv,.csv,3.338,2026-06-08T00:18:56.127392+00:00,2026-06-08T02:18:56,c6906f9b9eab2c2c,,79,"player_name_fbref, club, league, season, season_start_year_fbref, position, position_group, age_fbref, matches_played, starts, minutes_played, nineties, goals, assists, g_a, goals_minus_pk, penalties_scored, penalties_attempted, yellow_cards, red_cards, goals_per90, assists_per90, g_a_per90, goals_minus_pk_per90, g_a_minus_pk_per90, player_name_norm, player_id_tm, player_name_tm, season_start_year_tm, valuation_date, market_value_eur, log_market_value_eur, market_value_prev_eur, market_value_next_eur, market_value_growth_1y, delta_log_market_value_1y, age_tm, date_of_birth, nationality, position_tm, sub_position_tm, foot, height_in_cm, current_club_name_tm, current_club_id_tm, competition_id_tm, source, matching_method, matching_confidence, age_diff, club_score, matching_status, season_start_year, age, goals_per90_pos_z, assists_per90_pos_z, shots_per90_pos_z, goals_position_percentile, assists_position_percentile, market_value_growth_prev, delta_log_market_value_prev, age_squared, career_year, breakout_indicator, z_goals_per90_global, z_assists_per90_global, z_age_global, z_career_year_global, z_market_value_growth_prev_global, z_delta_log_market_value_prev_global, finishing_index, playmaking_index, growth_index, experience_index, log_minutes_played, model_name, predicted_log_market_value, observed_log_market_value, prediction_error_log"
artifacts/predictions/tuned_xgboost_predictions.csv,.csv,0.525,2026-06-08T00:18:56.159293+00:00,2026-06-08T02:18:56,1ab15b5ed6555254,,79,"player_name_fbref, club, league, season, season_start_year_fbref, position, position_group, age_fbref, matches_played, starts, minutes_played, nineties, goals, assists, g_a, goals_minus_pk, penalties_scored, penalties_attempted, yellow_cards, red_cards, goals_per90, assists_per90, g_a_per90, goals_minus_pk_per90, g_a_minus_pk_per90, player_name_norm, player_id_tm, player_name_tm, season_start_year_tm, valuation_date, market_value_eur, log_market_value_eur, market_value_prev_eur, market_value_next_eur, market_value_growth_1y, delta_log_market_value_1y, age_tm, date_of_birth, nationality, position_tm, sub_position_tm, foot, height_in_cm, current_club_name_tm, current_club_id_tm, competition_id_tm, source, matching_method, matching_confidence, age_diff, club_score, matching_status, season_start_year, age, goals_per90_pos_z, assists_per90_pos_z, shots_per90_pos_z, goals_position_percentile, assists_position_percentile, market_value_growth_prev, delta_log_market_value_prev, age_squared, career_year, breakout_indicator, z_goals_per90_global, z_assists_per90_global, z_age_global, z_career_year_global, z_market_value_growth_prev_global, z_delta_log_market_value_prev_global, finishing_index, playmaking_index, growth_index, experience_index, log_minutes_played, model_name, predicted_log_market_value, observed_log_market_value, prediction_error_log"
artifacts/predictions/tuned_xgboost_test_predictions.csv,.csv,1.495,2026-06-08T00:18:55.901390+00:00,2026-06-08T02:18:55,38bda8d5b2263231,,79,"player_name_fbref, club, league, season, season_start_year_fbref, position, position_group, age_fbref, matches_played, starts, minutes_played, nineties, goals, assists, g_a, goals_minus_pk, penalties_scored, penalties_attempted, yellow_cards, red_cards, goals_per90, assists_per90, g_a_per90, goals_minus_pk_per90, g_a_minus_pk_per90, player_name_norm, player_id_tm, player_name_tm, season_start_year_tm, valuation_date, market_value_eur, log_market_value_eur, market_value_prev_eur, market_value_next_eur, market_value_growth_1y, delta_log_market_value_1y, age_tm, date_of_birth, nationality, position_tm, sub_position_tm, foot, height_in_cm, current_club_name_tm, current_club_id_tm, competition_id_tm, source, matching_method, matching_confidence, age_diff, club_score, matching_status, season_start_year, age, goals_per90_pos_z, assists_per90_pos_z, shots_per90_pos_z, goals_position_percentile, assists_position_percentile, market_value_growth_prev, delta_log_market_value_prev, age_squared, career_year, breakout_indicator, z_goals_per90_global, z_assists_per90_global, z_age_global, z_career_year_global, z_market_value_growth_prev_global, z_delta_log_market_value_prev_global, finishing_index, playmaking_index, growth_index, experience_index, log_minutes_played, model_name, predicted_log_market_value, observed_log_market_value, prediction_error_log"
data/interim/fbref/fbref_player_standard.parquet,.parquet,0.009,2026-04-28T10:55:41.974975+00:00,2026-04-28T12:55:41,8c5a8e4fa2b1579f,,14,"player_name, season, age, squad, league, position, minutes_played, goals_per90, assists_per90, shots_per90, progressive_passes_per90, progressive_carries_per90, tackles_per90, interceptions_per90"
data/interim/transfermarkt/transfermarkt_player_market_values.parquet,.parquet,0.004,2026-04-27T19:04:49.871516+00:00,2026-04-27T21:04:49,46f95152eda7a458,,7,"player_name, season, age, position, club, league, market_value_eur"
data/outputs/02_baseline_coefficient_table.csv,.csv,0.003,2026-06-02T20:01:49.166037+00:00,2026-06-02T22:01:49,78ee9fc31e5b6178,,8,"term, coef, std_err_HC3, t_value, p_value, ci_lower, ci_upper, approx_pct_effect"
data/outputs/02_baseline_model_metrics.csv,.csv,0.001,2026-06-02T20:01:49.111057+00:00,2026-06-02T22:01:49,d5f18f7be2043515,,5,"model, sample, MAE_log, RMSE_log, R2"
data/outputs/02_baseline_overvalued_ranking.csv,.csv,0.007,2026-06-02T20:01:49.855938+00:00,2026-06-02T22:01:49,1fc050f5546f2554,,18,"player_name_fbref, club, league, season, position_group, age, minutes_played, market_value_eur, predicted_market_value_eur, market_value_gap_eur, market_value_gap_pct, inefficiency_score, inefficiency_score_z, matching_method, matching_confidence, age_diff, club_score, opportunity_score"
data/outputs/02_baseline_test_predictions.parquet,.parquet,0.153,2026-06-02T20:01:49.348581+00:00,2026-06-02T22:01:49,20f4cfaa1ffc5cec,,64,"player_name_fbref, club, league, season, season_start_year_fbref, position, position_group, age_fbref, matches_played, starts, minutes_played, nineties, goals, assists, g_a, goals_minus_pk, penalties_scored, penalties_attempted, yellow_cards, red_cards, goals_per90, assists_per90, g_a_per90, goals_minus_pk_per90, g_a_minus_pk_per90, player_name_norm, player_id_tm, player_name_tm, season_start_year_tm, valuation_date, market_value_eur, log_market_value_eur, market_value_prev_eur, market_value_next_eur, market_value_growth_1y, delta_log_market_value_1y, age_tm, date_of_birth, nationality, position_tm, sub_position_tm, foot, height_in_cm, current_club_name_tm, current_club_id_tm, competition_id_tm, source, matching_method, matching_confidence, age_diff, club_score, matching_status, season_start_year, age, log_minutes_played, predicted_log_market_value, predicted_market_value_eur, residual_observed_minus_predicted, inefficiency_score, market_value_gap_eur, market_value_gap_pct, inefficiency_score_z, confidence_score, opportunity_score"
data/outputs/02_baseline_undervalued_ranking.csv,.csv,0.006,2026-06-02T20:01:49.854933+00:00,2026-06-02T22:01:49,9d180c7de5c4909b,,18,"player_name_fbref, club, league, season, position_group, age, minutes_played, market_value_eur, predicted_market_value_eur, market_value_gap_eur, market_value_gap_pct, inefficiency_score, inefficiency_score_z, matching_method, matching_confidence, age_diff, club_score, opportunity_score"
data/outputs/02_baseline_vif_table.csv,.csv,0.001,2026-06-02T20:01:49.306072+00:00,2026-06-02T22:01:49,d53690f9c6958ba2,,2,"feature, VIF"
data/outputs/03_econometric_model_coefficients.csv,.csv,0.001,2026-06-02T20:43:50.961146+00:00,2026-06-02T22:43:50,27b8761dafff394a,,6,"term, coef, std_err_HC3, t, p_value, significant_5pct"
data/outputs/03_econometric_model_metrics.csv,.csv,0.001,2026-06-02T20:43:50.925981+00:00,2026-06-02T22:43:50,d9d7b7b2bd4fdc59,,6,"model, split, n, MAE_log, RMSE_log, R2"
data/outputs/03_econometric_scored_player_seasons.parquet,.parquet,0.619,2026-06-02T20:43:51.103258+00:00,2026-06-02T22:43:51,ee3f87edc7536a3f,,68,"player_name_fbref, club, league, season, season_start_year_fbref, position, position_group, age_fbref, matches_played, starts, minutes_played, nineties, goals, assists, g_a, goals_minus_pk, penalties_scored, penalties_attempted, yellow_cards, red_cards, goals_per90, assists_per90, g_a_per90, goals_minus_pk_per90, g_a_minus_pk_per90, player_name_norm, player_id_tm, player_name_tm, season_start_year_tm, valuation_date, market_value_eur, log_market_value_eur, market_value_prev_eur, market_value_next_eur, market_value_growth_1y, delta_log_market_value_1y, age_tm, date_of_birth, nationality, position_tm, sub_position_tm, foot, height_in_cm, current_club_name_tm, current_club_id_tm, competition_id_tm, source, matching_method, matching_confidence, age_diff, club_score, matching_status, season_start_year, age, player_name, log_minutes_played, z_goals_per90, z_assists_per90, split, predicted_log_market_value, predicted_market_value_eur, residual_log_observed_minus_predicted, inefficiency_score, market_value_gap_eur, market_value_gap_pct, inefficiency_score_z, confidence_score, opportunity_score"
data/outputs/03_econometric_test_predictions.parquet,.parquet,0.157,2026-06-02T20:43:51.114326+00:00,2026-06-02T22:43:51,fc815a9464e71df3,,65,"player_name_fbref, club, league, season, season_start_year_fbref, position, position_group, age_fbref, matches_played, starts, minutes_played, nineties, goals, assists, g_a, goals_minus_pk, penalties_scored, penalties_attempted, yellow_cards, red_cards, goals_per90, assists_per90, g_a_per90, goals_minus_pk_per90, g_a_minus_pk_per90, player_name_norm, player_id_tm, player_name_tm, season_start_year_tm, valuation_date, market_value_eur, log_market_value_eur, market_value_prev_eur, market_value_next_eur, market_value_growth_1y, delta_log_market_value_1y, age_tm, date_of_birth, nationality, position_tm, sub_position_tm, foot, height_in_cm, current_club_name_tm, current_club_id_tm, competition_id_tm, source, matching_method, matching_confidence, age_diff, club_score, matching_status, season_start_year, age, player_name, log_minutes_played, z_goals_per90, z_assists_per90, split, predicted_log_market_value, predicted_market_value_eur, residual_log_observed_minus_predicted, inefficiency_score, market_value_gap_eur, market_value_gap_pct"
data/outputs/03_inefficiency_by_league_test.csv,.csv,0.001,2026-06-02T20:43:51.886645+00:00,2026-06-02T22:43:51,d2d972c8c5ed107f,,9,"league, n, mean_inefficiency, median_inefficiency, mean_gap_eur, median_gap_eur, mean_gap_pct, mean_confidence, mean_opportunity"
data/outputs/03_overvalued_ranking.csv,.csv,0.017,2026-06-02T20:43:51.827837+00:00,2026-06-02T22:43:51,768cf63b179b5083,,23,"player_id_tm, player_name, club, current_club_name_tm, league, season, position_group, age, minutes_played, market_value_eur, predicted_market_value_eur, market_value_gap_eur, market_value_gap_pct, log_market_value_eur, predicted_log_market_value, inefficiency_score, inefficiency_score_z, confidence_score, opportunity_score, matching_method, matching_confidence, age_diff, club_score"
data/outputs/03_strict_matching_metrics.csv,.csv,0.0,2026-06-02T20:43:51.976869+00:00,2026-06-02T22:43:51,65ad159ce27d5ea3,,6,"model, split, n, MAE_log, RMSE_log, R2"
data/outputs/03_undervalued_ranking.csv,.csv,0.016,2026-06-02T20:43:51.826429+00:00,2026-06-02T22:43:51,59fd437c980912c0,,23,"player_id_tm, player_name, club, current_club_name_tm, league, season, position_group, age, minutes_played, market_value_eur, predicted_market_value_eur, market_value_gap_eur, market_value_gap_pct, log_market_value_eur, predicted_log_market_value, inefficiency_score, inefficiency_score_z, confidence_score, opportunity_score, matching_method, matching_confidence, age_diff, club_score"
data/outputs/03_vif_table.csv,.csv,0.0,2026-06-02T20:43:51.017717+00:00,2026-06-02T22:43:51,a40c527d8c47b72b,,2,"variable, VIF"
data/outputs/04_ml_inefficiency_by_league.csv,.csv,0.001,2026-06-02T20:50:42.758661+00:00,2026-06-02T22:50:42,74feee3cfce9609b,,9,"league, n, mean_inefficiency_ml, median_inefficiency_ml, mean_gap_ml_eur, median_gap_ml_eur, mean_gap_ml_pct, mean_confidence_ml, mean_opportunity_ml"
data/outputs/04_ml_inefficiency_by_position.csv,.csv,0.001,2026-06-02T20:50:42.778543+00:00,2026-06-02T22:50:42,3588c5ce4ab372be,,9,"position_group, n, mean_inefficiency_ml, median_inefficiency_ml, mean_gap_ml_eur, median_gap_ml_eur, mean_gap_ml_pct, mean_confidence_ml, mean_opportunity_ml"
data/outputs/04_ml_model_metrics.csv,.csv,0.001,2026-06-02T20:50:42.299233+00:00,2026-06-02T22:50:42,a427625f429b0574,,6,"model, split, MAE_log, RMSE_log, R2, RMSE_multiplicative_factor"
data/outputs/04_ml_overvalued_ranking.csv,.csv,0.016,2026-06-02T20:50:42.730574+00:00,2026-06-02T22:50:42,d6742f0cebaf7619,,23,"player_name_fbref, player_id_tm, club, current_club_name_tm, league, season, position_group, age, minutes_played, market_value_eur, predicted_market_value_ml_eur, market_value_gap_ml_eur, market_value_gap_ml_pct, log_market_value_eur, predicted_log_market_value_ml, inefficiency_score_ml, inefficiency_score_ml_z, confidence_score_ml, opportunity_score_ml, matching_method, matching_confidence, age_diff, club_score"
data/outputs/04_ml_permutation_importance.csv,.csv,0.0,2026-06-02T20:50:49.696131+00:00,2026-06-02T22:50:49,c2199ced73f7b852,,3,"feature, importance_mean, importance_std"
data/outputs/04_ml_test_predictions.csv,.csv,0.182,2026-06-02T20:50:50.025677+00:00,2026-06-02T22:50:50,d763fe13756356f9,,23,"player_name_fbref, player_id_tm, club, current_club_name_tm, league, season, position_group, age, minutes_played, market_value_eur, log_market_value_eur, predicted_log_market_value_ml, predicted_market_value_ml_eur, inefficiency_score_ml, inefficiency_score_ml_z, market_value_gap_ml_eur, market_value_gap_ml_pct, confidence_score_ml, opportunity_score_ml, matching_method, matching_confidence, age_diff, club_score"
data/outputs/04_ml_test_predictions.parquet,.parquet,0.082,2026-06-02T20:50:50.004826+00:00,2026-06-02T22:50:50,cfdcb7195cb3e8cd,,23,"player_name_fbref, player_id_tm, club, current_club_name_tm, league, season, position_group, age, minutes_played, market_value_eur, log_market_value_eur, predicted_log_market_value_ml, predicted_market_value_ml_eur, inefficiency_score_ml, inefficiency_score_ml_z, market_value_gap_ml_eur, market_value_gap_ml_pct, confidence_score_ml, opportunity_score_ml, matching_method, matching_confidence, age_diff, club_score"
data/outputs/04_ml_undervalued_ranking.csv,.csv,0.017,2026-06-02T20:50:42.728568+00:00,2026-06-02T22:50:42,0fbceab9274331ef,,23,"player_name_fbref, player_id_tm, club, current_club_name_tm, league, season, position_group, age, minutes_played, market_value_eur, predicted_market_value_ml_eur, market_value_gap_ml_eur, market_value_gap_ml_pct, log_market_value_eur, predicted_log_market_value_ml, inefficiency_score_ml, inefficiency_score_ml_z, confidence_score_ml, opportunity_score_ml, matching_method, matching_confidence, age_diff, club_score"
data/outputs/04_model_comparison_test.csv,.csv,0.001,2026-06-02T20:50:42.333639+00:00,2026-06-02T22:50:42,9283413719f077f0,,5,"model, split, MAE_log, RMSE_log, R2"
data/outputs/04_ranking_stability_ols_vs_ml.csv,.csv,0.0,2026-06-02T20:50:49.960302+00:00,2026-06-02T22:50:49,1bf021f19a77f2a1,,3,"top_k, overlap, overlap_rate"
data/outputs/econometric_baseline_metrics.csv,.csv,0.0,2026-05-05T17:26:28.921765+00:00,2026-05-05T19:26:28,3b2318a068113eba,,2,"metric, value"
data/outputs/econometric_baseline_results.parquet,.parquet,0.242,2026-05-05T17:26:28.907544+00:00,2026-05-05T19:26:28,1d7da0c995ac5d83,,56,"player_name_fbref, normalized_name, season, season_start_year_fbref, league, club, position, age_fbref, minutes_played, matches, goals, assists, goals_per90, assists_per90, g_a_per90, shots_per90, progressive_passes_per90, progressive_carries_per90, tackles_per90, interceptions_per90, player_name_norm, player_id, player_name_tm, season_start_year_tm, valuation_date, market_value_eur, log_market_value_eur, market_value_prev_eur, market_value_next_eur, market_value_growth_1y, delta_log_market_value_1y, age_tm, date_of_birth, nationality, position_tm, sub_position_tm, position_group, foot, height_in_cm, current_club_name_tm, current_club_id_tm, competition_id_tm, has_player_master_data, has_age, source, matching_method, matching_confidence, matching_status, season_start_year, age, age_diff, predicted_log_market_value, predicted_market_value_eur, residual_log_value, inefficiency_score, market_value_gap_eur"
data/outputs/models/econometric_baseline_coefficients.csv,.csv,0.001,2026-05-06T18:41:20.833247+00:00,2026-05-06T20:41:20,c6e9ffd2ba7e5604,,8,"term, Coef., Std.Err., z, P>|z|, [0.025, 0.975], approx_pct_effect"
data/outputs/models/econometric_baseline_metrics.csv,.csv,0.0,2026-05-06T18:41:20.797234+00:00,2026-05-06T20:41:20,33502f34474c39fd,,4,"model, MAE_log, RMSE_log, R2"
data/outputs/models/player_season_scoring_baseline.parquet,.parquet,0.015,2026-05-06T18:41:21.175809+00:00,2026-05-06T20:41:21,99b4407914390bfc,,24,"player_id, season, season_start_year, log_market_value_eur, market_value_eur, age, minutes_played, finishing_index, playmaking_index, progression_index, defensive_index, position_group, league_tm, matching_confidence, is_low_minutes, minutes_bucket, log_minutes_played, age_squared, pred_log_market_value, expected_market_value_eur, inefficiency_log_gap, inefficiency_score, market_value_gap_eur, market_value_gap_pct"
data/outputs/models/scouting_buckets_baseline.csv,.csv,0.001,2026-05-06T18:41:21.674924+00:00,2026-05-06T20:41:21,7e387fd377621a2b,,25,"player_id, season, season_start_year, log_market_value_eur, market_value_eur, age, minutes_played, finishing_index, playmaking_index, progression_index, defensive_index, position_group, league_tm, matching_confidence, is_low_minutes, minutes_bucket, log_minutes_played, age_squared, pred_log_market_value, expected_market_value_eur, inefficiency_log_gap, inefficiency_score, market_value_gap_eur, market_value_gap_pct, scouting_bucket"
data/outputs/models/undervalued_players_baseline.csv,.csv,0.001,2026-05-06T18:41:21.142064+00:00,2026-05-06T20:41:21,b8cd43a215fa3d88,,15,"player_id, season, season_start_year, age, position_group, league_tm, market_value_eur, expected_market_value_eur, market_value_gap_eur, market_value_gap_pct, inefficiency_log_gap, inefficiency_score, minutes_played, is_low_minutes, matching_confidence"
data/outputs/undervalued_ranking_baseline.csv,.csv,0.184,2026-05-05T17:26:28.921765+00:00,2026-05-05T19:26:28,c9f147186daf82ae,,12,"player_name_fbref, season, league, club, position_group, age, minutes_played, market_value_eur, predicted_market_value_eur, market_value_gap_eur, inefficiency_score, matching_confidence"
data/processed/fbref_features.parquet,.parquet,0.581,2026-06-02T13:09:30.871872+00:00,2026-06-02T15:09:30,6fc6c4d2d46b7663,,25,"player_name, club, league, season, season_start_year, position, position_group, age, matches_played, starts, minutes_played, nineties, goals, assists, g_a, goals_minus_pk, penalties_scored, penalties_attempted, yellow_cards, red_cards, goals_per90, assists_per90, g_a_per90, goals_minus_pk_per90, g_a_minus_pk_per90"
data/processed/fbref_features_v13a.parquet,.parquet,0.891,2026-06-07T16:11:20.631954+00:00,2026-06-07T18:11:20,bd1ccdc9e12ca25b,,25,"player_name, club, league, season, season_start_year, position, position_group, age, matches_played, starts, minutes_played, nineties, goals, assists, g_a, goals_minus_pk, penalties_scored, penalties_attempted, yellow_cards, red_cards, goals_per90, assists_per90, g_a_per90, goals_minus_pk_per90, g_a_minus_pk_per90"
data/processed/fbref_standard_raw.parquet,.parquet,0.39,2026-05-05T14:36:33.728843+00:00,2026-05-05T16:36:33,301b453f80302628,,28,"Rk, Player, Nation, Pos, Squad, Age, Born, Playing Time_MP, Playing Time_Starts, Playing Time_Min, Playing Time_90s, Performance_Gls, Performance_Ast, Performance_G+A, Performance_G-PK, Performance_PK, Performance_PKatt, Performance_CrdY, Performance_CrdR, Per 90 Minutes_Gls, Per 90 Minutes_Ast, Per 90 Minutes_G+A, Per 90 Minutes_G-PK, Per 90 Minutes_G+A-PK, Matches, league, season, season_start_year"
data/processed/player_season_features.parquet,.parquet,0.024,2026-04-28T11:45:37.939992+00:00,2026-04-28T13:45:37,fd9e1501aba4e72c,,40,"player_name_tm, season, age, position_tm, club, league_tm, market_value_eur, player_id, season_start_year, position_group, log_market_value_eur, normalized_name, player_name_fbref, squad, league_fbref, position_fbref, minutes_played, goals_per90, assists_per90, shots_per90, progressive_passes_per90, progressive_carries_per90, tackles_per90, interceptions_per90, matching_status, name_similarity, matching_confidence, z_goals_per90, z_assists_per90, z_shots_per90, z_progressive_passes_per90, z_progressive_carries_per90, z_tackles_per90, z_interceptions_per90, finishing_index, playmaking_index, progression_index, defensive_index, minutes_bucket, is_low_minutes"
data/processed/player_season_modeling.parquet,.parquet,0.346,2026-06-07T23:03:47.167721+00:00,2026-06-08T01:03:47,2b6c5e5d26b3207b,,54,"player_name_fbref, club, league, season, season_start_year_fbref, position, position_group, age_fbref, matches_played, starts, minutes_played, nineties, goals, assists, g_a, goals_minus_pk, penalties_scored, penalties_attempted, yellow_cards, red_cards, goals_per90, assists_per90, g_a_per90, goals_minus_pk_per90, g_a_minus_pk_per90, player_name_norm, player_id_tm, player_name_tm, season_start_year_tm, valuation_date, market_value_eur, log_market_value_eur, market_value_prev_eur, market_value_next_eur, market_value_growth_1y, delta_log_market_value_1y, age_tm, date_of_birth, nationality, position_tm, sub_position_tm, foot, height_in_cm, current_club_name_tm, current_club_id_tm, competition_id_tm, source, matching_method, matching_confidence, age_diff, club_score, matching_status, season_start_year, age"
data/processed/player_season_modeling_advanced.parquet,.parquet,0.39,2026-06-02T14:06:33.215408+00:00,2026-06-02T16:06:33,541e940a298e282c,,59,"player_name_fbref, club, league, season, season_start_year_fbref, position, position_group, age_fbref, matches_played, starts, minutes_played, nineties, goals, assists, g_a, goals_minus_pk, penalties_scored, penalties_attempted, yellow_cards, red_cards, goals_per90, assists_per90, g_a_per90, goals_minus_pk_per90, g_a_minus_pk_per90, player_name_norm, player_id_tm, player_name_tm, season_start_year_tm, valuation_date, market_value_eur, log_market_value_eur, market_value_prev_eur, market_value_next_eur, market_value_growth_1y, delta_log_market_value_1y, age_tm, date_of_birth, nationality, position_tm, sub_position_tm, foot, height_in_cm, current_club_name_tm, current_club_id_tm, competition_id_tm, source, matching_method, matching_confidence, age_diff, club_score, matching_status, season_start_year, age, goals_per90_pos_z, assists_per90_pos_z, shots_per90_pos_z, goals_position_percentile, assists_position_percentile"
data/processed/player_season_modeling_advanced_v13a.parquet,.parquet,0.517,2026-06-08T00:39:06.614591+00:00,2026-06-08T02:39:06,133c23fef09dc30b,,59,"player_name_fbref, club, league, season, season_start_year_fbref, position, position_group, age_fbref, matches_played, starts, minutes_played, nineties, goals, assists, g_a, goals_minus_pk, penalties_scored, penalties_attempted, yellow_cards, red_cards, goals_per90, assists_per90, g_a_per90, goals_minus_pk_per90, g_a_minus_pk_per90, player_name_norm, player_id_tm, player_name_tm, season_start_year_tm, valuation_date, market_value_eur, log_market_value_eur, market_value_prev_eur, market_value_next_eur, market_value_growth_1y, delta_log_market_value_1y, age_tm, date_of_birth, nationality, position_tm, sub_position_tm, foot, height_in_cm, current_club_name_tm, current_club_id_tm, competition_id_tm, source, matching_method, matching_confidence, age_diff, club_score, matching_status, season_start_year, age, goals_per90_pos_z, assists_per90_pos_z, shots_per90_pos_z, goals_position_percentile, assists_position_percentile"
data/processed/player_season_modeling_growth.parquet,.parquet,0.433,2026-06-02T14:06:39.315262+00:00,2026-06-02T16:06:39,f661d97a91b93935,,64,"player_name_fbref, club, league, season, season_start_year_fbref, position, position_group, age_fbref, matches_played, starts, minutes_played, nineties, goals, assists, g_a, goals_minus_pk, penalties_scored, penalties_attempted, yellow_cards, red_cards, goals_per90, assists_per90, g_a_per90, goals_minus_pk_per90, g_a_minus_pk_per90, player_name_norm, player_id_tm, player_name_tm, season_start_year_tm, valuation_date, market_value_eur, log_market_value_eur, market_value_prev_eur, market_value_next_eur, market_value_growth_1y, delta_log_market_value_1y, age_tm, date_of_birth, nationality, position_tm, sub_position_tm, foot, height_in_cm, current_club_name_tm, current_club_id_tm, competition_id_tm, source, matching_method, matching_confidence, age_diff, club_score, matching_status, season_start_year, age, goals_per90_pos_z, assists_per90_pos_z, shots_per90_pos_z, goals_position_percentile, assists_position_percentile, market_value_growth_prev, delta_log_market_value_prev, age_squared, career_year, breakout_indicator"
data/processed/player_season_modeling_growth_v13a.parquet,.parquet,0.571,2026-06-08T00:39:30.884583+00:00,2026-06-08T02:39:30,1299ec8b8d6df95f,,64,"player_name_fbref, club, league, season, season_start_year_fbref, position, position_group, age_fbref, matches_played, starts, minutes_played, nineties, goals, assists, g_a, goals_minus_pk, penalties_scored, penalties_attempted, yellow_cards, red_cards, goals_per90, assists_per90, g_a_per90, goals_minus_pk_per90, g_a_minus_pk_per90, player_name_norm, player_id_tm, player_name_tm, season_start_year_tm, valuation_date, market_value_eur, log_market_value_eur, market_value_prev_eur, market_value_next_eur, market_value_growth_1y, delta_log_market_value_1y, age_tm, date_of_birth, nationality, position_tm, sub_position_tm, foot, height_in_cm, current_club_name_tm, current_club_id_tm, competition_id_tm, source, matching_method, matching_confidence, age_diff, club_score, matching_status, season_start_year, age, goals_per90_pos_z, assists_per90_pos_z, shots_per90_pos_z, goals_position_percentile, assists_position_percentile, market_value_growth_prev, delta_log_market_value_prev, age_squared, career_year, breakout_indicator"
data/processed/player_season_modeling_indices.parquet,.parquet,0.543,2026-06-02T14:06:45.108817+00:00,2026-06-02T16:06:45,b5a86b330bf73617,,74,"player_name_fbref, club, league, season, season_start_year_fbref, position, position_group, age_fbref, matches_played, starts, minutes_played, nineties, goals, assists, g_a, goals_minus_pk, penalties_scored, penalties_attempted, yellow_cards, red_cards, goals_per90, assists_per90, g_a_per90, goals_minus_pk_per90, g_a_minus_pk_per90, player_name_norm, player_id_tm, player_name_tm, season_start_year_tm, valuation_date, market_value_eur, log_market_value_eur, market_value_prev_eur, market_value_next_eur, market_value_growth_1y, delta_log_market_value_1y, age_tm, date_of_birth, nationality, position_tm, sub_position_tm, foot, height_in_cm, current_club_name_tm, current_club_id_tm, competition_id_tm, source, matching_method, matching_confidence, age_diff, club_score, matching_status, season_start_year, age, goals_per90_pos_z, assists_per90_pos_z, shots_per90_pos_z, goals_position_percentile, assists_position_percentile, market_value_growth_prev, delta_log_market_value_prev, age_squared, career_year, breakout_indicator, z_goals_per90_global, z_assists_per90_global, z_age_global, z_career_year_global, z_market_value_growth_prev_global, z_delta_log_market_value_prev_global, finishing_index, playmaking_index, growth_index, experience_index"
data/processed/player_season_modeling_indices_v13a.parquet,.parquet,0.713,2026-06-08T00:40:09.202203+00:00,2026-06-08T02:40:09,2a7ca14c46ed25bb,,74,"player_name_fbref, club, league, season, season_start_year_fbref, position, position_group, age_fbref, matches_played, starts, minutes_played, nineties, goals, assists, g_a, goals_minus_pk, penalties_scored, penalties_attempted, yellow_cards, red_cards, goals_per90, assists_per90, g_a_per90, goals_minus_pk_per90, g_a_minus_pk_per90, player_name_norm, player_id_tm, player_name_tm, season_start_year_tm, valuation_date, market_value_eur, log_market_value_eur, market_value_prev_eur, market_value_next_eur, market_value_growth_1y, delta_log_market_value_1y, age_tm, date_of_birth, nationality, position_tm, sub_position_tm, foot, height_in_cm, current_club_name_tm, current_club_id_tm, competition_id_tm, source, matching_method, matching_confidence, age_diff, club_score, matching_status, season_start_year, age, goals_per90_pos_z, assists_per90_pos_z, shots_per90_pos_z, goals_position_percentile, assists_position_percentile, market_value_growth_prev, delta_log_market_value_prev, age_squared, career_year, breakout_indicator, z_goals_per90_global, z_assists_per90_global, z_age_global, z_career_year_global, z_market_value_growth_prev_global, z_delta_log_market_value_prev_global, finishing_index, playmaking_index, growth_index, experience_index"
data/processed/player_season_modeling_v13a.parquet,.parquet,0.455,2026-06-07T23:07:24.802828+00:00,2026-06-08T01:07:24,5694875eedbba439,,54,"player_name_fbref, club, league, season, season_start_year_fbref, position, position_group, age_fbref, matches_played, starts, minutes_played, nineties, goals, assists, g_a, goals_minus_pk, penalties_scored, penalties_attempted, yellow_cards, red_cards, goals_per90, assists_per90, g_a_per90, goals_minus_pk_per90, g_a_minus_pk_per90, player_name_norm, player_id_tm, player_name_tm, season_start_year_tm, valuation_date, market_value_eur, log_market_value_eur, market_value_prev_eur, market_value_next_eur, market_value_growth_1y, delta_log_market_value_1y, age_tm, date_of_birth, nationality, position_tm, sub_position_tm, foot, height_in_cm, current_club_name_tm, current_club_id_tm, competition_id_tm, source, matching_method, matching_confidence, age_diff, club_score, matching_status, season_start_year, age"
data/processed/player_season_modeling_v13b_advanced.parquet,.parquet,0.797,2026-06-08T22:31:41.600647+00:00,2026-06-09T00:31:41,0a27aed572594d91,,78,"player_name_fbref, club, league, season, season_start_year_fbref, position, position_group, age_fbref, matches_played, starts, minutes_played, nineties, goals, assists, g_a, goals_minus_pk, penalties_scored, penalties_attempted, yellow_cards, red_cards, goals_per90, assists_per90, g_a_per90, goals_minus_pk_per90, g_a_minus_pk_per90, player_name_norm, player_id_tm, player_name_tm, season_start_year_tm, valuation_date, market_value_eur, log_market_value_eur, market_value_prev_eur, market_value_next_eur, market_value_growth_1y, delta_log_market_value_1y, age_tm, date_of_birth, nationality, position_tm, sub_position_tm, foot, height_in_cm, current_club_name_tm, current_club_id_tm, competition_id_tm, source, matching_method, matching_confidence, age_diff, club_score, matching_status, season_start_year, age, player_name_normalized, adv_goals, adv_shots, adv_shots_on_target, adv_shots_per90, adv_shots_on_target_per90, adv_minutes, adv_starts, adv_complete_matches, adv_interceptions, adv_tackles_won, goals_position_pct, shots_position_pct, shots_on_target_position_pct, shots_per90_position_pct, shots_on_target_per90_position_pct, starts_position_pct, minutes_position_pct, complete_matches_position_pct, interceptions_position_pct, tackles_won_position_pct, finishing_index_v2, availability_index, defensive_activity_index"
data/processed/player_season_modeling_v13b_productive_candidate.parquet,.parquet,0.797,2026-06-08T23:44:52.533622+00:00,2026-06-09T01:44:52,0a27aed572594d91,,78,"player_name_fbref, club, league, season, season_start_year_fbref, position, position_group, age_fbref, matches_played, starts, minutes_played, nineties, goals, assists, g_a, goals_minus_pk, penalties_scored, penalties_attempted, yellow_cards, red_cards, goals_per90, assists_per90, g_a_per90, goals_minus_pk_per90, g_a_minus_pk_per90, player_name_norm, player_id_tm, player_name_tm, season_start_year_tm, valuation_date, market_value_eur, log_market_value_eur, market_value_prev_eur, market_value_next_eur, market_value_growth_1y, delta_log_market_value_1y, age_tm, date_of_birth, nationality, position_tm, sub_position_tm, foot, height_in_cm, current_club_name_tm, current_club_id_tm, competition_id_tm, source, matching_method, matching_confidence, age_diff, club_score, matching_status, season_start_year, age, player_name_normalized, adv_goals, adv_shots, adv_shots_on_target, adv_shots_per90, adv_shots_on_target_per90, adv_minutes, adv_starts, adv_complete_matches, adv_interceptions, adv_tackles_won, goals_position_pct, shots_position_pct, shots_on_target_position_pct, shots_per90_position_pct, shots_on_target_per90_position_pct, starts_position_pct, minutes_position_pct, complete_matches_position_pct, interceptions_position_pct, tackles_won_position_pct, finishing_index_v2, availability_index, defensive_activity_index"
data/processed/player_season_panel.parquet,.parquet,1.601,2026-06-02T13:45:52.229927+00:00,2026-06-02T15:45:52,07efe1bccfb5ecba,,52,"player_name_fbref, club, league, season, season_start_year_fbref, position, position_group, age_fbref, matches_played, starts, minutes_played, nineties, goals, assists, g_a, goals_minus_pk, penalties_scored, penalties_attempted, yellow_cards, red_cards, goals_per90, assists_per90, g_a_per90, goals_minus_pk_per90, g_a_minus_pk_per90, player_name_norm, player_id_tm, player_name_tm, season_start_year_tm, valuation_date, market_value_eur, log_market_value_eur, market_value_prev_eur, market_value_next_eur, market_value_growth_1y, delta_log_market_value_1y, age_tm, date_of_birth, nationality, position_tm, sub_position_tm, foot, height_in_cm, current_club_name_tm, current_club_id_tm, competition_id_tm, source, matching_method, matching_confidence, age_diff, club_score, matching_status"
data/processed/player_season_panel_v13a.parquet,.parquet,2.281,2026-06-07T16:25:45.558909+00:00,2026-06-07T18:25:45,83ad1432bcb232df,,52,"player_name_fbref, club, league, season, season_start_year_fbref, position, position_group, age_fbref, matches_played, starts, minutes_played, nineties, goals, assists, g_a, goals_minus_pk, penalties_scored, penalties_attempted, yellow_cards, red_cards, goals_per90, assists_per90, g_a_per90, goals_minus_pk_per90, g_a_minus_pk_per90, player_name_norm, player_id_tm, player_name_tm, season_start_year_tm, valuation_date, market_value_eur, log_market_value_eur, market_value_prev_eur, market_value_next_eur, market_value_growth_1y, delta_log_market_value_1y, age_tm, date_of_birth, nationality, position_tm, sub_position_tm, foot, height_in_cm, current_club_name_tm, current_club_id_tm, competition_id_tm, source, matching_method, matching_confidence, age_diff, club_score, matching_status"
data/processed/transfermarkt_features.parquet,.parquet,9.482,2026-05-06T20:36:13.208093+00:00,2026-05-06T22:36:13,12d3d6b413412f17,,24,"player_id_tm, player_name_tm, player_name_norm, season, season_start_year_tm, valuation_date, market_value_eur, log_market_value_eur, market_value_prev_eur, market_value_next_eur, market_value_growth_1y, delta_log_market_value_1y, age_tm, date_of_birth, nationality, position_tm, sub_position_tm, position_group, foot, height_in_cm, current_club_name_tm, current_club_id_tm, competition_id_tm, source"
data/processed/transfermarkt_features_v13a.parquet,.parquet,9.485,2026-06-07T15:09:49.596400+00:00,2026-06-07T17:09:49,f4fa06a16d1a6c01,,24,"player_id_tm, player_name_tm, player_name_norm, season, season_start_year_tm, valuation_date, market_value_eur, log_market_value_eur, market_value_prev_eur, market_value_next_eur, market_value_growth_1y, delta_log_market_value_1y, age_tm, date_of_birth, nationality, position_tm, sub_position_tm, position_group, foot, height_in_cm, current_club_name_tm, current_club_id_tm, competition_id_tm, source"
data/raw/fbref/sample_fbref_standard.csv,.csv,0.0,2026-04-28T10:53:28.812421+00:00,2026-04-28T12:53:28,e55f1d7bfeb21acc,,14,"player_name, season, age, squad, league, position, minutes_played, goals_per90, assists_per90, shots_per90, progressive_passes_per90, progressive_carries_per90, tackles_per90, interceptions_per90"
data/raw/fbref/sprint_13b/soccerdata/fbref_misc_premier_league_2025_2026.parquet,.parquet,0.03,2026-06-08T16:15:09.241857+00:00,2026-06-08T18:15:09,943cc4e7cdd5a1c6,,17,"nation, pos, age, born, 90s, Performance_CrdY, Performance_CrdR, Performance_2CrdY, Performance_Fls, Performance_Fld, Performance_Off, Performance_Crs, Performance_Int, Performance_TklW, Performance_PKwon, Performance_PKcon, Performance_OG"
data/raw/fbref/sprint_13b/soccerdata/fbref_playing_time_premier_league_2025_2026.parquet,.parquet,0.048,2026-06-08T16:14:53.720221+00:00,2026-06-08T18:14:53,1a22d0319883aaca,,21,"nation, pos, age, born, Playing Time_MP, Playing Time_Min, Playing Time_Mn/MP, Playing Time_Min%, Playing Time_90s, Starts_Starts, Starts_Mn/Start, Starts_Compl, Subs_Subs, Subs_Mn/Sub, Subs_unSub, Team Success_PPM, Team Success_onG, Team Success_onGA, Team Success_+/-, Team Success_+/-90, Team Success_On-Off"
data/raw/fbref/sprint_13b/soccerdata/fbref_shooting_premier_league_2025_2026.parquet,.parquet,0.031,2026-06-08T16:14:35.832382+00:00,2026-06-08T18:14:35,c45cc310994dbaa1,,15,"nation, pos, age, born, 90s, Standard_Gls, Standard_Sh, Standard_SoT, Standard_SoT%, Standard_Sh/90, Standard_SoT/90, Standard_G/Sh, Standard_G/SoT, Standard_PK, Standard_PKatt"
data/raw/fbref/sprint_13b/soccerdata/fbref_standard_premier_league_2025_2026.parquet,.parquet,0.038,2026-06-08T16:14:33.789890+00:00,2026-06-08T18:14:33,ebdfef462c0a860e,,21,"nation, pos, age, born, Playing Time_MP, Playing Time_Starts, Playing Time_Min, Playing Time_90s, Performance_Gls, Performance_Ast, Performance_G+A, Performance_G-PK, Performance_PK, Performance_PKatt, Performance_CrdY, Performance_CrdR, Per 90 Minutes_Gls, Per 90 Minutes_Ast, Per 90 Minutes_G+A, Per 90 Minutes_G-PK, Per 90 Minutes_G+A-PK"
data/raw/fbref/sprint_13b/soccerdata/misc/fbref_misc_austrian_bundesliga_2019_2020.parquet,.parquet,0.024,2026-06-08T21:35:31.137490+00:00,2026-06-08T23:35:31,d6712369caeb7aeb,,17,"nation, pos, age, born, 90s, Performance_CrdY, Performance_CrdR, Performance_2CrdY, Performance_Fls, Performance_Fld, Performance_Off, Performance_Crs, Performance_Int, Performance_TklW, Performance_PKwon, Performance_PKcon, Performance_OG"
data/raw/fbref/sprint_13b/soccerdata/misc/fbref_misc_austrian_bundesliga_2020_2021.parquet,.parquet,0.024,2026-06-08T21:36:47.604568+00:00,2026-06-08T23:36:47,43d6abba67df15a8,,17,"nation, pos, age, born, 90s, Performance_CrdY, Performance_CrdR, Performance_2CrdY, Performance_Fls, Performance_Fld, Performance_Off, Performance_Crs, Performance_Int, Performance_TklW, Performance_PKwon, Performance_PKcon, Performance_OG"
data/raw/fbref/sprint_13b/soccerdata/misc/fbref_misc_austrian_bundesliga_2021_2022.parquet,.parquet,0.024,2026-06-08T21:38:04.324312+00:00,2026-06-08T23:38:04,82a08d6f7c78f838,,17,"nation, pos, age, born, 90s, Performance_CrdY, Performance_CrdR, Performance_2CrdY, Performance_Fls, Performance_Fld, Performance_Off, Performance_Crs, Performance_Int, Performance_TklW, Performance_PKwon, Performance_PKcon, Performance_OG"
data/raw/fbref/sprint_13b/soccerdata/misc/fbref_misc_austrian_bundesliga_2022_2023.parquet,.parquet,0.024,2026-06-08T21:40:07.022897+00:00,2026-06-08T23:40:07,bed67108fd9f01d8,,17,"nation, pos, age, born, 90s, Performance_CrdY, Performance_CrdR, Performance_2CrdY, Performance_Fls, Performance_Fld, Performance_Off, Performance_Crs, Performance_Int, Performance_TklW, Performance_PKwon, Performance_PKcon, Performance_OG"
data/raw/fbref/sprint_13b/soccerdata/misc/fbref_misc_austrian_bundesliga_2023_2024.parquet,.parquet,0.024,2026-06-08T21:41:21.824057+00:00,2026-06-08T23:41:21,4ec5cfbf6c86ce5d,,17,"nation, pos, age, born, 90s, Performance_CrdY, Performance_CrdR, Performance_2CrdY, Performance_Fls, Performance_Fld, Performance_Off, Performance_Crs, Performance_Int, Performance_TklW, Performance_PKwon, Performance_PKcon, Performance_OG"
data/raw/fbref/sprint_13b/soccerdata/misc/fbref_misc_austrian_bundesliga_2024_2025.parquet,.parquet,0.025,2026-06-08T21:42:36.678491+00:00,2026-06-08T23:42:36,97fd8b773c4375d3,,17,"nation, pos, age, born, 90s, Performance_CrdY, Performance_CrdR, Performance_2CrdY, Performance_Fls, Performance_Fld, Performance_Off, Performance_Crs, Performance_Int, Performance_TklW, Performance_PKwon, Performance_PKcon, Performance_OG"
data/raw/fbref/sprint_13b/soccerdata/misc/fbref_misc_austrian_bundesliga_2025_2026.parquet,.parquet,0.024,2026-06-08T21:43:36.024419+00:00,2026-06-08T23:43:36,046c368308df7b32,,17,"nation, pos, age, born, 90s, Performance_CrdY, Performance_CrdR, Performance_2CrdY, Performance_Fls, Performance_Fld, Performance_Off, Performance_Crs, Performance_Int, Performance_TklW, Performance_PKwon, Performance_PKcon, Performance_OG"
data/raw/fbref/sprint_13b/soccerdata/misc/fbref_misc_belgian_pro_league_2019_2020.parquet,.parquet,0.024,2026-06-08T21:27:00.864968+00:00,2026-06-08T23:27:00,7f26b8d35659d37a,,17,"nation, pos, age, born, 90s, Performance_CrdY, Performance_CrdR, Performance_2CrdY, Performance_Fls, Performance_Fld, Performance_Off, Performance_Crs, Performance_Int, Performance_TklW, Performance_PKwon, Performance_PKcon, Performance_OG"
data/raw/fbref/sprint_13b/soccerdata/misc/fbref_misc_belgian_pro_league_2020_2021.parquet,.parquet,0.03,2026-06-08T21:28:17.003951+00:00,2026-06-08T23:28:17,aa16d1e7ac39762a,,17,"nation, pos, age, born, 90s, Performance_CrdY, Performance_CrdR, Performance_2CrdY, Performance_Fls, Performance_Fld, Performance_Off, Performance_Crs, Performance_Int, Performance_TklW, Performance_PKwon, Performance_PKcon, Performance_OG"
data/raw/fbref/sprint_13b/soccerdata/misc/fbref_misc_belgian_pro_league_2021_2022.parquet,.parquet,0.03,2026-06-08T21:29:29.703440+00:00,2026-06-08T23:29:29,98ce81bbb6b42e39,,17,"nation, pos, age, born, 90s, Performance_CrdY, Performance_CrdR, Performance_2CrdY, Performance_Fls, Performance_Fld, Performance_Off, Performance_Crs, Performance_Int, Performance_TklW, Performance_PKwon, Performance_PKcon, Performance_OG"
data/raw/fbref/sprint_13b/soccerdata/misc/fbref_misc_belgian_pro_league_2022_2023.parquet,.parquet,0.03,2026-06-08T21:30:42.402702+00:00,2026-06-08T23:30:42,a94f1e7a3238824c,,17,"nation, pos, age, born, 90s, Performance_CrdY, Performance_CrdR, Performance_2CrdY, Performance_Fls, Performance_Fld, Performance_Off, Performance_Crs, Performance_Int, Performance_TklW, Performance_PKwon, Performance_PKcon, Performance_OG"
data/raw/fbref/sprint_13b/soccerdata/misc/fbref_misc_belgian_pro_league_2023_2024.parquet,.parquet,0.029,2026-06-08T21:32:00.774797+00:00,2026-06-08T23:32:00,509ff3253f1e3831,,17,"nation, pos, age, born, 90s, Performance_CrdY, Performance_CrdR, Performance_2CrdY, Performance_Fls, Performance_Fld, Performance_Off, Performance_Crs, Performance_Int, Performance_TklW, Performance_PKwon, Performance_PKcon, Performance_OG"
data/raw/fbref/sprint_13b/soccerdata/misc/fbref_misc_belgian_pro_league_2024_2025.parquet,.parquet,0.029,2026-06-08T21:33:13.033516+00:00,2026-06-08T23:33:13,0d63a6821a8f5a9f,,17,"nation, pos, age, born, 90s, Performance_CrdY, Performance_CrdR, Performance_2CrdY, Performance_Fls, Performance_Fld, Performance_Off, Performance_Crs, Performance_Int, Performance_TklW, Performance_PKwon, Performance_PKcon, Performance_OG"
data/raw/fbref/sprint_13b/soccerdata/misc/fbref_misc_belgian_pro_league_2025_2026.parquet,.parquet,0.029,2026-06-08T21:34:14.346596+00:00,2026-06-08T23:34:14,c0e24fc632e4d6af,,17,"nation, pos, age, born, 90s, Performance_CrdY, Performance_CrdR, Performance_2CrdY, Performance_Fls, Performance_Fld, Performance_Off, Performance_Crs, Performance_Int, Performance_TklW, Performance_PKwon, Performance_PKcon, Performance_OG"
data/raw/fbref/sprint_13b/soccerdata/misc/fbref_misc_bundesliga_2019_2020.parquet,.parquet,0.028,2026-06-08T19:49:10.948813+00:00,2026-06-08T21:49:10,e89c520497199d20,,17,"nation, pos, age, born, 90s, Performance_CrdY, Performance_CrdR, Performance_2CrdY, Performance_Fls, Performance_Fld, Performance_Off, Performance_Crs, Performance_Int, Performance_TklW, Performance_PKwon, Performance_PKcon, Performance_OG"
data/raw/fbref/sprint_13b/soccerdata/misc/fbref_misc_bundesliga_2020_2021.parquet,.parquet,0.028,2026-06-08T19:51:00.412689+00:00,2026-06-08T21:51:00,07c227c90664018f,,17,"nation, pos, age, born, 90s, Performance_CrdY, Performance_CrdR, Performance_2CrdY, Performance_Fls, Performance_Fld, Performance_Off, Performance_Crs, Performance_Int, Performance_TklW, Performance_PKwon, Performance_PKcon, Performance_OG"
data/raw/fbref/sprint_13b/soccerdata/misc/fbref_misc_bundesliga_2021_2022.parquet,.parquet,0.029,2026-06-08T19:52:48.020142+00:00,2026-06-08T21:52:48,fd0bee579317aaa5,,17,"nation, pos, age, born, 90s, Performance_CrdY, Performance_CrdR, Performance_2CrdY, Performance_Fls, Performance_Fld, Performance_Off, Performance_Crs, Performance_Int, Performance_TklW, Performance_PKwon, Performance_PKcon, Performance_OG"
data/raw/fbref/sprint_13b/soccerdata/misc/fbref_misc_bundesliga_2022_2023.parquet,.parquet,0.029,2026-06-08T19:54:05.263098+00:00,2026-06-08T21:54:05,974e108b2afca6d5,,17,"nation, pos, age, born, 90s, Performance_CrdY, Performance_CrdR, Performance_2CrdY, Performance_Fls, Performance_Fld, Performance_Off, Performance_Crs, Performance_Int, Performance_TklW, Performance_PKwon, Performance_PKcon, Performance_OG"
data/raw/fbref/sprint_13b/soccerdata/misc/fbref_misc_bundesliga_2023_2024.parquet,.parquet,0.028,2026-06-08T19:55:33.101120+00:00,2026-06-08T21:55:33,a8e0947628b48750,,17,"nation, pos, age, born, 90s, Performance_CrdY, Performance_CrdR, Performance_2CrdY, Performance_Fls, Performance_Fld, Performance_Off, Performance_Crs, Performance_Int, Performance_TklW, Performance_PKwon, Performance_PKcon, Performance_OG"
data/raw/fbref/sprint_13b/soccerdata/misc/fbref_misc_bundesliga_2024_2025.parquet,.parquet,0.028,2026-06-08T19:56:45.698136+00:00,2026-06-08T21:56:45,86c1235ba7f32364,,17,"nation, pos, age, born, 90s, Performance_CrdY, Performance_CrdR, Performance_2CrdY, Performance_Fls, Performance_Fld, Performance_Off, Performance_Crs, Performance_Int, Performance_TklW, Performance_PKwon, Performance_PKcon, Performance_OG"
data/raw/fbref/sprint_13b/soccerdata/misc/fbref_misc_bundesliga_2025_2026.parquet,.parquet,0.028,2026-06-08T19:57:58.949572+00:00,2026-06-08T21:57:58,d3d48db437faaccf,,17,"nation, pos, age, born, 90s, Performance_CrdY, Performance_CrdR, Performance_2CrdY, Performance_Fls, Performance_Fld, Performance_Off, Performance_Crs, Performance_Int, Performance_TklW, Performance_PKwon, Performance_PKcon, Performance_OG"
data/raw/fbref/sprint_13b/soccerdata/misc/fbref_misc_championship_2019_2020.parquet,.parquet,0.034,2026-06-08T21:17:25.074431+00:00,2026-06-08T23:17:25,7d11ad04098f7297,,17,"nation, pos, age, born, 90s, Performance_CrdY, Performance_CrdR, Performance_2CrdY, Performance_Fls, Performance_Fld, Performance_Off, Performance_Crs, Performance_Int, Performance_TklW, Performance_PKwon, Performance_PKcon, Performance_OG"
data/raw/fbref/sprint_13b/soccerdata/misc/fbref_misc_championship_2020_2021.parquet,.parquet,0.034,2026-06-08T21:18:45.952252+00:00,2026-06-08T23:18:45,1a7e83e6c773cebb,,17,"nation, pos, age, born, 90s, Performance_CrdY, Performance_CrdR, Performance_2CrdY, Performance_Fls, Performance_Fld, Performance_Off, Performance_Crs, Performance_Int, Performance_TklW, Performance_PKwon, Performance_PKcon, Performance_OG"
data/raw/fbref/sprint_13b/soccerdata/misc/fbref_misc_championship_2021_2022.parquet,.parquet,0.034,2026-06-08T21:20:07.570267+00:00,2026-06-08T23:20:07,3ed24618b9802535,,17,"nation, pos, age, born, 90s, Performance_CrdY, Performance_CrdR, Performance_2CrdY, Performance_Fls, Performance_Fld, Performance_Off, Performance_Crs, Performance_Int, Performance_TklW, Performance_PKwon, Performance_PKcon, Performance_OG"
data/raw/fbref/sprint_13b/soccerdata/misc/fbref_misc_championship_2022_2023.parquet,.parquet,0.034,2026-06-08T21:21:25.066209+00:00,2026-06-08T23:21:25,03bda9aaa746e5e5,,17,"nation, pos, age, born, 90s, Performance_CrdY, Performance_CrdR, Performance_2CrdY, Performance_Fls, Performance_Fld, Performance_Off, Performance_Crs, Performance_Int, Performance_TklW, Performance_PKwon, Performance_PKcon, Performance_OG"
data/raw/fbref/sprint_13b/soccerdata/misc/fbref_misc_championship_2023_2024.parquet,.parquet,0.034,2026-06-08T21:22:42.863200+00:00,2026-06-08T23:22:42,44b870edf8cd8253,,17,"nation, pos, age, born, 90s, Performance_CrdY, Performance_CrdR, Performance_2CrdY, Performance_Fls, Performance_Fld, Performance_Off, Performance_Crs, Performance_Int, Performance_TklW, Performance_PKwon, Performance_PKcon, Performance_OG"
data/raw/fbref/sprint_13b/soccerdata/misc/fbref_misc_championship_2024_2025.parquet,.parquet,0.035,2026-06-08T21:23:57.186631+00:00,2026-06-08T23:23:57,33f22c90b4bc7bb1,,17,"nation, pos, age, born, 90s, Performance_CrdY, Performance_CrdR, Performance_2CrdY, Performance_Fls, Performance_Fld, Performance_Off, Performance_Crs, Performance_Int, Performance_TklW, Performance_PKwon, Performance_PKcon, Performance_OG"
data/raw/fbref/sprint_13b/soccerdata/misc/fbref_misc_championship_2025_2026.parquet,.parquet,0.036,2026-06-08T21:25:48.898155+00:00,2026-06-08T23:25:48,f33098b4f7ac18e6,,17,"nation, pos, age, born, 90s, Performance_CrdY, Performance_CrdR, Performance_2CrdY, Performance_Fls, Performance_Fld, Performance_Off, Performance_Crs, Performance_Int, Performance_TklW, Performance_PKwon, Performance_PKcon, Performance_OG"
data/raw/fbref/sprint_13b/soccerdata/misc/fbref_misc_eredivisie_2019_2020.parquet,.parquet,0.028,2026-06-08T20:57:26.290152+00:00,2026-06-08T22:57:26,1398cb8a56d9c502,,17,"nation, pos, age, born, 90s, Performance_CrdY, Performance_CrdR, Performance_2CrdY, Performance_Fls, Performance_Fld, Performance_Off, Performance_Crs, Performance_Int, Performance_TklW, Performance_PKwon, Performance_PKcon, Performance_OG"
data/raw/fbref/sprint_13b/soccerdata/misc/fbref_misc_eredivisie_2020_2021.parquet,.parquet,0.029,2026-06-08T20:58:43.555758+00:00,2026-06-08T22:58:43,9cc8d2d1cb313322,,17,"nation, pos, age, born, 90s, Performance_CrdY, Performance_CrdR, Performance_2CrdY, Performance_Fls, Performance_Fld, Performance_Off, Performance_Crs, Performance_Int, Performance_TklW, Performance_PKwon, Performance_PKcon, Performance_OG"
data/raw/fbref/sprint_13b/soccerdata/misc/fbref_misc_eredivisie_2021_2022.parquet,.parquet,0.029,2026-06-08T20:59:57.795778+00:00,2026-06-08T22:59:57,7f84d745aab7b722,,17,"nation, pos, age, born, 90s, Performance_CrdY, Performance_CrdR, Performance_2CrdY, Performance_Fls, Performance_Fld, Performance_Off, Performance_Crs, Performance_Int, Performance_TklW, Performance_PKwon, Performance_PKcon, Performance_OG"
data/raw/fbref/sprint_13b/soccerdata/misc/fbref_misc_eredivisie_2022_2023.parquet,.parquet,0.029,2026-06-08T21:02:06.529910+00:00,2026-06-08T23:02:06,2cdd011a989a012e,,17,"nation, pos, age, born, 90s, Performance_CrdY, Performance_CrdR, Performance_2CrdY, Performance_Fls, Performance_Fld, Performance_Off, Performance_Crs, Performance_Int, Performance_TklW, Performance_PKwon, Performance_PKcon, Performance_OG"
data/raw/fbref/sprint_13b/soccerdata/misc/fbref_misc_eredivisie_2023_2024.parquet,.parquet,0.029,2026-06-08T21:03:27.691339+00:00,2026-06-08T23:03:27,cf6949f6022f76dc,,17,"nation, pos, age, born, 90s, Performance_CrdY, Performance_CrdR, Performance_2CrdY, Performance_Fls, Performance_Fld, Performance_Off, Performance_Crs, Performance_Int, Performance_TklW, Performance_PKwon, Performance_PKcon, Performance_OG"
data/raw/fbref/sprint_13b/soccerdata/misc/fbref_misc_eredivisie_2024_2025.parquet,.parquet,0.029,2026-06-08T21:04:44.437126+00:00,2026-06-08T23:04:44,695e2bf6c561274c,,17,"nation, pos, age, born, 90s, Performance_CrdY, Performance_CrdR, Performance_2CrdY, Performance_Fls, Performance_Fld, Performance_Off, Performance_Crs, Performance_Int, Performance_TklW, Performance_PKwon, Performance_PKcon, Performance_OG"
data/raw/fbref/sprint_13b/soccerdata/misc/fbref_misc_eredivisie_2025_2026.parquet,.parquet,0.03,2026-06-08T21:05:46.539025+00:00,2026-06-08T23:05:46,0b6f55c0796efb46,,17,"nation, pos, age, born, 90s, Performance_CrdY, Performance_CrdR, Performance_2CrdY, Performance_Fls, Performance_Fld, Performance_Off, Performance_Crs, Performance_Int, Performance_TklW, Performance_PKwon, Performance_PKcon, Performance_OG"
data/raw/fbref/sprint_13b/soccerdata/misc/fbref_misc_la_liga_2019_2020.parquet,.parquet,0.029,2026-06-08T19:39:03.281280+00:00,2026-06-08T21:39:03,8f94a06059d48900,,17,"nation, pos, age, born, 90s, Performance_CrdY, Performance_CrdR, Performance_2CrdY, Performance_Fls, Performance_Fld, Performance_Off, Performance_Crs, Performance_Int, Performance_TklW, Performance_PKwon, Performance_PKcon, Performance_OG"
data/raw/fbref/sprint_13b/soccerdata/misc/fbref_misc_la_liga_2020_2021.parquet,.parquet,0.03,2026-06-08T19:40:16.357222+00:00,2026-06-08T21:40:16,06406f9f6ab8ee61,,17,"nation, pos, age, born, 90s, Performance_CrdY, Performance_CrdR, Performance_2CrdY, Performance_Fls, Performance_Fld, Performance_Off, Performance_Crs, Performance_Int, Performance_TklW, Performance_PKwon, Performance_PKcon, Performance_OG"
data/raw/fbref/sprint_13b/soccerdata/misc/fbref_misc_la_liga_2021_2022.parquet,.parquet,0.03,2026-06-08T19:41:34.238331+00:00,2026-06-08T21:41:34,844ef01d93372eeb,,17,"nation, pos, age, born, 90s, Performance_CrdY, Performance_CrdR, Performance_2CrdY, Performance_Fls, Performance_Fld, Performance_Off, Performance_Crs, Performance_Int, Performance_TklW, Performance_PKwon, Performance_PKcon, Performance_OG"
data/raw/fbref/sprint_13b/soccerdata/misc/fbref_misc_la_liga_2022_2023.parquet,.parquet,0.03,2026-06-08T19:42:50.673973+00:00,2026-06-08T21:42:50,49f5baa96a6162bd,,17,"nation, pos, age, born, 90s, Performance_CrdY, Performance_CrdR, Performance_2CrdY, Performance_Fls, Performance_Fld, Performance_Off, Performance_Crs, Performance_Int, Performance_TklW, Performance_PKwon, Performance_PKcon, Performance_OG"
data/raw/fbref/sprint_13b/soccerdata/misc/fbref_misc_la_liga_2023_2024.parquet,.parquet,0.031,2026-06-08T19:44:04.249765+00:00,2026-06-08T21:44:04,8496463fc7907392,,17,"nation, pos, age, born, 90s, Performance_CrdY, Performance_CrdR, Performance_2CrdY, Performance_Fls, Performance_Fld, Performance_Off, Performance_Crs, Performance_Int, Performance_TklW, Performance_PKwon, Performance_PKcon, Performance_OG"
data/raw/fbref/sprint_13b/soccerdata/misc/fbref_misc_la_liga_2024_2025.parquet,.parquet,0.03,2026-06-08T19:45:23.281109+00:00,2026-06-08T21:45:23,c768fa2adb89eaf1,,17,"nation, pos, age, born, 90s, Performance_CrdY, Performance_CrdR, Performance_2CrdY, Performance_Fls, Performance_Fld, Performance_Off, Performance_Crs, Performance_Int, Performance_TklW, Performance_PKwon, Performance_PKcon, Performance_OG"
data/raw/fbref/sprint_13b/soccerdata/misc/fbref_misc_la_liga_2025_2026.parquet,.parquet,0.031,2026-06-08T19:47:38.517443+00:00,2026-06-08T21:47:38,2f6e8cd10240b811,,17,"nation, pos, age, born, 90s, Performance_CrdY, Performance_CrdR, Performance_2CrdY, Performance_Fls, Performance_Fld, Performance_Off, Performance_Crs, Performance_Int, Performance_TklW, Performance_PKwon, Performance_PKcon, Performance_OG"
data/raw/fbref/sprint_13b/soccerdata/misc/fbref_misc_ligue_1_2019_2020.parquet,.parquet,0.029,2026-06-08T20:10:08.116133+00:00,2026-06-08T22:10:08,c14b5aac7a9c53e8,,17,"nation, pos, age, born, 90s, Performance_CrdY, Performance_CrdR, Performance_2CrdY, Performance_Fls, Performance_Fld, Performance_Off, Performance_Crs, Performance_Int, Performance_TklW, Performance_PKwon, Performance_PKcon, Performance_OG"
data/raw/fbref/sprint_13b/soccerdata/misc/fbref_misc_ligue_1_2020_2021.parquet,.parquet,0.031,2026-06-08T20:12:00.673751+00:00,2026-06-08T22:12:00,316c79d44ba680bc,,17,"nation, pos, age, born, 90s, Performance_CrdY, Performance_CrdR, Performance_2CrdY, Performance_Fls, Performance_Fld, Performance_Off, Performance_Crs, Performance_Int, Performance_TklW, Performance_PKwon, Performance_PKcon, Performance_OG"
data/raw/fbref/sprint_13b/soccerdata/misc/fbref_misc_ligue_1_2021_2022.parquet,.parquet,0.031,2026-06-08T20:13:14.637726+00:00,2026-06-08T22:13:14,a96429392fb296ec,,17,"nation, pos, age, born, 90s, Performance_CrdY, Performance_CrdR, Performance_2CrdY, Performance_Fls, Performance_Fld, Performance_Off, Performance_Crs, Performance_Int, Performance_TklW, Performance_PKwon, Performance_PKcon, Performance_OG"
data/raw/fbref/sprint_13b/soccerdata/misc/fbref_misc_ligue_1_2022_2023.parquet,.parquet,0.031,2026-06-08T20:14:27.483255+00:00,2026-06-08T22:14:27,e6b06e3f8f098e42,,17,"nation, pos, age, born, 90s, Performance_CrdY, Performance_CrdR, Performance_2CrdY, Performance_Fls, Performance_Fld, Performance_Off, Performance_Crs, Performance_Int, Performance_TklW, Performance_PKwon, Performance_PKcon, Performance_OG"
data/raw/fbref/sprint_13b/soccerdata/misc/fbref_misc_ligue_1_2023_2024.parquet,.parquet,0.029,2026-06-08T20:15:44.738301+00:00,2026-06-08T22:15:44,b0341016a4672f75,,17,"nation, pos, age, born, 90s, Performance_CrdY, Performance_CrdR, Performance_2CrdY, Performance_Fls, Performance_Fld, Performance_Off, Performance_Crs, Performance_Int, Performance_TklW, Performance_PKwon, Performance_PKcon, Performance_OG"
data/raw/fbref/sprint_13b/soccerdata/misc/fbref_misc_ligue_1_2024_2025.parquet,.parquet,0.03,2026-06-08T20:16:59.467111+00:00,2026-06-08T22:16:59,1a660e1a482ae3f6,,17,"nation, pos, age, born, 90s, Performance_CrdY, Performance_CrdR, Performance_2CrdY, Performance_Fls, Performance_Fld, Performance_Off, Performance_Crs, Performance_Int, Performance_TklW, Performance_PKwon, Performance_PKcon, Performance_OG"
data/raw/fbref/sprint_13b/soccerdata/misc/fbref_misc_ligue_1_2025_2026.parquet,.parquet,0.03,2026-06-08T20:19:05.967032+00:00,2026-06-08T22:19:05,a95a03cc0c45ce8b,,17,"nation, pos, age, born, 90s, Performance_CrdY, Performance_CrdR, Performance_2CrdY, Performance_Fls, Performance_Fld, Performance_Off, Performance_Crs, Performance_Int, Performance_TklW, Performance_PKwon, Performance_PKcon, Performance_OG"
data/raw/fbref/sprint_13b/soccerdata/misc/fbref_misc_premier_league_2019_2020.parquet,.parquet,0.029,2026-06-08T19:29:47.857109+00:00,2026-06-08T21:29:47,3e085df380c39c9c,,17,"nation, pos, age, born, 90s, Performance_CrdY, Performance_CrdR, Performance_2CrdY, Performance_Fls, Performance_Fld, Performance_Off, Performance_Crs, Performance_Int, Performance_TklW, Performance_PKwon, Performance_PKcon, Performance_OG"
data/raw/fbref/sprint_13b/soccerdata/misc/fbref_misc_premier_league_2020_2021.parquet,.parquet,0.029,2026-06-08T19:31:04.832192+00:00,2026-06-08T21:31:04,5c2056a598f55ee0,,17,"nation, pos, age, born, 90s, Performance_CrdY, Performance_CrdR, Performance_2CrdY, Performance_Fls, Performance_Fld, Performance_Off, Performance_Crs, Performance_Int, Performance_TklW, Performance_PKwon, Performance_PKcon, Performance_OG"
data/raw/fbref/sprint_13b/soccerdata/misc/fbref_misc_premier_league_2021_2022.parquet,.parquet,0.03,2026-06-08T19:32:18.294173+00:00,2026-06-08T21:32:18,c344067ef8383bf0,,17,"nation, pos, age, born, 90s, Performance_CrdY, Performance_CrdR, Performance_2CrdY, Performance_Fls, Performance_Fld, Performance_Off, Performance_Crs, Performance_Int, Performance_TklW, Performance_PKwon, Performance_PKcon, Performance_OG"
data/raw/fbref/sprint_13b/soccerdata/misc/fbref_misc_premier_league_2022_2023.parquet,.parquet,0.03,2026-06-08T19:33:52.022081+00:00,2026-06-08T21:33:52,f6a3f203522395a5,,17,"nation, pos, age, born, 90s, Performance_CrdY, Performance_CrdR, Performance_2CrdY, Performance_Fls, Performance_Fld, Performance_Off, Performance_Crs, Performance_Int, Performance_TklW, Performance_PKwon, Performance_PKcon, Performance_OG"
data/raw/fbref/sprint_13b/soccerdata/misc/fbref_misc_premier_league_2023_2024.parquet,.parquet,0.03,2026-06-08T19:35:09.232251+00:00,2026-06-08T21:35:09,7960a010e8f472e5,,17,"nation, pos, age, born, 90s, Performance_CrdY, Performance_CrdR, Performance_2CrdY, Performance_Fls, Performance_Fld, Performance_Off, Performance_Crs, Performance_Int, Performance_TklW, Performance_PKwon, Performance_PKcon, Performance_OG"
data/raw/fbref/sprint_13b/soccerdata/misc/fbref_misc_premier_league_2024_2025.parquet,.parquet,0.03,2026-06-08T19:36:23.504742+00:00,2026-06-08T21:36:23,a0fcd3cfd83cc863,,17,"nation, pos, age, born, 90s, Performance_CrdY, Performance_CrdR, Performance_2CrdY, Performance_Fls, Performance_Fld, Performance_Off, Performance_Crs, Performance_Int, Performance_TklW, Performance_PKwon, Performance_PKcon, Performance_OG"
data/raw/fbref/sprint_13b/soccerdata/misc/fbref_misc_premier_league_2025_2026.parquet,.parquet,0.03,2026-06-08T19:36:55.741122+00:00,2026-06-08T21:36:55,943cc4e7cdd5a1c6,,17,"nation, pos, age, born, 90s, Performance_CrdY, Performance_CrdR, Performance_2CrdY, Performance_Fls, Performance_Fld, Performance_Off, Performance_Crs, Performance_Int, Performance_TklW, Performance_PKwon, Performance_PKcon, Performance_OG"
data/raw/fbref/sprint_13b/soccerdata/misc/fbref_misc_primeira_liga_2019_2020.parquet,.parquet,0.029,2026-06-08T21:07:00.998316+00:00,2026-06-08T23:07:00,42e54a6f7e1b009f,,17,"nation, pos, age, born, 90s, Performance_CrdY, Performance_CrdR, Performance_2CrdY, Performance_Fls, Performance_Fld, Performance_Off, Performance_Crs, Performance_Int, Performance_TklW, Performance_PKwon, Performance_PKcon, Performance_OG"
data/raw/fbref/sprint_13b/soccerdata/misc/fbref_misc_primeira_liga_2020_2021.parquet,.parquet,0.029,2026-06-08T21:08:16.683261+00:00,2026-06-08T23:08:16,47d1e9990b4f7bd5,,17,"nation, pos, age, born, 90s, Performance_CrdY, Performance_CrdR, Performance_2CrdY, Performance_Fls, Performance_Fld, Performance_Off, Performance_Crs, Performance_Int, Performance_TklW, Performance_PKwon, Performance_PKcon, Performance_OG"
data/raw/fbref/sprint_13b/soccerdata/misc/fbref_misc_primeira_liga_2021_2022.parquet,.parquet,0.029,2026-06-08T21:09:34.987911+00:00,2026-06-08T23:09:34,8eca435e74f0cff0,,17,"nation, pos, age, born, 90s, Performance_CrdY, Performance_CrdR, Performance_2CrdY, Performance_Fls, Performance_Fld, Performance_Off, Performance_Crs, Performance_Int, Performance_TklW, Performance_PKwon, Performance_PKcon, Performance_OG"
data/raw/fbref/sprint_13b/soccerdata/misc/fbref_misc_primeira_liga_2022_2023.parquet,.parquet,0.03,2026-06-08T21:10:50.215715+00:00,2026-06-08T23:10:50,6174a81af73c3fdf,,17,"nation, pos, age, born, 90s, Performance_CrdY, Performance_CrdR, Performance_2CrdY, Performance_Fls, Performance_Fld, Performance_Off, Performance_Crs, Performance_Int, Performance_TklW, Performance_PKwon, Performance_PKcon, Performance_OG"
data/raw/fbref/sprint_13b/soccerdata/misc/fbref_misc_primeira_liga_2023_2024.parquet,.parquet,0.028,2026-06-08T21:12:05.625531+00:00,2026-06-08T23:12:05,73c51b2d36b6cd3b,,17,"nation, pos, age, born, 90s, Performance_CrdY, Performance_CrdR, Performance_2CrdY, Performance_Fls, Performance_Fld, Performance_Off, Performance_Crs, Performance_Int, Performance_TklW, Performance_PKwon, Performance_PKcon, Performance_OG"
data/raw/fbref/sprint_13b/soccerdata/misc/fbref_misc_primeira_liga_2024_2025.parquet,.parquet,0.029,2026-06-08T21:13:23.579976+00:00,2026-06-08T23:13:23,9b891493f14cca31,,17,"nation, pos, age, born, 90s, Performance_CrdY, Performance_CrdR, Performance_2CrdY, Performance_Fls, Performance_Fld, Performance_Off, Performance_Crs, Performance_Int, Performance_TklW, Performance_PKwon, Performance_PKcon, Performance_OG"
data/raw/fbref/sprint_13b/soccerdata/misc/fbref_misc_primeira_liga_2025_2026.parquet,.parquet,0.03,2026-06-08T21:15:20.672257+00:00,2026-06-08T23:15:20,6c45f4e72da787bc,,17,"nation, pos, age, born, 90s, Performance_CrdY, Performance_CrdR, Performance_2CrdY, Performance_Fls, Performance_Fld, Performance_Off, Performance_Crs, Performance_Int, Performance_TklW, Performance_PKwon, Performance_PKcon, Performance_OG"
data/raw/fbref/sprint_13b/soccerdata/misc/fbref_misc_segunda_division_2019_2020.parquet,.parquet,0.032,2026-06-08T21:45:28.989339+00:00,2026-06-08T23:45:28,d12376c71e66b03f,,17,"nation, pos, age, born, 90s, Performance_CrdY, Performance_CrdR, Performance_2CrdY, Performance_Fls, Performance_Fld, Performance_Off, Performance_Crs, Performance_Int, Performance_TklW, Performance_PKwon, Performance_PKcon, Performance_OG"
data/raw/fbref/sprint_13b/soccerdata/misc/fbref_misc_segunda_division_2020_2021.parquet,.parquet,0.032,2026-06-08T21:46:45.382677+00:00,2026-06-08T23:46:45,5392819a3435ead0,,17,"nation, pos, age, born, 90s, Performance_CrdY, Performance_CrdR, Performance_2CrdY, Performance_Fls, Performance_Fld, Performance_Off, Performance_Crs, Performance_Int, Performance_TklW, Performance_PKwon, Performance_PKcon, Performance_OG"
data/raw/fbref/sprint_13b/soccerdata/misc/fbref_misc_segunda_division_2021_2022.parquet,.parquet,0.032,2026-06-08T21:48:03.315673+00:00,2026-06-08T23:48:03,3ff9c9823e65b767,,17,"nation, pos, age, born, 90s, Performance_CrdY, Performance_CrdR, Performance_2CrdY, Performance_Fls, Performance_Fld, Performance_Off, Performance_Crs, Performance_Int, Performance_TklW, Performance_PKwon, Performance_PKcon, Performance_OG"
data/raw/fbref/sprint_13b/soccerdata/misc/fbref_misc_segunda_division_2022_2023.parquet,.parquet,0.032,2026-06-08T21:49:59.819483+00:00,2026-06-08T23:49:59,35e03f47ad93f971,,17,"nation, pos, age, born, 90s, Performance_CrdY, Performance_CrdR, Performance_2CrdY, Performance_Fls, Performance_Fld, Performance_Off, Performance_Crs, Performance_Int, Performance_TklW, Performance_PKwon, Performance_PKcon, Performance_OG"
data/raw/fbref/sprint_13b/soccerdata/misc/fbref_misc_segunda_division_2023_2024.parquet,.parquet,0.031,2026-06-08T21:51:19.349200+00:00,2026-06-08T23:51:19,a433b556e8594881,,17,"nation, pos, age, born, 90s, Performance_CrdY, Performance_CrdR, Performance_2CrdY, Performance_Fls, Performance_Fld, Performance_Off, Performance_Crs, Performance_Int, Performance_TklW, Performance_PKwon, Performance_PKcon, Performance_OG"
data/raw/fbref/sprint_13b/soccerdata/misc/fbref_misc_segunda_division_2024_2025.parquet,.parquet,0.032,2026-06-08T21:53:50.181793+00:00,2026-06-08T23:53:50,5e1122c3e9bb0873,,17,"nation, pos, age, born, 90s, Performance_CrdY, Performance_CrdR, Performance_2CrdY, Performance_Fls, Performance_Fld, Performance_Off, Performance_Crs, Performance_Int, Performance_TklW, Performance_PKwon, Performance_PKcon, Performance_OG"
data/raw/fbref/sprint_13b/soccerdata/misc/fbref_misc_segunda_division_2025_2026.parquet,.parquet,0.036,2026-06-08T21:55:56.962274+00:00,2026-06-08T23:55:56,577cb6be1c05ee97,,17,"nation, pos, age, born, 90s, Performance_CrdY, Performance_CrdR, Performance_2CrdY, Performance_Fls, Performance_Fld, Performance_Off, Performance_Crs, Performance_Int, Performance_TklW, Performance_PKwon, Performance_PKcon, Performance_OG"
data/raw/fbref/sprint_13b/soccerdata/misc/fbref_misc_serie_a_2019_2020.parquet,.parquet,0.031,2026-06-08T19:59:29.087982+00:00,2026-06-08T21:59:29,5cf8759d4606a1d4,,17,"nation, pos, age, born, 90s, Performance_CrdY, Performance_CrdR, Performance_2CrdY, Performance_Fls, Performance_Fld, Performance_Off, Performance_Crs, Performance_Int, Performance_TklW, Performance_PKwon, Performance_PKcon, Performance_OG"
data/raw/fbref/sprint_13b/soccerdata/misc/fbref_misc_serie_a_2020_2021.parquet,.parquet,0.031,2026-06-08T20:00:50.352759+00:00,2026-06-08T22:00:50,50890ee76dfcb9d9,,17,"nation, pos, age, born, 90s, Performance_CrdY, Performance_CrdR, Performance_2CrdY, Performance_Fls, Performance_Fld, Performance_Off, Performance_Crs, Performance_Int, Performance_TklW, Performance_PKwon, Performance_PKcon, Performance_OG"
data/raw/fbref/sprint_13b/soccerdata/misc/fbref_misc_serie_a_2021_2022.parquet,.parquet,0.032,2026-06-08T20:02:58.875037+00:00,2026-06-08T22:02:58,cfb6b17814808ca7,,17,"nation, pos, age, born, 90s, Performance_CrdY, Performance_CrdR, Performance_2CrdY, Performance_Fls, Performance_Fld, Performance_Off, Performance_Crs, Performance_Int, Performance_TklW, Performance_PKwon, Performance_PKcon, Performance_OG"
data/raw/fbref/sprint_13b/soccerdata/misc/fbref_misc_serie_a_2022_2023.parquet,.parquet,0.031,2026-06-08T20:04:24.399625+00:00,2026-06-08T22:04:24,665b1f1493f858dc,,17,"nation, pos, age, born, 90s, Performance_CrdY, Performance_CrdR, Performance_2CrdY, Performance_Fls, Performance_Fld, Performance_Off, Performance_Crs, Performance_Int, Performance_TklW, Performance_PKwon, Performance_PKcon, Performance_OG"
data/raw/fbref/sprint_13b/soccerdata/misc/fbref_misc_serie_a_2023_2024.parquet,.parquet,0.031,2026-06-08T20:05:40.764122+00:00,2026-06-08T22:05:40,e0c9272428aea21e,,17,"nation, pos, age, born, 90s, Performance_CrdY, Performance_CrdR, Performance_2CrdY, Performance_Fls, Performance_Fld, Performance_Off, Performance_Crs, Performance_Int, Performance_TklW, Performance_PKwon, Performance_PKcon, Performance_OG"
data/raw/fbref/sprint_13b/soccerdata/misc/fbref_misc_serie_a_2024_2025.parquet,.parquet,0.032,2026-06-08T20:06:53.850741+00:00,2026-06-08T22:06:53,5d7ea920cf7ac877,,17,"nation, pos, age, born, 90s, Performance_CrdY, Performance_CrdR, Performance_2CrdY, Performance_Fls, Performance_Fld, Performance_Off, Performance_Crs, Performance_Int, Performance_TklW, Performance_PKwon, Performance_PKcon, Performance_OG"
data/raw/fbref/sprint_13b/soccerdata/misc/fbref_misc_serie_a_2025_2026.parquet,.parquet,0.031,2026-06-08T20:08:43.185142+00:00,2026-06-08T22:08:43,505b324990288542,,17,"nation, pos, age, born, 90s, Performance_CrdY, Performance_CrdR, Performance_2CrdY, Performance_Fls, Performance_Fld, Performance_Off, Performance_Crs, Performance_Int, Performance_TklW, Performance_PKwon, Performance_PKcon, Performance_OG"
data/raw/fbref/sprint_13b/soccerdata/playing_time/fbref_playing_time_austrian_bundesliga_2019_2020.parquet,.parquet,0.037,2026-06-08T21:35:05.089590+00:00,2026-06-08T23:35:05,da96169d5a64be64,,21,"nation, pos, age, born, Playing Time_MP, Playing Time_Min, Playing Time_Mn/MP, Playing Time_Min%, Playing Time_90s, Starts_Starts, Starts_Mn/Start, Starts_Compl, Subs_Subs, Subs_Mn/Sub, Subs_unSub, Team Success_PPM, Team Success_onG, Team Success_onGA, Team Success_+/-, Team Success_+/-90, Team Success_On-Off"
data/raw/fbref/sprint_13b/soccerdata/playing_time/fbref_playing_time_austrian_bundesliga_2020_2021.parquet,.parquet,0.036,2026-06-08T21:36:23.231726+00:00,2026-06-08T23:36:23,fc0aecff3f8e5890,,21,"nation, pos, age, born, Playing Time_MP, Playing Time_Min, Playing Time_Mn/MP, Playing Time_Min%, Playing Time_90s, Starts_Starts, Starts_Mn/Start, Starts_Compl, Subs_Subs, Subs_Mn/Sub, Subs_unSub, Team Success_PPM, Team Success_onG, Team Success_onGA, Team Success_+/-, Team Success_+/-90, Team Success_On-Off"
data/raw/fbref/sprint_13b/soccerdata/playing_time/fbref_playing_time_austrian_bundesliga_2021_2022.parquet,.parquet,0.037,2026-06-08T21:37:38.247697+00:00,2026-06-08T23:37:38,bd87ebf9bd7a1260,,21,"nation, pos, age, born, Playing Time_MP, Playing Time_Min, Playing Time_Mn/MP, Playing Time_Min%, Playing Time_90s, Starts_Starts, Starts_Mn/Start, Starts_Compl, Subs_Subs, Subs_Mn/Sub, Subs_unSub, Team Success_PPM, Team Success_onG, Team Success_onGA, Team Success_+/-, Team Success_+/-90, Team Success_On-Off"
data/raw/fbref/sprint_13b/soccerdata/playing_time/fbref_playing_time_austrian_bundesliga_2022_2023.parquet,.parquet,0.036,2026-06-08T21:39:41.470315+00:00,2026-06-08T23:39:41,1641a9f7f5083ea5,,21,"nation, pos, age, born, Playing Time_MP, Playing Time_Min, Playing Time_Mn/MP, Playing Time_Min%, Playing Time_90s, Starts_Starts, Starts_Mn/Start, Starts_Compl, Subs_Subs, Subs_Mn/Sub, Subs_unSub, Team Success_PPM, Team Success_onG, Team Success_onGA, Team Success_+/-, Team Success_+/-90, Team Success_On-Off"
data/raw/fbref/sprint_13b/soccerdata/playing_time/fbref_playing_time_austrian_bundesliga_2023_2024.parquet,.parquet,0.036,2026-06-08T21:40:56.744572+00:00,2026-06-08T23:40:56,395877b406b23dc0,,21,"nation, pos, age, born, Playing Time_MP, Playing Time_Min, Playing Time_Mn/MP, Playing Time_Min%, Playing Time_90s, Starts_Starts, Starts_Mn/Start, Starts_Compl, Subs_Subs, Subs_Mn/Sub, Subs_unSub, Team Success_PPM, Team Success_onG, Team Success_onGA, Team Success_+/-, Team Success_+/-90, Team Success_On-Off"
data/raw/fbref/sprint_13b/soccerdata/playing_time/fbref_playing_time_austrian_bundesliga_2024_2025.parquet,.parquet,0.037,2026-06-08T21:42:12.046157+00:00,2026-06-08T23:42:12,7eaa2fdd6e27d55d,,21,"nation, pos, age, born, Playing Time_MP, Playing Time_Min, Playing Time_Mn/MP, Playing Time_Min%, Playing Time_90s, Starts_Starts, Starts_Mn/Start, Starts_Compl, Subs_Subs, Subs_Mn/Sub, Subs_unSub, Team Success_PPM, Team Success_onG, Team Success_onGA, Team Success_+/-, Team Success_+/-90, Team Success_On-Off"
data/raw/fbref/sprint_13b/soccerdata/playing_time/fbref_playing_time_austrian_bundesliga_2025_2026.parquet,.parquet,0.036,2026-06-08T21:43:13.197627+00:00,2026-06-08T23:43:13,d1b953b76ca46b93,,21,"nation, pos, age, born, Playing Time_MP, Playing Time_Min, Playing Time_Mn/MP, Playing Time_Min%, Playing Time_90s, Starts_Starts, Starts_Mn/Start, Starts_Compl, Subs_Subs, Subs_Mn/Sub, Subs_unSub, Team Success_PPM, Team Success_onG, Team Success_onGA, Team Success_+/-, Team Success_+/-90, Team Success_On-Off"
data/raw/fbref/sprint_13b/soccerdata/playing_time/fbref_playing_time_belgian_pro_league_2019_2020.parquet,.parquet,0.043,2026-06-08T21:26:38.318742+00:00,2026-06-08T23:26:38,33f79a48e3b91fc9,,21,"nation, pos, age, born, Playing Time_MP, Playing Time_Min, Playing Time_Mn/MP, Playing Time_Min%, Playing Time_90s, Starts_Starts, Starts_Mn/Start, Starts_Compl, Subs_Subs, Subs_Mn/Sub, Subs_unSub, Team Success_PPM, Team Success_onG, Team Success_onGA, Team Success_+/-, Team Success_+/-90, Team Success_On-Off"
data/raw/fbref/sprint_13b/soccerdata/playing_time/fbref_playing_time_belgian_pro_league_2020_2021.parquet,.parquet,0.046,2026-06-08T21:27:52.499369+00:00,2026-06-08T23:27:52,3f4bbebd370c177f,,21,"nation, pos, age, born, Playing Time_MP, Playing Time_Min, Playing Time_Mn/MP, Playing Time_Min%, Playing Time_90s, Starts_Starts, Starts_Mn/Start, Starts_Compl, Subs_Subs, Subs_Mn/Sub, Subs_unSub, Team Success_PPM, Team Success_onG, Team Success_onGA, Team Success_+/-, Team Success_+/-90, Team Success_On-Off"
data/raw/fbref/sprint_13b/soccerdata/playing_time/fbref_playing_time_belgian_pro_league_2021_2022.parquet,.parquet,0.046,2026-06-08T21:29:06.115427+00:00,2026-06-08T23:29:06,445d0cc8be3847f8,,21,"nation, pos, age, born, Playing Time_MP, Playing Time_Min, Playing Time_Mn/MP, Playing Time_Min%, Playing Time_90s, Starts_Starts, Starts_Mn/Start, Starts_Compl, Subs_Subs, Subs_Mn/Sub, Subs_unSub, Team Success_PPM, Team Success_onG, Team Success_onGA, Team Success_+/-, Team Success_+/-90, Team Success_On-Off"
data/raw/fbref/sprint_13b/soccerdata/playing_time/fbref_playing_time_belgian_pro_league_2022_2023.parquet,.parquet,0.047,2026-06-08T21:30:19.262193+00:00,2026-06-08T23:30:19,9166cbad39c7187c,,21,"nation, pos, age, born, Playing Time_MP, Playing Time_Min, Playing Time_Mn/MP, Playing Time_Min%, Playing Time_90s, Starts_Starts, Starts_Mn/Start, Starts_Compl, Subs_Subs, Subs_Mn/Sub, Subs_unSub, Team Success_PPM, Team Success_onG, Team Success_onGA, Team Success_+/-, Team Success_+/-90, Team Success_On-Off"
data/raw/fbref/sprint_13b/soccerdata/playing_time/fbref_playing_time_belgian_pro_league_2023_2024.parquet,.parquet,0.045,2026-06-08T21:31:35.371226+00:00,2026-06-08T23:31:35,12a8e929acd964e8,,21,"nation, pos, age, born, Playing Time_MP, Playing Time_Min, Playing Time_Mn/MP, Playing Time_Min%, Playing Time_90s, Starts_Starts, Starts_Mn/Start, Starts_Compl, Subs_Subs, Subs_Mn/Sub, Subs_unSub, Team Success_PPM, Team Success_onG, Team Success_onGA, Team Success_+/-, Team Success_+/-90, Team Success_On-Off"
data/raw/fbref/sprint_13b/soccerdata/playing_time/fbref_playing_time_belgian_pro_league_2024_2025.parquet,.parquet,0.046,2026-06-08T21:32:50.081496+00:00,2026-06-08T23:32:50,3b92f47d866386e1,,21,"nation, pos, age, born, Playing Time_MP, Playing Time_Min, Playing Time_Mn/MP, Playing Time_Min%, Playing Time_90s, Starts_Starts, Starts_Mn/Start, Starts_Compl, Subs_Subs, Subs_Mn/Sub, Subs_unSub, Team Success_PPM, Team Success_onG, Team Success_onGA, Team Success_+/-, Team Success_+/-90, Team Success_On-Off"
data/raw/fbref/sprint_13b/soccerdata/playing_time/fbref_playing_time_belgian_pro_league_2025_2026.parquet,.parquet,0.044,2026-06-08T21:33:50.736813+00:00,2026-06-08T23:33:50,bc520dab7bbcb6bb,,21,"nation, pos, age, born, Playing Time_MP, Playing Time_Min, Playing Time_Mn/MP, Playing Time_Min%, Playing Time_90s, Starts_Starts, Starts_Mn/Start, Starts_Compl, Subs_Subs, Subs_Mn/Sub, Subs_unSub, Team Success_PPM, Team Success_onG, Team Success_onGA, Team Success_+/-, Team Success_+/-90, Team Success_On-Off"
data/raw/fbref/sprint_13b/soccerdata/playing_time/fbref_playing_time_bundesliga_2019_2020.parquet,.parquet,0.045,2026-06-08T19:48:46.237611+00:00,2026-06-08T21:48:46,d22a3ce39001f9d1,,21,"nation, pos, age, born, Playing Time_MP, Playing Time_Min, Playing Time_Mn/MP, Playing Time_Min%, Playing Time_90s, Starts_Starts, Starts_Mn/Start, Starts_Compl, Subs_Subs, Subs_Mn/Sub, Subs_unSub, Team Success_PPM, Team Success_onG, Team Success_onGA, Team Success_+/-, Team Success_+/-90, Team Success_On-Off"
data/raw/fbref/sprint_13b/soccerdata/playing_time/fbref_playing_time_bundesliga_2020_2021.parquet,.parquet,0.045,2026-06-08T19:50:36.954620+00:00,2026-06-08T21:50:36,f13e625f6ac9cab4,,21,"nation, pos, age, born, Playing Time_MP, Playing Time_Min, Playing Time_Mn/MP, Playing Time_Min%, Playing Time_90s, Starts_Starts, Starts_Mn/Start, Starts_Compl, Subs_Subs, Subs_Mn/Sub, Subs_unSub, Team Success_PPM, Team Success_onG, Team Success_onGA, Team Success_+/-, Team Success_+/-90, Team Success_On-Off"
data/raw/fbref/sprint_13b/soccerdata/playing_time/fbref_playing_time_bundesliga_2021_2022.parquet,.parquet,0.046,2026-06-08T19:52:25.011473+00:00,2026-06-08T21:52:25,4a3a74631abbcd68,,21,"nation, pos, age, born, Playing Time_MP, Playing Time_Min, Playing Time_Mn/MP, Playing Time_Min%, Playing Time_90s, Starts_Starts, Starts_Mn/Start, Starts_Compl, Subs_Subs, Subs_Mn/Sub, Subs_unSub, Team Success_PPM, Team Success_onG, Team Success_onGA, Team Success_+/-, Team Success_+/-90, Team Success_On-Off"
data/raw/fbref/sprint_13b/soccerdata/playing_time/fbref_playing_time_bundesliga_2022_2023.parquet,.parquet,0.045,2026-06-08T19:53:36.925529+00:00,2026-06-08T21:53:36,6c85548300139415,,21,"nation, pos, age, born, Playing Time_MP, Playing Time_Min, Playing Time_Mn/MP, Playing Time_Min%, Playing Time_90s, Starts_Starts, Starts_Mn/Start, Starts_Compl, Subs_Subs, Subs_Mn/Sub, Subs_unSub, Team Success_PPM, Team Success_onG, Team Success_onGA, Team Success_+/-, Team Success_+/-90, Team Success_On-Off"
data/raw/fbref/sprint_13b/soccerdata/playing_time/fbref_playing_time_bundesliga_2023_2024.parquet,.parquet,0.045,2026-06-08T19:55:06.808086+00:00,2026-06-08T21:55:06,21f673e9599cd189,,21,"nation, pos, age, born, Playing Time_MP, Playing Time_Min, Playing Time_Mn/MP, Playing Time_Min%, Playing Time_90s, Starts_Starts, Starts_Mn/Start, Starts_Compl, Subs_Subs, Subs_Mn/Sub, Subs_unSub, Team Success_PPM, Team Success_onG, Team Success_onGA, Team Success_+/-, Team Success_+/-90, Team Success_On-Off"
data/raw/fbref/sprint_13b/soccerdata/playing_time/fbref_playing_time_bundesliga_2024_2025.parquet,.parquet,0.044,2026-06-08T19:56:22.176929+00:00,2026-06-08T21:56:22,60c19ee0288ac598,,21,"nation, pos, age, born, Playing Time_MP, Playing Time_Min, Playing Time_Mn/MP, Playing Time_Min%, Playing Time_90s, Starts_Starts, Starts_Mn/Start, Starts_Compl, Subs_Subs, Subs_Mn/Sub, Subs_unSub, Team Success_PPM, Team Success_onG, Team Success_onGA, Team Success_+/-, Team Success_+/-90, Team Success_On-Off"
data/raw/fbref/sprint_13b/soccerdata/playing_time/fbref_playing_time_bundesliga_2025_2026.parquet,.parquet,0.045,2026-06-08T19:57:35.691356+00:00,2026-06-08T21:57:35,103332abfbce1800,,21,"nation, pos, age, born, Playing Time_MP, Playing Time_Min, Playing Time_Mn/MP, Playing Time_Min%, Playing Time_90s, Starts_Starts, Starts_Mn/Start, Starts_Compl, Subs_Subs, Subs_Mn/Sub, Subs_unSub, Team Success_PPM, Team Success_onG, Team Success_onGA, Team Success_+/-, Team Success_+/-90, Team Success_On-Off"
data/raw/fbref/sprint_13b/soccerdata/playing_time/fbref_playing_time_championship_2019_2020.parquet,.parquet,0.053,2026-06-08T21:16:55.646365+00:00,2026-06-08T23:16:55,1465d2bdf7fc2cee,,21,"nation, pos, age, born, Playing Time_MP, Playing Time_Min, Playing Time_Mn/MP, Playing Time_Min%, Playing Time_90s, Starts_Starts, Starts_Mn/Start, Starts_Compl, Subs_Subs, Subs_Mn/Sub, Subs_unSub, Team Success_PPM, Team Success_onG, Team Success_onGA, Team Success_+/-, Team Success_+/-90, Team Success_On-Off"
data/raw/fbref/sprint_13b/soccerdata/playing_time/fbref_playing_time_championship_2020_2021.parquet,.parquet,0.055,2026-06-08T21:18:21.675908+00:00,2026-06-08T23:18:21,8b9ad05e08424d7e,,21,"nation, pos, age, born, Playing Time_MP, Playing Time_Min, Playing Time_Mn/MP, Playing Time_Min%, Playing Time_90s, Starts_Starts, Starts_Mn/Start, Starts_Compl, Subs_Subs, Subs_Mn/Sub, Subs_unSub, Team Success_PPM, Team Success_onG, Team Success_onGA, Team Success_+/-, Team Success_+/-90, Team Success_On-Off"
data/raw/fbref/sprint_13b/soccerdata/playing_time/fbref_playing_time_championship_2021_2022.parquet,.parquet,0.055,2026-06-08T21:19:41.356169+00:00,2026-06-08T23:19:41,0f9985c912eea4aa,,21,"nation, pos, age, born, Playing Time_MP, Playing Time_Min, Playing Time_Mn/MP, Playing Time_Min%, Playing Time_90s, Starts_Starts, Starts_Mn/Start, Starts_Compl, Subs_Subs, Subs_Mn/Sub, Subs_unSub, Team Success_PPM, Team Success_onG, Team Success_onGA, Team Success_+/-, Team Success_+/-90, Team Success_On-Off"
data/raw/fbref/sprint_13b/soccerdata/playing_time/fbref_playing_time_championship_2022_2023.parquet,.parquet,0.054,2026-06-08T21:20:57.438593+00:00,2026-06-08T23:20:57,07a415800edfeae1,,21,"nation, pos, age, born, Playing Time_MP, Playing Time_Min, Playing Time_Mn/MP, Playing Time_Min%, Playing Time_90s, Starts_Starts, Starts_Mn/Start, Starts_Compl, Subs_Subs, Subs_Mn/Sub, Subs_unSub, Team Success_PPM, Team Success_onG, Team Success_onGA, Team Success_+/-, Team Success_+/-90, Team Success_On-Off"
data/raw/fbref/sprint_13b/soccerdata/playing_time/fbref_playing_time_championship_2023_2024.parquet,.parquet,0.055,2026-06-08T21:22:17.361650+00:00,2026-06-08T23:22:17,1c364cda3e055269,,21,"nation, pos, age, born, Playing Time_MP, Playing Time_Min, Playing Time_Mn/MP, Playing Time_Min%, Playing Time_90s, Starts_Starts, Starts_Mn/Start, Starts_Compl, Subs_Subs, Subs_Mn/Sub, Subs_unSub, Team Success_PPM, Team Success_onG, Team Success_onGA, Team Success_+/-, Team Success_+/-90, Team Success_On-Off"
data/raw/fbref/sprint_13b/soccerdata/playing_time/fbref_playing_time_championship_2024_2025.parquet,.parquet,0.057,2026-06-08T21:23:31.015115+00:00,2026-06-08T23:23:31,7223e82b9f947a53,,21,"nation, pos, age, born, Playing Time_MP, Playing Time_Min, Playing Time_Mn/MP, Playing Time_Min%, Playing Time_90s, Starts_Starts, Starts_Mn/Start, Starts_Compl, Subs_Subs, Subs_Mn/Sub, Subs_unSub, Team Success_PPM, Team Success_onG, Team Success_onGA, Team Success_+/-, Team Success_+/-90, Team Success_On-Off"
data/raw/fbref/sprint_13b/soccerdata/playing_time/fbref_playing_time_championship_2025_2026.parquet,.parquet,0.057,2026-06-08T21:25:23.329513+00:00,2026-06-08T23:25:23,9cae4201c7711ec7,,21,"nation, pos, age, born, Playing Time_MP, Playing Time_Min, Playing Time_Mn/MP, Playing Time_Min%, Playing Time_90s, Starts_Starts, Starts_Mn/Start, Starts_Compl, Subs_Subs, Subs_Mn/Sub, Subs_unSub, Team Success_PPM, Team Success_onG, Team Success_onGA, Team Success_+/-, Team Success_+/-90, Team Success_On-Off"
data/raw/fbref/sprint_13b/soccerdata/playing_time/fbref_playing_time_eredivisie_2019_2020.parquet,.parquet,0.045,2026-06-08T20:56:59.873914+00:00,2026-06-08T22:56:59,2c0d81de7bc04eb7,,21,"nation, pos, age, born, Playing Time_MP, Playing Time_Min, Playing Time_Mn/MP, Playing Time_Min%, Playing Time_90s, Starts_Starts, Starts_Mn/Start, Starts_Compl, Subs_Subs, Subs_Mn/Sub, Subs_unSub, Team Success_PPM, Team Success_onG, Team Success_onGA, Team Success_+/-, Team Success_+/-90, Team Success_On-Off"
data/raw/fbref/sprint_13b/soccerdata/playing_time/fbref_playing_time_eredivisie_2020_2021.parquet,.parquet,0.047,2026-06-08T20:58:20.580403+00:00,2026-06-08T22:58:20,ef811bb7292bf01c,,21,"nation, pos, age, born, Playing Time_MP, Playing Time_Min, Playing Time_Mn/MP, Playing Time_Min%, Playing Time_90s, Starts_Starts, Starts_Mn/Start, Starts_Compl, Subs_Subs, Subs_Mn/Sub, Subs_unSub, Team Success_PPM, Team Success_onG, Team Success_onGA, Team Success_+/-, Team Success_+/-90, Team Success_On-Off"
data/raw/fbref/sprint_13b/soccerdata/playing_time/fbref_playing_time_eredivisie_2021_2022.parquet,.parquet,0.047,2026-06-08T20:59:34.900396+00:00,2026-06-08T22:59:34,6bdde84d69a3ba98,,21,"nation, pos, age, born, Playing Time_MP, Playing Time_Min, Playing Time_Mn/MP, Playing Time_Min%, Playing Time_90s, Starts_Starts, Starts_Mn/Start, Starts_Compl, Subs_Subs, Subs_Mn/Sub, Subs_unSub, Team Success_PPM, Team Success_onG, Team Success_onGA, Team Success_+/-, Team Success_+/-90, Team Success_On-Off"
data/raw/fbref/sprint_13b/soccerdata/playing_time/fbref_playing_time_eredivisie_2022_2023.parquet,.parquet,0.047,2026-06-08T21:01:41.039877+00:00,2026-06-08T23:01:41,7a9890523c4b21f3,,21,"nation, pos, age, born, Playing Time_MP, Playing Time_Min, Playing Time_Mn/MP, Playing Time_Min%, Playing Time_90s, Starts_Starts, Starts_Mn/Start, Starts_Compl, Subs_Subs, Subs_Mn/Sub, Subs_unSub, Team Success_PPM, Team Success_onG, Team Success_onGA, Team Success_+/-, Team Success_+/-90, Team Success_On-Off"
data/raw/fbref/sprint_13b/soccerdata/playing_time/fbref_playing_time_eredivisie_2023_2024.parquet,.parquet,0.047,2026-06-08T21:03:02.044714+00:00,2026-06-08T23:03:02,ad68c8d6a09e5aba,,21,"nation, pos, age, born, Playing Time_MP, Playing Time_Min, Playing Time_Mn/MP, Playing Time_Min%, Playing Time_90s, Starts_Starts, Starts_Mn/Start, Starts_Compl, Subs_Subs, Subs_Mn/Sub, Subs_unSub, Team Success_PPM, Team Success_onG, Team Success_onGA, Team Success_+/-, Team Success_+/-90, Team Success_On-Off"
data/raw/fbref/sprint_13b/soccerdata/playing_time/fbref_playing_time_eredivisie_2024_2025.parquet,.parquet,0.047,2026-06-08T21:04:19.191633+00:00,2026-06-08T23:04:19,74c5385fcecb225c,,21,"nation, pos, age, born, Playing Time_MP, Playing Time_Min, Playing Time_Mn/MP, Playing Time_Min%, Playing Time_90s, Starts_Starts, Starts_Mn/Start, Starts_Compl, Subs_Subs, Subs_Mn/Sub, Subs_unSub, Team Success_PPM, Team Success_onG, Team Success_onGA, Team Success_+/-, Team Success_+/-90, Team Success_On-Off"
data/raw/fbref/sprint_13b/soccerdata/playing_time/fbref_playing_time_eredivisie_2025_2026.parquet,.parquet,0.048,2026-06-08T21:05:20.900130+00:00,2026-06-08T23:05:20,ffd71da8a4b233e2,,21,"nation, pos, age, born, Playing Time_MP, Playing Time_Min, Playing Time_Mn/MP, Playing Time_Min%, Playing Time_90s, Starts_Starts, Starts_Mn/Start, Starts_Compl, Subs_Subs, Subs_Mn/Sub, Subs_unSub, Team Success_PPM, Team Success_onG, Team Success_onGA, Team Success_+/-, Team Success_+/-90, Team Success_On-Off"
data/raw/fbref/sprint_13b/soccerdata/playing_time/fbref_playing_time_la_liga_2019_2020.parquet,.parquet,0.046,2026-06-08T19:38:37.260026+00:00,2026-06-08T21:38:37,a24e590c036f6900,,21,"nation, pos, age, born, Playing Time_MP, Playing Time_Min, Playing Time_Mn/MP, Playing Time_Min%, Playing Time_90s, Starts_Starts, Starts_Mn/Start, Starts_Compl, Subs_Subs, Subs_Mn/Sub, Subs_unSub, Team Success_PPM, Team Success_onG, Team Success_onGA, Team Success_+/-, Team Success_+/-90, Team Success_On-Off"
data/raw/fbref/sprint_13b/soccerdata/playing_time/fbref_playing_time_la_liga_2020_2021.parquet,.parquet,0.048,2026-06-08T19:39:52.433405+00:00,2026-06-08T21:39:52,424cbb856869e521,,21,"nation, pos, age, born, Playing Time_MP, Playing Time_Min, Playing Time_Mn/MP, Playing Time_Min%, Playing Time_90s, Starts_Starts, Starts_Mn/Start, Starts_Compl, Subs_Subs, Subs_Mn/Sub, Subs_unSub, Team Success_PPM, Team Success_onG, Team Success_onGA, Team Success_+/-, Team Success_+/-90, Team Success_On-Off"
data/raw/fbref/sprint_13b/soccerdata/playing_time/fbref_playing_time_la_liga_2021_2022.parquet,.parquet,0.049,2026-06-08T19:41:09.718510+00:00,2026-06-08T21:41:09,c3af4ce42c783232,,21,"nation, pos, age, born, Playing Time_MP, Playing Time_Min, Playing Time_Mn/MP, Playing Time_Min%, Playing Time_90s, Starts_Starts, Starts_Mn/Start, Starts_Compl, Subs_Subs, Subs_Mn/Sub, Subs_unSub, Team Success_PPM, Team Success_onG, Team Success_onGA, Team Success_+/-, Team Success_+/-90, Team Success_On-Off"
data/raw/fbref/sprint_13b/soccerdata/playing_time/fbref_playing_time_la_liga_2022_2023.parquet,.parquet,0.048,2026-06-08T19:42:25.897089+00:00,2026-06-08T21:42:25,2b25327f0ae91aef,,21,"nation, pos, age, born, Playing Time_MP, Playing Time_Min, Playing Time_Mn/MP, Playing Time_Min%, Playing Time_90s, Starts_Starts, Starts_Mn/Start, Starts_Compl, Subs_Subs, Subs_Mn/Sub, Subs_unSub, Team Success_PPM, Team Success_onG, Team Success_onGA, Team Success_+/-, Team Success_+/-90, Team Success_On-Off"
data/raw/fbref/sprint_13b/soccerdata/playing_time/fbref_playing_time_la_liga_2023_2024.parquet,.parquet,0.049,2026-06-08T19:43:40.285847+00:00,2026-06-08T21:43:40,9475f37532941561,,21,"nation, pos, age, born, Playing Time_MP, Playing Time_Min, Playing Time_Mn/MP, Playing Time_Min%, Playing Time_90s, Starts_Starts, Starts_Mn/Start, Starts_Compl, Subs_Subs, Subs_Mn/Sub, Subs_unSub, Team Success_PPM, Team Success_onG, Team Success_onGA, Team Success_+/-, Team Success_+/-90, Team Success_On-Off"
data/raw/fbref/sprint_13b/soccerdata/playing_time/fbref_playing_time_la_liga_2024_2025.parquet,.parquet,0.049,2026-06-08T19:44:56.578251+00:00,2026-06-08T21:44:56,31e3d4b17d445a12,,21,"nation, pos, age, born, Playing Time_MP, Playing Time_Min, Playing Time_Mn/MP, Playing Time_Min%, Playing Time_90s, Starts_Starts, Starts_Mn/Start, Starts_Compl, Subs_Subs, Subs_Mn/Sub, Subs_unSub, Team Success_PPM, Team Success_onG, Team Success_onGA, Team Success_+/-, Team Success_+/-90, Team Success_On-Off"
data/raw/fbref/sprint_13b/soccerdata/playing_time/fbref_playing_time_la_liga_2025_2026.parquet,.parquet,0.049,2026-06-08T19:46:15.012544+00:00,2026-06-08T21:46:15,05041bd3e740a3f1,,21,"nation, pos, age, born, Playing Time_MP, Playing Time_Min, Playing Time_Mn/MP, Playing Time_Min%, Playing Time_90s, Starts_Starts, Starts_Mn/Start, Starts_Compl, Subs_Subs, Subs_Mn/Sub, Subs_unSub, Team Success_PPM, Team Success_onG, Team Success_onGA, Team Success_+/-, Team Success_+/-90, Team Success_On-Off"
data/raw/fbref/sprint_13b/soccerdata/playing_time/fbref_playing_time_ligue_1_2019_2020.parquet,.parquet,0.045,2026-06-08T20:09:42.868115+00:00,2026-06-08T22:09:42,cf860dc3552f88b1,,21,"nation, pos, age, born, Playing Time_MP, Playing Time_Min, Playing Time_Mn/MP, Playing Time_Min%, Playing Time_90s, Starts_Starts, Starts_Mn/Start, Starts_Compl, Subs_Subs, Subs_Mn/Sub, Subs_unSub, Team Success_PPM, Team Success_onG, Team Success_onGA, Team Success_+/-, Team Success_+/-90, Team Success_On-Off"
data/raw/fbref/sprint_13b/soccerdata/playing_time/fbref_playing_time_ligue_1_2020_2021.parquet,.parquet,0.049,2026-06-08T20:11:30.629364+00:00,2026-06-08T22:11:30,1e7f347073d351ed,,21,"nation, pos, age, born, Playing Time_MP, Playing Time_Min, Playing Time_Mn/MP, Playing Time_Min%, Playing Time_90s, Starts_Starts, Starts_Mn/Start, Starts_Compl, Subs_Subs, Subs_Mn/Sub, Subs_unSub, Team Success_PPM, Team Success_onG, Team Success_onGA, Team Success_+/-, Team Success_+/-90, Team Success_On-Off"
data/raw/fbref/sprint_13b/soccerdata/playing_time/fbref_playing_time_ligue_1_2021_2022.parquet,.parquet,0.05,2026-06-08T20:12:50.613727+00:00,2026-06-08T22:12:50,614e8f8e2293d73e,,21,"nation, pos, age, born, Playing Time_MP, Playing Time_Min, Playing Time_Mn/MP, Playing Time_Min%, Playing Time_90s, Starts_Starts, Starts_Mn/Start, Starts_Compl, Subs_Subs, Subs_Mn/Sub, Subs_unSub, Team Success_PPM, Team Success_onG, Team Success_onGA, Team Success_+/-, Team Success_+/-90, Team Success_On-Off"
data/raw/fbref/sprint_13b/soccerdata/playing_time/fbref_playing_time_ligue_1_2022_2023.parquet,.parquet,0.05,2026-06-08T20:14:05.115848+00:00,2026-06-08T22:14:05,1914b79f6ad3ee37,,21,"nation, pos, age, born, Playing Time_MP, Playing Time_Min, Playing Time_Mn/MP, Playing Time_Min%, Playing Time_90s, Starts_Starts, Starts_Mn/Start, Starts_Compl, Subs_Subs, Subs_Mn/Sub, Subs_unSub, Team Success_PPM, Team Success_onG, Team Success_onGA, Team Success_+/-, Team Success_+/-90, Team Success_On-Off"
data/raw/fbref/sprint_13b/soccerdata/playing_time/fbref_playing_time_ligue_1_2023_2024.parquet,.parquet,0.046,2026-06-08T20:15:20.843564+00:00,2026-06-08T22:15:20,4cf25c4416e0f0e7,,21,"nation, pos, age, born, Playing Time_MP, Playing Time_Min, Playing Time_Mn/MP, Playing Time_Min%, Playing Time_90s, Starts_Starts, Starts_Mn/Start, Starts_Compl, Subs_Subs, Subs_Mn/Sub, Subs_unSub, Team Success_PPM, Team Success_onG, Team Success_onGA, Team Success_+/-, Team Success_+/-90, Team Success_On-Off"
data/raw/fbref/sprint_13b/soccerdata/playing_time/fbref_playing_time_ligue_1_2024_2025.parquet,.parquet,0.047,2026-06-08T20:16:35.539990+00:00,2026-06-08T22:16:35,268ab1fae6483ac0,,21,"nation, pos, age, born, Playing Time_MP, Playing Time_Min, Playing Time_Mn/MP, Playing Time_Min%, Playing Time_90s, Starts_Starts, Starts_Mn/Start, Starts_Compl, Subs_Subs, Subs_Mn/Sub, Subs_unSub, Team Success_PPM, Team Success_onG, Team Success_onGA, Team Success_+/-, Team Success_+/-90, Team Success_On-Off"
data/raw/fbref/sprint_13b/soccerdata/playing_time/fbref_playing_time_ligue_1_2025_2026.parquet,.parquet,0.048,2026-06-08T20:18:40.977291+00:00,2026-06-08T22:18:40,6dd7bb6c95002b7b,,21,"nation, pos, age, born, Playing Time_MP, Playing Time_Min, Playing Time_Mn/MP, Playing Time_Min%, Playing Time_90s, Starts_Starts, Starts_Mn/Start, Starts_Compl, Subs_Subs, Subs_Mn/Sub, Subs_unSub, Team Success_PPM, Team Success_onG, Team Success_onGA, Team Success_+/-, Team Success_+/-90, Team Success_On-Off"
data/raw/fbref/sprint_13b/soccerdata/playing_time/fbref_playing_time_premier_league_2019_2020.parquet,.parquet,0.046,2026-06-08T19:29:21.499689+00:00,2026-06-08T21:29:21,e2d95bd89561afa0,,21,"nation, pos, age, born, Playing Time_MP, Playing Time_Min, Playing Time_Mn/MP, Playing Time_Min%, Playing Time_90s, Starts_Starts, Starts_Mn/Start, Starts_Compl, Subs_Subs, Subs_Mn/Sub, Subs_unSub, Team Success_PPM, Team Success_onG, Team Success_onGA, Team Success_+/-, Team Success_+/-90, Team Success_On-Off"
data/raw/fbref/sprint_13b/soccerdata/playing_time/fbref_playing_time_premier_league_2020_2021.parquet,.parquet,0.047,2026-06-08T19:30:39.729557+00:00,2026-06-08T21:30:39,81116527ba609f8a,,21,"nation, pos, age, born, Playing Time_MP, Playing Time_Min, Playing Time_Mn/MP, Playing Time_Min%, Playing Time_90s, Starts_Starts, Starts_Mn/Start, Starts_Compl, Subs_Subs, Subs_Mn/Sub, Subs_unSub, Team Success_PPM, Team Success_onG, Team Success_onGA, Team Success_+/-, Team Success_+/-90, Team Success_On-Off"
data/raw/fbref/sprint_13b/soccerdata/playing_time/fbref_playing_time_premier_league_2021_2022.parquet,.parquet,0.048,2026-06-08T19:31:55.395544+00:00,2026-06-08T21:31:55,c815c18de7a1a3bf,,21,"nation, pos, age, born, Playing Time_MP, Playing Time_Min, Playing Time_Mn/MP, Playing Time_Min%, Playing Time_90s, Starts_Starts, Starts_Mn/Start, Starts_Compl, Subs_Subs, Subs_Mn/Sub, Subs_unSub, Team Success_PPM, Team Success_onG, Team Success_onGA, Team Success_+/-, Team Success_+/-90, Team Success_On-Off"
data/raw/fbref/sprint_13b/soccerdata/playing_time/fbref_playing_time_premier_league_2022_2023.parquet,.parquet,0.049,2026-06-08T19:33:26.561831+00:00,2026-06-08T21:33:26,f88a9865340955f1,,21,"nation, pos, age, born, Playing Time_MP, Playing Time_Min, Playing Time_Mn/MP, Playing Time_Min%, Playing Time_90s, Starts_Starts, Starts_Mn/Start, Starts_Compl, Subs_Subs, Subs_Mn/Sub, Subs_unSub, Team Success_PPM, Team Success_onG, Team Success_onGA, Team Success_+/-, Team Success_+/-90, Team Success_On-Off"
data/raw/fbref/sprint_13b/soccerdata/playing_time/fbref_playing_time_premier_league_2023_2024.parquet,.parquet,0.05,2026-06-08T19:34:45.464481+00:00,2026-06-08T21:34:45,4b981a7fda9d5b2e,,21,"nation, pos, age, born, Playing Time_MP, Playing Time_Min, Playing Time_Mn/MP, Playing Time_Min%, Playing Time_90s, Starts_Starts, Starts_Mn/Start, Starts_Compl, Subs_Subs, Subs_Mn/Sub, Subs_unSub, Team Success_PPM, Team Success_onG, Team Success_onGA, Team Success_+/-, Team Success_+/-90, Team Success_On-Off"
data/raw/fbref/sprint_13b/soccerdata/playing_time/fbref_playing_time_premier_league_2024_2025.parquet,.parquet,0.049,2026-06-08T19:35:58.348995+00:00,2026-06-08T21:35:58,afa264cc059c7a5d,,21,"nation, pos, age, born, Playing Time_MP, Playing Time_Min, Playing Time_Mn/MP, Playing Time_Min%, Playing Time_90s, Starts_Starts, Starts_Mn/Start, Starts_Compl, Subs_Subs, Subs_Mn/Sub, Subs_unSub, Team Success_PPM, Team Success_onG, Team Success_onGA, Team Success_+/-, Team Success_+/-90, Team Success_On-Off"
data/raw/fbref/sprint_13b/soccerdata/playing_time/fbref_playing_time_premier_league_2025_2026.parquet,.parquet,0.048,2026-06-08T19:36:45.884727+00:00,2026-06-08T21:36:45,1a22d0319883aaca,,21,"nation, pos, age, born, Playing Time_MP, Playing Time_Min, Playing Time_Mn/MP, Playing Time_Min%, Playing Time_90s, Starts_Starts, Starts_Mn/Start, Starts_Compl, Subs_Subs, Subs_Mn/Sub, Subs_unSub, Team Success_PPM, Team Success_onG, Team Success_onGA, Team Success_+/-, Team Success_+/-90, Team Success_On-Off"
data/raw/fbref/sprint_13b/soccerdata/playing_time/fbref_playing_time_primeira_liga_2019_2020.parquet,.parquet,0.045,2026-06-08T21:06:38.067592+00:00,2026-06-08T23:06:38,2e32222f225a9d42,,21,"nation, pos, age, born, Playing Time_MP, Playing Time_Min, Playing Time_Mn/MP, Playing Time_Min%, Playing Time_90s, Starts_Starts, Starts_Mn/Start, Starts_Compl, Subs_Subs, Subs_Mn/Sub, Subs_unSub, Team Success_PPM, Team Success_onG, Team Success_onGA, Team Success_+/-, Team Success_+/-90, Team Success_On-Off"
data/raw/fbref/sprint_13b/soccerdata/playing_time/fbref_playing_time_primeira_liga_2020_2021.parquet,.parquet,0.045,2026-06-08T21:07:53.034386+00:00,2026-06-08T23:07:53,3b5f7b312d69be27,,21,"nation, pos, age, born, Playing Time_MP, Playing Time_Min, Playing Time_Mn/MP, Playing Time_Min%, Playing Time_90s, Starts_Starts, Starts_Mn/Start, Starts_Compl, Subs_Subs, Subs_Mn/Sub, Subs_unSub, Team Success_PPM, Team Success_onG, Team Success_onGA, Team Success_+/-, Team Success_+/-90, Team Success_On-Off"
data/raw/fbref/sprint_13b/soccerdata/playing_time/fbref_playing_time_primeira_liga_2021_2022.parquet,.parquet,0.046,2026-06-08T21:09:08.622079+00:00,2026-06-08T23:09:08,02611fc29c26df29,,21,"nation, pos, age, born, Playing Time_MP, Playing Time_Min, Playing Time_Mn/MP, Playing Time_Min%, Playing Time_90s, Starts_Starts, Starts_Mn/Start, Starts_Compl, Subs_Subs, Subs_Mn/Sub, Subs_unSub, Team Success_PPM, Team Success_onG, Team Success_onGA, Team Success_+/-, Team Success_+/-90, Team Success_On-Off"
data/raw/fbref/sprint_13b/soccerdata/playing_time/fbref_playing_time_primeira_liga_2022_2023.parquet,.parquet,0.046,2026-06-08T21:10:26.436112+00:00,2026-06-08T23:10:26,8567e8c7734f8bda,,21,"nation, pos, age, born, Playing Time_MP, Playing Time_Min, Playing Time_Mn/MP, Playing Time_Min%, Playing Time_90s, Starts_Starts, Starts_Mn/Start, Starts_Compl, Subs_Subs, Subs_Mn/Sub, Subs_unSub, Team Success_PPM, Team Success_onG, Team Success_onGA, Team Success_+/-, Team Success_+/-90, Team Success_On-Off"
data/raw/fbref/sprint_13b/soccerdata/playing_time/fbref_playing_time_primeira_liga_2023_2024.parquet,.parquet,0.045,2026-06-08T21:11:39.575294+00:00,2026-06-08T23:11:39,e446817967666cea,,21,"nation, pos, age, born, Playing Time_MP, Playing Time_Min, Playing Time_Mn/MP, Playing Time_Min%, Playing Time_90s, Starts_Starts, Starts_Mn/Start, Starts_Compl, Subs_Subs, Subs_Mn/Sub, Subs_unSub, Team Success_PPM, Team Success_onG, Team Success_onGA, Team Success_+/-, Team Success_+/-90, Team Success_On-Off"
data/raw/fbref/sprint_13b/soccerdata/playing_time/fbref_playing_time_primeira_liga_2024_2025.parquet,.parquet,0.046,2026-06-08T21:12:56.200385+00:00,2026-06-08T23:12:56,d8e2d07f10faf34f,,21,"nation, pos, age, born, Playing Time_MP, Playing Time_Min, Playing Time_Mn/MP, Playing Time_Min%, Playing Time_90s, Starts_Starts, Starts_Mn/Start, Starts_Compl, Subs_Subs, Subs_Mn/Sub, Subs_unSub, Team Success_PPM, Team Success_onG, Team Success_onGA, Team Success_+/-, Team Success_+/-90, Team Success_On-Off"
data/raw/fbref/sprint_13b/soccerdata/playing_time/fbref_playing_time_primeira_liga_2025_2026.parquet,.parquet,0.047,2026-06-08T21:14:51.063502+00:00,2026-06-08T23:14:51,bacf6d81df5bb815,,21,"nation, pos, age, born, Playing Time_MP, Playing Time_Min, Playing Time_Mn/MP, Playing Time_Min%, Playing Time_90s, Starts_Starts, Starts_Mn/Start, Starts_Compl, Subs_Subs, Subs_Mn/Sub, Subs_unSub, Team Success_PPM, Team Success_onG, Team Success_onGA, Team Success_+/-, Team Success_+/-90, Team Success_On-Off"
data/raw/fbref/sprint_13b/soccerdata/playing_time/fbref_playing_time_segunda_division_2019_2020.parquet,.parquet,0.049,2026-06-08T21:45:03.531563+00:00,2026-06-08T23:45:03,dd65908f9eaa9ded,,21,"nation, pos, age, born, Playing Time_MP, Playing Time_Min, Playing Time_Mn/MP, Playing Time_Min%, Playing Time_90s, Starts_Starts, Starts_Mn/Start, Starts_Compl, Subs_Subs, Subs_Mn/Sub, Subs_unSub, Team Success_PPM, Team Success_onG, Team Success_onGA, Team Success_+/-, Team Success_+/-90, Team Success_On-Off"
data/raw/fbref/sprint_13b/soccerdata/playing_time/fbref_playing_time_segunda_division_2020_2021.parquet,.parquet,0.05,2026-06-08T21:46:19.945740+00:00,2026-06-08T23:46:19,7f93793153875f84,,21,"nation, pos, age, born, Playing Time_MP, Playing Time_Min, Playing Time_Mn/MP, Playing Time_Min%, Playing Time_90s, Starts_Starts, Starts_Mn/Start, Starts_Compl, Subs_Subs, Subs_Mn/Sub, Subs_unSub, Team Success_PPM, Team Success_onG, Team Success_onGA, Team Success_+/-, Team Success_+/-90, Team Success_On-Off"
data/raw/fbref/sprint_13b/soccerdata/playing_time/fbref_playing_time_segunda_division_2021_2022.parquet,.parquet,0.05,2026-06-08T21:47:38.002223+00:00,2026-06-08T23:47:38,fdab3a47842dead7,,21,"nation, pos, age, born, Playing Time_MP, Playing Time_Min, Playing Time_Mn/MP, Playing Time_Min%, Playing Time_90s, Starts_Starts, Starts_Mn/Start, Starts_Compl, Subs_Subs, Subs_Mn/Sub, Subs_unSub, Team Success_PPM, Team Success_onG, Team Success_onGA, Team Success_+/-, Team Success_+/-90, Team Success_On-Off"
data/raw/fbref/sprint_13b/soccerdata/playing_time/fbref_playing_time_segunda_division_2022_2023.parquet,.parquet,0.05,2026-06-08T21:49:34.614750+00:00,2026-06-08T23:49:34,ba97fdb4329aa5c8,,21,"nation, pos, age, born, Playing Time_MP, Playing Time_Min, Playing Time_Mn/MP, Playing Time_Min%, Playing Time_90s, Starts_Starts, Starts_Mn/Start, Starts_Compl, Subs_Subs, Subs_Mn/Sub, Subs_unSub, Team Success_PPM, Team Success_onG, Team Success_onGA, Team Success_+/-, Team Success_+/-90, Team Success_On-Off"
data/raw/fbref/sprint_13b/soccerdata/playing_time/fbref_playing_time_segunda_division_2023_2024.parquet,.parquet,0.05,2026-06-08T21:50:53.960901+00:00,2026-06-08T23:50:53,a98fb605e8017df2,,21,"nation, pos, age, born, Playing Time_MP, Playing Time_Min, Playing Time_Mn/MP, Playing Time_Min%, Playing Time_90s, Starts_Starts, Starts_Mn/Start, Starts_Compl, Subs_Subs, Subs_Mn/Sub, Subs_unSub, Team Success_PPM, Team Success_onG, Team Success_onGA, Team Success_+/-, Team Success_+/-90, Team Success_On-Off"
data/raw/fbref/sprint_13b/soccerdata/playing_time/fbref_playing_time_segunda_division_2024_2025.parquet,.parquet,0.052,2026-06-08T21:52:13.017225+00:00,2026-06-08T23:52:13,6a426131eb119f3d,,21,"nation, pos, age, born, Playing Time_MP, Playing Time_Min, Playing Time_Mn/MP, Playing Time_Min%, Playing Time_90s, Starts_Starts, Starts_Mn/Start, Starts_Compl, Subs_Subs, Subs_Mn/Sub, Subs_unSub, Team Success_PPM, Team Success_onG, Team Success_onGA, Team Success_+/-, Team Success_+/-90, Team Success_On-Off"
data/raw/fbref/sprint_13b/soccerdata/playing_time/fbref_playing_time_segunda_division_2025_2026.parquet,.parquet,0.056,2026-06-08T21:55:30.935261+00:00,2026-06-08T23:55:30,f78256e447c56ba8,,21,"nation, pos, age, born, Playing Time_MP, Playing Time_Min, Playing Time_Mn/MP, Playing Time_Min%, Playing Time_90s, Starts_Starts, Starts_Mn/Start, Starts_Compl, Subs_Subs, Subs_Mn/Sub, Subs_unSub, Team Success_PPM, Team Success_onG, Team Success_onGA, Team Success_+/-, Team Success_+/-90, Team Success_On-Off"
data/raw/fbref/sprint_13b/soccerdata/playing_time/fbref_playing_time_serie_a_2019_2020.parquet,.parquet,0.05,2026-06-08T19:59:05.189899+00:00,2026-06-08T21:59:05,6534fd08807ac811,,21,"nation, pos, age, born, Playing Time_MP, Playing Time_Min, Playing Time_Mn/MP, Playing Time_Min%, Playing Time_90s, Starts_Starts, Starts_Mn/Start, Starts_Compl, Subs_Subs, Subs_Mn/Sub, Subs_unSub, Team Success_PPM, Team Success_onG, Team Success_onGA, Team Success_+/-, Team Success_+/-90, Team Success_On-Off"
data/raw/fbref/sprint_13b/soccerdata/playing_time/fbref_playing_time_serie_a_2020_2021.parquet,.parquet,0.051,2026-06-08T20:00:26.135688+00:00,2026-06-08T22:00:26,6729f27e4a5e837d,,21,"nation, pos, age, born, Playing Time_MP, Playing Time_Min, Playing Time_Mn/MP, Playing Time_Min%, Playing Time_90s, Starts_Starts, Starts_Mn/Start, Starts_Compl, Subs_Subs, Subs_Mn/Sub, Subs_unSub, Team Success_PPM, Team Success_onG, Team Success_onGA, Team Success_+/-, Team Success_+/-90, Team Success_On-Off"
data/raw/fbref/sprint_13b/soccerdata/playing_time/fbref_playing_time_serie_a_2021_2022.parquet,.parquet,0.052,2026-06-08T20:01:45.173916+00:00,2026-06-08T22:01:45,ecbb0b9d7f70734c,,21,"nation, pos, age, born, Playing Time_MP, Playing Time_Min, Playing Time_Mn/MP, Playing Time_Min%, Playing Time_90s, Starts_Starts, Starts_Mn/Start, Starts_Compl, Subs_Subs, Subs_Mn/Sub, Subs_unSub, Team Success_PPM, Team Success_onG, Team Success_onGA, Team Success_+/-, Team Success_+/-90, Team Success_On-Off"
data/raw/fbref/sprint_13b/soccerdata/playing_time/fbref_playing_time_serie_a_2022_2023.parquet,.parquet,0.051,2026-06-08T20:03:57.652137+00:00,2026-06-08T22:03:57,89dfef693d9da484,,21,"nation, pos, age, born, Playing Time_MP, Playing Time_Min, Playing Time_Mn/MP, Playing Time_Min%, Playing Time_90s, Starts_Starts, Starts_Mn/Start, Starts_Compl, Subs_Subs, Subs_Mn/Sub, Subs_unSub, Team Success_PPM, Team Success_onG, Team Success_onGA, Team Success_+/-, Team Success_+/-90, Team Success_On-Off"
data/raw/fbref/sprint_13b/soccerdata/playing_time/fbref_playing_time_serie_a_2023_2024.parquet,.parquet,0.051,2026-06-08T20:05:17.817934+00:00,2026-06-08T22:05:17,8347241fe1719449,,21,"nation, pos, age, born, Playing Time_MP, Playing Time_Min, Playing Time_Mn/MP, Playing Time_Min%, Playing Time_90s, Starts_Starts, Starts_Mn/Start, Starts_Compl, Subs_Subs, Subs_Mn/Sub, Subs_unSub, Team Success_PPM, Team Success_onG, Team Success_onGA, Team Success_+/-, Team Success_+/-90, Team Success_On-Off"
data/raw/fbref/sprint_13b/soccerdata/playing_time/fbref_playing_time_serie_a_2024_2025.parquet,.parquet,0.052,2026-06-08T20:06:30.269265+00:00,2026-06-08T22:06:30,1b49894687976cd7,,21,"nation, pos, age, born, Playing Time_MP, Playing Time_Min, Playing Time_Mn/MP, Playing Time_Min%, Playing Time_90s, Starts_Starts, Starts_Mn/Start, Starts_Compl, Subs_Subs, Subs_Mn/Sub, Subs_unSub, Team Success_PPM, Team Success_onG, Team Success_onGA, Team Success_+/-, Team Success_+/-90, Team Success_On-Off"
data/raw/fbref/sprint_13b/soccerdata/playing_time/fbref_playing_time_serie_a_2025_2026.parquet,.parquet,0.051,2026-06-08T20:08:13.077040+00:00,2026-06-08T22:08:13,fe2fadc9547ed7ac,,21,"nation, pos, age, born, Playing Time_MP, Playing Time_Min, Playing Time_Mn/MP, Playing Time_Min%, Playing Time_90s, Starts_Starts, Starts_Mn/Start, Starts_Compl, Subs_Subs, Subs_Mn/Sub, Subs_unSub, Team Success_PPM, Team Success_onG, Team Success_onGA, Team Success_+/-, Team Success_+/-90, Team Success_On-Off"
data/raw/fbref/sprint_13b/soccerdata/shooting/fbref_shooting_austrian_bundesliga_2019_2020.parquet,.parquet,0.025,2026-06-08T21:34:40.661395+00:00,2026-06-08T23:34:40,a7e5b984cd555c1a,,15,"nation, pos, age, born, 90s, Standard_Gls, Standard_Sh, Standard_SoT, Standard_SoT%, Standard_Sh/90, Standard_SoT/90, Standard_G/Sh, Standard_G/SoT, Standard_PK, Standard_PKatt"
data/raw/fbref/sprint_13b/soccerdata/shooting/fbref_shooting_austrian_bundesliga_2020_2021.parquet,.parquet,0.025,2026-06-08T21:35:56.246857+00:00,2026-06-08T23:35:56,f8e9d95f522fbc98,,15,"nation, pos, age, born, 90s, Standard_Gls, Standard_Sh, Standard_SoT, Standard_SoT%, Standard_Sh/90, Standard_SoT/90, Standard_G/Sh, Standard_G/SoT, Standard_PK, Standard_PKatt"
data/raw/fbref/sprint_13b/soccerdata/shooting/fbref_shooting_austrian_bundesliga_2021_2022.parquet,.parquet,0.025,2026-06-08T21:37:13.778968+00:00,2026-06-08T23:37:13,d467e794dfd5a351,,15,"nation, pos, age, born, 90s, Standard_Gls, Standard_Sh, Standard_SoT, Standard_SoT%, Standard_Sh/90, Standard_SoT/90, Standard_G/Sh, Standard_G/SoT, Standard_PK, Standard_PKatt"
data/raw/fbref/sprint_13b/soccerdata/shooting/fbref_shooting_austrian_bundesliga_2022_2023.parquet,.parquet,0.025,2026-06-08T21:38:28.321505+00:00,2026-06-08T23:38:28,406b6927c1bbc2cb,,15,"nation, pos, age, born, 90s, Standard_Gls, Standard_Sh, Standard_SoT, Standard_SoT%, Standard_Sh/90, Standard_SoT/90, Standard_G/Sh, Standard_G/SoT, Standard_PK, Standard_PKatt"
data/raw/fbref/sprint_13b/soccerdata/shooting/fbref_shooting_austrian_bundesliga_2023_2024.parquet,.parquet,0.024,2026-06-08T21:40:32.012607+00:00,2026-06-08T23:40:32,16149e46f14200f9,,15,"nation, pos, age, born, 90s, Standard_Gls, Standard_Sh, Standard_SoT, Standard_SoT%, Standard_Sh/90, Standard_SoT/90, Standard_G/Sh, Standard_G/SoT, Standard_PK, Standard_PKatt"
data/raw/fbref/sprint_13b/soccerdata/shooting/fbref_shooting_austrian_bundesliga_2024_2025.parquet,.parquet,0.025,2026-06-08T21:41:46.112186+00:00,2026-06-08T23:41:46,b221936df5f129f4,,15,"nation, pos, age, born, 90s, Standard_Gls, Standard_Sh, Standard_SoT, Standard_SoT%, Standard_Sh/90, Standard_SoT/90, Standard_G/Sh, Standard_G/SoT, Standard_PK, Standard_PKatt"
data/raw/fbref/sprint_13b/soccerdata/shooting/fbref_shooting_austrian_bundesliga_2025_2026.parquet,.parquet,0.025,2026-06-08T21:42:46.341706+00:00,2026-06-08T23:42:46,ea49e5c4c17b4c70,,15,"nation, pos, age, born, 90s, Standard_Gls, Standard_Sh, Standard_SoT, Standard_SoT%, Standard_Sh/90, Standard_SoT/90, Standard_G/Sh, Standard_G/SoT, Standard_PK, Standard_PKatt"
data/raw/fbref/sprint_13b/soccerdata/shooting/fbref_shooting_belgian_pro_league_2019_2020.parquet,.parquet,0.022,2026-06-08T21:26:12.982488+00:00,2026-06-08T23:26:12,90e18ad4c952fc1d,,15,"nation, pos, age, born, 90s, Standard_Gls, Standard_Sh, Standard_SoT, Standard_SoT%, Standard_Sh/90, Standard_SoT/90, Standard_G/Sh, Standard_G/SoT, Standard_PK, Standard_PKatt"
data/raw/fbref/sprint_13b/soccerdata/shooting/fbref_shooting_belgian_pro_league_2020_2021.parquet,.parquet,0.032,2026-06-08T21:27:25.515187+00:00,2026-06-08T23:27:25,20820e20c5c874a1,,15,"nation, pos, age, born, 90s, Standard_Gls, Standard_Sh, Standard_SoT, Standard_SoT%, Standard_Sh/90, Standard_SoT/90, Standard_G/Sh, Standard_G/SoT, Standard_PK, Standard_PKatt"
data/raw/fbref/sprint_13b/soccerdata/shooting/fbref_shooting_belgian_pro_league_2021_2022.parquet,.parquet,0.031,2026-06-08T21:28:42.314792+00:00,2026-06-08T23:28:42,51fa678bd2e65628,,15,"nation, pos, age, born, 90s, Standard_Gls, Standard_Sh, Standard_SoT, Standard_SoT%, Standard_Sh/90, Standard_SoT/90, Standard_G/Sh, Standard_G/SoT, Standard_PK, Standard_PKatt"
data/raw/fbref/sprint_13b/soccerdata/shooting/fbref_shooting_belgian_pro_league_2022_2023.parquet,.parquet,0.031,2026-06-08T21:29:54.970214+00:00,2026-06-08T23:29:54,b6105fa8dc998808,,15,"nation, pos, age, born, 90s, Standard_Gls, Standard_Sh, Standard_SoT, Standard_SoT%, Standard_Sh/90, Standard_SoT/90, Standard_G/Sh, Standard_G/SoT, Standard_PK, Standard_PKatt"
data/raw/fbref/sprint_13b/soccerdata/shooting/fbref_shooting_belgian_pro_league_2023_2024.parquet,.parquet,0.03,2026-06-08T21:31:11.672876+00:00,2026-06-08T23:31:11,f3fc9f751679fb63,,15,"nation, pos, age, born, 90s, Standard_Gls, Standard_Sh, Standard_SoT, Standard_SoT%, Standard_Sh/90, Standard_SoT/90, Standard_G/Sh, Standard_G/SoT, Standard_PK, Standard_PKatt"
data/raw/fbref/sprint_13b/soccerdata/shooting/fbref_shooting_belgian_pro_league_2024_2025.parquet,.parquet,0.03,2026-06-08T21:32:23.767854+00:00,2026-06-08T23:32:23,e9691dd1918923c4,,15,"nation, pos, age, born, 90s, Standard_Gls, Standard_Sh, Standard_SoT, Standard_SoT%, Standard_Sh/90, Standard_SoT/90, Standard_G/Sh, Standard_G/SoT, Standard_PK, Standard_PKatt"
data/raw/fbref/sprint_13b/soccerdata/shooting/fbref_shooting_belgian_pro_league_2025_2026.parquet,.parquet,0.03,2026-06-08T21:33:25.548845+00:00,2026-06-08T23:33:25,d8d408624ab343b8,,15,"nation, pos, age, born, 90s, Standard_Gls, Standard_Sh, Standard_SoT, Standard_SoT%, Standard_Sh/90, Standard_SoT/90, Standard_G/Sh, Standard_G/SoT, Standard_PK, Standard_PKatt"
data/raw/fbref/sprint_13b/soccerdata/shooting/fbref_shooting_bundesliga_2019_2020.parquet,.parquet,0.03,2026-06-08T19:48:17.882790+00:00,2026-06-08T21:48:17,d9c7a262da16ff44,,15,"nation, pos, age, born, 90s, Standard_Gls, Standard_Sh, Standard_SoT, Standard_SoT%, Standard_Sh/90, Standard_SoT/90, Standard_G/Sh, Standard_G/SoT, Standard_PK, Standard_PKatt"
data/raw/fbref/sprint_13b/soccerdata/shooting/fbref_shooting_bundesliga_2020_2021.parquet,.parquet,0.03,2026-06-08T19:50:05.192498+00:00,2026-06-08T21:50:05,b7d4379448e171ad,,15,"nation, pos, age, born, 90s, Standard_Gls, Standard_Sh, Standard_SoT, Standard_SoT%, Standard_Sh/90, Standard_SoT/90, Standard_G/Sh, Standard_G/SoT, Standard_PK, Standard_PKatt"
data/raw/fbref/sprint_13b/soccerdata/shooting/fbref_shooting_bundesliga_2021_2022.parquet,.parquet,0.03,2026-06-08T19:51:25.393524+00:00,2026-06-08T21:51:25,354ffa613156c505,,15,"nation, pos, age, born, 90s, Standard_Gls, Standard_Sh, Standard_SoT, Standard_SoT%, Standard_Sh/90, Standard_SoT/90, Standard_G/Sh, Standard_G/SoT, Standard_PK, Standard_PKatt"
data/raw/fbref/sprint_13b/soccerdata/shooting/fbref_shooting_bundesliga_2022_2023.parquet,.parquet,0.03,2026-06-08T19:53:13.060947+00:00,2026-06-08T21:53:13,eb82610ecaa1c3ae,,15,"nation, pos, age, born, 90s, Standard_Gls, Standard_Sh, Standard_SoT, Standard_SoT%, Standard_Sh/90, Standard_SoT/90, Standard_G/Sh, Standard_G/SoT, Standard_PK, Standard_PKatt"
data/raw/fbref/sprint_13b/soccerdata/shooting/fbref_shooting_bundesliga_2023_2024.parquet,.parquet,0.03,2026-06-08T19:54:40.061447+00:00,2026-06-08T21:54:40,740144e9bfbf9d30,,15,"nation, pos, age, born, 90s, Standard_Gls, Standard_Sh, Standard_SoT, Standard_SoT%, Standard_Sh/90, Standard_SoT/90, Standard_G/Sh, Standard_G/SoT, Standard_PK, Standard_PKatt"
data/raw/fbref/sprint_13b/soccerdata/shooting/fbref_shooting_bundesliga_2024_2025.parquet,.parquet,0.029,2026-06-08T19:55:56.224840+00:00,2026-06-08T21:55:56,03e1052a4ddf862b,,15,"nation, pos, age, born, 90s, Standard_Gls, Standard_Sh, Standard_SoT, Standard_SoT%, Standard_Sh/90, Standard_SoT/90, Standard_G/Sh, Standard_G/SoT, Standard_PK, Standard_PKatt"
data/raw/fbref/sprint_13b/soccerdata/shooting/fbref_shooting_bundesliga_2025_2026.parquet,.parquet,0.03,2026-06-08T19:57:09.205076+00:00,2026-06-08T21:57:09,42566367cd524baa,,15,"nation, pos, age, born, 90s, Standard_Gls, Standard_Sh, Standard_SoT, Standard_SoT%, Standard_Sh/90, Standard_SoT/90, Standard_G/Sh, Standard_G/SoT, Standard_PK, Standard_PKatt"
data/raw/fbref/sprint_13b/soccerdata/shooting/fbref_shooting_championship_2019_2020.parquet,.parquet,0.035,2026-06-08T21:15:50.407608+00:00,2026-06-08T23:15:50,a975350927d670f4,,15,"nation, pos, age, born, 90s, Standard_Gls, Standard_Sh, Standard_SoT, Standard_SoT%, Standard_Sh/90, Standard_SoT/90, Standard_G/Sh, Standard_G/SoT, Standard_PK, Standard_PKatt"
data/raw/fbref/sprint_13b/soccerdata/shooting/fbref_shooting_championship_2020_2021.parquet,.parquet,0.035,2026-06-08T21:17:55.255732+00:00,2026-06-08T23:17:55,76ea74a9fffc062e,,15,"nation, pos, age, born, 90s, Standard_Gls, Standard_Sh, Standard_SoT, Standard_SoT%, Standard_Sh/90, Standard_SoT/90, Standard_G/Sh, Standard_G/SoT, Standard_PK, Standard_PKatt"
data/raw/fbref/sprint_13b/soccerdata/shooting/fbref_shooting_championship_2021_2022.parquet,.parquet,0.035,2026-06-08T21:19:09.151649+00:00,2026-06-08T23:19:09,d97d3a73dd8a8c14,,15,"nation, pos, age, born, 90s, Standard_Gls, Standard_Sh, Standard_SoT, Standard_SoT%, Standard_Sh/90, Standard_SoT/90, Standard_G/Sh, Standard_G/SoT, Standard_PK, Standard_PKatt"
data/raw/fbref/sprint_13b/soccerdata/shooting/fbref_shooting_championship_2022_2023.parquet,.parquet,0.036,2026-06-08T21:20:31.720674+00:00,2026-06-08T23:20:31,b2a5f92994792616,,15,"nation, pos, age, born, 90s, Standard_Gls, Standard_Sh, Standard_SoT, Standard_SoT%, Standard_Sh/90, Standard_SoT/90, Standard_G/Sh, Standard_G/SoT, Standard_PK, Standard_PKatt"
data/raw/fbref/sprint_13b/soccerdata/shooting/fbref_shooting_championship_2023_2024.parquet,.parquet,0.036,2026-06-08T21:21:49.080079+00:00,2026-06-08T23:21:49,d3ae701e117df9e8,,15,"nation, pos, age, born, 90s, Standard_Gls, Standard_Sh, Standard_SoT, Standard_SoT%, Standard_Sh/90, Standard_SoT/90, Standard_G/Sh, Standard_G/SoT, Standard_PK, Standard_PKatt"
data/raw/fbref/sprint_13b/soccerdata/shooting/fbref_shooting_championship_2024_2025.parquet,.parquet,0.036,2026-06-08T21:23:06.433030+00:00,2026-06-08T23:23:06,e606cd09e84dba13,,15,"nation, pos, age, born, 90s, Standard_Gls, Standard_Sh, Standard_SoT, Standard_SoT%, Standard_Sh/90, Standard_SoT/90, Standard_G/Sh, Standard_G/SoT, Standard_PK, Standard_PKatt"
data/raw/fbref/sprint_13b/soccerdata/shooting/fbref_shooting_championship_2025_2026.parquet,.parquet,0.037,2026-06-08T21:24:07.410576+00:00,2026-06-08T23:24:07,8a505633f0a817dc,,15,"nation, pos, age, born, 90s, Standard_Gls, Standard_Sh, Standard_SoT, Standard_SoT%, Standard_Sh/90, Standard_SoT/90, Standard_G/Sh, Standard_G/SoT, Standard_PK, Standard_PKatt"
data/raw/fbref/sprint_13b/soccerdata/shooting/fbref_shooting_eredivisie_2019_2020.parquet,.parquet,0.029,2026-06-08T20:56:36.402491+00:00,2026-06-08T22:56:36,eb1f896bacf47877,,15,"nation, pos, age, born, 90s, Standard_Gls, Standard_Sh, Standard_SoT, Standard_SoT%, Standard_Sh/90, Standard_SoT/90, Standard_G/Sh, Standard_G/SoT, Standard_PK, Standard_PKatt"
data/raw/fbref/sprint_13b/soccerdata/shooting/fbref_shooting_eredivisie_2020_2021.parquet,.parquet,0.03,2026-06-08T20:57:52.234578+00:00,2026-06-08T22:57:52,59c570531c132545,,15,"nation, pos, age, born, 90s, Standard_Gls, Standard_Sh, Standard_SoT, Standard_SoT%, Standard_Sh/90, Standard_SoT/90, Standard_G/Sh, Standard_G/SoT, Standard_PK, Standard_PKatt"
data/raw/fbref/sprint_13b/soccerdata/shooting/fbref_shooting_eredivisie_2021_2022.parquet,.parquet,0.031,2026-06-08T20:59:06.789631+00:00,2026-06-08T22:59:06,cf85ae8dc4ec813c,,15,"nation, pos, age, born, 90s, Standard_Gls, Standard_Sh, Standard_SoT, Standard_SoT%, Standard_Sh/90, Standard_SoT/90, Standard_G/Sh, Standard_G/SoT, Standard_PK, Standard_PKatt"
data/raw/fbref/sprint_13b/soccerdata/shooting/fbref_shooting_eredivisie_2022_2023.parquet,.parquet,0.03,2026-06-08T21:00:24.872602+00:00,2026-06-08T23:00:24,b0191540740554ec,,15,"nation, pos, age, born, 90s, Standard_Gls, Standard_Sh, Standard_SoT, Standard_SoT%, Standard_Sh/90, Standard_SoT/90, Standard_G/Sh, Standard_G/SoT, Standard_PK, Standard_PKatt"
data/raw/fbref/sprint_13b/soccerdata/shooting/fbref_shooting_eredivisie_2023_2024.parquet,.parquet,0.031,2026-06-08T21:02:33.163128+00:00,2026-06-08T23:02:33,2a71059c27d38694,,15,"nation, pos, age, born, 90s, Standard_Gls, Standard_Sh, Standard_SoT, Standard_SoT%, Standard_Sh/90, Standard_SoT/90, Standard_G/Sh, Standard_G/SoT, Standard_PK, Standard_PKatt"
data/raw/fbref/sprint_13b/soccerdata/shooting/fbref_shooting_eredivisie_2024_2025.parquet,.parquet,0.031,2026-06-08T21:03:55.233224+00:00,2026-06-08T23:03:55,bc4800d9995de058,,15,"nation, pos, age, born, 90s, Standard_Gls, Standard_Sh, Standard_SoT, Standard_SoT%, Standard_Sh/90, Standard_SoT/90, Standard_G/Sh, Standard_G/SoT, Standard_PK, Standard_PKatt"
data/raw/fbref/sprint_13b/soccerdata/shooting/fbref_shooting_eredivisie_2025_2026.parquet,.parquet,0.031,2026-06-08T21:04:54.438404+00:00,2026-06-08T23:04:54,a7723de5990a9466,,15,"nation, pos, age, born, 90s, Standard_Gls, Standard_Sh, Standard_SoT, Standard_SoT%, Standard_Sh/90, Standard_SoT/90, Standard_G/Sh, Standard_G/SoT, Standard_PK, Standard_PKatt"
data/raw/fbref/sprint_13b/soccerdata/shooting/fbref_shooting_la_liga_2019_2020.parquet,.parquet,0.03,2026-06-08T19:38:06.493515+00:00,2026-06-08T21:38:06,e2d87805f8929bb2,,15,"nation, pos, age, born, 90s, Standard_Gls, Standard_Sh, Standard_SoT, Standard_SoT%, Standard_Sh/90, Standard_SoT/90, Standard_G/Sh, Standard_G/SoT, Standard_PK, Standard_PKatt"
data/raw/fbref/sprint_13b/soccerdata/shooting/fbref_shooting_la_liga_2020_2021.parquet,.parquet,0.031,2026-06-08T19:39:28.913693+00:00,2026-06-08T21:39:28,3a87d03e224cba1b,,15,"nation, pos, age, born, 90s, Standard_Gls, Standard_Sh, Standard_SoT, Standard_SoT%, Standard_Sh/90, Standard_SoT/90, Standard_G/Sh, Standard_G/SoT, Standard_PK, Standard_PKatt"
data/raw/fbref/sprint_13b/soccerdata/shooting/fbref_shooting_la_liga_2021_2022.parquet,.parquet,0.032,2026-06-08T19:40:45.908835+00:00,2026-06-08T21:40:45,75fdcb52381c2025,,15,"nation, pos, age, born, 90s, Standard_Gls, Standard_Sh, Standard_SoT, Standard_SoT%, Standard_Sh/90, Standard_SoT/90, Standard_G/Sh, Standard_G/SoT, Standard_PK, Standard_PKatt"
data/raw/fbref/sprint_13b/soccerdata/shooting/fbref_shooting_la_liga_2022_2023.parquet,.parquet,0.031,2026-06-08T19:41:58.602992+00:00,2026-06-08T21:41:58,f53efa7dd9e6bdbb,,15,"nation, pos, age, born, 90s, Standard_Gls, Standard_Sh, Standard_SoT, Standard_SoT%, Standard_Sh/90, Standard_SoT/90, Standard_G/Sh, Standard_G/SoT, Standard_PK, Standard_PKatt"
data/raw/fbref/sprint_13b/soccerdata/shooting/fbref_shooting_la_liga_2023_2024.parquet,.parquet,0.032,2026-06-08T19:43:13.889287+00:00,2026-06-08T21:43:13,285d1dd595d8e662,,15,"nation, pos, age, born, 90s, Standard_Gls, Standard_Sh, Standard_SoT, Standard_SoT%, Standard_Sh/90, Standard_SoT/90, Standard_G/Sh, Standard_G/SoT, Standard_PK, Standard_PKatt"
data/raw/fbref/sprint_13b/soccerdata/shooting/fbref_shooting_la_liga_2024_2025.parquet,.parquet,0.032,2026-06-08T19:44:29.504688+00:00,2026-06-08T21:44:29,f6cb76b9bf6544c3,,15,"nation, pos, age, born, 90s, Standard_Gls, Standard_Sh, Standard_SoT, Standard_SoT%, Standard_Sh/90, Standard_SoT/90, Standard_G/Sh, Standard_G/SoT, Standard_PK, Standard_PKatt"
data/raw/fbref/sprint_13b/soccerdata/shooting/fbref_shooting_la_liga_2025_2026.parquet,.parquet,0.032,2026-06-08T19:45:47.230514+00:00,2026-06-08T21:45:47,c712e47997cce142,,15,"nation, pos, age, born, 90s, Standard_Gls, Standard_Sh, Standard_SoT, Standard_SoT%, Standard_Sh/90, Standard_SoT/90, Standard_G/Sh, Standard_G/SoT, Standard_PK, Standard_PKatt"
data/raw/fbref/sprint_13b/soccerdata/shooting/fbref_shooting_ligue_1_2019_2020.parquet,.parquet,0.03,2026-06-08T20:09:18.333173+00:00,2026-06-08T22:09:18,8ef00a19660c5f89,,15,"nation, pos, age, born, 90s, Standard_Gls, Standard_Sh, Standard_SoT, Standard_SoT%, Standard_Sh/90, Standard_SoT/90, Standard_G/Sh, Standard_G/SoT, Standard_PK, Standard_PKatt"
data/raw/fbref/sprint_13b/soccerdata/shooting/fbref_shooting_ligue_1_2020_2021.parquet,.parquet,0.032,2026-06-08T20:10:32.060240+00:00,2026-06-08T22:10:32,254ccdcea99c2c4a,,15,"nation, pos, age, born, 90s, Standard_Gls, Standard_Sh, Standard_SoT, Standard_SoT%, Standard_Sh/90, Standard_SoT/90, Standard_G/Sh, Standard_G/SoT, Standard_PK, Standard_PKatt"
data/raw/fbref/sprint_13b/soccerdata/shooting/fbref_shooting_ligue_1_2021_2022.parquet,.parquet,0.033,2026-06-08T20:12:23.933930+00:00,2026-06-08T22:12:23,fe5df7aea0a388d9,,15,"nation, pos, age, born, 90s, Standard_Gls, Standard_Sh, Standard_SoT, Standard_SoT%, Standard_Sh/90, Standard_SoT/90, Standard_G/Sh, Standard_G/SoT, Standard_PK, Standard_PKatt"
data/raw/fbref/sprint_13b/soccerdata/shooting/fbref_shooting_ligue_1_2022_2023.parquet,.parquet,0.033,2026-06-08T20:13:38.453265+00:00,2026-06-08T22:13:38,841cde4f8fe91bcb,,15,"nation, pos, age, born, 90s, Standard_Gls, Standard_Sh, Standard_SoT, Standard_SoT%, Standard_Sh/90, Standard_SoT/90, Standard_G/Sh, Standard_G/SoT, Standard_PK, Standard_PKatt"
data/raw/fbref/sprint_13b/soccerdata/shooting/fbref_shooting_ligue_1_2023_2024.parquet,.parquet,0.031,2026-06-08T20:14:51.446822+00:00,2026-06-08T22:14:51,71381f16eea999bb,,15,"nation, pos, age, born, 90s, Standard_Gls, Standard_Sh, Standard_SoT, Standard_SoT%, Standard_Sh/90, Standard_SoT/90, Standard_G/Sh, Standard_G/SoT, Standard_PK, Standard_PKatt"
data/raw/fbref/sprint_13b/soccerdata/shooting/fbref_shooting_ligue_1_2024_2025.parquet,.parquet,0.031,2026-06-08T20:16:08.215070+00:00,2026-06-08T22:16:08,924a532eb62e41ca,,15,"nation, pos, age, born, 90s, Standard_Gls, Standard_Sh, Standard_SoT, Standard_SoT%, Standard_Sh/90, Standard_SoT/90, Standard_G/Sh, Standard_G/SoT, Standard_PK, Standard_PKatt"
data/raw/fbref/sprint_13b/soccerdata/shooting/fbref_shooting_ligue_1_2025_2026.parquet,.parquet,0.031,2026-06-08T20:17:22.374055+00:00,2026-06-08T22:17:22,011deffa9feb914b,,15,"nation, pos, age, born, 90s, Standard_Gls, Standard_Sh, Standard_SoT, Standard_SoT%, Standard_Sh/90, Standard_SoT/90, Standard_G/Sh, Standard_G/SoT, Standard_PK, Standard_PKatt"
data/raw/fbref/sprint_13b/soccerdata/shooting/fbref_shooting_premier_league_2019_2020.parquet,.parquet,0.03,2026-06-08T19:28:56.757522+00:00,2026-06-08T21:28:56,eb6a59c1c5287e24,,15,"nation, pos, age, born, 90s, Standard_Gls, Standard_Sh, Standard_SoT, Standard_SoT%, Standard_Sh/90, Standard_SoT/90, Standard_G/Sh, Standard_G/SoT, Standard_PK, Standard_PKatt"
data/raw/fbref/sprint_13b/soccerdata/shooting/fbref_shooting_premier_league_2020_2021.parquet,.parquet,0.03,2026-06-08T19:30:12.697833+00:00,2026-06-08T21:30:12,f2d9b223bd6664a8,,15,"nation, pos, age, born, 90s, Standard_Gls, Standard_Sh, Standard_SoT, Standard_SoT%, Standard_Sh/90, Standard_SoT/90, Standard_G/Sh, Standard_G/SoT, Standard_PK, Standard_PKatt"
data/raw/fbref/sprint_13b/soccerdata/shooting/fbref_shooting_premier_league_2021_2022.parquet,.parquet,0.031,2026-06-08T19:31:27.772745+00:00,2026-06-08T21:31:27,a1c869b443f860de,,15,"nation, pos, age, born, 90s, Standard_Gls, Standard_Sh, Standard_SoT, Standard_SoT%, Standard_Sh/90, Standard_SoT/90, Standard_G/Sh, Standard_G/SoT, Standard_PK, Standard_PKatt"
data/raw/fbref/sprint_13b/soccerdata/shooting/fbref_shooting_premier_league_2022_2023.parquet,.parquet,0.031,2026-06-08T19:32:41.168463+00:00,2026-06-08T21:32:41,6eb4c8c35de02cbd,,15,"nation, pos, age, born, 90s, Standard_Gls, Standard_Sh, Standard_SoT, Standard_SoT%, Standard_Sh/90, Standard_SoT/90, Standard_G/Sh, Standard_G/SoT, Standard_PK, Standard_PKatt"
data/raw/fbref/sprint_13b/soccerdata/shooting/fbref_shooting_premier_league_2023_2024.parquet,.parquet,0.032,2026-06-08T19:34:18.502724+00:00,2026-06-08T21:34:18,f14dd7153cd71dd7,,15,"nation, pos, age, born, 90s, Standard_Gls, Standard_Sh, Standard_SoT, Standard_SoT%, Standard_Sh/90, Standard_SoT/90, Standard_G/Sh, Standard_G/SoT, Standard_PK, Standard_PKatt"
data/raw/fbref/sprint_13b/soccerdata/shooting/fbref_shooting_premier_league_2024_2025.parquet,.parquet,0.032,2026-06-08T19:35:32.274928+00:00,2026-06-08T21:35:32,c7d38bf37ea37c74,,15,"nation, pos, age, born, 90s, Standard_Gls, Standard_Sh, Standard_SoT, Standard_SoT%, Standard_Sh/90, Standard_SoT/90, Standard_G/Sh, Standard_G/SoT, Standard_PK, Standard_PKatt"
data/raw/fbref/sprint_13b/soccerdata/shooting/fbref_shooting_premier_league_2025_2026.parquet,.parquet,0.031,2026-06-08T19:36:33.351784+00:00,2026-06-08T21:36:33,c45cc310994dbaa1,,15,"nation, pos, age, born, 90s, Standard_Gls, Standard_Sh, Standard_SoT, Standard_SoT%, Standard_Sh/90, Standard_SoT/90, Standard_G/Sh, Standard_G/SoT, Standard_PK, Standard_PKatt"
data/raw/fbref/sprint_13b/soccerdata/shooting/fbref_shooting_primeira_liga_2019_2020.parquet,.parquet,0.03,2026-06-08T21:06:11.764357+00:00,2026-06-08T23:06:11,0b55e196a69e841b,,15,"nation, pos, age, born, 90s, Standard_Gls, Standard_Sh, Standard_SoT, Standard_SoT%, Standard_Sh/90, Standard_SoT/90, Standard_G/Sh, Standard_G/SoT, Standard_PK, Standard_PKatt"
data/raw/fbref/sprint_13b/soccerdata/shooting/fbref_shooting_primeira_liga_2020_2021.parquet,.parquet,0.03,2026-06-08T21:07:24.326157+00:00,2026-06-08T23:07:24,990ef588a64f50e3,,15,"nation, pos, age, born, 90s, Standard_Gls, Standard_Sh, Standard_SoT, Standard_SoT%, Standard_Sh/90, Standard_SoT/90, Standard_G/Sh, Standard_G/SoT, Standard_PK, Standard_PKatt"
data/raw/fbref/sprint_13b/soccerdata/shooting/fbref_shooting_primeira_liga_2021_2022.parquet,.parquet,0.031,2026-06-08T21:08:44.883059+00:00,2026-06-08T23:08:44,354f111ccf8ef8b5,,15,"nation, pos, age, born, 90s, Standard_Gls, Standard_Sh, Standard_SoT, Standard_SoT%, Standard_Sh/90, Standard_SoT/90, Standard_G/Sh, Standard_G/SoT, Standard_PK, Standard_PKatt"
data/raw/fbref/sprint_13b/soccerdata/shooting/fbref_shooting_primeira_liga_2022_2023.parquet,.parquet,0.031,2026-06-08T21:10:02.743864+00:00,2026-06-08T23:10:02,59d187174d1f93f8,,15,"nation, pos, age, born, 90s, Standard_Gls, Standard_Sh, Standard_SoT, Standard_SoT%, Standard_Sh/90, Standard_SoT/90, Standard_G/Sh, Standard_G/SoT, Standard_PK, Standard_PKatt"
data/raw/fbref/sprint_13b/soccerdata/shooting/fbref_shooting_primeira_liga_2023_2024.parquet,.parquet,0.029,2026-06-08T21:11:16.167215+00:00,2026-06-08T23:11:16,6627b7c2cf5ed631,,15,"nation, pos, age, born, 90s, Standard_Gls, Standard_Sh, Standard_SoT, Standard_SoT%, Standard_Sh/90, Standard_SoT/90, Standard_G/Sh, Standard_G/SoT, Standard_PK, Standard_PKatt"
data/raw/fbref/sprint_13b/soccerdata/shooting/fbref_shooting_primeira_liga_2024_2025.parquet,.parquet,0.031,2026-06-08T21:12:31.617682+00:00,2026-06-08T23:12:31,3948b94f64796d98,,15,"nation, pos, age, born, 90s, Standard_Gls, Standard_Sh, Standard_SoT, Standard_SoT%, Standard_Sh/90, Standard_SoT/90, Standard_G/Sh, Standard_G/SoT, Standard_PK, Standard_PKatt"
data/raw/fbref/sprint_13b/soccerdata/shooting/fbref_shooting_primeira_liga_2025_2026.parquet,.parquet,0.031,2026-06-08T21:13:33.962964+00:00,2026-06-08T23:13:33,8ac10dfcff83b70f,,15,"nation, pos, age, born, 90s, Standard_Gls, Standard_Sh, Standard_SoT, Standard_SoT%, Standard_Sh/90, Standard_SoT/90, Standard_G/Sh, Standard_G/SoT, Standard_PK, Standard_PKatt"
data/raw/fbref/sprint_13b/soccerdata/shooting/fbref_shooting_segunda_division_2019_2020.parquet,.parquet,0.033,2026-06-08T21:44:03.461795+00:00,2026-06-08T23:44:03,8836077816873aa1,,15,"nation, pos, age, born, 90s, Standard_Gls, Standard_Sh, Standard_SoT, Standard_SoT%, Standard_Sh/90, Standard_SoT/90, Standard_G/Sh, Standard_G/SoT, Standard_PK, Standard_PKatt"
data/raw/fbref/sprint_13b/soccerdata/shooting/fbref_shooting_segunda_division_2020_2021.parquet,.parquet,0.033,2026-06-08T21:45:51.498910+00:00,2026-06-08T23:45:51,ba239ccb7dfd870b,,15,"nation, pos, age, born, 90s, Standard_Gls, Standard_Sh, Standard_SoT, Standard_SoT%, Standard_Sh/90, Standard_SoT/90, Standard_G/Sh, Standard_G/SoT, Standard_PK, Standard_PKatt"
data/raw/fbref/sprint_13b/soccerdata/shooting/fbref_shooting_segunda_division_2021_2022.parquet,.parquet,0.033,2026-06-08T21:47:11.134875+00:00,2026-06-08T23:47:11,60b9de66ececbb81,,15,"nation, pos, age, born, 90s, Standard_Gls, Standard_Sh, Standard_SoT, Standard_SoT%, Standard_Sh/90, Standard_SoT/90, Standard_G/Sh, Standard_G/SoT, Standard_PK, Standard_PKatt"
data/raw/fbref/sprint_13b/soccerdata/shooting/fbref_shooting_segunda_division_2022_2023.parquet,.parquet,0.033,2026-06-08T21:48:26.218736+00:00,2026-06-08T23:48:26,bebeff4752c7c90f,,15,"nation, pos, age, born, 90s, Standard_Gls, Standard_Sh, Standard_SoT, Standard_SoT%, Standard_Sh/90, Standard_SoT/90, Standard_G/Sh, Standard_G/SoT, Standard_PK, Standard_PKatt"
data/raw/fbref/sprint_13b/soccerdata/shooting/fbref_shooting_segunda_division_2023_2024.parquet,.parquet,0.033,2026-06-08T21:50:27.439559+00:00,2026-06-08T23:50:27,e803455c817b96c5,,15,"nation, pos, age, born, 90s, Standard_Gls, Standard_Sh, Standard_SoT, Standard_SoT%, Standard_Sh/90, Standard_SoT/90, Standard_G/Sh, Standard_G/SoT, Standard_PK, Standard_PKatt"
data/raw/fbref/sprint_13b/soccerdata/shooting/fbref_shooting_segunda_division_2024_2025.parquet,.parquet,0.033,2026-06-08T21:51:44.641603+00:00,2026-06-08T23:51:44,699ac9bb45cf847b,,15,"nation, pos, age, born, 90s, Standard_Gls, Standard_Sh, Standard_SoT, Standard_SoT%, Standard_Sh/90, Standard_SoT/90, Standard_G/Sh, Standard_G/SoT, Standard_PK, Standard_PKatt"
data/raw/fbref/sprint_13b/soccerdata/shooting/fbref_shooting_segunda_division_2025_2026.parquet,.parquet,0.037,2026-06-08T21:55:01.119735+00:00,2026-06-08T23:55:01,1a65e62ffeaff982,,15,"nation, pos, age, born, 90s, Standard_Gls, Standard_Sh, Standard_SoT, Standard_SoT%, Standard_Sh/90, Standard_SoT/90, Standard_G/Sh, Standard_G/SoT, Standard_PK, Standard_PKatt"
data/raw/fbref/sprint_13b/soccerdata/shooting/fbref_shooting_serie_a_2019_2020.parquet,.parquet,0.032,2026-06-08T19:58:37.965885+00:00,2026-06-08T21:58:37,630b6d3c40135eac,,15,"nation, pos, age, born, 90s, Standard_Gls, Standard_Sh, Standard_SoT, Standard_SoT%, Standard_Sh/90, Standard_SoT/90, Standard_G/Sh, Standard_G/SoT, Standard_PK, Standard_PKatt"
data/raw/fbref/sprint_13b/soccerdata/shooting/fbref_shooting_serie_a_2020_2021.parquet,.parquet,0.033,2026-06-08T19:59:53.123120+00:00,2026-06-08T21:59:53,8f50c698007e6bd1,,15,"nation, pos, age, born, 90s, Standard_Gls, Standard_Sh, Standard_SoT, Standard_SoT%, Standard_Sh/90, Standard_SoT/90, Standard_G/Sh, Standard_G/SoT, Standard_PK, Standard_PKatt"
data/raw/fbref/sprint_13b/soccerdata/shooting/fbref_shooting_serie_a_2021_2022.parquet,.parquet,0.033,2026-06-08T20:01:13.828979+00:00,2026-06-08T22:01:13,96ffbf0a6719b39d,,15,"nation, pos, age, born, 90s, Standard_Gls, Standard_Sh, Standard_SoT, Standard_SoT%, Standard_Sh/90, Standard_SoT/90, Standard_G/Sh, Standard_G/SoT, Standard_PK, Standard_PKatt"
data/raw/fbref/sprint_13b/soccerdata/shooting/fbref_shooting_serie_a_2022_2023.parquet,.parquet,0.032,2026-06-08T20:03:26.362484+00:00,2026-06-08T22:03:26,c0d2bf30378560a4,,15,"nation, pos, age, born, 90s, Standard_Gls, Standard_Sh, Standard_SoT, Standard_SoT%, Standard_Sh/90, Standard_SoT/90, Standard_G/Sh, Standard_G/SoT, Standard_PK, Standard_PKatt"
data/raw/fbref/sprint_13b/soccerdata/shooting/fbref_shooting_serie_a_2023_2024.parquet,.parquet,0.033,2026-06-08T20:04:50.028019+00:00,2026-06-08T22:04:50,a64020e6a083d977,,15,"nation, pos, age, born, 90s, Standard_Gls, Standard_Sh, Standard_SoT, Standard_SoT%, Standard_Sh/90, Standard_SoT/90, Standard_G/Sh, Standard_G/SoT, Standard_PK, Standard_PKatt"
data/raw/fbref/sprint_13b/soccerdata/shooting/fbref_shooting_serie_a_2024_2025.parquet,.parquet,0.033,2026-06-08T20:06:04.076357+00:00,2026-06-08T22:06:04,64ac04b36541bbdf,,15,"nation, pos, age, born, 90s, Standard_Gls, Standard_Sh, Standard_SoT, Standard_SoT%, Standard_Sh/90, Standard_SoT/90, Standard_G/Sh, Standard_G/SoT, Standard_PK, Standard_PKatt"
data/raw/fbref/sprint_13b/soccerdata/shooting/fbref_shooting_serie_a_2025_2026.parquet,.parquet,0.032,2026-06-08T20:07:17.598263+00:00,2026-06-08T22:07:17,44ee7b403f6ccf4b,,15,"nation, pos, age, born, 90s, Standard_Gls, Standard_Sh, Standard_SoT, Standard_SoT%, Standard_Sh/90, Standard_SoT/90, Standard_G/Sh, Standard_G/SoT, Standard_PK, Standard_PKatt"
data/raw/fbref/sprint_13b/soccerdata/team/fbref_team_misc_premier_league_2025_2026.parquet,.parquet,0.014,2026-06-08T19:23:38.928500+00:00,2026-06-08T21:23:38,a2b184c865683212,,15,"players_used, 90s, Performance_CrdY, Performance_CrdR, Performance_2CrdY, Performance_Fls, Performance_Fld, Performance_Off, Performance_Crs, Performance_Int, Performance_TklW, Performance_PKwon, Performance_PKcon, Performance_OG, url"
data/raw/fbref/sprint_13b/soccerdata/team/fbref_team_playing_time_premier_league_2025_2026.parquet,.parquet,0.017,2026-06-08T19:23:26.122477+00:00,2026-06-08T21:23:26,c4288df376f56adb,,19,"players_used, Age, Playing Time_MP, Playing Time_Min, Playing Time_Mn/MP, Playing Time_Min%, Playing Time_90s, Starts_Starts, Starts_Mn/Start, Starts_Compl, Subs_Subs, Subs_Mn/Sub, Subs_unSub, Team Success_PPM, Team Success_onG, Team Success_onGA, Team Success_+/-, Team Success_+/-90, url"
data/raw/fbref/sprint_13b/soccerdata/team/fbref_team_shooting_premier_league_2025_2026.parquet,.parquet,0.012,2026-06-08T19:23:13.295196+00:00,2026-06-08T21:23:13,f308419c9a9df4e5,,13,"players_used, 90s, Standard_Gls, Standard_Sh, Standard_SoT, Standard_SoT%, Standard_Sh/90, Standard_SoT/90, Standard_G/Sh, Standard_G/SoT, Standard_PK, Standard_PKatt, url"
data/raw/fbref/sprint_13b/soccerdata/team/fbref_team_standard_premier_league_2025_2026.parquet,.parquet,0.018,2026-06-08T19:23:00.562966+00:00,2026-06-08T21:23:00,1b930717222b67ee,,21,"players_used, Age, Poss, Playing Time_MP, Playing Time_Starts, Playing Time_Min, Playing Time_90s, Performance_Gls, Performance_Ast, Performance_G+A, Performance_G-PK, Performance_PK, Performance_PKatt, Performance_CrdY, Performance_CrdR, Per 90 Minutes_Gls, Per 90 Minutes_Ast, Per 90 Minutes_G+A, Per 90 Minutes_G-PK, Per 90 Minutes_G+A-PK, url"
data/raw/transfermarkt/kaggle_player_scores/appearances.csv,.csv,139.775,2026-04-01T07:41:42+00:00,2026-04-01T09:41:42,9fe2b99e67602497,,13,"appearance_id, game_id, player_id, player_club_id, player_current_club_id, date, player_name, competition_id, yellow_cards, red_cards, goals, assists, minutes_played"
data/raw/transfermarkt/kaggle_player_scores/club_games.csv,.csv,10.294,2026-04-01T07:41:48+00:00,2026-04-01T09:41:48,2039afc130e5dbc2,,11,"game_id, club_id, own_goals, own_position, own_manager_name, opponent_id, opponent_goals, opponent_position, opponent_manager_name, hosting, is_win"
data/raw/transfermarkt/kaggle_player_scores/clubs.csv,.csv,0.176,2026-04-01T07:41:50+00:00,2026-04-01T09:41:50,2f401f74fa92b480,,17,"club_id, club_code, name, domestic_competition_id, total_market_value, squad_size, average_age, foreigners_number, foreigners_percentage, national_team_players, stadium_name, stadium_seats, net_transfer_record, coach_name, last_season, filename, url"
data/raw/transfermarkt/kaggle_player_scores/competitions.csv,.csv,0.011,2026-04-01T07:41:50+00:00,2026-04-01T09:41:50,1b8f05db20368e9c,,11,"competition_id, competition_code, name, sub_type, type, country_id, country_name, domestic_league_code, confederation, total_clubs, url"
data/raw/transfermarkt/kaggle_player_scores/countries.csv,.csv,0.012,2026-04-01T07:41:50+00:00,2026-04-01T09:41:50,7cf0b8cc59b78104,,8,"country_id, country_name, country_code, confederation, total_clubs, total_players, average_age, url"
data/raw/transfermarkt/kaggle_player_scores/data/raw/transfermarkt/kaggle_player_scores/appearances.csv,.csv,139.775,2026-04-01T07:41:42+00:00,2026-04-01T09:41:42,9fe2b99e67602497,,13,"appearance_id, game_id, player_id, player_club_id, player_current_club_id, date, player_name, competition_id, yellow_cards, red_cards, goals, assists, minutes_played"
data/raw/transfermarkt/kaggle_player_scores/data/raw/transfermarkt/kaggle_player_scores/club_games.csv,.csv,10.294,2026-04-01T07:41:48+00:00,2026-04-01T09:41:48,2039afc130e5dbc2,,11,"game_id, club_id, own_goals, own_position, own_manager_name, opponent_id, opponent_goals, opponent_position, opponent_manager_name, hosting, is_win"
data/raw/transfermarkt/kaggle_player_scores/data/raw/transfermarkt/kaggle_player_scores/clubs.csv,.csv,0.176,2026-04-01T07:41:50+00:00,2026-04-01T09:41:50,2f401f74fa92b480,,17,"club_id, club_code, name, domestic_competition_id, total_market_value, squad_size, average_age, foreigners_number, foreigners_percentage, national_team_players, stadium_name, stadium_seats, net_transfer_record, coach_name, last_season, filename, url"
data/raw/transfermarkt/kaggle_player_scores/data/raw/transfermarkt/kaggle_player_scores/competitions.csv,.csv,0.011,2026-04-01T07:41:50+00:00,2026-04-01T09:41:50,1b8f05db20368e9c,,11,"competition_id, competition_code, name, sub_type, type, country_id, country_name, domestic_league_code, confederation, total_clubs, url"
data/raw/transfermarkt/kaggle_player_scores/data/raw/transfermarkt/kaggle_player_scores/countries.csv,.csv,0.012,2026-04-01T07:41:50+00:00,2026-04-01T09:41:50,7cf0b8cc59b78104,,8,"country_id, country_name, country_code, confederation, total_clubs, total_players, average_age, url"
data/raw/transfermarkt/kaggle_player_scores/data/raw/transfermarkt/kaggle_player_scores/data/raw/transfermarkt/kaggle_player_scores/appearances.csv,.csv,139.775,2026-04-01T07:41:42+00:00,2026-04-01T09:41:42,9fe2b99e67602497,,13,"appearance_id, game_id, player_id, player_club_id, player_current_club_id, date, player_name, competition_id, yellow_cards, red_cards, goals, assists, minutes_played"
data/raw/transfermarkt/kaggle_player_scores/data/raw/transfermarkt/kaggle_player_scores/data/raw/transfermarkt/kaggle_player_scores/club_games.csv,.csv,10.294,2026-04-01T07:41:48+00:00,2026-04-01T09:41:48,2039afc130e5dbc2,,11,"game_id, club_id, own_goals, own_position, own_manager_name, opponent_id, opponent_goals, opponent_position, opponent_manager_name, hosting, is_win"
data/raw/transfermarkt/kaggle_player_scores/data/raw/transfermarkt/kaggle_player_scores/data/raw/transfermarkt/kaggle_player_scores/clubs.csv,.csv,0.176,2026-04-01T07:41:50+00:00,2026-04-01T09:41:50,2f401f74fa92b480,,17,"club_id, club_code, name, domestic_competition_id, total_market_value, squad_size, average_age, foreigners_number, foreigners_percentage, national_team_players, stadium_name, stadium_seats, net_transfer_record, coach_name, last_season, filename, url"
data/raw/transfermarkt/kaggle_player_scores/data/raw/transfermarkt/kaggle_player_scores/data/raw/transfermarkt/kaggle_player_scores/competitions.csv,.csv,0.011,2026-04-01T07:41:50+00:00,2026-04-01T09:41:50,1b8f05db20368e9c,,11,"competition_id, competition_code, name, sub_type, type, country_id, country_name, domestic_league_code, confederation, total_clubs, url"
data/raw/transfermarkt/kaggle_player_scores/data/raw/transfermarkt/kaggle_player_scores/data/raw/transfermarkt/kaggle_player_scores/countries.csv,.csv,0.012,2026-04-01T07:41:50+00:00,2026-04-01T09:41:50,7cf0b8cc59b78104,,8,"country_id, country_name, country_code, confederation, total_clubs, total_players, average_age, url"
data/raw/transfermarkt/kaggle_player_scores/data/raw/transfermarkt/kaggle_player_scores/data/raw/transfermarkt/kaggle_player_scores/game_events.csv,.csv,145.826,2026-04-01T07:41:50+00:00,2026-04-01T09:41:50,a902f2873292ed9f,,11,"game_event_id, date, game_id, minute, type, club_id, club_name, player_id, description, player_in_id, player_assist_id"
data/raw/transfermarkt/kaggle_player_scores/data/raw/transfermarkt/kaggle_player_scores/data/raw/transfermarkt/kaggle_player_scores/game_lineups.csv,.csv,322.341,2026-04-01T07:41:54+00:00,2026-04-01T09:41:54,skipped_large_file,,10,"game_lineups_id, date, game_id, player_id, club_id, player_name, type, position, number, team_captain"
data/raw/transfermarkt/kaggle_player_scores/data/raw/transfermarkt/kaggle_player_scores/data/raw/transfermarkt/kaggle_player_scores/games.csv,.csv,24.509,2026-04-01T07:42:08+00:00,2026-04-01T09:42:08,4c5768585014e4df,,23,"game_id, competition_id, season, round, date, home_club_id, away_club_id, home_club_goals, away_club_goals, home_club_position, away_club_position, home_club_manager_name, away_club_manager_name, stadium, attendance, referee, url, home_club_formation, away_club_formation, home_club_name, away_club_name, aggregate, competition_type"
data/raw/transfermarkt/kaggle_player_scores/data/raw/transfermarkt/kaggle_player_scores/data/raw/transfermarkt/kaggle_player_scores/national_teams.csv,.csv,0.024,2026-04-01T07:42:08+00:00,2026-04-01T09:42:08,7a68663236e88418,,17,"national_team_id, name, team_code, country_id, country_name, country_code, confederation, team_image_url, squad_size, average_age, foreigners_number, foreigners_percentage, total_market_value, coach_name, fifa_ranking, last_season, url"
data/raw/transfermarkt/kaggle_player_scores/data/raw/transfermarkt/kaggle_player_scores/data/raw/transfermarkt/kaggle_player_scores/player_valuations.csv,.csv,28.632,2026-04-01T07:42:08+00:00,2026-04-01T09:42:08,d288c65bab9dce49,,6,"player_id, date, market_value_in_eur, current_club_name, current_club_id, player_club_domestic_competition_id"
data/raw/transfermarkt/kaggle_player_scores/data/raw/transfermarkt/kaggle_player_scores/data/raw/transfermarkt/kaggle_player_scores/players.csv,.csv,15.952,2026-04-01T07:42:10+00:00,2026-04-01T09:42:10,2b51fa9df4c63557,,26,"player_id, first_name, last_name, name, last_season, current_club_id, player_code, country_of_birth, city_of_birth, country_of_citizenship, date_of_birth, sub_position, position, foot, height_in_cm, contract_expiration_date, agent_name, image_url, international_caps, international_goals, current_national_team_id, url, current_club_domestic_competition_id, current_club_name, market_value_in_eur, highest_market_value_in_eur"
data/raw/transfermarkt/kaggle_player_scores/data/raw/transfermarkt/kaggle_player_scores/data/raw/transfermarkt/kaggle_player_scores/transfers.csv,.csv,12.723,2026-04-01T07:42:10+00:00,2026-04-01T09:42:10,f70d0d8b6ddc7a72,,10,"player_id, transfer_date, transfer_season, from_club_id, to_club_id, from_club_name, to_club_name, transfer_fee, market_value_in_eur, player_name"
data/raw/transfermarkt/kaggle_player_scores/data/raw/transfermarkt/kaggle_player_scores/game_events.csv,.csv,145.826,2026-04-01T07:41:50+00:00,2026-04-01T09:41:50,a902f2873292ed9f,,11,"game_event_id, date, game_id, minute, type, club_id, club_name, player_id, description, player_in_id, player_assist_id"
data/raw/transfermarkt/kaggle_player_scores/data/raw/transfermarkt/kaggle_player_scores/game_lineups.csv,.csv,322.341,2026-04-01T07:41:54+00:00,2026-04-01T09:41:54,skipped_large_file,,10,"game_lineups_id, date, game_id, player_id, club_id, player_name, type, position, number, team_captain"
data/raw/transfermarkt/kaggle_player_scores/data/raw/transfermarkt/kaggle_player_scores/games.csv,.csv,24.509,2026-04-01T07:42:08+00:00,2026-04-01T09:42:08,4c5768585014e4df,,23,"game_id, competition_id, season, round, date, home_club_id, away_club_id, home_club_goals, away_club_goals, home_club_position, away_club_position, home_club_manager_name, away_club_manager_name, stadium, attendance, referee, url, home_club_formation, away_club_formation, home_club_name, away_club_name, aggregate, competition_type"
data/raw/transfermarkt/kaggle_player_scores/data/raw/transfermarkt/kaggle_player_scores/national_teams.csv,.csv,0.024,2026-04-01T07:42:08+00:00,2026-04-01T09:42:08,7a68663236e88418,,17,"national_team_id, name, team_code, country_id, country_name, country_code, confederation, team_image_url, squad_size, average_age, foreigners_number, foreigners_percentage, total_market_value, coach_name, fifa_ranking, last_season, url"
data/raw/transfermarkt/kaggle_player_scores/data/raw/transfermarkt/kaggle_player_scores/player_valuations.csv,.csv,28.632,2026-04-01T07:42:08+00:00,2026-04-01T09:42:08,d288c65bab9dce49,,6,"player_id, date, market_value_in_eur, current_club_name, current_club_id, player_club_domestic_competition_id"
data/raw/transfermarkt/kaggle_player_scores/data/raw/transfermarkt/kaggle_player_scores/players.csv,.csv,15.952,2026-04-01T07:42:10+00:00,2026-04-01T09:42:10,2b51fa9df4c63557,,26,"player_id, first_name, last_name, name, last_season, current_club_id, player_code, country_of_birth, city_of_birth, country_of_citizenship, date_of_birth, sub_position, position, foot, height_in_cm, contract_expiration_date, agent_name, image_url, international_caps, international_goals, current_national_team_id, url, current_club_domestic_competition_id, current_club_name, market_value_in_eur, highest_market_value_in_eur"
data/raw/transfermarkt/kaggle_player_scores/data/raw/transfermarkt/kaggle_player_scores/transfers.csv,.csv,12.723,2026-04-01T07:42:10+00:00,2026-04-01T09:42:10,f70d0d8b6ddc7a72,,10,"player_id, transfer_date, transfer_season, from_club_id, to_club_id, from_club_name, to_club_name, transfer_fee, market_value_in_eur, player_name"
data/raw/transfermarkt/kaggle_player_scores/game_events.csv,.csv,145.826,2026-04-01T07:41:50+00:00,2026-04-01T09:41:50,a902f2873292ed9f,,11,"game_event_id, date, game_id, minute, type, club_id, club_name, player_id, description, player_in_id, player_assist_id"
data/raw/transfermarkt/kaggle_player_scores/game_lineups.csv,.csv,322.341,2026-04-01T07:41:54+00:00,2026-04-01T09:41:54,skipped_large_file,,10,"game_lineups_id, date, game_id, player_id, club_id, player_name, type, position, number, team_captain"
data/raw/transfermarkt/kaggle_player_scores/games.csv,.csv,24.509,2026-04-01T07:42:08+00:00,2026-04-01T09:42:08,4c5768585014e4df,,23,"game_id, competition_id, season, round, date, home_club_id, away_club_id, home_club_goals, away_club_goals, home_club_position, away_club_position, home_club_manager_name, away_club_manager_name, stadium, attendance, referee, url, home_club_formation, away_club_formation, home_club_name, away_club_name, aggregate, competition_type"
data/raw/transfermarkt/kaggle_player_scores/national_teams.csv,.csv,0.024,2026-04-01T07:42:08+00:00,2026-04-01T09:42:08,7a68663236e88418,,17,"national_team_id, name, team_code, country_id, country_name, country_code, confederation, team_image_url, squad_size, average_age, foreigners_number, foreigners_percentage, total_market_value, coach_name, fifa_ranking, last_season, url"
data/raw/transfermarkt/kaggle_player_scores/player_valuations.csv,.csv,28.632,2026-04-01T07:42:08+00:00,2026-04-01T09:42:08,d288c65bab9dce49,,6,"player_id, date, market_value_in_eur, current_club_name, current_club_id, player_club_domestic_competition_id"
data/raw/transfermarkt/kaggle_player_scores/players.csv,.csv,15.952,2026-04-01T07:42:10+00:00,2026-04-01T09:42:10,2b51fa9df4c63557,,26,"player_id, first_name, last_name, name, last_season, current_club_id, player_code, country_of_birth, city_of_birth, country_of_citizenship, date_of_birth, sub_position, position, foot, height_in_cm, contract_expiration_date, agent_name, image_url, international_caps, international_goals, current_national_team_id, url, current_club_domestic_competition_id, current_club_name, market_value_in_eur, highest_market_value_in_eur"
data/raw/transfermarkt/kaggle_player_scores/transfers.csv,.csv,12.723,2026-04-01T07:42:10+00:00,2026-04-01T09:42:10,f70d0d8b6ddc7a72,,10,"player_id, transfer_date, transfer_season, from_club_id, to_club_id, from_club_name, to_club_name, transfer_fee, market_value_in_eur, player_name"
data/raw/transfermarkt/sample_transfermarkt.csv,.csv,0.0,2026-04-27T19:03:25.091614+00:00,2026-04-27T21:03:25,2a11b8dabb7b5801,,7,"player_name, season, age, position, club, league, market_value_eur"
data/raw/transfermarkt/update_2025_2026/appearances.csv,.csv,141.56,2026-06-02T07:16:36+00:00,2026-06-02T09:16:36,ff21ba492937ad22,,13,"appearance_id, game_id, player_id, player_club_id, player_current_club_id, date, player_name, competition_id, yellow_cards, red_cards, goals, assists, minutes_played"
data/raw/transfermarkt/update_2025_2026/club_games.csv,.csv,10.514,2026-06-02T07:16:48+00:00,2026-06-02T09:16:48,d7f1597b4725f9b7,,11,"game_id, club_id, own_goals, own_position, own_manager_name, opponent_id, opponent_goals, opponent_position, opponent_manager_name, hosting, is_win"
data/raw/transfermarkt/update_2025_2026/clubs.csv,.csv,0.176,2026-06-02T07:16:48+00:00,2026-06-02T09:16:48,3c0b57ab01744e67,,17,"club_id, club_code, name, domestic_competition_id, total_market_value, squad_size, average_age, foreigners_number, foreigners_percentage, national_team_players, stadium_name, stadium_seats, net_transfer_record, coach_name, last_season, filename, url"
data/raw/transfermarkt/update_2025_2026/competitions.csv,.csv,0.011,2026-06-02T07:16:48+00:00,2026-06-02T09:16:48,1b8f05db20368e9c,,11,"competition_id, competition_code, name, sub_type, type, country_id, country_name, domestic_league_code, confederation, total_clubs, url"
data/raw/transfermarkt/update_2025_2026/countries.csv,.csv,0.012,2026-06-02T07:16:48+00:00,2026-06-02T09:16:48,7cf0b8cc59b78104,,8,"country_id, country_name, country_code, confederation, total_clubs, total_players, average_age, url"
data/raw/transfermarkt/update_2025_2026/game_events.csv,.csv,149.328,2026-06-02T07:16:48+00:00,2026-06-02T09:16:48,5e94aa3a44f622d1,,11,"game_event_id, date, game_id, minute, type, club_id, club_name, player_id, description, player_in_id, player_assist_id"
data/raw/transfermarkt/update_2025_2026/game_lineups.csv,.csv,335.377,2026-06-02T07:16:58+00:00,2026-06-02T09:16:58,skipped_large_file,,10,"game_lineups_id, date, game_id, player_id, club_id, player_name, type, position, number, team_captain"
data/raw/transfermarkt/update_2025_2026/games.csv,.csv,25.067,2026-06-02T07:17:22+00:00,2026-06-02T09:17:22,5206ae6ea5a6dbe4,,23,"game_id, competition_id, season, round, date, home_club_id, away_club_id, home_club_goals, away_club_goals, home_club_position, away_club_position, home_club_manager_name, away_club_manager_name, stadium, attendance, referee, url, home_club_formation, away_club_formation, home_club_name, away_club_name, aggregate, competition_type"
data/raw/transfermarkt/update_2025_2026/national_teams.csv,.csv,0.024,2026-06-02T07:17:24+00:00,2026-06-02T09:17:24,da35e331325a9f89,,17,"national_team_id, name, team_code, country_id, country_name, country_code, confederation, team_image_url, squad_size, average_age, foreigners_number, foreigners_percentage, total_market_value, coach_name, fifa_ranking, last_season, url"
data/raw/transfermarkt/update_2025_2026/player_valuations.csv,.csv,23.537,2026-06-02T07:17:24+00:00,2026-06-02T09:17:24,bb776c1939a325b7,,6,"player_id, date, market_value_in_eur, current_club_name, current_club_id, player_club_domestic_competition_id"
data/raw/transfermarkt/update_2025_2026/players.csv,.csv,15.872,2026-06-02T07:17:26+00:00,2026-06-02T09:17:26,4d58c3a81153f2ce,,26,"player_id, first_name, last_name, name, last_season, current_club_id, player_code, country_of_birth, city_of_birth, country_of_citizenship, date_of_birth, sub_position, position, foot, height_in_cm, contract_expiration_date, agent_name, image_url, international_caps, international_goals, current_national_team_id, url, current_club_domestic_competition_id, current_club_name, market_value_in_eur, highest_market_value_in_eur"
data/raw/transfermarkt/update_2025_2026/transfers.csv,.csv,3.241,2026-06-02T07:17:26+00:00,2026-06-02T09:17:26,96775416e524068b,,10,"player_id, transfer_date, transfer_season, from_club_id, to_club_id, from_club_name, to_club_name, transfer_fee, market_value_in_eur, player_name"
reports/business/roi_global_summary.csv,.csv,0.001,2026-05-25T21:06:07.719529+00:00,2026-05-25T23:06:07,7030cdfbbcb18ff7,,14,"players, total_market_value_eur, total_predicted_value_eur, total_expected_profit_eur, avg_expected_profit_eur, median_expected_profit_eur, avg_expected_roi_pct, median_expected_roi_pct, positive_roi_rate, total_risk_adjusted_profit_eur, avg_risk_adjusted_roi_pct, avg_opportunity_score, avg_confidence_score, avg_growth_score"
reports/business/roi_scouting_shortlist.csv,.csv,0.032,2026-05-25T21:06:07.739647+00:00,2026-05-25T23:06:07,99c2bbcab02ac728,,24,"player_name_fbref, player_name_tm, club, league, season, position_group, age, minutes_played, market_value_eur, predicted_market_value_eur, assumed_buy_price_eur, assumed_sell_price_eur, expected_profit_eur, expected_roi_pct, risk_adjusted_profit_eur, risk_adjusted_roi_pct, positive_roi_flag, inefficiency_score_z, growth_score, confidence_score, opportunity_score, opportunity_tier, matching_confidence, matching_method"
reports/business/roi_scouting_shortlist_summary.csv,.csv,0.001,2026-05-25T21:06:07.739647+00:00,2026-05-25T23:06:07,b5908cdd9876a71e,,14,"players, total_market_value_eur, total_predicted_value_eur, total_expected_profit_eur, avg_expected_profit_eur, median_expected_profit_eur, avg_expected_roi_pct, median_expected_roi_pct, positive_roi_rate, total_risk_adjusted_profit_eur, avg_risk_adjusted_roi_pct, avg_opportunity_score, avg_confidence_score, avg_growth_score"
reports/business/roi_simulation.csv,.csv,0.365,2026-05-25T21:06:07.719529+00:00,2026-05-25T23:06:07,a03cffb5dfe32a74,,24,"player_name_fbref, player_name_tm, club, league, season, position_group, age, minutes_played, market_value_eur, predicted_market_value_eur, assumed_buy_price_eur, assumed_sell_price_eur, expected_profit_eur, expected_roi_pct, risk_adjusted_profit_eur, risk_adjusted_roi_pct, positive_roi_flag, inefficiency_score_z, growth_score, confidence_score, opportunity_score, opportunity_tier, matching_confidence, matching_method"
reports/business/transfer_strategy_analysis.csv,.csv,0.004,2026-05-25T21:06:07.734451+00:00,2026-05-25T23:06:07,3f98e27a7bf65963,,16,"strategy_dimension, strategy_segment, players, avg_market_value_eur, avg_predicted_value_eur, total_expected_profit_eur, avg_expected_profit_eur, median_expected_profit_eur, avg_expected_roi_pct, median_expected_roi_pct, positive_roi_rate, total_risk_adjusted_profit_eur, avg_risk_adjusted_roi_pct, avg_opportunity_score, avg_confidence_score, avg_growth_score"
reports/data_quality/sprint_13a_matching_by_league.csv,.csv,0.001,2026-06-07T16:31:47.278975+00:00,2026-06-07T18:31:47,f8f5aebab01e3c05,,5,"league, count, matched, unmatched, match_rate"
reports/data_quality/sprint_13a_matching_by_league_season.csv,.csv,0.004,2026-06-07T16:31:47.290370+00:00,2026-06-07T18:31:47,781403c3e59c11fe,,6,"league, season, count, matched, unmatched, match_rate"
reports/dss/global_prospect_universe.csv,.csv,0.73,2026-06-11T11:41:16.856097+00:00,2026-06-11T13:41:16,dfd040a33c3c0e13,,77,"player_name_fbref, player_id_tm, club_actual, current_club_name_tm, league, season, position_group, age, minutes_played, market_value_eur, log_market_value_eur, model, feature_set, predicted_log_market_value_ml, predicted_market_value_ml_eur, residual_log_observed_minus_predicted, inefficiency_score_ml, market_value_growth_prev, delta_log_market_value_prev, growth_index, breakout_indicator, career_year, matching_confidence, matching_method, goals_per90, assists_per90, predicted_market_value_eur, residual_observed_minus_predicted_log, inefficiency_score_log, market_value_gap_eur, market_value_gap_pct, inefficiency_score_log_winsorized, market_value_gap_pct_winsorized, inefficiency_score_z, market_value_gap_pct_z, is_undervalued, is_overvalued, inefficiency_rank, market_value_growth_prev_growth_component_z, delta_log_market_value_prev_growth_component_z, growth_index_growth_component_z, breakout_indicator_growth_component_z, career_year_growth_component_z, growth_score_raw, growth_score_z, growth_score, growth_rank, high_growth_flag, matching_confidence_component, minutes_reliability_component, feature_completeness_component, temporal_stability_component, confidence_score_raw, confidence_score, confidence_score_z, confidence_rank, low_confidence_flag, opportunity_score_raw, opportunity_score, opportunity_rank, opportunity_tier, is_scouting_target, is_high_priority_or_target, position, club_anterior, expected_roi, expected_upside, player_level_tier, player_level_rank, portfolio_value_score, is_eligible_portfolio, portfolio_cost, upside_score_norm, dss_entity, dss_universe, dss_model, dss_feature_set"
reports/evaluation/precision_at_k.csv,.csv,0.0,2026-05-25T20:56:52.777672+00:00,2026-05-25T22:56:52,3b7b3817bc848d7d,,4,"k, players, true_positive, precision_at_k"
reports/model_diagnostics/ranking_by_league.csv,.csv,0.003,2026-05-25T20:55:09.027269+00:00,2026-05-25T22:55:09,0aaf6182daa9c0ba,,22,"league, players, undervalued_rate, inefficiency_score_z_mean, inefficiency_score_z_median, inefficiency_score_z_std, growth_score_mean, growth_score_median, growth_score_std, growth_score_z_mean, growth_score_z_median, growth_score_z_std, confidence_score_mean, confidence_score_median, confidence_score_std, confidence_score_z_mean, confidence_score_z_median, confidence_score_z_std, opportunity_score_mean, opportunity_score_median, opportunity_score_std, sample_share"
reports/model_diagnostics/ranking_by_position.csv,.csv,0.002,2026-05-25T20:55:09.037308+00:00,2026-05-25T22:55:09,0c2afa20a26fb52f,,22,"position_group, players, undervalued_rate, inefficiency_score_z_mean, inefficiency_score_z_median, inefficiency_score_z_std, growth_score_mean, growth_score_median, growth_score_std, growth_score_z_mean, growth_score_z_median, growth_score_z_std, confidence_score_mean, confidence_score_median, confidence_score_std, confidence_score_z_mean, confidence_score_z_median, confidence_score_z_std, opportunity_score_mean, opportunity_score_median, opportunity_score_std, sample_share"
reports/model_diagnostics/ranking_score_correlations.csv,.csv,0.001,2026-05-25T20:55:09.038457+00:00,2026-05-25T22:55:09,34e796c0cbb94dac,,7,"score, inefficiency_score_z, growth_score, growth_score_z, confidence_score, confidence_score_z, opportunity_score"
reports/model_diagnostics/ranking_summary.csv,.csv,0.001,2026-05-25T20:55:09.022437+00:00,2026-05-25T22:55:09,46198efb4e953664,,12,"metric, count, missing, mean, median, std, min, p10, p25, p75, p90, max"
reports/model_diagnostics/ranking_tier_summary.csv,.csv,0.001,2026-05-25T20:55:09.038457+00:00,2026-05-25T22:55:09,10f2cb5e0bb546dc,,7,"opportunity_tier, players, avg_opportunity_score, avg_growth_score, avg_confidence_score, undervalued_rate, sample_share"
reports/portfolio/portfolio_candidates.csv,.csv,0.026,2026-06-06T21:17:56.076406+00:00,2026-06-06T23:17:56,df020b6eb04b00d6,,29,"player_name_fbref, player_name_tm, club, league, season, position_group, age, minutes_played, market_value_eur, portfolio_cost_eur, predicted_market_value_eur, market_value_gap_eur, market_value_gap_pct, roi_proxy_pct, roi_score, upside_eur, upside_score, growth_score, confidence_score, opportunity_score, risk_score, risk_level, risk_adjusted_opportunity_score, future_asset_score, executive_decision_score, portfolio_score_conservative, portfolio_score_balanced, portfolio_score_aggressive, is_optimization_candidate"
reports/portfolio/portfolio_candidates.parquet,.parquet,0.031,2026-06-06T21:17:56.352626+00:00,2026-06-06T23:17:56,5253dab30327cd06,,29,"player_name_fbref, player_name_tm, club, league, season, position_group, age, minutes_played, market_value_eur, portfolio_cost_eur, predicted_market_value_eur, market_value_gap_eur, market_value_gap_pct, roi_proxy_pct, roi_score, upside_eur, upside_score, growth_score, confidence_score, opportunity_score, risk_score, risk_level, risk_adjusted_opportunity_score, future_asset_score, executive_decision_score, portfolio_score_conservative, portfolio_score_balanced, portfolio_score_aggressive, is_optimization_candidate"
reports/portfolio/portfolio_dataset_summary.csv,.csv,0.0,2026-06-06T21:17:56.357970+00:00,2026-06-06T23:17:56,8ace3273853d5fa2,,2,"metric, value"
reports/portfolio/recommended_portfolio.csv,.csv,0.002,2026-06-06T21:27:08.949283+00:00,2026-06-06T23:27:08,d2f4daa6cc8a227a,,29,"player_name_fbref, player_name_tm, club, league, season, position_group, age, minutes_played, market_value_eur, portfolio_cost_eur, predicted_market_value_eur, market_value_gap_eur, market_value_gap_pct, roi_proxy_pct, roi_score, upside_eur, upside_score, growth_score, confidence_score, opportunity_score, risk_score, risk_level, risk_adjusted_opportunity_score, future_asset_score, executive_decision_score, portfolio_score_conservative, portfolio_score_balanced, portfolio_score_aggressive, is_optimization_candidate"
reports/portfolio/scenarios/recommended_portfolio_aggressive.csv,.csv,0.002,2026-06-06T21:30:49.489546+00:00,2026-06-06T23:30:49,6e06050a8630e8a3,,29,"player_name_fbref, player_name_tm, club, league, season, position_group, age, minutes_played, market_value_eur, portfolio_cost_eur, predicted_market_value_eur, market_value_gap_eur, market_value_gap_pct, roi_proxy_pct, roi_score, upside_eur, upside_score, growth_score, confidence_score, opportunity_score, risk_score, risk_level, risk_adjusted_opportunity_score, future_asset_score, executive_decision_score, portfolio_score_conservative, portfolio_score_balanced, portfolio_score_aggressive, is_optimization_candidate"
reports/portfolio/scenarios/recommended_portfolio_balanced.csv,.csv,0.002,2026-06-06T21:30:49.424778+00:00,2026-06-06T23:30:49,48d7ba6343e8700b,,29,"player_name_fbref, player_name_tm, club, league, season, position_group, age, minutes_played, market_value_eur, portfolio_cost_eur, predicted_market_value_eur, market_value_gap_eur, market_value_gap_pct, roi_proxy_pct, roi_score, upside_eur, upside_score, growth_score, confidence_score, opportunity_score, risk_score, risk_level, risk_adjusted_opportunity_score, future_asset_score, executive_decision_score, portfolio_score_conservative, portfolio_score_balanced, portfolio_score_aggressive, is_optimization_candidate"
reports/portfolio/scenarios/recommended_portfolio_conservative.csv,.csv,0.002,2026-06-06T21:30:49.376295+00:00,2026-06-06T23:30:49,096cecb010773364,,29,"player_name_fbref, player_name_tm, club, league, season, position_group, age, minutes_played, market_value_eur, portfolio_cost_eur, predicted_market_value_eur, market_value_gap_eur, market_value_gap_pct, roi_proxy_pct, roi_score, upside_eur, upside_score, growth_score, confidence_score, opportunity_score, risk_score, risk_level, risk_adjusted_opportunity_score, future_asset_score, executive_decision_score, portfolio_score_conservative, portfolio_score_balanced, portfolio_score_aggressive, is_optimization_candidate"
reports/portfolio/scenarios/scenario_simulation_summary.csv,.csv,0.001,2026-06-06T21:30:49.493533+00:00,2026-06-06T23:30:49,6528a5ebe75d0a22,,15,"scenario, status, selected_players_n, selected_players, budget_millions, total_cost_eur, budget_used_pct, expected_upside_eur, expected_roi_score, average_risk, average_confidence, average_future_asset_score, objective_value, portfolio_output, summary_output"
reports/rankings/ols_overvalued.csv,.csv,0.016,2026-05-16T01:00:58.859100+00:00,2026-05-16T03:00:58,c7a0dc530a2d3d6d,,61,"player_name_fbref, club, league, season, season_start_year_fbref, position, position_group, age_fbref, matches_played, starts, minutes_played, nineties, goals, assists, g_a, goals_minus_pk, penalties_scored, penalties_attempted, yellow_cards, red_cards, goals_per90, assists_per90, g_a_per90, goals_minus_pk_per90, g_a_minus_pk_per90, player_name_norm, player_id_tm, player_name_tm, season_start_year_tm, valuation_date, market_value_eur, log_market_value_eur, market_value_prev_eur, market_value_next_eur, market_value_growth_1y, delta_log_market_value_1y, age_tm, date_of_birth, nationality, position_tm, sub_position_tm, foot, height_in_cm, current_club_name_tm, current_club_id_tm, competition_id_tm, source, matching_method, matching_confidence, age_diff, club_score, matching_status, season_start_year, age, log_minutes_played, predicted_log_market_value, predicted_market_value_eur, market_value_gap_eur, market_value_gap_pct, inefficiency_score, inefficiency_score_z"
reports/rankings/ols_undervalued.csv,.csv,0.015,2026-05-16T01:00:58.859100+00:00,2026-05-16T03:00:58,32943f00bc84e9e0,,61,"player_name_fbref, club, league, season, season_start_year_fbref, position, position_group, age_fbref, matches_played, starts, minutes_played, nineties, goals, assists, g_a, goals_minus_pk, penalties_scored, penalties_attempted, yellow_cards, red_cards, goals_per90, assists_per90, g_a_per90, goals_minus_pk_per90, g_a_minus_pk_per90, player_name_norm, player_id_tm, player_name_tm, season_start_year_tm, valuation_date, market_value_eur, log_market_value_eur, market_value_prev_eur, market_value_next_eur, market_value_growth_1y, delta_log_market_value_1y, age_tm, date_of_birth, nationality, position_tm, sub_position_tm, foot, height_in_cm, current_club_name_tm, current_club_id_tm, competition_id_tm, source, matching_method, matching_confidence, age_diff, club_score, matching_status, season_start_year, age, log_minutes_played, predicted_log_market_value, predicted_market_value_eur, market_value_gap_eur, market_value_gap_pct, inefficiency_score, inefficiency_score_z"
reports/rankings/scoring_dataset.csv,.csv,3.07,2026-06-10T18:04:16.067441+00:00,2026-06-10T20:04:16,6dbeeb587f842e67,,39,"player_name_fbref, player_id_tm, club, current_club_name_tm, league, season, position_group, age, minutes_played, market_value_eur, log_market_value_eur, model, feature_set, predicted_log_market_value_ml, predicted_market_value_ml_eur, residual_log_observed_minus_predicted, inefficiency_score_ml, market_value_growth_prev, delta_log_market_value_prev, growth_index, breakout_indicator, career_year, matching_confidence, matching_method, goals_per90, assists_per90, predicted_market_value_eur, residual_observed_minus_predicted_log, inefficiency_score_log, market_value_gap_eur, market_value_gap_pct, inefficiency_score_log_winsorized, market_value_gap_pct_winsorized, inefficiency_score_z, market_value_gap_pct_z, is_undervalued, is_overvalued, inefficiency_rank, position"
reports/rankings/scoring_dataset_confidence.csv,.csv,4.645,2026-06-10T18:04:16.564327+00:00,2026-06-10T20:04:16,500614aad3eda9bf,,58,"player_name_fbref, player_id_tm, club, current_club_name_tm, league, season, position_group, age, minutes_played, market_value_eur, log_market_value_eur, model, feature_set, predicted_log_market_value_ml, predicted_market_value_ml_eur, residual_log_observed_minus_predicted, inefficiency_score_ml, market_value_growth_prev, delta_log_market_value_prev, growth_index, breakout_indicator, career_year, matching_confidence, matching_method, goals_per90, assists_per90, predicted_market_value_eur, residual_observed_minus_predicted_log, inefficiency_score_log, market_value_gap_eur, market_value_gap_pct, inefficiency_score_log_winsorized, market_value_gap_pct_winsorized, inefficiency_score_z, market_value_gap_pct_z, is_undervalued, is_overvalued, inefficiency_rank, market_value_growth_prev_growth_component_z, delta_log_market_value_prev_growth_component_z, growth_index_growth_component_z, breakout_indicator_growth_component_z, career_year_growth_component_z, growth_score_raw, growth_score_z, growth_score, growth_rank, high_growth_flag, matching_confidence_component, minutes_reliability_component, feature_completeness_component, temporal_stability_component, confidence_score_raw, confidence_score, confidence_score_z, confidence_rank, low_confidence_flag, position"
reports/rankings/scoring_dataset_growth.csv,.csv,4.041,2026-06-10T18:04:16.295778+00:00,2026-06-10T20:04:16,599707d61236c30c,,49,"player_name_fbref, player_id_tm, club, current_club_name_tm, league, season, position_group, age, minutes_played, market_value_eur, log_market_value_eur, model, feature_set, predicted_log_market_value_ml, predicted_market_value_ml_eur, residual_log_observed_minus_predicted, inefficiency_score_ml, market_value_growth_prev, delta_log_market_value_prev, growth_index, breakout_indicator, career_year, matching_confidence, matching_method, goals_per90, assists_per90, predicted_market_value_eur, residual_observed_minus_predicted_log, inefficiency_score_log, market_value_gap_eur, market_value_gap_pct, inefficiency_score_log_winsorized, market_value_gap_pct_winsorized, inefficiency_score_z, market_value_gap_pct_z, is_undervalued, is_overvalued, inefficiency_rank, market_value_growth_prev_growth_component_z, delta_log_market_value_prev_growth_component_z, growth_index_growth_component_z, breakout_indicator_growth_component_z, career_year_growth_component_z, growth_score_raw, growth_score_z, growth_score, growth_rank, high_growth_flag, position"
reports/rankings/scoring_dataset_opportunity.csv,.csv,5.038,2026-06-10T18:04:16.847085+00:00,2026-06-10T20:04:16,b70eca45b0b95324,,64,"player_name_fbref, player_id_tm, club, current_club_name_tm, league, season, position_group, age, minutes_played, market_value_eur, log_market_value_eur, model, feature_set, predicted_log_market_value_ml, predicted_market_value_ml_eur, residual_log_observed_minus_predicted, inefficiency_score_ml, market_value_growth_prev, delta_log_market_value_prev, growth_index, breakout_indicator, career_year, matching_confidence, matching_method, goals_per90, assists_per90, predicted_market_value_eur, residual_observed_minus_predicted_log, inefficiency_score_log, market_value_gap_eur, market_value_gap_pct, inefficiency_score_log_winsorized, market_value_gap_pct_winsorized, inefficiency_score_z, market_value_gap_pct_z, is_undervalued, is_overvalued, inefficiency_rank, market_value_growth_prev_growth_component_z, delta_log_market_value_prev_growth_component_z, growth_index_growth_component_z, breakout_indicator_growth_component_z, career_year_growth_component_z, growth_score_raw, growth_score_z, growth_score, growth_rank, high_growth_flag, matching_confidence_component, minutes_reliability_component, feature_completeness_component, temporal_stability_component, confidence_score_raw, confidence_score, confidence_score_z, confidence_rank, low_confidence_flag, opportunity_score_raw, opportunity_score, opportunity_rank, opportunity_tier, is_scouting_target, is_high_priority_or_target, position"
reports/rankings/scoring_league_distribution.csv,.csv,0.001,2026-06-10T16:43:23.483446+00:00,2026-06-10T18:43:23,4f0d437e3c9057a0,,5,"league, players, avg_score, avg_roi, avg_confidence"
reports/rankings/scouting_shortlist.csv,.csv,0.023,2026-06-10T16:58:29.863615+00:00,2026-06-10T18:58:29,c23addbbe930fd5d,,18,"player_name_fbref, club, league, season, position_group, age, minutes_played, market_value_eur, predicted_market_value_eur, market_value_gap_eur, market_value_gap_pct, inefficiency_score_z, growth_score, confidence_score, opportunity_score, opportunity_tier, matching_confidence, matching_method"
reports/rankings/scouting_shortlist_with_risk.csv,.csv,0.028,2026-06-10T16:58:37.527529+00:00,2026-06-10T18:58:37,d804ad33b2eb72a2,,26,"player_name_fbref, club, league, season, position_group, age, minutes_played, market_value_eur, predicted_market_value_eur, market_value_gap_eur, market_value_gap_pct, inefficiency_score_z, growth_score, confidence_score, opportunity_score, opportunity_tier, matching_confidence, matching_method, risk_age_component, risk_minutes_component, risk_confidence_component, risk_gap_component, risk_score_raw, risk_score, risk_level, risk_adjusted_opportunity_score"
reports/rankings/top_high_potential.csv,.csv,0.013,2026-06-09T00:01:08.776025+00:00,2026-06-09T02:01:08,8240bdded78120e2,,19,"player_name_fbref, player_name_tm, club, league, season, position_group, age, minutes_played, market_value_eur, predicted_market_value_eur, market_value_gap_eur, market_value_gap_pct, inefficiency_score_z, growth_score, confidence_score, opportunity_score, opportunity_tier, matching_confidence, matching_method"
reports/rankings/top_low_risk.csv,.csv,0.013,2026-06-09T00:01:08.783838+00:00,2026-06-09T02:01:08,1ef4ca514c22a5ef,,19,"player_name_fbref, player_name_tm, club, league, season, position_group, age, minutes_played, market_value_eur, predicted_market_value_eur, market_value_gap_eur, market_value_gap_pct, inefficiency_score_z, growth_score, confidence_score, opportunity_score, opportunity_tier, matching_confidence, matching_method"
reports/rankings/top_undervalued_by_league.csv,.csv,0.035,2026-06-09T00:01:08.766997+00:00,2026-06-09T02:01:08,2bd4b9d34636a20a,,19,"player_name_fbref, player_name_tm, club, league, season, position_group, age, minutes_played, market_value_eur, predicted_market_value_eur, market_value_gap_eur, market_value_gap_pct, inefficiency_score_z, growth_score, confidence_score, opportunity_score, opportunity_tier, matching_confidence, matching_method"
reports/rankings/top_undervalued_by_position.csv,.csv,0.016,2026-06-09T00:01:08.772828+00:00,2026-06-09T02:01:08,2d6bea00309f4424,,19,"player_name_fbref, player_name_tm, club, league, season, position_group, age, minutes_played, market_value_eur, predicted_market_value_eur, market_value_gap_eur, market_value_gap_pct, inefficiency_score_z, growth_score, confidence_score, opportunity_score, opportunity_tier, matching_confidence, matching_method"
reports/rankings/top_undervalued_global.csv,.csv,0.013,2026-06-09T00:01:08.759091+00:00,2026-06-09T02:01:08,6a2a018b8e3d3dd8,,19,"player_name_fbref, player_name_tm, club, league, season, position_group, age, minutes_played, market_value_eur, predicted_market_value_eur, market_value_gap_eur, market_value_gap_pct, inefficiency_score_z, growth_score, confidence_score, opportunity_score, opportunity_tier, matching_confidence, matching_method"
reports/scouting_reports/player_shap_report.csv,.csv,0.953,2026-05-20T19:28:50.598519+00:00,2026-05-20T21:28:50,d8239cef1817a4b5,,13,"player_name_fbref, player_name_tm, club, league, season, position_group, age, market_value_eur, predicted_market_value_eur, market_value_gap_eur, inefficiency_score, top_positive_shap_factors, top_negative_shap_factors"
reports/sprint_13a1/econometric/03_econometric_model_coefficients.csv,.csv,0.002,2026-06-07T23:20:02.094630+00:00,2026-06-08T01:20:02,48a56943caa36f82,,6,"term, coef, std_err_HC3, t, p_value, significant_5pct"
reports/sprint_13a1/econometric/03_econometric_model_metrics.csv,.csv,0.001,2026-06-07T23:20:02.048785+00:00,2026-06-08T01:20:02,a1eaed29e3dba815,,6,"model, split, n, MAE_log, RMSE_log, R2"
reports/sprint_13a1/econometric/03_econometric_scored_player_seasons.parquet,.parquet,0.848,2026-06-07T23:20:02.334748+00:00,2026-06-08T01:20:02,56f2b2a4fbd56259,,68,"player_name_fbref, club, league, season, season_start_year_fbref, position, position_group, age_fbref, matches_played, starts, minutes_played, nineties, goals, assists, g_a, goals_minus_pk, penalties_scored, penalties_attempted, yellow_cards, red_cards, goals_per90, assists_per90, g_a_per90, goals_minus_pk_per90, g_a_minus_pk_per90, player_name_norm, player_id_tm, player_name_tm, season_start_year_tm, valuation_date, market_value_eur, log_market_value_eur, market_value_prev_eur, market_value_next_eur, market_value_growth_1y, delta_log_market_value_1y, age_tm, date_of_birth, nationality, position_tm, sub_position_tm, foot, height_in_cm, current_club_name_tm, current_club_id_tm, competition_id_tm, source, matching_method, matching_confidence, age_diff, club_score, matching_status, season_start_year, age, player_name, log_minutes_played, z_goals_per90, z_assists_per90, split, predicted_log_market_value, predicted_market_value_eur, residual_log_observed_minus_predicted, inefficiency_score, market_value_gap_eur, market_value_gap_pct, inefficiency_score_z, confidence_score, opportunity_score"
reports/sprint_13a1/econometric/03_econometric_test_predictions.parquet,.parquet,0.201,2026-06-07T23:20:02.352457+00:00,2026-06-08T01:20:02,cd7bd0f8d1a93ee1,,65,"player_name_fbref, club, league, season, season_start_year_fbref, position, position_group, age_fbref, matches_played, starts, minutes_played, nineties, goals, assists, g_a, goals_minus_pk, penalties_scored, penalties_attempted, yellow_cards, red_cards, goals_per90, assists_per90, g_a_per90, goals_minus_pk_per90, g_a_minus_pk_per90, player_name_norm, player_id_tm, player_name_tm, season_start_year_tm, valuation_date, market_value_eur, log_market_value_eur, market_value_prev_eur, market_value_next_eur, market_value_growth_1y, delta_log_market_value_1y, age_tm, date_of_birth, nationality, position_tm, sub_position_tm, foot, height_in_cm, current_club_name_tm, current_club_id_tm, competition_id_tm, source, matching_method, matching_confidence, age_diff, club_score, matching_status, season_start_year, age, player_name, log_minutes_played, z_goals_per90, z_assists_per90, split, predicted_log_market_value, predicted_market_value_eur, residual_log_observed_minus_predicted, inefficiency_score, market_value_gap_eur, market_value_gap_pct"
reports/sprint_13a1/econometric/03_inefficiency_by_league_test.csv,.csv,0.002,2026-06-07T23:20:03.251970+00:00,2026-06-08T01:20:03,67e6121a179bcb07,,9,"league, n, mean_inefficiency, median_inefficiency, mean_gap_eur, median_gap_eur, mean_gap_pct, mean_confidence, mean_opportunity"
reports/sprint_13a1/econometric/03_overvalued_ranking.csv,.csv,0.017,2026-06-07T23:20:03.191011+00:00,2026-06-08T01:20:03,50400ed75c296e46,,23,"player_id_tm, player_name, club, current_club_name_tm, league, season, position_group, age, minutes_played, market_value_eur, predicted_market_value_eur, market_value_gap_eur, market_value_gap_pct, log_market_value_eur, predicted_log_market_value, inefficiency_score, inefficiency_score_z, confidence_score, opportunity_score, matching_method, matching_confidence, age_diff, club_score"
reports/sprint_13a1/econometric/03_strict_matching_metrics.csv,.csv,0.0,2026-06-07T23:20:03.305035+00:00,2026-06-08T01:20:03,90a9c8560fda080c,,6,"model, split, n, MAE_log, RMSE_log, R2"
reports/sprint_13a1/econometric/03_undervalued_ranking.csv,.csv,0.016,2026-06-07T23:20:03.189018+00:00,2026-06-08T01:20:03,a7a25fbfbb2af7e9,,23,"player_id_tm, player_name, club, current_club_name_tm, league, season, position_group, age, minutes_played, market_value_eur, predicted_market_value_eur, market_value_gap_eur, market_value_gap_pct, log_market_value_eur, predicted_log_market_value, inefficiency_score, inefficiency_score_z, confidence_score, opportunity_score, matching_method, matching_confidence, age_diff, club_score"
reports/sprint_13a1/econometric/03_vif_table.csv,.csv,0.001,2026-06-07T23:20:02.211521+00:00,2026-06-08T01:20:02,7fadc103b6612c26,,2,"variable, VIF"
reports/sprint_13a1/ml/04_ml_inefficiency_by_league.csv,.csv,0.002,2026-06-07T23:45:43.327838+00:00,2026-06-08T01:45:43,06570ab1ce74411c,,9,"league, n, mean_inefficiency_ml, median_inefficiency_ml, mean_gap_ml_eur, median_gap_ml_eur, mean_gap_ml_pct, mean_confidence_ml, mean_opportunity_ml"
reports/sprint_13a1/ml/04_ml_inefficiency_by_position.csv,.csv,0.001,2026-06-07T23:45:43.352514+00:00,2026-06-08T01:45:43,9c9b9b4400c42732,,9,"position_group, n, mean_inefficiency_ml, median_inefficiency_ml, mean_gap_ml_eur, median_gap_ml_eur, mean_gap_ml_pct, mean_confidence_ml, mean_opportunity_ml"
reports/sprint_13a1/ml/04_ml_model_metrics.csv,.csv,0.001,2026-06-07T23:45:42.755631+00:00,2026-06-08T01:45:42,ff27c193569165ec,,6,"model, split, MAE_log, RMSE_log, R2, RMSE_multiplicative_factor"
reports/sprint_13a1/ml/04_ml_overvalued_ranking.csv,.csv,0.017,2026-06-07T23:45:43.284310+00:00,2026-06-08T01:45:43,1293c2e49cfe8d58,,23,"player_name_fbref, player_id_tm, club, current_club_name_tm, league, season, position_group, age, minutes_played, market_value_eur, predicted_market_value_ml_eur, market_value_gap_ml_eur, market_value_gap_ml_pct, log_market_value_eur, predicted_log_market_value_ml, inefficiency_score_ml, inefficiency_score_ml_z, confidence_score_ml, opportunity_score_ml, matching_method, matching_confidence, age_diff, club_score"
reports/sprint_13a1/ml/04_ml_permutation_importance.csv,.csv,0.0,2026-06-07T23:45:53.185457+00:00,2026-06-08T01:45:53,d7476ad15cfe81c1,,3,"feature, importance_mean, importance_std"
reports/sprint_13a1/ml/04_ml_test_predictions.csv,.csv,0.258,2026-06-07T23:45:53.492463+00:00,2026-06-08T01:45:53,658710ea1e3cc49d,,23,"player_name_fbref, player_id_tm, club, current_club_name_tm, league, season, position_group, age, minutes_played, market_value_eur, log_market_value_eur, predicted_log_market_value_ml, predicted_market_value_ml_eur, inefficiency_score_ml, inefficiency_score_ml_z, market_value_gap_ml_eur, market_value_gap_ml_pct, confidence_score_ml, opportunity_score_ml, matching_method, matching_confidence, age_diff, club_score"
reports/sprint_13a1/ml/04_ml_test_predictions.parquet,.parquet,0.108,2026-06-07T23:45:53.453556+00:00,2026-06-08T01:45:53,765603daa113bea4,,23,"player_name_fbref, player_id_tm, club, current_club_name_tm, league, season, position_group, age, minutes_played, market_value_eur, log_market_value_eur, predicted_log_market_value_ml, predicted_market_value_ml_eur, inefficiency_score_ml, inefficiency_score_ml_z, market_value_gap_ml_eur, market_value_gap_ml_pct, confidence_score_ml, opportunity_score_ml, matching_method, matching_confidence, age_diff, club_score"
reports/sprint_13a1/ml/04_ml_undervalued_ranking.csv,.csv,0.017,2026-06-07T23:45:43.282156+00:00,2026-06-08T01:45:43,710375e805cbd770,,23,"player_name_fbref, player_id_tm, club, current_club_name_tm, league, season, position_group, age, minutes_played, market_value_eur, predicted_market_value_ml_eur, market_value_gap_ml_eur, market_value_gap_ml_pct, log_market_value_eur, predicted_log_market_value_ml, inefficiency_score_ml, inefficiency_score_ml_z, confidence_score_ml, opportunity_score_ml, matching_method, matching_confidence, age_diff, club_score"
reports/sprint_13a1/ml/04_model_comparison_test.csv,.csv,0.0,2026-06-07T23:45:42.783194+00:00,2026-06-08T01:45:42,796fbbd184c95552,,5,"model, split, MAE_log, RMSE_log, R2"
reports/sprint_13a1/ml/predictions/04_ml_test_predictions_v13a1.csv,.csv,0.258,2026-06-08T00:00:39.072618+00:00,2026-06-08T02:00:39,658710ea1e3cc49d,,23,"player_name_fbref, player_id_tm, club, current_club_name_tm, league, season, position_group, age, minutes_played, market_value_eur, log_market_value_eur, predicted_log_market_value_ml, predicted_market_value_ml_eur, inefficiency_score_ml, inefficiency_score_ml_z, market_value_gap_ml_eur, market_value_gap_ml_pct, confidence_score_ml, opportunity_score_ml, matching_method, matching_confidence, age_diff, club_score"
reports/sprint_13a1/ml/predictions/04_ml_test_predictions_v13a1.parquet,.parquet,0.108,2026-06-08T00:00:39.053514+00:00,2026-06-08T02:00:39,765603daa113bea4,,23,"player_name_fbref, player_id_tm, club, current_club_name_tm, league, season, position_group, age, minutes_played, market_value_eur, log_market_value_eur, predicted_log_market_value_ml, predicted_market_value_ml_eur, inefficiency_score_ml, inefficiency_score_ml_z, market_value_gap_ml_eur, market_value_gap_ml_pct, confidence_score_ml, opportunity_score_ml, matching_method, matching_confidence, age_diff, club_score"
reports/sprint_13a1/ml/tables/04_ml_inefficiency_by_league_v13a1.csv,.csv,0.002,2026-06-08T00:00:31.892614+00:00,2026-06-08T02:00:31,06570ab1ce74411c,,9,"league, n, mean_inefficiency_ml, median_inefficiency_ml, mean_gap_ml_eur, median_gap_ml_eur, mean_gap_ml_pct, mean_confidence_ml, mean_opportunity_ml"
reports/sprint_13a1/ml/tables/04_ml_inefficiency_by_position_v13a1.csv,.csv,0.001,2026-06-08T00:00:31.917631+00:00,2026-06-08T02:00:31,9c9b9b4400c42732,,9,"position_group, n, mean_inefficiency_ml, median_inefficiency_ml, mean_gap_ml_eur, median_gap_ml_eur, mean_gap_ml_pct, mean_confidence_ml, mean_opportunity_ml"
reports/sprint_13a1/ml/tables/04_ml_overvalued_ranking_v13a1.csv,.csv,0.017,2026-06-08T00:00:31.855901+00:00,2026-06-08T02:00:31,1293c2e49cfe8d58,,23,"player_name_fbref, player_id_tm, club, current_club_name_tm, league, season, position_group, age, minutes_played, market_value_eur, predicted_market_value_ml_eur, market_value_gap_ml_eur, market_value_gap_ml_pct, log_market_value_eur, predicted_log_market_value_ml, inefficiency_score_ml, inefficiency_score_ml_z, confidence_score_ml, opportunity_score_ml, matching_method, matching_confidence, age_diff, club_score"
reports/sprint_13a1/ml/tables/04_ml_permutation_importance_v13a1.csv,.csv,0.0,2026-06-08T00:00:38.887605+00:00,2026-06-08T02:00:38,d7476ad15cfe81c1,,3,"feature, importance_mean, importance_std"
reports/sprint_13a1/ml/tables/04_ml_undervalued_ranking_v13a1.csv,.csv,0.017,2026-06-08T00:00:31.853466+00:00,2026-06-08T02:00:31,710375e805cbd770,,23,"player_name_fbref, player_id_tm, club, current_club_name_tm, league, season, position_group, age, minutes_played, market_value_eur, predicted_market_value_ml_eur, market_value_gap_ml_eur, market_value_gap_ml_pct, log_market_value_eur, predicted_log_market_value_ml, inefficiency_score_ml, inefficiency_score_ml_z, confidence_score_ml, opportunity_score_ml, matching_method, matching_confidence, age_diff, club_score"
reports/sprint_13a1/ml/tables/04_model_comparison_test_v13a1.csv,.csv,0.001,2026-06-08T00:00:31.521763+00:00,2026-06-08T02:00:31,07247768136028ac,,5,"model, split, MAE_log, RMSE_log, R2"
reports/sprint_13a1/ml/tables/ml_model_comparison_v13a1.csv,.csv,0.001,2026-06-08T00:00:31.482801+00:00,2026-06-08T02:00:31,7be2d5a9589c9e9f,,6,"model, split, MAE_log, RMSE_log, R2, RMSE_multiplicative_factor"
reports/sprint_13a1/ols/growth_ols_temporal_v13a1_metrics.csv,.csv,0.0,2026-06-08T00:50:04.073523+00:00,2026-06-08T02:50:04,d6d2cb1d4eb8cbfc,,6,"model, dataset, split, rmse, mae, r2"
reports/sprint_13a1/xgboost/feature_importance/tuned_lightgbm_feature_importance.csv,.csv,0.001,2026-06-08T00:41:49.851145+00:00,2026-06-08T02:41:49,30c96279bc4fa799,,2,"feature, importance"
reports/sprint_13a1/xgboost/feature_importance/tuned_random_forest_feature_importance.csv,.csv,0.001,2026-06-08T00:41:33.467887+00:00,2026-06-08T02:41:33,db469c15d416c2b7,,2,"feature, importance"
reports/sprint_13a1/xgboost/feature_importance/tuned_xgboost_feature_importance.csv,.csv,0.001,2026-06-08T00:41:37.045329+00:00,2026-06-08T02:41:37,125bbc005031fe7d,,2,"feature, importance"
reports/sprint_13a1/xgboost/predictions/tuned_xgboost_full_predictions.csv,.csv,4.716,2026-06-08T00:41:54.161674+00:00,2026-06-08T02:41:54,815a0d0aac08d348,,79,"player_name_fbref, club, league, season, season_start_year_fbref, position, position_group, age_fbref, matches_played, starts, minutes_played, nineties, goals, assists, g_a, goals_minus_pk, penalties_scored, penalties_attempted, yellow_cards, red_cards, goals_per90, assists_per90, g_a_per90, goals_minus_pk_per90, g_a_minus_pk_per90, player_name_norm, player_id_tm, player_name_tm, season_start_year_tm, valuation_date, market_value_eur, log_market_value_eur, market_value_prev_eur, market_value_next_eur, market_value_growth_1y, delta_log_market_value_1y, age_tm, date_of_birth, nationality, position_tm, sub_position_tm, foot, height_in_cm, current_club_name_tm, current_club_id_tm, competition_id_tm, source, matching_method, matching_confidence, age_diff, club_score, matching_status, season_start_year, age, goals_per90_pos_z, assists_per90_pos_z, shots_per90_pos_z, goals_position_percentile, assists_position_percentile, market_value_growth_prev, delta_log_market_value_prev, age_squared, career_year, breakout_indicator, z_goals_per90_global, z_assists_per90_global, z_age_global, z_career_year_global, z_market_value_growth_prev_global, z_delta_log_market_value_prev_global, finishing_index, playmaking_index, growth_index, experience_index, log_minutes_played, model_name, predicted_log_market_value, observed_log_market_value, prediction_error_log"
reports/sprint_13a1/xgboost/predictions/tuned_xgboost_predictions.csv,.csv,0.688,2026-06-08T00:41:54.195206+00:00,2026-06-08T02:41:54,b68b7b6a93fbc6d5,,79,"player_name_fbref, club, league, season, season_start_year_fbref, position, position_group, age_fbref, matches_played, starts, minutes_played, nineties, goals, assists, g_a, goals_minus_pk, penalties_scored, penalties_attempted, yellow_cards, red_cards, goals_per90, assists_per90, g_a_per90, goals_minus_pk_per90, g_a_minus_pk_per90, player_name_norm, player_id_tm, player_name_tm, season_start_year_tm, valuation_date, market_value_eur, log_market_value_eur, market_value_prev_eur, market_value_next_eur, market_value_growth_1y, delta_log_market_value_1y, age_tm, date_of_birth, nationality, position_tm, sub_position_tm, foot, height_in_cm, current_club_name_tm, current_club_id_tm, competition_id_tm, source, matching_method, matching_confidence, age_diff, club_score, matching_status, season_start_year, age, goals_per90_pos_z, assists_per90_pos_z, shots_per90_pos_z, goals_position_percentile, assists_position_percentile, market_value_growth_prev, delta_log_market_value_prev, age_squared, career_year, breakout_indicator, z_goals_per90_global, z_assists_per90_global, z_age_global, z_career_year_global, z_market_value_growth_prev_global, z_delta_log_market_value_prev_global, finishing_index, playmaking_index, growth_index, experience_index, log_minutes_played, model_name, predicted_log_market_value, observed_log_market_value, prediction_error_log"
reports/sprint_13a1/xgboost/predictions/tuned_xgboost_test_predictions.csv,.csv,2.074,2026-06-08T00:41:53.867185+00:00,2026-06-08T02:41:53,404ff2480a6e93d0,,79,"player_name_fbref, club, league, season, season_start_year_fbref, position, position_group, age_fbref, matches_played, starts, minutes_played, nineties, goals, assists, g_a, goals_minus_pk, penalties_scored, penalties_attempted, yellow_cards, red_cards, goals_per90, assists_per90, g_a_per90, goals_minus_pk_per90, g_a_minus_pk_per90, player_name_norm, player_id_tm, player_name_tm, season_start_year_tm, valuation_date, market_value_eur, log_market_value_eur, market_value_prev_eur, market_value_next_eur, market_value_growth_1y, delta_log_market_value_1y, age_tm, date_of_birth, nationality, position_tm, sub_position_tm, foot, height_in_cm, current_club_name_tm, current_club_id_tm, competition_id_tm, source, matching_method, matching_confidence, age_diff, club_score, matching_status, season_start_year, age, goals_per90_pos_z, assists_per90_pos_z, shots_per90_pos_z, goals_position_percentile, assists_position_percentile, market_value_growth_prev, delta_log_market_value_prev, age_squared, career_year, breakout_indicator, z_goals_per90_global, z_assists_per90_global, z_age_global, z_career_year_global, z_market_value_growth_prev_global, z_delta_log_market_value_prev_global, finishing_index, playmaking_index, growth_index, experience_index, log_minutes_played, model_name, predicted_log_market_value, observed_log_market_value, prediction_error_log"
reports/sprint_13a1/xgboost/tables/ml_tuned_model_comparison.csv,.csv,0.0,2026-06-08T00:41:53.696419+00:00,2026-06-08T02:41:53,7255c5e188055dcb,,4,"model, rmse, mae, r2"
reports/sprint_13b/econometric/03_advanced_feature_coefficients.csv,.csv,0.0,2026-06-09T20:57:36.171322+00:00,2026-06-09T22:57:36,4b4f0d3af6d5daa6,,6,"term, coef, std_err_HC3, t, p_value, significant_5pct"
reports/sprint_13b/econometric/03_econometric_model_coefficients.csv,.csv,0.002,2026-06-09T20:57:36.172319+00:00,2026-06-09T22:57:36,f162a3791e26bdb3,,6,"term, coef, std_err_HC3, t, p_value, significant_5pct"
reports/sprint_13b/econometric/03_econometric_model_metrics.csv,.csv,0.001,2026-06-09T20:57:36.172319+00:00,2026-06-09T22:57:36,e1b5d49729e5e37c,,6,"model, split, n, MAE_log, RMSE_log, R2"
reports/sprint_13b/econometric/03_econometric_scored_player_seasons.parquet,.parquet,1.129,2026-06-08T23:52:30.515740+00:00,2026-06-09T01:52:30,b61f055a24887c42,,92,"player_name_fbref, club, league, season, season_start_year_fbref, position, position_group, age_fbref, matches_played, starts, minutes_played, nineties, goals, assists, g_a, goals_minus_pk, penalties_scored, penalties_attempted, yellow_cards, red_cards, goals_per90, assists_per90, g_a_per90, goals_minus_pk_per90, g_a_minus_pk_per90, player_name_norm, player_id_tm, player_name_tm, season_start_year_tm, valuation_date, market_value_eur, log_market_value_eur, market_value_prev_eur, market_value_next_eur, market_value_growth_1y, delta_log_market_value_1y, age_tm, date_of_birth, nationality, position_tm, sub_position_tm, foot, height_in_cm, current_club_name_tm, current_club_id_tm, competition_id_tm, source, matching_method, matching_confidence, age_diff, club_score, matching_status, season_start_year, age, player_name_normalized, adv_goals, adv_shots, adv_shots_on_target, adv_shots_per90, adv_shots_on_target_per90, adv_minutes, adv_starts, adv_complete_matches, adv_interceptions, adv_tackles_won, goals_position_pct, shots_position_pct, shots_on_target_position_pct, shots_per90_position_pct, shots_on_target_per90_position_pct, starts_position_pct, minutes_position_pct, complete_matches_position_pct, interceptions_position_pct, tackles_won_position_pct, finishing_index_v2, availability_index, defensive_activity_index, player_name, log_minutes_played"
reports/sprint_13b/econometric/03_econometric_test_predictions.parquet,.parquet,0.28,2026-06-08T23:52:30.566396+00:00,2026-06-09T01:52:30,99d73a1e46a00680,,89,"player_name_fbref, club, league, season, season_start_year_fbref, position, position_group, age_fbref, matches_played, starts, minutes_played, nineties, goals, assists, g_a, goals_minus_pk, penalties_scored, penalties_attempted, yellow_cards, red_cards, goals_per90, assists_per90, g_a_per90, goals_minus_pk_per90, g_a_minus_pk_per90, player_name_norm, player_id_tm, player_name_tm, season_start_year_tm, valuation_date, market_value_eur, log_market_value_eur, market_value_prev_eur, market_value_next_eur, market_value_growth_1y, delta_log_market_value_1y, age_tm, date_of_birth, nationality, position_tm, sub_position_tm, foot, height_in_cm, current_club_name_tm, current_club_id_tm, competition_id_tm, source, matching_method, matching_confidence, age_diff, club_score, matching_status, season_start_year, age, player_name_normalized, adv_goals, adv_shots, adv_shots_on_target, adv_shots_per90, adv_shots_on_target_per90, adv_minutes, adv_starts, adv_complete_matches, adv_interceptions, adv_tackles_won, goals_position_pct, shots_position_pct, shots_on_target_position_pct, shots_per90_position_pct, shots_on_target_per90_position_pct, starts_position_pct, minutes_position_pct, complete_matches_position_pct, interceptions_position_pct, tackles_won_position_pct, finishing_index_v2, availability_index, defensive_activity_index, player_name, log_minutes_played"
reports/sprint_13b/econometric/03_inefficiency_by_league_test.csv,.csv,0.002,2026-06-09T20:57:36.173345+00:00,2026-06-09T22:57:36,dee0251f65d1b0ae,,9,"league, n, mean_inefficiency, median_inefficiency, mean_gap_eur, median_gap_eur, mean_gap_pct, mean_confidence, mean_opportunity"
reports/sprint_13b/econometric/03_main_coefficients_advanced_features.csv,.csv,0.001,2026-06-09T20:57:36.174549+00:00,2026-06-09T22:57:36,410db7f7c2a83d5c,,6,"term, coef, std_err_HC3, t, p_value, significant_5pct"
reports/sprint_13b/econometric/03_overvalued_ranking.csv,.csv,0.017,2026-06-09T20:57:36.174549+00:00,2026-06-09T22:57:36,7ff31b41191f6bcc,,23,"player_id_tm, player_name, club, current_club_name_tm, league, season, position_group, age, minutes_played, market_value_eur, predicted_market_value_eur, market_value_gap_eur, market_value_gap_pct, log_market_value_eur, predicted_log_market_value, inefficiency_score, inefficiency_score_z, confidence_score, opportunity_score, matching_method, matching_confidence, age_diff, club_score"
reports/sprint_13b/econometric/03_strict_matching_metrics.csv,.csv,0.0,2026-06-09T20:57:36.175878+00:00,2026-06-09T22:57:36,f4e0d007b76874cb,,6,"model, split, n, MAE_log, RMSE_log, R2"
reports/sprint_13b/econometric/03_undervalued_ranking.csv,.csv,0.016,2026-06-09T20:57:36.175878+00:00,2026-06-09T22:57:36,f1a5ff1cef05e7af,,23,"player_id_tm, player_name, club, current_club_name_tm, league, season, position_group, age, minutes_played, market_value_eur, predicted_market_value_eur, market_value_gap_eur, market_value_gap_pct, log_market_value_eur, predicted_log_market_value, inefficiency_score, inefficiency_score_z, confidence_score, opportunity_score, matching_method, matching_confidence, age_diff, club_score"
reports/sprint_13b/econometric/03_vif_table.csv,.csv,0.0,2026-06-09T20:57:36.177132+00:00,2026-06-09T22:57:36,2375b01a021876d9,,2,"variable, VIF"
reports/sprint_13b/econometric/correlation_advanced_features.csv,.csv,0.0,2026-06-09T20:57:36.177132+00:00,2026-06-09T22:57:36,51f5a3508e630aa8,,4,"Unnamed: 0, finishing_index_v2, availability_index, defensive_activity_index"
reports/sprint_13b/econometric/ols_model_comparison.csv,.csv,0.001,2026-06-09T20:57:36.179758+00:00,2026-06-09T22:57:36,308b19dc34b8b029,,15,"model, nobs_train, n_params, train_R2_in_sample, train_adj_R2_in_sample, AIC, BIC, n_train_metric, train_MAE_log, train_RMSE_log, train_R2_oos_style, n_test, test_MAE_log, test_RMSE_log, test_R2"
reports/sprint_13b/econometric/vif_advanced_features_model_b.csv,.csv,0.0,2026-06-09T20:57:36.180763+00:00,2026-06-09T22:57:36,bda379e657a13db9,,2,"variable, VIF"
reports/sprint_13b/econometric/vif_model_b.csv,.csv,0.001,2026-06-09T20:57:36.181867+00:00,2026-06-09T22:57:36,32a25fbe1651ae8f,,2,"variable, vif"
reports/sprint_13b/fbref_advanced_coverage_audit.csv,.csv,0.542,2026-06-09T20:57:36.184309+00:00,2026-06-09T22:57:36,05113ec9d11320a5,,12,"dataset, file, variable, rows, non_null, coverage_pct, numeric_non_null, numeric_coverage_pct, min, max, mean, std"
reports/sprint_13b/fbref_advanced_extraction_audit.csv,.csv,0.035,2026-06-09T20:57:36.185565+00:00,2026-06-09T22:57:36,48b7df799a063bb6,,9,"source, league, season, stat_type, status, rows, columns, output_path, error"
reports/sprint_13b/fbref_advanced_feature_engineering_audit.csv,.csv,0.0,2026-06-09T20:57:36.185565+00:00,2026-06-09T22:57:36,6daa6f9da1d5b388,,4,"feature, exists, non_null, coverage_pct"
reports/sprint_13b/fbref_advanced_file_audit.csv,.csv,0.015,2026-06-09T20:57:36.186926+00:00,2026-06-09T22:57:36,c42cdf641a99f0ba,,6,"dataset, file, status, rows, columns, error"
reports/sprint_13b/fbref_advanced_variable_summary.csv,.csv,0.007,2026-06-09T20:57:36.187936+00:00,2026-06-09T22:57:36,2310dd2f6aa05691,,14,"dataset, variable, total_rows, total_non_null, total_numeric_non_null, avg_coverage_pct, avg_numeric_coverage_pct, min_value, max_value, mean_value, std_value, n_files, global_coverage_pct, global_numeric_coverage_pct"
reports/sprint_13b/ml/advanced_features_contribution_ranking_v13b.csv,.csv,0.0,2026-06-09T20:57:36.188946+00:00,2026-06-09T22:57:36,25f6be5426b3ce7e,,7,"advanced_feature, mean_importance, mean_normalized_importance, best_rank, models_top_15, models_top_10, contribution_rank"
reports/sprint_13b/ml/advanced_features_coverage_v13b.csv,.csv,0.0,2026-06-09T20:57:36.188946+00:00,2026-06-09T22:57:36,52dab0ac0a9c1693,,3,"feature, coverage, coverage_pct"
reports/sprint_13b/ml/advanced_features_importance_summary_v13b.csv,.csv,0.001,2026-06-09T20:57:36.189995+00:00,2026-06-09T22:57:36,7229b9f2eb5824b7,,6,"model, advanced_feature, importance, rank, top_15, top_10"
reports/sprint_13b/ml/advanced_features_performance_summary.csv,.csv,0.001,2026-06-09T20:57:36.189995+00:00,2026-06-09T22:57:36,8955e28908bc961a,,4,"item, value, metric, numeric_value"
reports/sprint_13b/ml/feature_importance_all_aggregated_v13b.csv,.csv,0.003,2026-06-09T20:57:36.191426+00:00,2026-06-09T22:57:36,997ef499cd22f0a2,,7,"model, feature_set, original_feature, importance, max_component_importance, n_components, rank"
reports/sprint_13b/ml/feature_importance_all_transformed_v13b.csv,.csv,0.006,2026-06-09T20:57:36.192847+00:00,2026-06-09T22:57:36,95cd1b8a49c81be9,,6,"model, feature_set, transformed_feature, feature, importance, rank"
reports/sprint_13b/ml/feature_importance_lightgbm_v13b.csv,.csv,0.001,2026-06-09T20:57:36.192847+00:00,2026-06-09T22:57:36,e46b76ade88358d5,,7,"model, feature_set, original_feature, importance, max_component_importance, n_components, rank"
reports/sprint_13b/ml/feature_importance_rf_v13b.csv,.csv,0.001,2026-06-09T20:57:36.194095+00:00,2026-06-09T22:57:36,17e17c036a1c9b81,,7,"model, feature_set, original_feature, importance, max_component_importance, n_components, rank"
reports/sprint_13b/ml/feature_importance_xgboost_v13b.csv,.csv,0.001,2026-06-09T20:57:36.194095+00:00,2026-06-09T22:57:36,23979fad491344a4,,7,"model, feature_set, original_feature, importance, max_component_importance, n_components, rank"
reports/sprint_13b/ml/feature_sets_v13b.csv,.csv,0.0,2026-06-09T20:57:36.195186+00:00,2026-06-09T22:57:36,f9668804972f45fb,,5,"feature_set, n_numeric_features, n_categorical_features, numeric_features, categorical_features"
reports/sprint_13b/ml/ml_model_comparison_raw_v13b.csv,.csv,0.002,2026-06-09T20:57:36.198242+00:00,2026-06-09T22:57:36,32bc65fa7bb12440,,7,"model, feature_set, split, MAE_log, RMSE_log, R2, RMSE_multiplicative_factor"
reports/sprint_13b/ml/ml_model_comparison_test_v13b.csv,.csv,0.001,2026-06-09T20:57:36.199373+00:00,2026-06-09T22:57:36,96ab97d7be25ea50,,16,"model, split, feature_set_A, feature_set_B, MAE_A, MAE_B, RMSE_A, RMSE_B, R2_A, R2_B, delta_MAE_B_minus_A, delta_RMSE_B_minus_A, delta_R2_B_minus_A, MAE_improves, RMSE_improves, R2_improves"
reports/sprint_13b/ml/ml_model_comparison_v13b.csv,.csv,0.002,2026-06-09T20:57:36.199373+00:00,2026-06-09T22:57:36,256a679bf37122d8,,16,"model, split, feature_set_A, feature_set_B, MAE_A, MAE_B, RMSE_A, RMSE_B, R2_A, R2_B, delta_MAE_B_minus_A, delta_RMSE_B_minus_A, delta_R2_B_minus_A, MAE_improves, RMSE_improves, R2_improves"
reports/sprint_13b/ml/ml_success_criteria_v13b.csv,.csv,0.0,2026-06-09T20:57:36.200448+00:00,2026-06-09T22:57:36,1a9f43c413421c17,,3,"criterion, satisfied, sprint_13b5_success"
reports/sprint_13b/ml/predictions/04_ml_test_predictions_v13b.csv,.csv,1.454,2026-06-09T20:57:36.208656+00:00,2026-06-09T22:57:36,be555fe2f41242c1,,17,"player_name_fbref, player_id_tm, club, current_club_name_tm, league, season, position_group, age, minutes_played, market_value_eur, log_market_value_eur, model, feature_set, predicted_log_market_value_ml, predicted_market_value_ml_eur, residual_log_observed_minus_predicted, inefficiency_score_ml"
reports/sprint_13b/ml/predictions/04_ml_test_predictions_v13b.parquet,.parquet,0.278,2026-06-08T23:35:41.795087+00:00,2026-06-09T01:35:41,0b273d76e325890e,,17,"player_name_fbref, player_id_tm, club, current_club_name_tm, league, season, position_group, age, minutes_played, market_value_eur, log_market_value_eur, model, feature_set, predicted_log_market_value_ml, predicted_market_value_ml_eur, residual_log_observed_minus_predicted, inefficiency_score_ml"
reports/sprint_13b/poc_playwright_fbref_html_results.csv,.csv,0.001,2026-06-09T20:57:36.209652+00:00,2026-06-09T22:57:36,9edd8fe6ee9d83be,,10,"dataset, league, season, url, filename, status, http_status, html_chars, output_path, error"
reports/sprint_13b/poc_soccerdata_fbref_results.csv,.csv,0.001,2026-06-09T20:57:36.210707+00:00,2026-06-09T22:57:36,53ce284b622fc0de,,9,"source, league, season, stat_type, status, rows, columns, output_path, error"
reports/sprint_13b/poc_soccerdata_fbref_team_season_results.csv,.csv,0.001,2026-06-09T20:57:36.211773+00:00,2026-06-09T22:57:36,00003875b479a12a,,7,"level, stat_type, status, rows, columns, output_path, error"
reports/sprint_13b/productive/03_advanced_feature_coefficients.csv,.csv,0.0,2026-06-09T20:57:36.212789+00:00,2026-06-09T22:57:36,4b4f0d3af6d5daa6,,6,"term, coef, std_err_HC3, t, p_value, significant_5pct"
reports/sprint_13b/productive/03_econometric_model_coefficients.csv,.csv,0.002,2026-06-09T20:57:36.212789+00:00,2026-06-09T22:57:36,f162a3791e26bdb3,,6,"term, coef, std_err_HC3, t, p_value, significant_5pct"
reports/sprint_13b/productive/03_econometric_model_metrics.csv,.csv,0.001,2026-06-09T20:57:36.213808+00:00,2026-06-09T22:57:36,e1b5d49729e5e37c,,6,"model, split, n, MAE_log, RMSE_log, R2"
reports/sprint_13b/productive/03_econometric_scored_player_seasons.parquet,.parquet,1.129,2026-06-08T23:53:41.496501+00:00,2026-06-09T01:53:41,b61f055a24887c42,,92,"player_name_fbref, club, league, season, season_start_year_fbref, position, position_group, age_fbref, matches_played, starts, minutes_played, nineties, goals, assists, g_a, goals_minus_pk, penalties_scored, penalties_attempted, yellow_cards, red_cards, goals_per90, assists_per90, g_a_per90, goals_minus_pk_per90, g_a_minus_pk_per90, player_name_norm, player_id_tm, player_name_tm, season_start_year_tm, valuation_date, market_value_eur, log_market_value_eur, market_value_prev_eur, market_value_next_eur, market_value_growth_1y, delta_log_market_value_1y, age_tm, date_of_birth, nationality, position_tm, sub_position_tm, foot, height_in_cm, current_club_name_tm, current_club_id_tm, competition_id_tm, source, matching_method, matching_confidence, age_diff, club_score, matching_status, season_start_year, age, player_name_normalized, adv_goals, adv_shots, adv_shots_on_target, adv_shots_per90, adv_shots_on_target_per90, adv_minutes, adv_starts, adv_complete_matches, adv_interceptions, adv_tackles_won, goals_position_pct, shots_position_pct, shots_on_target_position_pct, shots_per90_position_pct, shots_on_target_per90_position_pct, starts_position_pct, minutes_position_pct, complete_matches_position_pct, interceptions_position_pct, tackles_won_position_pct, finishing_index_v2, availability_index, defensive_activity_index, player_name, log_minutes_played"
reports/sprint_13b/productive/03_econometric_test_predictions.parquet,.parquet,0.28,2026-06-08T23:53:41.516594+00:00,2026-06-09T01:53:41,99d73a1e46a00680,,89,"player_name_fbref, club, league, season, season_start_year_fbref, position, position_group, age_fbref, matches_played, starts, minutes_played, nineties, goals, assists, g_a, goals_minus_pk, penalties_scored, penalties_attempted, yellow_cards, red_cards, goals_per90, assists_per90, g_a_per90, goals_minus_pk_per90, g_a_minus_pk_per90, player_name_norm, player_id_tm, player_name_tm, season_start_year_tm, valuation_date, market_value_eur, log_market_value_eur, market_value_prev_eur, market_value_next_eur, market_value_growth_1y, delta_log_market_value_1y, age_tm, date_of_birth, nationality, position_tm, sub_position_tm, foot, height_in_cm, current_club_name_tm, current_club_id_tm, competition_id_tm, source, matching_method, matching_confidence, age_diff, club_score, matching_status, season_start_year, age, player_name_normalized, adv_goals, adv_shots, adv_shots_on_target, adv_shots_per90, adv_shots_on_target_per90, adv_minutes, adv_starts, adv_complete_matches, adv_interceptions, adv_tackles_won, goals_position_pct, shots_position_pct, shots_on_target_position_pct, shots_per90_position_pct, shots_on_target_per90_position_pct, starts_position_pct, minutes_position_pct, complete_matches_position_pct, interceptions_position_pct, tackles_won_position_pct, finishing_index_v2, availability_index, defensive_activity_index, player_name, log_minutes_played"
reports/sprint_13b/productive/03_inefficiency_by_league_test.csv,.csv,0.002,2026-06-09T20:57:36.213808+00:00,2026-06-09T22:57:36,dee0251f65d1b0ae,,9,"league, n, mean_inefficiency, median_inefficiency, mean_gap_eur, median_gap_eur, mean_gap_pct, mean_confidence, mean_opportunity"
reports/sprint_13b/productive/03_main_coefficients_advanced_features.csv,.csv,0.001,2026-06-09T20:57:36.214948+00:00,2026-06-09T22:57:36,410db7f7c2a83d5c,,6,"term, coef, std_err_HC3, t, p_value, significant_5pct"
reports/sprint_13b/productive/03_overvalued_ranking.csv,.csv,0.017,2026-06-09T20:57:36.216109+00:00,2026-06-09T22:57:36,7ff31b41191f6bcc,,23,"player_id_tm, player_name, club, current_club_name_tm, league, season, position_group, age, minutes_played, market_value_eur, predicted_market_value_eur, market_value_gap_eur, market_value_gap_pct, log_market_value_eur, predicted_log_market_value, inefficiency_score, inefficiency_score_z, confidence_score, opportunity_score, matching_method, matching_confidence, age_diff, club_score"
reports/sprint_13b/productive/03_strict_matching_metrics.csv,.csv,0.0,2026-06-09T20:57:36.216109+00:00,2026-06-09T22:57:36,f4e0d007b76874cb,,6,"model, split, n, MAE_log, RMSE_log, R2"
reports/sprint_13b/productive/03_undervalued_ranking.csv,.csv,0.016,2026-06-09T20:57:36.217138+00:00,2026-06-09T22:57:36,f1a5ff1cef05e7af,,23,"player_id_tm, player_name, club, current_club_name_tm, league, season, position_group, age, minutes_played, market_value_eur, predicted_market_value_eur, market_value_gap_eur, market_value_gap_pct, log_market_value_eur, predicted_log_market_value, inefficiency_score, inefficiency_score_z, confidence_score, opportunity_score, matching_method, matching_confidence, age_diff, club_score"
reports/sprint_13b/productive/advanced_features_contribution_ranking_v13b.csv,.csv,0.0,2026-06-09T20:57:36.219352+00:00,2026-06-09T22:57:36,25f6be5426b3ce7e,,7,"advanced_feature, mean_importance, mean_normalized_importance, best_rank, models_top_15, models_top_10, contribution_rank"
reports/sprint_13b/productive/advanced_features_coverage_v13b.csv,.csv,0.0,2026-06-09T20:57:36.220367+00:00,2026-06-09T22:57:36,52dab0ac0a9c1693,,3,"feature, coverage, coverage_pct"
reports/sprint_13b/productive/advanced_features_importance_summary_v13b.csv,.csv,0.001,2026-06-09T20:57:36.220367+00:00,2026-06-09T22:57:36,7229b9f2eb5824b7,,6,"model, advanced_feature, importance, rank, top_15, top_10"
reports/sprint_13b/productive/advanced_features_performance_summary.csv,.csv,0.001,2026-06-09T20:57:36.221374+00:00,2026-06-09T22:57:36,8955e28908bc961a,,4,"item, value, metric, numeric_value"
reports/sprint_13b/productive/correlation_advanced_features.csv,.csv,0.0,2026-06-09T20:57:36.221374+00:00,2026-06-09T22:57:36,51f5a3508e630aa8,,4,"Unnamed: 0, finishing_index_v2, availability_index, defensive_activity_index"
reports/sprint_13b/productive/feature_importance_all_aggregated_v13b.csv,.csv,0.003,2026-06-09T20:57:36.222858+00:00,2026-06-09T22:57:36,997ef499cd22f0a2,,7,"model, feature_set, original_feature, importance, max_component_importance, n_components, rank"
reports/sprint_13b/productive/feature_importance_all_transformed_v13b.csv,.csv,0.006,2026-06-09T20:57:36.223959+00:00,2026-06-09T22:57:36,95cd1b8a49c81be9,,6,"model, feature_set, transformed_feature, feature, importance, rank"
reports/sprint_13b/productive/feature_importance_lightgbm_v13b.csv,.csv,0.001,2026-06-09T20:57:36.223959+00:00,2026-06-09T22:57:36,e46b76ade88358d5,,7,"model, feature_set, original_feature, importance, max_component_importance, n_components, rank"
reports/sprint_13b/productive/feature_importance_rf_v13b.csv,.csv,0.001,2026-06-09T20:57:36.225139+00:00,2026-06-09T22:57:36,17e17c036a1c9b81,,7,"model, feature_set, original_feature, importance, max_component_importance, n_components, rank"
reports/sprint_13b/productive/feature_importance_xgboost_v13b.csv,.csv,0.001,2026-06-09T20:57:36.225139+00:00,2026-06-09T22:57:36,23979fad491344a4,,7,"model, feature_set, original_feature, importance, max_component_importance, n_components, rank"
reports/sprint_13b/productive/feature_sets_v13b.csv,.csv,0.0,2026-06-09T20:57:36.226139+00:00,2026-06-09T22:57:36,f9668804972f45fb,,5,"feature_set, n_numeric_features, n_categorical_features, numeric_features, categorical_features"
reports/sprint_13b/productive/ml_model_comparison_raw_v13b.csv,.csv,0.002,2026-06-09T20:57:36.228526+00:00,2026-06-09T22:57:36,260f31a86b1f1494,,7,"model, feature_set, split, MAE_log, RMSE_log, R2, RMSE_multiplicative_factor"
reports/sprint_13b/productive/ml_model_comparison_test_v13b.csv,.csv,0.001,2026-06-09T20:57:36.229848+00:00,2026-06-09T22:57:36,17c48b30ed742bd6,,16,"model, split, feature_set_A, feature_set_B, MAE_A, MAE_B, RMSE_A, RMSE_B, R2_A, R2_B, delta_MAE_B_minus_A, delta_RMSE_B_minus_A, delta_R2_B_minus_A, MAE_improves, RMSE_improves, R2_improves"
reports/sprint_13b/productive/ml_model_comparison_v13b.csv,.csv,0.002,2026-06-09T20:57:36.231032+00:00,2026-06-09T22:57:36,b78eda498e462476,,16,"model, split, feature_set_A, feature_set_B, MAE_A, MAE_B, RMSE_A, RMSE_B, R2_A, R2_B, delta_MAE_B_minus_A, delta_RMSE_B_minus_A, delta_R2_B_minus_A, MAE_improves, RMSE_improves, R2_improves"
reports/sprint_13b/productive/ml_success_criteria_v13b.csv,.csv,0.0,2026-06-09T20:57:36.231032+00:00,2026-06-09T22:57:36,1a9f43c413421c17,,3,"criterion, satisfied, sprint_13b5_success"
reports/sprint_13b/productive/ols_model_comparison.csv,.csv,0.001,2026-06-09T20:57:36.232229+00:00,2026-06-09T22:57:36,308b19dc34b8b029,,15,"model, nobs_train, n_params, train_R2_in_sample, train_adj_R2_in_sample, AIC, BIC, n_train_metric, train_MAE_log, train_RMSE_log, train_R2_oos_style, n_test, test_MAE_log, test_RMSE_log, test_R2"
reports/sprint_13b/productive/predictions/04_ml_test_predictions_v13b.csv,.csv,1.454,2026-06-09T20:57:36.242357+00:00,2026-06-09T22:57:36,beec8986b01c05e1,,17,"player_name_fbref, player_id_tm, club, current_club_name_tm, league, season, position_group, age, minutes_played, market_value_eur, log_market_value_eur, model, feature_set, predicted_log_market_value_ml, predicted_market_value_ml_eur, residual_log_observed_minus_predicted, inefficiency_score_ml"
reports/sprint_13b/productive/predictions/04_ml_test_predictions_v13b.parquet,.parquet,0.278,2026-06-08T23:54:01.630837+00:00,2026-06-09T01:54:01,681a9ffdd8537ff8,,17,"player_name_fbref, player_id_tm, club, current_club_name_tm, league, season, position_group, age, minutes_played, market_value_eur, log_market_value_eur, model, feature_set, predicted_log_market_value_ml, predicted_market_value_ml_eur, residual_log_observed_minus_predicted, inefficiency_score_ml"
reports/sprint_13b/productive/rankings/scoring_dataset.csv,.csv,3.07,2026-06-10T16:41:59.202322+00:00,2026-06-10T18:41:59,e94b57397489ba36,,38,"player_name_fbref, player_id_tm, club, current_club_name_tm, league, season, position_group, age, minutes_played, market_value_eur, log_market_value_eur, model, feature_set, predicted_log_market_value_ml, predicted_market_value_ml_eur, residual_log_observed_minus_predicted, inefficiency_score_ml, market_value_growth_prev, delta_log_market_value_prev, growth_index, breakout_indicator, career_year, matching_confidence, matching_method, goals_per90, assists_per90, predicted_market_value_eur, residual_observed_minus_predicted_log, inefficiency_score_log, market_value_gap_eur, market_value_gap_pct, inefficiency_score_log_winsorized, market_value_gap_pct_winsorized, inefficiency_score_z, market_value_gap_pct_z, is_undervalued, is_overvalued, inefficiency_rank"
reports/sprint_13b/productive/rankings/scoring_dataset_confidence.csv,.csv,4.626,2026-06-10T16:42:02.192346+00:00,2026-06-10T18:42:02,535b64f61b0efc4e,,57,"player_name_fbref, player_id_tm, club, current_club_name_tm, league, season, position_group, age, minutes_played, market_value_eur, log_market_value_eur, model, feature_set, predicted_log_market_value_ml, predicted_market_value_ml_eur, residual_log_observed_minus_predicted, inefficiency_score_ml, market_value_growth_prev, delta_log_market_value_prev, growth_index, breakout_indicator, career_year, matching_confidence, matching_method, goals_per90, assists_per90, predicted_market_value_eur, residual_observed_minus_predicted_log, inefficiency_score_log, market_value_gap_eur, market_value_gap_pct, inefficiency_score_log_winsorized, market_value_gap_pct_winsorized, inefficiency_score_z, market_value_gap_pct_z, is_undervalued, is_overvalued, inefficiency_rank, market_value_growth_prev_growth_component_z, delta_log_market_value_prev_growth_component_z, growth_index_growth_component_z, breakout_indicator_growth_component_z, career_year_growth_component_z, growth_score_raw, growth_score_z, growth_score, growth_rank, high_growth_flag, matching_confidence_component, minutes_reliability_component, feature_completeness_component, temporal_stability_component, confidence_score_raw, confidence_score, confidence_score_z, confidence_rank, low_confidence_flag"
reports/sprint_13b/productive/rankings/scoring_dataset_growth.csv,.csv,4.037,2026-06-10T16:42:00.647366+00:00,2026-06-10T18:42:00,1ff81ef4ceac706f,,48,"player_name_fbref, player_id_tm, club, current_club_name_tm, league, season, position_group, age, minutes_played, market_value_eur, log_market_value_eur, model, feature_set, predicted_log_market_value_ml, predicted_market_value_ml_eur, residual_log_observed_minus_predicted, inefficiency_score_ml, market_value_growth_prev, delta_log_market_value_prev, growth_index, breakout_indicator, career_year, matching_confidence, matching_method, goals_per90, assists_per90, predicted_market_value_eur, residual_observed_minus_predicted_log, inefficiency_score_log, market_value_gap_eur, market_value_gap_pct, inefficiency_score_log_winsorized, market_value_gap_pct_winsorized, inefficiency_score_z, market_value_gap_pct_z, is_undervalued, is_overvalued, inefficiency_rank, market_value_growth_prev_growth_component_z, delta_log_market_value_prev_growth_component_z, growth_index_growth_component_z, breakout_indicator_growth_component_z, career_year_growth_component_z, growth_score_raw, growth_score_z, growth_score, growth_rank, high_growth_flag"
reports/sprint_13b/productive/rankings/scoring_dataset_opportunity.csv,.csv,5.017,2026-06-10T16:42:03.661161+00:00,2026-06-10T18:42:03,772ac2e6336bf837,,63,"player_name_fbref, player_id_tm, club, current_club_name_tm, league, season, position_group, age, minutes_played, market_value_eur, log_market_value_eur, model, feature_set, predicted_log_market_value_ml, predicted_market_value_ml_eur, residual_log_observed_minus_predicted, inefficiency_score_ml, market_value_growth_prev, delta_log_market_value_prev, growth_index, breakout_indicator, career_year, matching_confidence, matching_method, goals_per90, assists_per90, predicted_market_value_eur, residual_observed_minus_predicted_log, inefficiency_score_log, market_value_gap_eur, market_value_gap_pct, inefficiency_score_log_winsorized, market_value_gap_pct_winsorized, inefficiency_score_z, market_value_gap_pct_z, is_undervalued, is_overvalued, inefficiency_rank, market_value_growth_prev_growth_component_z, delta_log_market_value_prev_growth_component_z, growth_index_growth_component_z, breakout_indicator_growth_component_z, career_year_growth_component_z, growth_score_raw, growth_score_z, growth_score, growth_rank, high_growth_flag, matching_confidence_component, minutes_reliability_component, feature_completeness_component, temporal_stability_component, confidence_score_raw, confidence_score, confidence_score_z, confidence_rank, low_confidence_flag, opportunity_score_raw, opportunity_score, opportunity_rank, opportunity_tier, is_scouting_target, is_high_priority_or_target"
reports/sprint_13b/productive/rankings/scouting_shortlist.csv,.csv,0.023,2026-06-10T16:42:04.971498+00:00,2026-06-10T18:42:04,c23addbbe930fd5d,,18,"player_name_fbref, club, league, season, position_group, age, minutes_played, market_value_eur, predicted_market_value_eur, market_value_gap_eur, market_value_gap_pct, inefficiency_score_z, growth_score, confidence_score, opportunity_score, opportunity_tier, matching_confidence, matching_method"
reports/sprint_13b/productive/rankings/top_high_potential.csv,.csv,0.012,2026-06-10T16:42:04.961698+00:00,2026-06-10T18:42:04,19a0d46f256495f4,,18,"player_name_fbref, club, league, season, position_group, age, minutes_played, market_value_eur, predicted_market_value_eur, market_value_gap_eur, market_value_gap_pct, inefficiency_score_z, growth_score, confidence_score, opportunity_score, opportunity_tier, matching_confidence, matching_method"
reports/sprint_13b/productive/rankings/top_low_risk.csv,.csv,0.013,2026-06-10T16:42:04.966155+00:00,2026-06-10T18:42:04,aceccf7fb9e097c2,,18,"player_name_fbref, club, league, season, position_group, age, minutes_played, market_value_eur, predicted_market_value_eur, market_value_gap_eur, market_value_gap_pct, inefficiency_score_z, growth_score, confidence_score, opportunity_score, opportunity_tier, matching_confidence, matching_method"
reports/sprint_13b/productive/rankings/top_undervalued_by_league.csv,.csv,0.053,2026-06-10T16:42:04.951340+00:00,2026-06-10T18:42:04,0c64cbac92bf8e4a,,18,"player_name_fbref, club, league, season, position_group, age, minutes_played, market_value_eur, predicted_market_value_eur, market_value_gap_eur, market_value_gap_pct, inefficiency_score_z, growth_score, confidence_score, opportunity_score, opportunity_tier, matching_confidence, matching_method"
reports/sprint_13b/productive/rankings/top_undervalued_by_position.csv,.csv,0.019,2026-06-10T16:42:04.956702+00:00,2026-06-10T18:42:04,368d747d542f8240,,18,"player_name_fbref, club, league, season, position_group, age, minutes_played, market_value_eur, predicted_market_value_eur, market_value_gap_eur, market_value_gap_pct, inefficiency_score_z, growth_score, confidence_score, opportunity_score, opportunity_tier, matching_confidence, matching_method"
reports/sprint_13b/productive/rankings/top_undervalued_global.csv,.csv,0.012,2026-06-10T16:42:04.942518+00:00,2026-06-10T18:42:04,b1debde6a8472bf7,,18,"player_name_fbref, club, league, season, position_group, age, minutes_played, market_value_eur, predicted_market_value_eur, market_value_gap_eur, market_value_gap_pct, inefficiency_score_z, growth_score, confidence_score, opportunity_score, opportunity_tier, matching_confidence, matching_method"
reports/sprint_13b/productive/vif_model_b.csv,.csv,0.001,2026-06-09T20:57:36.256620+00:00,2026-06-09T22:57:36,32a25fbe1651ae8f,,2,"variable, vif"
reports/strategy/optimized_transfer_portfolio.csv,.csv,0.002,2026-06-10T12:29:20.180013+00:00,2026-06-10T14:29:20,fc6d9b93648e9ea2,,32,"player_name_fbref, club, league, position, position_group, age, market_value_eur, predicted_market_value_eur, market_value_gap_eur, market_value_gap_pct, inefficiency_score_z, matching_confidence, expected_upside, expected_roi, inefficiency_score_norm, upside_score_norm, matching_confidence_norm, age_potential_score, portfolio_value_score, player_level_tier, player_level_rank, portfolio_cost, is_eligible_portfolio, risk_proxy, roi_score_norm, optimization_score, scenario, budget, max_signings, minimum_player_level, solver_status, budget_utilization"
reports/strategy/scenario_comparison.csv,.csv,0.001,2026-06-10T12:29:20.181085+00:00,2026-06-10T14:29:20,b417fefc35b0f83b,,14,"scenario, budget, max_signings, positions_needed, players_selected, total_cost, budget_utilization, expected_upside, expected_roi, avg_portfolio_score, avg_optimization_score, avg_confidence, avg_risk_proxy, selected_players"
reports/strategy/scenario_grid.csv,.csv,0.005,2026-06-10T12:29:20.183100+00:00,2026-06-10T14:29:20,75ee9d3cd539ff63,,16,"scenario, budget, max_signings, players_selected, total_cost, budget_utilization, expected_upside, expected_roi, avg_portfolio_score, avg_optimization_score, avg_confidence, avg_risk_proxy, solver_status, elapsed_seconds, selected_players, error"
reports/strategy/scenario_grid_portfolios.csv,.csv,0.034,2026-06-10T12:29:20.184099+00:00,2026-06-10T14:29:20,aa3f6e29182af306,,29,"player_name_fbref, club, league, position, position_group, age, market_value_eur, predicted_market_value_eur, market_value_gap_eur, market_value_gap_pct, inefficiency_score_z, matching_confidence, expected_upside, portfolio_value_score, portfolio_cost, is_eligible_portfolio, expected_roi, matching_confidence_norm, risk_proxy, roi_score_norm, optimization_score, scenario, budget, max_signings, solver_status, budget_utilization, grid_scenario, grid_budget, grid_elapsed_seconds"
reports/strategy/scenario_portfolios.csv,.csv,0.005,2026-06-10T12:29:20.185446+00:00,2026-06-10T14:29:20,3f85fb59d5586d8b,,28,"player_name_fbref, club, league, position, position_group, age, market_value_eur, predicted_market_value_eur, market_value_gap_eur, market_value_gap_pct, inefficiency_score_z, matching_confidence, expected_upside, portfolio_value_score, portfolio_cost, is_eligible_portfolio, expected_roi, matching_confidence_norm, risk_proxy, roi_score_norm, optimization_score, scenario, budget, max_signings, solver_status, budget_utilization, scenario_run, scenario_budget"
reports/strategy/transfer_portfolio_dataset.csv,.csv,1.823,2026-06-10T18:04:26.445118+00:00,2026-06-10T20:04:26,5c3668df7b0d27db,,23,"player_name_fbref, club, league, position, position_group, age, market_value_eur, predicted_market_value_eur, market_value_gap_eur, market_value_gap_pct, inefficiency_score_z, matching_confidence, expected_upside, expected_roi, inefficiency_score_norm, upside_score_norm, matching_confidence_norm, age_potential_score, portfolio_value_score, player_level_tier, player_level_rank, portfolio_cost, is_eligible_portfolio"
reports/tables/01_dataset_summary.csv,.csv,0.0,2026-06-02T20:10:07.508864+00:00,2026-06-02T22:10:07,2e4cdc5fcd87e48d,,6,"dataset, rows, columns, players, seasons, leagues"
reports/tables/01_market_value_by_league.csv,.csv,0.0,2026-06-02T20:10:07.514961+00:00,2026-06-02T22:10:07,b1a122af55c65dce,,5,"league, n_obs, median_market_value, mean_market_value, median_log_market_value"
reports/tables/01_match_rate_by_league.csv,.csv,0.0,2026-06-02T20:10:07.512731+00:00,2026-06-02T22:10:07,6027f17451fe64e5,,4,"league, count, sum, mean"
reports/tables/01_match_rate_by_season.csv,.csv,0.0,2026-06-02T20:10:07.511538+00:00,2026-06-02T22:10:07,8d7f9fd29f79f64e,,4,"season, count, sum, mean"
reports/tables/01_modeling_coverage_by_season.csv,.csv,0.001,2026-06-02T20:10:07.513730+00:00,2026-06-02T22:10:07,69ca2273cd31a8ab,,6,"season, n_obs, n_players, mean_age, median_market_value, mean_minutes"
reports/tables/01_temporal_split_summary.csv,.csv,0.0,2026-06-02T20:10:07.516435+00:00,2026-06-02T22:10:07,04684538f51c4d0e,,4,"split, rows, players, seasons"
reports/tables/02_baseline_coefficient_table.csv,.csv,0.003,2026-06-02T20:36:22.749521+00:00,2026-06-02T22:36:22,7fe88b0bc7a41c4b,,8,"term, coef, std_err_HC3, t_value, p_value, ci_lower, ci_upper, approx_pct_effect"
reports/tables/02_baseline_model_metrics.csv,.csv,0.001,2026-06-02T20:36:22.614774+00:00,2026-06-02T22:36:22,832e5d9a3a08955a,,5,"model, sample, MAE_log, RMSE_log, R2"
reports/tables/02_baseline_overvalued_ranking.csv,.csv,0.007,2026-06-02T20:36:23.369377+00:00,2026-06-02T22:36:23,4f94d4a2ebea6c4e,,18,"player_name_fbref, club, league, season, position_group, age, minutes_played, market_value_eur, predicted_market_value_eur, market_value_gap_eur, market_value_gap_pct, inefficiency_score, inefficiency_score_z, matching_method, matching_confidence, age_diff, club_score, opportunity_score"
reports/tables/02_baseline_test_predictions.parquet,.parquet,0.153,2026-06-02T20:36:22.899302+00:00,2026-06-02T22:36:22,5046eb59cff41dfb,,64,"player_name_fbref, club, league, season, season_start_year_fbref, position, position_group, age_fbref, matches_played, starts, minutes_played, nineties, goals, assists, g_a, goals_minus_pk, penalties_scored, penalties_attempted, yellow_cards, red_cards, goals_per90, assists_per90, g_a_per90, goals_minus_pk_per90, g_a_minus_pk_per90, player_name_norm, player_id_tm, player_name_tm, season_start_year_tm, valuation_date, market_value_eur, log_market_value_eur, market_value_prev_eur, market_value_next_eur, market_value_growth_1y, delta_log_market_value_1y, age_tm, date_of_birth, nationality, position_tm, sub_position_tm, foot, height_in_cm, current_club_name_tm, current_club_id_tm, competition_id_tm, source, matching_method, matching_confidence, age_diff, club_score, matching_status, season_start_year, age, log_minutes_played, predicted_log_market_value, predicted_market_value_eur, residual_observed_minus_predicted, inefficiency_score, market_value_gap_eur, market_value_gap_pct, inefficiency_score_z, confidence_score, opportunity_score"
reports/tables/02_baseline_undervalued_ranking.csv,.csv,0.006,2026-06-02T20:36:23.368336+00:00,2026-06-02T22:36:23,74aca2a216e7fe08,,18,"player_name_fbref, club, league, season, position_group, age, minutes_played, market_value_eur, predicted_market_value_eur, market_value_gap_eur, market_value_gap_pct, inefficiency_score, inefficiency_score_z, matching_method, matching_confidence, age_diff, club_score, opportunity_score"
reports/tables/02_baseline_vif_table.csv,.csv,0.001,2026-06-02T20:36:22.828043+00:00,2026-06-02T22:36:22,513a6d4ed03cb116,,2,"feature, VIF"
reports/tables/03_econometric_model_coefficients.csv,.csv,0.003,2026-05-06T07:29:39.087289+00:00,2026-05-06T09:29:39,c883b97c71d435c9,,8,"term, coef, std_err_HC3, t_value, p_value, ci_lower, ci_upper, approx_pct_effect"
reports/tables/03_econometric_model_metrics.csv,.csv,0.0,2026-05-06T07:29:39.054935+00:00,2026-05-06T09:29:39,09921dcc4a922fca,,2,"metric, value"
reports/tables/03_econometric_model_vif.csv,.csv,0.001,2026-05-06T07:29:39.153294+00:00,2026-05-06T09:29:39,561faf4d62a2469d,,2,"feature, VIF"
reports/tables/03_overvalued_ranking.csv,.csv,0.013,2026-05-06T07:29:40.015312+00:00,2026-05-06T09:29:40,8fef5211f4e40a71,,18,"club, league, season, position_group, age, market_value_eur, predicted_market_value_eur, market_value_gap_eur, market_value_gap_pct, log_market_value_eur, predicted_log_market_value, inefficiency_score, inefficiency_score_z, confidence_score, opportunity_score, matching_method, age_diff, club_score"
reports/tables/03_player_season_with_inefficiency_scores.parquet,.parquet,0.129,2026-05-06T07:29:40.015312+00:00,2026-05-06T09:29:40,569df0b236825242,,25,"log_market_value_eur, minutes_played, goals_per90, assists_per90, age, league, season, position_group, club, market_value_eur, matching_method, matching_confidence, age_diff, club_score, predicted_log_market_value, residual_log_observed_minus_predicted, residual_log, predicted_market_value_eur, market_value_gap_eur, market_value_gap_pct, residual_observed_minus_predicted, inefficiency_score, inefficiency_score_z, confidence_score, opportunity_score"
reports/tables/03_undervalued_ranking.csv,.csv,0.012,2026-05-06T07:29:40.015312+00:00,2026-05-06T09:29:40,d0df8a9abe140420,,18,"club, league, season, position_group, age, market_value_eur, predicted_market_value_eur, market_value_gap_eur, market_value_gap_pct, log_market_value_eur, predicted_log_market_value, inefficiency_score, inefficiency_score_z, confidence_score, opportunity_score, matching_method, age_diff, club_score"
reports/tables/explainability/feature_importance_comparison_top10.csv,.csv,0.0,2026-05-20T18:42:54.351955+00:00,2026-05-20T20:42:54,2652add9c0877110,,2,"feature, importance"
reports/tables/explainability/shap_global_importance.csv,.csv,0.001,2026-05-20T19:25:05.448085+00:00,2026-05-20T21:25:05,bff95b09aab0040e,,2,"feature, importance"
reports/tables/ml_model_metrics.csv,.csv,0.0,2026-05-06T21:47:54.547699+00:00,2026-05-06T23:47:54,16e743a955c700c4,,4,"model, MAE, RMSE, R2"
reports/tables/ml_tuned_model_comparison.csv,.csv,0.0,2026-06-08T00:18:55.760461+00:00,2026-06-08T02:18:55,8fc0147776b03713,,4,"model, rmse, mae, r2"
reports/tables/model_comparison.csv,.csv,0.0,2026-05-06T21:56:17.057525+00:00,2026-05-06T23:56:17,b882a6ddcd877f7a,,4,"model, MAE, RMSE, R2"
reports/tables/ols_model_metrics.csv,.csv,0.0,2026-05-16T01:00:58.849317+00:00,2026-05-16T03:00:58,e4a030fbbbc81f11,,4,"model, MAE, RMSE, R2"
reports/tables/transfermarkt_profile.csv,.csv,0.0,2026-04-27T19:08:05.599775+00:00,2026-04-27T21:08:05,343a1913c8d2f754,,7,"column, dtype, non_null_count, null_count, null_pct, unique_count, sample_values"
reports/tm3_contract_audit/contract_column_candidates.csv,.csv,0.001,2026-06-11T19:41:12.588789+00:00,2026-06-11T21:41:12,e30aa573914d946e,,5,"file, file_type, column, match_type, error"
reports/tm3_contract_audit/contract_coverage.csv,.csv,0.0,2026-06-11T19:41:12.595362+00:00,2026-06-11T21:41:12,ed96232150e6ab0d,,6,"scope, files_scanned, exact_contract_columns_found, semantic_contract_columns_found, contract_data_available, coverage_computable"
reports/tm3_contract_audit/contract_coverage_by_league.csv,.csv,0.0,2026-06-11T19:41:12.596375+00:00,2026-06-11T21:41:12,9c3c56bc97846198,,4,"league, observations, contract_available, contract_coverage_pct"
reports/tm3_contract_audit/contract_text_mentions.csv,.csv,0.002,2026-06-11T19:41:12.589803+00:00,2026-06-11T21:41:12,df9de7b3b8568965,,3,"file, keyword, mentions"
reports/tm3_contract_intelligence/contract_intelligence_dataset.csv,.csv,0.811,2026-06-12T00:20:45.517965+00:00,2026-06-12T02:20:45,5a7805c37fde3d28,,90,"player_name_fbref, player_id_tm, club_actual, current_club_name_tm, league, season, position_group, age, minutes_played, market_value_eur, log_market_value_eur, model, feature_set, predicted_log_market_value_ml, predicted_market_value_ml_eur, residual_log_observed_minus_predicted, inefficiency_score_ml, market_value_growth_prev, delta_log_market_value_prev, growth_index, breakout_indicator, career_year, matching_confidence, matching_method, goals_per90, assists_per90, predicted_market_value_eur, residual_observed_minus_predicted_log, inefficiency_score_log, market_value_gap_eur, market_value_gap_pct, inefficiency_score_log_winsorized, market_value_gap_pct_winsorized, inefficiency_score_z, market_value_gap_pct_z, is_undervalued, is_overvalued, inefficiency_rank, market_value_growth_prev_growth_component_z, delta_log_market_value_prev_growth_component_z, growth_index_growth_component_z, breakout_indicator_growth_component_z, career_year_growth_component_z, growth_score_raw, growth_score_z, growth_score, growth_rank, high_growth_flag, matching_confidence_component, minutes_reliability_component, feature_completeness_component, temporal_stability_component, confidence_score_raw, confidence_score, confidence_score_z, confidence_rank, low_confidence_flag, opportunity_score_raw, opportunity_score, opportunity_rank, opportunity_tier, is_scouting_target, is_high_priority_or_target, position, club_anterior, expected_roi, expected_upside, player_level_tier, player_level_rank, portfolio_value_score, is_eligible_portfolio, portfolio_cost, upside_score_norm, dss_entity, dss_universe, dss_model, dss_feature_set, name_key, contract_expiration_date, current_club_name"
reports/tm3_contract_intelligence/contract_status_distribution.csv,.csv,0.0,2026-06-12T00:04:26.458711+00:00,2026-06-12T02:04:26,ce6c5eb7c838338f,,2,"contract_status, players"
reports/tm3_contract_intelligence/top_contract_opportunities.csv,.csv,0.029,2026-06-12T00:20:45.527969+00:00,2026-06-12T02:20:45,9b2f2f228022dee4,,90,"player_name_fbref, player_id_tm, club_actual, current_club_name_tm, league, season, position_group, age, minutes_played, market_value_eur, log_market_value_eur, model, feature_set, predicted_log_market_value_ml, predicted_market_value_ml_eur, residual_log_observed_minus_predicted, inefficiency_score_ml, market_value_growth_prev, delta_log_market_value_prev, growth_index, breakout_indicator, career_year, matching_confidence, matching_method, goals_per90, assists_per90, predicted_market_value_eur, residual_observed_minus_predicted_log, inefficiency_score_log, market_value_gap_eur, market_value_gap_pct, inefficiency_score_log_winsorized, market_value_gap_pct_winsorized, inefficiency_score_z, market_value_gap_pct_z, is_undervalued, is_overvalued, inefficiency_rank, market_value_growth_prev_growth_component_z, delta_log_market_value_prev_growth_component_z, growth_index_growth_component_z, breakout_indicator_growth_component_z, career_year_growth_component_z, growth_score_raw, growth_score_z, growth_score, growth_rank, high_growth_flag, matching_confidence_component, minutes_reliability_component, feature_completeness_component, temporal_stability_component, confidence_score_raw, confidence_score, confidence_score_z, confidence_rank, low_confidence_flag, opportunity_score_raw, opportunity_score, opportunity_rank, opportunity_tier, is_scouting_target, is_high_priority_or_target, position, club_anterior, expected_roi, expected_upside, player_level_tier, player_level_rank, portfolio_value_score, is_eligible_portfolio, portfolio_cost, upside_score_norm, dss_entity, dss_universe, dss_model, dss_feature_set, name_key, contract_expiration_date, current_club_name"
reports/tm3_contract_intelligence/top_recruitment_contract_targets.csv,.csv,0.028,2026-06-12T00:20:45.537046+00:00,2026-06-12T02:20:45,00a854af3eb5c434,,90,"player_name_fbref, player_id_tm, club_actual, current_club_name_tm, league, season, position_group, age, minutes_played, market_value_eur, log_market_value_eur, model, feature_set, predicted_log_market_value_ml, predicted_market_value_ml_eur, residual_log_observed_minus_predicted, inefficiency_score_ml, market_value_growth_prev, delta_log_market_value_prev, growth_index, breakout_indicator, career_year, matching_confidence, matching_method, goals_per90, assists_per90, predicted_market_value_eur, residual_observed_minus_predicted_log, inefficiency_score_log, market_value_gap_eur, market_value_gap_pct, inefficiency_score_log_winsorized, market_value_gap_pct_winsorized, inefficiency_score_z, market_value_gap_pct_z, is_undervalued, is_overvalued, inefficiency_rank, market_value_growth_prev_growth_component_z, delta_log_market_value_prev_growth_component_z, growth_index_growth_component_z, breakout_indicator_growth_component_z, career_year_growth_component_z, growth_score_raw, growth_score_z, growth_score, growth_rank, high_growth_flag, matching_confidence_component, minutes_reliability_component, feature_completeness_component, temporal_stability_component, confidence_score_raw, confidence_score, confidence_score_z, confidence_rank, low_confidence_flag, opportunity_score_raw, opportunity_score, opportunity_rank, opportunity_tier, is_scouting_target, is_high_priority_or_target, position, club_anterior, expected_roi, expected_upside, player_level_tier, player_level_rank, portfolio_value_score, is_eligible_portfolio, portfolio_cost, upside_score_norm, dss_entity, dss_universe, dss_model, dss_feature_set, name_key, contract_expiration_date, current_club_name"
