dataset,has_contract_any,has_market_value_any,has_profile_any,has_contract_expiration,has_contract_end_date,has_months_remaining,has_days_remaining,has_free_agent,has_expiring_12m,has_market_value_eur,has_market_value_log,has_log_market_value_eur,has_latest_market_value,has_value_update_date,has_market_value_update_date,has_player_id_tm,has_player_name,has_player_name_fbref,has_player_name_tm,has_name,has_player,has_club,has_club_actual,has_league,has_position,has_position_group,has_age,has_season,has_season_start_year,contract_cols_found,value_cols_found,profile_cols_found
artifacts/feature_importance/gradient_boosting_feature_importance.csv,False,False,False,False,False,False,False,False,False,False,False,False,False,False,False,False,False,False,False,False,False,False,False,False,False,False,False,False,False,,,
artifacts/feature_importance/random_forest_feature_importance.csv,False,False,False,False,False,False,False,False,False,False,False,False,False,False,False,False,False,False,False,False,False,False,False,False,False,False,False,False,False,,,
artifacts/feature_importance/tuned_lightgbm_feature_importance.csv,False,False,False,False,False,False,False,False,False,False,False,False,False,False,False,False,False,False,False,False,False,False,False,False,False,False,False,False,False,,,
artifacts/feature_importance/tuned_random_forest_feature_importance.csv,False,False,False,False,False,False,False,False,False,False,False,False,False,False,False,False,False,False,False,False,False,False,False,False,False,False,False,False,False,,,
artifacts/feature_importance/tuned_xgboost_feature_importance.csv,False,False,False,False,False,False,False,False,False,False,False,False,False,False,False,False,False,False,False,False,False,False,False,False,False,False,False,False,False,,,
artifacts/predictions/tuned_xgboost_full_predictions.csv,False,True,True,False,False,False,False,False,False,True,False,True,False,False,False,True,False,True,True,False,False,True,False,True,True,True,True,True,True,,"market_value_eur, log_market_value_eur","player_id_tm, player_name_fbref, player_name_tm, club, league, position, position_group, age, season, season_start_year"
artifacts/predictions/tuned_xgboost_predictions.csv,False,True,True,False,False,False,False,False,False,True,False,True,False,False,False,True,False,True,True,False,False,True,False,True,True,True,True,True,True,,"market_value_eur, log_market_value_eur","player_id_tm, player_name_fbref, player_name_tm, club, league, position, position_group, age, season, season_start_year"
artifacts/predictions/tuned_xgboost_test_predictions.csv,False,True,True,False,False,False,False,False,False,True,False,True,False,False,False,True,False,True,True,False,False,True,False,True,True,True,True,True,True,,"market_value_eur, log_market_value_eur","player_id_tm, player_name_fbref, player_name_tm, club, league, position, position_group, age, season, season_start_year"
data/interim/fbref/fbref_player_standard.parquet,False,False,True,False,False,False,False,False,False,False,False,False,False,False,False,False,True,False,False,False,False,False,False,True,True,False,True,True,False,,,"player_name, league, position, age, season"
data/interim/transfermarkt/transfermarkt_player_market_values.parquet,False,True,True,False,False,False,False,False,False,True,False,False,False,False,False,False,True,False,False,False,False,True,False,True,True,False,True,True,False,,market_value_eur,"player_name, club, league, position, age, season"
data/outputs/02_baseline_coefficient_table.csv,False,False,False,False,False,False,False,False,False,False,False,False,False,False,False,False,False,False,False,False,False,False,False,False,False,False,False,False,False,,,
data/outputs/02_baseline_model_metrics.csv,False,False,False,False,False,False,False,False,False,False,False,False,False,False,False,False,False,False,False,False,False,False,False,False,False,False,False,False,False,,,
data/outputs/02_baseline_overvalued_ranking.csv,False,True,True,False,False,False,False,False,False,True,False,False,False,False,False,False,False,True,False,False,False,True,False,True,False,True,True,True,False,,market_value_eur,"player_name_fbref, club, league, position_group, age, season"
data/outputs/02_baseline_test_predictions.parquet,False,True,True,False,False,False,False,False,False,True,False,True,False,False,False,True,False,True,True,False,False,True,False,True,True,True,True,True,True,,"market_value_eur, log_market_value_eur","player_id_tm, player_name_fbref, player_name_tm, club, league, position, position_group, age, season, season_start_year"
data/outputs/02_baseline_undervalued_ranking.csv,False,True,True,False,False,False,False,False,False,True,False,False,False,False,False,False,False,True,False,False,False,True,False,True,False,True,True,True,False,,market_value_eur,"player_name_fbref, club, league, position_group, age, season"
data/outputs/02_baseline_vif_table.csv,False,False,False,False,False,False,False,False,False,False,False,False,False,False,False,False,False,False,False,False,False,False,False,False,False,False,False,False,False,,,
data/outputs/03_econometric_model_coefficients.csv,False,False,False,False,False,False,False,False,False,False,False,False,False,False,False,False,False,False,False,False,False,False,False,False,False,False,False,False,False,,,
data/outputs/03_econometric_model_metrics.csv,False,False,False,False,False,False,False,False,False,False,False,False,False,False,False,False,False,False,False,False,False,False,False,False,False,False,False,False,False,,,
data/outputs/03_econometric_scored_player_seasons.parquet,False,True,True,False,False,False,False,False,False,True,False,True,False,False,False,True,True,True,True,False,False,True,False,True,True,True,True,True,True,,"market_value_eur, log_market_value_eur","player_id_tm, player_name, player_name_fbref, player_name_tm, club, league, position, position_group, age, season, season_start_year"
data/outputs/03_econometric_test_predictions.parquet,False,True,True,False,False,False,False,False,False,True,False,True,False,False,False,True,True,True,True,False,False,True,False,True,True,True,True,True,True,,"market_value_eur, log_market_value_eur","player_id_tm, player_name, player_name_fbref, player_name_tm, club, league, position, position_group, age, season, season_start_year"
data/outputs/03_inefficiency_by_league_test.csv,False,False,True,False,False,False,False,False,False,False,False,False,False,False,False,False,False,False,False,False,False,False,False,True,False,False,False,False,False,,,league
data/outputs/03_overvalued_ranking.csv,False,True,True,False,False,False,False,False,False,True,False,True,False,False,False,True,True,False,False,False,False,True,False,True,False,True,True,True,False,,"market_value_eur, log_market_value_eur","player_id_tm, player_name, club, league, position_group, age, season"
data/outputs/03_strict_matching_metrics.csv,False,False,False,False,False,False,False,False,False,False,False,False,False,False,False,False,False,False,False,False,False,False,False,False,False,False,False,False,False,,,
data/outputs/03_undervalued_ranking.csv,False,True,True,False,False,False,False,False,False,True,False,True,False,False,False,True,True,False,False,False,False,True,False,True,False,True,True,True,False,,"market_value_eur, log_market_value_eur","player_id_tm, player_name, club, league, position_group, age, season"
data/outputs/03_vif_table.csv,False,False,False,False,False,False,False,False,False,False,False,False,False,False,False,False,False,False,False,False,False,False,False,False,False,False,False,False,False,,,
data/outputs/04_ml_inefficiency_by_league.csv,False,False,True,False,False,False,False,False,False,False,False,False,False,False,False,False,False,False,False,False,False,False,False,True,False,False,False,False,False,,,league
data/outputs/04_ml_inefficiency_by_position.csv,False,False,True,False,False,False,False,False,False,False,False,False,False,False,False,False,False,False,False,False,False,False,False,False,False,True,False,False,False,,,position_group
data/outputs/04_ml_model_metrics.csv,False,False,False,False,False,False,False,False,False,False,False,False,False,False,False,False,False,False,False,False,False,False,False,False,False,False,False,False,False,,,
data/outputs/04_ml_overvalued_ranking.csv,False,True,True,False,False,False,False,False,False,True,False,True,False,False,False,True,False,True,False,False,False,True,False,True,False,True,True,True,False,,"market_value_eur, log_market_value_eur","player_id_tm, player_name_fbref, club, league, position_group, age, season"
data/outputs/04_ml_permutation_importance.csv,False,False,False,False,False,False,False,False,False,False,False,False,False,False,False,False,False,False,False,False,False,False,False,False,False,False,False,False,False,,,
data/outputs/04_ml_test_predictions.csv,False,True,True,False,False,False,False,False,False,True,False,True,False,False,False,True,False,True,False,False,False,True,False,True,False,True,True,True,False,,"market_value_eur, log_market_value_eur","player_id_tm, player_name_fbref, club, league, position_group, age, season"
data/outputs/04_ml_test_predictions.parquet,False,True,True,False,False,False,False,False,False,True,False,True,False,False,False,True,False,True,False,False,False,True,False,True,False,True,True,True,False,,"market_value_eur, log_market_value_eur","player_id_tm, player_name_fbref, club, league, position_group, age, season"
data/outputs/04_ml_undervalued_ranking.csv,False,True,True,False,False,False,False,False,False,True,False,True,False,False,False,True,False,True,False,False,False,True,False,True,False,True,True,True,False,,"market_value_eur, log_market_value_eur","player_id_tm, player_name_fbref, club, league, position_group, age, season"
data/outputs/04_model_comparison_test.csv,False,False,False,False,False,False,False,False,False,False,False,False,False,False,False,False,False,False,False,False,False,False,False,False,False,False,False,False,False,,,
data/outputs/04_ranking_stability_ols_vs_ml.csv,False,False,False,False,False,False,False,False,False,False,False,False,False,False,False,False,False,False,False,False,False,False,False,False,False,False,False,False,False,,,
data/outputs/econometric_baseline_metrics.csv,False,False,False,False,False,False,False,False,False,False,False,False,False,False,False,False,False,False,False,False,False,False,False,False,False,False,False,False,False,,,
data/outputs/econometric_baseline_results.parquet,False,True,True,False,False,False,False,False,False,True,False,True,False,False,False,False,False,True,True,False,False,True,False,True,True,True,True,True,True,,"market_value_eur, log_market_value_eur","player_name_fbref, player_name_tm, club, league, position, position_group, age, season, season_start_year"
data/outputs/models/econometric_baseline_coefficients.csv,False,False,False,False,False,False,False,False,False,False,False,False,False,False,False,False,False,False,False,False,False,False,False,False,False,False,False,False,False,,,
data/outputs/models/econometric_baseline_metrics.csv,False,False,False,False,False,False,False,False,False,False,False,False,False,False,False,False,False,False,False,False,False,False,False,False,False,False,False,False,False,,,
data/outputs/models/player_season_scoring_baseline.parquet,False,True,True,False,False,False,False,False,False,True,False,True,False,False,False,False,False,False,False,False,False,False,False,False,False,True,True,True,True,,"market_value_eur, log_market_value_eur","position_group, age, season, season_start_year"
data/outputs/models/scouting_buckets_baseline.csv,False,True,True,False,False,False,False,False,False,True,False,True,False,False,False,False,False,False,False,False,False,False,False,False,False,True,True,True,True,,"market_value_eur, log_market_value_eur","position_group, age, season, season_start_year"
data/outputs/models/undervalued_players_baseline.csv,False,True,True,False,False,False,False,False,False,True,False,False,False,False,False,False,False,False,False,False,False,False,False,False,False,True,True,True,True,,market_value_eur,"position_group, age, season, season_start_year"
data/outputs/undervalued_ranking_baseline.csv,False,True,True,False,False,False,False,False,False,True,False,False,False,False,False,False,False,True,False,False,False,True,False,True,False,True,True,True,False,,market_value_eur,"player_name_fbref, club, league, position_group, age, season"
data/processed/fbref_features.parquet,False,False,True,False,False,False,False,False,False,False,False,False,False,False,False,False,True,False,False,False,False,True,False,True,True,True,True,True,True,,,"player_name, club, league, position, position_group, age, season, season_start_year"
data/processed/fbref_features_v13a.parquet,False,False,True,False,False,False,False,False,False,False,False,False,False,False,False,False,True,False,False,False,False,True,False,True,True,True,True,True,True,,,"player_name, club, league, position, position_group, age, season, season_start_year"
data/processed/fbref_standard_raw.parquet,False,False,True,False,False,False,False,False,False,False,False,False,False,False,False,False,False,False,False,False,False,False,False,True,False,False,False,True,True,,,"league, season, season_start_year"
data/processed/player_season_features.parquet,False,True,True,False,False,False,False,False,False,True,False,True,False,False,False,False,False,True,True,False,False,True,False,False,False,True,True,True,True,,"market_value_eur, log_market_value_eur","player_name_fbref, player_name_tm, club, position_group, age, season, season_start_year"
data/processed/player_season_modeling.parquet,False,True,True,False,False,False,False,False,False,True,False,True,False,False,False,True,False,True,True,False,False,True,False,True,True,True,True,True,True,,"market_value_eur, log_market_value_eur","player_id_tm, player_name_fbref, player_name_tm, club, league, position, position_group, age, season, season_start_year"
data/processed/player_season_modeling_advanced.parquet,False,True,True,False,False,False,False,False,False,True,False,True,False,False,False,True,False,True,True,False,False,True,False,True,True,True,True,True,True,,"market_value_eur, log_market_value_eur","player_id_tm, player_name_fbref, player_name_tm, club, league, position, position_group, age, season, season_start_year"
data/processed/player_season_modeling_advanced_v13a.parquet,False,True,True,False,False,False,False,False,False,True,False,True,False,False,False,True,False,True,True,False,False,True,False,True,True,True,True,True,True,,"market_value_eur, log_market_value_eur","player_id_tm, player_name_fbref, player_name_tm, club, league, position, position_group, age, season, season_start_year"
data/processed/player_season_modeling_growth.parquet,False,True,True,False,False,False,False,False,False,True,False,True,False,False,False,True,False,True,True,False,False,True,False,True,True,True,True,True,True,,"market_value_eur, log_market_value_eur","player_id_tm, player_name_fbref, player_name_tm, club, league, position, position_group, age, season, season_start_year"
data/processed/player_season_modeling_growth_v13a.parquet,False,True,True,False,False,False,False,False,False,True,False,True,False,False,False,True,False,True,True,False,False,True,False,True,True,True,True,True,True,,"market_value_eur, log_market_value_eur","player_id_tm, player_name_fbref, player_name_tm, club, league, position, position_group, age, season, season_start_year"
data/processed/player_season_modeling_indices.parquet,False,True,True,False,False,False,False,False,False,True,False,True,False,False,False,True,False,True,True,False,False,True,False,True,True,True,True,True,True,,"market_value_eur, log_market_value_eur","player_id_tm, player_name_fbref, player_name_tm, club, league, position, position_group, age, season, season_start_year"
data/processed/player_season_modeling_indices_v13a.parquet,False,True,True,False,False,False,False,False,False,True,False,True,False,False,False,True,False,True,True,False,False,True,False,True,True,True,True,True,True,,"market_value_eur, log_market_value_eur","player_id_tm, player_name_fbref, player_name_tm, club, league, position, position_group, age, season, season_start_year"
data/processed/player_season_modeling_v13a.parquet,False,True,True,False,False,False,False,False,False,True,False,True,False,False,False,True,False,True,True,False,False,True,False,True,True,True,True,True,True,,"market_value_eur, log_market_value_eur","player_id_tm, player_name_fbref, player_name_tm, club, league, position, position_group, age, season, season_start_year"
data/processed/player_season_modeling_v13b_advanced.parquet,False,True,True,False,False,False,False,False,False,True,False,True,False,False,False,True,False,True,True,False,False,True,False,True,True,True,True,True,True,,"market_value_eur, log_market_value_eur","player_id_tm, player_name_fbref, player_name_tm, club, league, position, position_group, age, season, season_start_year"
data/processed/player_season_modeling_v13b_productive_candidate.parquet,False,True,True,False,False,False,False,False,False,True,False,True,False,False,False,True,False,True,True,False,False,True,False,True,True,True,True,True,True,,"market_value_eur, log_market_value_eur","player_id_tm, player_name_fbref, player_name_tm, club, league, position, position_group, age, season, season_start_year"
data/processed/player_season_panel.parquet,False,True,True,False,False,False,False,False,False,True,False,True,False,False,False,True,False,True,True,False,False,True,False,True,True,True,False,True,False,,"market_value_eur, log_market_value_eur","player_id_tm, player_name_fbref, player_name_tm, club, league, position, position_group, season"
data/processed/player_season_panel_v13a.parquet,False,True,True,False,False,False,False,False,False,True,False,True,False,False,False,True,False,True,True,False,False,True,False,True,True,True,False,True,False,,"market_value_eur, log_market_value_eur","player_id_tm, player_name_fbref, player_name_tm, club, league, position, position_group, season"
data/processed/transfermarkt_features.parquet,False,True,True,False,False,False,False,False,False,True,False,True,False,False,False,True,False,False,True,False,False,False,False,False,False,True,False,True,False,,"market_value_eur, log_market_value_eur","player_id_tm, player_name_tm, position_group, season"
data/processed/transfermarkt_features_v13a.parquet,False,True,True,False,False,False,False,False,False,True,False,True,False,False,False,True,False,False,True,False,False,False,False,False,False,True,False,True,False,,"market_value_eur, log_market_value_eur","player_id_tm, player_name_tm, position_group, season"
data/raw/fbref/sample_fbref_standard.csv,False,False,True,False,False,False,False,False,False,False,False,False,False,False,False,False,True,False,False,False,False,False,False,True,True,False,True,True,False,,,"player_name, league, position, age, season"
data/raw/fbref/sprint_13b/soccerdata/fbref_misc_premier_league_2025_2026.parquet,False,False,True,False,False,False,False,False,False,False,False,False,False,False,False,False,False,False,False,False,False,False,False,False,False,False,True,False,False,,,age
data/raw/fbref/sprint_13b/soccerdata/fbref_playing_time_premier_league_2025_2026.parquet,False,False,True,False,False,False,False,False,False,False,False,False,False,False,False,False,False,False,False,False,False,False,False,False,False,False,True,False,False,,,age
data/raw/fbref/sprint_13b/soccerdata/fbref_shooting_premier_league_2025_2026.parquet,False,False,True,False,False,False,False,False,False,False,False,False,False,False,False,False,False,False,False,False,False,False,False,False,False,False,True,False,False,,,age
data/raw/fbref/sprint_13b/soccerdata/fbref_standard_premier_league_2025_2026.parquet,False,False,True,False,False,False,False,False,False,False,False,False,False,False,False,False,False,False,False,False,False,False,False,False,False,False,True,False,False,,,age
data/raw/fbref/sprint_13b/soccerdata/misc/fbref_misc_austrian_bundesliga_2019_2020.parquet,False,False,True,False,False,False,False,False,False,False,False,False,False,False,False,False,False,False,False,False,False,False,False,False,False,False,True,False,False,,,age
data/raw/fbref/sprint_13b/soccerdata/misc/fbref_misc_austrian_bundesliga_2020_2021.parquet,False,False,True,False,False,False,False,False,False,False,False,False,False,False,False,False,False,False,False,False,False,False,False,False,False,False,True,False,False,,,age
data/raw/fbref/sprint_13b/soccerdata/misc/fbref_misc_austrian_bundesliga_2021_2022.parquet,False,False,True,False,False,False,False,False,False,False,False,False,False,False,False,False,False,False,False,False,False,False,False,False,False,False,True,False,False,,,age
data/raw/fbref/sprint_13b/soccerdata/misc/fbref_misc_austrian_bundesliga_2022_2023.parquet,False,False,True,False,False,False,False,False,False,False,False,False,False,False,False,False,False,False,False,False,False,False,False,False,False,False,True,False,False,,,age
data/raw/fbref/sprint_13b/soccerdata/misc/fbref_misc_austrian_bundesliga_2023_2024.parquet,False,False,True,False,False,False,False,False,False,False,False,False,False,False,False,False,False,False,False,False,False,False,False,False,False,False,True,False,False,,,age
data/raw/fbref/sprint_13b/soccerdata/misc/fbref_misc_austrian_bundesliga_2024_2025.parquet,False,False,True,False,False,False,False,False,False,False,False,False,False,False,False,False,False,False,False,False,False,False,False,False,False,False,True,False,False,,,age
data/raw/fbref/sprint_13b/soccerdata/misc/fbref_misc_austrian_bundesliga_2025_2026.parquet,False,False,True,False,False,False,False,False,False,False,False,False,False,False,False,False,False,False,False,False,False,False,False,False,False,False,True,False,False,,,age
data/raw/fbref/sprint_13b/soccerdata/misc/fbref_misc_belgian_pro_league_2019_2020.parquet,False,False,True,False,False,False,False,False,False,False,False,False,False,False,False,False,False,False,False,False,False,False,False,False,False,False,True,False,False,,,age
data/raw/fbref/sprint_13b/soccerdata/misc/fbref_misc_belgian_pro_league_2020_2021.parquet,False,False,True,False,False,False,False,False,False,False,False,False,False,False,False,False,False,False,False,False,False,False,False,False,False,False,True,False,False,,,age
data/raw/fbref/sprint_13b/soccerdata/misc/fbref_misc_belgian_pro_league_2021_2022.parquet,False,False,True,False,False,False,False,False,False,False,False,False,False,False,False,False,False,False,False,False,False,False,False,False,False,False,True,False,False,,,age
data/raw/fbref/sprint_13b/soccerdata/misc/fbref_misc_belgian_pro_league_2022_2023.parquet,False,False,True,False,False,False,False,False,False,False,False,False,False,False,False,False,False,False,False,False,False,False,False,False,False,False,True,False,False,,,age
data/raw/fbref/sprint_13b/soccerdata/misc/fbref_misc_belgian_pro_league_2023_2024.parquet,False,False,True,False,False,False,False,False,False,False,False,False,False,False,False,False,False,False,False,False,False,False,False,False,False,False,True,False,False,,,age
data/raw/fbref/sprint_13b/soccerdata/misc/fbref_misc_belgian_pro_league_2024_2025.parquet,False,False,True,False,False,False,False,False,False,False,False,False,False,False,False,False,False,False,False,False,False,False,False,False,False,False,True,False,False,,,age
data/raw/fbref/sprint_13b/soccerdata/misc/fbref_misc_belgian_pro_league_2025_2026.parquet,False,False,True,False,False,False,False,False,False,False,False,False,False,False,False,False,False,False,False,False,False,False,False,False,False,False,True,False,False,,,age
data/raw/fbref/sprint_13b/soccerdata/misc/fbref_misc_bundesliga_2019_2020.parquet,False,False,True,False,False,False,False,False,False,False,False,False,False,False,False,False,False,False,False,False,False,False,False,False,False,False,True,False,False,,,age
data/raw/fbref/sprint_13b/soccerdata/misc/fbref_misc_bundesliga_2020_2021.parquet,False,False,True,False,False,False,False,False,False,False,False,False,False,False,False,False,False,False,False,False,False,False,False,False,False,False,True,False,False,,,age
data/raw/fbref/sprint_13b/soccerdata/misc/fbref_misc_bundesliga_2021_2022.parquet,False,False,True,False,False,False,False,False,False,False,False,False,False,False,False,False,False,False,False,False,False,False,False,False,False,False,True,False,False,,,age
data/raw/fbref/sprint_13b/soccerdata/misc/fbref_misc_bundesliga_2022_2023.parquet,False,False,True,False,False,False,False,False,False,False,False,False,False,False,False,False,False,False,False,False,False,False,False,False,False,False,True,False,False,,,age
data/raw/fbref/sprint_13b/soccerdata/misc/fbref_misc_bundesliga_2023_2024.parquet,False,False,True,False,False,False,False,False,False,False,False,False,False,False,False,False,False,False,False,False,False,False,False,False,False,False,True,False,False,,,age
data/raw/fbref/sprint_13b/soccerdata/misc/fbref_misc_bundesliga_2024_2025.parquet,False,False,True,False,False,False,False,False,False,False,False,False,False,False,False,False,False,False,False,False,False,False,False,False,False,False,True,False,False,,,age
data/raw/fbref/sprint_13b/soccerdata/misc/fbref_misc_bundesliga_2025_2026.parquet,False,False,True,False,False,False,False,False,False,False,False,False,False,False,False,False,False,False,False,False,False,False,False,False,False,False,True,False,False,,,age
data/raw/fbref/sprint_13b/soccerdata/misc/fbref_misc_championship_2019_2020.parquet,False,False,True,False,False,False,False,False,False,False,False,False,False,False,False,False,False,False,False,False,False,False,False,False,False,False,True,False,False,,,age
data/raw/fbref/sprint_13b/soccerdata/misc/fbref_misc_championship_2020_2021.parquet,False,False,True,False,False,False,False,False,False,False,False,False,False,False,False,False,False,False,False,False,False,False,False,False,False,False,True,False,False,,,age
data/raw/fbref/sprint_13b/soccerdata/misc/fbref_misc_championship_2021_2022.parquet,False,False,True,False,False,False,False,False,False,False,False,False,False,False,False,False,False,False,False,False,False,False,False,False,False,False,True,False,False,,,age
data/raw/fbref/sprint_13b/soccerdata/misc/fbref_misc_championship_2022_2023.parquet,False,False,True,False,False,False,False,False,False,False,False,False,False,False,False,False,False,False,False,False,False,False,False,False,False,False,True,False,False,,,age
data/raw/fbref/sprint_13b/soccerdata/misc/fbref_misc_championship_2023_2024.parquet,False,False,True,False,False,False,False,False,False,False,False,False,False,False,False,False,False,False,False,False,False,False,False,False,False,False,True,False,False,,,age
data/raw/fbref/sprint_13b/soccerdata/misc/fbref_misc_championship_2024_2025.parquet,False,False,True,False,False,False,False,False,False,False,False,False,False,False,False,False,False,False,False,False,False,False,False,False,False,False,True,False,False,,,age
data/raw/fbref/sprint_13b/soccerdata/misc/fbref_misc_championship_2025_2026.parquet,False,False,True,False,False,False,False,False,False,False,False,False,False,False,False,False,False,False,False,False,False,False,False,False,False,False,True,False,False,,,age
data/raw/fbref/sprint_13b/soccerdata/misc/fbref_misc_eredivisie_2019_2020.parquet,False,False,True,False,False,False,False,False,False,False,False,False,False,False,False,False,False,False,False,False,False,False,False,False,False,False,True,False,False,,,age
data/raw/fbref/sprint_13b/soccerdata/misc/fbref_misc_eredivisie_2020_2021.parquet,False,False,True,False,False,False,False,False,False,False,False,False,False,False,False,False,False,False,False,False,False,False,False,False,False,False,True,False,False,,,age
data/raw/fbref/sprint_13b/soccerdata/misc/fbref_misc_eredivisie_2021_2022.parquet,False,False,True,False,False,False,False,False,False,False,False,False,False,False,False,False,False,False,False,False,False,False,False,False,False,False,True,False,False,,,age
data/raw/fbref/sprint_13b/soccerdata/misc/fbref_misc_eredivisie_2022_2023.parquet,False,False,True,False,False,False,False,False,False,False,False,False,False,False,False,False,False,False,False,False,False,False,False,False,False,False,True,False,False,,,age
data/raw/fbref/sprint_13b/soccerdata/misc/fbref_misc_eredivisie_2023_2024.parquet,False,False,True,False,False,False,False,False,False,False,False,False,False,False,False,False,False,False,False,False,False,False,False,False,False,False,True,False,False,,,age
data/raw/fbref/sprint_13b/soccerdata/misc/fbref_misc_eredivisie_2024_2025.parquet,False,False,True,False,False,False,False,False,False,False,False,False,False,False,False,False,False,False,False,False,False,False,False,False,False,False,True,False,False,,,age
data/raw/fbref/sprint_13b/soccerdata/misc/fbref_misc_eredivisie_2025_2026.parquet,False,False,True,False,False,False,False,False,False,False,False,False,False,False,False,False,False,False,False,False,False,False,False,False,False,False,True,False,False,,,age
data/raw/fbref/sprint_13b/soccerdata/misc/fbref_misc_la_liga_2019_2020.parquet,False,False,True,False,False,False,False,False,False,False,False,False,False,False,False,False,False,False,False,False,False,False,False,False,False,False,True,False,False,,,age
data/raw/fbref/sprint_13b/soccerdata/misc/fbref_misc_la_liga_2020_2021.parquet,False,False,True,False,False,False,False,False,False,False,False,False,False,False,False,False,False,False,False,False,False,False,False,False,False,False,True,False,False,,,age
data/raw/fbref/sprint_13b/soccerdata/misc/fbref_misc_la_liga_2021_2022.parquet,False,False,True,False,False,False,False,False,False,False,False,False,False,False,False,False,False,False,False,False,False,False,False,False,False,False,True,False,False,,,age
data/raw/fbref/sprint_13b/soccerdata/misc/fbref_misc_la_liga_2022_2023.parquet,False,False,True,False,False,False,False,False,False,False,False,False,False,False,False,False,False,False,False,False,False,False,False,False,False,False,True,False,False,,,age
data/raw/fbref/sprint_13b/soccerdata/misc/fbref_misc_la_liga_2023_2024.parquet,False,False,True,False,False,False,False,False,False,False,False,False,False,False,False,False,False,False,False,False,False,False,False,False,False,False,True,False,False,,,age
data/raw/fbref/sprint_13b/soccerdata/misc/fbref_misc_la_liga_2024_2025.parquet,False,False,True,False,False,False,False,False,False,False,False,False,False,False,False,False,False,False,False,False,False,False,False,False,False,False,True,False,False,,,age
data/raw/fbref/sprint_13b/soccerdata/misc/fbref_misc_la_liga_2025_2026.parquet,False,False,True,False,False,False,False,False,False,False,False,False,False,False,False,False,False,False,False,False,False,False,False,False,False,False,True,False,False,,,age
data/raw/fbref/sprint_13b/soccerdata/misc/fbref_misc_ligue_1_2019_2020.parquet,False,False,True,False,False,False,False,False,False,False,False,False,False,False,False,False,False,False,False,False,False,False,False,False,False,False,True,False,False,,,age
data/raw/fbref/sprint_13b/soccerdata/misc/fbref_misc_ligue_1_2020_2021.parquet,False,False,True,False,False,False,False,False,False,False,False,False,False,False,False,False,False,False,False,False,False,False,False,False,False,False,True,False,False,,,age
data/raw/fbref/sprint_13b/soccerdata/misc/fbref_misc_ligue_1_2021_2022.parquet,False,False,True,False,False,False,False,False,False,False,False,False,False,False,False,False,False,False,False,False,False,False,False,False,False,False,True,False,False,,,age
data/raw/fbref/sprint_13b/soccerdata/misc/fbref_misc_ligue_1_2022_2023.parquet,False,False,True,False,False,False,False,False,False,False,False,False,False,False,False,False,False,False,False,False,False,False,False,False,False,False,True,False,False,,,age
data/raw/fbref/sprint_13b/soccerdata/misc/fbref_misc_ligue_1_2023_2024.parquet,False,False,True,False,False,False,False,False,False,False,False,False,False,False,False,False,False,False,False,False,False,False,False,False,False,False,True,False,False,,,age
data/raw/fbref/sprint_13b/soccerdata/misc/fbref_misc_ligue_1_2024_2025.parquet,False,False,True,False,False,False,False,False,False,False,False,False,False,False,False,False,False,False,False,False,False,False,False,False,False,False,True,False,False,,,age
data/raw/fbref/sprint_13b/soccerdata/misc/fbref_misc_ligue_1_2025_2026.parquet,False,False,True,False,False,False,False,False,False,False,False,False,False,False,False,False,False,False,False,False,False,False,False,False,False,False,True,False,False,,,age
data/raw/fbref/sprint_13b/soccerdata/misc/fbref_misc_premier_league_2019_2020.parquet,False,False,True,False,False,False,False,False,False,False,False,False,False,False,False,False,False,False,False,False,False,False,False,False,False,False,True,False,False,,,age
data/raw/fbref/sprint_13b/soccerdata/misc/fbref_misc_premier_league_2020_2021.parquet,False,False,True,False,False,False,False,False,False,False,False,False,False,False,False,False,False,False,False,False,False,False,False,False,False,False,True,False,False,,,age
data/raw/fbref/sprint_13b/soccerdata/misc/fbref_misc_premier_league_2021_2022.parquet,False,False,True,False,False,False,False,False,False,False,False,False,False,False,False,False,False,False,False,False,False,False,False,False,False,False,True,False,False,,,age
data/raw/fbref/sprint_13b/soccerdata/misc/fbref_misc_premier_league_2022_2023.parquet,False,False,True,False,False,False,False,False,False,False,False,False,False,False,False,False,False,False,False,False,False,False,False,False,False,False,True,False,False,,,age
data/raw/fbref/sprint_13b/soccerdata/misc/fbref_misc_premier_league_2023_2024.parquet,False,False,True,False,False,False,False,False,False,False,False,False,False,False,False,False,False,False,False,False,False,False,False,False,False,False,True,False,False,,,age
data/raw/fbref/sprint_13b/soccerdata/misc/fbref_misc_premier_league_2024_2025.parquet,False,False,True,False,False,False,False,False,False,False,False,False,False,False,False,False,False,False,False,False,False,False,False,False,False,False,True,False,False,,,age
data/raw/fbref/sprint_13b/soccerdata/misc/fbref_misc_premier_league_2025_2026.parquet,False,False,True,False,False,False,False,False,False,False,False,False,False,False,False,False,False,False,False,False,False,False,False,False,False,False,True,False,False,,,age
data/raw/fbref/sprint_13b/soccerdata/misc/fbref_misc_primeira_liga_2019_2020.parquet,False,False,True,False,False,False,False,False,False,False,False,False,False,False,False,False,False,False,False,False,False,False,False,False,False,False,True,False,False,,,age
data/raw/fbref/sprint_13b/soccerdata/misc/fbref_misc_primeira_liga_2020_2021.parquet,False,False,True,False,False,False,False,False,False,False,False,False,False,False,False,False,False,False,False,False,False,False,False,False,False,False,True,False,False,,,age
data/raw/fbref/sprint_13b/soccerdata/misc/fbref_misc_primeira_liga_2021_2022.parquet,False,False,True,False,False,False,False,False,False,False,False,False,False,False,False,False,False,False,False,False,False,False,False,False,False,False,True,False,False,,,age
data/raw/fbref/sprint_13b/soccerdata/misc/fbref_misc_primeira_liga_2022_2023.parquet,False,False,True,False,False,False,False,False,False,False,False,False,False,False,False,False,False,False,False,False,False,False,False,False,False,False,True,False,False,,,age
data/raw/fbref/sprint_13b/soccerdata/misc/fbref_misc_primeira_liga_2023_2024.parquet,False,False,True,False,False,False,False,False,False,False,False,False,False,False,False,False,False,False,False,False,False,False,False,False,False,False,True,False,False,,,age
data/raw/fbref/sprint_13b/soccerdata/misc/fbref_misc_primeira_liga_2024_2025.parquet,False,False,True,False,False,False,False,False,False,False,False,False,False,False,False,False,False,False,False,False,False,False,False,False,False,False,True,False,False,,,age
data/raw/fbref/sprint_13b/soccerdata/misc/fbref_misc_primeira_liga_2025_2026.parquet,False,False,True,False,False,False,False,False,False,False,False,False,False,False,False,False,False,False,False,False,False,False,False,False,False,False,True,False,False,,,age
data/raw/fbref/sprint_13b/soccerdata/misc/fbref_misc_segunda_division_2019_2020.parquet,False,False,True,False,False,False,False,False,False,False,False,False,False,False,False,False,False,False,False,False,False,False,False,False,False,False,True,False,False,,,age
data/raw/fbref/sprint_13b/soccerdata/misc/fbref_misc_segunda_division_2020_2021.parquet,False,False,True,False,False,False,False,False,False,False,False,False,False,False,False,False,False,False,False,False,False,False,False,False,False,False,True,False,False,,,age
data/raw/fbref/sprint_13b/soccerdata/misc/fbref_misc_segunda_division_2021_2022.parquet,False,False,True,False,False,False,False,False,False,False,False,False,False,False,False,False,False,False,False,False,False,False,False,False,False,False,True,False,False,,,age
data/raw/fbref/sprint_13b/soccerdata/misc/fbref_misc_segunda_division_2022_2023.parquet,False,False,True,False,False,False,False,False,False,False,False,False,False,False,False,False,False,False,False,False,False,False,False,False,False,False,True,False,False,,,age
data/raw/fbref/sprint_13b/soccerdata/misc/fbref_misc_segunda_division_2023_2024.parquet,False,False,True,False,False,False,False,False,False,False,False,False,False,False,False,False,False,False,False,False,False,False,False,False,False,False,True,False,False,,,age
data/raw/fbref/sprint_13b/soccerdata/misc/fbref_misc_segunda_division_2024_2025.parquet,False,False,True,False,False,False,False,False,False,False,False,False,False,False,False,False,False,False,False,False,False,False,False,False,False,False,True,False,False,,,age
data/raw/fbref/sprint_13b/soccerdata/misc/fbref_misc_segunda_division_2025_2026.parquet,False,False,True,False,False,False,False,False,False,False,False,False,False,False,False,False,False,False,False,False,False,False,False,False,False,False,True,False,False,,,age
data/raw/fbref/sprint_13b/soccerdata/misc/fbref_misc_serie_a_2019_2020.parquet,False,False,True,False,False,False,False,False,False,False,False,False,False,False,False,False,False,False,False,False,False,False,False,False,False,False,True,False,False,,,age
data/raw/fbref/sprint_13b/soccerdata/misc/fbref_misc_serie_a_2020_2021.parquet,False,False,True,False,False,False,False,False,False,False,False,False,False,False,False,False,False,False,False,False,False,False,False,False,False,False,True,False,False,,,age
data/raw/fbref/sprint_13b/soccerdata/misc/fbref_misc_serie_a_2021_2022.parquet,False,False,True,False,False,False,False,False,False,False,False,False,False,False,False,False,False,False,False,False,False,False,False,False,False,False,True,False,False,,,age
data/raw/fbref/sprint_13b/soccerdata/misc/fbref_misc_serie_a_2022_2023.parquet,False,False,True,False,False,False,False,False,False,False,False,False,False,False,False,False,False,False,False,False,False,False,False,False,False,False,True,False,False,,,age
data/raw/fbref/sprint_13b/soccerdata/misc/fbref_misc_serie_a_2023_2024.parquet,False,False,True,False,False,False,False,False,False,False,False,False,False,False,False,False,False,False,False,False,False,False,False,False,False,False,True,False,False,,,age
data/raw/fbref/sprint_13b/soccerdata/misc/fbref_misc_serie_a_2024_2025.parquet,False,False,True,False,False,False,False,False,False,False,False,False,False,False,False,False,False,False,False,False,False,False,False,False,False,False,True,False,False,,,age
data/raw/fbref/sprint_13b/soccerdata/misc/fbref_misc_serie_a_2025_2026.parquet,False,False,True,False,False,False,False,False,False,False,False,False,False,False,False,False,False,False,False,False,False,False,False,False,False,False,True,False,False,,,age
data/raw/fbref/sprint_13b/soccerdata/playing_time/fbref_playing_time_austrian_bundesliga_2019_2020.parquet,False,False,True,False,False,False,False,False,False,False,False,False,False,False,False,False,False,False,False,False,False,False,False,False,False,False,True,False,False,,,age
data/raw/fbref/sprint_13b/soccerdata/playing_time/fbref_playing_time_austrian_bundesliga_2020_2021.parquet,False,False,True,False,False,False,False,False,False,False,False,False,False,False,False,False,False,False,False,False,False,False,False,False,False,False,True,False,False,,,age
data/raw/fbref/sprint_13b/soccerdata/playing_time/fbref_playing_time_austrian_bundesliga_2021_2022.parquet,False,False,True,False,False,False,False,False,False,False,False,False,False,False,False,False,False,False,False,False,False,False,False,False,False,False,True,False,False,,,age
data/raw/fbref/sprint_13b/soccerdata/playing_time/fbref_playing_time_austrian_bundesliga_2022_2023.parquet,False,False,True,False,False,False,False,False,False,False,False,False,False,False,False,False,False,False,False,False,False,False,False,False,False,False,True,False,False,,,age
data/raw/fbref/sprint_13b/soccerdata/playing_time/fbref_playing_time_austrian_bundesliga_2023_2024.parquet,False,False,True,False,False,False,False,False,False,False,False,False,False,False,False,False,False,False,False,False,False,False,False,False,False,False,True,False,False,,,age
data/raw/fbref/sprint_13b/soccerdata/playing_time/fbref_playing_time_austrian_bundesliga_2024_2025.parquet,False,False,True,False,False,False,False,False,False,False,False,False,False,False,False,False,False,False,False,False,False,False,False,False,False,False,True,False,False,,,age
data/raw/fbref/sprint_13b/soccerdata/playing_time/fbref_playing_time_austrian_bundesliga_2025_2026.parquet,False,False,True,False,False,False,False,False,False,False,False,False,False,False,False,False,False,False,False,False,False,False,False,False,False,False,True,False,False,,,age
data/raw/fbref/sprint_13b/soccerdata/playing_time/fbref_playing_time_belgian_pro_league_2019_2020.parquet,False,False,True,False,False,False,False,False,False,False,False,False,False,False,False,False,False,False,False,False,False,False,False,False,False,False,True,False,False,,,age
data/raw/fbref/sprint_13b/soccerdata/playing_time/fbref_playing_time_belgian_pro_league_2020_2021.parquet,False,False,True,False,False,False,False,False,False,False,False,False,False,False,False,False,False,False,False,False,False,False,False,False,False,False,True,False,False,,,age
data/raw/fbref/sprint_13b/soccerdata/playing_time/fbref_playing_time_belgian_pro_league_2021_2022.parquet,False,False,True,False,False,False,False,False,False,False,False,False,False,False,False,False,False,False,False,False,False,False,False,False,False,False,True,False,False,,,age
data/raw/fbref/sprint_13b/soccerdata/playing_time/fbref_playing_time_belgian_pro_league_2022_2023.parquet,False,False,True,False,False,False,False,False,False,False,False,False,False,False,False,False,False,False,False,False,False,False,False,False,False,False,True,False,False,,,age
data/raw/fbref/sprint_13b/soccerdata/playing_time/fbref_playing_time_belgian_pro_league_2023_2024.parquet,False,False,True,False,False,False,False,False,False,False,False,False,False,False,False,False,False,False,False,False,False,False,False,False,False,False,True,False,False,,,age
data/raw/fbref/sprint_13b/soccerdata/playing_time/fbref_playing_time_belgian_pro_league_2024_2025.parquet,False,False,True,False,False,False,False,False,False,False,False,False,False,False,False,False,False,False,False,False,False,False,False,False,False,False,True,False,False,,,age
data/raw/fbref/sprint_13b/soccerdata/playing_time/fbref_playing_time_belgian_pro_league_2025_2026.parquet,False,False,True,False,False,False,False,False,False,False,False,False,False,False,False,False,False,False,False,False,False,False,False,False,False,False,True,False,False,,,age
data/raw/fbref/sprint_13b/soccerdata/playing_time/fbref_playing_time_bundesliga_2019_2020.parquet,False,False,True,False,False,False,False,False,False,False,False,False,False,False,False,False,False,False,False,False,False,False,False,False,False,False,True,False,False,,,age
data/raw/fbref/sprint_13b/soccerdata/playing_time/fbref_playing_time_bundesliga_2020_2021.parquet,False,False,True,False,False,False,False,False,False,False,False,False,False,False,False,False,False,False,False,False,False,False,False,False,False,False,True,False,False,,,age
data/raw/fbref/sprint_13b/soccerdata/playing_time/fbref_playing_time_bundesliga_2021_2022.parquet,False,False,True,False,False,False,False,False,False,False,False,False,False,False,False,False,False,False,False,False,False,False,False,False,False,False,True,False,False,,,age
data/raw/fbref/sprint_13b/soccerdata/playing_time/fbref_playing_time_bundesliga_2022_2023.parquet,False,False,True,False,False,False,False,False,False,False,False,False,False,False,False,False,False,False,False,False,False,False,False,False,False,False,True,False,False,,,age
data/raw/fbref/sprint_13b/soccerdata/playing_time/fbref_playing_time_bundesliga_2023_2024.parquet,False,False,True,False,False,False,False,False,False,False,False,False,False,False,False,False,False,False,False,False,False,False,False,False,False,False,True,False,False,,,age
data/raw/fbref/sprint_13b/soccerdata/playing_time/fbref_playing_time_bundesliga_2024_2025.parquet,False,False,True,False,False,False,False,False,False,False,False,False,False,False,False,False,False,False,False,False,False,False,False,False,False,False,True,False,False,,,age
data/raw/fbref/sprint_13b/soccerdata/playing_time/fbref_playing_time_bundesliga_2025_2026.parquet,False,False,True,False,False,False,False,False,False,False,False,False,False,False,False,False,False,False,False,False,False,False,False,False,False,False,True,False,False,,,age
data/raw/fbref/sprint_13b/soccerdata/playing_time/fbref_playing_time_championship_2019_2020.parquet,False,False,True,False,False,False,False,False,False,False,False,False,False,False,False,False,False,False,False,False,False,False,False,False,False,False,True,False,False,,,age
data/raw/fbref/sprint_13b/soccerdata/playing_time/fbref_playing_time_championship_2020_2021.parquet,False,False,True,False,False,False,False,False,False,False,False,False,False,False,False,False,False,False,False,False,False,False,False,False,False,False,True,False,False,,,age
data/raw/fbref/sprint_13b/soccerdata/playing_time/fbref_playing_time_championship_2021_2022.parquet,False,False,True,False,False,False,False,False,False,False,False,False,False,False,False,False,False,False,False,False,False,False,False,False,False,False,True,False,False,,,age
data/raw/fbref/sprint_13b/soccerdata/playing_time/fbref_playing_time_championship_2022_2023.parquet,False,False,True,False,False,False,False,False,False,False,False,False,False,False,False,False,False,False,False,False,False,False,False,False,False,False,True,False,False,,,age
data/raw/fbref/sprint_13b/soccerdata/playing_time/fbref_playing_time_championship_2023_2024.parquet,False,False,True,False,False,False,False,False,False,False,False,False,False,False,False,False,False,False,False,False,False,False,False,False,False,False,True,False,False,,,age
data/raw/fbref/sprint_13b/soccerdata/playing_time/fbref_playing_time_championship_2024_2025.parquet,False,False,True,False,False,False,False,False,False,False,False,False,False,False,False,False,False,False,False,False,False,False,False,False,False,False,True,False,False,,,age
data/raw/fbref/sprint_13b/soccerdata/playing_time/fbref_playing_time_championship_2025_2026.parquet,False,False,True,False,False,False,False,False,False,False,False,False,False,False,False,False,False,False,False,False,False,False,False,False,False,False,True,False,False,,,age
data/raw/fbref/sprint_13b/soccerdata/playing_time/fbref_playing_time_eredivisie_2019_2020.parquet,False,False,True,False,False,False,False,False,False,False,False,False,False,False,False,False,False,False,False,False,False,False,False,False,False,False,True,False,False,,,age
data/raw/fbref/sprint_13b/soccerdata/playing_time/fbref_playing_time_eredivisie_2020_2021.parquet,False,False,True,False,False,False,False,False,False,False,False,False,False,False,False,False,False,False,False,False,False,False,False,False,False,False,True,False,False,,,age
data/raw/fbref/sprint_13b/soccerdata/playing_time/fbref_playing_time_eredivisie_2021_2022.parquet,False,False,True,False,False,False,False,False,False,False,False,False,False,False,False,False,False,False,False,False,False,False,False,False,False,False,True,False,False,,,age
data/raw/fbref/sprint_13b/soccerdata/playing_time/fbref_playing_time_eredivisie_2022_2023.parquet,False,False,True,False,False,False,False,False,False,False,False,False,False,False,False,False,False,False,False,False,False,False,False,False,False,False,True,False,False,,,age
data/raw/fbref/sprint_13b/soccerdata/playing_time/fbref_playing_time_eredivisie_2023_2024.parquet,False,False,True,False,False,False,False,False,False,False,False,False,False,False,False,False,False,False,False,False,False,False,False,False,False,False,True,False,False,,,age
data/raw/fbref/sprint_13b/soccerdata/playing_time/fbref_playing_time_eredivisie_2024_2025.parquet,False,False,True,False,False,False,False,False,False,False,False,False,False,False,False,False,False,False,False,False,False,False,False,False,False,False,True,False,False,,,age
data/raw/fbref/sprint_13b/soccerdata/playing_time/fbref_playing_time_eredivisie_2025_2026.parquet,False,False,True,False,False,False,False,False,False,False,False,False,False,False,False,False,False,False,False,False,False,False,False,False,False,False,True,False,False,,,age
data/raw/fbref/sprint_13b/soccerdata/playing_time/fbref_playing_time_la_liga_2019_2020.parquet,False,False,True,False,False,False,False,False,False,False,False,False,False,False,False,False,False,False,False,False,False,False,False,False,False,False,True,False,False,,,age
data/raw/fbref/sprint_13b/soccerdata/playing_time/fbref_playing_time_la_liga_2020_2021.parquet,False,False,True,False,False,False,False,False,False,False,False,False,False,False,False,False,False,False,False,False,False,False,False,False,False,False,True,False,False,,,age
data/raw/fbref/sprint_13b/soccerdata/playing_time/fbref_playing_time_la_liga_2021_2022.parquet,False,False,True,False,False,False,False,False,False,False,False,False,False,False,False,False,False,False,False,False,False,False,False,False,False,False,True,False,False,,,age
data/raw/fbref/sprint_13b/soccerdata/playing_time/fbref_playing_time_la_liga_2022_2023.parquet,False,False,True,False,False,False,False,False,False,False,False,False,False,False,False,False,False,False,False,False,False,False,False,False,False,False,True,False,False,,,age
data/raw/fbref/sprint_13b/soccerdata/playing_time/fbref_playing_time_la_liga_2023_2024.parquet,False,False,True,False,False,False,False,False,False,False,False,False,False,False,False,False,False,False,False,False,False,False,False,False,False,False,True,False,False,,,age
data/raw/fbref/sprint_13b/soccerdata/playing_time/fbref_playing_time_la_liga_2024_2025.parquet,False,False,True,False,False,False,False,False,False,False,False,False,False,False,False,False,False,False,False,False,False,False,False,False,False,False,True,False,False,,,age
data/raw/fbref/sprint_13b/soccerdata/playing_time/fbref_playing_time_la_liga_2025_2026.parquet,False,False,True,False,False,False,False,False,False,False,False,False,False,False,False,False,False,False,False,False,False,False,False,False,False,False,True,False,False,,,age
data/raw/fbref/sprint_13b/soccerdata/playing_time/fbref_playing_time_ligue_1_2019_2020.parquet,False,False,True,False,False,False,False,False,False,False,False,False,False,False,False,False,False,False,False,False,False,False,False,False,False,False,True,False,False,,,age
data/raw/fbref/sprint_13b/soccerdata/playing_time/fbref_playing_time_ligue_1_2020_2021.parquet,False,False,True,False,False,False,False,False,False,False,False,False,False,False,False,False,False,False,False,False,False,False,False,False,False,False,True,False,False,,,age
data/raw/fbref/sprint_13b/soccerdata/playing_time/fbref_playing_time_ligue_1_2021_2022.parquet,False,False,True,False,False,False,False,False,False,False,False,False,False,False,False,False,False,False,False,False,False,False,False,False,False,False,True,False,False,,,age
data/raw/fbref/sprint_13b/soccerdata/playing_time/fbref_playing_time_ligue_1_2022_2023.parquet,False,False,True,False,False,False,False,False,False,False,False,False,False,False,False,False,False,False,False,False,False,False,False,False,False,False,True,False,False,,,age
data/raw/fbref/sprint_13b/soccerdata/playing_time/fbref_playing_time_ligue_1_2023_2024.parquet,False,False,True,False,False,False,False,False,False,False,False,False,False,False,False,False,False,False,False,False,False,False,False,False,False,False,True,False,False,,,age
data/raw/fbref/sprint_13b/soccerdata/playing_time/fbref_playing_time_ligue_1_2024_2025.parquet,False,False,True,False,False,False,False,False,False,False,False,False,False,False,False,False,False,False,False,False,False,False,False,False,False,False,True,False,False,,,age
data/raw/fbref/sprint_13b/soccerdata/playing_time/fbref_playing_time_ligue_1_2025_2026.parquet,False,False,True,False,False,False,False,False,False,False,False,False,False,False,False,False,False,False,False,False,False,False,False,False,False,False,True,False,False,,,age
data/raw/fbref/sprint_13b/soccerdata/playing_time/fbref_playing_time_premier_league_2019_2020.parquet,False,False,True,False,False,False,False,False,False,False,False,False,False,False,False,False,False,False,False,False,False,False,False,False,False,False,True,False,False,,,age
data/raw/fbref/sprint_13b/soccerdata/playing_time/fbref_playing_time_premier_league_2020_2021.parquet,False,False,True,False,False,False,False,False,False,False,False,False,False,False,False,False,False,False,False,False,False,False,False,False,False,False,True,False,False,,,age
data/raw/fbref/sprint_13b/soccerdata/playing_time/fbref_playing_time_premier_league_2021_2022.parquet,False,False,True,False,False,False,False,False,False,False,False,False,False,False,False,False,False,False,False,False,False,False,False,False,False,False,True,False,False,,,age
data/raw/fbref/sprint_13b/soccerdata/playing_time/fbref_playing_time_premier_league_2022_2023.parquet,False,False,True,False,False,False,False,False,False,False,False,False,False,False,False,False,False,False,False,False,False,False,False,False,False,False,True,False,False,,,age
data/raw/fbref/sprint_13b/soccerdata/playing_time/fbref_playing_time_premier_league_2023_2024.parquet,False,False,True,False,False,False,False,False,False,False,False,False,False,False,False,False,False,False,False,False,False,False,False,False,False,False,True,False,False,,,age
data/raw/fbref/sprint_13b/soccerdata/playing_time/fbref_playing_time_premier_league_2024_2025.parquet,False,False,True,False,False,False,False,False,False,False,False,False,False,False,False,False,False,False,False,False,False,False,False,False,False,False,True,False,False,,,age
data/raw/fbref/sprint_13b/soccerdata/playing_time/fbref_playing_time_premier_league_2025_2026.parquet,False,False,True,False,False,False,False,False,False,False,False,False,False,False,False,False,False,False,False,False,False,False,False,False,False,False,True,False,False,,,age
data/raw/fbref/sprint_13b/soccerdata/playing_time/fbref_playing_time_primeira_liga_2019_2020.parquet,False,False,True,False,False,False,False,False,False,False,False,False,False,False,False,False,False,False,False,False,False,False,False,False,False,False,True,False,False,,,age
data/raw/fbref/sprint_13b/soccerdata/playing_time/fbref_playing_time_primeira_liga_2020_2021.parquet,False,False,True,False,False,False,False,False,False,False,False,False,False,False,False,False,False,False,False,False,False,False,False,False,False,False,True,False,False,,,age
data/raw/fbref/sprint_13b/soccerdata/playing_time/fbref_playing_time_primeira_liga_2021_2022.parquet,False,False,True,False,False,False,False,False,False,False,False,False,False,False,False,False,False,False,False,False,False,False,False,False,False,False,True,False,False,,,age
data/raw/fbref/sprint_13b/soccerdata/playing_time/fbref_playing_time_primeira_liga_2022_2023.parquet,False,False,True,False,False,False,False,False,False,False,False,False,False,False,False,False,False,False,False,False,False,False,False,False,False,False,True,False,False,,,age
data/raw/fbref/sprint_13b/soccerdata/playing_time/fbref_playing_time_primeira_liga_2023_2024.parquet,False,False,True,False,False,False,False,False,False,False,False,False,False,False,False,False,False,False,False,False,False,False,False,False,False,False,True,False,False,,,age
data/raw/fbref/sprint_13b/soccerdata/playing_time/fbref_playing_time_primeira_liga_2024_2025.parquet,False,False,True,False,False,False,False,False,False,False,False,False,False,False,False,False,False,False,False,False,False,False,False,False,False,False,True,False,False,,,age
data/raw/fbref/sprint_13b/soccerdata/playing_time/fbref_playing_time_primeira_liga_2025_2026.parquet,False,False,True,False,False,False,False,False,False,False,False,False,False,False,False,False,False,False,False,False,False,False,False,False,False,False,True,False,False,,,age
data/raw/fbref/sprint_13b/soccerdata/playing_time/fbref_playing_time_segunda_division_2019_2020.parquet,False,False,True,False,False,False,False,False,False,False,False,False,False,False,False,False,False,False,False,False,False,False,False,False,False,False,True,False,False,,,age
data/raw/fbref/sprint_13b/soccerdata/playing_time/fbref_playing_time_segunda_division_2020_2021.parquet,False,False,True,False,False,False,False,False,False,False,False,False,False,False,False,False,False,False,False,False,False,False,False,False,False,False,True,False,False,,,age
data/raw/fbref/sprint_13b/soccerdata/playing_time/fbref_playing_time_segunda_division_2021_2022.parquet,False,False,True,False,False,False,False,False,False,False,False,False,False,False,False,False,False,False,False,False,False,False,False,False,False,False,True,False,False,,,age
data/raw/fbref/sprint_13b/soccerdata/playing_time/fbref_playing_time_segunda_division_2022_2023.parquet,False,False,True,False,False,False,False,False,False,False,False,False,False,False,False,False,False,False,False,False,False,False,False,False,False,False,True,False,False,,,age
data/raw/fbref/sprint_13b/soccerdata/playing_time/fbref_playing_time_segunda_division_2023_2024.parquet,False,False,True,False,False,False,False,False,False,False,False,False,False,False,False,False,False,False,False,False,False,False,False,False,False,False,True,False,False,,,age
data/raw/fbref/sprint_13b/soccerdata/playing_time/fbref_playing_time_segunda_division_2024_2025.parquet,False,False,True,False,False,False,False,False,False,False,False,False,False,False,False,False,False,False,False,False,False,False,False,False,False,False,True,False,False,,,age
data/raw/fbref/sprint_13b/soccerdata/playing_time/fbref_playing_time_segunda_division_2025_2026.parquet,False,False,True,False,False,False,False,False,False,False,False,False,False,False,False,False,False,False,False,False,False,False,False,False,False,False,True,False,False,,,age
data/raw/fbref/sprint_13b/soccerdata/playing_time/fbref_playing_time_serie_a_2019_2020.parquet,False,False,True,False,False,False,False,False,False,False,False,False,False,False,False,False,False,False,False,False,False,False,False,False,False,False,True,False,False,,,age
data/raw/fbref/sprint_13b/soccerdata/playing_time/fbref_playing_time_serie_a_2020_2021.parquet,False,False,True,False,False,False,False,False,False,False,False,False,False,False,False,False,False,False,False,False,False,False,False,False,False,False,True,False,False,,,age
data/raw/fbref/sprint_13b/soccerdata/playing_time/fbref_playing_time_serie_a_2021_2022.parquet,False,False,True,False,False,False,False,False,False,False,False,False,False,False,False,False,False,False,False,False,False,False,False,False,False,False,True,False,False,,,age
data/raw/fbref/sprint_13b/soccerdata/playing_time/fbref_playing_time_serie_a_2022_2023.parquet,False,False,True,False,False,False,False,False,False,False,False,False,False,False,False,False,False,False,False,False,False,False,False,False,False,False,True,False,False,,,age
data/raw/fbref/sprint_13b/soccerdata/playing_time/fbref_playing_time_serie_a_2023_2024.parquet,False,False,True,False,False,False,False,False,False,False,False,False,False,False,False,False,False,False,False,False,False,False,False,False,False,False,True,False,False,,,age
data/raw/fbref/sprint_13b/soccerdata/playing_time/fbref_playing_time_serie_a_2024_2025.parquet,False,False,True,False,False,False,False,False,False,False,False,False,False,False,False,False,False,False,False,False,False,False,False,False,False,False,True,False,False,,,age
data/raw/fbref/sprint_13b/soccerdata/playing_time/fbref_playing_time_serie_a_2025_2026.parquet,False,False,True,False,False,False,False,False,False,False,False,False,False,False,False,False,False,False,False,False,False,False,False,False,False,False,True,False,False,,,age
data/raw/fbref/sprint_13b/soccerdata/shooting/fbref_shooting_austrian_bundesliga_2019_2020.parquet,False,False,True,False,False,False,False,False,False,False,False,False,False,False,False,False,False,False,False,False,False,False,False,False,False,False,True,False,False,,,age
data/raw/fbref/sprint_13b/soccerdata/shooting/fbref_shooting_austrian_bundesliga_2020_2021.parquet,False,False,True,False,False,False,False,False,False,False,False,False,False,False,False,False,False,False,False,False,False,False,False,False,False,False,True,False,False,,,age
data/raw/fbref/sprint_13b/soccerdata/shooting/fbref_shooting_austrian_bundesliga_2021_2022.parquet,False,False,True,False,False,False,False,False,False,False,False,False,False,False,False,False,False,False,False,False,False,False,False,False,False,False,True,False,False,,,age
data/raw/fbref/sprint_13b/soccerdata/shooting/fbref_shooting_austrian_bundesliga_2022_2023.parquet,False,False,True,False,False,False,False,False,False,False,False,False,False,False,False,False,False,False,False,False,False,False,False,False,False,False,True,False,False,,,age
data/raw/fbref/sprint_13b/soccerdata/shooting/fbref_shooting_austrian_bundesliga_2023_2024.parquet,False,False,True,False,False,False,False,False,False,False,False,False,False,False,False,False,False,False,False,False,False,False,False,False,False,False,True,False,False,,,age
data/raw/fbref/sprint_13b/soccerdata/shooting/fbref_shooting_austrian_bundesliga_2024_2025.parquet,False,False,True,False,False,False,False,False,False,False,False,False,False,False,False,False,False,False,False,False,False,False,False,False,False,False,True,False,False,,,age
data/raw/fbref/sprint_13b/soccerdata/shooting/fbref_shooting_austrian_bundesliga_2025_2026.parquet,False,False,True,False,False,False,False,False,False,False,False,False,False,False,False,False,False,False,False,False,False,False,False,False,False,False,True,False,False,,,age
data/raw/fbref/sprint_13b/soccerdata/shooting/fbref_shooting_belgian_pro_league_2019_2020.parquet,False,False,True,False,False,False,False,False,False,False,False,False,False,False,False,False,False,False,False,False,False,False,False,False,False,False,True,False,False,,,age
data/raw/fbref/sprint_13b/soccerdata/shooting/fbref_shooting_belgian_pro_league_2020_2021.parquet,False,False,True,False,False,False,False,False,False,False,False,False,False,False,False,False,False,False,False,False,False,False,False,False,False,False,True,False,False,,,age
data/raw/fbref/sprint_13b/soccerdata/shooting/fbref_shooting_belgian_pro_league_2021_2022.parquet,False,False,True,False,False,False,False,False,False,False,False,False,False,False,False,False,False,False,False,False,False,False,False,False,False,False,True,False,False,,,age
data/raw/fbref/sprint_13b/soccerdata/shooting/fbref_shooting_belgian_pro_league_2022_2023.parquet,False,False,True,False,False,False,False,False,False,False,False,False,False,False,False,False,False,False,False,False,False,False,False,False,False,False,True,False,False,,,age
data/raw/fbref/sprint_13b/soccerdata/shooting/fbref_shooting_belgian_pro_league_2023_2024.parquet,False,False,True,False,False,False,False,False,False,False,False,False,False,False,False,False,False,False,False,False,False,False,False,False,False,False,True,False,False,,,age
data/raw/fbref/sprint_13b/soccerdata/shooting/fbref_shooting_belgian_pro_league_2024_2025.parquet,False,False,True,False,False,False,False,False,False,False,False,False,False,False,False,False,False,False,False,False,False,False,False,False,False,False,True,False,False,,,age
data/raw/fbref/sprint_13b/soccerdata/shooting/fbref_shooting_belgian_pro_league_2025_2026.parquet,False,False,True,False,False,False,False,False,False,False,False,False,False,False,False,False,False,False,False,False,False,False,False,False,False,False,True,False,False,,,age
data/raw/fbref/sprint_13b/soccerdata/shooting/fbref_shooting_bundesliga_2019_2020.parquet,False,False,True,False,False,False,False,False,False,False,False,False,False,False,False,False,False,False,False,False,False,False,False,False,False,False,True,False,False,,,age
data/raw/fbref/sprint_13b/soccerdata/shooting/fbref_shooting_bundesliga_2020_2021.parquet,False,False,True,False,False,False,False,False,False,False,False,False,False,False,False,False,False,False,False,False,False,False,False,False,False,False,True,False,False,,,age
data/raw/fbref/sprint_13b/soccerdata/shooting/fbref_shooting_bundesliga_2021_2022.parquet,False,False,True,False,False,False,False,False,False,False,False,False,False,False,False,False,False,False,False,False,False,False,False,False,False,False,True,False,False,,,age
data/raw/fbref/sprint_13b/soccerdata/shooting/fbref_shooting_bundesliga_2022_2023.parquet,False,False,True,False,False,False,False,False,False,False,False,False,False,False,False,False,False,False,False,False,False,False,False,False,False,False,True,False,False,,,age
data/raw/fbref/sprint_13b/soccerdata/shooting/fbref_shooting_bundesliga_2023_2024.parquet,False,False,True,False,False,False,False,False,False,False,False,False,False,False,False,False,False,False,False,False,False,False,False,False,False,False,True,False,False,,,age
data/raw/fbref/sprint_13b/soccerdata/shooting/fbref_shooting_bundesliga_2024_2025.parquet,False,False,True,False,False,False,False,False,False,False,False,False,False,False,False,False,False,False,False,False,False,False,False,False,False,False,True,False,False,,,age
data/raw/fbref/sprint_13b/soccerdata/shooting/fbref_shooting_bundesliga_2025_2026.parquet,False,False,True,False,False,False,False,False,False,False,False,False,False,False,False,False,False,False,False,False,False,False,False,False,False,False,True,False,False,,,age
data/raw/fbref/sprint_13b/soccerdata/shooting/fbref_shooting_championship_2019_2020.parquet,False,False,True,False,False,False,False,False,False,False,False,False,False,False,False,False,False,False,False,False,False,False,False,False,False,False,True,False,False,,,age
data/raw/fbref/sprint_13b/soccerdata/shooting/fbref_shooting_championship_2020_2021.parquet,False,False,True,False,False,False,False,False,False,False,False,False,False,False,False,False,False,False,False,False,False,False,False,False,False,False,True,False,False,,,age
data/raw/fbref/sprint_13b/soccerdata/shooting/fbref_shooting_championship_2021_2022.parquet,False,False,True,False,False,False,False,False,False,False,False,False,False,False,False,False,False,False,False,False,False,False,False,False,False,False,True,False,False,,,age
data/raw/fbref/sprint_13b/soccerdata/shooting/fbref_shooting_championship_2022_2023.parquet,False,False,True,False,False,False,False,False,False,False,False,False,False,False,False,False,False,False,False,False,False,False,False,False,False,False,True,False,False,,,age
data/raw/fbref/sprint_13b/soccerdata/shooting/fbref_shooting_championship_2023_2024.parquet,False,False,True,False,False,False,False,False,False,False,False,False,False,False,False,False,False,False,False,False,False,False,False,False,False,False,True,False,False,,,age
data/raw/fbref/sprint_13b/soccerdata/shooting/fbref_shooting_championship_2024_2025.parquet,False,False,True,False,False,False,False,False,False,False,False,False,False,False,False,False,False,False,False,False,False,False,False,False,False,False,True,False,False,,,age
data/raw/fbref/sprint_13b/soccerdata/shooting/fbref_shooting_championship_2025_2026.parquet,False,False,True,False,False,False,False,False,False,False,False,False,False,False,False,False,False,False,False,False,False,False,False,False,False,False,True,False,False,,,age
data/raw/fbref/sprint_13b/soccerdata/shooting/fbref_shooting_eredivisie_2019_2020.parquet,False,False,True,False,False,False,False,False,False,False,False,False,False,False,False,False,False,False,False,False,False,False,False,False,False,False,True,False,False,,,age
data/raw/fbref/sprint_13b/soccerdata/shooting/fbref_shooting_eredivisie_2020_2021.parquet,False,False,True,False,False,False,False,False,False,False,False,False,False,False,False,False,False,False,False,False,False,False,False,False,False,False,True,False,False,,,age
data/raw/fbref/sprint_13b/soccerdata/shooting/fbref_shooting_eredivisie_2021_2022.parquet,False,False,True,False,False,False,False,False,False,False,False,False,False,False,False,False,False,False,False,False,False,False,False,False,False,False,True,False,False,,,age
data/raw/fbref/sprint_13b/soccerdata/shooting/fbref_shooting_eredivisie_2022_2023.parquet,False,False,True,False,False,False,False,False,False,False,False,False,False,False,False,False,False,False,False,False,False,False,False,False,False,False,True,False,False,,,age
data/raw/fbref/sprint_13b/soccerdata/shooting/fbref_shooting_eredivisie_2023_2024.parquet,False,False,True,False,False,False,False,False,False,False,False,False,False,False,False,False,False,False,False,False,False,False,False,False,False,False,True,False,False,,,age
data/raw/fbref/sprint_13b/soccerdata/shooting/fbref_shooting_eredivisie_2024_2025.parquet,False,False,True,False,False,False,False,False,False,False,False,False,False,False,False,False,False,False,False,False,False,False,False,False,False,False,True,False,False,,,age
data/raw/fbref/sprint_13b/soccerdata/shooting/fbref_shooting_eredivisie_2025_2026.parquet,False,False,True,False,False,False,False,False,False,False,False,False,False,False,False,False,False,False,False,False,False,False,False,False,False,False,True,False,False,,,age
data/raw/fbref/sprint_13b/soccerdata/shooting/fbref_shooting_la_liga_2019_2020.parquet,False,False,True,False,False,False,False,False,False,False,False,False,False,False,False,False,False,False,False,False,False,False,False,False,False,False,True,False,False,,,age
data/raw/fbref/sprint_13b/soccerdata/shooting/fbref_shooting_la_liga_2020_2021.parquet,False,False,True,False,False,False,False,False,False,False,False,False,False,False,False,False,False,False,False,False,False,False,False,False,False,False,True,False,False,,,age
data/raw/fbref/sprint_13b/soccerdata/shooting/fbref_shooting_la_liga_2021_2022.parquet,False,False,True,False,False,False,False,False,False,False,False,False,False,False,False,False,False,False,False,False,False,False,False,False,False,False,True,False,False,,,age
data/raw/fbref/sprint_13b/soccerdata/shooting/fbref_shooting_la_liga_2022_2023.parquet,False,False,True,False,False,False,False,False,False,False,False,False,False,False,False,False,False,False,False,False,False,False,False,False,False,False,True,False,False,,,age
data/raw/fbref/sprint_13b/soccerdata/shooting/fbref_shooting_la_liga_2023_2024.parquet,False,False,True,False,False,False,False,False,False,False,False,False,False,False,False,False,False,False,False,False,False,False,False,False,False,False,True,False,False,,,age
data/raw/fbref/sprint_13b/soccerdata/shooting/fbref_shooting_la_liga_2024_2025.parquet,False,False,True,False,False,False,False,False,False,False,False,False,False,False,False,False,False,False,False,False,False,False,False,False,False,False,True,False,False,,,age
data/raw/fbref/sprint_13b/soccerdata/shooting/fbref_shooting_la_liga_2025_2026.parquet,False,False,True,False,False,False,False,False,False,False,False,False,False,False,False,False,False,False,False,False,False,False,False,False,False,False,True,False,False,,,age
data/raw/fbref/sprint_13b/soccerdata/shooting/fbref_shooting_ligue_1_2019_2020.parquet,False,False,True,False,False,False,False,False,False,False,False,False,False,False,False,False,False,False,False,False,False,False,False,False,False,False,True,False,False,,,age
data/raw/fbref/sprint_13b/soccerdata/shooting/fbref_shooting_ligue_1_2020_2021.parquet,False,False,True,False,False,False,False,False,False,False,False,False,False,False,False,False,False,False,False,False,False,False,False,False,False,False,True,False,False,,,age
data/raw/fbref/sprint_13b/soccerdata/shooting/fbref_shooting_ligue_1_2021_2022.parquet,False,False,True,False,False,False,False,False,False,False,False,False,False,False,False,False,False,False,False,False,False,False,False,False,False,False,True,False,False,,,age
data/raw/fbref/sprint_13b/soccerdata/shooting/fbref_shooting_ligue_1_2022_2023.parquet,False,False,True,False,False,False,False,False,False,False,False,False,False,False,False,False,False,False,False,False,False,False,False,False,False,False,True,False,False,,,age
data/raw/fbref/sprint_13b/soccerdata/shooting/fbref_shooting_ligue_1_2023_2024.parquet,False,False,True,False,False,False,False,False,False,False,False,False,False,False,False,False,False,False,False,False,False,False,False,False,False,False,True,False,False,,,age
data/raw/fbref/sprint_13b/soccerdata/shooting/fbref_shooting_ligue_1_2024_2025.parquet,False,False,True,False,False,False,False,False,False,False,False,False,False,False,False,False,False,False,False,False,False,False,False,False,False,False,True,False,False,,,age
data/raw/fbref/sprint_13b/soccerdata/shooting/fbref_shooting_ligue_1_2025_2026.parquet,False,False,True,False,False,False,False,False,False,False,False,False,False,False,False,False,False,False,False,False,False,False,False,False,False,False,True,False,False,,,age
data/raw/fbref/sprint_13b/soccerdata/shooting/fbref_shooting_premier_league_2019_2020.parquet,False,False,True,False,False,False,False,False,False,False,False,False,False,False,False,False,False,False,False,False,False,False,False,False,False,False,True,False,False,,,age
data/raw/fbref/sprint_13b/soccerdata/shooting/fbref_shooting_premier_league_2020_2021.parquet,False,False,True,False,False,False,False,False,False,False,False,False,False,False,False,False,False,False,False,False,False,False,False,False,False,False,True,False,False,,,age
data/raw/fbref/sprint_13b/soccerdata/shooting/fbref_shooting_premier_league_2021_2022.parquet,False,False,True,False,False,False,False,False,False,False,False,False,False,False,False,False,False,False,False,False,False,False,False,False,False,False,True,False,False,,,age
data/raw/fbref/sprint_13b/soccerdata/shooting/fbref_shooting_premier_league_2022_2023.parquet,False,False,True,False,False,False,False,False,False,False,False,False,False,False,False,False,False,False,False,False,False,False,False,False,False,False,True,False,False,,,age
data/raw/fbref/sprint_13b/soccerdata/shooting/fbref_shooting_premier_league_2023_2024.parquet,False,False,True,False,False,False,False,False,False,False,False,False,False,False,False,False,False,False,False,False,False,False,False,False,False,False,True,False,False,,,age
data/raw/fbref/sprint_13b/soccerdata/shooting/fbref_shooting_premier_league_2024_2025.parquet,False,False,True,False,False,False,False,False,False,False,False,False,False,False,False,False,False,False,False,False,False,False,False,False,False,False,True,False,False,,,age
data/raw/fbref/sprint_13b/soccerdata/shooting/fbref_shooting_premier_league_2025_2026.parquet,False,False,True,False,False,False,False,False,False,False,False,False,False,False,False,False,False,False,False,False,False,False,False,False,False,False,True,False,False,,,age
data/raw/fbref/sprint_13b/soccerdata/shooting/fbref_shooting_primeira_liga_2019_2020.parquet,False,False,True,False,False,False,False,False,False,False,False,False,False,False,False,False,False,False,False,False,False,False,False,False,False,False,True,False,False,,,age
data/raw/fbref/sprint_13b/soccerdata/shooting/fbref_shooting_primeira_liga_2020_2021.parquet,False,False,True,False,False,False,False,False,False,False,False,False,False,False,False,False,False,False,False,False,False,False,False,False,False,False,True,False,False,,,age
data/raw/fbref/sprint_13b/soccerdata/shooting/fbref_shooting_primeira_liga_2021_2022.parquet,False,False,True,False,False,False,False,False,False,False,False,False,False,False,False,False,False,False,False,False,False,False,False,False,False,False,True,False,False,,,age
data/raw/fbref/sprint_13b/soccerdata/shooting/fbref_shooting_primeira_liga_2022_2023.parquet,False,False,True,False,False,False,False,False,False,False,False,False,False,False,False,False,False,False,False,False,False,False,False,False,False,False,True,False,False,,,age
data/raw/fbref/sprint_13b/soccerdata/shooting/fbref_shooting_primeira_liga_2023_2024.parquet,False,False,True,False,False,False,False,False,False,False,False,False,False,False,False,False,False,False,False,False,False,False,False,False,False,False,True,False,False,,,age
data/raw/fbref/sprint_13b/soccerdata/shooting/fbref_shooting_primeira_liga_2024_2025.parquet,False,False,True,False,False,False,False,False,False,False,False,False,False,False,False,False,False,False,False,False,False,False,False,False,False,False,True,False,False,,,age
data/raw/fbref/sprint_13b/soccerdata/shooting/fbref_shooting_primeira_liga_2025_2026.parquet,False,False,True,False,False,False,False,False,False,False,False,False,False,False,False,False,False,False,False,False,False,False,False,False,False,False,True,False,False,,,age
data/raw/fbref/sprint_13b/soccerdata/shooting/fbref_shooting_segunda_division_2019_2020.parquet,False,False,True,False,False,False,False,False,False,False,False,False,False,False,False,False,False,False,False,False,False,False,False,False,False,False,True,False,False,,,age
data/raw/fbref/sprint_13b/soccerdata/shooting/fbref_shooting_segunda_division_2020_2021.parquet,False,False,True,False,False,False,False,False,False,False,False,False,False,False,False,False,False,False,False,False,False,False,False,False,False,False,True,False,False,,,age
data/raw/fbref/sprint_13b/soccerdata/shooting/fbref_shooting_segunda_division_2021_2022.parquet,False,False,True,False,False,False,False,False,False,False,False,False,False,False,False,False,False,False,False,False,False,False,False,False,False,False,True,False,False,,,age
data/raw/fbref/sprint_13b/soccerdata/shooting/fbref_shooting_segunda_division_2022_2023.parquet,False,False,True,False,False,False,False,False,False,False,False,False,False,False,False,False,False,False,False,False,False,False,False,False,False,False,True,False,False,,,age
data/raw/fbref/sprint_13b/soccerdata/shooting/fbref_shooting_segunda_division_2023_2024.parquet,False,False,True,False,False,False,False,False,False,False,False,False,False,False,False,False,False,False,False,False,False,False,False,False,False,False,True,False,False,,,age
data/raw/fbref/sprint_13b/soccerdata/shooting/fbref_shooting_segunda_division_2024_2025.parquet,False,False,True,False,False,False,False,False,False,False,False,False,False,False,False,False,False,False,False,False,False,False,False,False,False,False,True,False,False,,,age
data/raw/fbref/sprint_13b/soccerdata/shooting/fbref_shooting_segunda_division_2025_2026.parquet,False,False,True,False,False,False,False,False,False,False,False,False,False,False,False,False,False,False,False,False,False,False,False,False,False,False,True,False,False,,,age
data/raw/fbref/sprint_13b/soccerdata/shooting/fbref_shooting_serie_a_2019_2020.parquet,False,False,True,False,False,False,False,False,False,False,False,False,False,False,False,False,False,False,False,False,False,False,False,False,False,False,True,False,False,,,age
data/raw/fbref/sprint_13b/soccerdata/shooting/fbref_shooting_serie_a_2020_2021.parquet,False,False,True,False,False,False,False,False,False,False,False,False,False,False,False,False,False,False,False,False,False,False,False,False,False,False,True,False,False,,,age
data/raw/fbref/sprint_13b/soccerdata/shooting/fbref_shooting_serie_a_2021_2022.parquet,False,False,True,False,False,False,False,False,False,False,False,False,False,False,False,False,False,False,False,False,False,False,False,False,False,False,True,False,False,,,age
data/raw/fbref/sprint_13b/soccerdata/shooting/fbref_shooting_serie_a_2022_2023.parquet,False,False,True,False,False,False,False,False,False,False,False,False,False,False,False,False,False,False,False,False,False,False,False,False,False,False,True,False,False,,,age
data/raw/fbref/sprint_13b/soccerdata/shooting/fbref_shooting_serie_a_2023_2024.parquet,False,False,True,False,False,False,False,False,False,False,False,False,False,False,False,False,False,False,False,False,False,False,False,False,False,False,True,False,False,,,age
data/raw/fbref/sprint_13b/soccerdata/shooting/fbref_shooting_serie_a_2024_2025.parquet,False,False,True,False,False,False,False,False,False,False,False,False,False,False,False,False,False,False,False,False,False,False,False,False,False,False,True,False,False,,,age
data/raw/fbref/sprint_13b/soccerdata/shooting/fbref_shooting_serie_a_2025_2026.parquet,False,False,True,False,False,False,False,False,False,False,False,False,False,False,False,False,False,False,False,False,False,False,False,False,False,False,True,False,False,,,age
data/raw/fbref/sprint_13b/soccerdata/team/fbref_team_misc_premier_league_2025_2026.parquet,False,False,False,False,False,False,False,False,False,False,False,False,False,False,False,False,False,False,False,False,False,False,False,False,False,False,False,False,False,,,
data/raw/fbref/sprint_13b/soccerdata/team/fbref_team_playing_time_premier_league_2025_2026.parquet,False,False,False,False,False,False,False,False,False,False,False,False,False,False,False,False,False,False,False,False,False,False,False,False,False,False,False,False,False,,,
data/raw/fbref/sprint_13b/soccerdata/team/fbref_team_shooting_premier_league_2025_2026.parquet,False,False,False,False,False,False,False,False,False,False,False,False,False,False,False,False,False,False,False,False,False,False,False,False,False,False,False,False,False,,,
data/raw/fbref/sprint_13b/soccerdata/team/fbref_team_standard_premier_league_2025_2026.parquet,False,False,False,False,False,False,False,False,False,False,False,False,False,False,False,False,False,False,False,False,False,False,False,False,False,False,False,False,False,,,
data/raw/transfermarkt/kaggle_player_scores/appearances.csv,False,False,True,False,False,False,False,False,False,False,False,False,False,False,False,False,True,False,False,False,False,False,False,False,False,False,False,False,False,,,player_name
data/raw/transfermarkt/kaggle_player_scores/club_games.csv,False,False,False,False,False,False,False,False,False,False,False,False,False,False,False,False,False,False,False,False,False,False,False,False,False,False,False,False,False,,,
data/raw/transfermarkt/kaggle_player_scores/clubs.csv,False,False,True,False,False,False,False,False,False,False,False,False,False,False,False,False,False,False,False,True,False,False,False,False,False,False,False,False,False,,,name
data/raw/transfermarkt/kaggle_player_scores/competitions.csv,False,False,True,False,False,False,False,False,False,False,False,False,False,False,False,False,False,False,False,True,False,False,False,False,False,False,False,False,False,,,name
data/raw/transfermarkt/kaggle_player_scores/countries.csv,False,False,False,False,False,False,False,False,False,False,False,False,False,False,False,False,False,False,False,False,False,False,False,False,False,False,False,False,False,,,
data/raw/transfermarkt/kaggle_player_scores/data/raw/transfermarkt/kaggle_player_scores/appearances.csv,False,False,True,False,False,False,False,False,False,False,False,False,False,False,False,False,True,False,False,False,False,False,False,False,False,False,False,False,False,,,player_name
data/raw/transfermarkt/kaggle_player_scores/data/raw/transfermarkt/kaggle_player_scores/club_games.csv,False,False,False,False,False,False,False,False,False,False,False,False,False,False,False,False,False,False,False,False,False,False,False,False,False,False,False,False,False,,,
data/raw/transfermarkt/kaggle_player_scores/data/raw/transfermarkt/kaggle_player_scores/clubs.csv,False,False,True,False,False,False,False,False,False,False,False,False,False,False,False,False,False,False,False,True,False,False,False,False,False,False,False,False,False,,,name
data/raw/transfermarkt/kaggle_player_scores/data/raw/transfermarkt/kaggle_player_scores/competitions.csv,False,False,True,False,False,False,False,False,False,False,False,False,False,False,False,False,False,False,False,True,False,False,False,False,False,False,False,False,False,,,name
data/raw/transfermarkt/kaggle_player_scores/data/raw/transfermarkt/kaggle_player_scores/countries.csv,False,False,False,False,False,False,False,False,False,False,False,False,False,False,False,False,False,False,False,False,False,False,False,False,False,False,False,False,False,,,
data/raw/transfermarkt/kaggle_player_scores/data/raw/transfermarkt/kaggle_player_scores/data/raw/transfermarkt/kaggle_player_scores/appearances.csv,False,False,True,False,False,False,False,False,False,False,False,False,False,False,False,False,True,False,False,False,False,False,False,False,False,False,False,False,False,,,player_name
data/raw/transfermarkt/kaggle_player_scores/data/raw/transfermarkt/kaggle_player_scores/data/raw/transfermarkt/kaggle_player_scores/club_games.csv,False,False,False,False,False,False,False,False,False,False,False,False,False,False,False,False,False,False,False,False,False,False,False,False,False,False,False,False,False,,,
data/raw/transfermarkt/kaggle_player_scores/data/raw/transfermarkt/kaggle_player_scores/data/raw/transfermarkt/kaggle_player_scores/clubs.csv,False,False,True,False,False,False,False,False,False,False,False,False,False,False,False,False,False,False,False,True,False,False,False,False,False,False,False,False,False,,,name
data/raw/transfermarkt/kaggle_player_scores/data/raw/transfermarkt/kaggle_player_scores/data/raw/transfermarkt/kaggle_player_scores/competitions.csv,False,False,True,False,False,False,False,False,False,False,False,False,False,False,False,False,False,False,False,True,False,False,False,False,False,False,False,False,False,,,name
data/raw/transfermarkt/kaggle_player_scores/data/raw/transfermarkt/kaggle_player_scores/data/raw/transfermarkt/kaggle_player_scores/countries.csv,False,False,False,False,False,False,False,False,False,False,False,False,False,False,False,False,False,False,False,False,False,False,False,False,False,False,False,False,False,,,
data/raw/transfermarkt/kaggle_player_scores/data/raw/transfermarkt/kaggle_player_scores/data/raw/transfermarkt/kaggle_player_scores/game_events.csv,False,False,False,False,False,False,False,False,False,False,False,False,False,False,False,False,False,False,False,False,False,False,False,False,False,False,False,False,False,,,
data/raw/transfermarkt/kaggle_player_scores/data/raw/transfermarkt/kaggle_player_scores/data/raw/transfermarkt/kaggle_player_scores/game_lineups.csv,False,False,True,False,False,False,False,False,False,False,False,False,False,False,False,False,True,False,False,False,False,False,False,False,True,False,False,False,False,,,"player_name, position"
data/raw/transfermarkt/kaggle_player_scores/data/raw/transfermarkt/kaggle_player_scores/data/raw/transfermarkt/kaggle_player_scores/games.csv,False,False,True,False,False,False,False,False,False,False,False,False,False,False,False,False,False,False,False,False,False,False,False,False,False,False,False,True,False,,,season
data/raw/transfermarkt/kaggle_player_scores/data/raw/transfermarkt/kaggle_player_scores/data/raw/transfermarkt/kaggle_player_scores/national_teams.csv,False,False,True,False,False,False,False,False,False,False,False,False,False,False,False,False,False,False,False,True,False,False,False,False,False,False,False,False,False,,,name
data/raw/transfermarkt/kaggle_player_scores/data/raw/transfermarkt/kaggle_player_scores/data/raw/transfermarkt/kaggle_player_scores/player_valuations.csv,False,False,False,False,False,False,False,False,False,False,False,False,False,False,False,False,False,False,False,False,False,False,False,False,False,False,False,False,False,,,
data/raw/transfermarkt/kaggle_player_scores/data/raw/transfermarkt/kaggle_player_scores/data/raw/transfermarkt/kaggle_player_scores/players.csv,False,False,True,False,False,False,False,False,False,False,False,False,False,False,False,False,False,False,False,True,False,False,False,False,True,False,False,False,False,,,"name, position"
data/raw/transfermarkt/kaggle_player_scores/data/raw/transfermarkt/kaggle_player_scores/data/raw/transfermarkt/kaggle_player_scores/transfers.csv,False,False,True,False,False,False,False,False,False,False,False,False,False,False,False,False,True,False,False,False,False,False,False,False,False,False,False,False,False,,,player_name
data/raw/transfermarkt/kaggle_player_scores/data/raw/transfermarkt/kaggle_player_scores/game_events.csv,False,False,False,False,False,False,False,False,False,False,False,False,False,False,False,False,False,False,False,False,False,False,False,False,False,False,False,False,False,,,
data/raw/transfermarkt/kaggle_player_scores/data/raw/transfermarkt/kaggle_player_scores/game_lineups.csv,False,False,True,False,False,False,False,False,False,False,False,False,False,False,False,False,True,False,False,False,False,False,False,False,True,False,False,False,False,,,"player_name, position"
data/raw/transfermarkt/kaggle_player_scores/data/raw/transfermarkt/kaggle_player_scores/games.csv,False,False,True,False,False,False,False,False,False,False,False,False,False,False,False,False,False,False,False,False,False,False,False,False,False,False,False,True,False,,,season
data/raw/transfermarkt/kaggle_player_scores/data/raw/transfermarkt/kaggle_player_scores/national_teams.csv,False,False,True,False,False,False,False,False,False,False,False,False,False,False,False,False,False,False,False,True,False,False,False,False,False,False,False,False,False,,,name
data/raw/transfermarkt/kaggle_player_scores/data/raw/transfermarkt/kaggle_player_scores/player_valuations.csv,False,False,False,False,False,False,False,False,False,False,False,False,False,False,False,False,False,False,False,False,False,False,False,False,False,False,False,False,False,,,
data/raw/transfermarkt/kaggle_player_scores/data/raw/transfermarkt/kaggle_player_scores/players.csv,False,False,True,False,False,False,False,False,False,False,False,False,False,False,False,False,False,False,False,True,False,False,False,False,True,False,False,False,False,,,"name, position"
data/raw/transfermarkt/kaggle_player_scores/data/raw/transfermarkt/kaggle_player_scores/transfers.csv,False,False,True,False,False,False,False,False,False,False,False,False,False,False,False,False,True,False,False,False,False,False,False,False,False,False,False,False,False,,,player_name
data/raw/transfermarkt/kaggle_player_scores/game_events.csv,False,False,False,False,False,False,False,False,False,False,False,False,False,False,False,False,False,False,False,False,False,False,False,False,False,False,False,False,False,,,
data/raw/transfermarkt/kaggle_player_scores/game_lineups.csv,False,False,True,False,False,False,False,False,False,False,False,False,False,False,False,False,True,False,False,False,False,False,False,False,True,False,False,False,False,,,"player_name, position"
data/raw/transfermarkt/kaggle_player_scores/games.csv,False,False,True,False,False,False,False,False,False,False,False,False,False,False,False,False,False,False,False,False,False,False,False,False,False,False,False,True,False,,,season
data/raw/transfermarkt/kaggle_player_scores/national_teams.csv,False,False,True,False,False,False,False,False,False,False,False,False,False,False,False,False,False,False,False,True,False,False,False,False,False,False,False,False,False,,,name
data/raw/transfermarkt/kaggle_player_scores/player_valuations.csv,False,False,False,False,False,False,False,False,False,False,False,False,False,False,False,False,False,False,False,False,False,False,False,False,False,False,False,False,False,,,
data/raw/transfermarkt/kaggle_player_scores/players.csv,False,False,True,False,False,False,False,False,False,False,False,False,False,False,False,False,False,False,False,True,False,False,False,False,True,False,False,False,False,,,"name, position"
data/raw/transfermarkt/kaggle_player_scores/transfers.csv,False,False,True,False,False,False,False,False,False,False,False,False,False,False,False,False,True,False,False,False,False,False,False,False,False,False,False,False,False,,,player_name
data/raw/transfermarkt/sample_transfermarkt.csv,False,True,True,False,False,False,False,False,False,True,False,False,False,False,False,False,True,False,False,False,False,True,False,True,True,False,True,True,False,,market_value_eur,"player_name, club, league, position, age, season"
data/raw/transfermarkt/update_2025_2026/appearances.csv,False,False,True,False,False,False,False,False,False,False,False,False,False,False,False,False,True,False,False,False,False,False,False,False,False,False,False,False,False,,,player_name
data/raw/transfermarkt/update_2025_2026/club_games.csv,False,False,False,False,False,False,False,False,False,False,False,False,False,False,False,False,False,False,False,False,False,False,False,False,False,False,False,False,False,,,
data/raw/transfermarkt/update_2025_2026/clubs.csv,False,False,True,False,False,False,False,False,False,False,False,False,False,False,False,False,False,False,False,True,False,False,False,False,False,False,False,False,False,,,name
data/raw/transfermarkt/update_2025_2026/competitions.csv,False,False,True,False,False,False,False,False,False,False,False,False,False,False,False,False,False,False,False,True,False,False,False,False,False,False,False,False,False,,,name
data/raw/transfermarkt/update_2025_2026/countries.csv,False,False,False,False,False,False,False,False,False,False,False,False,False,False,False,False,False,False,False,False,False,False,False,False,False,False,False,False,False,,,
data/raw/transfermarkt/update_2025_2026/game_events.csv,False,False,False,False,False,False,False,False,False,False,False,False,False,False,False,False,False,False,False,False,False,False,False,False,False,False,False,False,False,,,
data/raw/transfermarkt/update_2025_2026/game_lineups.csv,False,False,True,False,False,False,False,False,False,False,False,False,False,False,False,False,True,False,False,False,False,False,False,False,True,False,False,False,False,,,"player_name, position"
data/raw/transfermarkt/update_2025_2026/games.csv,False,False,True,False,False,False,False,False,False,False,False,False,False,False,False,False,False,False,False,False,False,False,False,False,False,False,False,True,False,,,season
data/raw/transfermarkt/update_2025_2026/national_teams.csv,False,False,True,False,False,False,False,False,False,False,False,False,False,False,False,False,False,False,False,True,False,False,False,False,False,False,False,False,False,,,name
data/raw/transfermarkt/update_2025_2026/player_valuations.csv,False,False,False,False,False,False,False,False,False,False,False,False,False,False,False,False,False,False,False,False,False,False,False,False,False,False,False,False,False,,,
data/raw/transfermarkt/update_2025_2026/players.csv,False,False,True,False,False,False,False,False,False,False,False,False,False,False,False,False,False,False,False,True,False,False,False,False,True,False,False,False,False,,,"name, position"
data/raw/transfermarkt/update_2025_2026/transfers.csv,False,False,True,False,False,False,False,False,False,False,False,False,False,False,False,False,True,False,False,False,False,False,False,False,False,False,False,False,False,,,player_name
reports/business/roi_global_summary.csv,False,False,False,False,False,False,False,False,False,False,False,False,False,False,False,False,False,False,False,False,False,False,False,False,False,False,False,False,False,,,
reports/business/roi_scouting_shortlist.csv,False,True,True,False,False,False,False,False,False,True,False,False,False,False,False,False,False,True,True,False,False,True,False,True,False,True,True,True,False,,market_value_eur,"player_name_fbref, player_name_tm, club, league, position_group, age, season"
reports/business/roi_scouting_shortlist_summary.csv,False,False,False,False,False,False,False,False,False,False,False,False,False,False,False,False,False,False,False,False,False,False,False,False,False,False,False,False,False,,,
reports/business/roi_simulation.csv,False,True,True,False,False,False,False,False,False,True,False,False,False,False,False,False,False,True,True,False,False,True,False,True,False,True,True,True,False,,market_value_eur,"player_name_fbref, player_name_tm, club, league, position_group, age, season"
reports/business/transfer_strategy_analysis.csv,False,False,False,False,False,False,False,False,False,False,False,False,False,False,False,False,False,False,False,False,False,False,False,False,False,False,False,False,False,,,
reports/data_quality/sprint_13a_matching_by_league.csv,False,False,True,False,False,False,False,False,False,False,False,False,False,False,False,False,False,False,False,False,False,False,False,True,False,False,False,False,False,,,league
reports/data_quality/sprint_13a_matching_by_league_season.csv,False,False,True,False,False,False,False,False,False,False,False,False,False,False,False,False,False,False,False,False,False,False,False,True,False,False,False,True,False,,,"league, season"
reports/dss/global_prospect_universe.csv,False,True,True,False,False,False,False,False,False,True,False,True,False,False,False,True,False,True,False,False,False,False,True,True,True,True,True,True,False,,"market_value_eur, log_market_value_eur","player_id_tm, player_name_fbref, club_actual, league, position, position_group, age, season"
reports/evaluation/precision_at_k.csv,False,False,False,False,False,False,False,False,False,False,False,False,False,False,False,False,False,False,False,False,False,False,False,False,False,False,False,False,False,,,
reports/model_diagnostics/ranking_by_league.csv,False,False,True,False,False,False,False,False,False,False,False,False,False,False,False,False,False,False,False,False,False,False,False,True,False,False,False,False,False,,,league
reports/model_diagnostics/ranking_by_position.csv,False,False,True,False,False,False,False,False,False,False,False,False,False,False,False,False,False,False,False,False,False,False,False,False,False,True,False,False,False,,,position_group
reports/model_diagnostics/ranking_score_correlations.csv,False,False,False,False,False,False,False,False,False,False,False,False,False,False,False,False,False,False,False,False,False,False,False,False,False,False,False,False,False,,,
reports/model_diagnostics/ranking_summary.csv,False,False,False,False,False,False,False,False,False,False,False,False,False,False,False,False,False,False,False,False,False,False,False,False,False,False,False,False,False,,,
reports/model_diagnostics/ranking_tier_summary.csv,False,False,False,False,False,False,False,False,False,False,False,False,False,False,False,False,False,False,False,False,False,False,False,False,False,False,False,False,False,,,
reports/portfolio/portfolio_candidates.csv,False,True,True,False,False,False,False,False,False,True,False,False,False,False,False,False,False,True,True,False,False,True,False,True,False,True,True,True,False,,market_value_eur,"player_name_fbref, player_name_tm, club, league, position_group, age, season"
reports/portfolio/portfolio_candidates.parquet,False,True,True,False,False,False,False,False,False,True,False,False,False,False,False,False,False,True,True,False,False,True,False,True,False,True,True,True,False,,market_value_eur,"player_name_fbref, player_name_tm, club, league, position_group, age, season"
reports/portfolio/portfolio_dataset_summary.csv,False,False,False,False,False,False,False,False,False,False,False,False,False,False,False,False,False,False,False,False,False,False,False,False,False,False,False,False,False,,,
reports/portfolio/recommended_portfolio.csv,False,True,True,False,False,False,False,False,False,True,False,False,False,False,False,False,False,True,True,False,False,True,False,True,False,True,True,True,False,,market_value_eur,"player_name_fbref, player_name_tm, club, league, position_group, age, season"
reports/portfolio/scenarios/recommended_portfolio_aggressive.csv,False,True,True,False,False,False,False,False,False,True,False,False,False,False,False,False,False,True,True,False,False,True,False,True,False,True,True,True,False,,market_value_eur,"player_name_fbref, player_name_tm, club, league, position_group, age, season"
reports/portfolio/scenarios/recommended_portfolio_balanced.csv,False,True,True,False,False,False,False,False,False,True,False,False,False,False,False,False,False,True,True,False,False,True,False,True,False,True,True,True,False,,market_value_eur,"player_name_fbref, player_name_tm, club, league, position_group, age, season"
reports/portfolio/scenarios/recommended_portfolio_conservative.csv,False,True,True,False,False,False,False,False,False,True,False,False,False,False,False,False,False,True,True,False,False,True,False,True,False,True,True,True,False,,market_value_eur,"player_name_fbref, player_name_tm, club, league, position_group, age, season"
reports/portfolio/scenarios/scenario_simulation_summary.csv,False,False,False,False,False,False,False,False,False,False,False,False,False,False,False,False,False,False,False,False,False,False,False,False,False,False,False,False,False,,,
reports/rankings/ols_overvalued.csv,False,True,True,False,False,False,False,False,False,True,False,True,False,False,False,True,False,True,True,False,False,True,False,True,True,True,True,True,True,,"market_value_eur, log_market_value_eur","player_id_tm, player_name_fbref, player_name_tm, club, league, position, position_group, age, season, season_start_year"
reports/rankings/ols_undervalued.csv,False,True,True,False,False,False,False,False,False,True,False,True,False,False,False,True,False,True,True,False,False,True,False,True,True,True,True,True,True,,"market_value_eur, log_market_value_eur","player_id_tm, player_name_fbref, player_name_tm, club, league, position, position_group, age, season, season_start_year"
reports/rankings/scoring_dataset.csv,False,True,True,False,False,False,False,False,False,True,False,True,False,False,False,True,False,True,False,False,False,True,False,True,True,True,True,True,False,,"market_value_eur, log_market_value_eur","player_id_tm, player_name_fbref, club, league, position, position_group, age, season"
reports/rankings/scoring_dataset_confidence.csv,False,True,True,False,False,False,False,False,False,True,False,True,False,False,False,True,False,True,False,False,False,True,False,True,True,True,True,True,False,,"market_value_eur, log_market_value_eur","player_id_tm, player_name_fbref, club, league, position, position_group, age, season"
reports/rankings/scoring_dataset_growth.csv,False,True,True,False,False,False,False,False,False,True,False,True,False,False,False,True,False,True,False,False,False,True,False,True,True,True,True,True,False,,"market_value_eur, log_market_value_eur","player_id_tm, player_name_fbref, club, league, position, position_group, age, season"
reports/rankings/scoring_dataset_opportunity.csv,False,True,True,False,False,False,False,False,False,True,False,True,False,False,False,True,False,True,False,False,False,True,False,True,True,True,True,True,False,,"market_value_eur, log_market_value_eur","player_id_tm, player_name_fbref, club, league, position, position_group, age, season"
reports/rankings/scoring_league_distribution.csv,False,False,True,False,False,False,False,False,False,False,False,False,False,False,False,False,False,False,False,False,False,False,False,True,False,False,False,False,False,,,league
reports/rankings/scouting_shortlist.csv,False,True,True,False,False,False,False,False,False,True,False,False,False,False,False,False,False,True,False,False,False,True,False,True,False,True,True,True,False,,market_value_eur,"player_name_fbref, club, league, position_group, age, season"
reports/rankings/scouting_shortlist_with_risk.csv,False,True,True,False,False,False,False,False,False,True,False,False,False,False,False,False,False,True,False,False,False,True,False,True,False,True,True,True,False,,market_value_eur,"player_name_fbref, club, league, position_group, age, season"
reports/rankings/top_high_potential.csv,False,True,True,False,False,False,False,False,False,True,False,False,False,False,False,False,False,True,True,False,False,True,False,True,False,True,True,True,False,,market_value_eur,"player_name_fbref, player_name_tm, club, league, position_group, age, season"
reports/rankings/top_low_risk.csv,False,True,True,False,False,False,False,False,False,True,False,False,False,False,False,False,False,True,True,False,False,True,False,True,False,True,True,True,False,,market_value_eur,"player_name_fbref, player_name_tm, club, league, position_group, age, season"
reports/rankings/top_undervalued_by_league.csv,False,True,True,False,False,False,False,False,False,True,False,False,False,False,False,False,False,True,True,False,False,True,False,True,False,True,True,True,False,,market_value_eur,"player_name_fbref, player_name_tm, club, league, position_group, age, season"
reports/rankings/top_undervalued_by_position.csv,False,True,True,False,False,False,False,False,False,True,False,False,False,False,False,False,False,True,True,False,False,True,False,True,False,True,True,True,False,,market_value_eur,"player_name_fbref, player_name_tm, club, league, position_group, age, season"
reports/rankings/top_undervalued_global.csv,False,True,True,False,False,False,False,False,False,True,False,False,False,False,False,False,False,True,True,False,False,True,False,True,False,True,True,True,False,,market_value_eur,"player_name_fbref, player_name_tm, club, league, position_group, age, season"
reports/scouting_reports/player_shap_report.csv,False,True,True,False,False,False,False,False,False,True,False,False,False,False,False,False,False,True,True,False,False,True,False,True,False,True,True,True,False,,market_value_eur,"player_name_fbref, player_name_tm, club, league, position_group, age, season"
reports/sprint_13a1/econometric/03_econometric_model_coefficients.csv,False,False,False,False,False,False,False,False,False,False,False,False,False,False,False,False,False,False,False,False,False,False,False,False,False,False,False,False,False,,,
reports/sprint_13a1/econometric/03_econometric_model_metrics.csv,False,False,False,False,False,False,False,False,False,False,False,False,False,False,False,False,False,False,False,False,False,False,False,False,False,False,False,False,False,,,
reports/sprint_13a1/econometric/03_econometric_scored_player_seasons.parquet,False,True,True,False,False,False,False,False,False,True,False,True,False,False,False,True,True,True,True,False,False,True,False,True,True,True,True,True,True,,"market_value_eur, log_market_value_eur","player_id_tm, player_name, player_name_fbref, player_name_tm, club, league, position, position_group, age, season, season_start_year"
reports/sprint_13a1/econometric/03_econometric_test_predictions.parquet,False,True,True,False,False,False,False,False,False,True,False,True,False,False,False,True,True,True,True,False,False,True,False,True,True,True,True,True,True,,"market_value_eur, log_market_value_eur","player_id_tm, player_name, player_name_fbref, player_name_tm, club, league, position, position_group, age, season, season_start_year"
reports/sprint_13a1/econometric/03_inefficiency_by_league_test.csv,False,False,True,False,False,False,False,False,False,False,False,False,False,False,False,False,False,False,False,False,False,False,False,True,False,False,False,False,False,,,league
reports/sprint_13a1/econometric/03_overvalued_ranking.csv,False,True,True,False,False,False,False,False,False,True,False,True,False,False,False,True,True,False,False,False,False,True,False,True,False,True,True,True,False,,"market_value_eur, log_market_value_eur","player_id_tm, player_name, club, league, position_group, age, season"
reports/sprint_13a1/econometric/03_strict_matching_metrics.csv,False,False,False,False,False,False,False,False,False,False,False,False,False,False,False,False,False,False,False,False,False,False,False,False,False,False,False,False,False,,,
reports/sprint_13a1/econometric/03_undervalued_ranking.csv,False,True,True,False,False,False,False,False,False,True,False,True,False,False,False,True,True,False,False,False,False,True,False,True,False,True,True,True,False,,"market_value_eur, log_market_value_eur","player_id_tm, player_name, club, league, position_group, age, season"
reports/sprint_13a1/econometric/03_vif_table.csv,False,False,False,False,False,False,False,False,False,False,False,False,False,False,False,False,False,False,False,False,False,False,False,False,False,False,False,False,False,,,
reports/sprint_13a1/ml/04_ml_inefficiency_by_league.csv,False,False,True,False,False,False,False,False,False,False,False,False,False,False,False,False,False,False,False,False,False,False,False,True,False,False,False,False,False,,,league
reports/sprint_13a1/ml/04_ml_inefficiency_by_position.csv,False,False,True,False,False,False,False,False,False,False,False,False,False,False,False,False,False,False,False,False,False,False,False,False,False,True,False,False,False,,,position_group
reports/sprint_13a1/ml/04_ml_model_metrics.csv,False,False,False,False,False,False,False,False,False,False,False,False,False,False,False,False,False,False,False,False,False,False,False,False,False,False,False,False,False,,,
reports/sprint_13a1/ml/04_ml_overvalued_ranking.csv,False,True,True,False,False,False,False,False,False,True,False,True,False,False,False,True,False,True,False,False,False,True,False,True,False,True,True,True,False,,"market_value_eur, log_market_value_eur","player_id_tm, player_name_fbref, club, league, position_group, age, season"
reports/sprint_13a1/ml/04_ml_permutation_importance.csv,False,False,False,False,False,False,False,False,False,False,False,False,False,False,False,False,False,False,False,False,False,False,False,False,False,False,False,False,False,,,
reports/sprint_13a1/ml/04_ml_test_predictions.csv,False,True,True,False,False,False,False,False,False,True,False,True,False,False,False,True,False,True,False,False,False,True,False,True,False,True,True,True,False,,"market_value_eur, log_market_value_eur","player_id_tm, player_name_fbref, club, league, position_group, age, season"
reports/sprint_13a1/ml/04_ml_test_predictions.parquet,False,True,True,False,False,False,False,False,False,True,False,True,False,False,False,True,False,True,False,False,False,True,False,True,False,True,True,True,False,,"market_value_eur, log_market_value_eur","player_id_tm, player_name_fbref, club, league, position_group, age, season"
reports/sprint_13a1/ml/04_ml_undervalued_ranking.csv,False,True,True,False,False,False,False,False,False,True,False,True,False,False,False,True,False,True,False,False,False,True,False,True,False,True,True,True,False,,"market_value_eur, log_market_value_eur","player_id_tm, player_name_fbref, club, league, position_group, age, season"
reports/sprint_13a1/ml/04_model_comparison_test.csv,False,False,False,False,False,False,False,False,False,False,False,False,False,False,False,False,False,False,False,False,False,False,False,False,False,False,False,False,False,,,
reports/sprint_13a1/ml/predictions/04_ml_test_predictions_v13a1.csv,False,True,True,False,False,False,False,False,False,True,False,True,False,False,False,True,False,True,False,False,False,True,False,True,False,True,True,True,False,,"market_value_eur, log_market_value_eur","player_id_tm, player_name_fbref, club, league, position_group, age, season"
reports/sprint_13a1/ml/predictions/04_ml_test_predictions_v13a1.parquet,False,True,True,False,False,False,False,False,False,True,False,True,False,False,False,True,False,True,False,False,False,True,False,True,False,True,True,True,False,,"market_value_eur, log_market_value_eur","player_id_tm, player_name_fbref, club, league, position_group, age, season"
reports/sprint_13a1/ml/tables/04_ml_inefficiency_by_league_v13a1.csv,False,False,True,False,False,False,False,False,False,False,False,False,False,False,False,False,False,False,False,False,False,False,False,True,False,False,False,False,False,,,league
reports/sprint_13a1/ml/tables/04_ml_inefficiency_by_position_v13a1.csv,False,False,True,False,False,False,False,False,False,False,False,False,False,False,False,False,False,False,False,False,False,False,False,False,False,True,False,False,False,,,position_group
reports/sprint_13a1/ml/tables/04_ml_overvalued_ranking_v13a1.csv,False,True,True,False,False,False,False,False,False,True,False,True,False,False,False,True,False,True,False,False,False,True,False,True,False,True,True,True,False,,"market_value_eur, log_market_value_eur","player_id_tm, player_name_fbref, club, league, position_group, age, season"
reports/sprint_13a1/ml/tables/04_ml_permutation_importance_v13a1.csv,False,False,False,False,False,False,False,False,False,False,False,False,False,False,False,False,False,False,False,False,False,False,False,False,False,False,False,False,False,,,
reports/sprint_13a1/ml/tables/04_ml_undervalued_ranking_v13a1.csv,False,True,True,False,False,False,False,False,False,True,False,True,False,False,False,True,False,True,False,False,False,True,False,True,False,True,True,True,False,,"market_value_eur, log_market_value_eur","player_id_tm, player_name_fbref, club, league, position_group, age, season"
reports/sprint_13a1/ml/tables/04_model_comparison_test_v13a1.csv,False,False,False,False,False,False,False,False,False,False,False,False,False,False,False,False,False,False,False,False,False,False,False,False,False,False,False,False,False,,,
reports/sprint_13a1/ml/tables/ml_model_comparison_v13a1.csv,False,False,False,False,False,False,False,False,False,False,False,False,False,False,False,False,False,False,False,False,False,False,False,False,False,False,False,False,False,,,
reports/sprint_13a1/ols/growth_ols_temporal_v13a1_metrics.csv,False,False,False,False,False,False,False,False,False,False,False,False,False,False,False,False,False,False,False,False,False,False,False,False,False,False,False,False,False,,,
reports/sprint_13a1/xgboost/feature_importance/tuned_lightgbm_feature_importance.csv,False,False,False,False,False,False,False,False,False,False,False,False,False,False,False,False,False,False,False,False,False,False,False,False,False,False,False,False,False,,,
reports/sprint_13a1/xgboost/feature_importance/tuned_random_forest_feature_importance.csv,False,False,False,False,False,False,False,False,False,False,False,False,False,False,False,False,False,False,False,False,False,False,False,False,False,False,False,False,False,,,
reports/sprint_13a1/xgboost/feature_importance/tuned_xgboost_feature_importance.csv,False,False,False,False,False,False,False,False,False,False,False,False,False,False,False,False,False,False,False,False,False,False,False,False,False,False,False,False,False,,,
reports/sprint_13a1/xgboost/predictions/tuned_xgboost_full_predictions.csv,False,True,True,False,False,False,False,False,False,True,False,True,False,False,False,True,False,True,True,False,False,True,False,True,True,True,True,True,True,,"market_value_eur, log_market_value_eur","player_id_tm, player_name_fbref, player_name_tm, club, league, position, position_group, age, season, season_start_year"
reports/sprint_13a1/xgboost/predictions/tuned_xgboost_predictions.csv,False,True,True,False,False,False,False,False,False,True,False,True,False,False,False,True,False,True,True,False,False,True,False,True,True,True,True,True,True,,"market_value_eur, log_market_value_eur","player_id_tm, player_name_fbref, player_name_tm, club, league, position, position_group, age, season, season_start_year"
reports/sprint_13a1/xgboost/predictions/tuned_xgboost_test_predictions.csv,False,True,True,False,False,False,False,False,False,True,False,True,False,False,False,True,False,True,True,False,False,True,False,True,True,True,True,True,True,,"market_value_eur, log_market_value_eur","player_id_tm, player_name_fbref, player_name_tm, club, league, position, position_group, age, season, season_start_year"
reports/sprint_13a1/xgboost/tables/ml_tuned_model_comparison.csv,False,False,False,False,False,False,False,False,False,False,False,False,False,False,False,False,False,False,False,False,False,False,False,False,False,False,False,False,False,,,
reports/sprint_13b/econometric/03_advanced_feature_coefficients.csv,False,False,False,False,False,False,False,False,False,False,False,False,False,False,False,False,False,False,False,False,False,False,False,False,False,False,False,False,False,,,
reports/sprint_13b/econometric/03_econometric_model_coefficients.csv,False,False,False,False,False,False,False,False,False,False,False,False,False,False,False,False,False,False,False,False,False,False,False,False,False,False,False,False,False,,,
reports/sprint_13b/econometric/03_econometric_model_metrics.csv,False,False,False,False,False,False,False,False,False,False,False,False,False,False,False,False,False,False,False,False,False,False,False,False,False,False,False,False,False,,,
reports/sprint_13b/econometric/03_econometric_scored_player_seasons.parquet,False,True,True,False,False,False,False,False,False,True,False,True,False,False,False,True,True,True,True,False,False,True,False,True,True,True,True,True,True,,"market_value_eur, log_market_value_eur","player_id_tm, player_name, player_name_fbref, player_name_tm, club, league, position, position_group, age, season, season_start_year"
reports/sprint_13b/econometric/03_econometric_test_predictions.parquet,False,True,True,False,False,False,False,False,False,True,False,True,False,False,False,True,True,True,True,False,False,True,False,True,True,True,True,True,True,,"market_value_eur, log_market_value_eur","player_id_tm, player_name, player_name_fbref, player_name_tm, club, league, position, position_group, age, season, season_start_year"
reports/sprint_13b/econometric/03_inefficiency_by_league_test.csv,False,False,True,False,False,False,False,False,False,False,False,False,False,False,False,False,False,False,False,False,False,False,False,True,False,False,False,False,False,,,league
reports/sprint_13b/econometric/03_main_coefficients_advanced_features.csv,False,False,False,False,False,False,False,False,False,False,False,False,False,False,False,False,False,False,False,False,False,False,False,False,False,False,False,False,False,,,
reports/sprint_13b/econometric/03_overvalued_ranking.csv,False,True,True,False,False,False,False,False,False,True,False,True,False,False,False,True,True,False,False,False,False,True,False,True,False,True,True,True,False,,"market_value_eur, log_market_value_eur","player_id_tm, player_name, club, league, position_group, age, season"
reports/sprint_13b/econometric/03_strict_matching_metrics.csv,False,False,False,False,False,False,False,False,False,False,False,False,False,False,False,False,False,False,False,False,False,False,False,False,False,False,False,False,False,,,
reports/sprint_13b/econometric/03_undervalued_ranking.csv,False,True,True,False,False,False,False,False,False,True,False,True,False,False,False,True,True,False,False,False,False,True,False,True,False,True,True,True,False,,"market_value_eur, log_market_value_eur","player_id_tm, player_name, club, league, position_group, age, season"
reports/sprint_13b/econometric/03_vif_table.csv,False,False,False,False,False,False,False,False,False,False,False,False,False,False,False,False,False,False,False,False,False,False,False,False,False,False,False,False,False,,,
reports/sprint_13b/econometric/correlation_advanced_features.csv,False,False,False,False,False,False,False,False,False,False,False,False,False,False,False,False,False,False,False,False,False,False,False,False,False,False,False,False,False,,,
reports/sprint_13b/econometric/ols_model_comparison.csv,False,False,False,False,False,False,False,False,False,False,False,False,False,False,False,False,False,False,False,False,False,False,False,False,False,False,False,False,False,,,
reports/sprint_13b/econometric/vif_advanced_features_model_b.csv,False,False,False,False,False,False,False,False,False,False,False,False,False,False,False,False,False,False,False,False,False,False,False,False,False,False,False,False,False,,,
reports/sprint_13b/econometric/vif_model_b.csv,False,False,False,False,False,False,False,False,False,False,False,False,False,False,False,False,False,False,False,False,False,False,False,False,False,False,False,False,False,,,
reports/sprint_13b/fbref_advanced_coverage_audit.csv,False,False,False,False,False,False,False,False,False,False,False,False,False,False,False,False,False,False,False,False,False,False,False,False,False,False,False,False,False,,,
reports/sprint_13b/fbref_advanced_extraction_audit.csv,False,False,True,False,False,False,False,False,False,False,False,False,False,False,False,False,False,False,False,False,False,False,False,True,False,False,False,True,False,,,"league, season"
reports/sprint_13b/fbref_advanced_feature_engineering_audit.csv,False,False,False,False,False,False,False,False,False,False,False,False,False,False,False,False,False,False,False,False,False,False,False,False,False,False,False,False,False,,,
reports/sprint_13b/fbref_advanced_file_audit.csv,False,False,False,False,False,False,False,False,False,False,False,False,False,False,False,False,False,False,False,False,False,False,False,False,False,False,False,False,False,,,
reports/sprint_13b/fbref_advanced_variable_summary.csv,False,False,False,False,False,False,False,False,False,False,False,False,False,False,False,False,False,False,False,False,False,False,False,False,False,False,False,False,False,,,
reports/sprint_13b/ml/advanced_features_contribution_ranking_v13b.csv,False,False,False,False,False,False,False,False,False,False,False,False,False,False,False,False,False,False,False,False,False,False,False,False,False,False,False,False,False,,,
reports/sprint_13b/ml/advanced_features_coverage_v13b.csv,False,False,False,False,False,False,False,False,False,False,False,False,False,False,False,False,False,False,False,False,False,False,False,False,False,False,False,False,False,,,
reports/sprint_13b/ml/advanced_features_importance_summary_v13b.csv,False,False,False,False,False,False,False,False,False,False,False,False,False,False,False,False,False,False,False,False,False,False,False,False,False,False,False,False,False,,,
reports/sprint_13b/ml/advanced_features_performance_summary.csv,False,False,False,False,False,False,False,False,False,False,False,False,False,False,False,False,False,False,False,False,False,False,False,False,False,False,False,False,False,,,
reports/sprint_13b/ml/feature_importance_all_aggregated_v13b.csv,False,False,False,False,False,False,False,False,False,False,False,False,False,False,False,False,False,False,False,False,False,False,False,False,False,False,False,False,False,,,
reports/sprint_13b/ml/feature_importance_all_transformed_v13b.csv,False,False,False,False,False,False,False,False,False,False,False,False,False,False,False,False,False,False,False,False,False,False,False,False,False,False,False,False,False,,,
reports/sprint_13b/ml/feature_importance_lightgbm_v13b.csv,False,False,False,False,False,False,False,False,False,False,False,False,False,False,False,False,False,False,False,False,False,False,False,False,False,False,False,False,False,,,
reports/sprint_13b/ml/feature_importance_rf_v13b.csv,False,False,False,False,False,False,False,False,False,False,False,False,False,False,False,False,False,False,False,False,False,False,False,False,False,False,False,False,False,,,
reports/sprint_13b/ml/feature_importance_xgboost_v13b.csv,False,False,False,False,False,False,False,False,False,False,False,False,False,False,False,False,False,False,False,False,False,False,False,False,False,False,False,False,False,,,
reports/sprint_13b/ml/feature_sets_v13b.csv,False,False,False,False,False,False,False,False,False,False,False,False,False,False,False,False,False,False,False,False,False,False,False,False,False,False,False,False,False,,,
reports/sprint_13b/ml/ml_model_comparison_raw_v13b.csv,False,False,False,False,False,False,False,False,False,False,False,False,False,False,False,False,False,False,False,False,False,False,False,False,False,False,False,False,False,,,
reports/sprint_13b/ml/ml_model_comparison_test_v13b.csv,False,False,False,False,False,False,False,False,False,False,False,False,False,False,False,False,False,False,False,False,False,False,False,False,False,False,False,False,False,,,
reports/sprint_13b/ml/ml_model_comparison_v13b.csv,False,False,False,False,False,False,False,False,False,False,False,False,False,False,False,False,False,False,False,False,False,False,False,False,False,False,False,False,False,,,
reports/sprint_13b/ml/ml_success_criteria_v13b.csv,False,False,False,False,False,False,False,False,False,False,False,False,False,False,False,False,False,False,False,False,False,False,False,False,False,False,False,False,False,,,
reports/sprint_13b/ml/predictions/04_ml_test_predictions_v13b.csv,False,True,True,False,False,False,False,False,False,True,False,True,False,False,False,True,False,True,False,False,False,True,False,True,False,True,True,True,False,,"market_value_eur, log_market_value_eur","player_id_tm, player_name_fbref, club, league, position_group, age, season"
reports/sprint_13b/ml/predictions/04_ml_test_predictions_v13b.parquet,False,True,True,False,False,False,False,False,False,True,False,True,False,False,False,True,False,True,False,False,False,True,False,True,False,True,True,True,False,,"market_value_eur, log_market_value_eur","player_id_tm, player_name_fbref, club, league, position_group, age, season"
reports/sprint_13b/poc_playwright_fbref_html_results.csv,False,False,True,False,False,False,False,False,False,False,False,False,False,False,False,False,False,False,False,False,False,False,False,True,False,False,False,True,False,,,"league, season"
reports/sprint_13b/poc_soccerdata_fbref_results.csv,False,False,True,False,False,False,False,False,False,False,False,False,False,False,False,False,False,False,False,False,False,False,False,True,False,False,False,True,False,,,"league, season"
reports/sprint_13b/poc_soccerdata_fbref_team_season_results.csv,False,False,False,False,False,False,False,False,False,False,False,False,False,False,False,False,False,False,False,False,False,False,False,False,False,False,False,False,False,,,
reports/sprint_13b/productive/03_advanced_feature_coefficients.csv,False,False,False,False,False,False,False,False,False,False,False,False,False,False,False,False,False,False,False,False,False,False,False,False,False,False,False,False,False,,,
reports/sprint_13b/productive/03_econometric_model_coefficients.csv,False,False,False,False,False,False,False,False,False,False,False,False,False,False,False,False,False,False,False,False,False,False,False,False,False,False,False,False,False,,,
reports/sprint_13b/productive/03_econometric_model_metrics.csv,False,False,False,False,False,False,False,False,False,False,False,False,False,False,False,False,False,False,False,False,False,False,False,False,False,False,False,False,False,,,
reports/sprint_13b/productive/03_econometric_scored_player_seasons.parquet,False,True,True,False,False,False,False,False,False,True,False,True,False,False,False,True,True,True,True,False,False,True,False,True,True,True,True,True,True,,"market_value_eur, log_market_value_eur","player_id_tm, player_name, player_name_fbref, player_name_tm, club, league, position, position_group, age, season, season_start_year"
reports/sprint_13b/productive/03_econometric_test_predictions.parquet,False,True,True,False,False,False,False,False,False,True,False,True,False,False,False,True,True,True,True,False,False,True,False,True,True,True,True,True,True,,"market_value_eur, log_market_value_eur","player_id_tm, player_name, player_name_fbref, player_name_tm, club, league, position, position_group, age, season, season_start_year"
reports/sprint_13b/productive/03_inefficiency_by_league_test.csv,False,False,True,False,False,False,False,False,False,False,False,False,False,False,False,False,False,False,False,False,False,False,False,True,False,False,False,False,False,,,league
reports/sprint_13b/productive/03_main_coefficients_advanced_features.csv,False,False,False,False,False,False,False,False,False,False,False,False,False,False,False,False,False,False,False,False,False,False,False,False,False,False,False,False,False,,,
reports/sprint_13b/productive/03_overvalued_ranking.csv,False,True,True,False,False,False,False,False,False,True,False,True,False,False,False,True,True,False,False,False,False,True,False,True,False,True,True,True,False,,"market_value_eur, log_market_value_eur","player_id_tm, player_name, club, league, position_group, age, season"
reports/sprint_13b/productive/03_strict_matching_metrics.csv,False,False,False,False,False,False,False,False,False,False,False,False,False,False,False,False,False,False,False,False,False,False,False,False,False,False,False,False,False,,,
reports/sprint_13b/productive/03_undervalued_ranking.csv,False,True,True,False,False,False,False,False,False,True,False,True,False,False,False,True,True,False,False,False,False,True,False,True,False,True,True,True,False,,"market_value_eur, log_market_value_eur","player_id_tm, player_name, club, league, position_group, age, season"
reports/sprint_13b/productive/advanced_features_contribution_ranking_v13b.csv,False,False,False,False,False,False,False,False,False,False,False,False,False,False,False,False,False,False,False,False,False,False,False,False,False,False,False,False,False,,,
reports/sprint_13b/productive/advanced_features_coverage_v13b.csv,False,False,False,False,False,False,False,False,False,False,False,False,False,False,False,False,False,False,False,False,False,False,False,False,False,False,False,False,False,,,
reports/sprint_13b/productive/advanced_features_importance_summary_v13b.csv,False,False,False,False,False,False,False,False,False,False,False,False,False,False,False,False,False,False,False,False,False,False,False,False,False,False,False,False,False,,,
reports/sprint_13b/productive/advanced_features_performance_summary.csv,False,False,False,False,False,False,False,False,False,False,False,False,False,False,False,False,False,False,False,False,False,False,False,False,False,False,False,False,False,,,
reports/sprint_13b/productive/correlation_advanced_features.csv,False,False,False,False,False,False,False,False,False,False,False,False,False,False,False,False,False,False,False,False,False,False,False,False,False,False,False,False,False,,,
reports/sprint_13b/productive/feature_importance_all_aggregated_v13b.csv,False,False,False,False,False,False,False,False,False,False,False,False,False,False,False,False,False,False,False,False,False,False,False,False,False,False,False,False,False,,,
reports/sprint_13b/productive/feature_importance_all_transformed_v13b.csv,False,False,False,False,False,False,False,False,False,False,False,False,False,False,False,False,False,False,False,False,False,False,False,False,False,False,False,False,False,,,
reports/sprint_13b/productive/feature_importance_lightgbm_v13b.csv,False,False,False,False,False,False,False,False,False,False,False,False,False,False,False,False,False,False,False,False,False,False,False,False,False,False,False,False,False,,,
reports/sprint_13b/productive/feature_importance_rf_v13b.csv,False,False,False,False,False,False,False,False,False,False,False,False,False,False,False,False,False,False,False,False,False,False,False,False,False,False,False,False,False,,,
reports/sprint_13b/productive/feature_importance_xgboost_v13b.csv,False,False,False,False,False,False,False,False,False,False,False,False,False,False,False,False,False,False,False,False,False,False,False,False,False,False,False,False,False,,,
reports/sprint_13b/productive/feature_sets_v13b.csv,False,False,False,False,False,False,False,False,False,False,False,False,False,False,False,False,False,False,False,False,False,False,False,False,False,False,False,False,False,,,
reports/sprint_13b/productive/ml_model_comparison_raw_v13b.csv,False,False,False,False,False,False,False,False,False,False,False,False,False,False,False,False,False,False,False,False,False,False,False,False,False,False,False,False,False,,,
reports/sprint_13b/productive/ml_model_comparison_test_v13b.csv,False,False,False,False,False,False,False,False,False,False,False,False,False,False,False,False,False,False,False,False,False,False,False,False,False,False,False,False,False,,,
reports/sprint_13b/productive/ml_model_comparison_v13b.csv,False,False,False,False,False,False,False,False,False,False,False,False,False,False,False,False,False,False,False,False,False,False,False,False,False,False,False,False,False,,,
reports/sprint_13b/productive/ml_success_criteria_v13b.csv,False,False,False,False,False,False,False,False,False,False,False,False,False,False,False,False,False,False,False,False,False,False,False,False,False,False,False,False,False,,,
reports/sprint_13b/productive/ols_model_comparison.csv,False,False,False,False,False,False,False,False,False,False,False,False,False,False,False,False,False,False,False,False,False,False,False,False,False,False,False,False,False,,,
reports/sprint_13b/productive/predictions/04_ml_test_predictions_v13b.csv,False,True,True,False,False,False,False,False,False,True,False,True,False,False,False,True,False,True,False,False,False,True,False,True,False,True,True,True,False,,"market_value_eur, log_market_value_eur","player_id_tm, player_name_fbref, club, league, position_group, age, season"
reports/sprint_13b/productive/predictions/04_ml_test_predictions_v13b.parquet,False,True,True,False,False,False,False,False,False,True,False,True,False,False,False,True,False,True,False,False,False,True,False,True,False,True,True,True,False,,"market_value_eur, log_market_value_eur","player_id_tm, player_name_fbref, club, league, position_group, age, season"
reports/sprint_13b/productive/rankings/scoring_dataset.csv,False,True,True,False,False,False,False,False,False,True,False,True,False,False,False,True,False,True,False,False,False,True,False,True,False,True,True,True,False,,"market_value_eur, log_market_value_eur","player_id_tm, player_name_fbref, club, league, position_group, age, season"
reports/sprint_13b/productive/rankings/scoring_dataset_confidence.csv,False,True,True,False,False,False,False,False,False,True,False,True,False,False,False,True,False,True,False,False,False,True,False,True,False,True,True,True,False,,"market_value_eur, log_market_value_eur","player_id_tm, player_name_fbref, club, league, position_group, age, season"
reports/sprint_13b/productive/rankings/scoring_dataset_growth.csv,False,True,True,False,False,False,False,False,False,True,False,True,False,False,False,True,False,True,False,False,False,True,False,True,False,True,True,True,False,,"market_value_eur, log_market_value_eur","player_id_tm, player_name_fbref, club, league, position_group, age, season"
reports/sprint_13b/productive/rankings/scoring_dataset_opportunity.csv,False,True,True,False,False,False,False,False,False,True,False,True,False,False,False,True,False,True,False,False,False,True,False,True,False,True,True,True,False,,"market_value_eur, log_market_value_eur","player_id_tm, player_name_fbref, club, league, position_group, age, season"
reports/sprint_13b/productive/rankings/scouting_shortlist.csv,False,True,True,False,False,False,False,False,False,True,False,False,False,False,False,False,False,True,False,False,False,True,False,True,False,True,True,True,False,,market_value_eur,"player_name_fbref, club, league, position_group, age, season"
reports/sprint_13b/productive/rankings/top_high_potential.csv,False,True,True,False,False,False,False,False,False,True,False,False,False,False,False,False,False,True,False,False,False,True,False,True,False,True,True,True,False,,market_value_eur,"player_name_fbref, club, league, position_group, age, season"
reports/sprint_13b/productive/rankings/top_low_risk.csv,False,True,True,False,False,False,False,False,False,True,False,False,False,False,False,False,False,True,False,False,False,True,False,True,False,True,True,True,False,,market_value_eur,"player_name_fbref, club, league, position_group, age, season"
reports/sprint_13b/productive/rankings/top_undervalued_by_league.csv,False,True,True,False,False,False,False,False,False,True,False,False,False,False,False,False,False,True,False,False,False,True,False,True,False,True,True,True,False,,market_value_eur,"player_name_fbref, club, league, position_group, age, season"
reports/sprint_13b/productive/rankings/top_undervalued_by_position.csv,False,True,True,False,False,False,False,False,False,True,False,False,False,False,False,False,False,True,False,False,False,True,False,True,False,True,True,True,False,,market_value_eur,"player_name_fbref, club, league, position_group, age, season"
reports/sprint_13b/productive/rankings/top_undervalued_global.csv,False,True,True,False,False,False,False,False,False,True,False,False,False,False,False,False,False,True,False,False,False,True,False,True,False,True,True,True,False,,market_value_eur,"player_name_fbref, club, league, position_group, age, season"
reports/sprint_13b/productive/vif_model_b.csv,False,False,False,False,False,False,False,False,False,False,False,False,False,False,False,False,False,False,False,False,False,False,False,False,False,False,False,False,False,,,
reports/strategy/optimized_transfer_portfolio.csv,False,True,True,False,False,False,False,False,False,True,False,False,False,False,False,False,False,True,False,False,False,True,False,True,True,True,True,False,False,,market_value_eur,"player_name_fbref, club, league, position, position_group, age"
reports/strategy/scenario_comparison.csv,False,False,False,False,False,False,False,False,False,False,False,False,False,False,False,False,False,False,False,False,False,False,False,False,False,False,False,False,False,,,
reports/strategy/scenario_grid.csv,False,False,False,False,False,False,False,False,False,False,False,False,False,False,False,False,False,False,False,False,False,False,False,False,False,False,False,False,False,,,
reports/strategy/scenario_grid_portfolios.csv,False,True,True,False,False,False,False,False,False,True,False,False,False,False,False,False,False,True,False,False,False,True,False,True,True,True,True,False,False,,market_value_eur,"player_name_fbref, club, league, position, position_group, age"
reports/strategy/scenario_portfolios.csv,False,True,True,False,False,False,False,False,False,True,False,False,False,False,False,False,False,True,False,False,False,True,False,True,True,True,True,False,False,,market_value_eur,"player_name_fbref, club, league, position, position_group, age"
reports/strategy/transfer_portfolio_dataset.csv,False,True,True,False,False,False,False,False,False,True,False,False,False,False,False,False,False,True,False,False,False,True,False,True,True,True,True,False,False,,market_value_eur,"player_name_fbref, club, league, position, position_group, age"
reports/tables/01_dataset_summary.csv,False,False,False,False,False,False,False,False,False,False,False,False,False,False,False,False,False,False,False,False,False,False,False,False,False,False,False,False,False,,,
reports/tables/01_market_value_by_league.csv,False,False,True,False,False,False,False,False,False,False,False,False,False,False,False,False,False,False,False,False,False,False,False,True,False,False,False,False,False,,,league
reports/tables/01_match_rate_by_league.csv,False,False,True,False,False,False,False,False,False,False,False,False,False,False,False,False,False,False,False,False,False,False,False,True,False,False,False,False,False,,,league
reports/tables/01_match_rate_by_season.csv,False,False,True,False,False,False,False,False,False,False,False,False,False,False,False,False,False,False,False,False,False,False,False,False,False,False,False,True,False,,,season
reports/tables/01_modeling_coverage_by_season.csv,False,False,True,False,False,False,False,False,False,False,False,False,False,False,False,False,False,False,False,False,False,False,False,False,False,False,False,True,False,,,season
reports/tables/01_temporal_split_summary.csv,False,False,False,False,False,False,False,False,False,False,False,False,False,False,False,False,False,False,False,False,False,False,False,False,False,False,False,False,False,,,
reports/tables/02_baseline_coefficient_table.csv,False,False,False,False,False,False,False,False,False,False,False,False,False,False,False,False,False,False,False,False,False,False,False,False,False,False,False,False,False,,,
reports/tables/02_baseline_model_metrics.csv,False,False,False,False,False,False,False,False,False,False,False,False,False,False,False,False,False,False,False,False,False,False,False,False,False,False,False,False,False,,,
reports/tables/02_baseline_overvalued_ranking.csv,False,True,True,False,False,False,False,False,False,True,False,False,False,False,False,False,False,True,False,False,False,True,False,True,False,True,True,True,False,,market_value_eur,"player_name_fbref, club, league, position_group, age, season"
reports/tables/02_baseline_test_predictions.parquet,False,True,True,False,False,False,False,False,False,True,False,True,False,False,False,True,False,True,True,False,False,True,False,True,True,True,True,True,True,,"market_value_eur, log_market_value_eur","player_id_tm, player_name_fbref, player_name_tm, club, league, position, position_group, age, season, season_start_year"
reports/tables/02_baseline_undervalued_ranking.csv,False,True,True,False,False,False,False,False,False,True,False,False,False,False,False,False,False,True,False,False,False,True,False,True,False,True,True,True,False,,market_value_eur,"player_name_fbref, club, league, position_group, age, season"
reports/tables/02_baseline_vif_table.csv,False,False,False,False,False,False,False,False,False,False,False,False,False,False,False,False,False,False,False,False,False,False,False,False,False,False,False,False,False,,,
reports/tables/03_econometric_model_coefficients.csv,False,False,False,False,False,False,False,False,False,False,False,False,False,False,False,False,False,False,False,False,False,False,False,False,False,False,False,False,False,,,
reports/tables/03_econometric_model_metrics.csv,False,False,False,False,False,False,False,False,False,False,False,False,False,False,False,False,False,False,False,False,False,False,False,False,False,False,False,False,False,,,
reports/tables/03_econometric_model_vif.csv,False,False,False,False,False,False,False,False,False,False,False,False,False,False,False,False,False,False,False,False,False,False,False,False,False,False,False,False,False,,,
reports/tables/03_overvalued_ranking.csv,False,True,True,False,False,False,False,False,False,True,False,True,False,False,False,False,False,False,False,False,False,True,False,True,False,True,True,True,False,,"market_value_eur, log_market_value_eur","club, league, position_group, age, season"
reports/tables/03_player_season_with_inefficiency_scores.parquet,False,True,True,False,False,False,False,False,False,True,False,True,False,False,False,False,False,False,False,False,False,True,False,True,False,True,True,True,False,,"market_value_eur, log_market_value_eur","club, league, position_group, age, season"
reports/tables/03_undervalued_ranking.csv,False,True,True,False,False,False,False,False,False,True,False,True,False,False,False,False,False,False,False,False,False,True,False,True,False,True,True,True,False,,"market_value_eur, log_market_value_eur","club, league, position_group, age, season"
reports/tables/explainability/feature_importance_comparison_top10.csv,False,False,False,False,False,False,False,False,False,False,False,False,False,False,False,False,False,False,False,False,False,False,False,False,False,False,False,False,False,,,
reports/tables/explainability/shap_global_importance.csv,False,False,False,False,False,False,False,False,False,False,False,False,False,False,False,False,False,False,False,False,False,False,False,False,False,False,False,False,False,,,
reports/tables/ml_model_metrics.csv,False,False,False,False,False,False,False,False,False,False,False,False,False,False,False,False,False,False,False,False,False,False,False,False,False,False,False,False,False,,,
reports/tables/ml_tuned_model_comparison.csv,False,False,False,False,False,False,False,False,False,False,False,False,False,False,False,False,False,False,False,False,False,False,False,False,False,False,False,False,False,,,
reports/tables/model_comparison.csv,False,False,False,False,False,False,False,False,False,False,False,False,False,False,False,False,False,False,False,False,False,False,False,False,False,False,False,False,False,,,
reports/tables/ols_model_metrics.csv,False,False,False,False,False,False,False,False,False,False,False,False,False,False,False,False,False,False,False,False,False,False,False,False,False,False,False,False,False,,,
reports/tables/transfermarkt_profile.csv,False,False,False,False,False,False,False,False,False,False,False,False,False,False,False,False,False,False,False,False,False,False,False,False,False,False,False,False,False,,,
reports/tm3_contract_audit/contract_column_candidates.csv,False,False,False,False,False,False,False,False,False,False,False,False,False,False,False,False,False,False,False,False,False,False,False,False,False,False,False,False,False,,,
reports/tm3_contract_audit/contract_coverage.csv,False,False,False,False,False,False,False,False,False,False,False,False,False,False,False,False,False,False,False,False,False,False,False,False,False,False,False,False,False,,,
reports/tm3_contract_audit/contract_coverage_by_league.csv,False,False,True,False,False,False,False,False,False,False,False,False,False,False,False,False,False,False,False,False,False,False,False,True,False,False,False,False,False,,,league
reports/tm3_contract_audit/contract_text_mentions.csv,False,False,False,False,False,False,False,False,False,False,False,False,False,False,False,False,False,False,False,False,False,False,False,False,False,False,False,False,False,,,
reports/tm3_contract_intelligence/contract_intelligence_dataset.csv,False,True,True,False,False,False,False,False,False,True,False,True,False,False,False,True,False,True,False,False,False,False,True,True,True,True,True,True,False,,"market_value_eur, log_market_value_eur","player_id_tm, player_name_fbref, club_actual, league, position, position_group, age, season"
reports/tm3_contract_intelligence/contract_status_distribution.csv,False,False,False,False,False,False,False,False,False,False,False,False,False,False,False,False,False,False,False,False,False,False,False,False,False,False,False,False,False,,,
reports/tm3_contract_intelligence/top_contract_opportunities.csv,False,True,True,False,False,False,False,False,False,True,False,True,False,False,False,True,False,True,False,False,False,False,True,True,True,True,True,True,False,,"market_value_eur, log_market_value_eur","player_id_tm, player_name_fbref, club_actual, league, position, position_group, age, season"
reports/tm3_contract_intelligence/top_recruitment_contract_targets.csv,False,True,True,False,False,False,False,False,False,True,False,True,False,False,False,True,False,True,False,False,False,False,True,True,True,True,True,True,False,,"market_value_eur, log_market_value_eur","player_id_tm, player_name_fbref, club_actual, league, position, position_group, age, season"
