player_name_fbref,season,league,club,position_group,age,minutes_played,market_value_eur,predicted_market_value_eur,market_value_gap_eur,inefficiency_score,matching_confidence
João Pedro,2023-2024,Premier League,Brighton,DEF,21.3,2045,500000.0,58637674.07121894,58137674.07121894,4.764524572809032,1.0
Antony,2022-2023,Premier League,Manchester Utd,ATT,21.8,1802,600000.0,23300751.173749246,22700751.173749246,3.6593112230346794,1.0
Kamory Doumbia,2021-2022,Ligue 1,Reims,MID,19.3,352,1000000.0,10611882.44595174,9611882.44595174,2.3619743587501105,1.0
Nuno Lima,2022-2023,Liga Portugal,Paços de Ferreira,DEF,22.3,2445,500000.0,4935888.520191905,4435888.520191905,2.289679881857724,1.0
Siriné Doucouré,2023-2024,Ligue 1,Lorient,ATT,22.2,423,1000000.0,9781026.729779642,8781026.729779642,2.280444461131495,1.0
Jérémy Sebas,2023-2024,Ligue 1,Strasbourg,ATT,21.1,399,500000.0,4656380.6119383015,4156380.6119383015,2.231385634198338,1.0
Andrew Omobamidele,2021-2022,Premier League,Norwich City,DEF,20.0,382,1200000.0,10477623.38932182,9277623.38932182,2.166920320553345,1.0
Diego López,2022-2023,LaLiga,Valencia,ATT,21.1,447,1500000.0,12826147.161585579,11326147.161585579,2.1460207262456183,1.0
Kike Salas,2022-2023,LaLiga,Sevilla,DEF,21.1,368,1000000.0,8424209.471362658,7424209.471362658,2.1311096405437286,1.0
Yanis Hamache,2020-2021,Liga Portugal,Boavista,DEF,21.9,1206,600000.0,4434600.782164272,3834600.782164272,2.000263220180372,1.0
Tanguy Coulibaly,2022-2023,Bundesliga,Stuttgart,ATT,22.3,326,2500000.0,17878942.59146486,15378942.591464859,1.9673328969426045,1.0
Marc Pubill,2021-2022,LaLiga,Levante,DEF,19.0,512,800000.0,5671517.210100354,4871517.210100354,1.9586002188148584,1.0
Soichiro Kozuki,2022-2023,Bundesliga,Schalke 04,MID,22.5,379,600000.0,4220302.684007218,3620302.684007218,1.9507324753097812,1.0
Kelyan Guessoum,2020-2021,Ligue 1,Nîmes,DEF,22.3,1128,500000.0,3270024.61047568,2770024.61047568,1.8779446915801383,1.0
Florian Flick,2020-2021,Bundesliga,Schalke 04,MID,21.1,360,700000.0,4381331.345849488,3681331.345849488,1.8340275823801413,1.0
Ricardinho,2021-2022,Liga Portugal,Santa Clara,ATT,20.7,2159,900000.0,5606343.568200098,4706343.568200098,1.8292592523234692,1.0
Melle Meulensteen,2020-2021,Eredivisie,RKC Waalwijk,MID,21.9,2945,600000.0,3659221.7989492025,3059221.7989492025,1.8080761253338178,1.0
Miguel Atienza,2020-2021,LaLiga,Eibar,MID,22.0,838,600000.0,3639069.309780221,3039069.309780221,1.8025535885955684,1.0
Julian Baas,2022-2023,Eredivisie,Excelsior,MID,21.2,2457,800000.0,4767246.017694241,3967246.0176942414,1.7849123346999267,1.0
Amadou Koné,2023-2024,Ligue 1,Reims,MID,19.1,475,500000.0,2969361.6713042976,2469361.6713042976,1.7814941847879933,1.0
Arthur Atta,2023-2024,Ligue 1,Metz,MID,21.4,924,1000000.0,5931079.049201623,4931079.049201623,1.7802061609083246,1.0
Nigel Thomas,2022-2023,Liga Portugal,Paços de Ferreira,ATT,22.4,2027,700000.0,4143706.284492381,3443706.284492381,1.7782655690896902,1.0
Dara O'Shea,2020-2021,Premier League,West Brom,DEF,22.3,2102,3000000.0,17757757.711322315,14757757.711322315,1.7782101859319681,1.0
Kamory Doumbia,2023-2024,Ligue 1,Brest,MID,21.3,879,5000000.0,29236743.666817915,24236743.666817915,1.7659883505419547,1.0
Kévin Keben,2023-2024,Ligue 1,Toulouse,DEF,20.4,521,500000.0,2872606.5089831525,2372606.5089831525,1.748366989458626,1.0
Lucas Mincarelli,2023-2024,Ligue 1,Montpellier,DEF,20.4,978,1000000.0,5646812.429634474,4646812.429634474,1.7310912142074777,1.0
Nathan Tjoe-A-On,2022-2023,Eredivisie,Excelsior,DEF,21.5,2275,500000.0,2813204.312154261,2313204.312154261,1.727471338839397,1.0
Yellu Santiago,2023-2024,LaLiga,Getafe,MID,20.0,656,1000000.0,5623170.482669699,4623170.482669699,1.7268956476606494,1.0
Papa Amadou Diallo,2023-2024,Ligue 1,Metz,ATT,19.9,889,1000000.0,5511314.601844584,4511314.601844584,1.7068031794347984,1.0
Noah Fadiga,2021-2022,Eredivisie,Heracles Almelo,DEF,22.5,2706,550000.0,2972118.268145545,2422118.268145545,1.6871119209464016,1.0
Nadir Zortea,2021-2022,Serie A,Salernitana,DEF,23.0,1410,1400000.0,7562993.098818614,6162993.098818614,1.6867947877596823,1.0
Dango Ouattara,2021-2022,Ligue 1,Lorient,ATT,20.3,812,900000.0,4835798.006934526,3935798.0069345264,1.6814066789140778,1.0
Bart van Rooij,2021-2022,Eredivisie,NEC Nijmegen,DEF,21.0,2970,800000.0,4289058.53776332,3489058.53776332,1.6792108051035228,1.0
Lincoln,2021-2022,Liga Portugal,Santa Clara,ATT,21.5,2746,1700000.0,9065850.2181061,7365850.2181061,1.673886380043383,1.0
Javi Martínez,2020-2021,LaLiga,Osasuna,MID,21.5,460,1200000.0,6264267.331852939,5064267.331852939,1.6525400784827617,1.0
Rodrigo Conceição,2021-2022,Liga Portugal,Moreirense,DEF,22.4,383,500000.0,2601796.281460998,2101796.281460998,1.6493492645263963,1.0
Valentin Gendrey,2022-2023,Serie A,Lecce,DEF,23.0,3101,4000000.0,20171424.448362496,16171424.448362496,1.6179726104826244,1.0
Bernardo Vital,2021-2022,Liga Portugal,Estoril,DEF,21.4,1389,500000.0,2520646.6269578594,2020646.6269578594,1.6176626471667923,1.0
Dani Gómez,2020-2021,LaLiga,Levante,ATT,22.9,1666,1500000.0,7556232.697049165,6056232.697049165,1.6169076373842124,1.0
Mads Roerslev,2021-2022,Premier League,Brentford,DEF,23.0,1240,2500000.0,12497459.48652779,9997459.48652779,1.6092346507000563,1.0
Javi López,2021-2022,LaLiga,Alavés,DEF,20.2,462,700000.0,3487775.509031024,2787775.509031024,1.6059390869712704,1.0
Couhaib Driouech,2022-2023,Eredivisie,Excelsior,ATT,21.2,2342,650000.0,3214862.4019920863,2564862.4019920863,1.5985674741078508,1.0
Daam Foulon,2020-2021,Serie A,Benevento,DEF,22.2,1021,1000000.0,4943494.789213666,3943494.7892136658,1.5980725282862576,1.0
Jessic Ngankam,2021-2022,Bundesliga,Greuther Fürth,ATT,21.9,341,2000000.0,9835174.710605172,7835174.710605172,1.5928180352926073,1.0
Thijs Oosting,2020-2021,Eredivisie,RKC Waalwijk,MID,21.0,1167,600000.0,2908622.8650402646,2308622.8650402646,1.5785053506807305,1.0
Sambou Soumano,2021-2022,Ligue 1,Lorient,ATT,21.4,447,1200000.0,5633461.801283209,4433461.801283209,1.5464025811684508,1.0
Issouf Sissokho,2021-2022,Ligue 1,Bordeaux,MID,20.3,436,500000.0,2342410.8985945075,1842410.8985945075,1.5443278780809493,1.0
Antony,2023-2024,Premier League,Manchester Utd,ATT,22.8,1324,2500000.0,11682608.386294376,9182608.386294376,1.5418105413379415,1.0
Sadibou Sané,2023-2024,Ligue 1,Metz,DEF,20.0,846,800000.0,3722057.5565205333,2922057.5565205333,1.537420173283735,1.0
Nathan Tella,2020-2021,Premier League,Southampton,ATT,21.9,745,2000000.0,9088749.817665787,7088749.817665787,1.5138901843606565,1.0
Diego Moreno,2022-2023,LaLiga,Osasuna,DEF,22.0,638,800000.0,3627742.570760004,2827742.570760004,1.5117541248092348,1.0
Habib Keita,2023-2024,Ligue 1,Clermont Foot,MID,22.3,1278,1000000.0,4526998.610951749,3526998.6109517487,1.510059161617404,1.0
Pablo,2022-2023,Liga Portugal,Famalicão,ATT,19.5,707,500000.0,2244890.2528342125,1744890.2528342125,1.5018038154074471,1.0
Fodé Doucouré,2020-2021,Ligue 1,Reims,DEF,20.3,333,500000.0,2229724.8249303056,1729724.8249303056,1.4950253615257107,1.0
Bruno Amione,2022-2023,Serie A,Sampdoria,DEF,21.4,2086,2700000.0,12033111.359647999,9333111.359647999,1.4944103569236535,1.0
Patrick Osterhage,2021-2022,Bundesliga,Bochum,MID,22.4,599,900000.0,3970238.6413118495,3070238.6413118495,1.484186719711996,1.0
Oussama El Azzouzi,2023-2024,Serie A,Bologna,MID,23.0,547,2500000.0,10987826.99251306,8487826.99251306,1.4804972911050527,1.0
Sam Greenwood,2022-2023,Premier League,Leeds United,MID,21.4,424,5000000.0,21908307.54617361,16908307.54617361,1.477427992465051,1.0
Fabian Kunze,2020-2021,Bundesliga,Arminia,MID,23.0,1270,1000000.0,4356842.085150313,3356842.0851503126,1.4717475025377649,1.0
Antoine Mendy,2022-2023,Ligue 1,Nice,DEF,19.1,518,1000000.0,4343930.2394749485,3343930.2394749485,1.4687795234499585,1.0
Evert Linthorst,2020-2021,Eredivisie,VVV-Venlo,MID,21.2,1312,500000.0,2167996.9297462828,1667996.9297462828,1.466950847967654,1.0
Amadou Traore,2020-2021,Ligue 1,Bordeaux,ATT,19.2,304,800000.0,3424763.5351038715,2624763.5351038715,1.454175979799384,1.0
Williot Swedberg,2023-2024,LaLiga,Celta Vigo,ATT,20.3,439,5000000.0,21218912.570135146,16218912.570135146,1.4454549739219171,1.0
Simon Asta,2021-2022,Bundesliga,Greuther Fürth,DEF,21.4,783,900000.0,3801778.9685143726,2901778.9685143726,1.4408296224513713,1.0
Yassin Oukili,2022-2023,Eredivisie,RKC Waalwijk,MID,22.5,1847,600000.0,2528521.0543324794,1928521.0543324794,1.4384601920766116,1.0
Zach Booth,2023-2024,Eredivisie,Volendam,ATT,20.3,1558,500000.0,2098198.240031365,1598198.2400313648,1.434226176075569,1.0
Shawn Adewoye,2022-2023,Eredivisie,RKC Waalwijk,DEF,23.0,2931,900000.0,3775042.4089294663,2875042.4089294663,1.4337721324492119,1.0
Renato Veiga,2022-2023,Bundesliga,Augsburg,DEF,19.9,639,1000000.0,4181834.275485276,3181834.275485276,1.430749972168929,1.0
Deroy Duarte,2021-2022,Eredivisie,Fortuna Sittard,MID,22.9,2703,750000.0,3132827.7868082547,2382827.7868082547,1.4296181154065195,1.0
Ringo Meerveld,2021-2022,Eredivisie,Willem II,MID,19.5,537,500000.0,2080017.983388972,1580017.983388972,1.42552372009588,1.0
Casper Widell,2023-2024,Eredivisie,Excelsior,DEF,21.1,2326,700000.0,2895263.293291369,2195263.293291369,1.4197509984245364,1.0
Gonçalo Franco,2020-2021,Liga Portugal,Moreirense,MID,20.5,1049,600000.0,2481569.8984601363,1881569.8984601363,1.4197170072406102,1.0
Maximilian Bauer,2021-2022,Bundesliga,Greuther Fürth,DEF,22.3,1690,1600000.0,6610587.719172447,5010587.719172447,1.4186689343070977,1.0
Moussa Soumano,2022-2023,Ligue 1,Ajaccio,ATT,18.0,495,900000.0,3713842.922610824,2813842.922610824,1.417427684374303,1.0
Bart van Rooij,2022-2023,Eredivisie,NEC Nijmegen,DEF,22.1,2970,900000.0,3711585.5639745607,2811585.5639745607,1.4168196767125547,1.0
Reinier,2022-2023,LaLiga,Girona,MID,21.4,647,2000000.0,8238130.872171824,6238130.872171824,1.4156263017288033,1.0
Melle Meulensteen,2021-2022,Eredivisie,RKC Waalwijk,MID,22.9,2880,800000.0,3279164.3537258026,2479164.3537258026,1.4107321710452716,1.0
Ché Nunnely,2020-2021,Eredivisie,Willem II,ATT,22.3,2171,900000.0,3668188.8617572184,2768188.8617572184,1.4050585577552148,1.0
Tom Lacoux,2021-2022,Ligue 1,Bordeaux,MID,20.3,907,800000.0,3247242.693990373,2447242.693990373,1.4009497857102051,1.0
Jesse Bosch,2020-2021,Eredivisie,Twente,MID,21.3,2239,600000.0,2434159.4277852005,1834159.4277852005,1.4004271165088706,1.0
Matteo Ahlinvi,2020-2021,Ligue 1,Nîmes,MID,21.9,899,1000000.0,4043141.762510668,3043141.762510668,1.397022053736885,1.0
Taichi Fukui,2023-2024,Liga Portugal,Portimonense,MID,19.9,596,700000.0,2803917.496472365,2103917.496472365,1.3876924891662004,1.0
Tobias Raschl,2021-2022,Bundesliga,Greuther Fürth,MID,22.3,597,1000000.0,4002272.955490248,3002272.955490248,1.3868624386058794,1.0
Anselmo García MacNulty,2023-2024,Eredivisie,Zwolle,DEF,21.3,2508,1000000.0,3969420.8831186164,2969420.8831186164,1.3786202107886893,1.0
Niccolò Zanellato,2020-2021,Serie A,Crotone,MID,22.9,1637,1800000.0,7103459.857477849,5303459.857477849,1.3727953043212988,1.0
Lazar Samardzic,2021-2022,Serie A,Udinese,MID,20.3,490,3500000.0,13802033.474212088,10302033.474212088,1.372052966016149,1.0
Daan Dierckx,2020-2021,Serie A,Parma,DEF,18.3,471,1000000.0,3932473.8404256683,2932473.8404256683,1.3692687037795803,1.0
Marcos Peña,2023-2024,LaLiga,Almería,MID,19.4,441,1000000.0,3922449.9047968728,2922449.9047968728,1.366716434299871,1.0
Denilho Cleonise,2023-2024,Eredivisie,RKC Waalwijk,ATT,22.5,1800,550000.0,2153574.8544781017,1603574.8544781017,1.3649661851147261,1.0
Giacomo Quagliata,2021-2022,Eredivisie,Heracles Almelo,DEF,22.3,2544,800000.0,3123284.904146326,2323284.904146326,1.3620288531667164,1.0
Tomás Ribeiro,2020-2021,Liga Portugal,B-SAD,DEF,22.1,2805,1500000.0,5829108.914628164,4329108.914628164,1.3573990357400554,1.0
Nathan Tella,2021-2022,Premier League,Southampton,ATT,22.9,804,1800000.0,6945087.870509579,5145087.870509579,1.3502479635653408,1.0
Marvin Cuni,2023-2024,Serie A,Frosinone,ATT,22.9,534,900000.0,3472146.0765904076,2572146.0765904076,1.3501333843215892,1.0
Filippo Terracciano,2022-2023,Serie A,Hellas Verona,DEF,20.3,821,1500000.0,5773709.65166174,4273709.65166174,1.3478496863922498,1.0
Calvin Twigt,2023-2024,Eredivisie,Volendam,MID,21.3,2047,650000.0,2465072.5121202134,1815072.5121202134,1.3330041398360741,1.0
Nahuel Ferraresi,2020-2021,Liga Portugal,Moreirense,DEF,22.5,1933,1000000.0,3779662.3682788494,2779662.3682788494,1.329634685081027,1.0
Hugo Álvarez,2023-2024,LaLiga,Celta Vigo,ATT,20.9,762,1500000.0,5666213.524119393,4166213.524119393,1.329055977750592,1.0
Kenzo Goudmijn,2022-2023,Eredivisie,Excelsior,MID,21.5,2804,1300000.0,4831871.055861747,3531871.055861747,1.3128695103498842,1.0
Kanya Fujimoto,2020-2021,Liga Portugal,Gil Vicente FC,MID,21.9,987,700000.0,2587923.3691752665,1887923.3691752665,1.3075307100830749,1.0
Alioune Ndour,2021-2022,Liga Portugal,B-SAD,ATT,21.2,829,500000.0,1840132.549383437,1340132.549383437,1.3029847872946387,1.0
Pedro Pelágio,2021-2022,Liga Portugal,Marítimo,MID,22.1,997,500000.0,1832623.7722461917,1332623.7722461917,1.298895875893276,1.0
Ilario Monterisi,2023-2024,Serie A,Frosinone,DEF,22.5,1469,2800000.0,10145956.630220149,7345956.630220149,1.2874558473849298,1.0
Julian Baas,2023-2024,Eredivisie,Excelsior,MID,22.1,2882,1300000.0,4708695.491722596,3408695.491722596,1.2870466395347702,1.0
Ramon Hendriks,2023-2024,Eredivisie,Vitesse,DEF,22.9,2645,800000.0,2883378.686194968,2083378.686194968,1.282106312782357,1.0
Gonçalo Franco,2021-2022,Liga Portugal,Moreirense,MID,21.5,1145,500000.0,1784096.5851877565,1284096.5851877565,1.2720593529314996,1.0
Marc Pubill,2023-2024,LaLiga,Almería,DEF,21.0,1883,4000000.0,14202971.064334627,10202971.064334627,1.2671568114845257,1.0
Stije Resink,2023-2024,Eredivisie,Almere City,MID,21.0,2578,1000000.0,3540325.8664449924,2540325.8664449924,1.2642187755771737,1.0
João Ferreira,2021-2022,Liga Portugal,Vitória Guimarães,DEF,21.2,985,700000.0,2464536.7078189016,1764536.7078189016,1.258678785622429,1.0
José Fontán,2020-2021,LaLiga,Celta Vigo,DEF,21.4,652,1000000.0,3517276.187763483,2517276.187763483,1.2576868797698175,1.0
Clément Vidal,2022-2023,Ligue 1,Ajaccio,DEF,23.0,1901,1800000.0,6317590.060544505,4517590.060544505,1.2555511510017698,1.0
Roberto Piccoli,2020-2021,Serie A,Spezia,ATT,20.3,703,3000000.0,10471693.039172033,7471693.039172033,1.2500634269785493,1.0
Jarrad Branthwaite,2021-2022,Premier League,Everton,DEF,20.0,388,3000000.0,10448471.551246738,7448471.551246738,1.2478434160066385,1.0
Mahdi Camara,2020-2021,Ligue 1,Saint-Étienne,MID,22.9,3290,5000000.0,17369399.226536375,12369399.226536375,1.2452720803777328,1.0
Daniël van Kaam,2022-2023,Eredivisie,Cambuur,MID,23.0,2308,700000.0,2421244.153672202,1721244.153672202,1.2409564650841585,1.0
Antoine Mendy,2023-2024,Ligue 1,Nice,DEF,20.0,418,800000.0,2766188.560171344,1966188.5601713439,1.2406139529387339,1.0
Ole Romeny,2022-2023,Eredivisie,Emmen,ATT,23.0,2497,1300000.0,4490150.1805946715,3190150.1805946715,1.2395218845212206,1.0
Deroy Duarte,2020-2021,Eredivisie,Sparta Rotterdam,MID,21.9,1656,900000.0,3093995.4726247927,2193995.4726247927,1.2348238045318674,1.0
Sven Mijnans,2020-2021,Eredivisie,Sparta Rotterdam,MID,21.2,1665,700000.0,2401620.5207096506,1701620.5207096506,1.2328186703985757,1.0
Pablo Marín,2022-2023,LaLiga,Real Sociedad,MID,19.9,360,1000000.0,3415106.4705677666,2415106.4705677666,1.2282086698625978,1.0
Cyril Ngonge,2020-2021,Eredivisie,RKC Waalwijk,ATT,21.0,1170,700000.0,2389676.0407728367,1689676.0407728367,1.2278327529009267,1.0
Amine Salama,2022-2023,Ligue 1,Angers,ATT,22.9,1249,1500000.0,5111877.391784123,3611877.391784123,1.2261016242866614,1.0
Wilinton Aponzá,2021-2022,Liga Portugal,Portimonense,ATT,22.2,744,500000.0,1689668.4199077655,1189668.4199077655,1.2176794890069385,1.0
Hélio Varela,2023-2024,Liga Portugal,Portimonense,ATT,22.1,2743,2500000.0,8398686.860889252,5898686.860889252,1.2117846356703037,1.0
Derrick Köhn,2020-2021,Eredivisie,Willem II,DEF,22.3,2559,800000.0,2687408.5534793134,1887408.5534793134,1.2117209175767236,1.0
Therence Koudou,2023-2024,Ligue 1,Reims,DEF,19.5,314,800000.0,2684372.745550144,1884372.745550144,1.2105906376627171,1.0
Yorbe Vertessen,2020-2021,Eredivisie,PSV,ATT,20.4,508,950000.0,3183029.5496028294,2233029.5496028294,1.2091267262142633,1.0
Daishawn Redan,2021-2022,Eredivisie,Zwolle,ATT,21.3,2040,1000000.0,3320208.5742890593,2320208.5742890593,1.2000276045361211,1.0
Nassim Boujellab,2020-2021,Bundesliga,Schalke 04,MID,22.0,605,1200000.0,3968690.535021083,2768690.535021083,1.1961146434508851,1.0
Giacomo Quagliata,2020-2021,Eredivisie,Heracles Almelo,DEF,21.2,2057,700000.0,2310399.608671066,1610399.608671066,1.1940954442779521,1.0
Alexis Flips,2021-2022,Ligue 1,Reims,MID,22.4,1056,2500000.0,8240555.648600833,5740555.648600833,1.192777042856342,1.0
Adam Idah,2021-2022,Premier League,Norwich City,ATT,21.3,625,3000000.0,9846481.565970026,6846481.565970026,1.1885019012798992,1.0
Tom Lacoux,2020-2021,Ligue 1,Bordeaux,MID,19.4,523,800000.0,2624752.545106098,1824752.545106098,1.1881301743832289,1.0
Yayah Kallon,2022-2023,Serie A,Hellas Verona,ATT,22.0,860,1500000.0,4919576.102700142,3419576.102700142,1.187757260696463,1.0
Immanuel Pherai,2020-2021,Eredivisie,Zwolle,MID,20.1,1593,700000.0,2293575.3367115287,1593575.3367115287,1.1867868263773964,1.0
Mika Biereth,2022-2023,Eredivisie,RKC Waalwijk,ATT,20.4,307,500000.0,1635932.796265295,1135932.796265295,1.1853603398193258,1.0
Youri Baas,2023-2024,Eredivisie,NEC Nijmegen,DEF,21.2,1719,1000000.0,3230398.8430740642,2230398.8430740642,1.1726056104393194,1.0
Martin Adeline,2021-2022,Ligue 1,Reims,MID,18.5,352,800000.0,2571478.8719833456,1771478.8719833456,1.167624721290597,1.0
Sven Mijnans,2021-2022,Eredivisie,Sparta Rotterdam,MID,22.2,1889,850000.0,2711901.6261641853,1861901.6261641853,1.1601690253797443,1.0
Cole Palmer,2023-2024,Premier League,Chelsea,MID,22.1,2607,80000000.0,253705097.5149029,173705097.5149029,1.1541459244173318,1.0
Pedro Malheiro,2021-2022,Liga Portugal,Boavista,DEF,21.4,891,500000.0,1577146.3973187422,1077146.3973187422,1.1487643170278012,1.0
Luca de la Torre,2020-2021,Eredivisie,Heracles Almelo,MID,23.0,2379,800000.0,2492431.770535145,1692431.770535145,1.1364023998857284,1.0
Moïse Sahi Dion,2023-2024,Ligue 1,Strasbourg,ATT,22.5,628,2000000.0,6199739.982168425,4199739.982168425,1.131360172251732,1.0
Joaquín Pereyra,2020-2021,Liga Portugal,Famalicão,MID,22.5,734,500000.0,1540144.8494412329,1040144.8494412329,1.1250236506410225,1.0
Mio Backhaus,2023-2024,Eredivisie,Volendam,GK,20.1,2881,1000000.0,3071568.260999093,2071568.2609990928,1.1221882653693918,1.0
Wilson Odobert,2023-2024,Premier League,Burnley,ATT,19.5,2098,10000000.0,30691980.21663488,20691980.21663488,1.1214162967439094,1.0
Bernardo Vital,2022-2023,Liga Portugal,Estoril,DEF,22.5,2259,1300000.0,3976967.9659676813,2676967.9659676813,1.1181554469023087,1.0
Víctor Chust,2021-2022,LaLiga,Cádiz,DEF,22.2,1830,2500000.0,7610609.058663558,5110609.058663558,1.1132524707868452,1.0
Alessandro Sorrentino,2023-2024,Serie A,Monza,GK,22.2,548,800000.0,2433935.830840082,1633935.830840082,1.1126531818673016,1.0
Ian Poveda,2020-2021,Premier League,Leeds United,ATT,21.3,355,1500000.0,4553437.242093656,3053437.242093656,1.1104172774779482,1.0
Alex Bangura,2021-2022,Eredivisie,Cambuur,DEF,22.9,2413,900000.0,2724670.1490837005,1824670.1490837005,1.107707890238533,1.0
Dean Huiberts,2020-2021,Eredivisie,Zwolle,MID,21.0,1999,600000.0,1813276.6101379879,1213276.6101379879,1.1059611143025627,1.0
Kamory Doumbia,2022-2023,Ligue 1,Reims,MID,20.4,1155,2500000.0,7524068.588449299,5024068.588449299,1.101816295478594,1.0
Félix Correia,2022-2023,Liga Portugal,Marítimo,ATT,22.4,757,1200000.0,3590359.392795774,2390359.392795774,1.0959307501094848,1.0
Batista Mendy,2021-2022,Ligue 1,Angers,MID,22.4,2413,3000000.0,8942818.738851689,5942818.738851689,1.0922385459958015,1.0
Calvin Twigt,2022-2023,Eredivisie,Volendam,MID,20.4,1297,650000.0,1932877.531292521,1282877.531292521,1.089792757504755,1.0
Ramiz Zerrouki,2020-2021,Eredivisie,Twente,MID,23.0,1951,600000.0,1781422.6502789366,1181422.6502789366,1.088237910576133,1.0
Ben Johnson,2020-2021,Premier League,West Ham United,DEF,21.4,523,3000000.0,8897149.684197657,5897149.684197657,1.0871186765732226,1.0
Óscar Aranda,2023-2024,Liga Portugal,Famalicão,ATT,22.1,717,500000.0,1478172.775532087,978172.7755320871,1.0839538944488112,1.0
Jon Pacheco,2021-2022,LaLiga,Real Sociedad,DEF,21.5,381,1000000.0,2955413.384120158,1955413.384120158,1.0836385341772026,1.0
Pablo Moreno,2022-2023,Liga Portugal,Marítimo,ATT,21.1,891,700000.0,2052143.8164938837,1352143.8164938837,1.07555995480201,1.0
Hugo Magnetti,2020-2021,Ligue 1,Brest,MID,23.0,603,700000.0,2049016.86515612,1349016.86515612,1.0740350440821285,1.0
Daan Rots,2021-2022,Eredivisie,Twente,ATT,20.9,1706,800000.0,2341501.413465595,1541501.4134655949,1.073935904613652,1.0
Papa Ndiaga Yade,2020-2021,Ligue 1,Metz,ATT,21.4,1001,3000000.0,8760493.23285705,5760493.23285705,1.0716399198157838,1.0
Bilal Brahimi,2021-2022,Ligue 1,Angers,ATT,22.2,338,900000.0,2624650.199088901,1724650.1990889008,1.0703081453319019,1.0
Sekou Mara,2021-2022,Ligue 1,Bordeaux,ATT,19.8,905,3000000.0,8732471.952494074,5732471.952494074,1.0684361971726268,1.0
Salis Abdul Samed,2021-2022,Ligue 1,Clermont Foot,MID,22.2,2462,3000000.0,8722339.969833363,5722339.969833363,1.0672752584190306,1.0
Carlos Dominguez,2021-2022,LaLiga,Celta Vigo,DEF,21.4,344,1000000.0,2904901.890172532,1904901.8901725318,1.0663996169874466,1.0
Yanis Hamache,2021-2022,Liga Portugal,Boavista,DEF,22.9,1842,2000000.0,5785825.8585394975,3785825.8585394975,1.0622639285033095,1.0
Joe Gelhardt,2021-2022,Premier League,Leeds United,ATT,20.1,746,6000000.0,17314426.20870288,11314426.20870288,1.0597805696829514,1.0
Samuel Lino,2020-2021,Liga Portugal,Gil Vicente FC,ATT,21.4,2012,2000000.0,5724158.9767078785,3724158.9767078785,1.0515484544571514,1.0
Faride Alidou,2023-2024,Bundesliga,Köln,ATT,22.9,1282,2500000.0,7142826.7566099195,4642826.7566099195,1.0498178704150174,1.0
Trevoh Chalobah,2020-2021,Ligue 1,Lorient,DEF,21.9,2237,3500000.0,9988168.90707778,6488168.90707778,1.048638314780149,1.0
Jeremy Antonisse,2023-2024,Liga Portugal,Moreirense,ATT,22.2,548,500000.0,1423766.7121110386,923766.7121110386,1.0464531543641034,1.0
Pedro Malheiro,2022-2023,Liga Portugal,Boavista,DEF,22.4,2787,3000000.0,8511494.56039679,5511494.5603967905,1.042805262515504,1.0
Filippo Melegoni,2020-2021,Serie A,Genoa,MID,22.3,389,900000.0,2537537.1197027694,1637537.1197027694,1.0365544883730298,1.0
Telasco Segovia,2023-2024,Liga Portugal,Casa Pia,MID,21.2,746,700000.0,1968177.918496419,1268177.918496419,1.0337831442224914,1.0
Tanguy Zoukrou,2022-2023,Ligue 1,Troyes,DEF,20.1,511,1000000.0,2810338.970564106,1810338.970564106,1.033305106164418,1.0
Kevin Paredes,2022-2023,Bundesliga,Wolfsburg,MID,20.1,529,5000000.0,13947050.607985388,8947050.607985388,1.0258301475287883,1.0
Frederik Winther,2021-2022,Bundesliga,Augsburg,DEF,21.4,328,1000000.0,2773025.9635097412,1773025.9635097412,1.0199391295576206,1.0
Alberto Soro,2020-2021,LaLiga,Granada,ATT,22.3,393,3000000.0,8319053.762485528,5319053.762485528,1.0199362292267171,1.0
Kaiky,2023-2024,LaLiga,Almería,DEF,20.4,523,2000000.0,5539689.176312331,3539689.176312331,1.018791213266498,1.0
Delano Burgzorg,2020-2021,Eredivisie,Heracles Almelo,ATT,22.5,2043,750000.0,2075365.0379335873,1325365.0379335873,1.0178191325577046,1.0
Kanya Fujimoto,2021-2022,Liga Portugal,Gil Vicente FC,MID,22.9,2394,2000000.0,5431143.566720291,3431143.566720291,0.9990025328184409,1.0
Tomáš Suslov,2023-2024,Serie A,Hellas Verona,MID,22.0,2092,7000000.0,18988042.91549164,11988042.91549164,0.9978993117687462,1.0
Jakub Kiwior,2021-2022,Serie A,Spezia,DEF,22.3,1964,3000000.0,8086069.722867862,5086069.722867862,0.9915305051781296,1.0
Jakob Breum,2023-2024,Eredivisie,Go Ahead Eagles,MID,20.5,1450,1000000.0,2692510.3273935206,1692510.3273935206,0.9904739656561006,1.0
Antoine Joujou,2023-2024,Ligue 1,Le Havre,ATT,21.2,779,1500000.0,4030350.26272669,2530350.26272669,0.9883881779016015,1.0
Ibrahim Sulemana,2022-2023,Serie A,Hellas Verona,MID,20.1,651,1500000.0,4011895.711144229,2511895.711144229,0.9837987674224191,1.0
Ricardinho,2022-2023,Liga Portugal,Santa Clara,ATT,22.1,1803,1200000.0,3199253.032581999,1999253.032581999,0.9805957984452043,1.0
Junior Kadile,2022-2023,Liga Portugal,Famalicão,ATT,20.5,662,600000.0,1595241.5378399158,995241.5378399158,0.9778507829201626,1.0
Cisse Sandra,2023-2024,Eredivisie,Excelsior,MID,20.5,1670,800000.0,2118447.050808511,1318447.0508085112,0.9738268483683825,1.0
Bruno Rodrigues,2023-2024,Liga Portugal,Chaves,DEF,23.0,1352,800000.0,2116324.8507027538,1316324.8507027538,0.9728245746531652,1.0
Bradley Locko,2021-2022,Ligue 1,Reims,DEF,20.1,1011,2000000.0,5251069.540389601,3251069.540389601,0.9652845972740547,1.0
Matthew Hoppe,2020-2021,Bundesliga,Schalke 04,ATT,20.2,1305,4500000.0,11811487.732656945,7311487.732656945,0.9649951977817075,1.0
Anthony Racioppi,2020-2021,Ligue 1,Dijon,GK,22.4,1890,1500000.0,3929932.1781491027,2429932.1781491027,0.9631570601556714,1.0
Mohamed Bamba,2023-2024,Ligue 1,Lorient,ATT,22.5,1138,6000000.0,15675481.307195876,9675481.307195876,0.960338322222773,1.0
Matteo Cancellieri,2023-2024,Serie A,Empoli,ATT,22.3,1788,4800000.0,12535186.168984938,7735186.168984938,0.9599236655195043,1.0
Jamie Leweling,2021-2022,Bundesliga,Greuther Fürth,ATT,21.3,1959,4500000.0,11650835.03285718,7150835.03285718,0.9513004573068891,1.0
Anthony Elanga,2023-2024,Premier League,Nottingham Forest,ATT,22.1,2433,22000000.0,56680094.82676534,34680094.82676534,0.9463806344826189,1.0
Cyril Ngonge,2021-2022,Eredivisie,Groningen,ATT,22.0,1663,1000000.0,2563257.989373606,1563257.9893736062,0.9412791014552795,1.0
Sofiane Alakouch,2020-2021,Ligue 1,Nîmes,DEF,22.9,1505,2000000.0,5125295.502249946,3125295.502249946,0.9410410017779114,1.0
Dávid Strelec,2021-2022,Serie A,Spezia,ATT,21.2,502,1400000.0,3586273.8588502808,2186273.8588502808,0.9406415045387675,1.0
Jay Idzes,2021-2022,Eredivisie,Go Ahead Eagles,DEF,22.0,1517,500000.0,1275598.8834176324,775598.8834176324,0.936562961374376,1.0
Yayah Kallon,2021-2022,Serie A,Genoa,ATT,20.9,636,1500000.0,3802263.983451776,2302263.983451776,0.9301315663335714,1.0
Oihan Sancet,2020-2021,LaLiga,Athletic Club,MID,21.1,1035,3500000.0,8868361.663178274,5368361.663178274,0.9297271053745781,1.0
Reinier,2023-2024,Serie A,Frosinone,MID,22.4,1059,3500000.0,8862132.435875008,5362132.435875008,0.9290244484125374,1.0
Jan Thielmann,2020-2021,Bundesliga,Köln,ATT,19.0,1029,4000000.0,10063442.74291465,6063442.742914651,0.9226149659731355,1.0
Eren Dinkçi,2023-2024,Bundesliga,Heidenheim,ATT,22.5,2650,12000000.0,29939483.741605144,17939483.741605144,0.9142714859554566,1.0
Can Bozdogan,2020-2021,Bundesliga,Schalke 04,MID,20.2,651,2500000.0,6230988.532829417,3730988.532829417,0.9132442613443033,1.0
Aaron Ramsdale,2020-2021,Premier League,Sheffield United,GK,23.0,3420,12000000.0,29835544.239331953,17835544.239331953,0.9107937926597529,1.0
Thibault De Smet,2020-2021,Ligue 1,Reims,DEF,23.0,496,800000.0,1988908.4167660917,1188908.4167660917,0.9107295052622426,1.0
Vangelis Pavlidis,2020-2021,Eredivisie,Willem II,ATT,22.5,2929,2500000.0,6135621.146496015,3635621.1464960147,0.8978205875362697,1.0
Nicholas Gioacchini,2021-2022,Ligue 1,Montpellier,ATT,21.8,497,1500000.0,3669668.6871678764,2169668.6871678764,0.8946362739071372,1.0
Bryan Limbombe,2023-2024,Eredivisie,Heracles Almelo,ATT,23.0,1735,600000.0,1467653.4086643201,867653.4086643201,0.8944904284427704,1.0
Stijn Bultman,2023-2024,Eredivisie,Heracles Almelo,DEF,19.3,1117,650000.0,1588980.7438591474,938980.7438591474,0.8938756851715581,1.0
Lorenzo Colombo,2022-2023,Serie A,Lecce,ATT,21.3,1515,5000000.0,12200057.345857857,7200057.345857857,0.892002739774215,1.0
Mathias Olesen,2022-2023,Bundesliga,Köln,MID,22.3,478,1200000.0,2922980.886176355,1722980.8861763552,0.8902823902020245,1.0
Pedro Pelágio,2020-2021,Liga Portugal,Marítimo,MID,21.1,1383,1000000.0,2423195.780117471,1423195.7801174708,0.8850872392790077,1.0
Joan Gonzàlez,2022-2023,Serie A,Lecce,MID,21.4,2197,6000000.0,14513288.178232292,8513288.178232292,0.8833051866214472,1.0
Leo Greiml,2022-2023,Bundesliga,Schalke 04,DEF,22.0,358,1200000.0,2883697.578269761,1683697.578269761,0.8767517952266655,1.0
Giuliano Simeone,2023-2024,LaLiga,Alavés,ATT,21.5,630,3000000.0,7198207.003540384,4198207.003540384,0.8752196790553981,1.0
Mike Trésor,2020-2021,Eredivisie,Willem II,MID,22.0,2423,2800000.0,6705549.485652079,3905549.485652079,0.8733160478205946,1.0
Filippo Ranocchia,2022-2023,Serie A,Monza,MID,22.1,530,1800000.0,4309208.032631295,2509208.032631295,0.8729674711996012,1.0
Giulian Biancone,2021-2022,Ligue 1,Troyes,DEF,22.2,2292,4000000.0,9527485.954414496,5527485.954414496,0.8678865184296818,1.0
Teden Mengi,2023-2024,Premier League,Luton Town,DEF,22.1,2469,12000000.0,28475956.080388542,16475956.080388542,0.8641534351146269,1.0
Thomas Kristensen,2023-2024,Serie A,Udinese,DEF,22.4,2096,4500000.0,10675614.757512867,6175614.757512867,0.8638847492060542,1.0
Jayden Oosterwolde,2020-2021,Eredivisie,Twente,DEF,20.1,1941,1200000.0,2831720.025456753,1631720.025456753,0.8585627530829107,1.0
Elayis Tavsan,2022-2023,Eredivisie,NEC Nijmegen,ATT,22.1,2539,1400000.0,3299369.330203854,1899369.330203854,0.8572591015275464,1.0
Andrea Cambiaso,2021-2022,Serie A,Genoa,DEF,22.3,1790,5000000.0,11779381.911928153,6779381.911928153,0.856912795136731,1.0
Paul Joly,2022-2023,Ligue 1,Auxerre,DEF,23.0,867,1200000.0,2817962.027326144,1617962.0273261438,0.853692381547793,1.0
Luke Thomas,2020-2021,Premier League,Leicester City,DEF,20.0,969,5000000.0,11726694.71980829,6726694.71980829,0.8524299304563261,1.0
Mamadou Tounkara,2022-2023,Liga Portugal,Vitória Guimarães,DEF,21.5,1048,800000.0,1868096.8510949397,1068096.8510949397,0.8480637372580571,1.0
Marcel Lotka,2021-2022,Bundesliga,Hertha BSC,GK,21.0,885,1300000.0,3015301.277242087,1715301.2772420868,0.8413354868361544,1.0
Mathijs Tielemans,2023-2024,Eredivisie,Vitesse,MID,22.1,1673,800000.0,1854608.6992100656,1054608.6992100656,0.8408172812997634,1.0
Manolo Portanova,2021-2022,Serie A,Genoa,MID,22.0,1322,2500000.0,5786776.186337873,3286776.1863378733,0.8392846147213024,1.0
Wouter Burger,2020-2021,Eredivisie,Sparta Rotterdam,MID,20.3,760,700000.0,1620249.1042660421,920249.1042660421,0.8392548494273857,1.0
Geny Catamo,2022-2023,Liga Portugal,Marítimo,ATT,22.4,342,600000.0,1387766.6255574385,787766.6255574385,0.8385213345075027,1.0
Tiago Gouveia,2022-2023,Liga Portugal,Estoril,ATT,22.0,2382,3500000.0,8056722.007985469,4556722.007985469,0.8337438065376901,1.0
Nicolas Jackson,2023-2024,Premier League,Chelsea,ATT,22.9,2799,35000000.0,80343900.95316997,45343900.95316997,0.8309681218164613,1.0
Enric Llansana,2022-2023,Eredivisie,Go Ahead Eagles,MID,22.2,1123,500000.0,1147472.6396683769,647472.6396683769,0.830708999801999,1.0
Arnau Puigmal,2022-2023,LaLiga,Almería,MID,22.4,763,2000000.0,4581851.926660035,2581851.926660035,0.828956086637529,1.0
Manfred Ugalde,2021-2022,Eredivisie,Twente,ATT,20.0,649,1100000.0,2515562.6095142155,1415562.6095142155,0.8271863003260158,1.0
Zico Buurmeester,2023-2024,Eredivisie,Zwolle,MID,22.0,1362,700000.0,1590570.3549119306,890570.3549119306,0.820767609629554,1.0
Ritsu Doan,2020-2021,Bundesliga,Arminia,ATT,23.0,2768,7000000.0,15815724.945686689,8815724.945686689,0.8150945457719647,1.0
Conor Gallagher,2021-2022,Premier League,Crystal Palace,MID,22.4,2845,25000000.0,56447447.112211615,31447447.112211615,0.8144342408290477,1.0
Lázaro,2022-2023,LaLiga,Almería,ATT,21.3,716,6000000.0,13545690.232127309,7545690.232127309,0.814308963454911,1.0
Andi Zeqiri,2021-2022,Bundesliga,Augsburg,ATT,23.0,1016,2300000.0,5171340.6325197145,2871340.6325197145,0.8102228419353441,1.0
Pablo Torre,2023-2024,LaLiga,Girona,MID,21.2,701,3000000.0,6735849.478787956,3735849.478787956,0.8088316422366084,1.0
Reda Khadra,2023-2024,Ligue 1,Reims,MID,22.9,1368,3000000.0,6730477.796627101,3730477.7966271006,0.8080338475096713,1.0
Javi López,2023-2024,LaLiga,Alavés,DEF,22.2,2386,7500000.0,16806228.440816,9306228.440816,0.8068465376844234,1.0
Ilaix Moriba,2023-2024,LaLiga,Getafe,MID,21.4,605,3000000.0,6721227.086823009,3721227.086823009,0.8066584514029991,1.0
Denis Huseinbasic,2023-2024,Bundesliga,Köln,MID,22.9,1627,4000000.0,8935268.96569805,4935268.96569805,0.8037118895228232,1.0
Quentin Merlin,2021-2022,Ligue 1,Nantes,DEF,20.0,1926,5000000.0,11154664.366638163,6154664.366638163,0.8024198268433818,1.0
Randal Kolo Muani,2020-2021,Ligue 1,Nantes,ATT,22.5,3029,9000000.0,20075158.19273439,11075158.19273439,0.8022585625519554,1.0
Hugo Sotelo,2023-2024,LaLiga,Celta Vigo,MID,20.5,721,2500000.0,5568696.464292216,3068696.464292216,0.8008702667215033,1.0
Denis Huseinbasic,2022-2023,Bundesliga,Köln,MID,22.0,791,5000000.0,11129424.931139676,6129424.931139676,0.8001545831572816,1.0
Gabriele Zappa,2020-2021,Serie A,Cagliari,DEF,21.4,2395,7000000.0,15521209.192444751,8521209.192444751,0.7962972745491133,1.0
Samu Costa,2022-2023,LaLiga,Almería,MID,22.5,1989,5000000.0,11086035.97393457,6086035.97393457,0.7962483835460308,1.0
Arijon Ibrahimović,2023-2024,Serie A,Frosinone,MID,18.5,474,4000000.0,8864890.206778675,4864890.206778675,0.7958041933074398,1.0
Emil Hansson,2020-2021,Eredivisie,Fortuna Sittard,ATT,22.9,1601,850000.0,1882625.4358742177,1032625.4358742177,0.79518624057234,1.0
Thierno Balde,2022-2023,Ligue 1,Troyes,DEF,21.0,2153,4000000.0,8842402.90469116,4842402.90469116,0.7932643003904527,1.0
Eberechi Eze,2020-2021,Premier League,Crystal Palace,MID,22.9,2559,20000000.0,44158467.94432921,24158467.94432921,0.7920524345233773,1.0
Javi Martínez,2021-2022,LaLiga,Osasuna,MID,22.4,879,2500000.0,5518836.960423894,3018836.960423894,0.791876410640036,1.0
Issa Kaboré,2021-2022,Ligue 1,Troyes,DEF,21.0,2254,4000000.0,8819958.765745351,4819958.765745351,0.7907228338023202,1.0
Caleb Okoli,2023-2024,Serie A,Frosinone,DEF,22.9,2914,8000000.0,17621004.97378576,9621004.973785762,0.7896501131713887,1.0
William Mikelbrencis,2021-2022,Ligue 1,Metz,DEF,18.3,610,2000000.0,4387854.783803681,2387854.783803681,0.7856932673682486,1.0
Conor Gallagher,2020-2021,Premier League,West Brom,MID,21.3,2531,15000000.0,32835050.40044116,17835050.40044116,0.7834463535004481,1.0
Nikola Soldo,2022-2023,Bundesliga,Köln,DEF,22.4,593,1500000.0,3281698.5084852437,1781698.5084852437,0.782896018208902,1.0
Jeremy Antonisse,2022-2023,Eredivisie,Emmen,ATT,21.2,802,500000.0,1091851.7754389003,591851.7754389003,0.7810223118920252,1.0
Clemens Riedel,2023-2024,Bundesliga,Darmstadt 98,DEF,20.9,755,2000000.0,4337229.612624851,2337229.612624851,0.7740886256229835,1.0
Tomáš Suslov,2020-2021,Eredivisie,Groningen,MID,19.0,1483,1600000.0,3463041.208557888,1863041.208557888,0.7721435357739441,1.0
Dion Lopy,2021-2022,Ligue 1,Reims,MID,20.3,1642,2500000.0,5405994.904638254,2905994.904638254,0.7712177734414123,1.0
Josh Maja,2020-2021,Premier League,Fulham,ATT,22.4,810,5000000.0,10744438.88154766,5744438.88154766,0.7649503949424545,1.0
Yoann Cathline,2022-2023,Ligue 1,Lorient,ATT,20.9,1090,2000000.0,4288345.2066342635,2288345.2066342635,0.7627537452466928,1.0
Charles Abi,2020-2021,Ligue 1,Saint-Étienne,ATT,21.1,912,3000000.0,6426526.898949935,3426526.898949935,0.7618219635209833,1.0
Benjamin Tahirovic,2022-2023,Serie A,Roma,MID,20.3,355,1500000.0,3212845.179294359,1712845.179294359,0.7616917851485461,1.0
Yan Couto,2022-2023,LaLiga,Girona,MID,21.0,1158,4000000.0,8560054.594299732,4560054.594299732,0.7608122068521759,1.0
Zito Luvumbo,2023-2024,Serie A,Cagliari,ATT,22.2,1946,7500000.0,16044056.495045332,8544056.495045332,0.760435448616219,1.0
Paulo Eduardo,2022-2023,Liga Portugal,Santa Clara,DEF,21.3,481,600000.0,1282178.2894792536,682178.2894792536,0.7593860439516167,1.0
Xavier Mbuyamba,2022-2023,Eredivisie,Volendam,DEF,21.5,2499,2000000.0,4265312.499877698,2265312.499877698,0.7573682684797589,1.0
Úmaro Embaló,2022-2023,Eredivisie,Fortuna Sittard,ATT,22.1,1470,1000000.0,2125601.827264881,1125601.8272648812,0.7540549751097299,1.0
Sergio Camello,2022-2023,LaLiga,Rayo Vallecano,ATT,22.3,2401,10000000.0,21217873.473834332,11217873.473834332,0.752258821872946,1.0
Azzedine Ounahi,2021-2022,Ligue 1,Angers,MID,22.1,1633,3000000.0,6358424.807050976,3358424.807050976,0.7511683861608525,1.0
Jaouen Hadjam,2022-2023,Ligue 1,Nantes,DEF,20.3,805,2000000.0,4234492.5497559905,2234492.5497559905,0.7501163174027425,1.0
Vitalie Damașcan,2020-2021,Eredivisie,RKC Waalwijk,ATT,22.3,553,600000.0,1269796.3063450677,669796.3063450677,0.749682122668176,1.0
Syb Van Ottele,2023-2024,Eredivisie,Heerenveen,DEF,22.3,1429,700000.0,1479632.0678692798,779632.0678692798,0.7484683980169322,1.0
Thomas Buitink,2020-2021,Eredivisie,Vitesse,ATT,20.9,305,700000.0,1477880.426919736,777880.426919736,0.7472838612432451,1.0
Tiago Santos,2022-2023,Liga Portugal,Estoril,DEF,20.9,2419,3500000.0,7367671.23616145,3867671.23616145,0.7443387089628537,1.0
Andrea Carboni,2021-2022,Serie A,Cagliari,DEF,21.3,2215,5000000.0,10468806.546211397,5468806.546211397,0.7389621180057997,1.0
Check Keita,2022-2023,Ligue 1,Reims,DEF,20.2,682,1500000.0,3137635.0122702564,1637635.0122702564,0.7380042272231808,1.0
Alidu Seidu,2021-2022,Ligue 1,Clermont Foot,DEF,22.0,1410,2000000.0,4170006.953665944,2170006.953665944,0.7347705227951646,1.0
Carlos Dominguez,2020-2021,LaLiga,Celta Vigo,DEF,20.4,360,1500000.0,3124857.121779881,1624857.121779881,0.7339234530045236,1.0
Kilian Ludewig,2020-2021,Bundesliga,Schalke 04,DEF,21.3,520,1500000.0,3124277.7904791594,1624277.7904791594,0.7337380413241821,1.0
Enzo Barrenechea,2023-2024,Serie A,Frosinone,MID,23.0,2811,7500000.0,15596920.070064785,8096920.070064785,0.7321704428149776,1.0
Mateo Klimowicz,2021-2022,Bundesliga,Stuttgart,MID,21.9,603,2000000.0,4144203.698192099,2144203.698192099,0.728563478158307,1.0
Evann Guessand,2021-2022,Ligue 1,Nice,ATT,20.9,438,3000000.0,6196829.529703201,3196829.529703201,0.7254255064137585,1.0
Rocco Reitz,2023-2024,Bundesliga,Gladbach,MID,22.0,2136,10000000.0,20531528.482402436,10531528.482402436,0.7193765864297141,1.0
Leonardo Campana,2020-2021,Liga Portugal,Famalicão,ATT,20.8,330,1200000.0,2462588.762691052,1262588.7626910522,0.7188915823833835,1.0
Rémy Vita,2022-2023,Eredivisie,Fortuna Sittard,DEF,22.2,1192,700000.0,1430438.615675764,730438.6156757639,0.7146560654290681,1.0
Elayis Tavsan,2021-2022,Eredivisie,NEC Nijmegen,ATT,21.1,2242,1400000.0,2860724.012204083,1460724.0122040831,0.7146025072935185,1.0
Tijs Velthuis,2023-2024,Eredivisie,Sparta Rotterdam,DEF,22.4,1762,800000.0,1630235.3424456886,830235.3424456886,0.711867937579342,1.0
Patrick Wimmer,2021-2022,Bundesliga,Arminia,ATT,21.0,2052,8000000.0,16299219.948550442,8299219.948550442,0.7116757090705992,1.0
Lequincio Zeefuik,2023-2024,Eredivisie,Volendam,ATT,19.5,773,1000000.0,2037180.8221297858,1037180.8221297858,0.7115669021462772,1.0
Marouan Azarkan,2022-2023,Eredivisie,Excelsior,ATT,21.5,1832,2000000.0,4070642.4002571716,2070642.4002571716,0.7106536443404927,1.0
Tyler Roberts,2020-2021,Premier League,Leeds United,ATT,22.4,1340,6000000.0,12209777.767837483,6209777.767837483,0.7104776178966095,1.0
Matteo Ruggeri,2021-2022,Serie A,Salernitana,DEF,19.9,676,2000000.0,4051226.968068365,2051226.968068365,0.7058726097554882,1.0
Benedict Hollerbach,2023-2024,Bundesliga,Union Berlin,ATT,23.0,1282,4000000.0,8097455.602918884,4097455.602918884,0.7052555281150745,1.0
Erling Haaland,2022-2023,Premier League,Manchester City,ATT,22.9,2769,180000000.0,363551387.58079416,183551387.58079416,0.7029638049522333,1.0
Ibrahim Sulemana,2023-2024,Serie A,Cagliari,MID,21.0,1339,4000000.0,8061991.150368351,4061991.1503683506,0.7008662058776753,1.0
Tom Krauß,2022-2023,Bundesliga,Schalke 04,MID,22.0,2514,7000000.0,14101705.732707255,7101705.732707255,0.7003856149629204,1.0
Hans Nicolussi Caviglia,2022-2023,Serie A,Salernitana,MID,23.0,586,2000000.0,4026389.0669099716,2026389.0669099716,0.6997227805651924,1.0
Raoul Bellanova,2021-2022,Serie A,Cagliari,MID,22.1,2496,7000000.0,14069707.506011806,7069707.506011806,0.6981139333695996,1.0
Vivaldo Semedo,2023-2024,Eredivisie,Volendam,ATT,19.3,626,500000.0,1002446.5825858805,502446.58258588053,0.695590775135269,1.0
Kristoffer Askildsen,2021-2022,Serie A,Sampdoria,MID,21.4,754,1800000.0,3605245.1367777977,1805245.1367777977,0.694603102629145,1.0
Dwight McNeil,2020-2021,Premier League,Burnley,ATT,21.5,3069,22000000.0,44049649.27099201,22049649.27099201,0.6942749369261598,1.0
Ivor Pandur,2020-2021,Serie A,Hellas Verona,GK,21.2,332,1000000.0,1998759.7306702763,998759.7306702763,0.6925268535320512,1.0
Yoram Zague,2023-2024,Ligue 1,Paris Saint-Germain,DEF,18.1,373,2500000.0,4984411.05315906,2484411.05315906,0.6900245207605309,1.0
Josh Sargent,2020-2021,Bundesliga,Werder Bremen,ATT,21.3,2506,8000000.0,15933315.418140879,7933315.418140879,0.6889706847643691,1.0
Niklas Tauer,2021-2022,Bundesliga,Mainz 05,MID,21.3,487,1500000.0,2986772.607812803,1486772.6078128028,0.6887283009473641,1.0
Renato Junior,2021-2022,Liga Portugal,Portimonense,ATT,19.6,341,500000.0,992151.0836337758,492151.0836337758,0.6852672993160791,1.0
Thomas Buitink,2020-2021,Eredivisie,Zwolle,ATT,20.9,584,700000.0,1388268.7909706794,688268.7909706794,0.6847324407120272,1.0
Nicolas Madsen,2021-2022,Eredivisie,Heerenveen,MID,22.2,1672,750000.0,1487300.541726117,737300.541726117,0.6846448323027268,1.0
Josh Sargent,2021-2022,Premier League,Norwich City,ATT,22.3,1572,7000000.0,13879742.96005517,6879742.960055171,0.684520287123858,1.0
Mats Knoester,2020-2021,Eredivisie,Heracles Almelo,DEF,22.5,1993,1000000.0,1976486.8532321178,976486.8532321178,0.6813209521929515,1.0
Ali Akman,2021-2022,Eredivisie,NEC Nijmegen,ATT,20.1,1569,1200000.0,2368033.025445115,1168033.0254451148,0.6797381066867665,1.0
Tom Krauß,2023-2024,Bundesliga,Mainz 05,MID,22.9,1346,4000000.0,7833379.922590475,3833379.9225904746,0.672099718909168,1.0
Jayden Bogle,2020-2021,Premier League,Sheffield United,DEF,20.9,1110,7000000.0,13680592.010554502,6680592.010554502,0.6700680378280577,1.0
Arthur Sales,2022-2023,Liga Portugal,Paços de Ferreira,ATT,20.8,364,500000.0,976171.1464463072,476171.1464463072,0.6690298275834952,1.0
Yasser Larouci,2022-2023,Ligue 1,Troyes,DEF,22.5,1797,3500000.0,6810044.784699513,3310044.7846995126,0.6656357279586018,1.0
Borja Sainz,2020-2021,LaLiga,Alavés,ATT,20.3,453,2000000.0,3886429.6749280686,1886429.6749280686,0.6643437342592371,1.0
Anthony Rouault,2022-2023,Ligue 1,Toulouse,DEF,22.1,3314,10000000.0,19422497.245075244,9422497.245075244,0.663846953006459,1.0
Cheick Doucouré,2020-2021,Ligue 1,Lens,MID,21.4,2627,6000000.0,11642021.695860371,5642021.695860371,0.662861643205078,1.0
Arjen van der Heide,2020-2021,Eredivisie,Heerenveen,ATT,19.5,637,600000.0,1163139.8903096516,563139.8903096516,0.6619487740841539,1.0
Terem Moffi,2020-2021,Ligue 1,Lorient,ATT,22.0,2073,10000000.0,19372259.35018364,9372259.35018364,0.6612570193462126,1.0
Arda Güler,2023-2024,LaLiga,Real Madrid,MID,19.3,377,30000000.0,58086960.78145449,28086960.78145449,0.660743829838708,1.0
Naci Ünüvar,2023-2024,Eredivisie,Twente,ATT,21.0,508,2500000.0,4838083.191792923,2338083.191792923,0.6602278756583821,1.0
Gvidas Gineitis,2023-2024,Serie A,Torino,MID,20.1,538,2000000.0,3861826.1094862735,1861826.1094862735,0.6579929764063355,1.0
Ismaël Doukouré,2022-2023,Ligue 1,Strasbourg,DEF,19.9,2297,6000000.0,11490482.869499542,5490482.869499542,0.6497596469453573,1.0
Liam van Gelderen,2022-2023,Eredivisie,Groningen,DEF,22.3,1067,600000.0,1145424.8976124206,545424.8976124206,0.6466012815533055,1.0
Arnau Martinez,2022-2023,LaLiga,Girona,DEF,20.1,2732,15000000.0,28556723.557048675,13556723.557048675,0.6438422083963182,1.0
Jurgen Ekkelenkamp,2021-2022,Bundesliga,Hertha BSC,MID,22.2,718,3500000.0,6656815.879667289,3156815.8796672886,0.6428783055864749,1.0
João Marques,2023-2024,Liga Portugal,Estoril,ATT,22.3,1969,3500000.0,6647976.614748958,3147976.6147489576,0.6415495714145525,1.0
Brian Brobbey,2021-2022,Eredivisie,Ajax,ATT,20.3,399,9000000.0,17082350.7897584,8082350.789758399,0.6408212356143039,1.0
Antoine Colassin,2022-2023,Eredivisie,Heerenveen,ATT,22.3,747,650000.0,1231935.6431800427,581935.6431800427,0.6393695421608108,1.0
Jean-Manuel Mbom,2020-2021,Bundesliga,Werder Bremen,DEF,21.3,1160,3000000.0,5684379.516145175,2684379.5161451753,0.639109688539957,1.0
Daan Huisman,2021-2022,Eredivisie,Vitesse,MID,19.9,891,500000.0,943353.1737713661,443353.1737713661,0.6348326355922733,1.0
Tom Louchet,2023-2024,Ligue 1,Nice,MID,21.1,409,3000000.0,5654873.779306036,2654873.7793060364,0.6339055004574234,1.0
Ronaël Pierre-Gabriel,2020-2021,Ligue 1,Brest,DEF,23.0,2305,4000000.0,7512202.438022813,3512202.438022813,0.6302343290415493,1.0
Eric Martel,2023-2024,Bundesliga,Köln,MID,22.1,2457,7500000.0,14082660.928288957,6582660.928288957,0.6300412987161135,1.0
Luka Ilić,2020-2021,Eredivisie,Twente,MID,21.9,1308,950000.0,1780608.3450969497,830608.3450969497,0.6282483672109365,1.0
Samuel Lino,2021-2022,Liga Portugal,Gil Vicente FC,ATT,22.4,2958,7000000.0,13074989.158676041,6074989.158676041,0.6247910317309735,1.0
Lameck Banda,2022-2023,Serie A,Lecce,ATT,22.4,1636,4000000.0,7455492.738933062,3455492.738933062,0.622656680007605,1.0
Afonso Sousa,2021-2022,Liga Portugal,B-SAD,MID,22.1,2263,2500000.0,4655841.717977581,2155841.7179775806,0.6218319826973993,1.0
Telmo Arcanjo,2020-2021,Liga Portugal,Tondela,ATT,19.9,317,500000.0,930452.5722289027,430452.5722289027,0.6210630061610924,1.0
Dirk Proper,2022-2023,Eredivisie,NEC Nijmegen,MID,21.3,2755,2000000.0,3716258.079861178,1716258.079861178,0.6195700889652862,1.0
Vincent Thill,2020-2021,Liga Portugal,Nacional,ATT,21.3,921,1000000.0,1856289.8757399588,856289.8757399588,0.6185798052182534,1.0
Ousmane Camara,2022-2023,Ligue 1,Angers,DEF,20.3,521,1500000.0,2782641.626788655,1282641.6267886548,0.6179355938795013,1.0
Robert Gumny,2020-2021,Bundesliga,Augsburg,DEF,23.0,1377,3000000.0,5556687.64228341,2556687.64228341,0.6163898942754003,1.0
Romano Schmid,2020-2021,Bundesliga,Werder Bremen,MID,21.4,1177,4000000.0,7384283.172948801,3384283.172948801,0.6130594848779474,1.0
Logan Costa,2022-2023,Ligue 1,Toulouse,DEF,22.2,415,1200000.0,2203222.1320274915,1003222.1320274915,0.607599337548848,1.0
Ilaix Moriba,2022-2023,LaLiga,Valencia,MID,20.4,1011,4000000.0,7334228.8777010925,3334228.8777010925,0.6062579158008266,1.0
Nuno Santos,2020-2021,Liga Portugal,Boavista,MID,22.2,1743,1500000.0,2747869.7174470653,1247869.7174470653,0.6053608551742897,1.0
Moussa Sylla,2021-2022,Eredivisie,Utrecht,ATT,22.5,1374,1500000.0,2744795.6047479855,1244795.6047479855,0.6042415031512807,1.0
Nathan Collins,2021-2022,Premier League,Burnley,DEF,21.1,1670,10000000.0,18285344.48462785,8285344.48462785,0.6035147981688453,1.0
Thibo Baeten,2023-2024,Eredivisie,Go Ahead Eagles,ATT,22.0,908,600000.0,1096142.79214063,496142.7921406301,0.6026230886053323,1.0
Luca Netz,2022-2023,Bundesliga,Gladbach,DEF,20.1,702,6500000.0,11809791.757940887,5309791.757940887,0.5971268204630498,1.0
Lorenzo Pirola,2023-2024,Serie A,Salernitana,DEF,22.3,1987,5500000.0,9989604.009410078,4489604.009410078,0.5967968609387135,1.0
Luca Netz,2021-2022,Bundesliga,Gladbach,DEF,19.1,1396,6500000.0,11803487.100924661,5303487.100924661,0.5965928279409844,1.0
Issa Kaboré,2023-2024,Premier League,Luton Town,DEF,23.0,1729,10000000.0,18141149.83345687,8141149.83345687,0.5955977363134721,1.0
Tommaso Pobega,2020-2021,Serie A,Spezia,MID,21.9,1229,6000000.0,10861129.417836722,4861129.417836722,0.5934308378295032,1.0
Matchoi Djaló,2022-2023,Liga Portugal,Paços de Ferreira,MID,20.2,1301,1500000.0,2710956.6484537846,1210956.6484537846,0.5918364713007147,1.0
Ryan Flamingo,2022-2023,Eredivisie,Vitesse,DEF,20.5,2683,2500000.0,4508274.103058429,2008274.1030584294,0.5896236661502083,1.0
Enzo Le Fée,2020-2021,Ligue 1,Lorient,MID,21.3,1816,5000000.0,8986732.755726779,3986732.755726779,0.586311439038754,1.0
Terem Moffi,2021-2022,Ligue 1,Lorient,ATT,23.0,2711,9000000.0,16175054.604571696,7175054.604571696,0.5862456389072861,1.0
Thierry Correia,2020-2021,LaLiga,Valencia,DEF,22.3,2137,6000000.0,10761697.206413414,4761697.206413414,0.5842338060051002,1.0
Panos Katseris,2023-2024,Ligue 1,Lorient,MID,22.9,1041,2500000.0,4473360.828629464,1973360.828629464,0.5818492574718288,1.0
Jorge Cuenca,2021-2022,LaLiga,Getafe,DEF,22.5,2683,8000000.0,14293120.971141946,6293120.971141946,0.5803368288747937,1.0
Miguel Gutiérrez,2022-2023,LaLiga,Girona,DEF,21.9,2390,10000000.0,17829397.929530405,7829397.9295304045,0.5782635710383239,1.0
Loïs Openda,2020-2021,Eredivisie,Vitesse,ATT,21.3,2411,3000000.0,5343434.144150999,2343434.1441509994,0.5772562557606058,1.0
Jesus Vazquez,2023-2024,LaLiga,Valencia,DEF,21.4,716,3000000.0,5328851.376496325,2328851.3764963252,0.5745234246904012,1.0
Sydney van Hooijdonk,2021-2022,Eredivisie,Heerenveen,ATT,22.3,998,1300000.0,2307429.5480708308,1007429.5480708308,0.5737698907476609,1.0
Njegoš Petrović,2021-2022,LaLiga,Granada,MID,22.9,918,2500000.0,4433586.848590914,1933586.8485909142,0.5729181969431938,1.0
Lucas Perrin,2020-2021,Ligue 1,Marseille,DEF,22.5,308,1800000.0,3178740.3880991293,1378740.3880991293,0.5686983490485655,1.0
Tim Drexler,2023-2024,Bundesliga,Hoffenheim,DEF,19.2,573,2500000.0,4411242.568665012,1911242.5686650118,0.5678656794992971,1.0
Bilal Brahimi,2021-2022,Ligue 1,Nice,ATT,22.2,378,900000.0,1586889.2637346208,686889.2637346208,0.5671361776627233,1.0
Tanguy Coulibaly,2021-2022,Bundesliga,Stuttgart,ATT,21.3,1079,2500000.0,4400977.331508141,1900977.331508141,0.5655359051821929,1.0
Kévin Denkey,2020-2021,Ligue 1,Nîmes,ATT,20.5,524,2200000.0,3872150.397520887,1672150.3975208872,0.5653526506306559,1.0
Syb Van Ottele,2022-2023,Eredivisie,Heerenveen,DEF,21.4,1180,750000.0,1315888.6961527164,565888.6961527164,0.5621943243864838,1.0
Gianluca Frabotta,2020-2021,Serie A,Juventus,DEF,21.9,689,2500000.0,4383240.202016118,1883240.202016118,0.5614974911674562,1.0
Mats Köhlert,2020-2021,Eredivisie,Willem II,DEF,23.0,1449,800000.0,1401365.154954475,601365.1549544749,0.5605904235056016,1.0
Rafa Marín,2023-2024,LaLiga,Alavés,DEF,22.1,2443,7500000.0,13093913.477349626,5593913.477349626,0.5572444816458546,1.0
Kristoffer Askildsen,2022-2023,Serie A,Lecce,MID,22.4,728,2000000.0,3486893.667863585,1486893.667863585,0.5558640927952592,1.0
Miguel Baeza,2020-2021,LaLiga,Celta Vigo,MID,21.2,543,2500000.0,4351627.443230925,1851627.4432309251,0.554259168139847,1.0
Ibrahima Koné,2021-2022,Ligue 1,Lorient,ATT,23.0,732,4500000.0,7824443.147780872,3324443.147780872,0.5531751738948287,1.0
Julián Malatini,2023-2024,Bundesliga,Werder Bremen,DEF,23.0,602,2500000.0,4346580.582600805,1846580.582600805,0.5530987311437485,1.0
Rafik Guitane,2021-2022,Liga Portugal,Marítimo,ATT,23.0,1907,2000000.0,3476025.790695608,1476025.7906956081,0.5527424464634336,1.0
Diego Coppola,2023-2024,Serie A,Hellas Verona,DEF,20.4,1634,6000000.0,10385423.036332386,4385423.036332386,0.5486437225936509,1.0
Gavin Bazunu,2022-2023,Premier League,Southampton,GK,21.3,2880,15000000.0,25932774.565770768,10932774.565770768,0.5474573948748613,1.0
Joe Scally,2023-2024,Bundesliga,Gladbach,DEF,21.4,2236,10000000.0,17286659.561208393,7286659.561208393,0.547349987411355,1.0
Facundo Cáseres,2023-2024,Liga Portugal,Farense,MID,23.0,1112,1000000.0,1713983.5451416536,713983.5451416536,0.5388202198620924,1.0
Maxime Estève,2023-2024,Premier League,Burnley,DEF,22.0,1309,7000000.0,11983681.62877945,4983681.62877945,0.5376357110098038,1.0
Max Finkgräfe,2023-2024,Bundesliga,Köln,DEF,20.2,1756,6000000.0,10156016.379534824,4156016.379534824,0.5263068074069732,1.0
Aaron Connolly,2020-2021,Premier League,Brighton,ATT,21.4,791,7000000.0,11829357.030050864,4829357.030050864,0.5246741766591807,1.0
Dimitry Bertaud,2020-2021,Ligue 1,Montpellier,GK,23.0,745,1000000.0,1688902.305853335,688902.305853335,0.5240787947397205,1.0
Elye Wahi,2020-2021,Ligue 1,Montpellier,ATT,18.4,555,5000000.0,8441082.02916168,3441082.0291616805,0.5236725904638337,1.0
Arnaud Nordin,2020-2021,Ligue 1,Saint-Étienne,ATT,23.0,1771,5000000.0,8423507.650280248,3423507.6502802484,0.5215884146164402,1.0
Reece Oxford,2020-2021,Bundesliga,Augsburg,DEF,22.5,1358,3000000.0,5049545.866518226,2049545.8665182265,0.5206860231533117,1.0
Hianga'a Mbock,2021-2022,Ligue 1,Brest,MID,22.4,799,1500000.0,2524644.7325427495,1024644.7325427495,0.5206352447369174,1.0
Brayann Pereira,2023-2024,Eredivisie,NEC Nijmegen,DEF,21.0,788,700000.0,1172199.4114979606,472199.41149796057,0.5155567669496257,1.0
Anouar El Azzouzi,2023-2024,Eredivisie,Zwolle,MID,23.0,1313,650000.0,1085901.4246026585,435901.4246026585,0.5131933642419337,1.0
Enzo Le Fée,2021-2022,Ligue 1,Lorient,MID,22.3,2194,6000000.0,10011357.927244972,4011357.9272449724,0.5119607719659154,1.0
Nehuén Pérez,2022-2023,Serie A,Udinese,DEF,23.0,2818,10000000.0,16677726.676256554,6677726.676256554,0.511489004255882,1.0
Jean Onana,2021-2022,Ligue 1,Bordeaux,MID,22.4,1832,5000000.0,8325984.771117488,3325984.771117488,0.5099434072615221,1.0
Patrick,2020-2021,Liga Portugal,Famalicão,MID,21.8,1488,1300000.0,2158065.6292343945,858065.6292343945,0.5068480139701457,1.0
David Datro Fofana,2023-2024,Premier League,Burnley,ATT,21.4,879,12000000.0,19832299.619934287,7832299.619934287,0.5024052527338654,1.0
Roger Fernandes,2023-2024,Liga Portugal,Braga,ATT,18.5,672,10000000.0,16499868.193093296,6499868.193093296,0.500767299583206,1.0
Luca Netz,2023-2024,Bundesliga,Gladbach,DEF,21.0,2225,10000000.0,16458197.827283766,6458197.827283766,0.4982386082462753,1.0
Oliver Batista-Meier,2020-2021,Eredivisie,Heerenveen,ATT,20.3,689,650000.0,1068150.8583107435,418150.85831074347,0.496711899755125,1.0
Wilfried Singo,2020-2021,Serie A,Torino,DEF,20.4,1854,7000000.0,11446354.048673429,4446354.048673429,0.49176110654070193,1.0
Jacob Ramsey,2021-2022,Premier League,Aston Villa,MID,21.0,2467,25000000.0,40746942.63829552,15746942.638295516,0.4885049847228906,1.0
Luke Thomas,2021-2022,Premier League,Leicester City,DEF,21.0,1912,12000000.0,19505038.023578826,7505038.023578826,0.4857661425959847,1.0
Ansgar Knauff,2023-2024,Bundesliga,Eintracht Frankfurt,ATT,22.4,2109,10000000.0,16216497.913024468,6216497.913024468,0.4834440207301718,1.0
Joe Scally,2021-2022,Bundesliga,Gladbach,DEF,19.4,1909,8000000.0,12969590.14713342,4969590.147133419,0.4831658560824099,1.0
Sepp van den Berg,2023-2024,Bundesliga,Mainz 05,DEF,22.4,2839,12000000.0,19442873.33420709,7442873.3342070915,0.4825739435797374,1.0
Danilo,2020-2021,Eredivisie,Twente,MID,20.1,2644,8000000.0,12947990.964704223,4947990.964704223,0.48149909656991063,1.0
Leonardo Buta,2023-2024,Liga Portugal,Gil Vicente FC,DEF,22.0,2187,3000000.0,4840559.547278706,1840559.547278706,0.47841803432011254,1.0
Ernest Poku,2023-2024,Eredivisie,AZ Alkmaar,ATT,20.3,663,1300000.0,2097170.4343453264,797170.4343453264,0.4782247594692919,1.0
Cameron Archer,2023-2024,Premier League,Sheffield United,ATT,22.5,1832,13000000.0,20970993.025562502,7970993.025562502,0.478190840912049,1.0
Million Manhoef,2022-2023,Eredivisie,Vitesse,ATT,21.5,2322,3500000.0,5643636.3184533715,2143636.3184533715,0.47776562657521815,1.0
Yacine Adli,2020-2021,Ligue 1,Bordeaux,MID,20.8,2418,9000000.0,14501516.553409636,5501516.553409636,0.4770286565114894,1.0
Julio Enciso,2022-2023,Premier League,Brighton,MID,19.4,806,22000000.0,35371714.83839721,13371714.838397212,0.4748700315336123,1.0
Mayckel Lahdo,2022-2023,Eredivisie,AZ Alkmaar,ATT,20.5,561,1000000.0,1605809.6459606648,605809.6459606648,0.4736280817006264,1.0
Sadik Fofana,2023-2024,Eredivisie,Fortuna Sittard,MID,21.0,633,500000.0,801909.4786503317,301909.47865033173,0.4723876335607784,1.0
Saidou Sow,2020-2021,Ligue 1,Saint-Étienne,DEF,18.9,1000,2500000.0,3984047.355520182,1484047.3555201818,0.4660074942033017,1.0
Enzo Tchato,2023-2024,Ligue 1,Montpellier,DEF,21.5,1125,2500000.0,3980717.08843993,1480717.0884399302,0.4651712441678466,1.0
Max Aarons,2021-2022,Premier League,Norwich City,DEF,22.4,2881,22000000.0,35005092.613379404,13005092.613379404,0.46445110078594,1.0
Tommy St. Jago,2020-2021,Eredivisie,Utrecht,DEF,21.4,2056,1200000.0,1906773.549798973,706773.5497989729,0.4630910159453485,1.0
Diego Coppola,2022-2023,Serie A,Hellas Verona,DEF,19.5,1177,4000000.0,6353305.28248383,2353305.28248383,0.46268083328935283,1.0
Ricardinho,2021-2022,Liga Portugal,Marítimo,ATT,20.7,463,900000.0,1425832.2251414803,525832.2251414803,0.46011617654964887,1.0
Teun Bijleveld,2020-2021,Eredivisie,Heracles Almelo,MID,23.0,1068,600000.0,950415.213997715,350415.21399771504,0.45996930125833657,1.0
Illan Meslier,2021-2022,Premier League,Leeds United,GK,22.3,3384,20000000.0,31562655.85042304,11562655.850423042,0.4562423713045831,1.0
Joan Gonzàlez,2023-2024,Serie A,Lecce,MID,22.3,1291,4500000.0,7099478.303249956,2599478.303249956,0.4559439061558255,1.0
Michael Olise,2022-2023,Premier League,Crystal Palace,ATT,21.5,2749,38000000.0,59935624.17875978,21935624.178759784,0.45568489613989627,1.0
Saidou Sow,2021-2022,Ligue 1,Saint-Étienne,DEF,19.9,989,4000000.0,6304458.140793349,2304458.1407933487,0.45496266341324976,1.0
Filippo Terracciano,2023-2024,Serie A,Hellas Verona,DEF,21.3,1296,4500000.0,7089733.807052669,2589733.807052669,0.45457039821846124,1.0
Show,2020-2021,Liga Portugal,Boavista,MID,22.2,1487,1500000.0,2352593.502129365,852593.5021293652,0.45005322943671544,1.0
Samuele Vignato,2023-2024,Serie A,Monza,MID,20.3,343,3500000.0,5470628.241507943,1970628.2415079428,0.4466304935387502,1.0
Márton Dárdai,2022-2023,Bundesliga,Hertha BSC,DEF,21.4,947,3500000.0,5469898.054231608,1969898.0542316083,0.4464970105128554,1.0
Lincoln,2020-2021,Liga Portugal,Santa Clara,ATT,20.5,2181,3100000.0,4844413.727025981,1744413.727025981,0.4464241207560491,1.0
Diego López,2023-2024,LaLiga,Valencia,ATT,22.1,2656,14000000.0,21876942.16300963,7876942.163009629,0.4463758832820268,1.0
Yassine Kechta,2023-2024,Ligue 1,Le Havre,MID,22.3,1849,5000000.0,7802371.119744068,2802371.119744068,0.4449897647767127,1.0
Felix Passlack,2020-2021,Bundesliga,Dortmund,DEF,23.0,362,2500000.0,3898382.027256038,1398382.027256038,0.44427087037508883,1.0
Alaa Bellaarouch,2023-2024,Ligue 1,Strasbourg,GK,22.3,1350,2000000.0,3107923.9452646985,1107923.9452646985,0.44080778101049134,1.0
Jacob Ramsey,2022-2023,Premier League,Aston Villa,MID,22.1,2636,42000000.0,65224987.96829927,23224987.96829927,0.44017302827484883,1.0
Rhys Williams,2020-2021,Premier League,Liverpool,DEF,20.3,661,5000000.0,7736272.048707112,2736272.0487071117,0.43648201168428,1.0
Jesse Bosch,2021-2022,Eredivisie,Twente,MID,22.3,877,600000.0,928286.652819503,328286.652819503,0.4364109229968598,1.0
Mimeirhel Benita,2023-2024,Eredivisie,Excelsior,DEF,20.5,947,850000.0,1313909.3532479163,463909.3532479163,0.4355258618289337,1.0
Sekou Mara,2022-2023,Premier League,Southampton,ATT,20.9,555,10000000.0,15413909.91798975,5413909.917989749,0.43268525017637316,1.0
Matìas Soulé,2023-2024,Serie A,Frosinone,ATT,21.1,3121,25000000.0,38332679.715548106,13332679.715548106,0.42742696378282474,1.0
Tiago Tomás,2022-2023,Bundesliga,Stuttgart,ATT,21.0,1291,7000000.0,10723309.921240242,3723309.921240242,0.42650972024010336,1.0
Conor Bradley,2023-2024,Premier League,Liverpool,DEF,20.9,753,15000000.0,22952419.302219726,7952419.302219726,0.42537314606716947,1.0
Yacine Adli,2021-2022,Ligue 1,Bordeaux,MID,21.8,2260,9000000.0,13756706.925420731,4756706.925420731,0.42430190424636294,1.0
Jonathan Burkardt,2021-2022,Bundesliga,Mainz 05,ATT,21.9,2611,17000000.0,25960196.930797257,8960196.930797257,0.42335113368299915,1.0
Flavius Daniliuc,2022-2023,Serie A,Salernitana,DEF,22.1,2195,8000000.0,12176739.514216987,4176739.5142169874,0.420085992994073,1.0
Dejan Kulusevski,2021-2022,Premier League,Tottenham Hotspur,MID,22.1,1261,40000000.0,60777802.23266023,20777802.232660227,0.4183451733372685,1.0
Romain Faivre,2020-2021,Ligue 1,Brest,MID,22.9,2891,13000000.0,19667360.676569466,6667360.676569466,0.41401108579256984,1.0
Oumar Diakité,2023-2024,Ligue 1,Reims,ATT,20.5,1585,6000000.0,9075579.272327455,3075579.2723274548,0.41382774054713245,1.0
Nicolò Rovella,2020-2021,Serie A,Genoa,MID,19.5,1187,5000000.0,7558616.109247925,2558616.1092479248,0.4132502066685664,1.0
Bradley Locko,2022-2023,Ligue 1,Reims,DEF,21.1,1059,2500000.0,3777764.2978091734,1277764.2978091734,0.41284164717243677,1.0
Destiny Udogie,2021-2022,Serie A,Udinese,DEF,19.5,2477,17000000.0,25671593.961348087,8671593.961348087,0.41217174322504846,1.0
Tanguy Coulibaly,2020-2021,Bundesliga,Stuttgart,ATT,20.3,1506,5000000.0,7542697.268151301,2542697.268151301,0.4111419334879294,1.0
Alessandro Buongiorno,2020-2021,Serie A,Torino,DEF,22.0,858,2500000.0,3766396.3423344395,1266396.3423344395,0.4098279350787877,1.0
Léo Leroy,2021-2022,Ligue 1,Montpellier,MID,22.3,626,1500000.0,2258157.4174314723,758157.4174314723,0.4090840706151049,1.0
Josh Doig,2022-2023,Serie A,Hellas Verona,DEF,21.1,1354,8000000.0,12038227.082952952,4038227.082952952,0.40864563511173024,1.0
Kaio Jorge,2023-2024,Serie A,Frosinone,ATT,22.4,812,4000000.0,6003336.418278695,2003336.418278695,0.40602102327180845,1.0
Marc Guéhi,2021-2022,Premier League,Crystal Palace,DEF,21.9,3222,32000000.0,48024456.17335646,16024456.173356459,0.4059744819668616,1.0
Mehdi Zerkane,2020-2021,Ligue 1,Bordeaux,ATT,21.9,1187,2500000.0,3749052.764271072,1249052.764271072,0.4052124800059911,1.0
Billy Gilmour,2021-2022,Premier League,Norwich City,MID,21.0,1855,12000000.0,17986138.17918058,5986138.179180581,0.40469471027130766,1.0
Paulo Victor,2023-2024,Liga Portugal,Chaves,DEF,23.0,822,1500000.0,2246150.45496079,746150.45496079,0.40375273392566413,1.0
Maxime Estève,2021-2022,Ligue 1,Montpellier,DEF,20.0,1857,4500000.0,6728089.265089028,2228089.2650890276,0.40221379350686703,1.0
Lorenzo Colombo,2023-2024,Serie A,Monza,ATT,22.2,1359,6000000.0,8949591.685219629,2949591.6852196287,0.3998484402548339,1.0
Saidou Sow,2023-2024,Ligue 1,Strasbourg,DEF,21.9,719,2500000.0,3727783.0030845674,1227783.0030845674,0.39952295592797604,1.0
Jørgen Strand Larsen,2020-2021,Eredivisie,Groningen,ATT,21.3,2301,3500000.0,5213503.82051551,1713503.8205155097,0.39848917956390295,1.0
John Yeboah,2020-2021,Eredivisie,Willem II,ATT,20.3,312,575000.0,856417.9795023464,281417.97950234637,0.39838850997891484,1.0
Bobby Adekanye,2020-2021,Eredivisie,ADO Den Haag,ATT,22.3,741,600000.0,893387.1134905274,293387.1134905274,0.39809032947709966,1.0
Afonso Sousa,2020-2021,Liga Portugal,B-SAD,MID,21.0,1918,2500000.0,3719943.1059163394,1219943.1059163394,0.39741764218543274,1.0
Jacob Ramsey,2020-2021,Premier League,Aston Villa,MID,20.0,626,5000000.0,7407401.26963277,2407401.2696327697,0.39304175950968734,1.0
Abdul Mumin,2020-2021,Liga Portugal,Vitória Guimarães,DEF,23.0,2025,2000000.0,2959438.735607427,959438.7356074271,0.39185245344772923,1.0
Youssef Chermiti,2022-2023,Liga Portugal,Sporting CP,ATT,19.1,844,3000000.0,4424249.809701042,1424249.8097010422,0.38848844088834156,1.0
Adam Hložek,2023-2024,Bundesliga,Leverkusen,ATT,21.8,459,12000000.0,17692994.500303723,5692994.500303723,0.38826212050258135,1.0
Oliver Braude,2023-2024,Eredivisie,Heerenveen,DEF,20.3,2116,2000000.0,2946549.9079844165,946549.9079844165,0.38748778264925754,1.0
Manfred Ugalde,2022-2023,Eredivisie,Twente,ATT,21.1,873,3000000.0,4419177.0597990565,1419177.0597990565,0.38734120452098786,1.0
Yannik Keitel,2020-2021,Bundesliga,Freiburg,MID,21.3,498,2000000.0,2943264.5192693006,943264.5192693006,0.38637216547780184,1.0
Arnaud Kalimuendo,2020-2021,Ligue 1,Lens,ATT,19.4,1218,10000000.0,14672721.038941544,4672721.038941544,0.3834049651880562,1.0
Andrew,2023-2024,Liga Portugal,Gil Vicente FC,GK,22.9,2880,3000000.0,4399736.8277218975,1399736.8277218975,0.3829324385859163,1.0
Pietro Pellegri,2022-2023,Serie A,Torino,ATT,22.2,465,3500000.0,5115939.663498311,1615939.6634983113,0.3795981214648787,1.0
Marcos Leonardo,2023-2024,Liga Portugal,Benfica,ATT,21.1,331,25000000.0,36495330.43788865,11495330.437888652,0.37830849432756253,1.0
Ebrima Darboe,2020-2021,Serie A,Roma,MID,20.1,323,2000000.0,2917290.304895845,917290.3048958448,0.37750802710691467,1.0
Wilfried Singo,2021-2022,Serie A,Torino,DEF,21.4,2607,15000000.0,21859453.08059169,6859453.08059169,0.3765832621470899,1.0
Aimen Moueffek,2021-2022,Ligue 1,Saint-Étienne,MID,21.1,432,1500000.0,2183764.6515713655,683764.6515713655,0.3755851836984174,1.0
Neraysho Kasanwirjo,2021-2022,Eredivisie,Groningen,DEF,20.3,2729,2500000.0,3632498.5505566876,1132498.5505566876,0.3736299855671952,1.0
Jan Thielmann,2021-2022,Bundesliga,Köln,ATT,20.0,1192,7500000.0,10879364.986567426,3379364.9865674265,0.3719648539770173,1.0
Morgan Rogers,2023-2024,Premier League,Aston Villa,MID,21.8,638,15000000.0,21733297.97402078,6733297.974020779,0.37079535219872994,1.0
Lorenz Assignon,2021-2022,Ligue 1,Rennes,DEF,21.9,616,3000000.0,4342034.794605151,1342034.7946051508,0.36973079625315286,1.0
Kaiky,2022-2023,LaLiga,Almería,DEF,19.4,581,3000000.0,4340507.68180747,1340507.6818074696,0.3693790299778765,1.0
Junior Dina Ebimbe,2020-2021,Ligue 1,Dijon,MID,20.5,2144,6000000.0,8673130.498675361,2673130.4986753613,0.3684703289049782,1.0
Michael Olise,2023-2024,Premier League,Crystal Palace,ATT,22.5,1275,55000000.0,79411958.98674497,24411958.98674497,0.36731578864054626,1.0
Djevencio van der Kust,2021-2022,Eredivisie,Utrecht,DEF,21.1,963,650000.0,937075.0617059701,287075.0617059701,0.36579102468448,1.0
Nikolas Nartey,2021-2022,Bundesliga,Stuttgart,MID,22.3,404,1800000.0,2592025.3244355344,792025.3244355344,0.3646528837699403,1.0
Mika Mármol,2023-2024,LaLiga,Las Palmas,DEF,22.9,3178,15000000.0,21562569.522745557,6562569.522745557,0.36290871792744284,1.0
Aimen Moueffek,2020-2021,Ligue 1,Saint-Étienne,MID,20.2,743,2000000.0,2858205.705647314,858205.705647314,0.3570468717415718,1.0
Illan Meslier,2020-2021,Premier League,Leeds United,GK,21.3,3150,20000000.0,28548245.18596762,8548245.18596762,0.3558631960694285,1.0
Armand Lauriente,2020-2021,Ligue 1,Lorient,ATT,22.5,1622,6000000.0,8563138.124932472,2563138.1249324717,0.3557072571229565,1.0
Xander Blomme,2023-2024,Eredivisie,Go Ahead Eagles,MID,21.9,711,550000.0,784707.0825848731,234707.08258487307,0.3553922267166598,1.0
Jon Aramburu,2023-2024,LaLiga,Real Sociedad,DEF,21.9,543,2500000.0,3565801.7521693576,1065801.7521693576,0.3550981921260945,1.0
Aaron Hickey,2021-2022,Serie A,Bologna,DEF,20.0,2820,18000000.0,25669706.874727964,7669706.874727964,0.35493981793952756,1.0
Ayman Kari,2023-2024,Ligue 1,Lorient,MID,19.5,893,4000000.0,5684037.030540871,1684037.0305408714,0.3513673639672241,1.0
Otso Liimatta,2023-2024,Liga Portugal,Famalicão,MID,19.9,464,1000000.0,1419715.57637452,419715.5763745201,0.350456553222978,1.0
Filip Stankovic,2022-2023,Eredivisie,Volendam,GK,21.3,2970,2000000.0,2836678.6284923833,836678.6284923833,0.3494866902081668,1.0
Evann Guessand,2022-2023,Ligue 1,Nantes,ATT,22.0,1260,4500000.0,6375975.875248953,1875975.8752489528,0.3484597610233262,1.0
Abdukodir Khusanov,2023-2024,Ligue 1,Lens,DEF,20.3,809,2500000.0,3537284.8696166105,1037284.8696166105,0.3470687150032852,1.0
Alan Virginius,2023-2024,Ligue 1,Clermont Foot,MID,21.4,934,3500000.0,4939467.716664057,1439467.7166640572,0.3444946072359052,1.0
Brennan Johnson,2022-2023,Premier League,Nottingham Forest,ATT,22.1,2934,38000000.0,53492715.45278549,15492715.452785492,0.341959325143975,1.0
Bart van Rooij,2023-2024,Eredivisie,NEC Nijmegen,DEF,23.0,1975,2000000.0,2807452.728013697,807452.7280136971,0.33913038917762783,1.0
Anthony Gordon,2021-2022,Premier League,Everton,ATT,21.3,2285,20000000.0,28052091.649204277,8052091.6492042765,0.3383309242336985,1.0
Emile Smith Rowe,2020-2021,Premier League,Arsenal,MID,20.9,1440,18000000.0,25229228.53176954,7229228.53176954,0.3376314268723206,1.0
Dirk Proper,2021-2022,Eredivisie,NEC Nijmegen,MID,20.3,1358,900000.0,1260941.7268952858,360941.72689528577,0.3372193597530515,1.0
Becir Omeragic,2023-2024,Ligue 1,Montpellier,DEF,22.4,2312,6000000.0,8405092.116147518,2405092.116147518,0.33707825725688245,1.0
Luke Thomas,2023-2024,Premier League,Sheffield United,DEF,23.0,917,6000000.0,8393931.498866761,2393931.498866761,0.3357495349241404,1.0
Noah Atubolu,2023-2024,Bundesliga,Freiburg,GK,22.0,3060,10000000.0,13969730.075584568,3969730.075584568,0.33430775836908566,1.0
Lazar Samardzic,2022-2023,Serie A,Udinese,MID,21.3,1848,14000000.0,19512254.1522227,5512254.1522227,0.33198535664519824,1.0
Abdallah Sima,2022-2023,Ligue 1,Angers,ATT,22.0,1836,6000000.0,8361434.703034854,2361434.7030348536,0.331870558339908,1.0
Lesley Ugochukwu,2021-2022,Ligue 1,Rennes,MID,18.2,405,3000000.0,4179624.2099308115,1179624.2099308115,0.33160905189670586,1.0
Yannick Leliendal,2023-2024,Eredivisie,Utrecht,DEF,22.1,496,500000.0,694923.8020617486,194923.80206174857,0.3291941038107655,1.0
Ben Johnson,2021-2022,Premier League,West Ham United,DEF,22.4,1397,9000000.0,12486506.728916695,3486506.7289166953,0.32742402224699063,1.0
Juan Miranda,2020-2021,LaLiga,Real Betis,DEF,21.4,1652,7000000.0,9701577.568507772,2701577.568507772,0.3263783591588716,1.0
Roberto Piccoli,2022-2023,Serie A,Empoli,ATT,22.4,516,3500000.0,4844949.074657702,1344949.074657702,0.3251737658855589,1.0
Lorenzo Pirola,2022-2023,Serie A,Salernitana,DEF,21.3,1941,8000000.0,11068043.414966067,3068043.4149660673,0.32462044280365454,1.0
Aimar Oroz,2022-2023,LaLiga,Osasuna,MID,21.5,2013,15000000.0,20706023.66124173,5706023.661241729,0.32237445496499006,1.0
Matteo Ruggeri,2022-2023,Serie A,Atalanta,DEF,20.9,829,4000000.0,5508189.17101378,1508189.17101378,0.31994156393049344,1.0
Nick Woltemade,2023-2024,Bundesliga,Werder Bremen,ATT,22.3,1189,4000000.0,5503321.017646732,1503321.0176467318,0.3190573702820654,1.0
Rick Meissen,2023-2024,Eredivisie,Sparta Rotterdam,DEF,22.3,883,650000.0,893670.3061171351,243670.3061171351,0.31836455916200634,1.0
Ronald,2023-2024,Liga Portugal,Estrela,ATT,22.9,1319,1800000.0,2468916.4679896818,668916.4679896818,0.3159927125636415,1.0
Facundo Buonanotte,2023-2024,Premier League,Brighton,MID,19.4,1364,18000000.0,24659658.08610034,6659658.08610034,0.3147968746222709,1.0
Facundo Buonanotte,2022-2023,Premier League,Brighton,MID,18.5,565,12000000.0,16427581.052479167,4427581.052479167,0.31405504394065886,1.0
Luis Henrique,2020-2021,Ligue 1,Marseille,MID,19.5,675,8000000.0,10926798.81432854,2926798.81432854,0.3117768369454179,1.0
Dušan Vlahović,2020-2021,Serie A,Fiorentina,ATT,21.3,2923,40000000.0,54626768.2287724,14626768.228772402,0.31164456909868576,1.0
Oussama Targhalline,2023-2024,Ligue 1,Le Havre,MID,22.0,1025,2500000.0,3406173.4201846006,906173.4201846006,0.3092987651548942,1.0
Kevin Schade,2021-2022,Bundesliga,Freiburg,ATT,20.5,831,7000000.0,9515039.768927753,2515039.768927753,0.30696353128761267,1.0
Pedro Santos,2023-2024,Liga Portugal,Arouca,ATT,21.4,1448,1700000.0,2306757.8768985113,606757.8768985113,0.3052147711255593,1.0
Lamine Camara,2023-2024,Ligue 1,Metz,MID,20.4,2255,10000000.0,13567626.925861066,3567626.925861066,0.3051014890575523,1.0
Josh Wilson-Esbrand,2023-2024,Ligue 1,Reims,DEF,21.4,461,4000000.0,5424516.641061463,1424516.6410614634,0.3046344359152826,1.0
Angelo Stiller,2021-2022,Bundesliga,Hoffenheim,MID,21.2,1693,7000000.0,9465591.00994488,2465591.0099448804,0.3017530752777997,1.0
Warmed Omari,2021-2022,Ligue 1,Rennes,DEF,22.1,2796,8000000.0,10811939.065895403,2811939.065895403,0.3012094509337455,1.0
Bradley Locko,2023-2024,Ligue 1,Brest,DEF,22.1,2959,12000000.0,16195078.84895088,4195078.84895088,0.29980077154532125,1.0
Nicolò Cambiaghi,2022-2023,Serie A,Empoli,ATT,22.5,1285,8000000.0,10789593.848465696,2789593.848465696,0.2991405954049835,1.0
Kik Pierie,2022-2023,Eredivisie,Excelsior,DEF,22.9,583,900000.0,1210387.7487889007,310387.7487889007,0.2963012774767506,1.0
Jessic Ngankam,2022-2023,Bundesliga,Hertha BSC,ATT,22.9,826,5000000.0,6721036.3169884505,1721036.3169884505,0.2958044440487928,1.0
Yassine Benrahou,2020-2021,Ligue 1,Nîmes,MID,22.4,1239,2500000.0,3349884.885300644,849884.8853006442,0.2926352507755894,1.0
Martim Neto,2023-2024,Liga Portugal,Gil Vicente FC,MID,21.4,1867,3000000.0,4012185.9725867356,1012185.9725867356,0.29072393444169187,1.0
Filipe Soares,2020-2021,Liga Portugal,Moreirense,MID,22.0,2394,4000000.0,5333140.7340606665,1333140.7340606665,0.28764595943608917,1.0
Khalil Fayad,2023-2024,Ligue 1,Montpellier,MID,20.0,1025,5000000.0,6660888.075045987,1660888.075045987,0.2868149078300952,1.0
Linus Gechter,2021-2022,Bundesliga,Hertha BSC,DEF,18.3,716,4500000.0,5987603.076860853,1487603.0768608525,0.28561378115468194,1.0
Folarin Balogun,2022-2023,Ligue 1,Reims,ATT,22.0,2999,30000000.0,39900674.63259949,9900674.632599488,0.2851958501759242,1.0
Mateo Klimowicz,2020-2021,Bundesliga,Stuttgart,MID,20.9,1198,5000000.0,6630396.694857269,1630396.6948572686,0.2822267232855342,1.0
Matchoi Djaló,2021-2022,Liga Portugal,Paços de Ferreira,MID,19.1,709,2000000.0,2647914.2842665985,647914.2842665985,0.28062508700094213,1.0
Jonathan Burkardt,2020-2021,Bundesliga,Mainz 05,ATT,20.9,1373,4500000.0,5934315.561889732,1434315.5618897323,0.27667430229145573,1.0
Pedro Brazão,2021-2022,Liga Portugal,Famalicão,ATT,19.4,375,2000000.0,2634492.6056138487,634492.6056138487,0.27554342335207593,1.0
Mehdi Léris,2020-2021,Serie A,Sampdoria,ATT,23.0,386,1500000.0,1975782.845264337,475782.845264337,0.27549958905720295,1.0
Gianluca Busio,2021-2022,Serie A,Venezia,MID,20.0,1950,8500000.0,11130468.217199134,2630468.2171991337,0.26962006893861457,1.0
Bénie Traoré,2023-2024,Premier League,Sheffield United,ATT,21.5,387,4000000.0,5220654.319292566,1220654.3192925658,0.26632838144266735,1.0
Alejandro Garnacho,2022-2023,Premier League,Manchester Utd,ATT,19.0,569,25000000.0,32610334.657529656,7610334.657529656,0.2657534273007798,1.0
Marc Guéhi,2022-2023,Premier League,Crystal Palace,DEF,22.9,3329,35000000.0,45599438.87878325,10599438.878783248,0.2645473496653743,1.0
Adrian Szöke,2020-2021,Eredivisie,Heracles Almelo,ATT,22.9,639,500000.0,651413.2352641958,151413.23526419583,0.26453611239620756,1.0
Daniël van Kaam,2020-2021,Eredivisie,Groningen,MID,20.9,2549,2200000.0,2864200.364027829,664200.3640278289,0.2638318457939999,1.0
Largie Ramazani,2022-2023,LaLiga,Almería,ATT,22.3,1403,6000000.0,7807388.644427826,1807388.6444278257,0.26331107820399957,1.0
Ander Barrenetxea,2022-2023,LaLiga,Real Sociedad,ATT,21.5,878,6000000.0,7800988.319104548,1800988.3191045476,0.2624909640182693,1.0
Mike Eerdhuijzen,2022-2023,Eredivisie,Sparta Rotterdam,DEF,22.9,1183,900000.0,1169476.4232300296,269476.42323002964,0.2619166627960112,1.0
Josh Doig,2023-2024,Serie A,Sassuolo,DEF,22.1,1343,6000000.0,7788559.9268174125,1788559.9268174125,0.26089651179629136,1.0
Marco John,2020-2021,Bundesliga,Hoffenheim,DEF,19.2,997,4000000.0,5190346.07026104,1190346.0702610398,0.2605060140393203,1.0
Bosko Sutalo,2021-2022,Serie A,Hellas Verona,DEF,22.4,920,3000000.0,3887389.92861412,887389.92861412,0.25912567425352506,1.0
Adil Aouchiche,2020-2021,Ligue 1,Saint-Étienne,MID,18.9,1731,10000000.0,12954109.270717286,2954109.2707172856,0.2588279630188346,1.0
Gabriel Gudmundsson,2020-2021,Eredivisie,Groningen,DEF,22.1,1637,1800000.0,2325675.300325683,525675.3003256829,0.256223783717239,1.0
Alessandro Buongiorno,2021-2022,Serie A,Torino,DEF,23.0,1181,4000000.0,5156007.778741589,1156007.7787415888,0.25386823263349,1.0
Elye Wahi,2022-2023,Ligue 1,Montpellier,ATT,20.5,2513,35000000.0,45098306.43895121,10098306.43895121,0.2534966330713857,1.0
Joaquin Sosa,2022-2023,Serie A,Bologna,DEF,21.4,688,3000000.0,3857022.172715366,857022.1727153659,0.25128313923613277,1.0
Elye Wahi,2021-2022,Ligue 1,Montpellier,ATT,19.4,1786,12000000.0,15413866.638925202,3413866.638925202,0.25036088558572445,1.0
Pedro Neto,2020-2021,Premier League,Wolves,ATT,21.2,2550,35000000.0,44933955.75092961,9933955.750929609,0.24984570024840025,1.0
Jacopo Fazzini,2022-2023,Serie A,Empoli,MID,20.2,825,3500000.0,4488454.899398126,988454.8993981257,0.2487455536344747,1.0
Mathys Tel,2022-2023,Bundesliga,Bayern Munich,ATT,18.2,417,20000000.0,25635075.88614306,5635075.886143059,0.24822929193253174,1.0
Sikou Niakaté,2021-2022,Ligue 1,Metz,DEF,22.9,661,1800000.0,2299589.7500252365,499589.7500252365,0.24494407256899997,1.0
Tomáš Suslov,2022-2023,Eredivisie,Groningen,MID,21.0,2123,2000000.0,2553934.0301373573,553934.0301373573,0.24448774670010565,1.0
Oscar Fraulo,2023-2024,Eredivisie,Utrecht,MID,20.5,2094,3000000.0,3823600.2429375867,823600.2429375867,0.24258016207570776,1.0
Ruben Kluivert,2022-2023,Eredivisie,Utrecht,DEF,22.1,428,500000.0,636769.2865076747,136769.28650767473,0.24179930395813898,1.0
Andreas Skov Olsen,2020-2021,Serie A,Bologna,ATT,21.4,1179,6500000.0,8275689.319846375,1775689.319846375,0.2415200423841668,1.0
Nehuén Pérez,2021-2022,Serie A,Udinese,DEF,22.0,1692,6000000.0,7635692.504895512,1635692.504895512,0.24107416669098036,1.0
Alejandro Garnacho,2023-2024,Premier League,Manchester Utd,ATT,19.9,2565,45000000.0,57162031.41052161,12162031.410521612,0.23922740168227108,1.0
Jan Paul van Hecke,2020-2021,Eredivisie,Heerenveen,DEF,20.9,2322,2200000.0,2781976.4303517477,581976.4303517477,0.23470426090545793,1.0
Jacopo Fazzini,2023-2024,Serie A,Empoli,MID,21.2,1232,6000000.0,7574172.49595516,1574172.49595516,0.23298463474202968,1.0
Oihan Sancet,2021-2022,LaLiga,Athletic Club,MID,22.1,1422,15000000.0,18905743.96299607,3905743.9629960693,0.23141558817710361,1.0
Koni De Winter,2022-2023,Serie A,Empoli,DEF,21.0,1024,4000000.0,5035840.472344612,1035840.4723446118,0.2302860771070563,1.0
Papa Ndiaga Yade,2021-2022,Ligue 1,Metz,ATT,22.4,696,2000000.0,2517554.9801773042,517554.98017730424,0.23014100400870952,1.0
Dion Lopy,2022-2023,Ligue 1,Reims,MID,21.4,1379,4000000.0,5010253.218496149,1010253.2184961494,0.22519209531365014,1.0
Tomáš Suslov,2021-2022,Eredivisie,Groningen,MID,20.0,2348,3000000.0,3752589.819254865,752589.8192548649,0.22383393141497976,1.0
Lee Buchanan,2022-2023,Bundesliga,Werder Bremen,DEF,22.3,472,3500000.0,4377379.275786102,877379.2757861018,0.22368723795523415,1.0
Miguel Gutiérrez,2023-2024,LaLiga,Girona,DEF,22.9,3032,25000000.0,31209976.72400257,6209976.72400257,0.2218619856276831,1.0
Khalil Fayad,2022-2023,Ligue 1,Montpellier,MID,19.0,718,4500000.0,5611940.212577031,1111940.212577031,0.22081911191058268,1.0
Kevin Paredes,2023-2024,Bundesliga,Wolfsburg,MID,21.1,1432,7500000.0,9346177.892195683,1846177.892195683,0.22006445760101379,1.0
Facundo Pellistri,2021-2022,LaLiga,Alavés,ATT,20.5,672,2500000.0,3114271.804202287,614271.804202287,0.2197046223150494,1.0
Eric Martel,2022-2023,Bundesliga,Köln,MID,21.1,2019,9000000.0,11202721.27785199,2202721.2778519895,0.21893214268888528,1.0
Vitinha,2020-2021,Premier League,Wolves,MID,21.3,520,7000000.0,8711197.913677815,1711197.9136778153,0.21869916549554524,1.0
Badredine Bouanani,2022-2023,Ligue 1,Nice,ATT,18.5,863,6000000.0,7464966.815840725,1464966.8158407249,0.21846151645391743,1.0
Ivan Ilić,2020-2021,Serie A,Hellas Verona,MID,20.2,1835,8000000.0,9952327.840319445,1952327.8403194454,0.2183649359286921,1.0
Jean-Ricner Bellegarde,2020-2021,Ligue 1,Strasbourg,MID,22.9,2086,5500000.0,6837974.261912847,1337974.261912847,0.2177434349927836,1.0
Paulo Bernardo,2022-2023,Liga Portugal,Paços de Ferreira,MID,21.4,755,3000000.0,3727279.1122030485,727279.1122030485,0.2170662182664458,1.0
Jan Thielmann,2023-2024,Bundesliga,Köln,ATT,22.0,1579,5000000.0,6178558.965849847,1178558.9658498466,0.21164715479855367,1.0
Hugo Guillamón,2020-2021,LaLiga,Valencia,MID,21.4,1988,7500000.0,9263310.062655594,1763310.0626555942,0.21115842241302296,1.0
Luca Netz,2020-2021,Bundesliga,Hertha BSC,DEF,18.1,309,5000000.0,6157540.516318982,1157540.5163189815,0.20823951855176936,1.0
Bafodé Diakité,2022-2023,Ligue 1,Lille,DEF,22.5,2653,10000000.0,12313656.758870538,2313656.7588705383,0.2081238590501684,1.0
Sontje Hansen,2023-2024,Eredivisie,NEC Nijmegen,ATT,22.0,1910,3000000.0,3692457.050634071,692457.0506340712,0.20767981517350975,1.0
Morgan Gibbs-White,2020-2021,Premier League,Wolves,MID,21.4,414,7000000.0,8602953.49479562,1602953.4947956204,0.20619542487309062,1.0
Adil Aouchiche,2021-2022,Ligue 1,Saint-Étienne,MID,19.9,1081,6000000.0,7360704.394027665,1360704.3940276653,0.2043961646435104,1.0
Marc Cucurella,2020-2021,LaLiga,Getafe,DEF,22.9,3244,20000000.0,24488647.468267605,4488647.468267605,0.2024773679661287,1.0
Stephy Mavididi,2020-2021,Ligue 1,Montpellier,ATT,23.0,2030,8000000.0,9762653.2089784,1762653.2089783996,0.19912266698417191,1.0
Miguel Luís,2020-2021,Liga Portugal,Vitória Guimarães,MID,22.2,392,800000.0,975786.1601898619,175786.1601898619,0.19863173657352995,1.0
Jack Hinshelwood,2023-2024,Premier League,Brighton,MID,19.1,869,16000000.0,19503543.665637296,3503543.6656372957,0.19800745326260838,1.0
Yukinari Sugawara,2021-2022,Eredivisie,AZ Alkmaar,DEF,21.9,2635,3000000.0,3656730.8616806143,656730.8616806143,0.19795725240683382,1.0
Eddie Nketiah,2021-2022,Premier League,Arsenal,ATT,23.0,835,16000000.0,19500282.164583288,3500282.164583288,0.19784021320386103,1.0
Matteo Prati,2023-2024,Serie A,Cagliari,MID,20.4,1972,10000000.0,12162312.521834448,2162312.521834448,0.19575693995606258,1.0
Imran Louza,2020-2021,Ligue 1,Nantes,MID,22.1,2379,12000000.0,14593110.483327618,2593110.483327618,0.19564288285007692,1.0
Lennart Grill,2020-2021,Bundesliga,Leverkusen,GK,22.4,360,1500000.0,1821117.8898447044,321117.8898447044,0.1939854296108532,1.0
Daniël van Kaam,2021-2022,Eredivisie,Groningen,MID,22.0,492,700000.0,849573.4372120216,149573.43721202156,0.1936540499037438,1.0
Lewis Miley,2023-2024,Premier League,Newcastle United,MID,18.1,1202,22000000.0,26680239.484236464,4680239.484236464,0.19288074381960385,1.0
David Nemeth,2021-2022,Bundesliga,Mainz 05,DEF,21.2,311,2300000.0,2787065.4336544205,487065.43365442054,0.1920801034571724,1.0
Jan Thielmann,2022-2023,Bundesliga,Köln,ATT,21.1,869,6500000.0,7873730.294131459,1373730.2941314587,0.19172976231950578,1.0
Ricardo Pepi,2023-2024,Eredivisie,PSV,ATT,21.4,484,12000000.0,14534137.850435447,2534137.850435447,0.19159356704809127,1.0
Jhoanner Chávez,2023-2024,Ligue 1,Lens,DEF,22.1,481,2000000.0,2421405.880194517,421405.88019451685,0.19120113315617893,1.0
Juanmi Latasa,2022-2023,LaLiga,Getafe,ATT,22.2,448,3000000.0,3630714.739130332,630714.7391303321,0.19081723805886242,1.0
Josha Vagnoman,2022-2023,Bundesliga,Stuttgart,DEF,22.5,1479,8000000.0,9670508.965617765,1670508.9656177647,0.18963939986643474,1.0
Jordan Beyer,2021-2022,Bundesliga,Gladbach,DEF,22.1,1384,4500000.0,5437444.091869303,937444.091869303,0.18923171763059798,1.0
Quentin Merlin,2022-2023,Ligue 1,Nantes,DEF,21.1,1791,7000000.0,8439815.61891831,1439815.6189183109,0.18705031321419696,1.0
Pedro Amador,2020-2021,Liga Portugal,Moreirense,DEF,22.4,333,800000.0,962868.517310857,162868.51731085696,0.18530514034419632,1.0
Andrea Carboni,2020-2021,Serie A,Cagliari,DEF,20.3,1085,5000000.0,6001799.014806108,1001799.0148061076,0.18262134765320148,1.0
Yoann Cathline,2023-2024,Eredivisie,Almere City,ATT,21.9,1718,2000000.0,2399187.2945776475,399187.29457764747,0.18198287218748455,1.0
Jarrad Branthwaite,2023-2024,Premier League,Everton,DEF,21.9,3116,42000000.0,49913487.409446165,7913487.409446165,0.172621636719132,1.0
Troy Parrott,2023-2024,Eredivisie,Excelsior,ATT,22.3,1588,4500000.0,5341546.616174074,841546.6161740739,0.17143784275861051,1.0
Ivan Ilić,2021-2022,Serie A,Hellas Verona,MID,21.2,2526,14000000.0,16595314.765862292,2595314.7658622917,0.17006308288883787,1.0
Gabriele Zappa,2021-2022,Serie A,Cagliari,DEF,22.5,1144,3800000.0,4502605.518787219,702605.5187872192,0.16965516666062896,1.0
Harvey Elliott,2023-2024,Premier League,Liverpool,MID,21.1,1352,35000000.0,41341659.9166936,6341659.916693598,0.16652264475669298,1.0
Mitchel Bakker,2022-2023,Bundesliga,Leverkusen,MID,23.0,1659,9000000.0,10583702.984587505,1583702.9845875055,0.1620907864019756,1.0
Rodrigo Gomes,2023-2024,Liga Portugal,Estoril,MID,20.9,2445,12000000.0,14084887.8511832,2084887.8511832003,0.16019578922132283,1.0
Nathanael Mbuku,2020-2021,Ligue 1,Reims,ATT,19.2,2210,9000000.0,10530814.55657787,1530814.5565778706,0.1570811016182283,1.0
Simon Sohm,2020-2021,Serie A,Parma,MID,20.1,899,4500000.0,5264492.765940907,764492.7659409074,0.156907403416632,1.0
Paulos Abraham,2021-2022,Eredivisie,Groningen,ATT,19.9,1353,1200000.0,1402304.6595635957,202304.65956359566,0.15579551175181727,1.0
Mayckel Lahdo,2023-2024,Eredivisie,AZ Alkmaar,ATT,21.4,769,3000000.0,3502755.1193641643,502755.1193641643,0.15493754712715813,1.0
Eliot Matazo,2020-2021,Ligue 1,Monaco,MID,19.3,314,6000000.0,7004045.469152012,1004045.4691520119,0.15472843705797423,1.0
Emile Smith Rowe,2021-2022,Premier League,Arsenal,MID,21.9,1921,40000000.0,46666166.15324761,6666166.15324761,0.15413995448218998,1.0
Matthis Abline,2023-2024,Ligue 1,Nantes,ATT,21.2,1044,6000000.0,6950372.086509385,950372.0865093851,0.14703572654280705,1.0
Michael Olise,2021-2022,Premier League,Crystal Palace,ATT,20.5,1141,22000000.0,25477060.044609413,3477060.0446094126,0.1467359878239094,1.0
Alexis Mac Allister,2020-2021,Premier League,Brighton,MID,22.5,1115,10000000.0,11541489.936914627,1541489.9369146265,0.1433632704030252,1.0
Josip Brekalo,2020-2021,Bundesliga,Wolfsburg,ATT,22.9,1814,12000000.0,13834920.4534679,1834920.4534679,0.14228921377537063,1.0
Jovane Cabral,2020-2021,Liga Portugal,Sporting CP,ATT,22.9,689,8000000.0,9211390.19363831,1211390.1936383098,0.14099924113116025,1.0
Amir Richardson,2023-2024,Ligue 1,Reims,MID,22.4,1352,6000000.0,6904649.422660467,904649.4226604672,0.14043554482516107,1.0
Matthis Abline,2022-2023,Ligue 1,Auxerre,ATT,20.2,806,4500000.0,5177337.610328141,677337.6103281407,0.14021355252464573,1.0
Juan Miranda,2021-2022,LaLiga,Real Betis,DEF,22.4,783,5000000.0,5725891.27535551,725891.2753555104,0.1355603061739341,1.0
Thijmen Blokzijl,2022-2023,Eredivisie,Groningen,DEF,18.3,1177,1500000.0,1716811.0738490294,216811.07384902937,0.1350034350501783,1.0
Unai Gómez,2023-2024,LaLiga,Athletic Club,MID,21.0,875,6000000.0,6856663.811041303,856663.811041303,0.1334615292943262,1.0
Bruno Amione,2023-2024,Serie A,Hellas Verona,DEF,22.4,579,3000000.0,3422427.020460784,422427.02046078397,0.13173766582577784,1.0
Zaydou Youssouf,2021-2022,Ligue 1,Saint-Étienne,MID,22.9,1553,4000000.0,4560274.330955348,560274.330955348,0.1310884208940717,1.0
Alban Lafont,2020-2021,Ligue 1,Nantes,GK,22.4,3420,10000000.0,11354737.51167859,1354737.5116785895,0.12704996575542893,1.0
Angelo Stiller,2022-2023,Bundesliga,Hoffenheim,MID,22.2,704,5000000.0,5676923.739915435,676923.7399154352,0.12697157849805407,1.0
Benjamin Nygren,2020-2021,Eredivisie,Heerenveen,ATT,19.9,1277,2000000.0,2262425.7140498026,262425.7140498026,0.1232903819238178,1.0
Tiago Dantas,2021-2022,Liga Portugal,Tondela,MID,21.4,1099,2500000.0,2823983.3781558964,323983.37815589644,0.12185770181738498,1.0
Tim Breithaupt,2023-2024,Bundesliga,Augsburg,MID,22.3,629,3000000.0,3378922.8067620792,378922.80676207924,0.1189446738081461,1.0
Ki-Jana Hoever,2020-2021,Premier League,Wolves,DEF,19.4,577,7000000.0,7873040.405057656,873040.4050576556,0.11753416723821175,1.0
Tiago Tomás,2021-2022,Bundesliga,Stuttgart,ATT,20.0,1075,7000000.0,7851817.619643689,851817.6196436891,0.11483489984050621,1.0
Giovanni Fabbian,2023-2024,Serie A,Bologna,MID,21.4,1057,14000000.0,15688322.967313735,1688322.9673137348,0.11385934596857084,1.0
Danilho Doekhi,2020-2021,Eredivisie,Vitesse,DEF,22.9,2880,3000000.0,3361661.6381937126,361661.63819371257,0.11382309824148251,1.0
Rayan Aït-Nouri,2021-2022,Premier League,Wolves,DEF,21.0,1828,20000000.0,22393672.0788163,2393672.0788162984,0.11304614891594156,1.0
Reggie Cannon,2020-2021,Liga Portugal,Boavista,DEF,22.9,2506,4000000.0,4475359.80487868,475359.80487868004,0.11229239069959895,1.0
Billy Gilmour,2023-2024,Premier League,Brighton,MID,23.0,2120,18000000.0,20125229.132814568,2125229.1328145675,0.11160245082511722,1.0
Arouna Sangante,2023-2024,Ligue 1,Le Havre,DEF,22.1,2687,10000000.0,11180247.429837149,1180247.4298371486,0.11156350595823739,1.0
Jakub Kamiński,2022-2023,Bundesliga,Wolfsburg,ATT,21.0,2058,12000000.0,13416292.383551085,1416292.3835510854,0.11156316814115641,1.0
Pablo Barrios,2022-2023,LaLiga,Atlético Madrid,MID,20.0,724,5000000.0,5584915.291752616,584915.291752616,0.11063135287313663,1.0
Mattias Svanberg,2020-2021,Serie A,Bologna,MID,22.4,1852,12000000.0,13388842.74134844,1388842.7413484398,0.10951507909628333,1.0
Miguel Gutiérrez,2020-2021,LaLiga,Real Madrid,DEF,19.9,316,5000000.0,5578091.039263293,578091.0392632931,0.10940869776803552,1.0
Patrick Wimmer,2022-2023,Bundesliga,Wolfsburg,ATT,22.1,1648,18000000.0,20070043.5061037,2070043.5061036982,0.1088565726279036,1.0
Martin Satriano,2022-2023,Serie A,Empoli,ATT,22.3,1705,7000000.0,7785718.998548595,785718.9985485952,0.1063810088765571,1.0
Brennan Johnson,2023-2024,Premier League,Tottenham Hotspur,ATT,23.0,2085,48000000.0,53305560.16048505,5305560.160485052,0.10483963303111565,1.0
Koni De Winter,2023-2024,Serie A,Genoa,DEF,22.0,2380,12000000.0,13308067.233049527,1308067.2330495268,0.10346376043312944,1.0
Couhaib Driouech,2023-2024,Eredivisie,Excelsior,ATT,22.1,1920,4000000.0,4423658.437285968,423658.4372859681,0.10067269335778661,1.0
Kaio César,2023-2024,Liga Portugal,Vitória Guimarães,ATT,20.3,423,1000000.0,1104214.2730800537,104214.27308005374,0.09913401695710888,1.0
Gabriel Martinelli,2022-2023,Premier League,Arsenal,ATT,22.0,2789,80000000.0,88294405.5197824,8294405.519782394,0.09865011328199458,1.0
Jesus Vazquez,2022-2023,LaLiga,Valencia,DEF,20.4,310,3000000.0,3306415.369135524,306415.36913552415,0.09725234383538428,1.0
Fábio Silva,2020-2021,Premier League,Wolves,ATT,18.9,1369,25000000.0,27544078.194570992,2544078.194570992,0.09691174006070113,1.0
Lucas Da Cunha,2021-2022,Ligue 1,Clermont Foot,MID,21.0,836,4000000.0,4393745.4764321735,393745.4764321735,0.09388768591039742,1.0
Mohamed Daramy,2023-2024,Ligue 1,Reims,ATT,22.4,1648,10000000.0,10975902.975496557,975902.9754965566,0.09311713825439938,1.0
Murillo,2023-2024,Premier League,Nottingham Forest,DEF,21.9,2789,35000000.0,38358927.162840605,3358927.162840605,0.09163922053411255,1.0
Georginio Rutter,2021-2022,Bundesliga,Hoffenheim,ATT,20.1,1611,16000000.0,17469331.15199324,1469331.1519932412,0.08785811565485702,1.0
Andrew,2022-2023,Liga Portugal,Gil Vicente FC,GK,22.0,2131,2500000.0,2711958.996133136,211958.9961331361,0.08138051866975893,1.0
George Bello,2021-2022,Bundesliga,Arminia,DEF,20.4,434,3000000.0,3246712.2110180547,246712.21101805475,0.07903056825414012,1.0
Roberto López,2020-2021,LaLiga,Real Sociedad,MID,21.1,505,8000000.0,8636874.32020784,636874.3202078398,0.07659920718765711,1.0
Armel Bella Kotchap,2022-2023,Premier League,Southampton,DEF,21.5,1879,20000000.0,21578294.244828198,1578294.244828198,0.07595563981679376,1.0
Kian Fitz-Jim,2023-2024,Eredivisie,Excelsior,MID,20.9,398,1000000.0,1078496.6039295911,78496.60392959113,0.07556803795903022,1.0
Radu Drăgușin,2021-2022,Serie A,Sampdoria,DEF,20.3,620,3500000.0,3767859.5201325607,267859.52013256075,0.0737441051810066,1.0
Mattia Viti,2023-2024,Serie A,Sassuolo,DEF,22.4,979,5000000.0,5381836.442084346,381836.44208434597,0.07359174960659409,1.0
Merlin Röhl,2023-2024,Bundesliga,Freiburg,MID,21.9,1477,12000000.0,12905520.150352499,905520.1503524985,0.07274848868053496,1.0
Modibo Sagnan,2020-2021,LaLiga,Real Sociedad,DEF,22.2,622,3000000.0,3220466.3866482093,220466.3866482093,0.07091390097380135,1.0
Tom Bischof,2022-2023,Bundesliga,Hoffenheim,MID,18.0,315,3500000.0,3749450.1614662325,249450.1614662325,0.06884623712765503,1.0
Destiny Udogie,2022-2023,Serie A,Udinese,DEF,20.5,2704,25000000.0,26564154.588781502,1564154.588781502,0.06068691027765283,1.0
Hianga'a Mbock,2020-2021,Ligue 1,Brest,MID,21.4,458,2000000.0,2120219.5031030853,120219.50310308533,0.0583724419637317,1.0
Nicolas Jackson,2022-2023,LaLiga,Villarreal,ATT,22.0,1598,30000000.0,31771476.921120048,1771476.9211200476,0.057371553455645596,1.0
Loïs Openda,2021-2022,Eredivisie,Vitesse,ATT,22.3,2649,7500000.0,7933563.661024208,433563.6610242082,0.056199303947819246,1.0
Slobodan Tedić,2021-2022,Eredivisie,Zwolle,ATT,22.2,1192,750000.0,792596.3375950587,42596.33759505872,0.05524085346720575,1.0
Saba Sazonov,2023-2024,Serie A,Torino,DEF,22.3,356,2800000.0,2956851.9042255566,156851.90422555665,0.0545057393188344,1.0
Matìas Soulé,2022-2023,Serie A,Juventus,ATT,20.2,420,4000000.0,4220841.7506075725,220841.7506075725,0.05374021400575835,1.0
Josip Stanišić,2021-2022,Bundesliga,Bayern Munich,DEF,22.2,644,4000000.0,4213082.093972756,213082.0939727556,0.05190010755772256,1.0
Gabriel Martinelli,2021-2022,Premier League,Arsenal,ATT,21.0,1860,40000000.0,42079593.835512236,2079593.8355122358,0.05068346207103147,1.0
Habib Diarra,2022-2023,Ligue 1,Strasbourg,MID,19.5,1626,10000000.0,10485180.580395695,485180.5803956948,0.04737779394836039,1.0
Gideon Mensah,2020-2021,Liga Portugal,Vitória Guimarães,DEF,22.8,1824,2500000.0,2618105.055916859,118105.05591685884,0.04616006311892207,1.0
Dante Rigo,2020-2021,Eredivisie,ADO Den Haag,MID,22.1,823,700000.0,731247.4613017895,31247.461301789503,0.04367159177258628,1.0
Amin Sarr,2021-2022,Eredivisie,Heerenveen,ATT,21.2,1076,2000000.0,2086581.6801513573,86581.68015135732,0.042379986692560934,1.0
Mikkel Damsgaard,2020-2021,Serie A,Sampdoria,MID,20.9,1773,13000000.0,13561848.364834588,561848.364834588,0.04231122585238367,1.0
Kik Pierie,2020-2021,Eredivisie,Twente,DEF,20.8,2110,2000000.0,2082100.9860736942,82100.98607369419,0.040230292814696256,1.0
Márton Dárdai,2021-2022,Bundesliga,Hertha BSC,DEF,20.3,755,5000000.0,5187990.257700968,187990.2577009676,0.036908476165782744,1.0
Lazar Samardzic,2023-2024,Serie A,Udinese,MID,22.3,2372,20000000.0,20555566.41567625,555566.415676251,0.027399502518171914,1.0
Yorbe Vertessen,2021-2022,Eredivisie,PSV,ATT,21.4,797,4500000.0,4610668.929905402,110668.92990540154,0.024295553806656045,1.0
Ki-Jana Hoever,2021-2022,Premier League,Wolves,DEF,20.4,308,6000000.0,6141118.154150399,141118.15415039938,0.023247366147501225,1.0
Senny Mayulu,2023-2024,Ligue 1,Paris Saint-Germain,MID,18.0,324,5000000.0,5104381.707207545,104381.7072075447,0.020661416706957425,1.0
Sem Steijn,2023-2024,Eredivisie,Twente,MID,22.5,2414,10000000.0,10171084.228260815,171084.22826081514,0.016963721832389922,1.0
Sebastian Walukiewicz,2020-2021,Serie A,Cagliari,DEF,21.2,1618,7500000.0,7624917.326856601,124917.32685660105,0.016518459512969486,1.0
Rafael Fernandes,2023-2024,Liga Portugal,Arouca,DEF,21.9,744,1500000.0,1522973.9453067095,22973.945306709502,0.015199858177703973,1.0
Stefan Bajic,2021-2022,Ligue 1,Saint-Étienne,GK,20.4,510,1800000.0,1826357.7794937596,26357.77949375962,0.014537034273594429,1.0
Takefusa Kubo,2022-2023,LaLiga,Real Sociedad,ATT,22.0,2439,25000000.0,25316552.816100143,316552.8161001429,0.012582618435455828,1.0
Kevin Schade,2023-2024,Premier League,Brentford,ATT,22.5,333,22000000.0,22210173.349997837,210173.3499978371,0.009507989560237462,1.0
Kike Salas,2023-2024,LaLiga,Sevilla,DEF,22.1,1605,10000000.0,10092405.346525278,92405.34652527794,0.009198102111469098,1.0
Cheick Doucouré,2021-2022,Ligue 1,Lens,MID,22.4,2946,15000000.0,15133139.667620238,133139.66762023792,0.008836817901279659,1.0
Nicolas Cozza,2020-2021,Ligue 1,Montpellier,DEF,22.4,1369,3800000.0,3832452.024468204,32452.024468204007,0.008503746875698326,1.0
Tanguy Nianzou,2023-2024,LaLiga,Sevilla,DEF,22.0,318,3000000.0,3025081.5569673637,25081.556967363693,0.008325763432200262,1.0
Naouirou Ahamada,2022-2023,Bundesliga,Stuttgart,MID,21.2,1398,10000000.0,10028609.88246244,28609.88246244006,0.002856903408630984,1.0
Jon Pacheco,2022-2023,LaLiga,Real Sociedad,DEF,22.4,1193,6000000.0,5990811.4423944885,-9188.557605511509,-0.0015326000993702849,1.0
Anthony Musaba,2021-2022,Eredivisie,Heerenveen,ATT,21.5,1316,1200000.0,1196316.5877756607,-3683.4122243393213,-0.00307423079578939,1.0
Marco Pellegrino,2023-2024,Serie A,Salernitana,DEF,21.9,545,3500000.0,3486400.095633925,-13599.904366075061,-0.0038932558565836217,1.0
Daan Rots,2023-2024,Eredivisie,Twente,ATT,22.9,2573,7000000.0,6956623.641024447,-43376.358975552954,-0.006215901460658202,1.0
Ibrahima Niane,2020-2021,Ligue 1,Metz,ATT,22.2,663,9000000.0,8936475.002229359,-63524.997770641,-0.0070833609581733015,1.0
Simon Adingra,2023-2024,Premier League,Brighton,ATT,22.4,2222,30000000.0,29770577.320205063,-229422.67979493737,-0.007676814138424248,1.0
Bamba Dieng,2021-2022,Ligue 1,Marseille,ATT,22.2,975,10000000.0,9893686.607681056,-106313.39231894352,-0.010688255676946312,1.0
Tanguy Nianzou,2022-2023,LaLiga,Sevilla,DEF,21.0,1366,7500000.0,7413357.739000255,-86642.26099974476,-0.0116195477020824,1.0
Hannes Wolf,2020-2021,Bundesliga,Gladbach,ATT,22.1,1378,8000000.0,7903133.880095593,-96866.1199044073,-0.012182167186010062,1.0
Joe Scally,2022-2023,Bundesliga,Gladbach,DEF,20.5,2208,12000000.0,11802258.393294752,-197741.60670524836,-0.01661574736670346,1.0
Tiago Gouveia,2023-2024,Liga Portugal,Benfica,ATT,23.0,537,5000000.0,4916051.4846089855,-83948.51539101452,-0.016932247919207555,1.0
Radu Drăgușin,2021-2022,Serie A,Salernitana,DEF,20.3,488,3500000.0,3438270.9240202326,-61729.07597976737,-0.01779426184128141,1.0
Anass Salah-Eddine,2022-2023,Eredivisie,Twente,DEF,21.4,641,800000.0,782938.3767339463,-17061.623266053735,-0.021557736263462246,1.0
Mattia Viti,2021-2022,Serie A,Empoli,DEF,20.4,1491,7000000.0,6835311.456696963,-164688.54330303706,-0.023808112002887682,1.0
Gianluca Scamacca,2020-2021,Serie A,Genoa,ATT,22.4,1352,15000000.0,14618289.0423744,-381710.9576255996,-0.025776782194316894,1.0
Domagoj Bradarić,2020-2021,Ligue 1,Lille,DEF,21.5,1263,6000000.0,5846298.487227303,-153701.51277269702,-0.025950745473071635,1.0
Sepp van den Berg,2022-2023,Bundesliga,Schalke 04,DEF,21.5,696,5000000.0,4865309.8613869855,-134690.13861301448,-0.027307506864053366,1.0
Jota,2020-2021,LaLiga,Valladolid,ATT,22.2,668,3500000.0,3403101.507754185,-96898.49224581523,-0.028075744519272305,1.0
Wilfried Singo,2022-2023,Serie A,Torino,DEF,22.5,2046,12000000.0,11640307.46798109,-359692.53201890923,-0.03043279305856572,1.0
Ameen Al-Dakhil,2023-2024,Premier League,Burnley,DEF,22.2,1056,12000000.0,11632085.79039143,-367914.20960856974,-0.03113935364650544,1.0
Alexis Claude-Maurice,2020-2021,Ligue 1,Nice,MID,23.0,1910,12000000.0,11621761.296504607,-378238.7034953926,-0.032027335280396585,1.0
Eddie Nketiah,2020-2021,Premier League,Arsenal,ATT,22.0,423,16000000.0,15482667.540344914,-517332.4596550856,-0.032867547196175906,1.0
Nehuén Pérez,2020-2021,LaLiga,Granada,DEF,21.0,741,4000000.0,3869340.9220733573,-130659.07792664273,-0.03321017295544593,1.0
Amine Gouiri,2020-2021,Ligue 1,Nice,ATT,21.3,2747,30000000.0,28934098.616983198,-1065901.3830168024,-0.036176599118018515,1.0
Loïc Mbe Soh,2023-2024,Eredivisie,Almere City,DEF,23.0,1258,1500000.0,1444490.8035125467,-55509.1964874533,-0.037708233758417364,1.0
Eduardo Quaresma,2021-2022,Liga Portugal,Tondela,DEF,20.2,1542,4000000.0,3846087.9359050016,-153912.0640949984,-0.03923784996481494,1.0
Pedro Brazão,2022-2023,Liga Portugal,Famalicão,ATT,20.5,304,1000000.0,960340.847365591,-39659.15263440902,-0.04046700819619886,1.0
Anthony Musaba,2022-2023,Eredivisie,NEC Nijmegen,ATT,22.5,330,800000.0,765981.9854955719,-34018.01450442814,-0.043453075833681964,1.0
Kiliann Sildillia,2022-2023,Bundesliga,Freiburg,DEF,21.1,1977,12000000.0,11462913.428613398,-537086.5713866018,-0.04578974492883603,1.0
Giacomo Raspadori,2021-2022,Serie A,Sassuolo,ATT,22.3,2740,28000000.0,26653441.23346215,-1346558.7665378489,-0.049286240940340065,1.0
Luca Lipani,2023-2024,Serie A,Sassuolo,MID,19.0,384,4000000.0,3807453.5445361347,-192546.4554638653,-0.049333756448211474,1.0
Jesus Vazquez,2021-2022,LaLiga,Valencia,DEF,19.4,813,5000000.0,4758961.624912291,-241038.37508770917,-0.049408414014907365,1.0
Morten Frendrup,2021-2022,Serie A,Genoa,MID,21.2,695,3700000.0,3519482.7060899483,-180517.2939100517,-0.05001879933680442,1.0
Reece James,2021-2022,Premier League,Chelsea,DEF,22.5,1864,60000000.0,57054002.43653756,-2945997.5634624436,-0.05034633173092473,1.0
Rayan Aït-Nouri,2020-2021,Premier League,Wolves,DEF,20.0,1404,18000000.0,17055446.774916112,-944553.2250838876,-0.053902146243419935,1.0
Andy Pelmard,2020-2021,Ligue 1,Nice,DEF,21.2,1207,4000000.0,3789359.6459596385,-210640.35404036148,-0.054097315150409386,1.0
Kenzo Goudmijn,2023-2024,Eredivisie,Excelsior,MID,22.5,1570,1800000.0,1701187.801336093,-98812.1986639069,-0.05645995115352065,1.0
Jørgen Strand Larsen,2021-2022,Eredivisie,Groningen,ATT,22.3,2339,6000000.0,5669807.129735948,-330192.8702640524,-0.056604367986535564,1.0
Márton Dárdai,2020-2021,Bundesliga,Hertha BSC,DEF,19.3,821,6000000.0,5668372.120328655,-331627.87967134546,-0.056857496709112,1.0
Arthur Theate,2021-2022,Serie A,Bologna,DEF,22.0,2424,15000000.0,14154329.742802512,-845670.2571974881,-0.05802963492737945,1.0
Aimar Oroz,2023-2024,LaLiga,Osasuna,MID,22.5,2339,15000000.0,14088772.438721268,-911227.5612787325,-0.06267200185990873,1.0
Noah Katterbach,2020-2021,Bundesliga,Köln,DEF,20.2,1111,5500000.0,5163737.261575783,-336262.7384242173,-0.06308749940669323,1.0
Flavius Daniliuc,2020-2021,Ligue 1,Nice,DEF,20.1,1477,6000000.0,5630722.591018267,-369277.408981733,-0.06352168877251252,1.0
Malo Gusto,2023-2024,Premier League,Chelsea,DEF,21.0,1751,35000000.0,32758249.36805941,-2241750.6319405884,-0.06619324202583599,1.0
Yann Karamoh,2020-2021,Serie A,Parma,ATT,22.9,1294,6000000.0,5601156.590450948,-398843.4095490519,-0.0687863588030666,1.0
Demba Seck,2022-2023,Serie A,Torino,ATT,22.3,519,2700000.0,2517542.38913187,-182457.61086812988,-0.06996858975322695,1.0
Tuta,2021-2022,Bundesliga,Eintracht Frankfurt,DEF,22.9,2183,13000000.0,12115485.207169577,-884514.7928304225,-0.07046495387785612,1.0
Jeremie Frimpong,2022-2023,Bundesliga,Leverkusen,DEF,22.5,2708,40000000.0,37243128.67702057,-2756871.322979428,-0.07141199135056553,1.0
Etienne Youte Kinkoue,2023-2024,Ligue 1,Le Havre,DEF,22.4,1941,7000000.0,6498422.384423947,-501577.61557605304,-0.07435071170120544,1.0
Leonidas Stergiou,2023-2024,Bundesliga,Stuttgart,DEF,22.2,594,5000000.0,4641499.439200567,-358500.5607994329,-0.07440044339914564,1.0
Joey Veerman,2020-2021,Eredivisie,Heerenveen,MID,22.5,2701,8500000.0,7883598.601909749,-616401.3980902508,-0.07528168850168626,1.0
Felix Afena-Gyan,2021-2022,Serie A,Roma,ATT,19.4,668,6000000.0,5560743.093803999,-439256.906196001,-0.07602771993117763,1.0
Brandon Soppy,2022-2023,Serie A,Atalanta,MID,21.3,643,9000000.0,8330459.997467313,-669540.002532687,-0.07730590089734157,1.0
Rassoul Ndiaye,2023-2024,Ligue 1,Le Havre,MID,22.5,526,2500000.0,2310465.243593832,-189534.756406168,-0.07884182346637303,1.0
Zaydou Youssouf,2020-2021,Ligue 1,Saint-Étienne,MID,21.9,1229,5000000.0,4616948.092771728,-383051.9072282724,-0.0797040116036527,1.0
Neco Williams,2022-2023,Premier League,Nottingham Forest,DEF,22.2,1882,20000000.0,18449042.876979467,-1550957.1230205335,-0.08071978099956922,1.0
Nicolò Rovella,2021-2022,Serie A,Genoa,MID,20.5,1468,10000000.0,9207554.45159363,-792445.54840637,-0.08256080984402558,1.0
Jesper Karlsson,2020-2021,Eredivisie,AZ Alkmaar,ATT,22.8,2445,8000000.0,7361562.803973133,-638437.1960268673,-0.08316929398311679,1.0
Ignatius Ganago,2020-2021,Ligue 1,Lens,ATT,22.3,1304,8000000.0,7347988.417974815,-652011.5820251852,-0.08501495054284014,1.0
Ebrima Colley,2020-2021,Serie A,Hellas Verona,ATT,21.3,734,4000000.0,3666458.7429598123,-333541.2570401877,-0.08706808506300767,1.0
Jakub Kamiński,2023-2024,Bundesliga,Wolfsburg,ATT,22.0,473,6000000.0,5496913.941368295,-503086.0586317051,-0.08757263603542675,1.0
Nathan Zeze,2023-2024,Ligue 1,Nantes,DEF,19.0,1022,5000000.0,4574619.028289312,-425380.97171068843,-0.08891448967903237,1.0
Evann Guessand,2023-2024,Ligue 1,Nice,ATT,22.9,1553,8000000.0,7313829.437002328,-686170.5629976718,-0.08967454229534155,1.0
Arnaud Kalimuendo,2021-2022,Ligue 1,Lens,ATT,20.4,2148,18000000.0,16436213.178729508,-1563786.821270492,-0.09088473672733599,1.0
Mathias Kjølø,2022-2023,Eredivisie,Twente,MID,22.0,1004,1200000.0,1095068.9914692133,-104931.00853078673,-0.09150418960232187,1.0
Malo Gusto,2021-2022,Ligue 1,Lyon,DEF,19.0,1884,12000000.0,10915720.007626818,-1084279.9923731815,-0.09470269699358624,1.0
Tomás Araújo,2022-2023,Liga Portugal,Gil Vicente FC,DEF,21.1,1871,5000000.0,4539729.237954857,-460270.7620451432,-0.09657054137632493,1.0
Valentin Carboni,2023-2024,Serie A,Monza,MID,19.3,1169,15000000.0,13601701.089292457,-1398298.9107075427,-0.0978553360870329,1.0
Aaron Hickey,2020-2021,Serie A,Bologna,DEF,19.0,758,5000000.0,4523827.16488757,-476172.83511243016,-0.10007955895786047,1.0
Pedro Gonçalves,2020-2021,Liga Portugal,Sporting CP,ATT,22.9,2719,22000000.0,19899356.61609091,-2100643.3839090914,-0.10035505300022507,1.0
Mathys Tel,2023-2024,Bundesliga,Bayern Munich,ATT,19.1,1050,40000000.0,36172558.88493748,-3827441.11506252,-0.10057866459377252,1.0
Lucien Agoume,2021-2022,Ligue 1,Brest,MID,20.3,1868,7000000.0,6323249.802263191,-676750.197736809,-0.10167686383794461,1.0
Yan Couto,2023-2024,LaLiga,Girona,MID,22.0,2245,25000000.0,22527365.471609525,-2472634.5283904746,-0.10414501149976019,1.0
Jayden Oosterwolde,2021-2022,Eredivisie,Twente,DEF,21.1,903,1000000.0,898884.9393697676,-101115.06063023244,-0.106600240054469,1.0
Junior Mwanga,2023-2024,Ligue 1,Strasbourg,MID,21.1,1450,7000000.0,6285214.624928266,-714785.3750717342,-0.10771015884066593,1.0
Mahamadou Diawara,2023-2024,Ligue 1,Lyon,MID,19.3,358,3000000.0,2692234.708573245,-307765.291426755,-0.10824069325189178,1.0
Chris Richards,2021-2022,Bundesliga,Hoffenheim,DEF,22.2,1304,7500000.0,6676725.108218666,-823274.8917813338,-0.11627540646781043,1.0
Tiago Tomás,2023-2024,Bundesliga,Wolfsburg,ATT,22.0,1032,6000000.0,5329434.519345101,-670565.480654899,-0.11851433061016259,1.0
Tommaso Pobega,2021-2022,Serie A,Torino,MID,22.9,2240,16000000.0,14200305.122638188,-1799694.8773618117,-0.11932527035368778,1.0
Trevoh Chalobah,2021-2022,Premier League,Chelsea,DEF,22.9,1449,20000000.0,17723860.54955793,-2276139.4504420683,-0.12082048813542556,1.0
Maxim Dekker,2022-2023,Eredivisie,AZ Alkmaar,DEF,19.2,844,1500000.0,1329274.0516776803,-170725.94832231966,-0.12083214069789072,1.0
Noni Madueke,2023-2024,Premier League,Chelsea,ATT,22.2,1053,28000000.0,24809597.699971486,-3190402.300028514,-0.12097392783990557,1.0
Anthony Rouault,2023-2024,Bundesliga,Stuttgart,DEF,23.0,1010,7000000.0,6187943.218800024,-812056.7811999759,-0.1233073924046888,1.0
Tahith Chong,2020-2021,Bundesliga,Werder Bremen,ATT,21.5,386,4000000.0,3527855.768745497,-472144.23125450313,-0.1256041056858912,1.0
Bjorn Meijer,2021-2022,Eredivisie,Groningen,DEF,19.2,1587,3000000.0,2638269.339953075,-361730.66004692484,-0.12848913952681684,1.0
Adrien Truffert,2020-2021,Ligue 1,Rennes,DEF,19.5,1951,12000000.0,10539869.205696983,-1460130.7943030167,-0.1297415160784432,1.0
Joe Mendes,2023-2024,Liga Portugal,Braga,DEF,21.4,890,3000000.0,2630735.375303519,-369264.62469648104,-0.1313488711805686,1.0
Zakaria Aboukhlal,2021-2022,Eredivisie,AZ Alkmaar,ATT,22.3,815,2000000.0,1750912.8733468251,-249087.12665317487,-0.133009886719897,1.0
Matteo Ruggeri,2023-2024,Serie A,Atalanta,DEF,21.9,2449,20000000.0,17502383.291388858,-2497616.708611142,-0.13339521381791286,1.0
Jean-Victor Makengo,2020-2021,Serie A,Udinese,MID,23.0,522,3000000.0,2623446.3676588377,-376553.6323411623,-0.13412342778224762,1.0
Djevencio van der Kust,2022-2023,Eredivisie,Utrecht,DEF,21.5,578,850000.0,743185.4879357294,-106814.51206427056,-0.13429068863429805,1.0
Brajan Gruda,2023-2024,Bundesliga,Mainz 05,MID,20.0,1641,20000000.0,17450430.614009332,-2549569.385990668,-0.13636794818943443,1.0
Lindon Selahi,2020-2021,Eredivisie,Willem II,MID,22.2,465,650000.0,565703.0056101062,-84296.99438989384,-0.13890314747336063,1.0
Daan Rots,2022-2023,Eredivisie,Twente,ATT,21.9,675,700000.0,608437.9393003864,-91562.06069961365,-0.14018541746315805,1.0
Lucien Agoume,2020-2021,Serie A,Spezia,MID,19.3,800,5000000.0,4344010.914659159,-655989.0853408407,-0.14063981722294372,1.0
Pierre Kalulu,2020-2021,Serie A,Milan,DEF,21.0,727,7000000.0,6063908.385282285,-936091.6147177154,-0.14355560879732998,1.0
Roméo Lavia,2022-2023,Premier League,Southampton,MID,19.5,2221,32000000.0,27634986.949533314,-4365013.0504666865,-0.14665328975874914,1.0
Jean Lucas,2020-2021,Ligue 1,Brest,MID,23.0,1011,4500000.0,3877876.529317897,-622123.4706821032,-0.14878967921515418,1.0
Quinten Timber,2021-2022,Eredivisie,Utrecht,MID,21.0,2351,4000000.0,3443586.873293405,-556413.1267065951,-0.14978073723936092,1.0
Dion Lopy,2023-2024,LaLiga,Almería,MID,22.3,1916,10000000.0,8545637.92657625,-1454362.0734237507,-0.15716412425969928,1.0
Yan Couto,2021-2022,Liga Portugal,Braga,MID,20.0,1796,5000000.0,4271810.852028336,-728189.1479716636,-0.15740008796702298,1.0
Moussa Diaby,2021-2022,Bundesliga,Leverkusen,ATT,22.9,2760,60000000.0,51164487.93849314,-8835512.06150686,-0.15929886577620422,1.0
Mateu Morey,2020-2021,Bundesliga,Dortmund,DEF,21.3,829,7000000.0,5968002.345175438,-1031997.6548245624,-0.15949789319557972,1.0
Fares Chaïbi,2023-2024,Bundesliga,Eintracht Frankfurt,MID,21.5,1912,18000000.0,15326151.058643192,-2673848.941356808,-0.16081116903196957,1.0
Nuno Tavares,2021-2022,Premier League,Arsenal,DEF,22.4,1176,15000000.0,12769607.397013118,-2230392.6029868815,-0.1609822756953605,1.0
Destiny Udogie,2023-2024,Premier League,Tottenham Hotspur,DEF,21.5,2391,45000000.0,38270577.161839806,-6729422.838160194,-0.16198110913365937,1.0
Tommaso Baldanzi,2022-2023,Serie A,Empoli,MID,20.2,1772,15000000.0,12750972.856752712,-2249027.1432472877,-0.1624426299182531,1.0
Takefusa Kubo,2021-2022,LaLiga,Mallorca,ATT,21.0,1605,7500000.0,6346028.788320615,-1153971.211679385,-0.16707379094014563,1.0
Lucas Da Cunha,2021-2022,Ligue 1,Nice,MID,21.0,393,4000000.0,3383919.975106383,-616080.0248936168,-0.1672595676737405,1.0
Facundo Medina,2021-2022,Ligue 1,Lens,DEF,23.0,2593,11000000.0,9302487.877869315,-1697512.1221306846,-0.16761339466519587,1.0
Dean Huijsen,2023-2024,Serie A,Roma,DEF,19.1,509,10000000.0,8448201.14416696,-1551798.8558330406,-0.1686315566347325,1.0
Sebastiaan Bornauw,2020-2021,Bundesliga,Köln,DEF,22.2,2083,12000000.0,10133625.07349855,-1866374.9265014492,-0.16904754031047986,1.0
Chiquinho,2021-2022,Liga Portugal,Estoril,ATT,22.4,838,3000000.0,2533294.4905240433,-466705.5094759567,-0.16909166284935928,1.0
Orestis Kiomourtzoglou,2020-2021,Eredivisie,Heracles Almelo,MID,23.0,1516,1300000.0,1096142.2764946846,-203857.72350531537,-0.17056727004684902,1.0
Loïc Bade,2020-2021,Ligue 1,Lens,DEF,21.1,2610,12000000.0,10110338.31925199,-1889661.68074801,-0.17134815349237797,1.0
Aaron Hickey,2022-2023,Premier League,Brentford,DEF,21.0,1916,25000000.0,20949152.2673143,-4050847.7326857,-0.17677764388610484,1.0
Jurgen Ekkelenkamp,2020-2021,Eredivisie,Ajax,MID,21.1,657,3200000.0,2680345.882625213,-519654.1173747871,-0.17720496292947985,1.0
Yasser Larouci,2021-2022,Ligue 1,Troyes,DEF,21.4,341,2500000.0,2089893.2995436243,-410106.7004563757,-0.1791777200506175,1.0
Máximo Perrone,2023-2024,LaLiga,Las Palmas,MID,21.4,1623,9000000.0,7523335.672810954,-1476664.327189046,-0.1792149642120222,1.0
Jeremie Frimpong,2021-2022,Bundesliga,Leverkusen,DEF,21.5,2052,20000000.0,16699819.5522224,-3300180.447777599,-0.18033435944580134,1.0
Skelly Alvero,2023-2024,Ligue 1,Lyon,MID,22.1,426,4000000.0,3335489.28994567,-664510.7100543301,-0.18167497888680728,1.0
Jesper Lindstrøm,2021-2022,Bundesliga,Eintracht Frankfurt,ATT,22.3,1976,17000000.0,14166160.071559483,-2833839.928440517,-0.18235731708796976,1.0
Anthony Elanga,2021-2022,Premier League,Manchester Utd,ATT,20.1,1214,20000000.0,16664166.359198155,-3335833.640801845,-0.18247158649595718,1.0
Robin Roefs,2023-2024,Eredivisie,NEC Nijmegen,GK,21.4,420,600000.0,499622.8127233347,-100377.1872766653,-0.18307621603094937,1.0
Paulos Abraham,2022-2023,Eredivisie,Groningen,ATT,20.9,489,700000.0,581787.1629985495,-118212.83700145048,-0.1849756535114757,1.0
Riccardo Sottil,2020-2021,Serie A,Cagliari,ATT,22.0,1184,7000000.0,5812397.771055565,-1187602.2289444348,-0.18591696607189157,1.0
Facundo Pellistri,2023-2024,LaLiga,Granada,ATT,22.5,1232,8000000.0,6614588.120550578,-1385411.8794494215,-0.19016401051846188,1.0
Arnau Martinez,2023-2024,LaLiga,Girona,DEF,21.1,1241,10000000.0,8264655.572372718,-1735344.4276272822,-0.1905970356235578,1.0
Joshua Zirkzee,2022-2023,Serie A,Bologna,ATT,22.1,822,9000000.0,7421631.68283304,-1578368.3171669599,-0.1928256409853546,1.0
Mees Hilgers,2021-2022,Eredivisie,Twente,DEF,21.1,1822,2500000.0,2061384.741313784,-438615.2586862161,-0.19291277037967447,1.0
Matteo Lovato,2020-2021,Serie A,Hellas Verona,DEF,21.3,1386,7000000.0,5761564.695666242,-1238435.3043337576,-0.19470106268413367,1.0
Nico Williams,2022-2023,LaLiga,Athletic Club,ATT,20.9,2656,30000000.0,24653997.616311576,-5346002.383688424,-0.19625831921849723,1.0
Riccardo Sottil,2021-2022,Serie A,Fiorentina,ATT,23.0,1239,9000000.0,7388939.912031327,-1611060.0879686726,-0.1972403016467723,1.0
Luke Thomas,2022-2023,Premier League,Leicester City,DEF,22.0,1073,12000000.0,9773236.53531793,-2226763.4646820705,-0.20525896578569203,1.0
Cristhian Mosquera,2023-2024,LaLiga,Valencia,DEF,19.9,3075,30000000.0,24426107.172854643,-5573892.827145357,-0.20554485526814403,1.0
Fabian de Keijzer,2021-2022,Eredivisie,Utrecht,GK,22.1,1214,900000.0,732488.4175625505,-167511.58243744948,-0.20594723475939958,1.0
Filip Jørgensen,2023-2024,LaLiga,Villarreal,GK,22.1,3240,20000000.0,16259270.861008354,-3740729.1389916465,-0.2070690129361914,1.0
Armel Bella Kotchap,2021-2022,Bundesliga,Bochum,DEF,20.5,1768,10000000.0,8119881.63708565,-1880118.36291435,-0.20826951564029095,1.0
Thomas Buitink,2021-2022,Eredivisie,Vitesse,ATT,22.0,1150,1300000.0,1055192.8687635942,-244807.1312364058,-0.20864070025397474,1.0
Maxime Estève,2022-2023,Ligue 1,Montpellier,DEF,21.1,1646,7000000.0,5675738.7057183245,-1324261.2942816755,-0.20970942575050344,1.0
Bertuğ Yıldırım,2023-2024,Ligue 1,Rennes,ATT,21.9,469,3500000.0,2834440.3868530956,-665559.6131469044,-0.21091844520857173,1.0
Ozan Kabak,2021-2022,Premier League,Norwich City,DEF,22.2,922,10000000.0,8078827.704774287,-1921172.2952257134,-0.21333831702982664,1.0
Neil El Aynaoui,2023-2024,Ligue 1,Lens,MID,22.9,1566,8000000.0,6447849.2340939315,-1552150.7659060685,-0.21569491855812117,1.0
Alex Baena,2023-2024,LaLiga,Villarreal,ATT,22.9,2579,40000000.0,32222724.46978136,-7777275.5302186385,-0.21620752159789802,1.0
Tomás Händel,2022-2023,Liga Portugal,Vitória Guimarães,MID,22.5,433,3000000.0,2412269.1822163803,-587730.8177836197,-0.2180444147795555,1.0
Brandon Soppy,2021-2022,Serie A,Udinese,MID,20.3,777,5000000.0,4018685.4382550945,-981314.5617449055,-0.21848306869027923,1.0
Yukinari Sugawara,2022-2023,Eredivisie,AZ Alkmaar,DEF,23.0,2398,6500000.0,5219315.201255227,-1280684.7987447726,-0.21943597111187607,1.0
Timothy Weah,2021-2022,Ligue 1,Lille,MID,22.3,1616,12000000.0,9620026.644599123,-2379973.355400877,-0.22105961540537322,1.0
Rafik Guitane,2020-2021,Liga Portugal,Marítimo,ATT,22.0,1505,2500000.0,2002076.199590823,-497923.8004091771,-0.22210598997177833,1.0
Rayan Aït-Nouri,2023-2024,Premier League,Wolves,DEF,23.0,2329,35000000.0,27969345.326236095,-7030654.673763905,-0.22423896083349248,1.0
Nico Schlotterbeck,2020-2021,Bundesliga,Union Berlin,DEF,21.5,1285,7500000.0,5968041.409932172,-1531958.590067828,-0.22848421900332028,1.0
Chadi Riad,2023-2024,LaLiga,Real Betis,DEF,21.0,2164,15000000.0,11837635.323535463,-3162364.676464537,-0.23676631088889621,1.0
Keane Lewis-Potter,2022-2023,Premier League,Brentford,MID,22.3,321,12000000.0,9464026.438807936,-2535973.5611920636,-0.2374087294970586,1.0
Adrien Truffert,2021-2022,Ligue 1,Rennes,DEF,20.5,1639,12000000.0,9450808.652675824,-2549191.3473241758,-0.23880634023167246,1.0
Adam Hložek,2022-2023,Bundesliga,Leverkusen,ATT,20.9,1286,18000000.0,14117749.30472854,-3882250.6952714603,-0.24293893621834428,1.0
Youssouf Fofana,2020-2021,Ligue 1,Monaco,MID,22.4,2873,16000000.0,12546482.114812415,-3453517.885187585,-0.24314840553276085,1.0
Kristjan Asllani,2021-2022,Serie A,Empoli,MID,20.2,1353,10000000.0,7832490.611938892,-2167509.388061108,-0.24430454775395205,1.0
Curtis Jones,2022-2023,Premier League,Liverpool,MID,22.4,1035,22000000.0,17218576.228451148,-4781423.771548852,-0.2450536390516298,1.0
Erling Haaland,2020-2021,Bundesliga,Dortmund,ATT,20.9,2407,130000000.0,101507555.61579631,-28492444.384203687,-0.2474012151797318,1.0
Samuel Edozie,2022-2023,Premier League,Southampton,ATT,20.4,567,8000000.0,6232791.62506917,-1767208.3749308297,-0.24961721533298586,1.0
Benjamin Nygren,2021-2022,Eredivisie,Heerenveen,ATT,21.0,476,1000000.0,778067.9577209391,-221932.04227906093,-0.2509414093627633,1.0
Bruno Rodrigues,2020-2021,Liga Portugal,Braga,DEF,20.0,732,2000000.0,1554146.7091832,-445853.29081679997,-0.25222052561679575,1.0
Håkon Evjen,2021-2022,Eredivisie,AZ Alkmaar,MID,22.3,909,1800000.0,1386925.9023682077,-413074.0976317923,-0.2606969479465828,1.0
Mateus Fernandes,2023-2024,Liga Portugal,Estoril,MID,19.9,2233,8000000.0,6139753.145850363,-1860246.8541496368,-0.264657004587896,1.0
Daishawn Redan,2022-2023,Eredivisie,Utrecht,ATT,22.4,732,1000000.0,767212.9372878148,-232787.0627121852,-0.2649908925626274,1.0
Phil Foden,2020-2021,Premier League,Manchester City,MID,21.0,1616,80000000.0,61300669.09114569,-18699330.908854313,-0.26623587676443705,1.0
Enzo Millot,2022-2023,Bundesliga,Stuttgart,MID,20.9,890,7000000.0,5353846.81793659,-1646153.18206341,-0.26809481513660316,1.0
Andrew Omobamidele,2023-2024,Premier League,Nottingham Forest,DEF,21.9,783,11000000.0,8391328.921215223,-2608671.078784777,-0.27069637139194924,1.0
Alexis Saelemaekers,2020-2021,Serie A,Milan,MID,21.9,2016,18000000.0,13728129.128181977,-4271870.871818023,-0.2709248090043843,1.0
Óscar Mingueza,2020-2021,LaLiga,Barcelona,DEF,22.1,1901,15000000.0,11407110.141367028,-3592889.8586329725,-0.2738133435085146,1.0
Tiago Santos,2023-2024,Ligue 1,Lille,DEF,21.9,2365,15000000.0,11381676.661340157,-3618323.3386598434,-0.27604544921969776,1.0
Tiago Djaló,2021-2022,Ligue 1,Lille,DEF,22.1,2329,12000000.0,9093250.96588327,-2906749.03411673,-0.2773741635259128,1.0
Tanguy Nianzou,2021-2022,Bundesliga,Bayern Munich,DEF,20.0,582,9000000.0,6801523.257769494,-2198476.7422305057,-0.2800779817447996,1.0
Mason Mount,2020-2021,Premier League,Chelsea,MID,22.4,2890,75000000.0,56666215.80644394,-18333784.193556063,-0.2803099215426812,1.0
Dirk Proper,2023-2024,Eredivisie,NEC Nijmegen,MID,22.3,2299,6000000.0,4529252.488454082,-1470747.511545918,-0.2812025569356482,1.0
Mohammed Salisu,2020-2021,Premier League,Southampton,DEF,22.1,844,10000000.0,7547929.044781454,-2452070.955218546,-0.28131186606432657,1.0
Mitchel Bakker,2021-2022,Bundesliga,Leverkusen,MID,22.0,1822,14000000.0,10538131.220345234,-3461868.7796547655,-0.2840571057947372,1.0
Ricardo Pepi,2022-2023,Eredivisie,Groningen,ATT,20.5,2453,9000000.0,6773242.120761967,-2226757.8792380327,-0.28424470980765726,1.0
Hugo Ekitike,2021-2022,Ligue 1,Reims,ATT,19.9,1273,28000000.0,21053135.94241561,-6946864.05758439,-0.2851549852558932,1.0
Paulos Abraham,2020-2021,Eredivisie,Groningen,ATT,18.8,360,2000000.0,1503715.946547736,-496284.05345226405,-0.2852078381969019,1.0
Ansgar Knauff,2022-2023,Bundesliga,Eintracht Frankfurt,ATT,21.4,1286,8000000.0,6004312.3093418395,-1995687.6906581605,-0.2869636123823973,1.0
Martin Satriano,2021-2022,Ligue 1,Brest,ATT,21.3,932,7000000.0,5250154.1215129215,-1749845.8784870785,-0.2876527164040219,1.0
Billy Gilmour,2022-2023,Premier League,Brighton,MID,22.0,507,12000000.0,8994879.13788927,-3005120.8621107303,-0.28825121906396234,1.0
Agustín Álvarez,2022-2023,Serie A,Sassuolo,ATT,22.1,368,8000000.0,5985671.463585342,-2014328.5364146577,-0.2900730178876021,1.0
Rafael Leão,2020-2021,Serie A,Milan,ATT,22.0,1924,25000000.0,18662102.67055478,-6337897.3294452205,-0.29238095248781804,1.0
Fabio Vieira,2021-2022,Liga Portugal,Porto,MID,22.0,1329,25000000.0,18623916.683625486,-6376083.316374514,-0.294429226931765,1.0
Kelvin Yeboah,2021-2022,Serie A,Genoa,ATT,22.1,850,5000000.0,3713331.350727282,-1286668.649272718,-0.29750850051866884,1.0
Francisco Trincão,2021-2022,Premier League,Wolves,MID,22.5,1336,20000000.0,14848163.172989389,-5151836.827010611,-0.297856108010361,1.0
Nathan Collins,2022-2023,Premier League,Wolves,DEF,22.1,1814,22000000.0,16201295.777595744,-5798704.222404256,-0.3059512280473662,1.0
Guillaume Restes,2023-2024,Ligue 1,Toulouse,GK,19.2,3060,18000000.0,13207692.126703495,-4792307.873296505,-0.30957236115756004,1.0
Alex Baena,2022-2023,LaLiga,Villarreal,ATT,21.9,1947,20000000.0,14648268.880084801,-5351731.119915199,-0.3114101102548936,1.0
Christian Mawissa,2023-2024,Ligue 1,Toulouse,DEF,19.1,1118,9000000.0,6590776.386755388,-2409223.613244612,-0.3115534228999799,1.0
Facundo Medina,2020-2021,Ligue 1,Lens,DEF,22.0,2007,10000000.0,7320140.96195596,-2679859.03804404,-0.31195550810843287,1.0
Zidane Iqbal,2023-2024,Eredivisie,Utrecht,MID,21.1,513,1000000.0,731691.8608518416,-268308.13914815837,-0.3123958087677394,1.0
Bénie Traoré,2023-2024,Ligue 1,Nantes,ATT,21.5,504,4000000.0,2924792.7365377564,-1075207.2634622436,-0.3130707422500407,1.0
Slobodan Tedić,2020-2021,Eredivisie,Zwolle,ATT,21.1,917,1700000.0,1242520.305853263,-457479.694146737,-0.3134864294680195,1.0
Japhet Tanganga,2020-2021,Premier League,Tottenham Hotspur,DEF,22.2,487,8000000.0,5843231.530161884,-2156768.4698381163,-0.31415755367235043,1.0
Xavier Mbuyamba,2023-2024,Eredivisie,Volendam,DEF,22.4,603,1000000.0,729781.4194483353,-270218.5805516647,-0.3150102150896785,1.0
Mert Müldür,2020-2021,Serie A,Sassuolo,DEF,22.1,1672,9000000.0,6567844.517344486,-2432155.482655514,-0.3150388782213973,1.0
Rasmus Højlund,2023-2024,Premier League,Manchester Utd,ATT,21.3,2158,65000000.0,47424374.15086438,-17575625.849135622,-0.31525095076965926,1.0
Abde Ezzalzouli,2022-2023,LaLiga,Osasuna,ATT,21.5,1504,15000000.0,10942477.978300285,-4057522.0216997154,-0.31539792351387064,1.0
Sael Kumbedi,2023-2024,Ligue 1,Lyon,DEF,19.2,924,7000000.0,5103525.858885599,-1896474.1411144007,-0.31597850331428745,1.0
Felix Afena-Gyan,2022-2023,Serie A,Cremonese,ATT,20.4,817,5000000.0,3632458.553805234,-1367541.446194766,-0.3195282058633939,1.0
Naouirou Ahamada,2023-2024,Premier League,Crystal Palace,MID,22.2,349,8000000.0,5792394.3837312525,-2207605.6162687475,-0.3228957978006939,1.0
Paulinho,2021-2022,Bundesliga,Leverkusen,ATT,21.9,1218,11000000.0,7943077.577278132,-3056922.4227218684,-0.3255944684472265,1.0
Mexx Meerdink,2023-2024,Eredivisie,Vitesse,ATT,20.9,590,900000.0,649617.7241183044,-250382.27588169556,-0.3260106901841855,1.0
Rafael Camacho,2021-2022,Liga Portugal,B-SAD,ATT,22.0,878,2000000.0,1443149.437861248,-556850.5621387521,-0.32631934558882847,1.0
Michal Sadílek,2021-2022,Eredivisie,Twente,MID,23.0,2582,4000000.0,2882920.58870952,-1117079.4112904798,-0.32749048751536947,1.0
Enzo Millot,2023-2024,Bundesliga,Stuttgart,MID,21.9,2241,30000000.0,21591478.665451895,-8408521.334548105,-0.32889865103916804,1.0
Yunus Musah,2022-2023,LaLiga,Valencia,MID,20.5,2110,18000000.0,12953433.512672886,-5046566.487327114,-0.3290108687792497,1.0
Manuel Ugarte,2020-2021,Liga Portugal,Famalicão,MID,20.1,1512,5000000.0,3596105.8283236804,-1403894.1716763196,-0.32958636680179154,1.0
Julio Enciso,2023-2024,Premier League,Brighton,MID,20.3,475,22000000.0,15791392.17481501,-6208607.82518499,-0.33157746084466666,1.0
Reece James,2020-2021,Premier League,Chelsea,DEF,21.5,2373,40000000.0,28664773.616543874,-11335226.383456126,-0.33321048534124387,1.0
Arnaud Kalimuendo,2023-2024,Ligue 1,Rennes,ATT,22.4,2139,20000000.0,14316461.0108757,-5683538.9891243,-0.33432227867668374,1.0
Tom Lacoux,2023-2024,Liga Portugal,Famalicão,MID,22.4,364,1500000.0,1073173.550260137,-426826.44973986293,-0.33484491451889653,1.0
Manfred Ugalde,2023-2024,Eredivisie,Twente,ATT,22.0,1372,7500000.0,5358187.50959514,-2141812.49040486,-0.3362772538404979,1.0
Sinaly Diomande,2022-2023,Ligue 1,Lyon,DEF,22.2,1957,9000000.0,6418955.78754445,-2581044.21245555,-0.3379691227784747,1.0
Nikolai Baden Frederiksen,2021-2022,Eredivisie,Vitesse,ATT,22.1,1304,3500000.0,2490486.0749421166,-1009513.9250578834,-0.34028506624977695,1.0
Habib Diarra,2023-2024,Ligue 1,Strasbourg,MID,20.4,2305,18000000.0,12796247.259845154,-5203752.740154846,-0.34121981278167723,1.0
Leonardo Balerdi,2020-2021,Ligue 1,Marseille,DEF,22.4,1634,8000000.0,5682114.89582315,-2317885.10417685,-0.34211803743447966,1.0
David Møller Wolfe,2023-2024,Eredivisie,AZ Alkmaar,DEF,22.1,2374,4500000.0,3195849.7123823026,-1304150.2876176974,-0.3422243936379985,1.0
Benjamin Šeško,2023-2024,Bundesliga,RB Leipzig,ATT,21.0,1526,50000000.0,35496409.95853507,-14503590.041464932,-0.34259144198913916,1.0
Mohamed Ali Cho,2022-2023,LaLiga,Real Sociedad,ATT,19.4,587,12000000.0,8518751.863385463,-3481248.136614537,-0.34263681458601347,1.0
Jarell Quansah,2023-2024,Premier League,Liverpool,DEF,21.3,1190,22000000.0,15617297.307349093,-6382702.692650907,-0.34266335161631645,1.0
Maxime Estève,2023-2024,Ligue 1,Montpellier,DEF,22.0,995,7000000.0,4963118.753320477,-2036881.246679523,-0.34387582500698066,1.0
Myron van Brederode,2022-2023,Eredivisie,AZ Alkmaar,ATT,20.0,1198,3000000.0,2113983.3883271976,-886016.6116728024,-0.35003825918509257,1.0
Diogo Queirós,2020-2021,Liga Portugal,Famalicão,DEF,22.4,1463,3000000.0,2108096.6705851504,-891903.3294148496,-0.3528268001291206,1.0
Pape Gueye,2020-2021,Ligue 1,Marseille,MID,22.4,2058,10000000.0,6984218.687668945,-3015781.3123310553,-0.3589319622796019,1.0
Matteo Lovato,2021-2022,Serie A,Cagliari,DEF,22.3,1238,7000000.0,4887504.153947435,-2112495.8460525647,-0.3592283738316713,1.0
Dario Essugo,2023-2024,Liga Portugal,Chaves,MID,19.2,1162,3500000.0,2443514.3093690085,-1056485.6906309915,-0.3593256746890834,1.0
Nathanael Mbuku,2021-2022,Ligue 1,Reims,ATT,20.2,1418,8000000.0,5584377.098017035,-2415622.901982965,-0.3594686466200976,1.0
Han-Noah Massengo,2022-2023,Ligue 1,Auxerre,MID,22.0,1116,5000000.0,3484960.887636357,-1515039.112363643,-0.36098109134446155,1.0
Valentin Mihaila,2020-2021,Serie A,Parma,ATT,21.3,698,8500000.0,5918232.458399056,-2581767.5416009435,-0.3620283303979921,1.0
Josh Doig,2023-2024,Serie A,Hellas Verona,DEF,22.1,830,6000000.0,4177321.4502431587,-1822678.5497568413,-0.36208922946958033,1.0
Ryan Sessegnon,2021-2022,Premier League,Tottenham Hotspur,DEF,22.1,1047,18000000.0,12517595.039780024,-5482404.960219976,-0.3632365001501974,1.0
Jean-Clair Todibo,2021-2022,Ligue 1,Nice,DEF,22.4,3115,20000000.0,13897394.65332073,-6102605.34667927,-0.3640308859983783,1.0
Yannik Keitel,2021-2022,Bundesliga,Freiburg,MID,22.3,504,4000000.0,2778154.327976112,-1221845.6720238882,-0.36450756470367374,1.0
Tetê,2021-2022,Ligue 1,Lyon,ATT,22.3,583,22000000.0,15229498.3737167,-6770501.626283299,-0.3678082237161462,1.0
Thomas Buitink,2022-2023,Eredivisie,Fortuna Sittard,ATT,23.0,372,650000.0,449509.7514564516,-200490.2485435484,-0.3688148152056403,1.0
Amad Diallo,2023-2024,Premier League,Manchester Utd,ATT,21.9,390,18000000.0,12443175.228856856,-5556824.771143144,-0.36919945967696677,1.0
Rodrigo Gomes,2022-2023,Liga Portugal,Braga,MID,19.9,341,3000000.0,2071296.5416888364,-928703.4583111636,-0.3704375288233237,1.0
Moussa Diaby,2020-2021,Bundesliga,Leverkusen,ATT,21.9,2388,38000000.0,26167253.177822717,-11832746.822177283,-0.3730774094182472,1.0
Myron van Brederode,2023-2024,Eredivisie,AZ Alkmaar,ATT,20.9,1311,3500000.0,2405929.9366256464,-1094070.0633743536,-0.3748264716388512,1.0
Yukinari Sugawara,2020-2021,Eredivisie,AZ Alkmaar,DEF,20.9,1650,3000000.0,2060046.3988319046,-939953.6011680954,-0.3758837824154675,1.0
Serdar Saatçı,2023-2024,Liga Portugal,Braga,DEF,21.3,1494,5000000.0,3426404.4318546737,-1573595.5681453263,-0.37792647167245264,1.0
Badredine Bouanani,2023-2024,Ligue 1,Lorient,ATT,19.5,443,5000000.0,3423441.505199399,-1576558.4948006012,-0.37879157925802254,1.0
Riccardo Calafiori,2023-2024,Serie A,Bologna,DEF,22.0,2349,30000000.0,20482153.179589923,-9517846.820410077,-0.38164345129505506,1.0
Ilias Akhomach,2023-2024,LaLiga,Villarreal,ATT,20.1,1511,15000000.0,10229259.578033196,-4770740.421966804,-0.3827980012719152,1.0
Marcos Antônio,2022-2023,Serie A,Lazio,MID,23.0,594,8000000.0,5455228.1404162245,-2544771.8595837755,-0.3828671010115414,1.0
Chris Richards,2020-2021,Bundesliga,Hoffenheim,DEF,21.2,944,7500000.0,5112804.758789709,-2387195.241210291,-0.3831548904287665,1.0
Myziane Maolida,2020-2021,Ligue 1,Nice,ATT,22.3,1077,7000000.0,4760870.67986155,-2239129.32013845,-0.3854795816017642,1.0
Eric García,2022-2023,LaLiga,Barcelona,DEF,22.4,1417,10000000.0,6795462.268400381,-3204537.7315996187,-0.38633001703525416,1.0
Castello Lukeba,2022-2023,Ligue 1,Lyon,DEF,20.5,2986,25000000.0,16960956.689970445,-8039043.310029555,-0.387961787488603,1.0
Jeanuël Belocian,2023-2024,Ligue 1,Rennes,DEF,19.3,1448,10000000.0,6784306.611807083,-3215693.388192917,-0.3879729992098646,1.0
Florian Wirtz,2020-2021,Bundesliga,Leverkusen,MID,18.1,2224,45000000.0,30441714.042938523,-14558285.957061477,-0.39084864946138254,1.0
James Garner,2022-2023,Premier League,Everton,MID,22.3,804,14000000.0,9455639.699590523,-4544360.300409477,-0.392445972512629,1.0
Dango Ouattara,2023-2024,Premier League,Bournemouth,ATT,22.3,1229,20000000.0,13474865.851089977,-6525134.148910023,-0.3949061122006938,1.0
Ebrima Colley,2021-2022,Serie A,Spezia,ATT,22.3,394,3200000.0,2154915.881276926,-1045084.118723074,-0.3953991212220682,1.0
Khéphren Thuram,2020-2021,Ligue 1,Nice,MID,20.2,1494,9000000.0,6054026.726004332,-2945973.2739956677,-0.39650095214380343,1.0
Xavi Simons,2023-2024,Bundesliga,RB Leipzig,MID,21.1,2653,80000000.0,53715232.12723613,-26284767.872763872,-0.3983300211044849,1.0
Cole Palmer,2022-2023,Premier League,Manchester City,MID,21.1,370,15000000.0,10059117.679528162,-4940882.320471838,-0.39957074608930654,1.0
Rafael Camacho,2020-2021,Liga Portugal,Rio Ave,ATT,21.0,664,3500000.0,2342643.977479708,-1157356.022520292,-0.40148277208201044,1.0
Ibrahima Bamba,2022-2023,Liga Portugal,Vitória Guimarães,DEF,21.1,2324,7000000.0,4680801.355418332,-2319198.644581668,-0.402440823993663,1.0
Marco Carnesecchi,2022-2023,Serie A,Cremonese,GK,23.0,2430,13000000.0,8678741.304981252,-4321258.695018748,-0.4040728502512412,1.0
Florian Wirtz,2021-2022,Bundesliga,Leverkusen,MID,19.1,1851,70000000.0,46701095.287697576,-23298904.712302424,-0.4047276239515192,1.0
Nicola Zalewski,2022-2023,Serie A,Roma,MID,21.4,2197,20000000.0,13327350.467294699,-6672649.532705301,-0.405913923763741,1.0
Justin Hoogma,2020-2021,Eredivisie,Utrecht,DEF,22.9,1345,2000000.0,1332516.7619360408,-667483.2380639592,-0.4060777242670994,1.0
Sofiane Diop,2020-2021,Ligue 1,Monaco,ATT,21.0,2023,16000000.0,10631051.730404202,-5368948.269595798,-0.40880959494908353,1.0
Adam Wharton,2023-2024,Premier League,Crystal Palace,MID,20.3,1297,30000000.0,19865761.12863959,-10134238.87136041,-0.41219967807096936,1.0
Oscar Bobb,2023-2024,Premier League,Manchester City,ATT,20.9,302,25000000.0,16554152.396673357,-8445847.603326643,-0.4122388544141877,1.0
Hugo Ekitike,2023-2024,Bundesliga,Eintracht Frankfurt,ATT,21.9,716,20000000.0,13227782.789394137,-6772217.2106058635,-0.41341289908679,1.0
Gabriel Martinelli,2020-2021,Premier League,Arsenal,ATT,20.0,589,22000000.0,14512201.119250553,-7487798.880749447,-0.41605270125779725,1.0
Amine Adli,2021-2022,Bundesliga,Leverkusen,ATT,22.1,1256,12000000.0,7897497.295041656,-4102502.704958344,-0.41836073860213574,1.0
Bruno Rodrigues,2021-2022,Liga Portugal,Braga,DEF,21.0,580,2000000.0,1314722.2858860698,-685277.7141139302,-0.41952172667409826,1.0
Rhian Brewster,2020-2021,Premier League,Sheffield United,ATT,21.2,1128,12000000.0,7848764.84732067,-4151235.1526793297,-0.4245504746639561,1.0
Amine Gouiri,2021-2022,Ligue 1,Nice,ATT,22.3,2754,42000000.0,27401732.5592049,-14598267.440795101,-0.42706337480063894,1.0
Micky van de Ven,2022-2023,Bundesliga,Wolfsburg,DEF,22.2,2970,30000000.0,19526753.65121233,-10473246.34878767,-0.42941187428650096,1.0
Chrislain Matsima,2023-2024,Ligue 1,Clermont Foot,DEF,22.1,1180,7000000.0,4547226.331540507,-2452773.6684594927,-0.43139269943615766,1.0
Rúben Vinagre,2020-2021,Liga Portugal,Famalicão,MID,22.1,1640,5000000.0,3246637.04682529,-1753362.9531747098,-0.4318182066438112,1.0
Tijjani Reijnders,2020-2021,Eredivisie,AZ Alkmaar,MID,22.8,734,1000000.0,648133.0018076616,-351866.9981923384,-0.43365935398751887,1.0
Dango Ouattara,2022-2023,Premier League,Bournemouth,ATT,21.4,1241,25000000.0,16201611.345144395,-8798388.654855605,-0.43376512182659965,1.0
Vinicius Júnior,2021-2022,LaLiga,Real Madrid,ATT,21.9,2690,100000000.0,64661313.37287581,-35338686.62712419,-0.43600710191324055,1.0
Lucien Agoume,2023-2024,LaLiga,Sevilla,MID,22.3,777,6000000.0,3878916.324939729,-2121083.675060271,-0.4362036522996853,1.0
Jonathan Burkardt,2022-2023,Bundesliga,Mainz 05,ATT,22.9,533,10000000.0,6464561.994170015,-3535438.0058299853,-0.4362498333871123,1.0
Piero Hincapié,2021-2022,Bundesliga,Leverkusen,DEF,20.4,1754,17000000.0,10973476.358116347,-6026523.641883653,-0.43773222315018145,1.0
Anis Hadj Moussa,2023-2024,Eredivisie,Vitesse,ATT,22.3,850,2000000.0,1290696.1004456964,-709303.8995543036,-0.4379654949763676,1.0
Lesley Ugochukwu,2022-2023,Ligue 1,Rennes,MID,19.3,1330,9000000.0,5807274.668712286,-3192725.3312877137,-0.4381131924760737,1.0
Moussa Djenepo,2020-2021,Premier League,Southampton,ATT,23.0,1240,13000000.0,8371790.497131043,-4628209.502868957,-0.4400815774227329,1.0
Abakar Sylla,2023-2024,Ligue 1,Strasbourg,DEF,21.4,1792,12000000.0,7721095.570609224,-4278904.429390776,-0.44095038252870467,1.0
Kobbie Mainoo,2023-2024,Premier League,Manchester Utd,MID,19.1,1924,50000000.0,32156740.101955958,-17843259.898044042,-0.44140093124408963,1.0
Erling Haaland,2021-2022,Bundesliga,Dortmund,ATT,21.9,1911,150000000.0,96429348.11924733,-53570651.88075267,-0.4418246977415059,1.0
Mohamed Ali Cho,2021-2022,Ligue 1,Angers,ATT,18.4,1837,15000000.0,9629722.097702157,-5370277.902297843,-0.4431958336834292,1.0
Ryan Sessegnon,2020-2021,Bundesliga,Hoffenheim,DEF,21.1,1574,18000000.0,11554099.557621738,-6445900.442378262,-0.44333144385085177,1.0
Manu Koné,2021-2022,Bundesliga,Gladbach,MID,21.1,2183,18000000.0,11523466.339122614,-6476533.660877386,-0.44598625039570905,1.0
Mitchel Bakker,2020-2021,Ligue 1,Paris Saint-Germain,MID,21.0,1694,10000000.0,6386540.689212699,-3613459.3107873006,-0.44839233438506376,1.0
Tom Davies,2020-2021,Premier League,Everton,MID,22.9,1423,18000000.0,11439990.877214428,-6560009.122785572,-0.45325656939112235,1.0
Phil Foden,2021-2022,Premier League,Manchester City,MID,22.0,2128,90000000.0,57134827.73943545,-32865172.26056455,-0.4543957967105712,1.0
Youssoufa Moukoko,2023-2024,Bundesliga,Dortmund,ATT,19.5,625,22000000.0,13932104.64041523,-8067895.359584769,-0.45684659008638207,1.0
Tuta,2020-2021,Bundesliga,Eintracht Frankfurt,DEF,21.9,1459,9000000.0,5696525.450540496,-3303474.549459504,-0.4573681584397047,1.0
Mounir Chouiar,2020-2021,Ligue 1,Dijon,ATT,22.4,1288,6000000.0,3789901.3613739745,-2210098.6386260255,-0.4594194764951016,1.0
Diego Lainez,2020-2021,LaLiga,Real Betis,ATT,21.0,862,8000000.0,5051612.078084137,-2948387.9219158627,-0.4597341259505132,1.0
Eliot Matazo,2022-2023,Ligue 1,Monaco,MID,21.4,1175,7000000.0,4419116.624136655,-2580883.3758633453,-0.45997033173274815,1.0
Lautaro Valenti,2020-2021,Serie A,Parma,DEF,22.4,499,4500000.0,2839090.6000628844,-1660909.3999371156,-0.46059360712719055,1.0
Fran Beltrán,2020-2021,LaLiga,Celta Vigo,MID,22.3,1399,12000000.0,7564793.639957585,-4435206.360042415,-0.4614015811804695,1.0
Giacomo Raspadori,2020-2021,Serie A,Sassuolo,ATT,21.3,1232,15000000.0,9454928.162422152,-5545071.837577848,-0.4615140968607214,1.0
Jakub Moder,2020-2021,Premier League,Brighton,MID,22.1,647,10000000.0,6297997.589781087,-3702002.410218913,-0.46235335301120806,1.0
Wouter Goes,2022-2023,Eredivisie,AZ Alkmaar,DEF,19.0,657,2000000.0,1258179.2843393267,-741820.7156606733,-0.4634815170629736,1.0
Josh Maja,2020-2021,Ligue 1,Bordeaux,ATT,22.4,804,5000000.0,3142262.6483747945,-1857737.3516252055,-0.46449478335889616,1.0
Harvey Elliott,2022-2023,Premier League,Liverpool,MID,20.2,1613,35000000.0,21980180.5119899,-13019819.488010101,-0.46520689999125153,1.0
Sael Kumbedi,2022-2023,Ligue 1,Lyon,DEF,18.3,1320,12000000.0,7521512.270858577,-4478487.729141423,-0.4671394321959017,1.0
Mikkel Damsgaard,2022-2023,Premier League,Brentford,MID,23.0,988,13000000.0,8101744.993502982,-4898255.006497018,-0.4728698876884678,1.0
Zakaria Aboukhlal,2020-2021,Eredivisie,AZ Alkmaar,ATT,21.2,742,2500000.0,1556607.4634328429,-943392.5365671571,-0.47378198164068586,1.0
Christos Tzolis,2021-2022,Premier League,Norwich City,ATT,20.4,336,8000000.0,4956920.8374718,-3043079.1625282,-0.4786567926152365,1.0
Konrad De La Fuente,2021-2022,Ligue 1,Marseille,ATT,20.9,785,6000000.0,3708640.3669677065,-2291359.6330322935,-0.48109413768442977,1.0
Luiz Henrique,2022-2023,LaLiga,Real Betis,ATT,22.4,1807,15000000.0,9252121.528698837,-5747878.471301163,-0.4831973214216596,1.0
Chrislain Matsima,2022-2023,Ligue 1,Monaco,DEF,21.1,446,6000000.0,3692793.587241,-2307206.412759,-0.48537622789532975,1.0
Khéphren Thuram,2021-2022,Ligue 1,Nice,MID,21.2,1901,17000000.0,10393995.392443893,-6606004.6075561065,-0.49198507076004816,1.0
Ryan Flamingo,2023-2024,Eredivisie,Utrecht,DEF,21.4,2759,7000000.0,4279143.467832549,-2720856.5321674515,-0.49215728382734447,1.0
Anton Gaaei,2023-2024,Eredivisie,Ajax,DEF,21.5,1164,3000000.0,1832286.3184555965,-1167713.6815444035,-0.49304774726117806,1.0
Benjamin Tahirovic,2023-2024,Eredivisie,Ajax,MID,21.2,1667,5000000.0,3052408.645667288,-1947591.354332712,-0.49350691358854526,1.0
Tiago Tomás,2020-2021,Liga Portugal,Sporting CP,ATT,18.9,1504,6000000.0,3657878.930972631,-2342121.069027369,-0.49487601686215044,1.0
Aurélien Tchouaméni,2020-2021,Ligue 1,Monaco,MID,21.4,3063,30000000.0,18254494.983394064,-11745505.016605936,-0.4967860315006831,1.0
Ander Barrenetxea,2021-2022,LaLiga,Real Sociedad,ATT,20.4,547,9000000.0,5471308.768191127,-3528691.231808873,-0.49770672659771265,1.0
Lucien Agoume,2022-2023,Ligue 1,Troyes,MID,21.4,1094,7000000.0,4253520.307724554,-2746479.692275446,-0.49816320127660063,1.0
Giorgio Scalvini,2021-2022,Serie A,Atalanta,DEF,18.5,763,10000000.0,6062608.174533686,-3937391.8254663143,-0.5004449936675819,1.0
Ismael Saibari,2022-2023,Eredivisie,PSV,MID,22.4,417,2300000.0,1393751.573316002,-906248.426683998,-0.5009100378728562,1.0
Ismaël Doukouré,2023-2024,Ligue 1,Strasbourg,DEF,20.9,1656,10000000.0,6050937.6797213275,-3949062.3202786725,-0.5023718445770644,1.0
Jeremy Doku,2023-2024,Premier League,Manchester City,ATT,22.0,1595,65000000.0,39293864.97345874,-25706135.026541263,-0.5033188707520502,1.0
Pedrinho,2020-2021,Liga Portugal,Benfica,ATT,21.5,474,1500000.0,906719.6005998984,-593280.3994001016,-0.5033871351579968,1.0
Rome-Jayden Owusu-Oduro,2023-2024,Eredivisie,AZ Alkmaar,GK,19.9,360,900000.0,543776.6309549338,-356223.3690450662,-0.503856205651882,1.0
Kiliann Sildillia,2023-2024,Bundesliga,Freiburg,DEF,22.0,1806,15000000.0,9050520.108827803,-5949479.891172197,-0.5052279744530388,1.0
Carlos Baleba,2023-2024,Premier League,Brighton,MID,20.4,1325,22000000.0,13262321.46782592,-8737678.53217408,-0.5061154109357062,1.0
Tiago Djaló,2020-2021,Ligue 1,Lille,DEF,21.2,873,5000000.0,3005900.644844651,-1994099.3551553488,-0.508860673930112,1.0
Joshua Zirkzee,2023-2024,Serie A,Bologna,ATT,23.0,2759,50000000.0,30033882.00791526,-19966117.99208474,-0.5096968607948327,1.0
Diogo Dalot,2020-2021,Serie A,Milan,DEF,22.2,1090,10000000.0,6002861.303404074,-3997138.696595926,-0.5103488535383018,1.0
Jamal Musiala,2022-2023,Bundesliga,Bayern Munich,MID,20.3,2198,110000000.0,65830706.91754619,-44169293.08245381,-0.5133939658385209,1.0
Luis Henrique,2021-2022,Ligue 1,Marseille,MID,20.5,699,6000000.0,3573143.278041596,-2426856.721958404,-0.5183137907832194,1.0
Kamaldeen Sulemana,2022-2023,Premier League,Southampton,ATT,21.3,966,22000000.0,13089455.873528892,-8910544.126471108,-0.5192354424037013,1.0
Taylor Booth,2023-2024,Eredivisie,Utrecht,ATT,23.0,867,3000000.0,1774616.9970867664,-1225383.0029132336,-0.5250276653129298,1.0
Alexis Saelemaekers,2021-2022,Serie A,Milan,MID,22.9,1865,17000000.0,10046418.433905276,-6953581.566094724,-0.5259971478034906,1.0
Maarten Paes,2020-2021,Eredivisie,Utrecht,GK,23.0,720,800000.0,471440.9163054538,-328559.0836945462,-0.5288179435090417,1.0
Yunus Musah,2020-2021,LaLiga,Valencia,MID,18.5,1530,15000000.0,8832683.014821267,-6167316.985178733,-0.5295913804519294,1.0
Fermin López,2023-2024,LaLiga,Barcelona,MID,21.1,1446,30000000.0,17636214.802301265,-12363785.197698735,-0.5312429344775786,1.0
Sofiane Diop,2021-2022,Ligue 1,Monaco,ATT,22.0,1948,20000000.0,11756595.525910392,-8243404.474089608,-0.531317869091648,1.0
Matheus Cunha,2020-2021,Bundesliga,Hertha BSC,ATT,22.0,2149,30000000.0,17624577.433202595,-12375422.566797405,-0.5319030086723657,1.0
Arnaud Kalimuendo,2022-2023,Ligue 1,Rennes,ATT,21.4,1849,22000000.0,12921807.715111945,-9078192.284888055,-0.5321260487608583,1.0
Darwin Núñez,2021-2022,Liga Portugal,Benfica,ATT,22.9,1976,55000000.0,32116759.59006299,-22883240.40993701,-0.5379551857367737,1.0
Can Bozdogan,2022-2023,Eredivisie,Utrecht,MID,22.2,1560,4500000.0,2627349.6349901757,-1872650.3650098243,-0.5381018020510684,1.0
Malik Tillman,2023-2024,Eredivisie,PSV,MID,22.0,1594,20000000.0,11660187.792858794,-8339812.207141206,-0.5395519870273091,1.0
Vanderson,2022-2023,Ligue 1,Monaco,DEF,22.0,2214,20000000.0,11658480.546307702,-8341519.453692298,-0.5396984144758505,1.0
Ferrán Torres,2020-2021,Premier League,Manchester City,ATT,21.3,1306,50000000.0,29078135.19015927,-20921864.80984073,-0.5420364817049013,1.0
Maxence Lacroix,2021-2022,Bundesliga,Wolfsburg,DEF,22.2,2491,20000000.0,11618092.51321034,-8381907.4867896605,-0.5431686910948557,1.0
Wesley Fofana,2020-2021,Premier League,Leicester City,DEF,20.5,2262,40000000.0,23088397.798577707,-16911602.201422293,-0.5495492225627245,1.0
Nico Schlotterbeck,2021-2022,Bundesliga,Freiburg,DEF,22.5,2785,33000000.0,18955545.067464,-14044454.932535999,-0.5544110570443586,1.0
Justin Kluivert,2020-2021,Bundesliga,RB Leipzig,MID,22.1,813,14000000.0,8041177.684073939,-5958822.315926061,-0.5544817790326064,1.0
Issa Kaboré,2022-2023,Ligue 1,Marseille,DEF,22.1,1028,7000000.0,4016353.925069795,-2983646.074930205,-0.5555356417965562,1.0
Domagoj Bradarić,2021-2022,Ligue 1,Lille,DEF,22.5,417,3500000.0,2008125.5220919072,-1491874.4779080928,-0.5555612576176703,1.0
Andy Diouf,2023-2024,Ligue 1,Lens,MID,21.0,1314,9000000.0,5159293.28465978,-3840706.7153402204,-0.5564249675599218,1.0
Nicolò Rovella,2022-2023,Serie A,Monza,MID,21.5,1740,18000000.0,10293057.483798921,-7706942.516201079,-0.5589021206205267,1.0
Sven Botman,2020-2021,Ligue 1,Lille,DEF,21.4,3309,28000000.0,16007175.086099641,-11992824.913900359,-0.5591674455746549,1.0
Matheus Cunha,2021-2022,LaLiga,Atlético Madrid,ATT,23.0,1063,30000000.0,17124983.526391797,-12875016.473608203,-0.5606589594768501,1.0
Dango Ouattara,2022-2023,Ligue 1,Lorient,ATT,21.4,1548,25000000.0,14212302.137122212,-10787697.862877788,-0.5647678876388724,1.0
Marcus Pedersen,2021-2022,Eredivisie,Feyenoord,DEF,21.9,1984,4500000.0,2553530.876127583,-1946469.123872417,-0.5666003380549256,1.0
Etienne Green,2020-2021,Ligue 1,Saint-Étienne,GK,20.9,720,3500000.0,1980903.0702080117,-1519096.9297919883,-0.569210131704466,1.0
Kenneth Taylor,2021-2022,Eredivisie,Ajax,MID,20.1,581,4500000.0,2539127.0496830544,-1960872.9503169456,-0.5722570560449007,1.0
Jonathan David,2020-2021,Ligue 1,Lille,ATT,21.4,2354,35000000.0,19634932.459543534,-15365067.540456466,-0.5780378132645154,1.0
Hugo Guillamón,2021-2022,LaLiga,Valencia,MID,22.3,2361,20000000.0,11219072.739199556,-8780927.260800444,-0.5781170204397093,1.0
Benoît Badiashile,2020-2021,Ligue 1,Monaco,DEF,20.2,2870,28000000.0,15670052.260767125,-12329947.739232875,-0.5804531187287836,1.0
Sinaly Diomande,2020-2021,Ligue 1,Lyon,DEF,20.2,1133,7000000.0,3916019.5907254266,-3083980.4092745734,-0.5808344216606898,1.0
Michael Kayode,2023-2024,Serie A,Fiorentina,DEF,19.9,2058,25000000.0,13972159.304700717,-11027840.695299283,-0.5818090962780005,1.0
Levi Colwill,2022-2023,Premier League,Brighton,DEF,20.3,1220,30000000.0,16758365.646956036,-13241634.353043964,-0.5822998064612115,1.0
Rodrigo Gomes,2021-2022,Liga Portugal,Braga,MID,18.9,738,3000000.0,1674605.391600679,-1325394.608399321,-0.583034738250154,1.0
Brian Brobbey,2022-2023,Eredivisie,Ajax,ATT,21.4,1650,12000000.0,6684007.371342315,-5315992.628657685,-0.585188936221483,1.0
Arne Maier,2020-2021,Bundesliga,Arminia,MID,22.4,1034,7000000.0,3890763.3982566847,-3109236.6017433153,-0.5873047643402725,1.0
Edoardo Bove,2022-2023,Serie A,Roma,MID,21.1,992,10000000.0,5554097.288603646,-4445902.711396354,-0.5880491874094815,1.0
Rafael Leão,2021-2022,Serie A,Milan,ATT,23.0,2605,70000000.0,38690298.89480418,-31309701.10519582,-0.5929063479906027,1.0
Carlos Baleba,2022-2023,Ligue 1,Lille,MID,19.5,478,5000000.0,2763534.544187727,-2236465.455812273,-0.5929274200626509,1.0
Tomás Händel,2021-2022,Liga Portugal,Vitória Guimarães,MID,21.5,1036,3000000.0,1654210.1966107986,-1345789.8033892014,-0.5952886163376885,1.0
Arijanet Muric,2020-2021,Eredivisie,Willem II,GK,22.5,1260,1300000.0,715060.2067225106,-584939.7932774894,-0.597752799094371,1.0
Osame Sahraoui,2023-2024,Eredivisie,Heerenveen,ATT,23.0,2469,8500000.0,4672152.99880692,-3827847.00119308,-0.5984461704742472,1.0
Neraysho Kasanwirjo,2022-2023,Eredivisie,Groningen,DEF,21.3,1229,2500000.0,1373677.4059760734,-1126322.5940239266,-0.5987993502282247,1.0
Curtis Jones,2020-2021,Premier League,Liverpool,MID,20.4,1179,30000000.0,16481751.996763224,-13518248.003236776,-0.5989435523481816,1.0
Khvicha Kvaratskhelia,2022-2023,Serie A,Napoli,ATT,22.3,2518,85000000.0,46526996.17061861,-38473003.82938139,-0.6026185495493941,1.0
Francisco Trincão,2020-2021,LaLiga,Barcelona,MID,21.4,706,22000000.0,12040514.98732141,-9959485.01267859,-0.602765241359041,1.0
Marouan Azarkan,2023-2024,Eredivisie,Utrecht,ATT,22.5,794,1500000.0,819868.7813597906,-680131.2186402094,-0.6040760823689695,1.0
Maghnes Akliouche,2023-2024,Ligue 1,Monaco,ATT,22.3,1613,25000000.0,13580375.433533398,-11419624.566466602,-0.6102500570569553,1.0
Nico Williams,2023-2024,LaLiga,Athletic Club,ATT,21.9,2263,60000000.0,32522989.835465916,-27477010.164534084,-0.6123973434086025,1.0
Maxence Lacroix,2020-2021,Bundesliga,Wolfsburg,DEF,21.2,2590,28000000.0,15159905.891599441,-12840094.108400559,-0.6135503376583848,1.0
Vitaliy Mykolenko,2021-2022,Premier League,Everton,DEF,23.0,1055,18000000.0,9745301.179563995,-8254698.820436005,-0.6135865193532695,1.0
Bryan Gil,2020-2021,LaLiga,Eibar,ATT,20.3,2265,30000000.0,16054296.572706386,-13945703.427293614,-0.6252208686771326,1.0
Ibrahima Diallo,2020-2021,Premier League,Southampton,MID,22.3,1020,15000000.0,8020957.831569048,-6979042.168430952,-0.6259923559848204,1.0
Adolfo Gaich,2020-2021,Serie A,Benevento,ATT,22.3,768,8000000.0,4270402.840733947,-3729597.159266053,-0.6277333767969786,1.0
Mohamed Ali Cho,2023-2024,Ligue 1,Nice,ATT,20.4,861,10000000.0,5330853.605592128,-4669146.394407872,-0.62907371649613,1.0
Metinho,2023-2024,Eredivisie,Sparta Rotterdam,MID,21.1,1268,3500000.0,1865210.540264476,-1634789.459735524,-0.6293890315489712,1.0
Declan Rice,2020-2021,Premier League,West Ham United,MID,22.4,2879,65000000.0,34617117.42893319,-30382882.57106681,-0.6300389867876497,1.0
Valentín Barco,2023-2024,Premier League,Brighton,MID,19.8,307,13000000.0,6885993.680887539,-6114006.319112461,-0.635459910220975,1.0
William Saliba,2021-2022,Ligue 1,Marseille,DEF,21.2,3240,30000000.0,15868386.39408743,-14131613.60591257,-0.6368685287842659,1.0
Eliesse Ben Seghir,2023-2024,Ligue 1,Monaco,ATT,19.3,428,15000000.0,7931860.042336414,-7068139.957663586,-0.6371626352881243,1.0
Adrien Truffert,2023-2024,Ligue 1,Rennes,DEF,22.5,2145,18000000.0,9506065.829780798,-8493934.170219202,-0.638441654651448,1.0
Edoardo Bove,2023-2024,Serie A,Roma,MID,22.1,1780,18000000.0,9446728.659687916,-8553271.340312084,-0.6447032499004166,1.0
Abel Ruiz,2020-2021,Liga Portugal,Braga,ATT,21.3,1284,7000000.0,3672444.7185001695,-3327555.2814998305,-0.6450525729277174,1.0
Eric García,2021-2022,LaLiga,Barcelona,DEF,21.4,2039,18000000.0,9410588.262457691,-8589411.737542309,-0.6485362916452146,1.0
Rayan Aït-Nouri,2022-2023,Premier League,Wolves,DEF,22.0,1076,22000000.0,11487007.200239507,-10512992.799760493,-0.6498258653788866,1.0
Flavius Daniliuc,2021-2022,Ligue 1,Nice,DEF,21.1,1293,8000000.0,4147714.683027008,-3852285.316972992,-0.6568840379051526,1.0
Jeremy Doku,2020-2021,Ligue 1,Rennes,ATT,19.0,2313,22000000.0,11380514.806973476,-10619485.193026524,-0.659139787812201,1.0
Álvaro Carreras,2023-2024,LaLiga,Granada,DEF,21.2,475,7000000.0,3608058.250414023,-3391941.749585977,-0.6627404021920178,1.0
Sebastian Walukiewicz,2021-2022,Serie A,Cagliari,DEF,22.2,302,5000000.0,2575416.0678582964,-2424583.9321417036,-0.6634268116202087,1.0
Ferrán Torres,2021-2022,Premier League,Manchester City,ATT,22.3,303,45000000.0,23171019.689149044,-21828980.310850956,-0.6637601432676874,1.0
Mattia Viti,2022-2023,Ligue 1,Nice,DEF,21.4,634,7000000.0,3596012.1789363977,-3403987.8210636023,-0.6660846456506739,1.0
Jamal Musiala,2020-2021,Bundesliga,Bayern Munich,MID,18.3,881,38000000.0,19494458.330656577,-18505541.669343423,-0.6674559227172523,1.0
Alexis Beka Beka,2022-2023,Ligue 1,Nice,MID,22.2,545,4500000.0,2306300.919593109,-2193699.080406891,-0.6684324892569489,1.0
Ansgar Knauff,2021-2022,Bundesliga,Eintracht Frankfurt,ATT,20.4,759,10000000.0,5113624.388285332,-4886375.611714668,-0.6706766665570534,1.0
Julen Agirrezabala,2022-2023,LaLiga,Athletic Club,GK,22.5,675,5000000.0,2549734.9859501887,-2450265.0140498113,-0.6734484857429166,1.0
Ander Barrenetxea,2020-2021,LaLiga,Real Sociedad,ATT,19.5,1307,15000000.0,7630435.614232412,-7369564.385767588,-0.6759052651377218,1.0
Ilaix Moriba,2021-2022,LaLiga,Valencia,MID,19.4,818,9000000.0,4567972.498721119,-4432027.501278881,-0.6781551254207017,1.0
Arsen Zakharyan,2023-2024,LaLiga,Real Sociedad,MID,21.0,1228,18000000.0,9113655.220930962,-8886344.779069038,-0.6805978953804157,1.0
Éderson,2021-2022,Serie A,Salernitana,MID,22.9,1147,13000000.0,6581830.158751975,-6418169.841248025,-0.6806365111700057,1.0
Sinaly Diomande,2021-2022,Ligue 1,Lyon,DEF,21.1,579,5000000.0,2527973.9076272952,-2472026.0923727048,-0.6820197575527178,1.0
Facundo Pellistri,2020-2021,LaLiga,Alavés,ATT,19.5,542,6000000.0,3027500.3637931007,-2972499.6362068993,-0.6840221526200789,1.0
Nicolás Domínguez,2020-2021,Serie A,Bologna,MID,22.9,1255,10000000.0,5042815.099495413,-4957184.900504587,-0.6846206153554046,1.0
El Chadaille Bitshiabu,2022-2023,Ligue 1,Paris Saint-Germain,DEF,18.1,583,7000000.0,3496024.3191645145,-3503975.6808354855,-0.694283735003463,1.0
Kenneth Taylor,2022-2023,Eredivisie,Ajax,MID,21.1,2497,12000000.0,5981202.337602093,-6018797.662397907,-0.6962850422355924,1.0
Désiré Doué,2022-2023,Ligue 1,Rennes,ATT,18.1,1115,15000000.0,7460214.366263468,-7539785.633736532,-0.6984660518753376,1.0
Xavi Simons,2022-2023,Eredivisie,PSV,MID,20.2,2803,40000000.0,19818195.80152083,-20181804.19847917,-0.7022789585421414,1.0
Lutsharel Geertruida,2020-2021,Eredivisie,Feyenoord,DEF,20.8,2254,8000000.0,3947733.4075121195,-4052266.5924878805,-0.7062999483480237,1.0
João Gomes,2022-2023,Premier League,Wolves,MID,22.3,653,18000000.0,8859629.942003706,-9140370.057996294,-0.7088667614196567,1.0
Karim Adeyemi,2022-2023,Bundesliga,Dortmund,ATT,21.4,1386,40000000.0,19670080.605270527,-20329919.394729473,-0.7097807238428437,1.0
Castello Lukeba,2021-2022,Ligue 1,Lyon,DEF,19.4,2095,20000000.0,9832397.672458312,-10167602.327541688,-0.7100494553569519,1.0
Abde Ezzalzouli,2021-2022,LaLiga,Barcelona,ATT,20.5,580,8000000.0,3927780.5736249182,-4072219.4263750818,-0.7113670148597446,1.0
Florian Wirtz,2023-2024,Bundesliga,Leverkusen,MID,21.1,2372,130000000.0,63772441.68923933,-66227558.31076067,-0.7122133018659653,1.0
Zinho Vanheusden,2021-2022,Serie A,Genoa,DEF,22.9,989,8000000.0,3909813.7613211297,-4090186.2386788703,-0.7159518001926415,1.0
Gabriel Martinelli,2023-2024,Premier League,Arsenal,ATT,22.9,2019,70000000.0,34192223.37986508,-35807776.62013492,-0.7164970103906931,1.0
Joško Gvardiol,2021-2022,Bundesliga,RB Leipzig,DEF,20.4,2409,35000000.0,17093631.163543057,-17906368.836456943,-0.7166421139326822,1.0
Roger Ibanez,2020-2021,Serie A,Roma,DEF,22.5,2398,25000000.0,12202405.134564089,-12797594.865435911,-0.7172427503815726,1.0
Bryan Gil,2022-2023,LaLiga,Sevilla,ATT,22.3,918,15000000.0,7306146.491089623,-7693853.508910377,-0.7193342221376859,1.0
Myron Boadu,2020-2021,Eredivisie,AZ Alkmaar,ATT,20.3,2523,14000000.0,6818476.696368688,-7181523.303631312,-0.71942124101178,1.0
Dennis Geiger,2020-2021,Bundesliga,Hoffenheim,MID,23.0,658,10000000.0,4859154.051310922,-5140845.948689078,-0.721720733748727,1.0
Quentin Merlin,2023-2024,Ligue 1,Nantes,DEF,22.1,1283,10000000.0,4856796.5807307875,-5143203.4192692125,-0.722206012177093,1.0
Yankuba Minteh,2023-2024,Eredivisie,Feyenoord,ATT,19.9,1456,16000000.0,7754279.415772327,-8245720.584227673,-0.7243438485909834,1.0
Giorgio Scalvini,2022-2023,Serie A,Atalanta,DEF,19.5,2335,40000000.0,19157761.979859322,-20842238.020140678,-0.7361714952903746,1.0
Gustavo Assuncao,2020-2021,Liga Portugal,Famalicão,MID,21.1,1908,7000000.0,3351304.9747842415,-3648695.0252157585,-0.7365603343594671,1.0
Million Manhoef,2023-2024,Eredivisie,Vitesse,ATT,22.4,1459,3500000.0,1674389.2627776666,-1825610.7372223334,-0.7373144889453087,1.0
Darwin Núñez,2020-2021,Liga Portugal,Benfica,ATT,21.9,1791,20000000.0,9567363.244540056,-10432636.755459944,-0.737374629089139,1.0
Folarin Balogun,2023-2024,Ligue 1,Monaco,ATT,22.9,1692,30000000.0,14344976.438734218,-15655023.561265782,-0.7377975747025189,1.0
Owen Wijndal,2021-2022,Eredivisie,AZ Alkmaar,DEF,22.5,2683,12000000.0,5712756.331084968,-6287243.668915032,-0.7422050226120369,1.0
Ibrahim Cissoko,2022-2023,Eredivisie,NEC Nijmegen,ATT,20.2,859,2500000.0,1189374.919266438,-1310625.080733562,-0.742862840684861,1.0
Eliesse Ben Seghir,2022-2023,Ligue 1,Monaco,ATT,18.4,1052,18000000.0,8508390.986839559,-9491609.013160441,-0.749318906414322,1.0
Aaron Ramsey,2023-2024,Premier League,Burnley,MID,21.3,527,15000000.0,7069289.113557103,-7930710.886442897,-0.7522902759582273,1.0
Yunus Musah,2021-2022,LaLiga,Valencia,MID,19.5,1259,15000000.0,7048237.136281791,-7951762.863718209,-0.7552726671373797,1.0
Mees Hilgers,2022-2023,Eredivisie,Twente,DEF,22.1,2037,4500000.0,2114240.380300996,-2385759.619699004,-0.7553818070409246,1.0
Tomás Tavares,2020-2021,Liga Portugal,Farense,MID,20.2,1552,5500000.0,2581337.17254562,-2918662.82745438,-0.7564405436352164,1.0
Hugo Ekitike,2022-2023,Ligue 1,Paris Saint-Germain,ATT,21.0,1155,20000000.0,9371655.218551842,-10628344.781448158,-0.7580425420452634,1.0
Luca Pellegrini,2020-2021,Serie A,Genoa,DEF,22.2,639,9000000.0,4213253.523746809,-4786746.476253191,-0.7589894196137212,1.0
Jonathan David,2021-2022,Ligue 1,Lille,ATT,22.4,2804,45000000.0,21016892.15202879,-23983107.84797121,-0.7613359872018464,1.0
Strahinja Pavlović,2021-2022,Ligue 1,Monaco,DEF,21.0,451,5000000.0,2332809.283191342,-2667190.716808658,-0.76236467018966,1.0
Abner,2022-2023,LaLiga,Real Betis,DEF,23.0,607,7000000.0,3263881.991680162,-3736118.008319838,-0.7629928671167967,1.0
Hugo Larsson,2023-2024,Bundesliga,Eintracht Frankfurt,MID,19.9,1886,28000000.0,13045605.96623459,-14954394.03376541,-0.7637531406734546,1.0
Moussa Sylla,2020-2021,Eredivisie,Utrecht,ATT,21.5,656,1600000.0,745306.9075476017,-854693.0924523983,-0.763962818239337,1.0
William Saliba,2022-2023,Premier League,Arsenal,DEF,22.2,2415,65000000.0,30261428.607507374,-34738571.39249262,-0.7645133515623463,1.0
Arnau Tenas,2023-2024,Ligue 1,Paris Saint-Germain,GK,23.0,529,5000000.0,2327740.4617388737,-2672259.5382611263,-0.7645398742872374,1.0
Samuel Chukwueze,2020-2021,LaLiga,Villarreal,ATT,22.1,1365,20000000.0,9256898.747311665,-10743101.252688335,-0.7703631894879379,1.0
Ivan Ilić,2022-2023,Serie A,Torino,MID,22.2,1177,19000000.0,8791178.980095193,-10208821.019904807,-0.7706901490352855,1.0
Jeanuël Belocian,2022-2023,Ligue 1,Rennes,DEF,18.4,506,7000000.0,3231577.279471607,-3768422.720528393,-0.7729398091932111,1.0
Rasmus Højlund,2022-2023,Serie A,Atalanta,ATT,20.4,1834,45000000.0,20759465.737933803,-24240534.262066197,-0.7736601669707532,1.0
Giorgio Scalvini,2023-2024,Serie A,Atalanta,DEF,20.5,2544,45000000.0,20740011.634072673,-24259988.365927327,-0.7745977260205592,1.0
Elye Wahi,2023-2024,Ligue 1,Lens,ATT,21.4,1692,35000000.0,16125924.423746003,-18874075.576253995,-0.7749198718463965,1.0
Jude Bellingham,2023-2024,LaLiga,Real Madrid,MID,20.9,2315,180000000.0,82561302.98938133,-97438697.01061867,-0.7794157669488762,1.0
Ander Barrenetxea,2023-2024,LaLiga,Real Sociedad,ATT,22.4,1427,20000000.0,9165709.991730753,-10834290.008269247,-0.7802629275343946,1.0
Joško Gvardiol,2023-2024,Premier League,Manchester City,DEF,22.3,2328,75000000.0,34359547.10940638,-40640452.89059362,-0.7806081972578092,1.0
Abde Ezzalzouli,2023-2024,LaLiga,Real Betis,ATT,22.5,865,9000000.0,4091546.3270682828,-4908453.672931718,-0.7883016036560608,1.0
Kai Havertz,2021-2022,Premier League,Chelsea,ATT,23.0,1809,70000000.0,31812766.50345827,-38187233.49654173,-0.788627570454782,1.0
Mattéo Guendouzi,2020-2021,Bundesliga,Hertha BSC,MID,22.2,1818,20000000.0,9084980.79890814,-10915019.20109186,-0.7891096852019643,1.0
Kylian Mbappé,2020-2021,Ligue 1,Paris Saint-Germain,ATT,22.4,2380,160000000.0,72645086.96481624,-87354913.03518376,-0.7895880535907764,1.0
Jude Bellingham,2021-2022,Bundesliga,Dortmund,MID,18.9,2790,80000000.0,36321229.61967261,-43678770.38032739,-0.789624226346664,1.0
Amin Sarr,2022-2023,Ligue 1,Lyon,ATT,22.3,537,8000000.0,3619022.597962972,-4380977.402037028,-0.7932375528615854,1.0
Anthony Elanga,2022-2023,Premier League,Manchester Utd,ATT,21.1,426,18000000.0,8120135.929495724,-9879864.070504276,-0.7960248637770118,1.0
Kamaldeen Sulemana,2021-2022,Ligue 1,Rennes,ATT,20.3,1015,18000000.0,8112249.94911981,-9887750.05088019,-0.7969964992538046,1.0
Ahmed Kutucu,2020-2021,Eredivisie,Heracles Almelo,ATT,21.2,400,1700000.0,762495.7424302795,-937504.2575697205,-0.8017866052763232,1.0
Moise Kean,2020-2021,Ligue 1,Paris Saint-Germain,ATT,21.2,1698,35000000.0,15688174.655409994,-19311825.34459001,-0.8024408395995906,1.0
Mathias Kjølø,2023-2024,Eredivisie,Twente,MID,22.9,2235,5000000.0,2241161.953856314,-2758838.046143686,-0.8024434516605989,1.0
Myron Boadu,2021-2022,Ligue 1,Monaco,ATT,21.4,960,14000000.0,6263242.832619953,-7736757.167380047,-0.8043592542513771,1.0
Caleb Okoli,2022-2023,Serie A,Atalanta,DEF,21.9,960,10000000.0,4465682.77330019,-5534317.22669981,-0.8061629736035965,1.0
Moise Kean,2021-2022,Serie A,Juventus,ATT,22.3,1098,24000000.0,10636420.441452807,-13363579.558547193,-0.8137698277134113,1.0
Henrique Araújo,2023-2024,Liga Portugal,Famalicão,ATT,22.4,680,2500000.0,1105774.0524317373,-1394225.9475682627,-0.815745142201779,1.0
Abel Ruiz,2021-2022,Liga Portugal,Braga,ATT,22.3,1384,7000000.0,3080374.0771639636,-3919625.9228360364,-0.8208591058200607,1.0
Igor Paixão,2022-2023,Eredivisie,Feyenoord,ATT,23.0,1261,10000000.0,4397604.686950378,-5602395.313049622,-0.8215250896329618,1.0
Samuel Chukwueze,2021-2022,LaLiga,Villarreal,ATT,23.0,1333,20000000.0,8793109.550978044,-11206890.449021956,-0.8217638643494816,1.0
Levi Colwill,2023-2024,Premier League,Chelsea,DEF,21.2,1797,50000000.0,21860349.62784346,-28139650.37215654,-0.8273485288532427,1.0
Pierre Kalulu,2022-2023,Serie A,Milan,DEF,23.0,2548,30000000.0,13097114.19255336,-16902885.80744664,-0.8288054663673776,1.0
Mason Greenwood,2021-2022,Premier League,Manchester Utd,ATT,20.2,1271,50000000.0,21808587.872914277,-28191412.127085723,-0.8297191740822392,1.0
Taylor Booth,2022-2023,Eredivisie,Utrecht,ATT,22.1,1553,5000000.0,2177919.498772752,-2822080.501227248,-0.8310678496841177,1.0
Désiré Doué,2023-2024,Ligue 1,Rennes,ATT,19.0,1626,30000000.0,13057354.410555422,-16942645.589444578,-0.8318458502673032,1.0
Bamo Meïté,2023-2024,Ligue 1,Marseille,DEF,22.5,638,6000000.0,2610509.0347046303,-3389490.9652953697,-0.8322142344559289,1.0
Nico Williams,2021-2022,LaLiga,Athletic Club,ATT,19.9,1337,12000000.0,5194871.757761805,-6805128.242238195,-0.8372347112466461,1.0
Malick Fofana,2023-2024,Ligue 1,Lyon,ATT,19.2,559,15000000.0,6487965.738409856,-8512034.261590144,-0.8381011650660106,1.0
Nicola Zalewski,2023-2024,Serie A,Roma,MID,22.4,968,12000000.0,5160654.297958884,-6839345.702041116,-0.8438432764031987,1.0
Luis Henrique,2023-2024,Ligue 1,Marseille,MID,22.5,784,8000000.0,3439254.1059297216,-4560745.894070279,-0.8441869234770731,1.0
Tommaso Baldanzi,2023-2024,Serie A,Empoli,MID,21.2,745,15000000.0,6441559.661446742,-8558440.338553257,-0.8452795068531636,1.0
Piero Hincapié,2022-2023,Bundesliga,Leverkusen,DEF,21.4,2457,35000000.0,15000297.107785363,-19999702.892214637,-0.8472780533976731,1.0
Timothy Weah,2020-2021,Ligue 1,Lille,MID,21.3,878,12000000.0,5142621.879741645,-6857378.120258355,-0.8473436070393578,1.0
Georginio Rutter,2022-2023,Bundesliga,Hoffenheim,ATT,21.2,1009,18000000.0,7691327.791095717,-10308672.208904283,-0.8502783246416001,1.0
Ilaix Moriba,2020-2021,LaLiga,Barcelona,MID,18.4,542,25000000.0,10679826.681292167,-14320173.318707833,-0.8505192198112645,1.0
Osame Sahraoui,2022-2023,Eredivisie,Heerenveen,ATT,22.0,1114,5000000.0,2135335.8686838713,-2864664.1313161287,-0.8508139625835085,1.0
Curtis Jones,2021-2022,Premier League,Liverpool,MID,21.4,851,28000000.0,11887207.483659627,-16112792.516340373,-0.8567416896592732,1.0
Odilon Kossounou,2021-2022,Bundesliga,Leverkusen,DEF,21.4,1793,20000000.0,8465158.853977343,-11534841.146022657,-0.8597734921700919,1.0
Mauro Júnior,2020-2021,Eredivisie,PSV,DEF,22.0,1010,3500000.0,1472578.798833428,-2027421.201166572,-0.8657478197445663,1.0
Rico Lewis,2023-2024,Premier League,Manchester City,DEF,19.5,809,38000000.0,15983388.049920307,-22016611.950079694,-0.8660362237182291,1.0
Fabian Rieder,2023-2024,Ligue 1,Rennes,MID,22.3,365,8000000.0,3362895.260900605,-4637104.7390993945,-0.8666392539500869,1.0
Boubacar Kamara,2021-2022,Ligue 1,Marseille,MID,22.5,2778,25000000.0,10504852.98477219,-14495147.01522781,-0.8670384854552502,1.0
Kristjan Asllani,2023-2024,Serie A,Inter,MID,22.2,787,18000000.0,7546542.69719314,-10453457.30280686,-0.8692822204145969,1.0
Tyler Adams,2020-2021,Bundesliga,RB Leipzig,MID,22.3,1850,20000000.0,8353321.909404761,-11646678.090595238,-0.8730729803443271,1.0
Chrislain Matsima,2020-2021,Ligue 1,Monaco,DEF,19.1,352,6000000.0,2499495.550575657,-3500504.449424343,-0.8756705374839147,1.0
Julen Agirrezabala,2021-2022,LaLiga,Athletic Club,GK,21.5,360,5000000.0,2081094.1853781547,-2918905.8146218453,-0.8765441063744444,1.0
Mohamed Simakan,2021-2022,Bundesliga,RB Leipzig,DEF,22.1,2009,22000000.0,9135334.683997273,-12864665.316002727,-0.8788926266518899,1.0
Dan-Axel Zagadou,2021-2022,Bundesliga,Dortmund,DEF,23.0,952,9000000.0,3735766.146814951,-5264233.853185048,-0.8792716534643539,1.0
Donyell Malen,2020-2021,Eredivisie,PSV,ATT,22.4,2444,30000000.0,12405661.664814694,-17594338.335185304,-0.8830444273826217,1.0
Yann Gboho,2021-2022,Eredivisie,Vitesse,ATT,21.4,958,2500000.0,1031391.797130704,-1468608.202869296,-0.885381582411739,1.0
Radu Drăgușin,2023-2024,Serie A,Genoa,DEF,22.3,1710,25000000.0,10265001.16001089,-14734998.83998911,-0.8901356613908931,1.0
Johan Bakayoko,2022-2023,Eredivisie,PSV,ATT,20.2,1373,10000000.0,4090831.428166408,-5909168.571833592,-0.8938368604282889,1.0
Fábio Silva,2021-2022,Premier League,Wolves,ATT,19.9,572,15000000.0,6089354.460093258,-8910645.539906742,-0.9015081249834864,1.0
Beñat Turrientes,2023-2024,LaLiga,Real Sociedad,MID,22.3,1687,20000000.0,8109099.036205184,-11890900.963794816,-0.9027455045442867,1.0
Kenneth Taylor,2023-2024,Eredivisie,Ajax,MID,22.0,2758,15000000.0,6080632.446020386,-8919367.553979613,-0.9029414898068779,1.0
Dušan Vlahović,2021-2022,Serie A,Fiorentina,ATT,22.4,1857,85000000.0,34403476.14444202,-50596523.85555798,-0.9044936465057205,1.0
Francisco Conceição,2021-2022,Liga Portugal,Porto,ATT,19.5,491,8000000.0,3218951.4141472667,-4781048.585852733,-0.9103858829386233,1.0
Ângelo,2023-2024,Ligue 1,Strasbourg,ATT,19.4,1094,15000000.0,6020818.8433879,-8979181.1566121,-0.9128269305351004,1.0
Victor Osimhen,2020-2021,Serie A,Napoli,ATT,22.4,1573,50000000.0,19842858.550701477,-30157141.449298523,-0.9241788337734853,1.0
Nicolò Rovella,2023-2024,Serie A,Lazio,MID,22.5,1318,18000000.0,7115549.354600746,-10884450.645399254,-0.9280893185688548,1.0
Sofiane Diop,2022-2023,Ligue 1,Nice,ATT,23.0,1228,15000000.0,5912011.841020629,-9087988.158979371,-0.9310640145793183,1.0
Devyne Rensch,2022-2023,Eredivisie,Ajax,DEF,20.4,2029,8000000.0,3139962.7794592823,-4860037.220540717,-0.9352305955053168,1.0
Calvin Stengs,2020-2021,Eredivisie,AZ Alkmaar,MID,22.4,2605,14000000.0,5490803.924138838,-8509196.075861162,-0.9359826505449007,1.0
Devyne Rensch,2023-2024,Eredivisie,Ajax,DEF,21.4,2212,10000000.0,3914328.9480219055,-6085671.0519780945,-0.9379411836012466,1.0
Sandro Tonali,2021-2022,Serie A,Milan,MID,22.1,2600,50000000.0,19524270.225556716,-30475729.774443284,-0.9403646868128597,1.0
Junior Dina Ebimbe,2021-2022,Ligue 1,Paris Saint-Germain,MID,21.5,316,5000000.0,1948245.5049628408,-3051754.495037159,-0.9425086859130705,1.0
Noni Madueke,2020-2021,Eredivisie,PSV,ATT,19.2,967,16000000.0,6211242.977617722,-9788757.022382278,-0.9462276888968546,1.0
Brandon Soppy,2020-2021,Ligue 1,Rennes,MID,19.3,559,7000000.0,2713857.88597891,-4286142.11402109,-0.9475389523228124,1.0
Odilon Kossounou,2022-2023,Bundesliga,Leverkusen,DEF,22.5,1523,18000000.0,6977538.660610788,-11022461.339389212,-0.9476755307292102,1.0
Rodrygo,2020-2021,LaLiga,Real Madrid,ATT,20.4,983,35000000.0,13567367.913186818,-21432632.08681318,-0.9476805701121123,1.0
Jean-Clair Todibo,2020-2021,Ligue 1,Nice,DEF,21.4,1330,12000000.0,4616721.470877774,-7383278.529122226,-0.9552218349449682,1.0
Dejan Kulusevski,2020-2021,Serie A,Juventus,MID,21.1,1923,40000000.0,15377842.537599988,-24622157.46240001,-0.9559517770153398,1.0
Pierre Kalulu,2021-2022,Serie A,Milan,DEF,22.0,1944,28000000.0,10744841.08289427,-17255158.91710573,-0.9577787700556897,1.0
Vanderson,2023-2024,Ligue 1,Monaco,DEF,23.0,1641,20000000.0,7660534.708241272,-12339465.291758727,-0.9596504869843336,1.0
Takefusa Kubo,2023-2024,LaLiga,Real Sociedad,ATT,23.0,2150,50000000.0,19146695.575454377,-30853304.424545623,-0.9598928594973444,1.0
Yunus Musah,2023-2024,Serie A,Milan,MID,21.5,1478,22000000.0,8397681.459206292,-13602318.540793708,-0.9630868023698405,1.0
Brian Brobbey,2023-2024,Eredivisie,Ajax,ATT,22.3,2405,35000000.0,13339368.499293495,-21660631.500706505,-0.9646283610060031,1.0
Yann Gboho,2020-2021,Ligue 1,Rennes,ATT,20.4,303,4500000.0,1714317.6444486605,-2785682.3555513397,-0.9650622702886622,1.0
William Saliba,2020-2021,Ligue 1,Nice,DEF,20.2,1800,18000000.0,6841182.131306008,-11158817.868693992,-0.9674112149801068,1.0
Álvaro Carreras,2023-2024,Liga Portugal,Benfica,DEF,21.2,567,7000000.0,2653836.401400879,-4346163.598599121,-0.9699038573207392,1.0
Amin Sarr,2022-2023,Eredivisie,Heerenveen,ATT,22.3,1634,8000000.0,3000885.991585614,-4999114.008414386,-0.9805339660846641,1.0
Eliot Matazo,2021-2022,Ligue 1,Monaco,MID,20.3,790,8000000.0,2994178.6529323813,-5005821.347067619,-0.9827715871445051,1.0
Manu Koné,2022-2023,Bundesliga,Gladbach,MID,22.1,2608,40000000.0,14896814.290232532,-25103185.70976747,-0.9877320700469525,1.0
Etienne Green,2021-2022,Ligue 1,Saint-Étienne,GK,21.9,1197,7000000.0,2592041.5904105026,-4407958.409589497,-0.9934643250109509,1.0
Matias Arezo,2023-2024,LaLiga,Granada,ATT,21.5,369,7000000.0,2587685.0039545586,-4412314.996045441,-0.9951464939068924,1.0
Jadon Sancho,2020-2021,Bundesliga,Dortmund,ATT,21.2,2062,100000000.0,36833362.988393344,-63166637.011606656,-0.9987661485839681,1.0
Jeremy Doku,2022-2023,Ligue 1,Rennes,ATT,21.1,1291,28000000.0,10297929.994112367,-17702070.005887635,-1.0002616065824839,1.0
Andreas Skov Olsen,2021-2022,Serie A,Bologna,ATT,22.4,747,12000000.0,4413099.900152048,-7586900.099847952,-1.0003292820609104,1.0
Orkun Kökçü,2021-2022,Eredivisie,Feyenoord,MID,21.4,2624,22000000.0,8088668.58749397,-13911331.412506029,-1.0005783109253343,1.0
Devyne Rensch,2020-2021,Eredivisie,Ajax,DEF,18.3,893,8000000.0,2939752.9993110807,-5060247.00068892,-1.0011159776983742,1.0
Matteo Lovato,2021-2022,Serie A,Atalanta,DEF,22.3,305,7000000.0,2559141.763808022,-4440858.236191979,-1.0062381952846788,1.0
Quentin Merlin,2023-2024,Ligue 1,Marseille,DEF,22.1,703,10000000.0,3645739.9025265463,-6354260.097473454,-1.0090257570423695,1.0
Aleksandar Pavlovic,2023-2024,Bundesliga,Bayern Munich,MID,20.1,1227,30000000.0,10910272.33028357,-19089727.669716433,-1.0114926205995083,1.0
Martín Zubimendi,2020-2021,LaLiga,Real Sociedad,MID,22.4,1882,20000000.0,7257496.781006436,-12742503.218993563,-1.0136973001777179,1.0
Gonçalo Ramos,2021-2022,Liga Portugal,Benfica,ATT,20.9,1609,14000000.0,5053640.768181715,-8946359.231818285,-1.018948401889018,1.0
Takefusa Kubo,2020-2021,LaLiga,Getafe,ATT,20.0,805,15000000.0,5387702.328082959,-9612297.67191704,-1.023931191280914,1.0
Jamal Musiala,2021-2022,Bundesliga,Bayern Munich,MID,19.3,1465,65000000.0,23079601.89863089,-41920398.10136911,-1.0354380771639917,1.0
Marcus Pedersen,2022-2023,Eredivisie,Feyenoord,DEF,22.9,2117,7000000.0,2467396.659675722,-4532603.340324278,-1.0427465381840442,1.0
Mika Godts,2023-2024,Eredivisie,Ajax,ATT,19.0,574,4000000.0,1408829.0133130364,-2591170.9866869636,-1.0435354887872332,1.0
Anthony Gordon,2022-2023,Premier League,Everton,ATT,22.3,1095,35000000.0,12257884.819167363,-22742115.18083264,-1.0491786728505588,1.0
Mohamed Simakan,2020-2021,Ligue 1,Strasbourg,DEF,21.1,1615,18000000.0,6302374.307802739,-11697625.692197261,-1.0494453212435388,1.0
Boubacar Kamara,2020-2021,Ligue 1,Marseille,MID,21.5,2894,37000000.0,12889496.398238199,-24110503.601761803,-1.0545051656388011,1.0
Nicolò Fagioli,2022-2023,Serie A,Juventus,MID,22.3,1520,35000000.0,12176862.736313831,-22823137.26368617,-1.05581040740109,1.0
Khéphren Thuram,2022-2023,Ligue 1,Nice,MID,22.3,2547,40000000.0,13903351.994287733,-26096648.005712267,-1.0567494923812575,1.0
Maxence Caqueret,2020-2021,Ligue 1,Lyon,MID,21.3,1761,17000000.0,5844113.676166685,-11155886.323833315,-1.0677783985830427,1.0
Daniel Bragança,2021-2022,Liga Portugal,Sporting CP,MID,23.0,779,7000000.0,2386323.713379807,-4613676.286620193,-1.0761561625873117,1.0
Manu Koné,2023-2024,Bundesliga,Gladbach,MID,23.0,1561,20000000.0,6786070.46209764,-13213929.537902359,-1.0808602237949838,1.0
Javairô Dilrosun,2020-2021,Bundesliga,Hertha BSC,ATT,23.0,529,9000000.0,3027973.009360856,-5972026.990639145,-1.089331155486061,1.0
Edmond Tapsoba,2020-2021,Bundesliga,Leverkusen,DEF,22.3,2652,40000000.0,13439529.582618427,-26560470.417381573,-1.090679120924765,1.0
Nicola Zalewski,2021-2022,Serie A,Roma,MID,20.4,793,12000000.0,4029453.8226977848,-7970546.177302215,-1.0912758108806955,1.0
David Datro Fofana,2023-2024,Bundesliga,Union Berlin,ATT,21.4,682,12000000.0,4024908.4836848024,-7975091.516315198,-1.0924044761486833,1.0
Yarek Gasiorowski,2023-2024,LaLiga,Valencia,DEF,19.4,735,15000000.0,5028012.373071403,-9971987.626928598,-1.0930254495436245,1.0
Ryan Gravenberch,2023-2024,Premier League,Liverpool,MID,22.0,1121,35000000.0,11726272.166098084,-23273727.833901916,-1.093516252735931,1.0
Ronald Araújo,2020-2021,LaLiga,Barcelona,DEF,22.3,1510,25000000.0,8356563.974802543,-16643436.025197458,-1.0958284900571869,1.0
Pablo Barrios,2023-2024,LaLiga,Atlético Madrid,MID,21.0,1555,25000000.0,8330573.521712008,-16669426.478287991,-1.0989435209140144,1.0
Vanderson,2021-2022,Ligue 1,Monaco,DEF,20.9,1120,18000000.0,5966096.996292341,-12033903.003707658,-1.1042788137573698,1.0
Jacob Ramsey,2023-2024,Premier League,Aston Villa,MID,23.0,853,35000000.0,11591309.20095827,-23408690.79904173,-1.1050924509867208,1.0
Carlos Alcaraz,2023-2024,Serie A,Juventus,MID,21.5,380,15000000.0,4932908.865005018,-10067091.134994982,-1.1121213535793402,1.0
Romário Baró,2021-2022,Liga Portugal,Estoril,MID,22.3,385,3000000.0,984635.825686396,-2015364.174313604,-1.1140957149568251,1.0
Sven Botman,2021-2022,Ligue 1,Lille,DEF,22.4,2250,30000000.0,9828867.825310972,-20171132.17468903,-1.1158736295878597,1.0
Martin Ødegaard,2020-2021,Premier League,Arsenal,MID,22.5,866,40000000.0,13079115.82360503,-26920884.17639497,-1.1178627079534174,1.0
Felix Mambimbi,2022-2023,Eredivisie,Cambuur,ATT,22.4,301,2500000.0,816976.8214001996,-1683023.1785998004,-1.1184352867779292,1.0
Gonçalo Ramos,2022-2023,Liga Portugal,Benfica,ATT,22.0,2282,50000000.0,16297753.575602407,-33702246.424397595,-1.1209957245608315,1.0
Owen Wijndal,2020-2021,Eredivisie,AZ Alkmaar,DEF,21.5,3060,17500000.0,5704067.532003344,-11795932.467996657,-1.1210213584760318,1.0
Rodrygo,2022-2023,LaLiga,Real Madrid,ATT,22.4,2379,100000000.0,32501457.87690323,-67498542.12309676,-1.1238852399076116,1.0
Pedri,2020-2021,LaLiga,Barcelona,MID,18.5,2415,70000000.0,22558570.77439977,-47441429.22560023,-1.132380169624927,1.0
Ricardo Pepi,2021-2022,Bundesliga,Augsburg,ATT,19.4,477,9000000.0,2880657.315136495,-6119342.684863505,-1.1392060748074826,1.0
Adrian Fein,2020-2021,Eredivisie,PSV,MID,22.2,412,4000000.0,1278440.7459833997,-2721559.2540166005,-1.1406531929576076,1.0
Daniel Bragança,2020-2021,Liga Portugal,Sporting CP,MID,22.0,689,5000000.0,1582072.1581936304,-3417927.84180637,-1.1507024321227473,1.0
Eric García,2020-2021,Premier League,Manchester City,DEF,20.4,383,20000000.0,6326296.607982785,-13673703.392017215,-1.151017262639952,1.0
Ozan Kabak,2020-2021,Premier League,Liverpool,DEF,21.2,801,25000000.0,7902901.65929253,-17097098.34070747,-1.151645834188237,1.0
Jeremie Frimpong,2020-2021,Bundesliga,Leverkusen,DEF,20.5,436,10000000.0,3152853.693376599,-6847146.306623401,-1.154277115862138,1.0
Jeremy Doku,2021-2022,Ligue 1,Rennes,ATT,20.0,469,20000000.0,6304436.317924041,-13695563.682075959,-1.1544787105248506,1.0
Reiss Nelson,2021-2022,Eredivisie,Feyenoord,ATT,22.5,910,6500000.0,2039463.3091919054,-4460536.690808095,-1.1591154873875205,1.0
Alessandro Bastoni,2020-2021,Serie A,Inter,DEF,22.1,2922,60000000.0,18788864.086503837,-41211135.91349617,-1.1610802037106325,1.0
Faitout Maouassa,2020-2021,Ligue 1,Rennes,DEF,22.9,1170,12000000.0,3731387.7620086707,-8268612.237991329,-1.1681264311694424,1.0
Maghnes Akliouche,2022-2023,Ligue 1,Monaco,ATT,21.3,402,6000000.0,1864592.4742220547,-4135407.5257779453,-1.1687169524910797,1.0
Vinicius Júnior,2020-2021,LaLiga,Real Madrid,ATT,20.9,1969,40000000.0,12358269.778381793,-27641730.221618205,-1.1745539974511026,1.0
Kai Havertz,2020-2021,Premier League,Chelsea,ATT,22.0,1520,70000000.0,21555231.42893913,-48444768.571060866,-1.177876697237096,1.0
Loïc Bade,2021-2022,Ligue 1,Rennes,DEF,22.1,985,12000000.0,3694897.8836540836,-8305102.116345916,-1.177953732128568,1.0
Silvano Vos,2023-2024,Eredivisie,Ajax,MID,19.2,351,2500000.0,767385.0174993079,-1732614.9825006921,-1.1810573569513778,1.0
Pedro Neto,2021-2022,Premier League,Wolves,ATT,22.3,466,32000000.0,9818876.313804733,-22181123.68619527,-1.1814292153102315,1.0
Paulo Bernardo,2021-2022,Liga Portugal,Benfica,MID,20.3,779,5000000.0,1531329.0513272292,-3468670.9486727705,-1.1833018930991859,1.0
Patrick Wimmer,2023-2024,Bundesliga,Wolfsburg,ATT,23.0,589,15000000.0,4592315.461604334,-10407684.538395666,-1.1836658463599825,1.0
Quinten Timber,2022-2023,Eredivisie,Feyenoord,MID,22.0,1638,8000000.0,2434985.0816659452,-5565014.918334055,-1.1895009117899455,1.0
Castello Lukeba,2023-2024,Bundesliga,RB Leipzig,DEF,21.4,2191,40000000.0,12173838.327946834,-27826161.672053166,-1.1895902042398951,1.0
Harvey Elliott,2021-2022,Premier League,Liverpool,MID,19.2,346,22000000.0,6672310.183672795,-15327689.816327205,-1.1930762990238808,1.0
Marcus Edwards,2020-2021,Liga Portugal,Vitória Guimarães,ATT,22.5,1771,10000000.0,3032360.5501501723,-6967639.449849827,-1.1932437173265633,1.0
Jude Bellingham,2022-2023,Bundesliga,Dortmund,MID,20.0,2691,120000000.0,35795416.363149725,-84204583.63685027,-1.2096718921214027,1.0
Mees Hilgers,2023-2024,Eredivisie,Twente,DEF,23.0,2190,7000000.0,2085509.5622516805,-4914490.4377483195,-1.2108969292986718,1.0
Jamal Musiala,2023-2024,Bundesliga,Bayern Munich,MID,21.3,1755,120000000.0,35576405.89743696,-84423594.10256304,-1.2158090803336705,1.0
Houssem Aouar,2020-2021,Ligue 1,Lyon,MID,22.9,1781,42000000.0,12421775.17682312,-29578224.82317688,-1.2182186231006469,1.0
Maxence Caqueret,2021-2022,Ligue 1,Lyon,MID,22.3,2335,25000000.0,7386792.754153823,-17613207.24584618,-1.219182182197251,1.0
Carlos Forbs,2023-2024,Eredivisie,Ajax,ATT,20.2,829,8000000.0,2355400.5184555557,-5644599.481544444,-1.2227307571409565,1.0
Samuel Soares,2023-2024,Liga Portugal,Benfica,GK,22.0,450,3000000.0,880014.1319112146,-2119985.8680887856,-1.226429601316923,1.0
Jadon Sancho,2021-2022,Premier League,Manchester Utd,ATT,22.2,1900,75000000.0,21935905.93209366,-53064094.067906335,-1.2293632790144926,1.0
Gonçalo Ramos,2023-2024,Ligue 1,Paris Saint-Germain,ATT,23.0,1419,50000000.0,14616893.75203933,-35383106.24796067,-1.229845039341324,1.0
Kristjan Asllani,2022-2023,Serie A,Inter,MID,21.3,592,12000000.0,3480981.2612191257,-8519018.738780875,-1.2375924241334513,1.0
Francisco Conceição,2023-2024,Liga Portugal,Porto,ATT,21.5,1888,22000000.0,6351539.35113758,-15648460.64886242,-1.242345252330109,1.0
Róbert Boženík,2020-2021,Eredivisie,Feyenoord,ATT,21.5,453,2500000.0,719316.7151887162,-1780683.284811284,-1.2457442561204708,1.0
Luis Sinisterra,2020-2021,Eredivisie,Feyenoord,ATT,21.9,1207,9000000.0,2587821.467414272,-6412178.532585728,-1.2464081878474964,1.0
Vitor Roque,2023-2024,LaLiga,Barcelona,ATT,19.3,328,30000000.0,8618937.112800537,-21381062.88719946,-1.2472356093687313,1.0
Andrey Santos,2023-2024,Ligue 1,Strasbourg,MID,20.1,831,15000000.0,4295368.38576297,-10704631.61423703,-1.2505128785028958,1.0
Quinten Timber,2023-2024,Eredivisie,Feyenoord,MID,23.0,2663,28000000.0,7973824.561444458,-20026175.438555542,-1.25604026278182,1.0
Aaron Hickey,2023-2024,Premier League,Brentford,DEF,22.0,713,28000000.0,7926695.685575867,-20073304.314424135,-1.261968246665278,1.0
Luis Sinisterra,2021-2022,Eredivisie,Feyenoord,ATT,23.0,2405,25000000.0,6820617.809273629,-18179382.19072637,-1.2989257692456313,1.0
Antony,2020-2021,Eredivisie,Ajax,ATT,21.2,1762,25000000.0,6793938.694512743,-18206061.305487256,-1.3028449786452434,1.0
Jarrad Branthwaite,2022-2023,Eredivisie,PSV,DEF,21.0,1992,10000000.0,2686505.7396827885,-7313494.260317212,-1.314343725318695,1.0
Ferrán Torres,2021-2022,LaLiga,Barcelona,ATT,22.3,1412,45000000.0,12086751.67824944,-32913248.32175056,-1.3145525396354039,1.0
Malo Gusto,2022-2023,Ligue 1,Lyon,DEF,20.1,1595,25000000.0,6669439.17803788,-18330560.82196212,-1.321340049729388,1.0
Lesley Ugochukwu,2023-2024,Premier League,Chelsea,MID,20.2,301,25000000.0,6630302.005206789,-18369697.99479321,-1.3272254703946196,1.0
Noni Madueke,2022-2023,Premier League,Chelsea,ATT,21.3,643,30000000.0,7953731.028070635,-22046268.971929364,-1.3275562513812105,1.0
Marash Kumbulla,2021-2022,Serie A,Roma,DEF,22.3,1025,16000000.0,4216359.750984515,-11783640.249015484,-1.3336165847111978,1.0
Vinicius Júnior,2022-2023,LaLiga,Real Madrid,ATT,22.9,2823,150000000.0,39426095.751163095,-110573904.2488369,-1.3362073683255034,1.0
Santiago Giménez,2022-2023,Eredivisie,Feyenoord,ATT,22.2,1926,25000000.0,6477152.701523834,-18522847.298476167,-1.3505948089805582,1.0
Wouter Goes,2023-2024,Eredivisie,AZ Alkmaar,DEF,20.0,1138,5000000.0,1294425.6817118288,-3705574.318288171,-1.3513708046785577,1.0
Benoît Badiashile,2022-2023,Premier League,Chelsea,DEF,22.2,905,40000000.0,10339061.066154502,-29660938.933845498,-1.352950395137956,1.0
Karim Adeyemi,2023-2024,Bundesliga,Dortmund,ATT,22.4,913,28000000.0,7223258.628706896,-20776741.371293105,-1.354898325474938,1.0
Marash Kumbulla,2020-2021,Serie A,Roma,DEF,21.3,1363,25000000.0,6431224.9392780075,-18568775.060721993,-1.3577108009864745,1.0
Gustavo Assuncao,2021-2022,Liga Portugal,Famalicão,MID,22.2,604,4500000.0,1155816.026254804,-3344183.973745196,-1.359270786029695,1.0
Eduardo Quaresma,2023-2024,Liga Portugal,Sporting CP,DEF,22.3,960,8000000.0,2045284.2461603957,-5954715.753839605,-1.3639047661666197,1.0
Tomás Araújo,2023-2024,Liga Portugal,Benfica,DEF,22.1,482,7000000.0,1782777.5806867264,-5217222.419313273,-1.367737562382505,1.0
Radu Drăgușin,2023-2024,Premier League,Tottenham Hotspur,DEF,22.3,429,25000000.0,6347311.811431017,-18652688.188568983,-1.3708444383784322,1.0
Ivan Ilić,2022-2023,Serie A,Hellas Verona,MID,22.2,851,19000000.0,4768417.947987903,-14231582.052012097,-1.3824243963683749,1.0
Aurélien Tchouaméni,2021-2022,Ligue 1,Monaco,MID,22.3,2929,60000000.0,15028037.44102786,-44971962.55897214,-1.3844269430956047,1.0
Charles De Ketelaere,2022-2023,Serie A,Milan,MID,22.3,1116,22000000.0,5404834.031661833,-16595165.968338167,-1.403748709184141,1.0
Gianluigi Donnarumma,2020-2021,Serie A,Milan,GK,22.2,3330,60000000.0,14692860.509027492,-45307139.490972504,-1.4069828660759711,1.0
Nicolò Zaniolo,2021-2022,Serie A,Roma,ATT,22.9,1971,33000000.0,7972666.762638324,-25027333.237361677,-1.4204885245503878,1.0
Ian Maatsen,2023-2024,Bundesliga,Dortmund,DEF,22.2,1264,40000000.0,9642974.916621339,-30357025.08337866,-1.422649791789805,1.0
Ousmane Diomande,2022-2023,Liga Portugal,Sporting CP,DEF,19.5,885,10000000.0,2396920.1134969746,-7603079.886503026,-1.4284004657997347,1.0
Warren Zaïre-Emery,2023-2024,Ligue 1,Paris Saint-Germain,MID,18.2,1962,60000000.0,14078307.399552818,-45921692.60044718,-1.4497094318183201,1.0
Johan Bakayoko,2023-2024,Eredivisie,PSV,ATT,21.1,2493,45000000.0,10436748.53156177,-34563251.46843823,-1.4613293991613716,1.0
Tommaso Baldanzi,2023-2024,Serie A,Roma,MID,21.2,518,15000000.0,3471738.5730616096,-11528261.42693839,-1.4633947029161618,1.0
Perr Schuurs,2020-2021,Eredivisie,Ajax,DEF,21.5,1888,8000000.0,1842981.3392088548,-6157018.660791146,-1.4680569882692076,1.0
Piero Hincapié,2023-2024,Bundesliga,Leverkusen,DEF,22.4,1484,40000000.0,9060888.372581087,-30939111.627418913,-1.484912284497291,1.0
Kenan Yıldız,2023-2024,Serie A,Juventus,ATT,19.1,952,30000000.0,6644210.6367263505,-23355789.36327365,-1.507451487113471,1.0
Danilo,2022-2023,Eredivisie,Feyenoord,MID,22.1,1336,28000000.0,6180212.245644775,-21819787.754355226,-1.510851895339881,1.0
Benoît Badiashile,2021-2022,Ligue 1,Monaco,DEF,21.2,1838,30000000.0,6589305.916524175,-23410694.083475824,-1.5157493624391076,1.0
Rodrygo,2021-2022,LaLiga,Real Madrid,ATT,21.4,1523,60000000.0,13096959.052282253,-46903040.94771775,-1.5219644923756945,1.0
Marcos Paulo,2021-2022,Liga Portugal,Famalicão,ATT,21.3,684,5000000.0,1090731.5113029717,-3909268.4886970283,-1.522589330000395,1.0
Bryan Gil,2021-2022,LaLiga,Valencia,ATT,21.3,753,18000000.0,3908371.1335987453,-14091628.866401255,-1.527251060569002,1.0
Dejan Kulusevski,2021-2022,Serie A,Juventus,MID,22.1,772,40000000.0,8632756.452356976,-31367243.547643024,-1.5333155964994347,1.0
Francisco Conceição,2022-2023,Eredivisie,Ajax,ATT,20.5,525,8000000.0,1720145.8549083362,-6279854.145091664,-1.5370324550844252,1.0
Jorrel Hato,2023-2024,Eredivisie,Ajax,DEF,18.2,2961,30000000.0,6378824.604741009,-23621175.395258993,-1.54821353250993,1.0
Wesley Fofana,2022-2023,Premier League,Chelsea,DEF,22.5,1183,55000000.0,11691883.742937904,-43308116.25706209,-1.5484382813327784,1.0
Boubakary Soumaré,2020-2021,Ligue 1,Lille,MID,22.3,1919,28000000.0,5944211.978260226,-22055788.021739773,-1.5497865408350382,1.0
Ozan Kabak,2020-2021,Bundesliga,Schalke 04,DEF,21.2,1243,25000000.0,5201792.694400002,-19798207.3056,-1.5698725097699988,1.0
Isaac Babadi,2023-2024,Eredivisie,PSV,MID,19.2,355,6000000.0,1247840.7045719088,-4752159.295428092,-1.570344847994951,1.0
Orkun Kökçü,2020-2021,Eredivisie,Feyenoord,MID,20.4,1558,12000000.0,2461154.0033370946,-9538845.996662905,-1.5842763027924427,1.0
Anthony Gordon,2022-2023,Premier League,Newcastle United,ATT,22.3,487,35000000.0,7147452.04322518,-27852547.95677482,-1.588592125884837,1.0
Mikkel Damsgaard,2021-2022,Serie A,Sampdoria,MID,21.9,578,15000000.0,3059467.2182547403,-11940532.781745259,-1.5898094119785764,1.0
Fábio Silva,2022-2023,Eredivisie,PSV,ATT,20.9,607,13000000.0,2629202.3316584174,-10370797.668341583,-1.5982688532227503,1.0
Vitinha,2021-2022,Liga Portugal,Braga,MID,22.3,1473,30000000.0,6038698.099032396,-23961301.900967605,-1.6030089394667346,1.0
Diogo Leite,2020-2021,Liga Portugal,Porto,DEF,22.3,1169,10000000.0,2007970.4722689013,-7992029.527731098,-1.6054605963180517,1.0
Sandro Tonali,2020-2021,Serie A,Milan,MID,21.1,1330,27000000.0,5391298.945843415,-21608701.054156587,-1.6110505183096002,1.0
Florian Wirtz,2022-2023,Bundesliga,Leverkusen,MID,20.1,1090,85000000.0,16902575.19839779,-68097424.80160221,-1.6151852675663108,1.0
Enzo Fernández,2022-2023,Premier League,Chelsea,MID,22.4,1547,80000000.0,15835316.006339505,-64164683.993660495,-1.6197839986879252,1.0
Fabio Vieira,2020-2021,Liga Portugal,Porto,MID,21.0,404,9000000.0,1697272.4681407544,-7302727.531859245,-1.668202045256475,1.0
Devyne Rensch,2021-2022,Eredivisie,Ajax,DEF,19.4,801,8000000.0,1497912.0569964498,-6502087.94300355,-1.675369365253088,1.0
Nuno Tavares,2020-2021,Liga Portugal,Benfica,DEF,21.3,633,7000000.0,1300590.694293552,-5699409.305706448,-1.6830916075614475,1.0
Gift Orban,2023-2024,Ligue 1,Lyon,ATT,21.9,474,15000000.0,2786369.2759434665,-12213630.724056534,-1.6833107875276472,1.0
Nuno Mendes,2022-2023,Ligue 1,Paris Saint-Germain,DEF,21.0,1548,65000000.0,11977780.381388906,-53022219.6186111,-1.6913339713868503,1.0
Pedri,2022-2023,LaLiga,Barcelona,MID,20.5,1976,100000000.0,18361173.950586908,-81638826.04941308,-1.694931862176091,1.0
Morato,2023-2024,Liga Portugal,Benfica,DEF,22.9,1525,15000000.0,2706732.1614259067,-12293267.838574093,-1.7123081383183418,1.0
Morato,2021-2022,Liga Portugal,Benfica,DEF,20.9,1012,10000000.0,1788943.3326938234,-8211056.667306176,-1.7209599643778475,1.0
Vitinha,2021-2022,Liga Portugal,Porto,MID,22.3,2251,30000000.0,5313059.6024681525,-24686940.39753185,-1.7310295160239821,1.0
Wesley Fofana,2021-2022,Premier League,Leicester City,DEF,21.5,630,40000000.0,6998457.473756447,-33001542.526243553,-1.7431896902335886,1.0
Cody Gakpo,2020-2021,Eredivisie,PSV,ATT,22.1,1663,18000000.0,3084438.130235809,-14915561.86976419,-1.7640022467096266,1.0
Pedri,2023-2024,LaLiga,Barcelona,MID,21.5,1476,80000000.0,13679120.124896582,-66320879.875103414,-1.7661560429035035,1.0
Ryan Gravenberch,2020-2021,Eredivisie,Ajax,MID,19.0,2609,33000000.0,5628115.478432358,-27371884.521567643,-1.7687329038689832,1.0
Lutsharel Geertruida,2021-2022,Eredivisie,Feyenoord,DEF,21.9,1718,12000000.0,1995492.433561057,-10004507.566438943,-1.7940157960394494,1.0
Nuno Mendes,2021-2022,Ligue 1,Paris Saint-Germain,DEF,19.9,1658,40000000.0,6585967.567442458,-33414032.432557542,-1.8039381946416047,1.0
Krépin Diatta,2020-2021,Ligue 1,Monaco,MID,22.3,389,18000000.0,2912610.490957603,-15087389.509042397,-1.8213220029144512,1.0
Christos Tzolis,2022-2023,Eredivisie,Twente,ATT,21.3,422,5000000.0,806433.6417202592,-4193566.358279741,-1.824571576566223,1.0
David Carmo,2020-2021,Liga Portugal,Braga,DEF,21.8,998,10000000.0,1606147.04865088,-8393852.95134912,-1.828746919611909,1.0
Alan Varela,2023-2024,Liga Portugal,Porto,MID,22.9,2225,35000000.0,5558246.443081575,-29441753.556918424,-1.8400653909071263,1.0
Lucas Beraldo,2023-2024,Ligue 1,Paris Saint-Germain,DEF,20.5,1008,30000000.0,4733992.711178177,-25266007.288821824,-1.8464284102466255,1.0
Nuno Mendes,2020-2021,Liga Portugal,Sporting CP,DEF,19.0,2391,40000000.0,6186798.103764458,-33813201.89623554,-1.8664617704291206,1.0
Orkun Kökçü,2022-2023,Eredivisie,Feyenoord,MID,22.5,2696,35000000.0,5396178.062702782,-29603821.937297218,-1.869657124670054,1.0
Joško Gvardiol,2022-2023,Bundesliga,RB Leipzig,DEF,21.4,2170,75000000.0,11533382.29116211,-63466617.70883789,-1.8722424752513014,1.0
Jurriën Timber,2020-2021,Eredivisie,Ajax,DEF,19.9,1510,11000000.0,1659836.0236281059,-9340163.976371894,-1.8911764562560034,1.0
Perr Schuurs,2021-2022,Eredivisie,Ajax,DEF,22.5,1047,7000000.0,1047889.690132731,-5952110.309867269,-1.8991318262033587,1.0
Lutsharel Geertruida,2022-2023,Eredivisie,Feyenoord,DEF,22.9,2572,25000000.0,3698054.5728330906,-21301945.42716691,-1.9110689346208414,1.0
Dušan Vlahović,2021-2022,Serie A,Juventus,ATT,22.4,1076,85000000.0,12372458.030489523,-72627541.96951048,-1.9271783808130465,1.0
Sivert Mannsverk,2023-2024,Eredivisie,Ajax,MID,22.1,886,6000000.0,871162.9642679704,-5128837.03573203,-1.9296856886659004,1.0
Noni Madueke,2021-2022,Eredivisie,PSV,ATT,20.2,823,18000000.0,2611000.9131143163,-15388999.086885683,-1.9306381184609975,1.0
Ousmane Diomande,2023-2024,Liga Portugal,Sporting CP,DEF,20.5,2115,40000000.0,5676946.828286005,-34323053.17171399,-1.952465896133381,1.0
Manuel Ugarte,2021-2022,Liga Portugal,Sporting CP,MID,21.1,1107,15000000.0,2113491.5489379433,-12886508.451062057,-1.9597088586954126,1.0
Kamaldeen Sulemana,2022-2023,Ligue 1,Rennes,ATT,21.3,326,22000000.0,2994413.720786713,-19005586.279213287,-1.9942939936118158,1.0
Morato,2022-2023,Liga Portugal,Benfica,DEF,22.0,648,13000000.0,1768732.2022030721,-11231267.797796927,-1.994686337461438,1.0
Quilindschy Hartman,2023-2024,Eredivisie,Feyenoord,DEF,22.5,2070,23000000.0,3087443.225741911,-19912556.77425809,-2.0081509025677953,1.0
Pedri,2021-2022,LaLiga,Barcelona,MID,19.5,885,80000000.0,10397922.205651699,-69602077.7943483,-2.0404206364049244,1.0
Ibrahima Diallo,2020-2021,Ligue 1,Brest,MID,22.3,440,15000000.0,1941112.0638858306,-13058887.93611417,-2.0447891634527178,1.0
Federico Valverde,2020-2021,LaLiga,Real Madrid,MID,22.9,1330,65000000.0,7997691.243821277,-57002308.75617872,-2.095234364389553,1.0
Ibrahima Konaté,2020-2021,Bundesliga,RB Leipzig,DEF,22.0,695,35000000.0,4256912.728810274,-30743087.271189727,-2.106803875485376,1.0
Ahmetcan Kaplan,2023-2024,Eredivisie,Ajax,DEF,21.4,944,10000000.0,1216226.0105883111,-8783773.98941169,-2.1068324627499884,1.0
Jurriën Timber,2022-2023,Eredivisie,Ajax,DEF,22.0,3029,42000000.0,4916472.070415148,-37083527.92958485,-2.1450784038475295,1.0
Ryan Gravenberch,2021-2022,Eredivisie,Ajax,MID,20.1,2205,35000000.0,4049670.0734173376,-30950329.926582664,-2.1567126470430296,1.0
Ryan Gravenberch,2022-2023,Bundesliga,Bayern Munich,MID,21.1,576,30000000.0,3461143.492016377,-26538856.507983625,-2.159598358169914,1.0
Jurriën Timber,2021-2022,Eredivisie,Ajax,DEF,21.0,2550,35000000.0,4001245.0899011623,-30998754.910098836,-2.1687424763294594,1.0
Malang Sarr,2020-2021,Liga Portugal,Porto,DEF,22.3,567,10000000.0,1142082.9144859433,-8857917.085514057,-2.1697313797671445,1.0
Benoît Badiashile,2022-2023,Ligue 1,Monaco,DEF,22.2,839,40000000.0,4450580.510604408,-35549419.48939559,-2.195844914622672,1.0
Antony,2021-2022,Eredivisie,Ajax,ATT,22.3,1724,35000000.0,3821913.6476315926,-31178086.352368407,-2.2145968094295547,1.0
David Carmo,2021-2022,Liga Portugal,Braga,DEF,22.9,992,15000000.0,1490876.7795676538,-13509123.220432347,-2.308685811546482,1.0
Thomas Beelen,2023-2024,Eredivisie,Feyenoord,DEF,23.0,1297,12000000.0,1122706.5104649016,-10877293.489535099,-2.3691643523867043,1.0
Manuel Ugarte,2022-2023,Liga Portugal,Sporting CP,MID,22.2,2352,50000000.0,4161368.29104091,-45838631.70895909,-2.4861790691204178,1.0
Enzo Fernández,2022-2023,Liga Portugal,Benfica,MID,22.4,1382,80000000.0,4525571.500993789,-75474428.49900621,-2.87228276693482,1.0
Wesley Fofana,2020-2021,Ligue 1,Saint-Étienne,DEF,20.5,315,40000000.0,2165294.862694442,-37834705.13730556,-2.9163229066932868,1.0
