player_id_tm,player_name_tm,player_name_norm,current_club,current_club_norm,current_club_id,current_competition_id,current_league,current_season,current_market_value_eur,current_valuation_date,current_age,date_of_birth,country_of_citizenship,position,sub_position,foot,height_in_cm,homonym_group_size,is_homonym_name,identity_resolution_status,identity_primary_key,snapshot_source
979410,Mohammed Fuseini,mohammed fuseini,Union Saint-Gilloise,union saint gilloise,3948,BE1,Belgian Pro League,2025-2026,3000000,2025-12-10,23.57,2002-05-16 00:00:00,Ghana,Attack,Centre-Forward,right,169.0,2,True,PLAYER_ID_REQUIRED_HOMONYM,player_id_tm,transfermarkt_kaggle_player_scores_latest_valuation
544106,Óscar Gil,oscar gil,RCD Espanyol Barcelona,rcd espanyol barcelona,2727,BE1,Belgian Pro League,2023-2024,2500000,2023-10-13,25.46,1998-04-26 00:00:00,Spain,Defender,Right-Back,right,175.0,2,True,PLAYER_ID_REQUIRED_HOMONYM,player_id_tm,transfermarkt_kaggle_player_scores_latest_valuation
432958,Lucas Mineiro,lucas mineiro,KVC Westerlo,kvc westerlo,968,BE1,Belgian Pro League,2022-2023,1200000,2023-06-09,27.29,1996-02-24 00:00:00,,Midfield,Defensive Midfield,left,188.0,2,True,PLAYER_ID_REQUIRED_HOMONYM,player_id_tm,transfermarkt_kaggle_player_scores_latest_valuation
780136,Aleksandar Stanković,aleksandar stankovic,Inter Milan Primavera,inter milan primavera,2282,BE1,Belgian Pro League,2023-2024,1000000,2024-06-25,18.89,2005-08-03 00:00:00,Serbia,Midfield,Defensive Midfield,right,185.0,2,True,PLAYER_ID_REQUIRED_HOMONYM,player_id_tm,transfermarkt_kaggle_player_scores_latest_valuation
513295,Alioune Ndour,alioune ndour,SV Zulte Waregem,sv zulte waregem,3508,BE1,Belgian Pro League,2022-2023,900000,2023-06-09,25.63,1997-10-21 00:00:00,Senegal,Attack,Centre-Forward,,183.0,2,True,PLAYER_ID_REQUIRED_HOMONYM,player_id_tm,transfermarkt_kaggle_player_scores_latest_valuation
73912,Kanu,kanu,Al-Raed SFC,al raed sfc,601,BE1,Belgian Pro League,2018-2019,600000,2019-06-01,31.69,1987-09-23 00:00:00,Brazil,Midfield,Attacking Midfield,left,190.0,3,True,PLAYER_ID_REQUIRED_HOMONYM,player_id_tm,transfermarkt_kaggle_player_scores_latest_valuation
15338,Fernando,fernando,Al-Shabab FC,al shabab fc,2282,BE1,Belgian Pro League,2013-2014,500000,2013-09-24,32.39,1981-05-03 00:00:00,Brazil,Midfield,Defensive Midfield,right,192.0,4,True,PLAYER_ID_REQUIRED_HOMONYM,player_id_tm,transfermarkt_kaggle_player_scores_latest_valuation
56935,Robson,robson,Waasland-Beveren,waasland beveren,28643,BE1,Belgian Pro League,2014-2015,500000,2014-10-05,31.24,1983-07-10 00:00:00,Brazil,Defender,Centre-Back,right,187.0,2,True,PLAYER_ID_REQUIRED_HOMONYM,player_id_tm,transfermarkt_kaggle_player_scores_latest_valuation
145996,Yuki Kobayashi,yuki kobayashi,Hokkaido Consadole Sapporo,hokkaido consadole sapporo,28643,BE1,Belgian Pro League,2022-2023,500000,2023-06-28,31.18,1992-04-24 00:00:00,Japan,Midfield,Central Midfield,left,182.0,2,True,PLAYER_ID_REQUIRED_HOMONYM,player_id_tm,transfermarkt_kaggle_player_scores_latest_valuation
707063,Malick Mbaye,malick mbaye,FC Metz,fc metz,3508,BE1,Belgian Pro League,2023-2024,500000,2024-06-03,20.16,2004-04-06 00:00:00,Senegal,Attack,Right Winger,right,173.0,2,True,PLAYER_ID_REQUIRED_HOMONYM,player_id_tm,transfermarkt_kaggle_player_scores_latest_valuation
111043,Pierrick Cros,pierrick cros,Retired,retired,29228,BE1,Belgian Pro League,2019-2020,400000,2020-04-08,28.79,1991-06-23 00:00:00,France,Goalkeeper,Goalkeeper,right,185.0,2,True,PLAYER_ID_REQUIRED_HOMONYM,player_id_tm,transfermarkt_kaggle_player_scores_latest_valuation
84870,Francisco Silva,francisco silva,CD Universidad Católica,cd universidad catolica,2282,BE1,Belgian Pro League,2020-2021,300000,2021-03-11,35.08,1986-02-11 00:00:00,Chile,Midfield,Defensive Midfield,right,178.0,2,True,PLAYER_ID_REQUIRED_HOMONYM,player_id_tm,transfermarkt_kaggle_player_scores_latest_valuation
127191,Formose Mendy,formose mendy,US Avranches,us avranches,3508,BE1,Belgian Pro League,2022-2023,300000,2023-06-14,29.68,1993-10-08 00:00:00,France,Defender,Centre-Back,right,187.0,2,True,PLAYER_ID_REQUIRED_HOMONYM,player_id_tm,transfermarkt_kaggle_player_scores_latest_valuation
297189,Marko Nikolic,marko nikolic,Jönköpings Södra IF,jonkopings sodra if,968,BE1,Belgian Pro League,2022-2023,300000,2023-06-27,25.77,1997-09-17 00:00:00,Sweden,Midfield,Central Midfield,right,183.0,2,True,PLAYER_ID_REQUIRED_HOMONYM,player_id_tm,transfermarkt_kaggle_player_scores_latest_valuation
412688,Matheus,matheus,Royal Antwerp FC,royal antwerp fc,1096,BE1,Belgian Pro League,2020-2021,300000,2021-06-07,29.37,1992-01-22 00:00:00,Brazil,Defender,Centre-Back,left,192.0,4,True,PLAYER_ID_REQUIRED_HOMONYM,player_id_tm,transfermarkt_kaggle_player_scores_latest_valuation
15018,João Carlos,joao carlos,KSC Lokeren (- 2020),ksc lokeren 2020,498,BE1,Belgian Pro League,2016-2017,250000,2016-07-15,34.54,1982-01-01 00:00:00,Brazil,Defender,Centre-Back,both,189.0,2,True,PLAYER_ID_REQUIRED_HOMONYM,player_id_tm,transfermarkt_kaggle_player_scores_latest_valuation
27245,Jajá,jaja,Without Club,without club,498,BE1,Belgian Pro League,2020-2021,250000,2021-01-11,34.87,1986-02-28 00:00:00,Brazil,Attack,Centre-Forward,left,190.0,2,True,PLAYER_ID_REQUIRED_HOMONYM,player_id_tm,transfermarkt_kaggle_player_scores_latest_valuation
511169,Carlos Martínez,carlos martinez,LD Alajuelense,ld alajuelense,1245,BE1,Belgian Pro League,2022-2023,250000,2023-06-05,24.18,1999-03-30 00:00:00,Costa Rica,Defender,Right-Back,right,175.0,2,True,PLAYER_ID_REQUIRED_HOMONYM,player_id_tm,transfermarkt_kaggle_player_scores_latest_valuation
1391239,Mohamed Fofana,mohamed fofana,KV Kortrijk,kv kortrijk,601,BE1,Belgian Pro League,2025-2026,250000,2025-12-18,19.97,2005-12-29 00:00:00,Cote d'Ivoire,Defender,Right-Back,right,,2,True,PLAYER_ID_REQUIRED_HOMONYM,player_id_tm,transfermarkt_kaggle_player_scores_latest_valuation
697714,Fabinho,fabinho,Sint-Truidense VV,sint truidense vv,475,BE1,Belgian Pro League,2022-2023,200000,2023-06-09,22.2,2001-03-29 00:00:00,Portugal,Defender,Right-Back,right,181.0,5,True,PLAYER_ID_REQUIRED_HOMONYM,player_id_tm,transfermarkt_kaggle_player_scores_latest_valuation
57840,Pedro,pedro,Auckland City FC,auckland city fc,172,BE1,Belgian Pro League,2012-2013,150000,2013-05-22,29.2,1984-03-10 00:00:00,Spain,Midfield,Central Midfield,right,180.0,5,True,PLAYER_ID_REQUIRED_HOMONYM,player_id_tm,transfermarkt_kaggle_player_scores_latest_valuation
138812,Ibrahima Conté,ibrahima conte,Maccabi Kabilio Jaffa,maccabi kabilio jaffa,2861,BE1,Belgian Pro League,2022-2023,150000,2023-05-29,32.15,1991-04-03 00:00:00,Guinea,Midfield,Attacking Midfield,left,174.0,2,True,PLAYER_ID_REQUIRED_HOMONYM,player_id_tm,transfermarkt_kaggle_player_scores_latest_valuation
990751,Amadou Diallo,amadou diallo,Oud-Heverlee Leuven U23,oud heverlee leuven u23,52563,BE1,Belgian Pro League,2025-2026,150000,2025-12-10,20.82,2005-02-12 00:00:00,Belgium,Attack,Right Winger,left,,2,True,PLAYER_ID_REQUIRED_HOMONYM,player_id_tm,transfermarkt_kaggle_player_scores_latest_valuation
45953,Leandro,leandro,RSC Charleroi,rsc charleroi,172,BE1,Belgian Pro League,2012-2013,100000,2013-06-30,28.25,1985-03-31 00:00:00,Brazil,Midfield,Defensive Midfield,right,182.0,3,True,PLAYER_ID_REQUIRED_HOMONYM,player_id_tm,transfermarkt_kaggle_player_scores_latest_valuation
89561,Marcão,marcao,KVC Westerlo,kvc westerlo,968,BE1,Belgian Pro League,2012-2013,100000,2012-12-29,26.74,1986-04-02 00:00:00,Brazil,Attack,Centre-Forward,right,180.0,5,True,PLAYER_ID_REQUIRED_HOMONYM,player_id_tm,transfermarkt_kaggle_player_scores_latest_valuation
543390,Mamadou Traoré,mamadou traore,CD Teruel,cd teruel,19301,BE1,Belgian Pro League,2025-2026,100000,2025-12-30,23.74,2002-04-03 00:00:00,Mali,Attack,Right Winger,left,170.0,2,True,PLAYER_ID_REQUIRED_HOMONYM,player_id_tm,transfermarkt_kaggle_player_scores_latest_valuation
86057,Kanu,kanu,Sampaio Corrêa Futebol Clube (MA),sampaio correa futebol clube ma,2727,BE1,Belgian Pro League,2021-2022,50000,2021-12-03,37.59,1984-05-03 00:00:00,Brazil,Defender,Centre-Back,right,189.0,3,True,PLAYER_ID_REQUIRED_HOMONYM,player_id_tm,transfermarkt_kaggle_player_scores_latest_valuation
92944,Mohamed Aidara,mohamed aidara,Without Club,without club,29228,BE1,Belgian Pro League,2020-2021,50000,2020-07-31,30.6,1989-12-24 00:00:00,Senegal,Midfield,Defensive Midfield,right,171.0,2,True,PLAYER_ID_REQUIRED_HOMONYM,player_id_tm,transfermarkt_kaggle_player_scores_latest_valuation
99637,Arthur Henrique,arthur henrique,Without Club,without club,498,BE1,Belgian Pro League,2022-2023,50000,2022-07-06,35.47,1987-01-14 00:00:00,Brazil,Defender,Left-Back,left,178.0,2,True,PLAYER_ID_REQUIRED_HOMONYM,player_id_tm,transfermarkt_kaggle_player_scores_latest_valuation
333271,Ahmed Hassan,ahmed hassan,Baladiyat El Mahalla,baladiyat el mahalla,204,BE1,Belgian Pro League,2022-2023,50000,2023-06-29,27.55,1995-12-09 00:00:00,Egypt,Attack,Centre-Forward,right,172.0,2,True,PLAYER_ID_REQUIRED_HOMONYM,player_id_tm,transfermarkt_kaggle_player_scores_latest_valuation
22720,William,william,Académica Coimbra,academica coimbra,3057,BE1,Belgian Pro League,2018-2019,25000,2019-06-29,34.39,1985-02-07 00:00:00,Brazil,Defender,Centre-Back,,185.0,4,True,PLAYER_ID_REQUIRED_HOMONYM,player_id_tm,transfermarkt_kaggle_player_scores_latest_valuation
47931,Rafinha,rafinha,HJK Helsinki,hjk helsinki,157,BE1,Belgian Pro League,2018-2019,25000,2018-10-23,36.32,1982-06-29 00:00:00,Brazil,Defender,Centre-Back,right,184.0,5,True,PLAYER_ID_REQUIRED_HOMONYM,player_id_tm,transfermarkt_kaggle_player_scores_latest_valuation
537598,Fábio Vieira,fabio vieira,Arsenal FC,arsenal fc,41,L1,Bundesliga,2023-2024,22000000,2024-05-27,23.99,2000-05-30 00:00:00,Portugal,Midfield,Attacking Midfield,left,170.0,2,True,PLAYER_ID_REQUIRED_HOMONYM,player_id_tm,transfermarkt_kaggle_player_scores_latest_valuation
1084638,Karim Coulibaly,karim coulibaly,SV Werder Bremen,sv werder bremen,86,L1,Bundesliga,2025-2026,20000000,2025-12-19,18.58,2007-05-23 00:00:00,Germany,Defender,Centre-Back,left,191.0,2,True,PLAYER_ID_REQUIRED_HOMONYM,player_id_tm,transfermarkt_kaggle_player_scores_latest_valuation
977464,Arthur,arthur,Bayer 04 Leverkusen,bayer 04 leverkusen,15,L1,Bundesliga,2025-2026,7000000,2025-12-19,22.76,2003-03-17 00:00:00,Brazil,Defender,Right-Back,right,174.0,2,True,PLAYER_ID_REQUIRED_HOMONYM,player_id_tm,transfermarkt_kaggle_player_scores_latest_valuation
612826,Silas,silas,VfB Stuttgart,vfb stuttgart,39,L1,Bundesliga,2025-2026,3000000,2025-12-19,27.2,1998-10-06 00:00:00,DR Congo,Attack,Right Winger,right,189.0,2,True,PLAYER_ID_REQUIRED_HOMONYM,player_id_tm,transfermarkt_kaggle_player_scores_latest_valuation
838236,Marin Ljubicic,marin ljubicic,1.FC Union Berlin,1 fc union berlin,89,L1,Bundesliga,2025-2026,2500000,2025-12-19,23.81,2002-02-28 00:00:00,Croatia,Attack,Centre-Forward,right,183.0,2,True,PLAYER_ID_REQUIRED_HOMONYM,player_id_tm,transfermarkt_kaggle_player_scores_latest_valuation
7161,Jonas Hofmann,jonas hofmann,Bayer 04 Leverkusen,bayer 04 leverkusen,15,L1,Bundesliga,2025-2026,2000000,2025-12-19,33.43,1992-07-14 00:00:00,Germany,Midfield,Attacking Midfield,right,176.0,2,True,PLAYER_ID_REQUIRED_HOMONYM,player_id_tm,transfermarkt_kaggle_player_scores_latest_valuation
401527,Rogério,rogerio,VfL Wolfsburg,vfl wolfsburg,82,L1,Bundesliga,2025-2026,2000000,2025-12-19,27.93,1998-01-13 00:00:00,Brazil,Defender,Left-Back,left,178.0,2,True,PLAYER_ID_REQUIRED_HOMONYM,player_id_tm,transfermarkt_kaggle_player_scores_latest_valuation
44017,Javi Martínez,javi martinez,Qatar SC,qatar sc,27,L1,Bundesliga,2023-2024,1500000,2023-11-27,35.23,1988-09-02 00:00:00,Spain,Midfield,Defensive Midfield,right,189.0,2,True,PLAYER_ID_REQUIRED_HOMONYM,player_id_tm,transfermarkt_kaggle_player_scores_latest_valuation
288429,Mads Pedersen,mads pedersen,FC Augsburg,fc augsburg,167,L1,Bundesliga,2025-2026,1000000,2025-12-19,29.3,1996-09-01 00:00:00,Denmark,Defender,Left-Back,left,178.0,2,True,PLAYER_ID_REQUIRED_HOMONYM,player_id_tm,transfermarkt_kaggle_player_scores_latest_valuation
6288,Mario Gómez,mario gomez,VfB Stuttgart,vfb stuttgart,79,L1,Bundesliga,2019-2020,800000,2020-04-08,34.75,1985-07-10 00:00:00,Germany,Attack,Centre-Forward,right,189.0,2,True,PLAYER_ID_REQUIRED_HOMONYM,player_id_tm,transfermarkt_kaggle_player_scores_latest_valuation
9543,Edú,edu,Jeonbuk Hyundai Motors,jeonbuk hyundai motors,65,L1,Bundesliga,2017-2018,500000,2017-12-15,36.04,1981-11-30 00:00:00,Brazil,Attack,Centre-Forward,,,3,True,PLAYER_ID_REQUIRED_HOMONYM,player_id_tm,transfermarkt_kaggle_player_scores_latest_valuation
28163,Francisco Rodríguez,francisco rodriguez,Lobos BUAP (- 2019),lobos buap 2019,79,L1,Bundesliga,2018-2019,500000,2019-02-08,37.3,1981-10-20 00:00:00,Mexico,Defender,Centre-Back,,,2,True,PLAYER_ID_REQUIRED_HOMONYM,player_id_tm,transfermarkt_kaggle_player_scores_latest_valuation
52910,Josué,josue,Clube Atlético Mineiro,clube atletico mineiro,82,L1,Bundesliga,2015-2016,500000,2015-12-15,36.41,1979-07-19 00:00:00,Brazil,Midfield,Defensive Midfield,,,2,True,PLAYER_ID_REQUIRED_HOMONYM,player_id_tm,transfermarkt_kaggle_player_scores_latest_valuation
14334,Marcos António,marcos antonio,Johor Darul Ta'zim,johor darul ta zim,4,L1,Bundesliga,2017-2018,300000,2017-12-22,34.58,1983-05-25 00:00:00,Brazil,Defender,Centre-Back,,,2,True,PLAYER_ID_REQUIRED_HOMONYM,player_id_tm,transfermarkt_kaggle_player_scores_latest_valuation
43847,Ronny,ronny,Without Club,without club,44,L1,Bundesliga,2016-2017,300000,2017-02-07,30.75,1986-05-11 00:00:00,Brazil,Midfield,Attacking Midfield,left,175.0,2,True,PLAYER_ID_REQUIRED_HOMONYM,player_id_tm,transfermarkt_kaggle_player_scores_latest_valuation
90489,Santiago García,santiago garcia,Club Alianza Lima,club alianza lima,86,L1,Bundesliga,2023-2024,275000,2023-11-20,35.37,1988-07-08 00:00:00,Argentina,Defender,Centre-Back,left,188.0,2,True,PLAYER_ID_REQUIRED_HOMONYM,player_id_tm,transfermarkt_kaggle_player_scores_latest_valuation
149249,Ewerton,ewerton,Würzburger Kickers,wurzburger kickers,4,L1,Bundesliga,2020-2021,250000,2021-06-16,32.23,1989-03-23 00:00:00,Brazil,Defender,Centre-Back,left,188.0,2,True,PLAYER_ID_REQUIRED_HOMONYM,player_id_tm,transfermarkt_kaggle_player_scores_latest_valuation
684340,Ibrahima Cissé,ibrahima cisse,FC Schalke 04,fc schalke 04,33,L1,Bundesliga,2022-2023,200000,2023-06-22,22.35,2001-02-15 00:00:00,Mali,Defender,Centre-Back,right,196.0,2,True,PLAYER_ID_REQUIRED_HOMONYM,player_id_tm,transfermarkt_kaggle_player_scores_latest_valuation
227085,Jonas Hofmann,jonas hofmann,FC Energie Cottbus,fc energie cottbus,33,L1,Bundesliga,2022-2023,150000,2023-06-19,26.36,1997-02-07 00:00:00,Germany,Midfield,Defensive Midfield,right,173.0,2,True,PLAYER_ID_REQUIRED_HOMONYM,player_id_tm,transfermarkt_kaggle_player_scores_latest_valuation
227967,Francisco Rodríguez,francisco rodriguez,FC Winterthur,fc winterthur,82,L1,Bundesliga,2023-2024,100000,2023-10-19,28.1,1995-09-14 00:00:00,Switzerland,Midfield,Attacking Midfield,right,176.0,2,True,PLAYER_ID_REQUIRED_HOMONYM,player_id_tm,transfermarkt_kaggle_player_scores_latest_valuation
26063,Juan Arango,juan arango,New York Cosmos,new york cosmos,18,L1,Bundesliga,2017-2018,75000,2017-11-27,37.53,1980-05-16 00:00:00,Venezuela,Midfield,Left Midfield,,,2,True,PLAYER_ID_REQUIRED_HOMONYM,player_id_tm,transfermarkt_kaggle_player_scores_latest_valuation
35383,Júnior Díaz,junior diaz,LD Alajuelense,ld alajuelense,105,L1,Bundesliga,2020-2021,75000,2021-06-18,37.77,1983-09-12 00:00:00,Costa Rica,Defender,Centre-Back,left,185.0,2,True,PLAYER_ID_REQUIRED_HOMONYM,player_id_tm,transfermarkt_kaggle_player_scores_latest_valuation
170530,Sinan Kurt,sinan kurt,Karaman FK,karaman fk,44,L1,Bundesliga,2023-2024,10000,2023-08-27,27.09,1996-07-23 00:00:00,Germany,Attack,Left Winger,left,173.0,2,True,PLAYER_ID_REQUIRED_HOMONYM,player_id_tm,transfermarkt_kaggle_player_scores_latest_valuation
272206,Tobias Lauritsen,tobias lauritsen,Sparta Rotterdam,sparta rotterdam,468,NL1,Eredivisie,2023-2024,5000000,2024-05-31,26.75,1997-08-30 00:00:00,Norway,Attack,Centre-Forward,right,196.0,2,True,PLAYER_ID_REQUIRED_HOMONYM,player_id_tm,transfermarkt_kaggle_player_scores_latest_valuation
519731,Danilo,danilo,Rangers FC,rangers fc,467,NL1,Eredivisie,2025-2026,2000000,2025-12-10,26.68,1999-04-07 00:00:00,Brazil,Attack,Centre-Forward,right,174.0,7,True,PLAYER_ID_REQUIRED_HOMONYM,player_id_tm,transfermarkt_kaggle_player_scores_latest_valuation
404383,Pedro Marques,pedro marques,Apollon Limassol,apollon limassol,429,NL1,Eredivisie,2023-2024,800000,2024-05-17,26.06,1998-04-25 00:00:00,Portugal,Attack,Centre-Forward,right,181.0,2,True,PLAYER_ID_REQUIRED_HOMONYM,player_id_tm,transfermarkt_kaggle_player_scores_latest_valuation
184767,Ximo Navarro,ximo navarro,Fortuna Sittard,fortuna sittard,385,NL1,Eredivisie,2022-2023,600000,2023-06-23,33.41,1990-01-23 00:00:00,Spain,Defender,Right-Back,right,176.0,2,True,PLAYER_ID_REQUIRED_HOMONYM,player_id_tm,transfermarkt_kaggle_player_scores_latest_valuation
13048,Luciano,luciano,FC Groningen,fc groningen,202,NL1,Eredivisie,2013-2014,500000,2014-02-11,33.91,1980-03-16 00:00:00,Brazil,Goalkeeper,Goalkeeper,right,174.0,3,True,PLAYER_ID_REQUIRED_HOMONYM,player_id_tm,transfermarkt_kaggle_player_scores_latest_valuation
451338,Fernando Pacheco,fernando pacheco,Club Cienciano,club cienciano,1283,NL1,Eredivisie,2023-2024,500000,2023-11-20,24.4,1999-06-26 00:00:00,Peru,Attack,Left Winger,right,175.0,2,True,PLAYER_ID_REQUIRED_HOMONYM,player_id_tm,transfermarkt_kaggle_player_scores_latest_valuation
120192,Stefan Savic,stefan savic,Warta Poznan,warta poznan,192,NL1,Eredivisie,2023-2024,450000,2023-10-06,29.74,1994-01-09 00:00:00,Austria,Midfield,Attacking Midfield,right,174.0,2,True,PLAYER_ID_REQUIRED_HOMONYM,player_id_tm,transfermarkt_kaggle_player_scores_latest_valuation
367981,Max Svensson,max svensson,Willem II Tilburg,willem ii tilburg,403,NL1,Eredivisie,2023-2024,450000,2023-07-04,25.04,1998-06-19 00:00:00,Sweden,Attack,Left Winger,right,176.0,2,True,PLAYER_ID_REQUIRED_HOMONYM,player_id_tm,transfermarkt_kaggle_player_scores_latest_valuation
33108,Gonzalo García,gonzalo garcia,Without Club,without club,1304,NL1,Eredivisie,2016-2017,300000,2016-07-01,32.72,1983-10-13 00:00:00,Spain,Attack,Second Striker,both,185.0,2,True,PLAYER_ID_REQUIRED_HOMONYM,player_id_tm,transfermarkt_kaggle_player_scores_latest_valuation
44349,Everton,everton,Shanghai Shenxin,shanghai shenxin,1304,NL1,Eredivisie,2015-2016,300000,2015-11-01,32.4,1983-06-08 00:00:00,Brazil,Attack,Centre-Forward,right,178.0,5,True,PLAYER_ID_REQUIRED_HOMONYM,player_id_tm,transfermarkt_kaggle_player_scores_latest_valuation
700680,Luis Felipe,luis felipe,Tombense Futebol Clube (MG),tombense futebol clube mg,383,NL1,Eredivisie,2023-2024,300000,2023-11-27,22.53,2001-05-17 00:00:00,Brazil,Defender,Centre-Back,right,188.0,2,True,PLAYER_ID_REQUIRED_HOMONYM,player_id_tm,transfermarkt_kaggle_player_scores_latest_valuation
800919,Lukas Larsen,lukas larsen,FC Emmen,fc emmen,1283,NL1,Eredivisie,2025-2026,300000,2025-12-16,19.77,2006-03-11 00:00:00,Denmark,Defender,Left-Back,left,180.0,2,True,PLAYER_ID_REQUIRED_HOMONYM,player_id_tm,transfermarkt_kaggle_player_scores_latest_valuation
192611,Joel Pereira,joel pereira,RKC Waalwijk,rkc waalwijk,235,NL1,Eredivisie,2022-2023,250000,2023-06-23,26.98,1996-06-28 00:00:00,Portugal,Goalkeeper,Goalkeeper,right,189.0,2,True,PLAYER_ID_REQUIRED_HOMONYM,player_id_tm,transfermarkt_kaggle_player_scores_latest_valuation
424326,Cheick Touré,cheick toure,PSV Eindhoven U21,psv eindhoven u21,234,NL1,Eredivisie,2021-2022,250000,2022-06-23,21.37,2001-02-07 00:00:00,Netherlands,Attack,Right Winger,right,167.0,2,True,PLAYER_ID_REQUIRED_HOMONYM,player_id_tm,transfermarkt_kaggle_player_scores_latest_valuation
80756,Bruno Andrade,bruno andrade,Go Ahead Eagles,go ahead eagles,403,NL1,Eredivisie,2018-2019,200000,2019-01-21,29.89,1989-03-02 00:00:00,Brazil,Attack,Left Winger,right,175.0,2,True,PLAYER_ID_REQUIRED_HOMONYM,player_id_tm,transfermarkt_kaggle_player_scores_latest_valuation
152916,Luis Pedro,luis pedro,Tsarsko Selo (- 2022),tsarsko selo 2022,202,NL1,Eredivisie,2020-2021,200000,2021-06-17,29.45,1992-01-06 00:00:00,Netherlands,Defender,Centre-Back,right,184.0,2,True,PLAYER_ID_REQUIRED_HOMONYM,player_id_tm,transfermarkt_kaggle_player_scores_latest_valuation
252986,Liam Kelly,liam kelly,Rochdale AFC,rochdale afc,234,NL1,Eredivisie,2022-2023,200000,2023-06-23,27.58,1995-11-22 00:00:00,Ireland,Midfield,Central Midfield,right,163.0,3,True,PLAYER_ID_REQUIRED_HOMONYM,player_id_tm,transfermarkt_kaggle_player_scores_latest_valuation
23492,Thomas Kristensen,thomas kristensen,FC Helsingör,fc helsingor,1268,NL1,Eredivisie,2019-2020,150000,2020-03-09,36.9,1983-04-17 00:00:00,Denmark,Midfield,Central Midfield,right,188.0,2,True,PLAYER_ID_REQUIRED_HOMONYM,player_id_tm,transfermarkt_kaggle_player_scores_latest_valuation
56491,Barry Maguire,barry maguire,FC Den Bosch,fc den bosch,1426,NL1,Eredivisie,2021-2022,150000,2022-06-23,32.65,1989-10-27 00:00:00,Netherlands,Midfield,Attacking Midfield,right,180.0,2,True,PLAYER_ID_REQUIRED_HOMONYM,player_id_tm,transfermarkt_kaggle_player_scores_latest_valuation
205519,Karim Coulibaly,karim coulibaly,US Orléans,us orleans,403,NL1,Eredivisie,2020-2021,150000,2021-06-25,28.06,1993-06-03 00:00:00,France,Attack,Centre-Forward,left,184.0,2,True,PLAYER_ID_REQUIRED_HOMONYM,player_id_tm,transfermarkt_kaggle_player_scores_latest_valuation
227941,Matheus,matheus,VVV-Venlo,vvv venlo,1426,NL1,Eredivisie,2012-2013,150000,2012-07-25,18.45,1994-02-10 00:00:00,Brazil,Defender,Centre-Back,,182.0,4,True,PLAYER_ID_REQUIRED_HOMONYM,player_id_tm,transfermarkt_kaggle_player_scores_latest_valuation
41609,Marcus Pedersen,marcus pedersen,Hamarkameratene,hamarkameratene,499,NL1,Eredivisie,2022-2023,100000,2022-12-09,32.5,1990-06-08 00:00:00,Norway,Attack,Centre-Forward,right,180.0,2,True,PLAYER_ID_REQUIRED_HOMONYM,player_id_tm,transfermarkt_kaggle_player_scores_latest_valuation
71105,Luis Pedro,luis pedro,Without Club,without club,1304,NL1,Eredivisie,2022-2023,10000,2022-07-05,32.19,1990-04-27 00:00:00,Netherlands,Attack,Right Winger,,175.0,2,True,PLAYER_ID_REQUIRED_HOMONYM,player_id_tm,transfermarkt_kaggle_player_scores_latest_valuation
486031,Nico González,nico gonzalez,ACF Fiorentina,acf fiorentina,13,ES1,LaLiga,2023-2024,35000000,2024-06-05,26.17,1998-04-06 00:00:00,Argentina,Attack,Left Winger,left,180.0,2,True,PLAYER_ID_REQUIRED_HOMONYM,player_id_tm,transfermarkt_kaggle_player_scores_latest_valuation
602105,Antony,antony,Real Betis Balompié,real betis balompie,150,ES1,LaLiga,2025-2026,30000000,2025-12-12,25.8,2000-02-24 00:00:00,Brazil,Attack,Right Winger,left,172.0,2,True,PLAYER_ID_REQUIRED_HOMONYM,player_id_tm,transfermarkt_kaggle_player_scores_latest_valuation
834764,Javi Guerra,javi guerra,Valencia CF,valencia cf,1049,ES1,LaLiga,2023-2024,20000000,2024-06-07,21.07,2003-05-13 00:00:00,Spain,Midfield,Central Midfield,right,187.0,2,True,PLAYER_ID_REQUIRED_HOMONYM,player_id_tm,transfermarkt_kaggle_player_scores_latest_valuation
617081,Diego López,diego lopez,Valencia CF,valencia cf,1049,ES1,LaLiga,2025-2026,15000000,2025-12-12,23.58,2002-05-13 00:00:00,Spain,Attack,Right Winger,right,172.0,3,True,PLAYER_ID_REQUIRED_HOMONYM,player_id_tm,transfermarkt_kaggle_player_scores_latest_valuation
298589,David García,david garcia,CA Osasuna,ca osasuna,331,ES1,LaLiga,2023-2024,10000000,2024-06-07,30.31,1994-02-14 00:00:00,Spain,Defender,Centre-Back,both,186.0,2,True,PLAYER_ID_REQUIRED_HOMONYM,player_id_tm,transfermarkt_kaggle_player_scores_latest_valuation
537762,Sergio Arribas,sergio arribas,UD Almería,ud almeria,3302,ES1,LaLiga,2023-2024,10000000,2024-06-07,22.69,2001-09-30 00:00:00,Spain,Midfield,Attacking Midfield,left,174.0,2,True,PLAYER_ID_REQUIRED_HOMONYM,player_id_tm,transfermarkt_kaggle_player_scores_latest_valuation
961087,Pablo García,pablo garcia,Real Betis Balompié,real betis balompie,150,ES1,LaLiga,2025-2026,10000000,2025-12-12,19.5,2006-06-13 00:00:00,Spain,Attack,Right Winger,left,175.0,2,True,PLAYER_ID_REQUIRED_HOMONYM,player_id_tm,transfermarkt_kaggle_player_scores_latest_valuation
375382,André Almeida,andre almeida,Valencia CF,valencia cf,1049,ES1,LaLiga,2025-2026,9000000,2025-12-12,25.54,2000-05-30 00:00:00,Portugal,Midfield,Attacking Midfield,right,176.0,2,True,PLAYER_ID_REQUIRED_HOMONYM,player_id_tm,transfermarkt_kaggle_player_scores_latest_valuation
246291,Diego Llorente,diego llorente,AS Roma,as roma,150,ES1,LaLiga,2023-2024,7000000,2024-06-05,30.8,1993-08-16 00:00:00,Spain,Defender,Centre-Back,right,186.0,2,True,PLAYER_ID_REQUIRED_HOMONYM,player_id_tm,transfermarkt_kaggle_player_scores_latest_valuation
198008,André Silva,andre silva,Real Sociedad,real sociedad,1531,ES1,LaLiga,2023-2024,6000000,2024-06-07,28.59,1995-11-06 00:00:00,Portugal,Attack,Centre-Forward,right,186.0,2,True,PLAYER_ID_REQUIRED_HOMONYM,player_id_tm,transfermarkt_kaggle_player_scores_latest_valuation
568158,Javi López,javi lopez,Real Oviedo,real oviedo,2497,ES1,LaLiga,2025-2026,5000000,2025-12-12,23.72,2002-03-25 00:00:00,Spain,Defender,Left-Back,left,183.0,2,True,PLAYER_ID_REQUIRED_HOMONYM,player_id_tm,transfermarkt_kaggle_player_scores_latest_valuation
35518,David Silva,david silva,Real Sociedad,real sociedad,681,ES1,LaLiga,2022-2023,4000000,2023-06-13,37.43,1986-01-08 00:00:00,Spain,Midfield,Attacking Midfield,left,170.0,2,True,PLAYER_ID_REQUIRED_HOMONYM,player_id_tm,transfermarkt_kaggle_player_scores_latest_valuation
129473,Rafinha,rafinha,Al-Arabi SC,al arabi sc,681,ES1,LaLiga,2023-2024,4000000,2023-11-27,30.79,1993-02-12 00:00:00,Brazil,Midfield,Attacking Midfield,left,174.0,5,True,PLAYER_ID_REQUIRED_HOMONYM,player_id_tm,transfermarkt_kaggle_player_scores_latest_valuation
257062,Álvaro García,alvaro garcia,Rayo Vallecano,rayo vallecano,367,ES1,LaLiga,2023-2024,3000000,2024-06-07,31.61,1992-10-27 00:00:00,Spain,Attack,Left Winger,both,167.0,4,True,PLAYER_ID_REQUIRED_HOMONYM,player_id_tm,transfermarkt_kaggle_player_scores_latest_valuation
457931,Luiz Felipe,luiz felipe,Rayo Vallecano,rayo vallecano,367,ES1,LaLiga,2025-2026,3000000,2025-12-12,28.73,1997-03-22 00:00:00,Italy,Defender,Centre-Back,right,187.0,2,True,PLAYER_ID_REQUIRED_HOMONYM,player_id_tm,transfermarkt_kaggle_player_scores_latest_valuation
585700,Juan Cruz,juan cruz,CD Leganés,cd leganes,1244,ES1,LaLiga,2025-2026,3000000,2025-12-30,25.68,2000-04-25 00:00:00,Spain,Attack,Left Winger,left,180.0,2,True,PLAYER_ID_REQUIRED_HOMONYM,player_id_tm,transfermarkt_kaggle_player_scores_latest_valuation
623024,Jesús Vázquez,jesus vazquez,Valencia CF,valencia cf,1049,ES1,LaLiga,2025-2026,3000000,2025-12-12,22.94,2003-01-02 00:00:00,Spain,Defender,Left-Back,left,182.0,2,True,PLAYER_ID_REQUIRED_HOMONYM,player_id_tm,transfermarkt_kaggle_player_scores_latest_valuation
631002,Raúl García,raul garcia,CA Osasuna,ca osasuna,331,ES1,LaLiga,2025-2026,3000000,2025-12-12,25.11,2000-11-03 00:00:00,Spain,Attack,Centre-Forward,right,192.0,2,True,PLAYER_ID_REQUIRED_HOMONYM,player_id_tm,transfermarkt_kaggle_player_scores_latest_valuation
129444,David López,david lopez,Girona FC,girona fc,12321,ES1,LaLiga,2023-2024,2500000,2024-06-07,34.66,1989-10-09 00:00:00,Spain,Defender,Centre-Back,right,185.0,2,True,PLAYER_ID_REQUIRED_HOMONYM,player_id_tm,transfermarkt_kaggle_player_scores_latest_valuation
439022,Marcão,marcao,Sevilla FC,sevilla fc,368,ES1,LaLiga,2025-2026,2500000,2025-12-12,29.52,1996-06-05 00:00:00,Brazil,Defender,Centre-Back,left,185.0,5,True,PLAYER_ID_REQUIRED_HOMONYM,player_id_tm,transfermarkt_kaggle_player_scores_latest_valuation
453704,Álvaro Fernández,alvaro fernandez,RCD Espanyol Barcelona,rcd espanyol barcelona,368,ES1,LaLiga,2022-2023,2500000,2023-06-13,25.17,1998-04-13 00:00:00,Spain,Goalkeeper,Goalkeeper,right,185.0,2,True,PLAYER_ID_REQUIRED_HOMONYM,player_id_tm,transfermarkt_kaggle_player_scores_latest_valuation
394694,Sergio Ruiz,sergio ruiz,Granada CF,granada cf,16795,ES1,LaLiga,2023-2024,2000000,2024-06-07,29.48,1994-12-16 00:00:00,Spain,Midfield,Central Midfield,right,176.0,2,True,PLAYER_ID_REQUIRED_HOMONYM,player_id_tm,transfermarkt_kaggle_player_scores_latest_valuation
434990,Álex Sola,alex sola,Granada CF,granada cf,16795,ES1,LaLiga,2025-2026,2000000,2025-12-30,26.56,1999-06-09 00:00:00,Spain,Attack,Right Winger,right,178.0,2,True,PLAYER_ID_REQUIRED_HOMONYM,player_id_tm,transfermarkt_kaggle_player_scores_latest_valuation
213260,Rubén García,ruben garcia,CA Osasuna,ca osasuna,331,ES1,LaLiga,2025-2026,1800000,2025-12-12,32.41,1993-07-14 00:00:00,Spain,Attack,Right Winger,left,172.0,2,True,PLAYER_ID_REQUIRED_HOMONYM,player_id_tm,transfermarkt_kaggle_player_scores_latest_valuation
8019,Simão,simao,RCD Espanyol Barcelona,rcd espanyol barcelona,714,ES1,LaLiga,2013-2014,1500000,2014-01-23,34.23,1979-10-31 00:00:00,Portugal,Attack,Left Winger,right,174.0,3,True,PLAYER_ID_REQUIRED_HOMONYM,player_id_tm,transfermarkt_kaggle_player_scores_latest_valuation
34601,Raúl García,raul garcia,Athletic Bilbao,athletic bilbao,621,ES1,LaLiga,2023-2024,1500000,2024-06-07,37.91,1986-07-11 00:00:00,Spain,Attack,Centre-Forward,right,184.0,2,True,PLAYER_ID_REQUIRED_HOMONYM,player_id_tm,transfermarkt_kaggle_player_scores_latest_valuation
268946,José Antonio Caro,jose antonio caro,Burgos CF,burgos cf,366,ES1,LaLiga,2022-2023,1500000,2023-06-14,29.11,1994-05-03 00:00:00,Spain,Goalkeeper,Goalkeeper,left,184.0,2,True,PLAYER_ID_REQUIRED_HOMONYM,player_id_tm,transfermarkt_kaggle_player_scores_latest_valuation
366948,Jailson,jailson,Celta de Vigo,celta de vigo,940,ES1,LaLiga,2023-2024,1500000,2024-06-07,28.75,1995-09-07 00:00:00,Brazil,Midfield,Defensive Midfield,right,187.0,2,True,PLAYER_ID_REQUIRED_HOMONYM,player_id_tm,transfermarkt_kaggle_player_scores_latest_valuation
138935,Sergio Álvarez,sergio alvarez,SD Eibar,sd eibar,1533,ES1,LaLiga,2022-2023,1200000,2023-06-14,31.39,1992-01-23 00:00:00,Spain,Midfield,Central Midfield,right,183.0,2,True,PLAYER_ID_REQUIRED_HOMONYM,player_id_tm,transfermarkt_kaggle_player_scores_latest_valuation
169497,Juan Cruz,juan cruz,CA Osasuna,ca osasuna,331,ES1,LaLiga,2025-2026,1200000,2025-12-12,33.37,1992-07-28 00:00:00,Spain,Defender,Left-Back,left,182.0,2,True,PLAYER_ID_REQUIRED_HOMONYM,player_id_tm,transfermarkt_kaggle_player_scores_latest_valuation
349836,Diego González,diego gonzalez,Elche CF,elche cf,1531,ES1,LaLiga,2023-2024,1200000,2023-10-13,28.71,1995-01-28 00:00:00,Spain,Defender,Centre-Back,right,185.0,2,True,PLAYER_ID_REQUIRED_HOMONYM,player_id_tm,transfermarkt_kaggle_player_scores_latest_valuation
568835,Pablo Martínez,pablo martinez,Levante UD,levante ud,3368,ES1,LaLiga,2022-2023,1200000,2023-06-14,25.31,1998-02-22 00:00:00,Spain,Midfield,Central Midfield,right,182.0,2,True,PLAYER_ID_REQUIRED_HOMONYM,player_id_tm,transfermarkt_kaggle_player_scores_latest_valuation
7922,Sergio García,sergio garcia,RCD Espanyol Barcelona,rcd espanyol barcelona,714,ES1,LaLiga,2018-2019,1000000,2019-06-11,36.01,1983-06-09 00:00:00,Spain,Attack,Centre-Forward,right,174.0,2,True,PLAYER_ID_REQUIRED_HOMONYM,player_id_tm,transfermarkt_kaggle_player_scores_latest_valuation
935230,Gonzalo García,gonzalo garcia,Real Madrid Castilla,real madrid castilla,418,ES1,LaLiga,2023-2024,1000000,2024-06-24,20.25,2004-03-24 00:00:00,Spain,Attack,Centre-Forward,both,182.0,2,True,PLAYER_ID_REQUIRED_HOMONYM,player_id_tm,transfermarkt_kaggle_player_scores_latest_valuation
57229,Paulinho,paulinho,Sport Club Corinthians Paulista,sport club corinthians paulista,131,ES1,LaLiga,2023-2024,800000,2023-07-25,35.0,1988-07-25 00:00:00,Brazil,Midfield,Central Midfield,right,183.0,11,True,PLAYER_ID_REQUIRED_HOMONYM,player_id_tm,transfermarkt_kaggle_player_scores_latest_valuation
189453,Jonathan Silva,jonathan silva,Granada CF,granada cf,3709,ES1,LaLiga,2022-2023,800000,2023-06-14,28.96,1994-06-29 00:00:00,Argentina,Defender,Left-Back,left,178.0,2,True,PLAYER_ID_REQUIRED_HOMONYM,player_id_tm,transfermarkt_kaggle_player_scores_latest_valuation
471474,Javi Martínez,javi martinez,SD Eibar,sd eibar,1533,ES1,LaLiga,2025-2026,800000,2025-12-30,26.02,1999-12-22 00:00:00,Spain,Midfield,Attacking Midfield,right,181.0,2,True,PLAYER_ID_REQUIRED_HOMONYM,player_id_tm,transfermarkt_kaggle_player_scores_latest_valuation
481084,Marcos André,marcos andre,Real Valladolid CF,real valladolid cf,366,ES1,LaLiga,2025-2026,800000,2025-12-30,29.19,1996-10-20 00:00:00,Brazil,Attack,Centre-Forward,right,185.0,2,True,PLAYER_ID_REQUIRED_HOMONYM,player_id_tm,transfermarkt_kaggle_player_scores_latest_valuation
634122,Diego Moreno,diego moreno,CA Osasuna Promesas,ca osasuna promesas,331,ES1,LaLiga,2022-2023,800000,2023-06-13,21.98,2001-06-21 00:00:00,Spain,Defender,Right-Back,right,177.0,3,True,PLAYER_ID_REQUIRED_HOMONYM,player_id_tm,transfermarkt_kaggle_player_scores_latest_valuation
961948,Marcos Fernández,marcos fernandez,AD Ceuta FC,ad ceuta fc,8568,ES1,LaLiga,2025-2026,800000,2025-12-30,22.62,2003-05-17 00:00:00,Spain,Attack,Centre-Forward,right,176.0,2,True,PLAYER_ID_REQUIRED_HOMONYM,player_id_tm,transfermarkt_kaggle_player_scores_latest_valuation
45912,Sergio Álvarez,sergio alvarez,Celta de Vigo,celta de vigo,940,ES1,LaLiga,2020-2021,700000,2021-06-10,34.85,1986-08-03 00:00:00,Spain,Goalkeeper,Goalkeeper,right,179.0,2,True,PLAYER_ID_REQUIRED_HOMONYM,player_id_tm,transfermarkt_kaggle_player_scores_latest_valuation
315312,Juanma García,juanma garcia,Albacete Balompié,albacete balompie,150,ES1,LaLiga,2022-2023,700000,2023-06-14,30.31,1993-02-20 00:00:00,Spain,Attack,Right Winger,,167.0,2,True,PLAYER_ID_REQUIRED_HOMONYM,player_id_tm,transfermarkt_kaggle_player_scores_latest_valuation
435500,Sergio González,sergio gonzalez,CD Tenerife,cd tenerife,2687,ES1,LaLiga,2023-2024,700000,2023-10-13,26.41,1997-05-14 00:00:00,Spain,Defender,Centre-Back,both,184.0,2,True,PLAYER_ID_REQUIRED_HOMONYM,player_id_tm,transfermarkt_kaggle_player_scores_latest_valuation
705813,Rubén Sánchez,ruben sanchez,RCD Espanyol Barcelona,rcd espanyol barcelona,714,ES1,LaLiga,2022-2023,700000,2023-06-13,22.35,2001-02-04 00:00:00,Spain,Defender,Right-Back,right,185.0,2,True,PLAYER_ID_REQUIRED_HOMONYM,player_id_tm,transfermarkt_kaggle_player_scores_latest_valuation
199132,Nono,nono,FC Nassaji Mazandaran,fc nassaji mazandaran,150,ES1,LaLiga,2023-2024,650000,2023-11-28,30.66,1993-03-30 00:00:00,Spain,Midfield,Central Midfield,right,179.0,2,True,PLAYER_ID_REQUIRED_HOMONYM,player_id_tm,transfermarkt_kaggle_player_scores_latest_valuation
118997,Aitor Fernández,aitor fernandez,CA Osasuna,ca osasuna,331,ES1,LaLiga,2025-2026,600000,2025-12-12,34.61,1991-05-03 00:00:00,Spain,Goalkeeper,Goalkeeper,right,182.0,2,True,PLAYER_ID_REQUIRED_HOMONYM,player_id_tm,transfermarkt_kaggle_player_scores_latest_valuation
947431,David López,david lopez,RCD Mallorca,rcd mallorca,237,ES1,LaLiga,2025-2026,600000,2025-12-12,22.86,2003-02-03 00:00:00,Spain,Defender,Centre-Back,right,195.0,2,True,PLAYER_ID_REQUIRED_HOMONYM,player_id_tm,transfermarkt_kaggle_player_scores_latest_valuation
37403,Roberto,roberto,Real Valladolid CF,real valladolid cf,366,ES1,LaLiga,2021-2022,500000,2022-06-29,36.38,1986-02-10 00:00:00,Spain,Goalkeeper,Goalkeeper,right,192.0,2,True,PLAYER_ID_REQUIRED_HOMONYM,player_id_tm,transfermarkt_kaggle_player_scores_latest_valuation
857832,David Torres,david torres,Real Valladolid CF,real valladolid cf,366,ES1,LaLiga,2023-2024,500000,2023-10-13,20.61,2003-03-05 00:00:00,Spain,Defender,Centre-Back,left,182.0,2,True,PLAYER_ID_REQUIRED_HOMONYM,player_id_tm,transfermarkt_kaggle_player_scores_latest_valuation
612496,Marcos Paulo,marcos paulo,Operário Ferroviário Esporte Clube (PR),operario ferroviario esporte clube pr,27214,ES1,LaLiga,2025-2026,450000,2025-11-24,24.81,2001-02-01 00:00:00,Portugal,Attack,Left Winger,right,186.0,2,True,PLAYER_ID_REQUIRED_HOMONYM,player_id_tm,transfermarkt_kaggle_player_scores_latest_valuation
58074,Carlos Martínez,carlos martinez,Burgos CF,burgos cf,681,ES1,LaLiga,2019-2020,400000,2019-09-10,33.42,1986-04-09 00:00:00,Spain,Defender,Right-Back,right,189.0,2,True,PLAYER_ID_REQUIRED_HOMONYM,player_id_tm,transfermarkt_kaggle_player_scores_latest_valuation
99632,Cicinho,cicinho,Retired,retired,368,ES1,LaLiga,2019-2020,400000,2020-04-08,33.68,1986-08-04 00:00:00,Brazil,Defender,Right-Back,right,174.0,2,True,PLAYER_ID_REQUIRED_HOMONYM,player_id_tm,transfermarkt_kaggle_player_scores_latest_valuation
287178,Rubén Sánchez,ruben sanchez,FC OKMK Olmaliq,fc okmk olmaliq,2448,ES1,LaLiga,2023-2024,400000,2023-12-04,29.02,1994-11-25 00:00:00,Spain,Attack,Centre-Forward,left,185.0,2,True,PLAYER_ID_REQUIRED_HOMONYM,player_id_tm,transfermarkt_kaggle_player_scores_latest_valuation
313113,Álex López,alex lopez,AD Alcorcón,ad alcorcon,714,ES1,LaLiga,2022-2023,400000,2023-06-30,26.08,1997-06-02 00:00:00,Spain,Midfield,Central Midfield,right,176.0,2,True,PLAYER_ID_REQUIRED_HOMONYM,player_id_tm,transfermarkt_kaggle_player_scores_latest_valuation
442802,Cristian Rodríguez,cristian rodriguez,CD Castellón,cd castellon,13,ES1,LaLiga,2023-2024,400000,2023-10-13,27.58,1996-03-15 00:00:00,Spain,Midfield,Central Midfield,right,175.0,2,True,PLAYER_ID_REQUIRED_HOMONYM,player_id_tm,transfermarkt_kaggle_player_scores_latest_valuation
490421,Momo Mbaye,momo mbaye,Cádiz CF,cadiz cf,2687,ES1,LaLiga,2023-2024,400000,2024-06-07,25.94,1998-06-28 00:00:00,Senegal,Defender,Centre-Back,left,192.0,2,True,PLAYER_ID_REQUIRED_HOMONYM,player_id_tm,transfermarkt_kaggle_player_scores_latest_valuation
590690,Víctor García,victor garcia,AD Alcorcón,ad alcorcon,3368,ES1,LaLiga,2022-2023,400000,2023-06-30,25.79,1997-09-16 00:00:00,Spain,Defender,Right-Back,right,180.0,2,True,PLAYER_ID_REQUIRED_HOMONYM,player_id_tm,transfermarkt_kaggle_player_scores_latest_valuation
646746,Roger Martínez,roger martinez,RCD Espanyol B,rcd espanyol b,714,ES1,LaLiga,2022-2023,400000,2023-06-30,19.23,2004-04-05 00:00:00,Spain,Midfield,Central Midfield,right,177.0,2,True,PLAYER_ID_REQUIRED_HOMONYM,player_id_tm,transfermarkt_kaggle_player_scores_latest_valuation
58281,Simão,simao,Without Club,without club,3368,ES1,LaLiga,2021-2022,350000,2021-10-28,33.35,1988-06-23 00:00:00,Mozambique,Defender,Centre-Back,right,180.0,3,True,PLAYER_ID_REQUIRED_HOMONYM,player_id_tm,transfermarkt_kaggle_player_scores_latest_valuation
15983,Juan Rodríguez,juan rodriguez,RCD Mallorca,rcd mallorca,3709,ES1,LaLiga,2016-2017,300000,2017-06-29,35.24,1982-04-01 00:00:00,Spain,Midfield,Defensive Midfield,right,185.0,2,True,PLAYER_ID_REQUIRED_HOMONYM,player_id_tm,transfermarkt_kaggle_player_scores_latest_valuation
34370,Diego López,diego lopez,Rayo Vallecano,rayo vallecano,367,ES1,LaLiga,2022-2023,300000,2023-06-13,41.61,1981-11-03 00:00:00,Spain,Goalkeeper,Goalkeeper,right,196.0,3,True,PLAYER_ID_REQUIRED_HOMONYM,player_id_tm,transfermarkt_kaggle_player_scores_latest_valuation
39783,Alejandro Alfaro,alejandro alfaro,Hércules CF,hercules cf,237,ES1,LaLiga,2019-2020,300000,2019-09-10,32.8,1986-11-23 00:00:00,Spain,Attack,Left Winger,right,175.0,2,True,PLAYER_ID_REQUIRED_HOMONYM,player_id_tm,transfermarkt_kaggle_player_scores_latest_valuation
44073,Adrián González,adrian gonzalez,CF Fuenlabrada,cf fuenlabrada,1084,ES1,LaLiga,2021-2022,300000,2022-06-29,34.09,1988-05-25 00:00:00,Spain,Midfield,Central Midfield,left,184.0,2,True,PLAYER_ID_REQUIRED_HOMONYM,player_id_tm,transfermarkt_kaggle_player_scores_latest_valuation
147490,Diego Rodríguez,diego rodriguez,Without Club,without club,1084,ES1,LaLiga,2020-2021,300000,2021-01-02,29.98,1991-01-08 00:00:00,Uruguay,Defender,Centre-Back,left,189.0,3,True,PLAYER_ID_REQUIRED_HOMONYM,player_id_tm,transfermarkt_kaggle_player_scores_latest_valuation
199341,Óscar Gil,oscar gil,CD Castellón,cd castellon,621,ES1,LaLiga,2022-2023,300000,2023-06-30,28.04,1995-06-14 00:00:00,Spain,Defender,Centre-Back,right,184.0,2,True,PLAYER_ID_REQUIRED_HOMONYM,player_id_tm,transfermarkt_kaggle_player_scores_latest_valuation
238717,Pablo Pérez,pablo perez,CF Rayo Majadahonda,cf rayo majadahonda,2448,ES1,LaLiga,2023-2024,300000,2023-10-13,30.2,1993-08-02 00:00:00,Spain,Midfield,Attacking Midfield,right,187.0,3,True,PLAYER_ID_REQUIRED_HOMONYM,player_id_tm,transfermarkt_kaggle_player_scores_latest_valuation
541621,Marc Vidal,marc vidal,Celta de Vigo,celta de vigo,940,ES1,LaLiga,2025-2026,300000,2025-12-12,25.83,2000-02-14 00:00:00,Spain,Goalkeeper,Goalkeeper,right,185.0,2,True,PLAYER_ID_REQUIRED_HOMONYM,player_id_tm,transfermarkt_kaggle_player_scores_latest_valuation
8163,Rodri,rodri,UE Llagostera,ue llagostera,367,ES1,LaLiga,2016-2017,250000,2017-06-05,32.8,1984-08-17 00:00:00,Spain,Defender,Centre-Back,right,185.0,2,True,PLAYER_ID_REQUIRED_HOMONYM,player_id_tm,transfermarkt_kaggle_player_scores_latest_valuation
175448,Juan Delgado,juan delgado,CF La Nucía,cf la nucia,3368,ES1,LaLiga,2022-2023,250000,2023-06-30,29.49,1994-01-03 00:00:00,Spain,Attack,Centre-Forward,right,183.0,2,True,PLAYER_ID_REQUIRED_HOMONYM,player_id_tm,transfermarkt_kaggle_player_scores_latest_valuation
275028,Juan Rodríguez,juan rodriguez,SD Amorebieta,sd amorebieta,2448,ES1,LaLiga,2022-2023,250000,2023-06-30,28.15,1995-05-08 00:00:00,Spain,Defender,Centre-Back,right,184.0,2,True,PLAYER_ID_REQUIRED_HOMONYM,player_id_tm,transfermarkt_kaggle_player_scores_latest_valuation
8184,Rubén Martínez,ruben martinez,AEK Larnaca,aek larnaca,331,ES1,LaLiga,2021-2022,200000,2022-01-11,37.56,1984-06-22 00:00:00,Spain,Goalkeeper,Goalkeeper,right,187.0,2,True,PLAYER_ID_REQUIRED_HOMONYM,player_id_tm,transfermarkt_kaggle_player_scores_latest_valuation
31050,Damien Perquis,damien perquis,GFC Ajaccio,gfc ajaccio,150,ES1,LaLiga,2018-2019,200000,2019-06-27,35.21,1984-04-10 00:00:00,Poland,Defender,Centre-Back,right,184.0,2,True,PLAYER_ID_REQUIRED_HOMONYM,player_id_tm,transfermarkt_kaggle_player_scores_latest_valuation
45383,Adrián López,adrian lopez,Without Club,without club,331,ES1,LaLiga,2022-2023,200000,2023-03-28,35.22,1988-01-08 00:00:00,Spain,Attack,Centre-Forward,right,183.0,2,True,PLAYER_ID_REQUIRED_HOMONYM,player_id_tm,transfermarkt_kaggle_player_scores_latest_valuation
46215,Javi Guerra,javi guerra,Rayo Vallecano,rayo vallecano,367,ES1,LaLiga,2018-2019,200000,2019-06-11,37.24,1982-03-15 00:00:00,Spain,Attack,Centre-Forward,right,178.0,2,True,PLAYER_ID_REQUIRED_HOMONYM,player_id_tm,transfermarkt_kaggle_player_scores_latest_valuation
56777,Luísinho,luisinho,SD Huesca,sd huesca,5358,ES1,LaLiga,2020-2021,200000,2021-06-10,36.1,1985-05-05 00:00:00,Portugal,Defender,Left-Back,left,171.0,2,True,PLAYER_ID_REQUIRED_HOMONYM,player_id_tm,transfermarkt_kaggle_player_scores_latest_valuation
76273,Manu García,manu garcia,Without Club,without club,1108,ES1,LaLiga,2023-2024,200000,2023-10-25,37.5,1986-04-26 00:00:00,Spain,Midfield,Central Midfield,left,183.0,2,True,PLAYER_ID_REQUIRED_HOMONYM,player_id_tm,transfermarkt_kaggle_player_scores_latest_valuation
120705,Juan Carlos,juan carlos,Girona FC,girona fc,12321,ES1,LaLiga,2023-2024,200000,2024-06-07,36.38,1988-01-20 00:00:00,Spain,Goalkeeper,Goalkeeper,right,187.0,2,True,PLAYER_ID_REQUIRED_HOMONYM,player_id_tm,transfermarkt_kaggle_player_scores_latest_valuation
127457,Álex López,alex lopez,Racing Ferrol,racing ferrol,940,ES1,LaLiga,2023-2024,200000,2023-10-13,35.75,1988-01-11 00:00:00,Spain,Midfield,Central Midfield,right,178.0,2,True,PLAYER_ID_REQUIRED_HOMONYM,player_id_tm,transfermarkt_kaggle_player_scores_latest_valuation
154059,Charles,charles,Pontevedra CF,pontevedra cf,1533,ES1,LaLiga,2022-2023,200000,2023-06-30,39.24,1984-04-04 00:00:00,Brazil,Attack,Centre-Forward,right,179.0,4,True,PLAYER_ID_REQUIRED_HOMONYM,player_id_tm,transfermarkt_kaggle_player_scores_latest_valuation
221986,Héctor Hernández,hector hernandez,CF Rayo Majadahonda,cf rayo majadahonda,1108,ES1,LaLiga,2022-2023,200000,2023-06-30,32.1,1991-05-23 00:00:00,Spain,Defender,Left-Back,left,171.0,2,True,PLAYER_ID_REQUIRED_HOMONYM,player_id_tm,transfermarkt_kaggle_player_scores_latest_valuation
227954,Mario Gómez,mario gomez,CD Toledo,cd toledo,367,ES1,LaLiga,2021-2022,200000,2022-06-29,29.73,1992-10-06 00:00:00,Spain,Defender,Centre-Back,right,183.0,2,True,PLAYER_ID_REQUIRED_HOMONYM,player_id_tm,transfermarkt_kaggle_player_scores_latest_valuation
254039,José Antonio Caro,jose antonio caro,Linares Deportivo,linares deportivo,150,ES1,LaLiga,2022-2023,200000,2023-06-30,30.31,1993-03-08 00:00:00,Spain,Defender,Centre-Back,right,183.0,2,True,PLAYER_ID_REQUIRED_HOMONYM,player_id_tm,transfermarkt_kaggle_player_scores_latest_valuation
303248,Pedro López,pedro lopez,AD Ceuta FC,ad ceuta fc,150,ES1,LaLiga,2023-2024,200000,2023-10-13,28.73,1995-01-21 00:00:00,Spain,Goalkeeper,Goalkeeper,right,189.0,2,True,PLAYER_ID_REQUIRED_HOMONYM,player_id_tm,transfermarkt_kaggle_player_scores_latest_valuation
457107,Ángel López,angel lopez,CF La Nucía,cf la nucia,1533,ES1,LaLiga,2022-2023,200000,2023-06-30,26.39,1997-02-07 00:00:00,Spain,Defender,Left-Back,left,172.0,2,True,PLAYER_ID_REQUIRED_HOMONYM,player_id_tm,transfermarkt_kaggle_player_scores_latest_valuation
495600,Álvaro García,alvaro garcia,RCD Espanyol Barcelona,rcd espanyol barcelona,714,ES1,LaLiga,2022-2023,200000,2023-06-30,23.08,2000-06-01 00:00:00,Spain,Defender,Centre-Back,left,184.0,4,True,PLAYER_ID_REQUIRED_HOMONYM,player_id_tm,transfermarkt_kaggle_player_scores_latest_valuation
510971,Víctor López,victor lopez,SD Amorebieta,sd amorebieta,1108,ES1,LaLiga,2022-2023,200000,2023-06-30,26.13,1997-05-12 00:00:00,Spain,Defender,Right-Back,right,180.0,2,True,PLAYER_ID_REQUIRED_HOMONYM,player_id_tm,transfermarkt_kaggle_player_scores_latest_valuation
628494,Carlos García,carlos garcia,Cádiz CF Mirandilla,cadiz cf mirandilla,2687,ES1,LaLiga,2022-2023,200000,2023-06-30,22.98,2000-07-07 00:00:00,Spain,Defender,Centre-Back,right,188.0,3,True,PLAYER_ID_REQUIRED_HOMONYM,player_id_tm,transfermarkt_kaggle_player_scores_latest_valuation
711628,Pablo Pérez,pablo perez,Sevilla Atlético,sevilla atletico,368,ES1,LaLiga,2022-2023,200000,2023-06-30,21.86,2001-08-18 00:00:00,Spain,Defender,Left-Back,left,174.0,3,True,PLAYER_ID_REQUIRED_HOMONYM,player_id_tm,transfermarkt_kaggle_player_scores_latest_valuation
949489,Abdoulaye Keita,abdoulaye keita,SD Ponferradina,sd ponferradina,4032,ES1,LaLiga,2025-2026,200000,2025-12-30,23.33,2002-09-01 00:00:00,Spain,Attack,Left Winger,,186.0,3,True,PLAYER_ID_REQUIRED_HOMONYM,player_id_tm,transfermarkt_kaggle_player_scores_latest_valuation
982848,Raúl Jiménez,raul jimenez,Valencia Mestalla,valencia mestalla,6182,ES1,LaLiga,2025-2026,200000,2025-12-30,19.87,2006-02-16 00:00:00,Spain,Goalkeeper,Goalkeeper,left,188.0,2,True,PLAYER_ID_REQUIRED_HOMONYM,player_id_tm,transfermarkt_kaggle_player_scores_latest_valuation
8746,Carlos Peña,carlos pena,FC Goa,fc goa,366,ES1,LaLiga,2019-2020,175000,2019-12-30,36.42,1983-07-28 00:00:00,Spain,Defender,Left-Back,left,181.0,2,True,PLAYER_ID_REQUIRED_HOMONYM,player_id_tm,transfermarkt_kaggle_player_scores_latest_valuation
39004,Juan Carlos,juan carlos,Atlético Baleares,atletico baleares,1050,ES1,LaLiga,2020-2021,150000,2021-01-08,33.45,1987-07-27 00:00:00,Spain,Goalkeeper,Goalkeeper,right,182.0,2,True,PLAYER_ID_REQUIRED_HOMONYM,player_id_tm,transfermarkt_kaggle_player_scores_latest_valuation
226262,Miguel García,miguel garcia,UD Melilla,ud melilla,16795,ES1,LaLiga,2022-2023,150000,2023-06-30,32.2,1991-04-17 00:00:00,Spain,Attack,Left Winger,left,178.0,2,True,PLAYER_ID_REQUIRED_HOMONYM,player_id_tm,transfermarkt_kaggle_player_scores_latest_valuation
251860,Javi Jiménez,javi jimenez,AD Alcorcón,ad alcorcon,1049,ES1,LaLiga,2022-2023,150000,2023-06-30,26.3,1997-03-11 00:00:00,Spain,Defender,Centre-Back,right,182.0,2,True,PLAYER_ID_REQUIRED_HOMONYM,player_id_tm,transfermarkt_kaggle_player_scores_latest_valuation
568149,Alberto Moreno,alberto moreno,Atlético de Madrid B,atletico de madrid b,13,ES1,LaLiga,2022-2023,150000,2023-06-30,21.2,2002-04-19 00:00:00,Spain,Midfield,Central Midfield,right,175.0,2,True,PLAYER_ID_REQUIRED_HOMONYM,player_id_tm,transfermarkt_kaggle_player_scores_latest_valuation
833340,Mario González,mario gonzalez,Recreativo Granada,recreativo granada,21550,ES1,LaLiga,2023-2024,150000,2024-06-24,20.38,2004-02-05 00:00:00,Spain,Midfield,Attacking Midfield,right,174.0,2,True,PLAYER_ID_REQUIRED_HOMONYM,player_id_tm,transfermarkt_kaggle_player_scores_latest_valuation
1064403,Álvaro García,alvaro garcia,Deportivo Alavés B,deportivo alaves b,8880,ES1,LaLiga,2023-2024,150000,2024-06-24,18.77,2005-09-15 00:00:00,Spain,Defender,Centre-Back,,192.0,4,True,PLAYER_ID_REQUIRED_HOMONYM,player_id_tm,transfermarkt_kaggle_player_scores_latest_valuation
3535,Ricardo,ricardo,CA Osasuna,ca osasuna,331,ES1,LaLiga,2012-2013,100000,2013-06-14,41.46,1971-12-30 00:00:00,Spain,Goalkeeper,Goalkeeper,left,187.0,2,True,PLAYER_ID_REQUIRED_HOMONYM,player_id_tm,transfermarkt_kaggle_player_scores_latest_valuation
7512,Borja Fernández,borja fernandez,Real Valladolid CF,real valladolid cf,366,ES1,LaLiga,2018-2019,100000,2019-06-11,38.4,1981-01-14 00:00:00,Spain,Midfield,Defensive Midfield,right,189.0,2,True,PLAYER_ID_REQUIRED_HOMONYM,player_id_tm,transfermarkt_kaggle_player_scores_latest_valuation
15500,Ángel López,angel lopez,UD Las Palmas,ud las palmas,472,ES1,LaLiga,2016-2017,100000,2016-07-01,35.31,1981-03-10 00:00:00,Spain,Defender,Right-Back,right,180.0,2,True,PLAYER_ID_REQUIRED_HOMONYM,player_id_tm,transfermarkt_kaggle_player_scores_latest_valuation
25412,Pedro López,pedro lopez,SD Huesca,sd huesca,5358,ES1,LaLiga,2020-2021,100000,2021-06-10,37.61,1983-11-01 00:00:00,Spain,Defender,Right-Back,right,174.0,2,True,PLAYER_ID_REQUIRED_HOMONYM,player_id_tm,transfermarkt_kaggle_player_scores_latest_valuation
29178,Nino,nino,Elche CF,elche cf,1531,ES1,LaLiga,2020-2021,100000,2021-06-10,41.0,1980-06-10 00:00:00,Spain,Attack,Centre-Forward,right,169.0,2,True,PLAYER_ID_REQUIRED_HOMONYM,player_id_tm,transfermarkt_kaggle_player_scores_latest_valuation
35536,Toño,tono,Rayo Vallecano,rayo vallecano,367,ES1,LaLiga,2016-2017,100000,2017-06-29,37.53,1979-12-17 00:00:00,Spain,Goalkeeper,Goalkeeper,right,182.0,2,True,PLAYER_ID_REQUIRED_HOMONYM,player_id_tm,transfermarkt_kaggle_player_scores_latest_valuation
55884,Pablo Pérez,pablo perez,CA Newell's Old Boys,ca newell s old boys,1084,ES1,LaLiga,2023-2024,100000,2023-07-04,37.9,1985-08-10 00:00:00,Argentina,Midfield,Central Midfield,right,175.0,3,True,PLAYER_ID_REQUIRED_HOMONYM,player_id_tm,transfermarkt_kaggle_player_scores_latest_valuation
57800,Roberto Fernández,roberto fernandez,CD Lugo,cd lugo,16795,ES1,LaLiga,2017-2018,100000,2018-05-30,39.34,1979-01-25 00:00:00,Spain,Goalkeeper,Goalkeeper,right,181.0,3,True,PLAYER_ID_REQUIRED_HOMONYM,player_id_tm,transfermarkt_kaggle_player_scores_latest_valuation
67082,Vitolo,vitolo,Atlético de Madrid,atletico de madrid,13,ES1,LaLiga,2023-2024,100000,2024-06-07,34.6,1989-11-02 00:00:00,Spain,Attack,Left Winger,right,184.0,2,True,PLAYER_ID_REQUIRED_HOMONYM,player_id_tm,transfermarkt_kaggle_player_scores_latest_valuation
71394,Carlos Carmona,carlos carmona,CF Intercity,cf intercity,2448,ES1,LaLiga,2022-2023,100000,2022-12-29,35.49,1987-07-05 00:00:00,Spain,Attack,Right Winger,right,178.0,2,True,PLAYER_ID_REQUIRED_HOMONYM,player_id_tm,transfermarkt_kaggle_player_scores_latest_valuation
195604,Sueliton,sueliton,Without Club,without club,367,ES1,LaLiga,2020-2021,100000,2020-11-10,34.23,1986-08-19 00:00:00,Brazil,Defender,Right-Back,right,178.0,2,True,PLAYER_ID_REQUIRED_HOMONYM,player_id_tm,transfermarkt_kaggle_player_scores_latest_valuation
323169,Sergio García,sergio garcia,CD San Roque de Lepe,cd san roque de lepe,993,ES1,LaLiga,2023-2024,100000,2023-10-13,26.79,1996-12-27 00:00:00,Spain,Attack,Left Winger,,182.0,2,True,PLAYER_ID_REQUIRED_HOMONYM,player_id_tm,transfermarkt_kaggle_player_scores_latest_valuation
391045,Javito,javito,CD Brea,cd brea,5358,ES1,LaLiga,2022-2023,100000,2023-06-30,24.53,1998-12-18 00:00:00,Spain,Midfield,Central Midfield,,,2,True,PLAYER_ID_REQUIRED_HOMONYM,player_id_tm,transfermarkt_kaggle_player_scores_latest_valuation
495627,Álvaro Fernández,alvaro fernandez,Real Avilés Industrial,real aviles industrial,940,ES1,LaLiga,2022-2023,100000,2023-06-30,23.22,2000-04-10 00:00:00,Spain,Goalkeeper,Goalkeeper,both,185.0,2,True,PLAYER_ID_REQUIRED_HOMONYM,player_id_tm,transfermarkt_kaggle_player_scores_latest_valuation
635346,Diego Moreno,diego moreno,Real Valladolid Promesas,real valladolid promesas,366,ES1,LaLiga,2022-2023,100000,2023-06-30,21.45,2002-01-18 00:00:00,Spain,Defender,Left-Back,left,175.0,3,True,PLAYER_ID_REQUIRED_HOMONYM,player_id_tm,transfermarkt_kaggle_player_scores_latest_valuation
784717,Fran González,fran gonzalez,Atlético de Madrid B,atletico de madrid b,13,ES1,LaLiga,2022-2023,100000,2023-06-30,24.88,1998-08-13 00:00:00,Spain,Defender,Centre-Back,right,190.0,2,True,PLAYER_ID_REQUIRED_HOMONYM,player_id_tm,transfermarkt_kaggle_player_scores_latest_valuation
891091,Diego López,diego lopez,Getafe CF B,getafe cf b,8510,ES1,LaLiga,2023-2024,100000,2024-06-24,22.67,2001-10-21 00:00:00,Spain,Midfield,Attacking Midfield,,,3,True,PLAYER_ID_REQUIRED_HOMONYM,player_id_tm,transfermarkt_kaggle_player_scores_latest_valuation
91763,Pablo Hernández,pablo hernandez,CD O'Higgins,cd o higgins,940,ES1,LaLiga,2023-2024,75000,2023-07-20,36.74,1986-10-24 00:00:00,Chile,Midfield,Central Midfield,left,184.0,2,True,PLAYER_ID_REQUIRED_HOMONYM,player_id_tm,transfermarkt_kaggle_player_scores_latest_valuation
7901,Nano,nano,Racing Ferrol,racing ferrol,331,ES1,LaLiga,2017-2018,50000,2018-05-30,36.11,1982-04-20 00:00:00,Spain,Defender,Left-Back,left,187.0,2,True,PLAYER_ID_REQUIRED_HOMONYM,player_id_tm,transfermarkt_kaggle_player_scores_latest_valuation
27683,Jesús Vázquez,jesus vazquez,Retired,retired,897,ES1,LaLiga,2016-2017,50000,2017-06-30,37.45,1980-01-18 00:00:00,Spain,Midfield,Central Midfield,right,183.0,2,True,PLAYER_ID_REQUIRED_HOMONYM,player_id_tm,transfermarkt_kaggle_player_scores_latest_valuation
44012,David García,david garcia,UD Tamaraceite,ud tamaraceite,472,ES1,LaLiga,2020-2021,50000,2021-06-30,39.34,1982-02-25 00:00:00,Spain,Defender,Centre-Back,right,183.0,2,True,PLAYER_ID_REQUIRED_HOMONYM,player_id_tm,transfermarkt_kaggle_player_scores_latest_valuation
52647,Júlio César,julio cesar,Clube de Regatas Brasil (AL),clube de regatas brasil al,3709,ES1,LaLiga,2023-2024,50000,2023-11-27,37.23,1986-09-02 00:00:00,Brazil,Goalkeeper,Goalkeeper,right,191.0,7,True,PLAYER_ID_REQUIRED_HOMONYM,player_id_tm,transfermarkt_kaggle_player_scores_latest_valuation
69611,Javi Jiménez,javi jimenez,SD Compostela,sd compostela,3368,ES1,LaLiga,2022-2023,50000,2023-06-30,36.06,1987-06-08 00:00:00,Spain,Goalkeeper,Goalkeeper,right,188.0,2,True,PLAYER_ID_REQUIRED_HOMONYM,player_id_tm,transfermarkt_kaggle_player_scores_latest_valuation
76285,Toño,tono,Racing Rioja CF,racing rioja cf,681,ES1,LaLiga,2022-2023,50000,2023-06-30,36.6,1986-11-23 00:00:00,Spain,Goalkeeper,Goalkeeper,right,191.0,2,True,PLAYER_ID_REQUIRED_HOMONYM,player_id_tm,transfermarkt_kaggle_player_scores_latest_valuation
101723,Fran González,fran gonzalez,Terrassa FC,terrassa fc,142,ES1,LaLiga,2022-2023,50000,2023-06-30,34.41,1989-02-01 00:00:00,Spain,Defender,Centre-Back,right,182.0,2,True,PLAYER_ID_REQUIRED_HOMONYM,player_id_tm,transfermarkt_kaggle_player_scores_latest_valuation
199134,Carlos García,carlos garcia,Juventud Torremolinos CF,juventud torremolinos cf,150,ES1,LaLiga,2022-2023,50000,2023-06-30,29.78,1993-09-17 00:00:00,Spain,Midfield,Attacking Midfield,,181.0,3,True,PLAYER_ID_REQUIRED_HOMONYM,player_id_tm,transfermarkt_kaggle_player_scores_latest_valuation
339814,Juan Moreno,juan moreno,CD Palencia Cristo Atlético,cd palencia cristo atletico,13,ES1,LaLiga,2021-2022,50000,2022-06-29,25.13,1997-05-11 00:00:00,Spain,Attack,Right Winger,both,178.0,2,True,PLAYER_ID_REQUIRED_HOMONYM,player_id_tm,transfermarkt_kaggle_player_scores_latest_valuation
462380,Jesús Rodríguez,jesus rodriguez,Recreativo Granada,recreativo granada,16795,ES1,LaLiga,2022-2023,50000,2023-06-30,25.38,1998-02-11 00:00:00,Spain,Attack,Right Winger,left,173.0,2,True,PLAYER_ID_REQUIRED_HOMONYM,player_id_tm,transfermarkt_kaggle_player_scores_latest_valuation
477238,Sergio Arribas,sergio arribas,Ourense CF,ourense cf,1244,ES1,LaLiga,2022-2023,50000,2022-12-29,27.48,1995-07-07 00:00:00,Spain,Attack,Right Winger,right,,2,True,PLAYER_ID_REQUIRED_HOMONYM,player_id_tm,transfermarkt_kaggle_player_scores_latest_valuation
531305,Pablo Muñoz,pablo munoz,CD Palencia Cristo Atlético,cd palencia cristo atletico,366,ES1,LaLiga,2022-2023,50000,2022-12-29,23.03,1999-12-19 00:00:00,Spain,Midfield,Attacking Midfield,,,2,True,PLAYER_ID_REQUIRED_HOMONYM,player_id_tm,transfermarkt_kaggle_player_scores_latest_valuation
720488,Alejandro Alfaro,alejandro alfaro,UD Alzira,ud alzira,1531,ES1,LaLiga,2023-2024,50000,2023-10-13,21.33,2002-06-15 00:00:00,Spain,Midfield,Central Midfield,right,183.0,2,True,PLAYER_ID_REQUIRED_HOMONYM,player_id_tm,transfermarkt_kaggle_player_scores_latest_valuation
947432,Marcos Fernández,marcos fernandez,RCD Mallorca B,rcd mallorca b,8494,ES1,LaLiga,2023-2024,50000,2024-06-26,20.94,2003-07-17 00:00:00,Spain,Defender,Left-Back,,,2,True,PLAYER_ID_REQUIRED_HOMONYM,player_id_tm,transfermarkt_kaggle_player_scores_latest_valuation
1025582,Juan Arango,juan arango,Girona FC B,girona fc b,38006,ES1,LaLiga,2025-2026,50000,2025-12-30,19.51,2006-06-27 00:00:00,Venezuela,Attack,Left Winger,right,175.0,2,True,PLAYER_ID_REQUIRED_HOMONYM,player_id_tm,transfermarkt_kaggle_player_scores_latest_valuation
1045767,Pablo Muñoz,pablo munoz,CD Atlético Baleares,cd atletico baleares,18687,ES1,LaLiga,2023-2024,50000,2024-06-24,20.8,2003-09-04 00:00:00,Spain,Midfield,Attacking Midfield,right,170.0,2,True,PLAYER_ID_REQUIRED_HOMONYM,player_id_tm,transfermarkt_kaggle_player_scores_latest_valuation
537369,Adrián González,adrian gonzalez,Sevilla Atlético,sevilla atletico,368,ES1,LaLiga,2022-2023,25000,2023-06-30,23.28,2000-03-20 00:00:00,Spain,Goalkeeper,Goalkeeper,right,188.0,2,True,PLAYER_ID_REQUIRED_HOMONYM,player_id_tm,transfermarkt_kaggle_player_scores_latest_valuation
1179293,Sergio Ruiz,sergio ruiz,Las Palmas Atlético,las palmas atletico,11610,ES1,LaLiga,2025-2026,25000,2025-12-30,19.72,2006-04-12 00:00:00,Spain,Attack,Left Winger,right,175.0,2,True,PLAYER_ID_REQUIRED_HOMONYM,player_id_tm,transfermarkt_kaggle_player_scores_latest_valuation
1365799,Arturo Rodríguez,arturo rodriguez,Las Palmas Atlético,las palmas atletico,11610,ES1,LaLiga,2025-2026,25000,2025-12-30,19.4,2006-08-05 00:00:00,Spain,Attack,Right Winger,left,,2,True,PLAYER_ID_REQUIRED_HOMONYM,player_id_tm,transfermarkt_kaggle_player_scores_latest_valuation
1384902,Sergio Lozano,sergio lozano,Rayo Vallecano B,rayo vallecano b,15080,ES1,LaLiga,2025-2026,25000,2025-12-30,19.75,2006-03-30 00:00:00,Spain,Defender,Centre-Back,,,2,True,PLAYER_ID_REQUIRED_HOMONYM,player_id_tm,transfermarkt_kaggle_player_scores_latest_valuation
357153,Diogo Costa,diogo costa,FC Porto,fc porto,720,PO1,Liga Portugal,2025-2026,40000000,2025-12-18,26.25,1999-09-19 00:00:00,Portugal,Goalkeeper,Goalkeeper,right,188.0,2,True,PLAYER_ID_REQUIRED_HOMONYM,player_id_tm,transfermarkt_kaggle_player_scores_latest_valuation
520662,Pepê,pepe,FC Porto,fc porto,720,PO1,Liga Portugal,2023-2024,30000000,2024-06-06,27.28,1997-02-24 00:00:00,Brazil,Attack,Right Winger,right,175.0,5,True,PLAYER_ID_REQUIRED_HOMONYM,player_id_tm,transfermarkt_kaggle_player_scores_latest_valuation
290391,Nuno Santos,nuno santos,Sporting CP,sporting cp,336,PO1,Liga Portugal,2023-2024,14000000,2024-06-06,29.31,1995-02-13 00:00:00,Portugal,Defender,Left-Back,left,177.0,3,True,PLAYER_ID_REQUIRED_HOMONYM,player_id_tm,transfermarkt_kaggle_player_scores_latest_valuation
234811,Rui Silva,rui silva,Real Betis Balompié,real betis balompie,336,PO1,Liga Portugal,2023-2024,8000000,2024-06-07,30.33,1994-02-07 00:00:00,Portugal,Goalkeeper,Goalkeeper,left,191.0,2,True,PLAYER_ID_REQUIRED_HOMONYM,player_id_tm,transfermarkt_kaggle_player_scores_latest_valuation
428786,Alan,alan,Moreirense FC,moreirense fc,979,PO1,Liga Portugal,2025-2026,4000000,2025-12-18,25.78,2000-03-08 00:00:00,Brazil,Midfield,Attacking Midfield,right,165.0,4,True,PLAYER_ID_REQUIRED_HOMONYM,player_id_tm,transfermarkt_kaggle_player_scores_latest_valuation
627224,Gabriel Silva,gabriel silva,CD Santa Clara,cd santa clara,2423,PO1,Liga Portugal,2025-2026,4000000,2025-12-18,23.74,2002-03-22 00:00:00,Brazil,Attack,Left Winger,right,177.0,3,True,PLAYER_ID_REQUIRED_HOMONYM,player_id_tm,transfermarkt_kaggle_player_scores_latest_valuation
424784,Luis Suárez,luis suarez,UD Almería,ud almeria,336,PO1,Liga Portugal,2023-2024,3500000,2024-06-07,26.51,1997-12-02 00:00:00,Colombia,Attack,Centre-Forward,right,179.0,2,True,PLAYER_ID_REQUIRED_HOMONYM,player_id_tm,transfermarkt_kaggle_player_scores_latest_valuation
236997,Tiago Silva,tiago silva,Al-Rayyan SC,al rayyan sc,3229,PO1,Liga Portugal,2025-2026,2700000,2025-12-30,32.58,1993-06-02 00:00:00,Portugal,Midfield,Central Midfield,right,172.0,2,True,PLAYER_ID_REQUIRED_HOMONYM,player_id_tm,transfermarkt_kaggle_player_scores_latest_valuation
575716,Vasco Sousa,vasco sousa,Moreirense FC,moreirense fc,979,PO1,Liga Portugal,2025-2026,2500000,2025-12-18,22.71,2003-04-03 00:00:00,Portugal,Midfield,Central Midfield,right,169.0,2,True,PLAYER_ID_REQUIRED_HOMONYM,player_id_tm,transfermarkt_kaggle_player_scores_latest_valuation
670710,André Gomes,andre gomes,FC Alverca,fc alverca,2521,PO1,Liga Portugal,2025-2026,2500000,2025-12-18,21.16,2004-10-20 00:00:00,Portugal,Goalkeeper,Goalkeeper,left,186.0,2,True,PLAYER_ID_REQUIRED_HOMONYM,player_id_tm,transfermarkt_kaggle_player_scores_latest_valuation
367468,Nuno Santos,nuno santos,Mamelodi Sundowns FC,mamelodi sundowns fc,6356,PO1,Liga Portugal,2025-2026,2200000,2025-12-12,26.78,1999-03-02 00:00:00,Portugal,Midfield,Attacking Midfield,right,179.0,3,True,PLAYER_ID_REQUIRED_HOMONYM,player_id_tm,transfermarkt_kaggle_player_scores_latest_valuation
273738,Héctor Hernández,hector hernandez,GD Chaves,gd chaves,2424,PO1,Liga Portugal,2023-2024,2000000,2024-06-06,28.73,1995-09-14 00:00:00,Spain,Attack,Centre-Forward,right,180.0,2,True,PLAYER_ID_REQUIRED_HOMONYM,player_id_tm,transfermarkt_kaggle_player_scores_latest_valuation
355369,Jordan,jordan,CD Tondela,cd tondela,7179,PO1,Liga Portugal,2025-2026,2000000,2025-12-18,29.65,1996-04-26 00:00:00,United States,Attack,Centre-Forward,right,191.0,2,True,PLAYER_ID_REQUIRED_HOMONYM,player_id_tm,transfermarkt_kaggle_player_scores_latest_valuation
589911,Wendel,wendel,CD Santa Clara,cd santa clara,2423,PO1,Liga Portugal,2025-2026,2000000,2025-12-18,25.38,2000-08-02 00:00:00,Brazil,Attack,Centre-Forward,right,180.0,3,True,PLAYER_ID_REQUIRED_HOMONYM,player_id_tm,transfermarkt_kaggle_player_scores_latest_valuation
617267,Henrique Araújo,henrique araujo,SL Benfica,sl benfica,294,PO1,Liga Portugal,2025-2026,2000000,2025-12-18,23.91,2002-01-19 00:00:00,Portugal,Attack,Centre-Forward,right,182.0,2,True,PLAYER_ID_REQUIRED_HOMONYM,player_id_tm,transfermarkt_kaggle_player_scores_latest_valuation
695454,Chiquinho,chiquinho,FC Alverca,fc alverca,2521,PO1,Liga Portugal,2025-2026,2000000,2025-12-18,25.87,2000-02-05 00:00:00,Portugal,Attack,Left Winger,right,179.0,2,True,PLAYER_ID_REQUIRED_HOMONYM,player_id_tm,transfermarkt_kaggle_player_scores_latest_valuation
729140,Maga,maga,Vitória Guimarães SC,vitoria guimaraes sc,2420,PO1,Liga Portugal,2025-2026,2000000,2025-12-18,23.09,2002-11-16 00:00:00,Portugal,Defender,Right-Back,right,175.0,2,True,PLAYER_ID_REQUIRED_HOMONYM,player_id_tm,transfermarkt_kaggle_player_scores_latest_valuation
740273,Nathan,nathan,FC Famalicão,fc famalicao,3329,PO1,Liga Portugal,2023-2024,2000000,2024-06-06,22.75,2001-09-05 00:00:00,Brazil,Defender,Right-Back,right,183.0,2,True,PLAYER_ID_REQUIRED_HOMONYM,player_id_tm,transfermarkt_kaggle_player_scores_latest_valuation
212923,Paulinho,paulinho,Al-Bataeh CSC,al bataeh csc,7378,PO1,Liga Portugal,2023-2024,1800000,2023-10-12,29.26,1994-07-10 00:00:00,Brazil,Midfield,Attacking Midfield,left,166.0,11,True,PLAYER_ID_REQUIRED_HOMONYM,player_id_tm,transfermarkt_kaggle_player_scores_latest_valuation
657387,Fabiano,fabiano,Ceará Sporting Club,ceara sporting club,979,PO1,Liga Portugal,2025-2026,1700000,2025-12-10,25.74,2000-03-14 00:00:00,Brazil,Defender,Right-Back,right,175.0,4,True,PLAYER_ID_REQUIRED_HOMONYM,player_id_tm,transfermarkt_kaggle_player_scores_latest_valuation
291939,Samu,samu,Vitória Guimarães SC,vitoria guimaraes sc,2420,PO1,Liga Portugal,2025-2026,1500000,2025-12-18,29.66,1996-04-21 00:00:00,Portugal,Midfield,Attacking Midfield,left,170.0,2,True,PLAYER_ID_REQUIRED_HOMONYM,player_id_tm,transfermarkt_kaggle_player_scores_latest_valuation
461903,João Silva,joao silva,KV Kortrijk,kv kortrijk,7179,PO1,Liga Portugal,2023-2024,1500000,2024-06-04,25.39,1999-01-14 00:00:00,Portugal,Defender,Centre-Back,right,189.0,2,True,PLAYER_ID_REQUIRED_HOMONYM,player_id_tm,transfermarkt_kaggle_player_scores_latest_valuation
617679,Zé Carlos,ze carlos,Gil Vicente FC,gil vicente fc,2424,PO1,Liga Portugal,2025-2026,1500000,2025-12-18,27.38,1998-07-31 00:00:00,Portugal,Defender,Right-Back,right,178.0,2,True,PLAYER_ID_REQUIRED_HOMONYM,player_id_tm,transfermarkt_kaggle_player_scores_latest_valuation
836547,Serginho,serginho,CD Santa Clara,cd santa clara,2423,PO1,Liga Portugal,2025-2026,1500000,2025-12-18,26.05,1999-12-01 00:00:00,Portugal,Midfield,Central Midfield,right,181.0,7,True,PLAYER_ID_REQUIRED_HOMONYM,player_id_tm,transfermarkt_kaggle_player_scores_latest_valuation
164015,Pedro Henrique,pedro henrique,Lion City Sailors,lion city sailors,2420,PO1,Liga Portugal,2022-2023,1300000,2023-06-15,30.49,1992-12-18 00:00:00,Brazil,Defender,Centre-Back,left,190.0,5,True,PLAYER_ID_REQUIRED_HOMONYM,player_id_tm,transfermarkt_kaggle_player_scores_latest_valuation
286772,Vinícius,vinicius,Portimonense SC,portimonense sc,7378,PO1,Liga Portugal,2023-2024,1200000,2024-06-06,30.19,1994-03-28 00:00:00,Brazil,Goalkeeper,Goalkeeper,right,195.0,7,True,PLAYER_ID_REQUIRED_HOMONYM,player_id_tm,transfermarkt_kaggle_player_scores_latest_valuation
345061,Murilo,murilo,Gil Vicente FC,gil vicente fc,2424,PO1,Liga Portugal,2023-2024,1200000,2024-06-06,29.6,1994-10-31 00:00:00,Brazil,Attack,Right Winger,left,177.0,4,True,PLAYER_ID_REQUIRED_HOMONYM,player_id_tm,transfermarkt_kaggle_player_scores_latest_valuation
782612,Tiago Almeida,tiago almeida,CD Tondela,cd tondela,7179,PO1,Liga Portugal,2022-2023,1200000,2023-06-28,21.83,2001-08-28 00:00:00,Portugal,Defender,Right-Back,right,177.0,2,True,PLAYER_ID_REQUIRED_HOMONYM,player_id_tm,transfermarkt_kaggle_player_scores_latest_valuation
184992,Juan Delgado,juan delgado,FC Paços de Ferreira,fc pacos de ferreira,2995,PO1,Liga Portugal,2022-2023,1000000,2023-06-16,30.28,1993-03-05 00:00:00,,Defender,Right-Back,right,176.0,2,True,PLAYER_ID_REQUIRED_HOMONYM,player_id_tm,transfermarkt_kaggle_player_scores_latest_valuation
514297,Reynaldo,reynaldo,Cruzeiro Esporte Clube,cruzeiro esporte clube,979,PO1,Liga Portugal,2023-2024,1000000,2023-07-25,26.55,1997-01-03 00:00:00,Brazil,Defender,Centre-Back,left,186.0,2,True,PLAYER_ID_REQUIRED_HOMONYM,player_id_tm,transfermarkt_kaggle_player_scores_latest_valuation
684348,João Mendes,joao mendes,FC Porto B,fc porto b,2420,PO1,Liga Portugal,2023-2024,1000000,2024-06-20,24.19,2000-04-13 00:00:00,Portugal,Defender,Left-Back,left,179.0,2,True,PLAYER_ID_REQUIRED_HOMONYM,player_id_tm,transfermarkt_kaggle_player_scores_latest_valuation
875511,Paulo Victor,paulo victor,CD Santa Clara,cd santa clara,2423,PO1,Liga Portugal,2025-2026,1000000,2025-12-18,24.68,2001-04-13 00:00:00,Brazil,Defender,Left-Back,left,184.0,3,True,PLAYER_ID_REQUIRED_HOMONYM,player_id_tm,transfermarkt_kaggle_player_scores_latest_valuation
981058,Brian Mansilla,brian mansilla,FC Arouca,fc arouca,8024,PO1,Liga Portugal,2025-2026,1000000,2025-12-18,23.6,2002-05-14 00:00:00,Uruguay,Attack,Left Winger,left,176.0,2,True,PLAYER_ID_REQUIRED_HOMONYM,player_id_tm,transfermarkt_kaggle_player_scores_latest_valuation
498235,Pedro Mendes,pedro mendes,Ascoli Calcio,ascoli calcio,982,PO1,Liga Portugal,2023-2024,900000,2023-10-11,24.19,1999-08-01 00:00:00,Portugal,Attack,Centre-Forward,right,187.0,3,True,PLAYER_ID_REQUIRED_HOMONYM,player_id_tm,transfermarkt_kaggle_player_scores_latest_valuation
22546,Pedro Moreira,pedro moreira,SC Beira-Mar,sc beira mar,1436,PO1,Liga Portugal,2013-2014,800000,2013-10-28,30.02,1983-10-23 00:00:00,Portugal,Defender,Right-Back,right,177.0,2,True,PLAYER_ID_REQUIRED_HOMONYM,player_id_tm,transfermarkt_kaggle_player_scores_latest_valuation
34097,Ronny,ronny,CFR Cluj,cfr cluj,2425,PO1,Liga Portugal,2012-2013,800000,2012-12-12,29.8,1983-02-25 00:00:00,Brazil,Attack,Centre-Forward,right,183.0,2,True,PLAYER_ID_REQUIRED_HOMONYM,player_id_tm,transfermarkt_kaggle_player_scores_latest_valuation
198638,João Costa,joao costa,FC Porto,fc porto,720,PO1,Liga Portugal,2025-2026,800000,2025-12-18,29.88,1996-02-02 00:00:00,Portugal,Goalkeeper,Goalkeeper,right,186.0,2,True,PLAYER_ID_REQUIRED_HOMONYM,player_id_tm,transfermarkt_kaggle_player_scores_latest_valuation
407263,Mamadou Traoré,mamadou traore,Muaither SC,muaither sc,1301,PO1,Liga Portugal,2023-2024,800000,2023-11-27,29.15,1994-10-03 00:00:00,Mali,Defender,Centre-Back,right,191.0,2,True,PLAYER_ID_REQUIRED_HOMONYM,player_id_tm,transfermarkt_kaggle_player_scores_latest_valuation
657386,Bruno Rodrigues,bruno rodrigues,GD Chaves,gd chaves,3325,PO1,Liga Portugal,2023-2024,800000,2024-06-06,23.0,2001-06-08 00:00:00,Portugal,Defender,Centre-Back,right,192.0,2,True,PLAYER_ID_REQUIRED_HOMONYM,player_id_tm,transfermarkt_kaggle_player_scores_latest_valuation
657435,Pedro Santos,pedro santos,FC Arouca,fc arouca,8024,PO1,Liga Portugal,2025-2026,800000,2025-12-18,25.18,2000-10-12 00:00:00,Portugal,Midfield,Central Midfield,right,183.0,4,True,PLAYER_ID_REQUIRED_HOMONYM,player_id_tm,transfermarkt_kaggle_player_scores_latest_valuation
801446,Diogo Ferreira,diogo ferreira,SL Benfica B,sl benfica b,294,PO1,Liga Portugal,2025-2026,800000,2025-12-22,18.86,2007-02-10 00:00:00,Portugal,Goalkeeper,Goalkeeper,left,191.0,2,True,PLAYER_ID_REQUIRED_HOMONYM,player_id_tm,transfermarkt_kaggle_player_scores_latest_valuation
887834,Michel,michel,Moreirense FC,moreirense fc,979,PO1,Liga Portugal,2025-2026,800000,2025-12-18,22.58,2003-05-20 00:00:00,Brazil,Defender,Centre-Back,right,188.0,2,True,PLAYER_ID_REQUIRED_HOMONYM,player_id_tm,transfermarkt_kaggle_player_scores_latest_valuation
908936,Zé Carlos,ze carlos,Gil Vicente FC,gil vicente fc,2424,PO1,Liga Portugal,2025-2026,800000,2025-12-18,24.13,2001-10-30 00:00:00,Portugal,Midfield,Central Midfield,right,172.0,2,True,PLAYER_ID_REQUIRED_HOMONYM,player_id_tm,transfermarkt_kaggle_player_scores_latest_valuation
22412,Júlio César,julio cesar,SL Benfica,sl benfica,294,PO1,Liga Portugal,2016-2017,750000,2017-06-26,37.81,1979-09-03 00:00:00,Brazil,Goalkeeper,Goalkeeper,left,186.0,7,True,PLAYER_ID_REQUIRED_HOMONYM,player_id_tm,transfermarkt_kaggle_player_scores_latest_valuation
935996,Luan,luan,CD Tondela,cd tondela,7179,PO1,Liga Portugal,2023-2024,750000,2024-06-20,21.47,2003-01-01 00:00:00,Brazil,Attack,Right Winger,right,165.0,2,True,PLAYER_ID_REQUIRED_HOMONYM,player_id_tm,transfermarkt_kaggle_player_scores_latest_valuation
927714,Carlos Eduardo,carlos eduardo,Gil Vicente FC,gil vicente fc,2424,PO1,Liga Portugal,2025-2026,700000,2025-12-18,23.36,2002-08-10 00:00:00,Brazil,Attack,Centre-Forward,left,192.0,4,True,PLAYER_ID_REQUIRED_HOMONYM,player_id_tm,transfermarkt_kaggle_player_scores_latest_valuation
1043030,Guga,guga,Portimonense SC,portimonense sc,7378,PO1,Liga Portugal,2023-2024,700000,2024-06-06,20.62,2003-10-23 00:00:00,Portugal,Defender,Right-Back,right,178.0,2,True,PLAYER_ID_REQUIRED_HOMONYM,player_id_tm,transfermarkt_kaggle_player_scores_latest_valuation
63308,João Gonçalves,joao goncalves,Vitória Guimarães SC,vitoria guimaraes sc,2420,PO1,Liga Portugal,2012-2013,600000,2013-03-28,25.19,1988-01-18 00:00:00,Portugal,Defender,Right-Back,right,180.0,2,True,PLAYER_ID_REQUIRED_HOMONYM,player_id_tm,transfermarkt_kaggle_player_scores_latest_valuation
86062,Adilson,adilson,Dibba Al-Hisn,dibba al hisn,1301,PO1,Liga Portugal,2013-2014,600000,2013-07-02,31.5,1982-01-01 00:00:00,Brazil,Attack,Centre-Forward,,192.0,3,True,PLAYER_ID_REQUIRED_HOMONYM,player_id_tm,transfermarkt_kaggle_player_scores_latest_valuation
214070,Ewerton,ewerton,Vegalta Sendai,vegalta sendai,7378,PO1,Liga Portugal,2022-2023,600000,2023-06-27,30.57,1992-12-01 00:00:00,,Midfield,Central Midfield,right,181.0,2,True,PLAYER_ID_REQUIRED_HOMONYM,player_id_tm,transfermarkt_kaggle_player_scores_latest_valuation
290346,André Ferreira,andre ferreira,Moreirense FC,moreirense fc,979,PO1,Liga Portugal,2025-2026,600000,2025-12-18,29.56,1996-05-29 00:00:00,Portugal,Goalkeeper,Goalkeeper,right,193.0,3,True,PLAYER_ID_REQUIRED_HOMONYM,player_id_tm,transfermarkt_kaggle_player_scores_latest_valuation
292365,Paulo Henrique,paulo henrique,CS Marítimo,cs maritimo,1301,PO1,Liga Portugal,2025-2026,600000,2025-12-22,29.16,1996-10-23 00:00:00,Portugal,Defender,Left-Back,right,182.0,2,True,PLAYER_ID_REQUIRED_HOMONYM,player_id_tm,transfermarkt_kaggle_player_scores_latest_valuation
292749,Fabinho,fabinho,Leixões SC,leixoes sc,3349,PO1,Liga Portugal,2022-2023,600000,2023-06-28,28.52,1994-12-21 00:00:00,Portugal,Midfield,Attacking Midfield,right,180.0,5,True,PLAYER_ID_REQUIRED_HOMONYM,player_id_tm,transfermarkt_kaggle_player_scores_latest_valuation
461939,Tomás Silva,tomas silva,FC Vizela,fc vizela,6912,PO1,Liga Portugal,2023-2024,600000,2024-06-06,24.64,1999-10-15 00:00:00,Portugal,Attack,Left Winger,right,172.0,2,True,PLAYER_ID_REQUIRED_HOMONYM,player_id_tm,transfermarkt_kaggle_player_scores_latest_valuation
539183,Anderson,anderson,FC Vizela,fc vizela,6912,PO1,Liga Portugal,2023-2024,600000,2024-06-06,29.26,1995-03-02 00:00:00,Brazil,Defender,Centre-Back,right,186.0,2,True,PLAYER_ID_REQUIRED_HOMONYM,player_id_tm,transfermarkt_kaggle_player_scores_latest_valuation
644158,Lucas Silva,lucas silva,Guarani Futebol Clube (SP),guarani futebol clube sp,2995,PO1,Liga Portugal,2023-2024,600000,2023-11-27,25.82,1998-01-30 00:00:00,Brazil,Attack,Centre-Forward,right,176.0,3,True,PLAYER_ID_REQUIRED_HOMONYM,player_id_tm,transfermarkt_kaggle_player_scores_latest_valuation
739477,Jajá,jaja,Pafos FC,pafos fc,45457,PO1,Liga Portugal,2023-2024,600000,2024-05-17,23.09,2001-04-15 00:00:00,Brazil,Attack,Left Winger,right,177.0,2,True,PLAYER_ID_REQUIRED_HOMONYM,player_id_tm,transfermarkt_kaggle_player_scores_latest_valuation
825835,Pedro Santos,pedro santos,FC Famalicão,fc famalicao,3329,PO1,Liga Portugal,2025-2026,600000,2025-12-18,22.85,2003-02-10 00:00:00,Portugal,Attack,Right Winger,left,178.0,4,True,PLAYER_ID_REQUIRED_HOMONYM,player_id_tm,transfermarkt_kaggle_player_scores_latest_valuation
574949,Richard,richard,Associação Chapecoense de Futebol,associacao chapecoense de futebol,2457,PO1,Liga Portugal,2023-2024,550000,2023-11-27,24.13,1999-10-11 00:00:00,Brazil,Midfield,Central Midfield,right,176.0,2,True,PLAYER_ID_REQUIRED_HOMONYM,player_id_tm,transfermarkt_kaggle_player_scores_latest_valuation
591353,Robinho,robinho,FC Penafiel,fc penafiel,2457,PO1,Liga Portugal,2022-2023,550000,2023-06-28,25.91,1997-07-31 00:00:00,Portugal,Defender,Right-Back,right,171.0,2,True,PLAYER_ID_REQUIRED_HOMONYM,player_id_tm,transfermarkt_kaggle_player_scores_latest_valuation
744072,Zé Pedro,ze pedro,UD Leiria,ud leiria,2639,PO1,Liga Portugal,2025-2026,550000,2025-12-22,23.93,2002-01-16 00:00:00,Portugal,Defender,Centre-Back,left,190.0,5,True,PLAYER_ID_REQUIRED_HOMONYM,player_id_tm,transfermarkt_kaggle_player_scores_latest_valuation
13213,Alex,alex,Vitória Guimarães SC,vitoria guimaraes sc,2420,PO1,Liga Portugal,2012-2013,500000,2012-07-02,32.82,1979-09-06 00:00:00,Portugal,Defender,Right-Back,right,178.0,7,True,PLAYER_ID_REQUIRED_HOMONYM,player_id_tm,transfermarkt_kaggle_player_scores_latest_valuation
14132,Pepe,pepe,FC Porto,fc porto,720,PO1,Liga Portugal,2023-2024,500000,2024-06-06,41.28,1983-02-26 00:00:00,Portugal,Defender,Centre-Back,right,187.0,5,True,PLAYER_ID_REQUIRED_HOMONYM,player_id_tm,transfermarkt_kaggle_player_scores_latest_valuation
17352,Carlitos,carlitos,FC Sion,fc sion,1465,PO1,Liga Portugal,2018-2019,500000,2019-06-04,36.74,1982-09-06 00:00:00,Portugal,Midfield,Left Midfield,,,3,True,PLAYER_ID_REQUIRED_HOMONYM,player_id_tm,transfermarkt_kaggle_player_scores_latest_valuation
18592,Zé Pedro,ze pedro,Vitória Setúbal FC,vitoria setubal fc,1085,PO1,Liga Portugal,2013-2014,500000,2013-07-02,34.7,1978-10-18 00:00:00,Portugal,Midfield,Central Midfield,left,187.0,5,True,PLAYER_ID_REQUIRED_HOMONYM,player_id_tm,transfermarkt_kaggle_player_scores_latest_valuation
29364,João Moutinho,joao moutinho,SC Braga,sc braga,1075,PO1,Liga Portugal,2025-2026,500000,2025-12-18,39.28,1986-09-08 00:00:00,Portugal,Midfield,Central Midfield,right,170.0,2,True,PLAYER_ID_REQUIRED_HOMONYM,player_id_tm,transfermarkt_kaggle_player_scores_latest_valuation
43076,Nivaldo,nivaldo,Rio Ave FC,rio ave fc,2425,PO1,Liga Portugal,2013-2014,500000,2013-07-02,33.02,1980-06-23 00:00:00,Brazil,Defender,Centre-Back,left,188.0,2,True,PLAYER_ID_REQUIRED_HOMONYM,player_id_tm,transfermarkt_kaggle_player_scores_latest_valuation
122702,Michel,michel,Retired,retired,1075,PO1,Liga Portugal,2015-2016,500000,2015-07-01,28.86,1986-08-22 00:00:00,Brazil,Attack,Centre-Forward,left,182.0,2,True,PLAYER_ID_REQUIRED_HOMONYM,player_id_tm,transfermarkt_kaggle_player_scores_latest_valuation
270055,Kiki,kiki,Ural Yekaterinburg,ural yekaterinburg,110302,PO1,Liga Portugal,2023-2024,500000,2024-06-04,29.48,1994-12-10 00:00:00,Portugal,Defender,Left-Back,left,181.0,2,True,PLAYER_ID_REQUIRED_HOMONYM,player_id_tm,transfermarkt_kaggle_player_scores_latest_valuation
305425,Guima,guima,GD Chaves,gd chaves,3325,PO1,Liga Portugal,2023-2024,500000,2024-06-06,28.56,1995-11-14 00:00:00,Mozambique,Midfield,Defensive Midfield,right,181.0,2,True,PLAYER_ID_REQUIRED_HOMONYM,player_id_tm,transfermarkt_kaggle_player_scores_latest_valuation
349737,Arthur Henrique,arthur henrique,Atlético Clube Goianiense,atletico clube goianiense,2424,PO1,Liga Portugal,2022-2023,500000,2022-11-14,28.5,1994-05-17 00:00:00,Brazil,Defender,Left-Back,left,176.0,2,True,PLAYER_ID_REQUIRED_HOMONYM,player_id_tm,transfermarkt_kaggle_player_scores_latest_valuation
364239,Moussa Koné,moussa kone,Olympique Safi,olympique safi,22944,PO1,Liga Portugal,2025-2026,500000,2025-11-28,28.91,1996-12-30 00:00:00,Senegal,Attack,Centre-Forward,right,175.0,2,True,PLAYER_ID_REQUIRED_HOMONYM,player_id_tm,transfermarkt_kaggle_player_scores_latest_valuation
388588,Jadson,jadson,Shandong Taishan,shandong taishan,7378,PO1,Liga Portugal,2022-2023,500000,2023-06-26,31.64,1991-11-05 00:00:00,Brazil,Defender,Centre-Back,right,189.0,2,True,PLAYER_ID_REQUIRED_HOMONYM,player_id_tm,transfermarkt_kaggle_player_scores_latest_valuation
670711,Diogo Pinto,diogo pinto,Sporting CP,sporting cp,2431,PO1,Liga Portugal,2023-2024,500000,2024-06-06,19.97,2004-06-18 00:00:00,Portugal,Goalkeeper,Goalkeeper,right,192.0,2,True,PLAYER_ID_REQUIRED_HOMONYM,player_id_tm,transfermarkt_kaggle_player_scores_latest_valuation
925417,Tiago Parente,tiago parente,GD Estoril Praia,gd estoril praia,1465,PO1,Liga Portugal,2025-2026,500000,2025-12-18,21.93,2004-01-14 00:00:00,Portugal,Defender,Left-Back,left,178.0,2,True,PLAYER_ID_REQUIRED_HOMONYM,player_id_tm,transfermarkt_kaggle_player_scores_latest_valuation
1093811,Tiago Parente,tiago parente,SL Benfica B,sl benfica b,10330,PO1,Liga Portugal,2025-2026,500000,2025-12-22,19.53,2006-06-12 00:00:00,Portugal,Defender,Left-Back,left,181.0,2,True,PLAYER_ID_REQUIRED_HOMONYM,player_id_tm,transfermarkt_kaggle_player_scores_latest_valuation
1094885,Otávio,otavio,CF Estrela Amadora,cf estrela amadora,2431,PO1,Liga Portugal,2025-2026,500000,2025-12-18,20.06,2005-11-25 00:00:00,Brazil,Defender,Centre-Back,left,193.0,4,True,PLAYER_ID_REQUIRED_HOMONYM,player_id_tm,transfermarkt_kaggle_player_scores_latest_valuation
527881,Maga,maga,UD Oliveirense,ud oliveirense,2420,PO1,Liga Portugal,2022-2023,475000,2023-06-28,24.19,1999-04-19 00:00:00,Portugal,Defender,Right-Back,right,175.0,2,True,PLAYER_ID_REQUIRED_HOMONYM,player_id_tm,transfermarkt_kaggle_player_scores_latest_valuation
347019,Júlio César,julio cesar,CD Nacional,cd nacional,982,PO1,Liga Portugal,2021-2022,450000,2022-06-27,27.27,1995-03-21 00:00:00,Brazil,Defender,Centre-Back,right,189.0,7,True,PLAYER_ID_REQUIRED_HOMONYM,player_id_tm,transfermarkt_kaggle_player_scores_latest_valuation
520462,Rômulo,romulo,Criciúma Esporte Clube,criciuma esporte clube,7378,PO1,Liga Portugal,2023-2024,450000,2023-11-27,27.88,1996-01-10 00:00:00,Brazil,Midfield,Defensive Midfield,right,185.0,3,True,PLAYER_ID_REQUIRED_HOMONYM,player_id_tm,transfermarkt_kaggle_player_scores_latest_valuation
529646,Patrick,patrick,B SAD,b sad,2423,PO1,Liga Portugal,2022-2023,450000,2022-12-28,24.1,1998-11-23 00:00:00,Brazil,Midfield,Attacking Midfield,left,175.0,3,True,PLAYER_ID_REQUIRED_HOMONYM,player_id_tm,transfermarkt_kaggle_player_scores_latest_valuation
34159,Eduardo,eduardo,SC Braga,sc braga,1075,PO1,Liga Portugal,2019-2020,400000,2020-04-08,37.55,1982-09-19 00:00:00,Portugal,Goalkeeper,Goalkeeper,right,188.0,5,True,PLAYER_ID_REQUIRED_HOMONYM,player_id_tm,transfermarkt_kaggle_player_scores_latest_valuation
72857,Pedro Mendes,pedro mendes,CF Estrela Amadora,cf estrela amadora,2431,PO1,Liga Portugal,2023-2024,400000,2024-06-06,33.68,1990-10-01 00:00:00,Portugal,Defender,Centre-Back,right,186.0,3,True,PLAYER_ID_REQUIRED_HOMONYM,player_id_tm,transfermarkt_kaggle_player_scores_latest_valuation
99189,Pelé,pele,Without Club,without club,3329,PO1,Liga Portugal,2023-2024,400000,2023-10-25,32.07,1991-09-29 00:00:00,Guinea-Bissau,Midfield,Defensive Midfield,right,182.0,2,True,PLAYER_ID_REQUIRED_HOMONYM,player_id_tm,transfermarkt_kaggle_player_scores_latest_valuation
167976,Serginho,serginho,Kapaz PFK,kapaz pfk,8024,PO1,Liga Portugal,2016-2017,400000,2016-09-20,25.58,1991-02-21 00:00:00,Portugal,Attack,Left Winger,right,176.0,7,True,PLAYER_ID_REQUIRED_HOMONYM,player_id_tm,transfermarkt_kaggle_player_scores_latest_valuation
182720,Leandro Silva,leandro silva,União de Leiria,uniao de leiria,8024,PO1,Liga Portugal,2023-2024,400000,2023-09-29,29.4,1994-05-04 00:00:00,Portugal,Midfield,Central Midfield,right,173.0,2,True,PLAYER_ID_REQUIRED_HOMONYM,player_id_tm,transfermarkt_kaggle_player_scores_latest_valuation
249062,Júlio César,julio cesar,Avaí FC,avai fc,7378,PO1,Liga Portugal,2023-2024,400000,2023-11-27,29.29,1994-08-12 00:00:00,Brazil,Attack,Left Winger,right,172.0,7,True,PLAYER_ID_REQUIRED_HOMONYM,player_id_tm,transfermarkt_kaggle_player_scores_latest_valuation
280762,Robson,robson,Al-Jandal SC,al jandal sc,2503,PO1,Liga Portugal,2023-2024,400000,2023-10-26,29.69,1994-02-14 00:00:00,Brazil,Defender,Centre-Back,right,185.0,2,True,PLAYER_ID_REQUIRED_HOMONYM,player_id_tm,transfermarkt_kaggle_player_scores_latest_valuation
290508,Pedro Pacheco,pedro pacheco,CD Santa Clara,cd santa clara,2423,PO1,Liga Portugal,2025-2026,400000,2025-12-18,28.89,1997-01-27 00:00:00,Portugal,Defender,Centre-Back,right,189.0,2,True,PLAYER_ID_REQUIRED_HOMONYM,player_id_tm,transfermarkt_kaggle_player_scores_latest_valuation
375380,Benny,benny,GD Chaves,gd chaves,3325,PO1,Liga Portugal,2023-2024,400000,2024-06-06,24.19,2000-03-27 00:00:00,Portugal,Attack,Right Winger,left,178.0,3,True,PLAYER_ID_REQUIRED_HOMONYM,player_id_tm,transfermarkt_kaggle_player_scores_latest_valuation
410443,Felipe Augusto,felipe augusto,Centro Sportivo Alagoano (AL),centro sportivo alagoano al,1465,PO1,Liga Portugal,2022-2023,400000,2022-08-05,30.41,1992-03-06 00:00:00,Brazil,Attack,Right Winger,right,182.0,2,True,PLAYER_ID_REQUIRED_HOMONYM,player_id_tm,transfermarkt_kaggle_player_scores_latest_valuation
550179,João Carlos,joao carlos,GD Estoril Praia,gd estoril praia,1465,PO1,Liga Portugal,2023-2024,400000,2024-06-06,29.27,1995-03-01 00:00:00,Brazil,Attack,Centre-Forward,both,187.0,2,True,PLAYER_ID_REQUIRED_HOMONYM,player_id_tm,transfermarkt_kaggle_player_scores_latest_valuation
657446,Berna,berna,SC Braga U23,sc braga u23,1075,PO1,Liga Portugal,2020-2021,400000,2021-06-29,18.87,2002-08-16 00:00:00,Portugal,Attack,Right Winger,right,174.0,2,True,PLAYER_ID_REQUIRED_HOMONYM,player_id_tm,transfermarkt_kaggle_player_scores_latest_valuation
659705,Paulo Victor,paulo victor,GD Chaves,gd chaves,3325,PO1,Liga Portugal,2023-2024,400000,2024-06-06,23.21,2001-03-21 00:00:00,Brazil,Attack,Left Winger,left,180.0,3,True,PLAYER_ID_REQUIRED_HOMONYM,player_id_tm,transfermarkt_kaggle_player_scores_latest_valuation
820070,Mamadou Tounkara,mamadou tounkara,Vitória Guimarães SC,vitoria guimaraes sc,2420,PO1,Liga Portugal,2023-2024,400000,2024-06-06,22.48,2001-12-14 00:00:00,Mali,Defender,Centre-Back,right,192.0,2,True,PLAYER_ID_REQUIRED_HOMONYM,player_id_tm,transfermarkt_kaggle_player_scores_latest_valuation
929573,Joel Silva,joel silva,CD Nacional,cd nacional,982,PO1,Liga Portugal,2025-2026,400000,2025-12-18,22.85,2003-02-11 00:00:00,Portugal,Midfield,Central Midfield,left,185.0,2,True,PLAYER_ID_REQUIRED_HOMONYM,player_id_tm,transfermarkt_kaggle_player_scores_latest_valuation
372459,André Sousa,andre sousa,CD Nacional,cd nacional,1085,PO1,Liga Portugal,2022-2023,375000,2023-06-28,25.33,1998-02-26 00:00:00,Portugal,Defender,Left-Back,left,174.0,3,True,PLAYER_ID_REQUIRED_HOMONYM,player_id_tm,transfermarkt_kaggle_player_scores_latest_valuation
112611,Leozinho,leozinho,FC Parada,fc parada,2503,PO1,Liga Portugal,2019-2020,350000,2020-04-08,31.84,1988-06-07 00:00:00,Brazil,Midfield,Attacking Midfield,right,170.0,2,True,PLAYER_ID_REQUIRED_HOMONYM,player_id_tm,transfermarkt_kaggle_player_scores_latest_valuation
170366,Pablo,pablo,Esporte Clube Vitória,esporte clube vitoria,2423,PO1,Liga Portugal,2023-2024,350000,2023-11-27,30.94,1992-12-18 00:00:00,Brazil,Attack,Left Winger,right,175.0,3,True,PLAYER_ID_REQUIRED_HOMONYM,player_id_tm,transfermarkt_kaggle_player_scores_latest_valuation
224878,João Afonso,joao afonso,Grêmio Novorizontino,gremio novorizontino,1301,PO1,Liga Portugal,2023-2024,350000,2023-11-27,28.8,1995-02-09 00:00:00,Brazil,Midfield,Defensive Midfield,right,181.0,3,True,PLAYER_ID_REQUIRED_HOMONYM,player_id_tm,transfermarkt_kaggle_player_scores_latest_valuation
230937,Fernandinho,fernandinho,Shandong Taishan,shandong taishan,1465,PO1,Liga Portugal,2022-2023,350000,2023-06-26,30.28,1993-03-16 00:00:00,Brazil,Attack,Right Winger,left,174.0,4,True,PLAYER_ID_REQUIRED_HOMONYM,player_id_tm,transfermarkt_kaggle_player_scores_latest_valuation
236549,Cleyton,cleyton,Operário Ferroviário Esporte Clube (PR),operario ferroviario esporte clube pr,2990,PO1,Liga Portugal,2021-2022,350000,2021-08-12,31.46,1990-02-24 00:00:00,Brazil,Midfield,Attacking Midfield,right,176.0,2,True,PLAYER_ID_REQUIRED_HOMONYM,player_id_tm,transfermarkt_kaggle_player_scores_latest_valuation
236886,Costinha,costinha,CD Santa Clara,cd santa clara,2423,PO1,Liga Portugal,2022-2023,350000,2023-06-16,30.81,1992-08-25 00:00:00,Portugal,Midfield,Attacking Midfield,right,170.0,2,True,PLAYER_ID_REQUIRED_HOMONYM,player_id_tm,transfermarkt_kaggle_player_scores_latest_valuation
439782,Marcelinho,marcelinho,Londrina Esporte Clube (PR),londrina esporte clube pr,1301,PO1,Liga Portugal,2021-2022,350000,2021-12-03,25.38,1996-07-17 00:00:00,Brazil,Attack,Left Winger,left,176.0,3,True,PLAYER_ID_REQUIRED_HOMONYM,player_id_tm,transfermarkt_kaggle_player_scores_latest_valuation
635807,Marlon,marlon,Guarani Futebol Clube (SP),guarani futebol clube sp,1755,PO1,Liga Portugal,2023-2024,350000,2024-04-18,26.59,1997-09-15 00:00:00,Brazil,Attack,Left Winger,right,176.0,3,True,PLAYER_ID_REQUIRED_HOMONYM,player_id_tm,transfermarkt_kaggle_player_scores_latest_valuation
13166,Ricardo Silva,ricardo silva,Boavista FC,boavista fc,1085,PO1,Liga Portugal,2013-2014,300000,2013-07-02,37.77,1975-09-26 00:00:00,Portugal,Defender,Centre-Back,left,188.0,3,True,PLAYER_ID_REQUIRED_HOMONYM,player_id_tm,transfermarkt_kaggle_player_scores_latest_valuation
14127,Alan,alan,SC Braga,sc braga,1075,PO1,Liga Portugal,2016-2017,300000,2017-02-22,37.43,1979-09-19 00:00:00,Brazil,Attack,Right Winger,right,180.0,4,True,PLAYER_ID_REQUIRED_HOMONYM,player_id_tm,transfermarkt_kaggle_player_scores_latest_valuation
14279,Castro,castro,Moreirense FC,moreirense fc,979,PO1,Liga Portugal,2011-2012,300000,2012-06-24,33.06,1979-06-03 00:00:00,Portugal,Midfield,Defensive Midfield,right,183.0,2,True,PLAYER_ID_REQUIRED_HOMONYM,player_id_tm,transfermarkt_kaggle_player_scores_latest_valuation
17374,Maurício,mauricio,Unknown,unknown,4750,PO1,Liga Portugal,2013-2014,300000,2013-07-02,36.99,1976-07-05 00:00:00,Brazil,Defender,Centre-Back,right,192.0,3,True,PLAYER_ID_REQUIRED_HOMONYM,player_id_tm,transfermarkt_kaggle_player_scores_latest_valuation
24880,Artur,artur,FC Arouca,fc arouca,8024,PO1,Liga Portugal,2016-2017,300000,2017-06-26,33.35,1984-02-18 00:00:00,Portugal,Midfield,Attacking Midfield,right,175.0,3,True,PLAYER_ID_REQUIRED_HOMONYM,player_id_tm,transfermarkt_kaggle_player_scores_latest_valuation
74550,Jefferson,jefferson,Without Club,without club,336,PO1,Liga Portugal,2021-2022,300000,2021-10-28,33.31,1988-07-05 00:00:00,Brazil,Defender,Left-Back,left,176.0,3,True,PLAYER_ID_REQUIRED_HOMONYM,player_id_tm,transfermarkt_kaggle_player_scores_latest_valuation
122946,Jardel,jardel,SL Benfica,sl benfica,294,PO1,Liga Portugal,2020-2021,300000,2021-05-21,35.15,1986-03-29 00:00:00,Brazil,Defender,Centre-Back,right,192.0,2,True,PLAYER_ID_REQUIRED_HOMONYM,player_id_tm,transfermarkt_kaggle_player_scores_latest_valuation
131163,Pedro Santos,pedro santos,D.C. United,d c united,1075,PO1,Liga Portugal,2023-2024,300000,2023-08-22,35.33,1988-04-22 00:00:00,Portugal,Attack,Right Winger,left,173.0,4,True,PLAYER_ID_REQUIRED_HOMONYM,player_id_tm,transfermarkt_kaggle_player_scores_latest_valuation
151205,Ricardo Ferreira,ricardo ferreira,SC Farense,sc farense,4294,PO1,Liga Portugal,2020-2021,300000,2021-01-28,28.18,1992-11-25 00:00:00,Canada,Defender,Centre-Back,right,190.0,2,True,PLAYER_ID_REQUIRED_HOMONYM,player_id_tm,transfermarkt_kaggle_player_scores_latest_valuation
153207,William,william,Without Club,without club,3325,PO1,Liga Portugal,2022-2023,300000,2022-10-07,30.83,1991-12-07 00:00:00,Brazil,Attack,Centre-Forward,right,182.0,4,True,PLAYER_ID_REQUIRED_HOMONYM,player_id_tm,transfermarkt_kaggle_player_scores_latest_valuation
176218,Lucas Mineiro,lucas mineiro,Académica Coimbra,academica coimbra,2990,PO1,Liga Portugal,2014-2015,300000,2015-02-17,22.67,1992-06-16 00:00:00,Brazil,Midfield,Central Midfield,right,173.0,2,True,PLAYER_ID_REQUIRED_HOMONYM,player_id_tm,transfermarkt_kaggle_player_scores_latest_valuation
176893,Dudu,dudu,São Gonçalo Esporte Clube (RJ),sao goncalo esporte clube rj,1436,PO1,Liga Portugal,2019-2020,300000,2020-04-08,28.55,1991-09-20 00:00:00,Brazil,Attack,Centre-Forward,right,184.0,4,True,PLAYER_ID_REQUIRED_HOMONYM,player_id_tm,transfermarkt_kaggle_player_scores_latest_valuation
181773,Charles,charles,Vitória Guimarães SC,vitoria guimaraes sc,2420,PO1,Liga Portugal,2023-2024,300000,2024-06-06,30.34,1994-02-04 00:00:00,Brazil,Goalkeeper,Goalkeeper,right,186.0,4,True,PLAYER_ID_REQUIRED_HOMONYM,player_id_tm,transfermarkt_kaggle_player_scores_latest_valuation
212713,Kiko,kiko,Anorthosis Famagusta,anorthosis famagusta,1085,PO1,Liga Portugal,2022-2023,300000,2023-05-31,30.36,1993-01-20 00:00:00,Portugal,Defender,Left-Back,left,180.0,3,True,PLAYER_ID_REQUIRED_HOMONYM,player_id_tm,transfermarkt_kaggle_player_scores_latest_valuation
229854,Leandrinho,leandrinho,Al-Jandal SC,al jandal sc,1085,PO1,Liga Portugal,2023-2024,300000,2023-10-26,30.08,1993-09-25 00:00:00,Brazil,Midfield,Defensive Midfield,right,178.0,4,True,PLAYER_ID_REQUIRED_HOMONYM,player_id_tm,transfermarkt_kaggle_player_scores_latest_valuation
265396,Pepe,pepe,Unknown,unknown,4750,PO1,Liga Portugal,2013-2014,300000,2013-07-02,25.33,1988-03-04 00:00:00,Brazil,Missing,,,185.0,5,True,PLAYER_ID_REQUIRED_HOMONYM,player_id_tm,transfermarkt_kaggle_player_scores_latest_valuation
290290,Rui Silva,rui silva,SC União Torreense,sc uniao torreense,2423,PO1,Liga Portugal,2022-2023,300000,2023-06-28,27.06,1996-06-05 00:00:00,Portugal,Defender,Right-Back,right,178.0,2,True,PLAYER_ID_REQUIRED_HOMONYM,player_id_tm,transfermarkt_kaggle_player_scores_latest_valuation
292203,Jaílson,jailson,Desportivo Aves (- 2020),desportivo aves 2020,3336,PO1,Liga Portugal,2020-2021,300000,2020-08-17,29.49,1991-02-21 00:00:00,Brazil,Defender,Right-Back,right,170.0,2,True,PLAYER_ID_REQUIRED_HOMONYM,player_id_tm,transfermarkt_kaggle_player_scores_latest_valuation
329721,Jorge Silva,jorge silva,FC Paços de Ferreira,fc pacos de ferreira,2995,PO1,Liga Portugal,2022-2023,300000,2023-06-16,27.23,1996-03-22 00:00:00,Portugal,Defender,Right-Back,right,183.0,2,True,PLAYER_ID_REQUIRED_HOMONYM,player_id_tm,transfermarkt_kaggle_player_scores_latest_valuation
401931,Jô,jo,GD Chaves,gd chaves,3325,PO1,Liga Portugal,2023-2024,300000,2024-06-06,29.1,1995-05-01 00:00:00,Brazil,Attack,Centre-Forward,left,192.0,2,True,PLAYER_ID_REQUIRED_HOMONYM,player_id_tm,transfermarkt_kaggle_player_scores_latest_valuation
425939,Leandrinho,leandrinho,Operário Ferroviário Esporte Clube (PR),operario ferroviario esporte clube pr,2424,PO1,Liga Portugal,2022-2023,300000,2022-08-05,25.87,1996-09-21 00:00:00,Brazil,Midfield,Attacking Midfield,left,175.0,4,True,PLAYER_ID_REQUIRED_HOMONYM,player_id_tm,transfermarkt_kaggle_player_scores_latest_valuation
440755,Benny,benny,Doxa Katokopias,doxa katokopias,2457,PO1,Liga Portugal,2022-2023,300000,2023-05-31,26.4,1997-01-04 00:00:00,Portugal,Midfield,Central Midfield,right,177.0,3,True,PLAYER_ID_REQUIRED_HOMONYM,player_id_tm,transfermarkt_kaggle_player_scores_latest_valuation
467940,Vitinho,vitinho,FC Arouca,fc arouca,8024,PO1,Liga Portugal,2023-2024,300000,2024-06-06,24.42,2000-01-04 00:00:00,Brazil,Midfield,Central Midfield,right,175.0,5,True,PLAYER_ID_REQUIRED_HOMONYM,player_id_tm,transfermarkt_kaggle_player_scores_latest_valuation
530289,Luiz Henrique,luiz henrique,Centro Sportivo Alagoano (AL),centro sportivo alagoano al,979,PO1,Liga Portugal,2022-2023,300000,2022-08-05,25.3,1997-04-19 00:00:00,Brazil,Midfield,Attacking Midfield,right,171.0,2,True,PLAYER_ID_REQUIRED_HOMONYM,player_id_tm,transfermarkt_kaggle_player_scores_latest_valuation
548658,Mohamed Aidara,mohamed aidara,Al-Taraji Club,al taraji club,6912,PO1,Liga Portugal,2023-2024,300000,2023-10-26,26.97,1996-11-06 00:00:00,,Defender,Centre-Back,right,188.0,2,True,PLAYER_ID_REQUIRED_HOMONYM,player_id_tm,transfermarkt_kaggle_player_scores_latest_valuation
603137,Rafael Santos,rafael santos,CD Santa Clara,cd santa clara,2423,PO1,Liga Portugal,2023-2024,300000,2024-06-20,26.38,1998-02-02 00:00:00,Brazil,Defender,Centre-Back,left,190.0,2,True,PLAYER_ID_REQUIRED_HOMONYM,player_id_tm,transfermarkt_kaggle_player_scores_latest_valuation
705808,Max Svensson,max svensson,Casa Pia AC,casa pia ac,3268,PO1,Liga Portugal,2025-2026,300000,2025-12-18,24.11,2001-11-08 00:00:00,Spain,Attack,Centre-Forward,right,182.0,2,True,PLAYER_ID_REQUIRED_HOMONYM,player_id_tm,transfermarkt_kaggle_player_scores_latest_valuation
741492,Francisco Silva,francisco silva,Sporting CP B,sporting cp b,10949,PO1,Liga Portugal,2025-2026,300000,2025-12-22,20.09,2005-11-20 00:00:00,Portugal,Goalkeeper,Goalkeeper,right,190.0,2,True,PLAYER_ID_REQUIRED_HOMONYM,player_id_tm,transfermarkt_kaggle_player_scores_latest_valuation
775399,Berna,berna,Boavista FC,boavista fc,2503,PO1,Liga Portugal,2023-2024,300000,2024-06-06,20.73,2003-09-15 00:00:00,Angola,Midfield,Attacking Midfield,left,169.0,2,True,PLAYER_ID_REQUIRED_HOMONYM,player_id_tm,transfermarkt_kaggle_player_scores_latest_valuation
830767,Ricardo Fernandes,ricardo fernandes,Estoril Praia U23,estoril praia u23,68403,PO1,Liga Portugal,2023-2024,300000,2023-12-27,21.33,2002-08-28 00:00:00,Sao Tome and Principe,Defender,Left-Back,left,173.0,3,True,PLAYER_ID_REQUIRED_HOMONYM,player_id_tm,transfermarkt_kaggle_player_scores_latest_valuation
937729,Diogo Sousa,diogo sousa,Vitória Guimarães SC,vitoria guimaraes sc,2420,PO1,Liga Portugal,2025-2026,300000,2025-12-18,19.91,2006-01-20 00:00:00,Portugal,Midfield,Defensive Midfield,left,176.0,3,True,PLAYER_ID_REQUIRED_HOMONYM,player_id_tm,transfermarkt_kaggle_player_scores_latest_valuation
952730,Kiko,kiko,Gil Vicente FC,gil vicente fc,2424,PO1,Liga Portugal,2023-2024,300000,2024-06-06,24.74,1999-09-08 00:00:00,Portugal,Defender,Left-Back,left,177.0,3,True,PLAYER_ID_REQUIRED_HOMONYM,player_id_tm,transfermarkt_kaggle_player_scores_latest_valuation
1189523,Rafinha,rafinha,SC Farense,sc farense,4294,PO1,Liga Portugal,2025-2026,300000,2025-12-22,19.93,2006-01-18 00:00:00,Portugal,Midfield,Attacking Midfield,left,184.0,5,True,PLAYER_ID_REQUIRED_HOMONYM,player_id_tm,transfermarkt_kaggle_player_scores_latest_valuation
517699,Diogo Sousa,diogo sousa,UD Oliveirense,ud oliveirense,1085,PO1,Liga Portugal,2018-2019,275000,2019-06-29,25.89,1993-08-08 00:00:00,Portugal,Defender,Right-Back,right,176.0,3,True,PLAYER_ID_REQUIRED_HOMONYM,player_id_tm,transfermarkt_kaggle_player_scores_latest_valuation
842718,Paulinho,paulinho,SC União Torreense,sc uniao torreense,2432,PO1,Liga Portugal,2023-2024,275000,2024-06-20,24.75,1999-09-21 00:00:00,Portugal,Attack,Centre-Forward,right,186.0,11,True,PLAYER_ID_REQUIRED_HOMONYM,player_id_tm,transfermarkt_kaggle_player_scores_latest_valuation
100910,Renan,renan,Sport Club Corinthians Paulista,sport club corinthians paulista,1465,PO1,Liga Portugal,2015-2016,250000,2016-05-27,25.46,1990-12-12 00:00:00,Brazil,Goalkeeper,Goalkeeper,right,192.0,2,True,PLAYER_ID_REQUIRED_HOMONYM,player_id_tm,transfermarkt_kaggle_player_scores_latest_valuation
103793,Carlão,carlao,Doxa Katokopias,doxa katokopias,2995,PO1,Liga Portugal,2019-2020,250000,2020-01-06,33.43,1986-08-01 00:00:00,Brazil,Attack,Centre-Forward,right,191.0,3,True,PLAYER_ID_REQUIRED_HOMONYM,player_id_tm,transfermarkt_kaggle_player_scores_latest_valuation
143794,Lucão,lucao,Quang Nam FC,quang nam fc,2503,PO1,Liga Portugal,2020-2021,250000,2020-08-20,29.1,1991-07-14 00:00:00,Brazil,Defender,Centre-Back,right,194.0,3,True,PLAYER_ID_REQUIRED_HOMONYM,player_id_tm,transfermarkt_kaggle_player_scores_latest_valuation
168674,Augusto,augusto,Slask Wroclaw,slask wroclaw,979,PO1,Liga Portugal,2018-2019,250000,2019-06-29,31.83,1987-08-30 00:00:00,Portugal,Defender,Left-Back,left,180.0,2,True,PLAYER_ID_REQUIRED_HOMONYM,player_id_tm,transfermarkt_kaggle_player_scores_latest_valuation
187947,Danilo,danilo,Club Deportivo Maldonado,club deportivo maldonado,1085,PO1,Liga Portugal,2016-2017,250000,2017-05-22,28.27,1989-02-12 00:00:00,Brazil,Midfield,Defensive Midfield,right,181.0,7,True,PLAYER_ID_REQUIRED_HOMONYM,player_id_tm,transfermarkt_kaggle_player_scores_latest_valuation
220722,Eduardo,eduardo,Without Club,without club,1075,PO1,Liga Portugal,2023-2024,250000,2023-07-01,30.06,1993-06-07 00:00:00,Brazil,Midfield,Attacking Midfield,left,178.0,5,True,PLAYER_ID_REQUIRED_HOMONYM,player_id_tm,transfermarkt_kaggle_player_scores_latest_valuation
225144,Filipe Ferreira,filipe ferreira,FC Penafiel,fc penafiel,982,PO1,Liga Portugal,2022-2023,250000,2023-06-28,26.77,1996-09-20 00:00:00,Portugal,Goalkeeper,Goalkeeper,right,193.0,2,True,PLAYER_ID_REQUIRED_HOMONYM,player_id_tm,transfermarkt_kaggle_player_scores_latest_valuation
240220,Adilson,adilson,CD Cova Piedade,cd cova piedade,68608,PO1,Liga Portugal,2017-2018,250000,2018-06-29,30.59,1987-11-25 00:00:00,Portugal,Defender,Right-Back,right,180.0,3,True,PLAYER_ID_REQUIRED_HOMONYM,player_id_tm,transfermarkt_kaggle_player_scores_latest_valuation
240906,Tiago Silva,tiago silva,CS Marítimo B,cs maritimo b,1301,PO1,Liga Portugal,2013-2014,250000,2013-10-18,22.64,1991-02-26 00:00:00,Portugal,Defender,Right-Back,right,179.0,2,True,PLAYER_ID_REQUIRED_HOMONYM,player_id_tm,transfermarkt_kaggle_player_scores_latest_valuation
244277,Esquerdinha,esquerdinha,Madureira EC,madureira ec,1301,PO1,Liga Portugal,2016-2017,250000,2017-02-17,26.26,1990-11-16 00:00:00,Brazil,Midfield,Central Midfield,left,181.0,2,True,PLAYER_ID_REQUIRED_HOMONYM,player_id_tm,transfermarkt_kaggle_player_scores_latest_valuation
280398,Didi,didi,FC Arouca,fc arouca,2420,PO1,Liga Portugal,2018-2019,250000,2019-06-29,25.4,1994-02-03 00:00:00,Portugal,Midfield,Defensive Midfield,both,177.0,2,True,PLAYER_ID_REQUIRED_HOMONYM,player_id_tm,transfermarkt_kaggle_player_scores_latest_valuation
293941,Murilo,murilo,PS Barito Putera,ps barito putera,4750,PO1,Liga Portugal,2023-2024,250000,2023-08-17,28.44,1995-03-08 00:00:00,Brazil,Attack,Left Winger,right,180.0,4,True,PLAYER_ID_REQUIRED_HOMONYM,player_id_tm,transfermarkt_kaggle_player_scores_latest_valuation
362790,Luiz Fernando,luiz fernando,Al-Fahaheel SC,al fahaheel sc,3336,PO1,Liga Portugal,2020-2021,250000,2020-08-17,25.36,1995-04-08 00:00:00,Brazil,Midfield,Central Midfield,right,178.0,2,True,PLAYER_ID_REQUIRED_HOMONYM,player_id_tm,transfermarkt_kaggle_player_scores_latest_valuation
461505,Ricardo Silva,ricardo silva,Moreirense FC,moreirense fc,2423,PO1,Liga Portugal,2022-2023,250000,2023-06-28,24.14,1999-05-09 00:00:00,,Goalkeeper,Goalkeeper,right,189.0,3,True,PLAYER_ID_REQUIRED_HOMONYM,player_id_tm,transfermarkt_kaggle_player_scores_latest_valuation
667120,André Ferreira,andre ferreira,SC Braga B,sc braga b,10789,PO1,Liga Portugal,2023-2024,250000,2024-01-17,20.78,2003-04-08 00:00:00,Portugal,Defender,Right-Back,right,177.0,3,True,PLAYER_ID_REQUIRED_HOMONYM,player_id_tm,transfermarkt_kaggle_player_scores_latest_valuation
927641,Diogo Costa,diogo costa,Lion City Sailors,lion city sailors,4131,PO1,Liga Portugal,2025-2026,250000,2025-12-16,22.39,2003-07-27 00:00:00,Portugal,Defender,Left-Back,left,180.0,2,True,PLAYER_ID_REQUIRED_HOMONYM,player_id_tm,transfermarkt_kaggle_player_scores_latest_valuation
1006454,Gabriel Silva,gabriel silva,Sporting CP B,sporting cp b,10949,PO1,Liga Portugal,2025-2026,250000,2025-12-22,18.7,2007-04-09 00:00:00,Portugal,Attack,Centre-Forward,right,176.0,3,True,PLAYER_ID_REQUIRED_HOMONYM,player_id_tm,transfermarkt_kaggle_player_scores_latest_valuation
64590,Douglas,douglas,Würzburger Kickers,wurzburger kickers,336,PO1,Liga Portugal,2020-2021,225000,2021-06-16,33.43,1988-01-12 00:00:00,Netherlands,Defender,Centre-Back,right,192.0,5,True,PLAYER_ID_REQUIRED_HOMONYM,player_id_tm,transfermarkt_kaggle_player_scores_latest_valuation
430121,Everton,everton,PSM Makassar,psm makassar,1301,PO1,Liga Portugal,2023-2024,225000,2023-08-17,30.12,1993-07-03 00:00:00,Brazil,Attack,Centre-Forward,right,186.0,5,True,PLAYER_ID_REQUIRED_HOMONYM,player_id_tm,transfermarkt_kaggle_player_scores_latest_valuation
442424,Murilo,murilo,Chonburi FC,chonburi fc,2995,PO1,Liga Portugal,2023-2024,225000,2023-07-18,27.18,1996-05-12 00:00:00,Brazil,Attack,Left Winger,left,176.0,4,True,PLAYER_ID_REQUIRED_HOMONYM,player_id_tm,transfermarkt_kaggle_player_scores_latest_valuation
722441,Lucão,lucao,CF Estrela Amadora,cf estrela amadora,2431,PO1,Liga Portugal,2023-2024,225000,2024-06-06,26.2,1998-03-25 00:00:00,Brazil,Defender,Centre-Back,right,188.0,3,True,PLAYER_ID_REQUIRED_HOMONYM,player_id_tm,transfermarkt_kaggle_player_scores_latest_valuation
13867,Ricardo,ricardo,SC Olhanense,sc olhanense,4750,PO1,Liga Portugal,2013-2014,200000,2013-07-02,37.39,1976-02-11 00:00:00,Portugal,Goalkeeper,Goalkeeper,right,185.0,2,True,PLAYER_ID_REQUIRED_HOMONYM,player_id_tm,transfermarkt_kaggle_player_scores_latest_valuation
14365,Ricardo Fernandes,ricardo fernandes,AD Fafe,ad fafe,979,PO1,Liga Portugal,2013-2014,200000,2013-07-02,35.46,1978-01-14 00:00:00,Portugal,Defender,Centre-Back,right,186.0,3,True,PLAYER_ID_REQUIRED_HOMONYM,player_id_tm,transfermarkt_kaggle_player_scores_latest_valuation
35242,Beto,beto,SC Farense,sc farense,4294,PO1,Liga Portugal,2020-2021,200000,2021-05-21,39.06,1982-05-01 00:00:00,Portugal,Goalkeeper,Goalkeeper,right,182.0,2,True,PLAYER_ID_REQUIRED_HOMONYM,player_id_tm,transfermarkt_kaggle_player_scores_latest_valuation
53286,Maurício,mauricio,Portimonense SC,portimonense sc,7378,PO1,Liga Portugal,2023-2024,200000,2023-12-27,35.18,1988-10-21 00:00:00,Brazil,Midfield,Defensive Midfield,right,184.0,3,True,PLAYER_ID_REQUIRED_HOMONYM,player_id_tm,transfermarkt_kaggle_player_scores_latest_valuation
58268,Rui Pedro,rui pedro,Mezőkövesd Zsóry FC,mezokovesd zsory fc,2990,PO1,Liga Portugal,2020-2021,200000,2021-06-01,32.91,1988-07-02 00:00:00,Portugal,Midfield,Attacking Midfield,right,178.0,2,True,PLAYER_ID_REQUIRED_HOMONYM,player_id_tm,transfermarkt_kaggle_player_scores_latest_valuation
68275,Claudemir,claudemir,FC Vizela,fc vizela,6912,PO1,Liga Portugal,2022-2023,200000,2023-06-16,35.22,1988-03-27 00:00:00,Brazil,Midfield,Defensive Midfield,right,185.0,2,True,PLAYER_ID_REQUIRED_HOMONYM,player_id_tm,transfermarkt_kaggle_player_scores_latest_valuation
74590,Sandro,sandro,B SAD,b sad,2457,PO1,Liga Portugal,2021-2022,200000,2022-05-31,33.21,1989-03-15 00:00:00,Brazil,Midfield,Defensive Midfield,right,187.0,2,True,PLAYER_ID_REQUIRED_HOMONYM,player_id_tm,transfermarkt_kaggle_player_scores_latest_valuation
83466,André Almeida,andre almeida,Without Club,without club,294,PO1,Liga Portugal,2023-2024,200000,2023-10-25,33.12,1990-09-10 00:00:00,Portugal,Defender,Right-Back,right,185.0,2,True,PLAYER_ID_REQUIRED_HOMONYM,player_id_tm,transfermarkt_kaggle_player_scores_latest_valuation
85771,Paulinho,paulinho,CS Marítimo,cs maritimo,1301,PO1,Liga Portugal,2022-2023,200000,2023-06-16,31.93,1991-07-13 00:00:00,Portugal,Defender,Right-Back,right,176.0,11,True,PLAYER_ID_REQUIRED_HOMONYM,player_id_tm,transfermarkt_kaggle_player_scores_latest_valuation
86645,Henrique,henrique,Boavista FC,boavista fc,2503,PO1,Liga Portugal,2017-2018,200000,2018-06-13,31.65,1986-10-19 00:00:00,Portugal,Defender,Centre-Back,right,186.0,4,True,PLAYER_ID_REQUIRED_HOMONYM,player_id_tm,transfermarkt_kaggle_player_scores_latest_valuation
104277,Luís Felipe,luis felipe,Vitória Setúbal FC,vitoria setubal fc,1085,PO1,Liga Portugal,2017-2018,200000,2018-06-13,27.18,1991-04-08 00:00:00,Brazil,Defender,Right-Back,right,178.0,2,True,PLAYER_ID_REQUIRED_HOMONYM,player_id_tm,transfermarkt_kaggle_player_scores_latest_valuation
131574,André Simões,andre simoes,FC Famalicão,fc famalicao,3329,PO1,Liga Portugal,2022-2023,200000,2023-06-16,33.5,1989-12-16 00:00:00,Portugal,Midfield,Defensive Midfield,right,177.0,2,True,PLAYER_ID_REQUIRED_HOMONYM,player_id_tm,transfermarkt_kaggle_player_scores_latest_valuation
138651,Joãozinho,joaozinho,GD Estoril Praia,gd estoril praia,1465,PO1,Liga Portugal,2022-2023,200000,2023-06-16,33.95,1989-07-02 00:00:00,Portugal,Defender,Left-Back,left,185.0,2,True,PLAYER_ID_REQUIRED_HOMONYM,player_id_tm,transfermarkt_kaggle_player_scores_latest_valuation
158402,Bobô,bobo,AR São Martinho,ar sao martinho,2503,PO1,Liga Portugal,2015-2016,200000,2015-07-01,33.28,1982-03-20 00:00:00,Brazil,Attack,Centre-Forward,left,184.0,2,True,PLAYER_ID_REQUIRED_HOMONYM,player_id_tm,transfermarkt_kaggle_player_scores_latest_valuation
182710,João Teixeira,joao teixeira,GD Chaves,gd chaves,3325,PO1,Liga Portugal,2025-2026,200000,2025-12-22,31.87,1994-02-06 00:00:00,Portugal,Midfield,Central Midfield,right,178.0,2,True,PLAYER_ID_REQUIRED_HOMONYM,player_id_tm,transfermarkt_kaggle_player_scores_latest_valuation
182936,Filipe Ferreira,filipe ferreira,Boavista FC,boavista fc,2503,PO1,Liga Portugal,2023-2024,200000,2024-06-06,33.69,1990-09-27 00:00:00,Portugal,Defender,Left-Back,left,178.0,2,True,PLAYER_ID_REQUIRED_HOMONYM,player_id_tm,transfermarkt_kaggle_player_scores_latest_valuation
197166,Fábio Santos,fabio santos,GD Tourizense,gd tourizense,2990,PO1,Liga Portugal,2015-2016,200000,2015-07-01,22.63,1992-11-14 00:00:00,Portugal,Goalkeeper,Goalkeeper,left,187.0,2,True,PLAYER_ID_REQUIRED_HOMONYM,player_id_tm,transfermarkt_kaggle_player_scores_latest_valuation
210714,Kanú,kanu,GD Bragança,gd braganca,2420,PO1,Liga Portugal,2015-2016,200000,2015-07-31,23.4,1992-03-05 00:00:00,Brazil,Defender,Right-Back,right,180.0,3,True,PLAYER_ID_REQUIRED_HOMONYM,player_id_tm,transfermarkt_kaggle_player_scores_latest_valuation
226141,Henrique,henrique,Sampaio Corrêa Futebol Clube (MA),sampaio correa futebol clube ma,1301,PO1,Liga Portugal,2023-2024,200000,2023-11-27,30.26,1993-08-23 00:00:00,Brazil,Attack,Left Winger,right,178.0,4,True,PLAYER_ID_REQUIRED_HOMONYM,player_id_tm,transfermarkt_kaggle_player_scores_latest_valuation
232096,Renato Augusto,renato augusto,Shimizu S-Pulse,shimizu s pulse,979,PO1,Liga Portugal,2022-2023,200000,2023-06-27,31.41,1992-01-29 00:00:00,Brazil,Midfield,Defensive Midfield,right,185.0,2,True,PLAYER_ID_REQUIRED_HOMONYM,player_id_tm,transfermarkt_kaggle_player_scores_latest_valuation
234279,Wellington,wellington,CD Feirense,cd feirense,3349,PO1,Liga Portugal,2016-2017,200000,2017-06-26,29.72,1987-10-05 00:00:00,Brazil,Attack,Centre-Forward,right,188.0,2,True,PLAYER_ID_REQUIRED_HOMONYM,player_id_tm,transfermarkt_kaggle_player_scores_latest_valuation
235610,Káká,kaka,União de Leiria,uniao de leiria,68608,PO1,Liga Portugal,2023-2024,200000,2023-09-29,30.98,1992-10-06 00:00:00,Portugal,Defender,Left-Back,left,172.0,4,True,PLAYER_ID_REQUIRED_HOMONYM,player_id_tm,transfermarkt_kaggle_player_scores_latest_valuation
237297,Miguel Oliveira,miguel oliveira,AEL Limassol,ael limassol,979,PO1,Liga Portugal,2022-2023,200000,2023-05-31,29.02,1994-05-25 00:00:00,Portugal,Goalkeeper,Goalkeeper,left,196.0,2,True,PLAYER_ID_REQUIRED_HOMONYM,player_id_tm,transfermarkt_kaggle_player_scores_latest_valuation
265454,Vladimir Stojković,vladimir stojkovic,Al-Faisaly FC,al faisaly fc,336,PO1,Liga Portugal,2023-2024,200000,2023-10-26,27.06,1996-10-04 00:00:00,Portugal,Goalkeeper,Goalkeeper,right,192.0,2,True,PLAYER_ID_REQUIRED_HOMONYM,player_id_tm,transfermarkt_kaggle_player_scores_latest_valuation
283167,Bruno Lopes,bruno lopes,Brusque Futebol Clube (SC),brusque futebol clube sc,8024,PO1,Liga Portugal,2021-2022,200000,2021-08-12,26.23,1995-05-19 00:00:00,Brazil,Attack,Centre-Forward,right,175.0,2,True,PLAYER_ID_REQUIRED_HOMONYM,player_id_tm,transfermarkt_kaggle_player_scores_latest_valuation
369258,Dudu,dudu,SV Werder Bremen,sv werder bremen,2431,PO1,Liga Portugal,2023-2024,200000,2024-05-29,25.3,1999-02-10 00:00:00,Germany,Goalkeeper,Goalkeeper,right,196.0,4,True,PLAYER_ID_REQUIRED_HOMONYM,player_id_tm,transfermarkt_kaggle_player_scores_latest_valuation
372015,Ricardo Fernandes,ricardo fernandes,CD Santa Clara,cd santa clara,2423,PO1,Liga Portugal,2022-2023,200000,2023-06-16,28.63,1994-10-28 00:00:00,Portugal,Goalkeeper,Goalkeeper,right,193.0,3,True,PLAYER_ID_REQUIRED_HOMONYM,player_id_tm,transfermarkt_kaggle_player_scores_latest_valuation
435497,China,china,CS Marítimo,cs maritimo,1301,PO1,Liga Portugal,2022-2023,200000,2023-06-16,30.94,1992-07-07 00:00:00,Portugal,Defender,Left-Back,left,179.0,3,True,PLAYER_ID_REQUIRED_HOMONYM,player_id_tm,transfermarkt_kaggle_player_scores_latest_valuation
462252,Diogo Pinto,diogo pinto,NK Olimpija Ljubljana,nk olimpija ljubljana,4772,PO1,Liga Portugal,2023-2024,200000,2024-05-24,24.9,1999-06-29 00:00:00,Portugal,Midfield,Attacking Midfield,right,175.0,2,True,PLAYER_ID_REQUIRED_HOMONYM,player_id_tm,transfermarkt_kaggle_player_scores_latest_valuation
512356,Jorginho,jorginho,Vitória Guimarães SC B,vitoria guimaraes sc b,2420,PO1,Liga Portugal,2018-2019,200000,2019-06-29,21.11,1998-05-19 00:00:00,Portugal,Defender,Left-Back,left,173.0,4,True,PLAYER_ID_REQUIRED_HOMONYM,player_id_tm,transfermarkt_kaggle_player_scores_latest_valuation
529730,Kiki,kiki,Casa Pia AC,casa pia ac,3268,PO1,Liga Portugal,2025-2026,200000,2025-12-18,27.84,1998-02-14 00:00:00,Portugal,Attack,Right Winger,left,172.0,2,True,PLAYER_ID_REQUIRED_HOMONYM,player_id_tm,transfermarkt_kaggle_player_scores_latest_valuation
538253,Simão,simao,Avs Futebol,avs futebol,110302,PO1,Liga Portugal,2025-2026,200000,2025-12-18,32.46,1993-07-02 00:00:00,Brazil,Goalkeeper,Goalkeeper,right,187.0,3,True,PLAYER_ID_REQUIRED_HOMONYM,player_id_tm,transfermarkt_kaggle_player_scores_latest_valuation
573907,Luiz Felipe,luiz felipe,SC Farense,sc farense,4294,PO1,Liga Portugal,2023-2024,200000,2024-06-06,27.12,1997-04-24 00:00:00,Brazil,Goalkeeper,Goalkeeper,left,198.0,2,True,PLAYER_ID_REQUIRED_HOMONYM,player_id_tm,transfermarkt_kaggle_player_scores_latest_valuation
579207,Michael,michael,ABC Futebol Clube (RN),abc futebol clube rn,2995,PO1,Liga Portugal,2023-2024,200000,2023-11-27,28.64,1995-04-08 00:00:00,Brazil,Goalkeeper,Goalkeeper,left,194.0,2,True,PLAYER_ID_REQUIRED_HOMONYM,player_id_tm,transfermarkt_kaggle_player_scores_latest_valuation
671652,Gustavo Henrique,gustavo henrique,Without Club,without club,515,PO1,Liga Portugal,2025-2026,200000,2025-10-21,26.41,1999-05-24 00:00:00,Brazil,Attack,Left Winger,right,176.0,2,True,PLAYER_ID_REQUIRED_HOMONYM,player_id_tm,transfermarkt_kaggle_player_scores_latest_valuation
671882,Diogo Silva,diogo silva,Botafogo FC,botafogo fc,2424,PO1,Liga Portugal,2023-2024,200000,2023-11-27,28.88,1995-01-11 00:00:00,Brazil,Defender,Centre-Back,right,187.0,2,True,PLAYER_ID_REQUIRED_HOMONYM,player_id_tm,transfermarkt_kaggle_player_scores_latest_valuation
724421,Jota,jota,GD Estoril Praia,gd estoril praia,2420,PO1,Liga Portugal,2022-2023,200000,2023-06-16,20.74,2002-09-18 00:00:00,Portugal,Goalkeeper,Goalkeeper,right,185.0,4,True,PLAYER_ID_REQUIRED_HOMONYM,player_id_tm,transfermarkt_kaggle_player_scores_latest_valuation
742091,Vinícius,vinicius,Gil Vicente FC,gil vicente fc,2424,PO1,Liga Portugal,2023-2024,200000,2024-06-06,26.97,1997-06-19 00:00:00,Brazil,Goalkeeper,Goalkeeper,right,188.0,7,True,PLAYER_ID_REQUIRED_HOMONYM,player_id_tm,transfermarkt_kaggle_player_scores_latest_valuation
870187,Rafa,rafa,Vitória Guimarães SC B,vitoria guimaraes sc b,15136,PO1,Liga Portugal,2023-2024,200000,2024-06-06,20.69,2003-09-28 00:00:00,Portugal,Goalkeeper,Goalkeeper,right,193.0,3,True,PLAYER_ID_REQUIRED_HOMONYM,player_id_tm,transfermarkt_kaggle_player_scores_latest_valuation
1294052,João Barros,joao barros,Boavista FC,boavista fc,2503,PO1,Liga Portugal,2024-2025,200000,2025-05-30,19.38,2006-01-10 00:00:00,Portugal,Attack,Left Winger,right,184.0,2,True,PLAYER_ID_REQUIRED_HOMONYM,player_id_tm,transfermarkt_kaggle_player_scores_latest_valuation
118323,Ricardo Alves,ricardo alves,CD Tondela,cd tondela,7179,PO1,Liga Portugal,2022-2023,175000,2023-06-28,32.14,1991-05-09 00:00:00,Portugal,Defender,Centre-Back,left,181.0,2,True,PLAYER_ID_REQUIRED_HOMONYM,player_id_tm,transfermarkt_kaggle_player_scores_latest_valuation
249664,Fábio Vieira,fabio vieira,SC Freamunde,sc freamunde,2420,PO1,Liga Portugal,2016-2017,175000,2017-06-30,26.46,1991-01-12 00:00:00,Portugal,Midfield,Attacking Midfield,right,184.0,2,True,PLAYER_ID_REQUIRED_HOMONYM,player_id_tm,transfermarkt_kaggle_player_scores_latest_valuation
258933,Wanderson,wanderson,Jeonnam Dragons,jeonnam dragons,982,PO1,Liga Portugal,2019-2020,175000,2019-12-29,27.58,1992-05-31 00:00:00,Brazil,Attack,Centre-Forward,right,182.0,4,True,PLAYER_ID_REQUIRED_HOMONYM,player_id_tm,transfermarkt_kaggle_player_scores_latest_valuation
311867,Jefferson,jefferson,Al-Qaisumah FC,al qaisumah fc,3325,PO1,Liga Portugal,2023-2024,175000,2023-10-26,30.53,1993-04-14 00:00:00,Brazil,Defender,Centre-Back,right,190.0,3,True,PLAYER_ID_REQUIRED_HOMONYM,player_id_tm,transfermarkt_kaggle_player_scores_latest_valuation
415271,Abdoulaye Diallo,abdoulaye diallo,Hong Linh Ha Tinh FC,hong linh ha tinh fc,3336,PO1,Liga Portugal,2023-2024,175000,2023-12-01,27.88,1996-01-15 00:00:00,Senegal,Attack,Centre-Forward,right,184.0,2,True,PLAYER_ID_REQUIRED_HOMONYM,player_id_tm,transfermarkt_kaggle_player_scores_latest_valuation
731879,Hernâni,hernani,Without Club,without club,515,PO1,Liga Portugal,2025-2026,175000,2025-10-21,24.55,2001-04-03 00:00:00,Portugal,Attack,Right Winger,right,178.0,3,True,PLAYER_ID_REQUIRED_HOMONYM,player_id_tm,transfermarkt_kaggle_player_scores_latest_valuation
44172,Vinicius,vinicius,Nea Salamina Famagusta,nea salamina famagusta,979,PO1,Liga Portugal,2020-2021,150000,2021-05-14,35.0,1986-05-16 00:00:00,Brazil,Midfield,Central Midfield,right,186.0,7,True,PLAYER_ID_REQUIRED_HOMONYM,player_id_tm,transfermarkt_kaggle_player_scores_latest_valuation
44780,João Pedro,joao pedro,Without Club,without club,979,PO1,Liga Portugal,2022-2023,150000,2023-03-28,36.9,1986-05-04 00:00:00,Portugal,Defender,Right-Back,right,177.0,9,True,PLAYER_ID_REQUIRED_HOMONYM,player_id_tm,transfermarkt_kaggle_player_scores_latest_valuation
52513,Henrique,henrique,Coritiba Foot Ball Club,coritiba foot ball club,2457,PO1,Liga Portugal,2023-2024,150000,2023-07-25,36.78,1986-10-14 00:00:00,Brazil,Defender,Centre-Back,right,185.0,4,True,PLAYER_ID_REQUIRED_HOMONYM,player_id_tm,transfermarkt_kaggle_player_scores_latest_valuation
76852,Renato Santos,renato santos,CR Flamengo,cr flamengo,979,PO1,Liga Portugal,2015-2016,150000,2015-12-15,28.87,1987-01-30 00:00:00,Brazil,Defender,Centre-Back,right,187.0,2,True,PLAYER_ID_REQUIRED_HOMONYM,player_id_tm,transfermarkt_kaggle_player_scores_latest_valuation
130741,Romeu,romeu,Varzim SC,varzim sc,2995,PO1,Liga Portugal,2017-2018,150000,2017-09-08,31.56,1986-02-17 00:00:00,Portugal,Midfield,Defensive Midfield,right,185.0,2,True,PLAYER_ID_REQUIRED_HOMONYM,player_id_tm,transfermarkt_kaggle_player_scores_latest_valuation
134400,Kadú,kadu,UD Oliveirense,ud oliveirense,720,PO1,Liga Portugal,2018-2019,150000,2019-06-29,24.58,1994-11-30 00:00:00,Angola,Goalkeeper,Goalkeeper,right,190.0,2,True,PLAYER_ID_REQUIRED_HOMONYM,player_id_tm,transfermarkt_kaggle_player_scores_latest_valuation
188689,André Dias,andre dias,Desportivo Aves (- 2020),desportivo aves 2020,2425,PO1,Liga Portugal,2015-2016,150000,2016-03-14,23.9,1992-04-18 00:00:00,Portugal,Defender,Left-Back,left,178.0,2,True,PLAYER_ID_REQUIRED_HOMONYM,player_id_tm,transfermarkt_kaggle_player_scores_latest_valuation
195762,Víctor García,victor garcia,Moreirense FC,moreirense fc,2420,PO1,Liga Portugal,2022-2023,150000,2023-06-28,29.05,1994-06-11 00:00:00,Venezuela,Defender,Right-Back,right,178.0,2,True,PLAYER_ID_REQUIRED_HOMONYM,player_id_tm,transfermarkt_kaggle_player_scores_latest_valuation
211083,Joel Silva,joel silva,CD Santa Clara,cd santa clara,2424,PO1,Liga Portugal,2016-2017,150000,2017-06-30,26.68,1990-10-24 00:00:00,Portugal,Attack,Centre-Forward,left,184.0,2,True,PLAYER_ID_REQUIRED_HOMONYM,player_id_tm,transfermarkt_kaggle_player_scores_latest_valuation
248901,Platiny,platiny,Moreirense FC,moreirense fc,3325,PO1,Liga Portugal,2022-2023,150000,2023-06-28,32.74,1990-10-02 00:00:00,Brazil,Attack,Centre-Forward,right,178.0,2,True,PLAYER_ID_REQUIRED_HOMONYM,player_id_tm,transfermarkt_kaggle_player_scores_latest_valuation
364404,Kiko,kiko,GD Estoril Praia,gd estoril praia,2420,PO1,Liga Portugal,2018-2019,150000,2019-06-29,22.33,1997-02-27 00:00:00,Portugal,Midfield,Central Midfield,left,180.0,3,True,PLAYER_ID_REQUIRED_HOMONYM,player_id_tm,transfermarkt_kaggle_player_scores_latest_valuation
425371,Pedro Marques,pedro marques,UD Oliveirense,ud oliveirense,2995,PO1,Liga Portugal,2022-2023,150000,2023-06-28,25.28,1998-03-18 00:00:00,Portugal,Defender,Centre-Back,right,183.0,2,True,PLAYER_ID_REQUIRED_HOMONYM,player_id_tm,transfermarkt_kaggle_player_scores_latest_valuation
479640,Edu,edu,SC Braga B,sc braga b,1075,PO1,Liga Portugal,2020-2021,150000,2021-06-29,20.45,2001-01-14 00:00:00,Portugal,Attack,Centre-Forward,right,185.0,3,True,PLAYER_ID_REQUIRED_HOMONYM,player_id_tm,transfermarkt_kaggle_player_scores_latest_valuation
552581,Marcão,marcao,Londrina Esporte Clube (PR),londrina esporte clube pr,1301,PO1,Liga Portugal,2021-2022,150000,2021-08-12,25.99,1995-08-17 00:00:00,Brazil,Defender,Centre-Back,right,193.0,5,True,PLAYER_ID_REQUIRED_HOMONYM,player_id_tm,transfermarkt_kaggle_player_scores_latest_valuation
710131,Diego Llorente,diego llorente,Penya Encarnada d'Andorra,penya encarnada d andorra,62573,PO1,Liga Portugal,2025-2026,150000,2025-11-14,24.1,2001-10-08 00:00:00,Dominican Republic,Attack,Centre-Forward,right,180.0,2,True,PLAYER_ID_REQUIRED_HOMONYM,player_id_tm,transfermarkt_kaggle_player_scores_latest_valuation
914629,André Simões,andre simoes,Gil Vicente U23,gil vicente u23,99764,PO1,Liga Portugal,2023-2024,150000,2023-12-27,20.36,2003-08-17 00:00:00,Portugal,Midfield,Attacking Midfield,right,176.0,2,True,PLAYER_ID_REQUIRED_HOMONYM,player_id_tm,transfermarkt_kaggle_player_scores_latest_valuation
352559,Andrezinho,andrezinho,CD Trofense,cd trofense,2995,PO1,Liga Portugal,2022-2023,125000,2023-06-28,27.87,1995-08-16 00:00:00,Portugal,Midfield,Attacking Midfield,both,174.0,2,True,PLAYER_ID_REQUIRED_HOMONYM,player_id_tm,transfermarkt_kaggle_player_scores_latest_valuation
352851,Pedro Mendes,pedro mendes,Southern District,southern district,1085,PO1,Liga Portugal,2020-2021,125000,2021-01-18,27.12,1993-12-06 00:00:00,Portugal,Midfield,Attacking Midfield,left,177.0,3,True,PLAYER_ID_REQUIRED_HOMONYM,player_id_tm,transfermarkt_kaggle_player_scores_latest_valuation
410226,Momo Mbaye,momo mbaye,Académico Viseu FC,academico viseu fc,720,PO1,Liga Portugal,2022-2023,125000,2023-06-28,25.71,1997-10-13 00:00:00,Senegal,Goalkeeper,Goalkeeper,right,193.0,2,True,PLAYER_ID_REQUIRED_HOMONYM,player_id_tm,transfermarkt_kaggle_player_scores_latest_valuation
554463,Gustavo Souza,gustavo souza,CD Mafra,cd mafra,979,PO1,Liga Portugal,2020-2021,125000,2021-06-29,25.05,1996-06-12 00:00:00,Brazil,Attack,Centre-Forward,left,185.0,2,True,PLAYER_ID_REQUIRED_HOMONYM,player_id_tm,transfermarkt_kaggle_player_scores_latest_valuation
973703,Brenner,brenner,União de Leiria,uniao de leiria,2423,PO1,Liga Portugal,2023-2024,125000,2024-06-20,22.46,2002-01-02 00:00:00,Brazil,Attack,Right Winger,right,171.0,2,True,PLAYER_ID_REQUIRED_HOMONYM,player_id_tm,transfermarkt_kaggle_player_scores_latest_valuation
22440,João Pedro,joao pedro,FC Penafiel,fc penafiel,2424,PO1,Liga Portugal,2013-2014,100000,2013-07-02,32.88,1980-08-15 00:00:00,Portugal,Defender,Left-Back,left,174.0,9,True,PLAYER_ID_REQUIRED_HOMONYM,player_id_tm,transfermarkt_kaggle_player_scores_latest_valuation
45045,Guima,guima,CFR Cluj,cfr cluj,3349,PO1,Liga Portugal,2015-2016,100000,2016-06-01,30.23,1986-03-11 00:00:00,Portugal,Attack,Centre-Forward,both,194.0,2,True,PLAYER_ID_REQUIRED_HOMONYM,player_id_tm,transfermarkt_kaggle_player_scores_latest_valuation
59508,Ricardo Ferreira,ricardo ferreira,DAC Dunajska Streda,dac dunajska streda,7378,PO1,Liga Portugal,2022-2023,100000,2023-06-21,33.55,1989-12-03 00:00:00,Portugal,Goalkeeper,Goalkeeper,right,186.0,2,True,PLAYER_ID_REQUIRED_HOMONYM,player_id_tm,transfermarkt_kaggle_player_scores_latest_valuation
61743,André Santos,andre santos,Without Club,without club,2457,PO1,Liga Portugal,2022-2023,100000,2022-12-29,33.83,1989-03-02 00:00:00,Portugal,Midfield,Central Midfield,right,180.0,2,True,PLAYER_ID_REQUIRED_HOMONYM,player_id_tm,transfermarkt_kaggle_player_scores_latest_valuation
72860,Zezinho,zezinho,Paraná Clube,parana clube,982,PO1,Liga Portugal,2017-2018,100000,2018-05-23,26.19,1992-03-14 00:00:00,Brazil,Midfield,Attacking Midfield,left,175.0,2,True,PLAYER_ID_REQUIRED_HOMONYM,player_id_tm,transfermarkt_kaggle_player_scores_latest_valuation
77832,Marcos Paulo,marcos paulo,SC Farense,sc farense,6912,PO1,Liga Portugal,2022-2023,100000,2023-06-28,34.96,1988-07-13 00:00:00,Brazil,Midfield,Central Midfield,right,182.0,2,True,PLAYER_ID_REQUIRED_HOMONYM,player_id_tm,transfermarkt_kaggle_player_scores_latest_valuation
95261,Fabio,fabio,Without Club,without club,3336,PO1,Liga Portugal,2020-2021,100000,2020-08-17,30.27,1990-05-11 00:00:00,Brazil,Goalkeeper,Goalkeeper,right,196.0,2,True,PLAYER_ID_REQUIRED_HOMONYM,player_id_tm,transfermarkt_kaggle_player_scores_latest_valuation
100129,Rafa,rafa,CD Cinfães,cd cinfaes,2420,PO1,Liga Portugal,2015-2016,100000,2016-02-24,24.08,1992-01-27 00:00:00,Portugal,Defender,Right-Back,right,177.0,3,True,PLAYER_ID_REQUIRED_HOMONYM,player_id_tm,transfermarkt_kaggle_player_scores_latest_valuation
112985,Jorginho,jorginho,Leixões SC,leixoes sc,1085,PO1,Liga Portugal,2015-2016,100000,2016-03-14,27.99,1988-03-18 00:00:00,Portugal,Attack,Right Winger,right,179.0,4,True,PLAYER_ID_REQUIRED_HOMONYM,player_id_tm,transfermarkt_kaggle_player_scores_latest_valuation
131658,Luís Rocha,luis rocha,CD Santa Clara,cd santa clara,2423,PO1,Liga Portugal,2025-2026,100000,2025-12-18,39.35,1986-08-13 00:00:00,Portugal,Defender,Centre-Back,right,186.0,2,True,PLAYER_ID_REQUIRED_HOMONYM,player_id_tm,transfermarkt_kaggle_player_scores_latest_valuation
138285,Mika,mika,Moreirense FC,moreirense fc,979,PO1,Liga Portugal,2025-2026,100000,2025-12-18,34.78,1991-03-08 00:00:00,Portugal,Goalkeeper,Goalkeeper,left,195.0,2,True,PLAYER_ID_REQUIRED_HOMONYM,player_id_tm,transfermarkt_kaggle_player_scores_latest_valuation
155469,Bruno Lopes,bruno lopes,Montedio Yamagata,montedio yamagata,1465,PO1,Liga Portugal,2018-2019,100000,2019-01-05,32.38,1986-08-19 00:00:00,Brazil,Attack,Centre-Forward,right,180.0,2,True,PLAYER_ID_REQUIRED_HOMONYM,player_id_tm,transfermarkt_kaggle_player_scores_latest_valuation
158488,Manoel,manoel,Esporte Clube Vitória,esporte clube vitoria,2990,PO1,Liga Portugal,2021-2022,100000,2021-12-03,32.84,1989-02-01 00:00:00,Brazil,Attack,Centre-Forward,right,185.0,2,True,PLAYER_ID_REQUIRED_HOMONYM,player_id_tm,transfermarkt_kaggle_player_scores_latest_valuation
162532,Claudemir,claudemir,Without Club,without club,982,PO1,Liga Portugal,2020-2021,100000,2020-07-07,35.89,1984-08-17 00:00:00,Brazil,Midfield,Defensive Midfield,right,173.0,2,True,PLAYER_ID_REQUIRED_HOMONYM,player_id_tm,transfermarkt_kaggle_player_scores_latest_valuation
189600,Bruninho,bruninho,Without Club,without club,3336,PO1,Liga Portugal,2020-2021,100000,2020-08-17,26.67,1993-12-16 00:00:00,Brazil,Defender,Left-Back,left,174.0,7,True,PLAYER_ID_REQUIRED_HOMONYM,player_id_tm,transfermarkt_kaggle_player_scores_latest_valuation
190185,Marcelo,marcelo,Moreirense FC,moreirense fc,979,PO1,Liga Portugal,2025-2026,100000,2025-12-18,36.39,1989-07-27 00:00:00,Brazil,Defender,Centre-Back,right,185.0,3,True,PLAYER_ID_REQUIRED_HOMONYM,player_id_tm,transfermarkt_kaggle_player_scores_latest_valuation
197149,Nivaldo,nivaldo,Anadia FC,anadia fc,2990,PO1,Liga Portugal,2020-2021,100000,2021-06-29,32.97,1988-07-10 00:00:00,Cape Verde,Defender,Left-Back,left,179.0,2,True,PLAYER_ID_REQUIRED_HOMONYM,player_id_tm,transfermarkt_kaggle_player_scores_latest_valuation
205022,Rafinha,rafinha,Vitória Setúbal FC,vitoria setubal fc,1085,PO1,Liga Portugal,2017-2018,100000,2018-06-13,26.12,1992-04-30 00:00:00,Portugal,Midfield,Attacking Midfield,both,166.0,5,True,PLAYER_ID_REQUIRED_HOMONYM,player_id_tm,transfermarkt_kaggle_player_scores_latest_valuation
210057,Pedró,pedro,Merelinense FC,merelinense fc,2424,PO1,Liga Portugal,2018-2019,100000,2019-02-01,31.42,1987-09-01 00:00:00,Portugal,Midfield,Attacking Midfield,right,180.0,5,True,PLAYER_ID_REQUIRED_HOMONYM,player_id_tm,transfermarkt_kaggle_player_scores_latest_valuation
211107,João Afonso,joao afonso,SC União Torreense,sc uniao torreense,7179,PO1,Liga Portugal,2022-2023,100000,2023-06-28,33.08,1990-05-28 00:00:00,Portugal,Defender,Centre-Back,right,188.0,3,True,PLAYER_ID_REQUIRED_HOMONYM,player_id_tm,transfermarkt_kaggle_player_scores_latest_valuation
227436,João Mário,joao mario,Spartak Varna,spartak varna,3325,PO1,Liga Portugal,2022-2023,100000,2023-06-05,29.65,1993-10-11 00:00:00,Guinea-Bissau,Attack,Left Winger,left,185.0,3,True,PLAYER_ID_REQUIRED_HOMONYM,player_id_tm,transfermarkt_kaggle_player_scores_latest_valuation
235643,Bruno Alves,bruno alves,CD Cova Piedade,cd cova piedade,2420,PO1,Liga Portugal,2020-2021,100000,2021-06-29,31.06,1990-06-09 00:00:00,Portugal,Midfield,Central Midfield,right,179.0,2,True,PLAYER_ID_REQUIRED_HOMONYM,player_id_tm,transfermarkt_kaggle_player_scores_latest_valuation
237665,André Ferreira,andre ferreira,Leixões SC,leixoes sc,1301,PO1,Liga Portugal,2016-2017,100000,2016-09-30,26.29,1990-06-15 00:00:00,Portugal,Attack,Right Winger,right,182.0,3,True,PLAYER_ID_REQUIRED_HOMONYM,player_id_tm,transfermarkt_kaggle_player_scores_latest_valuation
291968,Neto,neto,Leixões SC,leixoes sc,3345,PO1,Liga Portugal,2025-2026,100000,2025-12-22,34.31,1991-09-02 00:00:00,Brazil,Midfield,Central Midfield,right,181.0,3,True,PLAYER_ID_REQUIRED_HOMONYM,player_id_tm,transfermarkt_kaggle_player_scores_latest_valuation
347185,Suéliton,sueliton,Clube do Remo (PA),clube do remo pa,2420,PO1,Liga Portugal,2021-2022,100000,2021-08-12,30.13,1991-06-26 00:00:00,Brazil,Defender,Centre-Back,right,184.0,2,True,PLAYER_ID_REQUIRED_HOMONYM,player_id_tm,transfermarkt_kaggle_player_scores_latest_valuation
352558,Marco Ribeiro,marco ribeiro,USC Paredes,usc paredes,2995,PO1,Liga Portugal,2020-2021,100000,2020-08-17,25.55,1995-01-29 00:00:00,Portugal,Goalkeeper,Goalkeeper,right,186.0,2,True,PLAYER_ID_REQUIRED_HOMONYM,player_id_tm,transfermarkt_kaggle_player_scores_latest_valuation
357785,Geraldo,geraldo,AD Fafe,ad fafe,982,PO1,Liga Portugal,2017-2018,100000,2018-02-15,25.32,1992-10-22 00:00:00,Mozambique,Midfield,Defensive Midfield,right,183.0,2,True,PLAYER_ID_REQUIRED_HOMONYM,player_id_tm,transfermarkt_kaggle_player_scores_latest_valuation
380696,Kaká,kaka,Gokulam Kerala FC,gokulam kerala fc,982,PO1,Liga Portugal,2022-2023,100000,2023-05-17,31.99,1991-05-20 00:00:00,Brazil,Midfield,Attacking Midfield,right,176.0,4,True,PLAYER_ID_REQUIRED_HOMONYM,player_id_tm,transfermarkt_kaggle_player_scores_latest_valuation
418752,Alex,alex,FC Arouca,fc arouca,8024,PO1,Liga Portugal,2016-2017,100000,2017-06-26,20.41,1997-01-28 00:00:00,Portugal,Midfield,Defensive Midfield,right,,7,True,PLAYER_ID_REQUIRED_HOMONYM,player_id_tm,transfermarkt_kaggle_player_scores_latest_valuation
438913,André Sousa,andre sousa,FC Paços de Ferreira B,fc pacos de ferreira b,2995,PO1,Liga Portugal,2017-2018,100000,2018-02-07,20.56,1997-07-16 00:00:00,Portugal,Midfield,Central Midfield,right,175.0,3,True,PLAYER_ID_REQUIRED_HOMONYM,player_id_tm,transfermarkt_kaggle_player_scores_latest_valuation
461923,João Ricciulli,joao ricciulli,Sporting CP U23,sporting cp u23,2420,PO1,Liga Portugal,2018-2019,100000,2019-06-18,19.69,1999-10-10 00:00:00,,Defender,Centre-Back,right,195.0,2,True,PLAYER_ID_REQUIRED_HOMONYM,player_id_tm,transfermarkt_kaggle_player_scores_latest_valuation
553077,Vinícius,vinicius,Portimonense SC,portimonense sc,7378,PO1,Liga Portugal,2022-2023,100000,2022-11-01,25.24,1997-08-05 00:00:00,Brazil,Defender,Centre-Back,left,192.0,7,True,PLAYER_ID_REQUIRED_HOMONYM,player_id_tm,transfermarkt_kaggle_player_scores_latest_valuation
555752,Bruninho,bruninho,Portimonense SC,portimonense sc,7378,PO1,Liga Portugal,2022-2023,100000,2023-06-16,23.91,1999-07-20 00:00:00,Portugal,Midfield,Central Midfield,right,176.0,7,True,PLAYER_ID_REQUIRED_HOMONYM,player_id_tm,transfermarkt_kaggle_player_scores_latest_valuation
597106,Luiz Gustavo,luiz gustavo,FC Arouca,fc arouca,8024,PO1,Liga Portugal,2021-2022,100000,2021-12-27,22.32,1999-09-02 00:00:00,Brazil,Defender,Right-Back,right,175.0,2,True,PLAYER_ID_REQUIRED_HOMONYM,player_id_tm,transfermarkt_kaggle_player_scores_latest_valuation
606882,Diogo Silva,diogo silva,CD Tondela,cd tondela,7179,PO1,Liga Portugal,2019-2020,100000,2019-12-30,26.63,1993-05-13 00:00:00,Portugal,Goalkeeper,Goalkeeper,right,189.0,2,True,PLAYER_ID_REQUIRED_HOMONYM,player_id_tm,transfermarkt_kaggle_player_scores_latest_valuation
700168,João Victor,joao victor,Casa Pia AC,casa pia ac,3268,PO1,Liga Portugal,2022-2023,100000,2023-06-16,25.12,1998-05-03 00:00:00,,Goalkeeper,Goalkeeper,right,192.0,5,True,PLAYER_ID_REQUIRED_HOMONYM,player_id_tm,transfermarkt_kaggle_player_scores_latest_valuation
738504,João Victor,joao victor,Portimonense SC U23,portimonense sc u23,67731,PO1,Liga Portugal,2023-2024,100000,2024-06-06,23.62,2000-10-23 00:00:00,Brazil,Goalkeeper,Goalkeeper,right,191.0,5,True,PLAYER_ID_REQUIRED_HOMONYM,player_id_tm,transfermarkt_kaggle_player_scores_latest_valuation
813121,Mateus,mateus,Portimonense SC U23,portimonense sc u23,2521,PO1,Liga Portugal,2022-2023,100000,2023-06-16,21.12,2002-05-02 00:00:00,Brazil,Goalkeeper,Goalkeeper,right,199.0,2,True,PLAYER_ID_REQUIRED_HOMONYM,player_id_tm,transfermarkt_kaggle_player_scores_latest_valuation
841731,Edu,edu,GD Chaves,gd chaves,3325,PO1,Liga Portugal,2023-2024,100000,2023-12-27,21.59,2002-05-27 00:00:00,Portugal,Defender,Centre-Back,right,185.0,3,True,PLAYER_ID_REQUIRED_HOMONYM,player_id_tm,transfermarkt_kaggle_player_scores_latest_valuation
842444,Guilherme,guilherme,GD Chaves,gd chaves,3325,PO1,Liga Portugal,2022-2023,100000,2023-06-16,22.65,2000-10-21 00:00:00,Brazil,Defender,Centre-Back,left,191.0,7,True,PLAYER_ID_REQUIRED_HOMONYM,player_id_tm,transfermarkt_kaggle_player_scores_latest_valuation
889683,Rogério,rogerio,Casa Pia AC,casa pia ac,3268,PO1,Liga Portugal,2022-2023,100000,2022-11-01,20.18,2002-08-28 00:00:00,,Defender,Right-Back,right,170.0,2,True,PLAYER_ID_REQUIRED_HOMONYM,player_id_tm,transfermarkt_kaggle_player_scores_latest_valuation
1044871,Vasco Sousa,vasco sousa,FC Paços de Ferreira U19,fc pacos de ferreira u19,2995,PO1,Liga Portugal,2022-2023,100000,2023-06-16,19.19,2004-04-06 00:00:00,Portugal,Defender,Centre-Back,left,183.0,2,True,PLAYER_ID_REQUIRED_HOMONYM,player_id_tm,transfermarkt_kaggle_player_scores_latest_valuation
1095318,Carlão,carlao,Moreirense FC,moreirense fc,979,PO1,Liga Portugal,2023-2024,100000,2024-06-06,20.8,2003-08-19 00:00:00,Brazil,Defender,Centre-Back,right,191.0,3,True,PLAYER_ID_REQUIRED_HOMONYM,player_id_tm,transfermarkt_kaggle_player_scores_latest_valuation
1159449,Samu,samu,Casa Pia AC,casa pia ac,3268,PO1,Liga Portugal,2023-2024,100000,2024-06-06,17.72,2006-09-15 00:00:00,Portugal,Attack,Right Winger,right,180.0,2,True,PLAYER_ID_REQUIRED_HOMONYM,player_id_tm,transfermarkt_kaggle_player_scores_latest_valuation
1216111,Alex Sola,alex sola,CF Estrela Amadora,cf estrela amadora,2431,PO1,Liga Portugal,2025-2026,100000,2025-12-18,22.01,2003-12-14 00:00:00,Angola,Midfield,Central Midfield,right,173.0,2,True,PLAYER_ID_REQUIRED_HOMONYM,player_id_tm,transfermarkt_kaggle_player_scores_latest_valuation
1294049,Tomás Silva,tomas silva,Boavista FC,boavista fc,2503,PO1,Liga Portugal,2024-2025,100000,2025-05-30,19.01,2006-05-25 00:00:00,Portugal,Defender,Left-Back,left,175.0,2,True,PLAYER_ID_REQUIRED_HOMONYM,player_id_tm,transfermarkt_kaggle_player_scores_latest_valuation
19375,Ricardo Silva,ricardo silva,CD Feirense,cd feirense,2995,PO1,Liga Portugal,2019-2020,75000,2019-12-31,39.36,1980-08-19 00:00:00,Cape Verde,Defender,Centre-Back,right,186.0,3,True,PLAYER_ID_REQUIRED_HOMONYM,player_id_tm,transfermarkt_kaggle_player_scores_latest_valuation
25506,Pedro Pacheco,pedro pacheco,CD Santa Clara,cd santa clara,2423,PO1,Liga Portugal,2018-2019,75000,2019-06-07,34.94,1984-06-27 00:00:00,Canada,Midfield,Central Midfield,right,179.0,2,True,PLAYER_ID_REQUIRED_HOMONYM,player_id_tm,transfermarkt_kaggle_player_scores_latest_valuation
36210,Miguel Oliveira,miguel oliveira,FC Vizela,fc vizela,8024,PO1,Liga Portugal,2016-2017,75000,2017-06-30,33.87,1983-08-18 00:00:00,Portugal,Defender,Centre-Back,right,187.0,2,True,PLAYER_ID_REQUIRED_HOMONYM,player_id_tm,transfermarkt_kaggle_player_scores_latest_valuation
45376,Júlio César,julio cesar,Clube Oriental Lissabon,clube oriental lissabon,979,PO1,Liga Portugal,2015-2016,75000,2016-03-14,31.25,1984-12-13 00:00:00,Brazil,Midfield,Defensive Midfield,both,178.0,7,True,PLAYER_ID_REQUIRED_HOMONYM,player_id_tm,transfermarkt_kaggle_player_scores_latest_valuation
52376,Igor Rocha,igor rocha,CD Santa Clara,cd santa clara,1085,PO1,Liga Portugal,2017-2018,75000,2018-06-29,34.15,1984-05-03 00:00:00,Portugal,Defender,Left-Back,left,186.0,2,True,PLAYER_ID_REQUIRED_HOMONYM,player_id_tm,transfermarkt_kaggle_player_scores_latest_valuation
56798,Pedro Pereira,pedro pereira,AD Fafe,ad fafe,2424,PO1,Liga Portugal,2016-2017,75000,2017-06-30,33.49,1984-01-03 00:00:00,Portugal,Attack,Right Winger,right,170.0,2,True,PLAYER_ID_REQUIRED_HOMONYM,player_id_tm,transfermarkt_kaggle_player_scores_latest_valuation
58436,Luís Alberto,luis alberto,Varzim SC,varzim sc,3325,PO1,Liga Portugal,2017-2018,75000,2018-06-29,34.61,1983-11-17 00:00:00,Brazil,Midfield,Defensive Midfield,right,183.0,2,True,PLAYER_ID_REQUIRED_HOMONYM,player_id_tm,transfermarkt_kaggle_player_scores_latest_valuation
92042,Tiago Almeida,tiago almeida,FK Suduva Marijampole,fk suduva marijampole,979,PO1,Liga Portugal,2022-2023,75000,2022-12-15,32.25,1990-09-13 00:00:00,Cape Verde,Defender,Right-Back,right,181.0,2,True,PLAYER_ID_REQUIRED_HOMONYM,player_id_tm,transfermarkt_kaggle_player_scores_latest_valuation
124384,João Silva,joao silva,CF Estrela Amadora SAD,cf estrela amadora sad,3349,PO1,Liga Portugal,2022-2023,75000,2023-06-28,33.1,1990-05-21 00:00:00,Portugal,Attack,Centre-Forward,right,189.0,2,True,PLAYER_ID_REQUIRED_HOMONYM,player_id_tm,transfermarkt_kaggle_player_scores_latest_valuation
130666,Bruninho,bruninho,Académico Viseu FC,academico viseu fc,1085,PO1,Liga Portugal,2020-2021,75000,2021-06-29,32.74,1988-09-30 00:00:00,Portugal,Attack,Second Striker,left,179.0,7,True,PLAYER_ID_REQUIRED_HOMONYM,player_id_tm,transfermarkt_kaggle_player_scores_latest_valuation
193319,Luís Silva,luis silva,Académico Viseu FC,academico viseu fc,7788,PO1,Liga Portugal,2025-2026,75000,2025-12-22,33.23,1992-09-29 00:00:00,Portugal,Midfield,Central Midfield,left,185.0,2,True,PLAYER_ID_REQUIRED_HOMONYM,player_id_tm,transfermarkt_kaggle_player_scores_latest_valuation
194330,Roberto,roberto,FC Penafiel,fc penafiel,979,PO1,Liga Portugal,2022-2023,75000,2023-06-28,34.58,1988-11-28 00:00:00,Portugal,Attack,Centre-Forward,right,180.0,2,True,PLAYER_ID_REQUIRED_HOMONYM,player_id_tm,transfermarkt_kaggle_player_scores_latest_valuation
209953,Igor Rocha,igor rocha,FC Arouca,fc arouca,8024,PO1,Liga Portugal,2017-2018,75000,2018-06-29,25.32,1993-03-04 00:00:00,Portugal,Goalkeeper,Goalkeeper,right,184.0,2,True,PLAYER_ID_REQUIRED_HOMONYM,player_id_tm,transfermarkt_kaggle_player_scores_latest_valuation
213510,Jota,jota,CD Nacional,cd nacional,982,PO1,Liga Portugal,2025-2026,75000,2025-12-18,32.78,1993-03-07 00:00:00,Portugal,Midfield,Central Midfield,right,173.0,4,True,PLAYER_ID_REQUIRED_HOMONYM,player_id_tm,transfermarkt_kaggle_player_scores_latest_valuation
228038,Michael,michael,Rahmatganj MFS,rahmatganj mfs,1465,PO1,Liga Portugal,2022-2023,75000,2023-02-20,29.84,1993-04-19 00:00:00,Brazil,Attack,Centre-Forward,right,186.0,2,True,PLAYER_ID_REQUIRED_HOMONYM,player_id_tm,transfermarkt_kaggle_player_scores_latest_valuation
234044,Romário,romario,Académica Coimbra,academica coimbra,8024,PO1,Liga Portugal,2019-2020,75000,2019-12-31,27.96,1992-01-15 00:00:00,Brazil,Attack,Centre-Forward,right,191.0,2,True,PLAYER_ID_REQUIRED_HOMONYM,player_id_tm,transfermarkt_kaggle_player_scores_latest_valuation
237092,Carlos Eduardo,carlos eduardo,APS Zakynthos,aps zakynthos,1075,PO1,Liga Portugal,2021-2022,75000,2022-06-27,29.48,1993-01-04 00:00:00,Brazil,Attack,Left Winger,right,178.0,4,True,PLAYER_ID_REQUIRED_HOMONYM,player_id_tm,transfermarkt_kaggle_player_scores_latest_valuation
292722,Pedro Santos,pedro santos,GD Gafanha,gd gafanha,3349,PO1,Liga Portugal,2015-2016,75000,2016-03-02,20.12,1996-01-18 00:00:00,Portugal,Defender,Centre-Back,right,186.0,4,True,PLAYER_ID_REQUIRED_HOMONYM,player_id_tm,transfermarkt_kaggle_player_scores_latest_valuation
375770,Gabriel Souza,gabriel souza,FC Famalicão,fc famalicao,7179,PO1,Liga Portugal,2018-2019,75000,2019-06-29,22.49,1997-01-01 00:00:00,Brazil,Goalkeeper,Goalkeeper,right,193.0,2,True,PLAYER_ID_REQUIRED_HOMONYM,player_id_tm,transfermarkt_kaggle_player_scores_latest_valuation
389324,Fernandinho,fernandinho,Flamurtari FC,flamurtari fc,7378,PO1,Liga Portugal,2022-2023,75000,2023-05-16,28.68,1994-09-11 00:00:00,Brazil,Attack,Right Winger,left,169.0,4,True,PLAYER_ID_REQUIRED_HOMONYM,player_id_tm,transfermarkt_kaggle_player_scores_latest_valuation
710860,Leandro Silva,leandro silva,Rio Ave FC U23,rio ave fc u23,2425,PO1,Liga Portugal,2021-2022,75000,2022-06-27,23.44,1999-01-16 00:00:00,Brazil,Attack,Right Winger,left,174.0,2,True,PLAYER_ID_REQUIRED_HOMONYM,player_id_tm,transfermarkt_kaggle_player_scores_latest_valuation
1153833,Marco Ribeiro,marco ribeiro,FC Felgueiras 1932,fc felgueiras 1932,1701,PO1,Liga Portugal,2025-2026,75000,2025-12-22,20.52,2005-06-14 00:00:00,Portugal,Midfield,Central Midfield,right,188.0,2,True,PLAYER_ID_REQUIRED_HOMONYM,player_id_tm,transfermarkt_kaggle_player_scores_latest_valuation
24700,Pedrinho,pedrinho,Leixões SC,leixoes sc,3336,PO1,Liga Portugal,2019-2020,50000,2019-12-31,34.82,1985-03-06 00:00:00,Portugal,Defender,Right-Back,right,177.0,5,True,PLAYER_ID_REQUIRED_HOMONYM,player_id_tm,transfermarkt_kaggle_player_scores_latest_valuation
24713,Nuno Santos,nuno santos,Académica Coimbra,academica coimbra,7179,PO1,Liga Portugal,2016-2017,50000,2017-06-30,37.03,1980-06-19 00:00:00,Portugal,Defender,Left-Back,left,182.0,3,True,PLAYER_ID_REQUIRED_HOMONYM,player_id_tm,transfermarkt_kaggle_player_scores_latest_valuation
26229,Diego,diego,Vitória Setúbal FC,vitoria setubal fc,1085,PO1,Liga Portugal,2016-2017,50000,2017-06-26,38.13,1979-05-11 00:00:00,Brazil,Goalkeeper,Goalkeeper,right,188.0,3,True,PLAYER_ID_REQUIRED_HOMONYM,player_id_tm,transfermarkt_kaggle_player_scores_latest_valuation
33710,Semedo,semedo,Vitória Setúbal FC,vitoria setubal fc,1085,PO1,Liga Portugal,2020-2021,50000,2021-06-29,36.46,1985-01-11 00:00:00,Portugal,Midfield,Defensive Midfield,right,183.0,2,True,PLAYER_ID_REQUIRED_HOMONYM,player_id_tm,transfermarkt_kaggle_player_scores_latest_valuation
34576,João Pedro,joao pedro,Leixões SC,leixoes sc,2423,PO1,Liga Portugal,2020-2021,50000,2021-06-29,33.5,1987-12-29 00:00:00,Portugal,Defender,Centre-Back,right,190.0,9,True,PLAYER_ID_REQUIRED_HOMONYM,player_id_tm,transfermarkt_kaggle_player_scores_latest_valuation
45717,Nenê,nene,Avs Futebol,avs futebol,110302,PO1,Liga Portugal,2025-2026,50000,2025-12-18,42.39,1983-07-28 00:00:00,Brazil,Attack,Centre-Forward,right,183.0,3,True,PLAYER_ID_REQUIRED_HOMONYM,player_id_tm,transfermarkt_kaggle_player_scores_latest_valuation
48704,Gustavo Souza,gustavo souza,GD Chaves,gd chaves,3325,PO1,Liga Portugal,2016-2017,50000,2016-07-29,32.03,1984-07-18 00:00:00,Brazil,Attack,Centre-Forward,right,180.0,2,True,PLAYER_ID_REQUIRED_HOMONYM,player_id_tm,transfermarkt_kaggle_player_scores_latest_valuation
58267,Castro,castro,FC Porto B,fc porto b,10331,PO1,Liga Portugal,2024-2025,50000,2025-06-23,37.22,1988-04-02 00:00:00,Portugal,Midfield,Central Midfield,right,181.0,2,True,PLAYER_ID_REQUIRED_HOMONYM,player_id_tm,transfermarkt_kaggle_player_scores_latest_valuation
64371,Pedro Moreira,pedro moreira,FC Arouca,fc arouca,8024,PO1,Liga Portugal,2024-2025,50000,2025-05-30,36.21,1989-03-15 00:00:00,Portugal,Midfield,Central Midfield,right,181.0,2,True,PLAYER_ID_REQUIRED_HOMONYM,player_id_tm,transfermarkt_kaggle_player_scores_latest_valuation
71420,João Diogo,joao diogo,Académica Coimbra,academica coimbra,68608,PO1,Liga Portugal,2021-2022,50000,2022-06-27,34.33,1988-02-28 00:00:00,Portugal,Defender,Right-Back,right,175.0,2,True,PLAYER_ID_REQUIRED_HOMONYM,player_id_tm,transfermarkt_kaggle_player_scores_latest_valuation
85776,Nilson,nilson,CF União Madeira (-2021),cf uniao madeira 2021,976,PO1,Liga Portugal,2016-2017,50000,2017-06-30,29.9,1987-08-05 00:00:00,Cape Verde,Defender,Left-Back,left,176.0,2,True,PLAYER_ID_REQUIRED_HOMONYM,player_id_tm,transfermarkt_kaggle_player_scores_latest_valuation
86811,Alex,alex,SC União Torreense,sc uniao torreense,1085,PO1,Liga Portugal,2022-2023,50000,2023-06-28,31.84,1991-08-27 00:00:00,Portugal,Attack,Left Winger,left,174.0,7,True,PLAYER_ID_REQUIRED_HOMONYM,player_id_tm,transfermarkt_kaggle_player_scores_latest_valuation
100220,Mika,mika,CD Trofense,cd trofense,8024,PO1,Liga Portugal,2020-2021,50000,2021-06-29,33.76,1987-09-26 00:00:00,Portugal,Defender,Centre-Back,right,180.0,2,True,PLAYER_ID_REQUIRED_HOMONYM,player_id_tm,transfermarkt_kaggle_player_scores_latest_valuation
101355,Lúcio,lucio,Portuguesa,portuguesa,2424,PO1,Liga Portugal,2011-2012,50000,2012-05-24,22.1,1990-04-18 00:00:00,Brazil,Goalkeeper,Goalkeeper,right,189.0,2,True,PLAYER_ID_REQUIRED_HOMONYM,player_id_tm,transfermarkt_kaggle_player_scores_latest_valuation
103147,Wellington,wellington,ABC Futebol Clube (RN),abc futebol clube rn,1301,PO1,Liga Portugal,2023-2024,50000,2023-11-27,33.6,1990-04-21 00:00:00,Brazil,Goalkeeper,Goalkeeper,left,193.0,2,True,PLAYER_ID_REQUIRED_HOMONYM,player_id_tm,transfermarkt_kaggle_player_scores_latest_valuation
138642,João Afonso,joao afonso,CD Mafra,cd mafra,68608,PO1,Liga Portugal,2015-2016,50000,2016-03-14,34.09,1982-02-11 00:00:00,Portugal,Defender,Centre-Back,right,192.0,3,True,PLAYER_ID_REQUIRED_HOMONYM,player_id_tm,transfermarkt_kaggle_player_scores_latest_valuation
138649,Semedo,semedo,SC Covilhã,sc covilha,3349,PO1,Liga Portugal,2018-2019,50000,2019-06-29,31.35,1988-02-23 00:00:00,Cape Verde,Midfield,Defensive Midfield,right,184.0,2,True,PLAYER_ID_REQUIRED_HOMONYM,player_id_tm,transfermarkt_kaggle_player_scores_latest_valuation
170841,Ferreira,ferreira,Moreirense FC,moreirense fc,979,PO1,Liga Portugal,2013-2014,50000,2013-11-05,33.05,1980-10-19 00:00:00,Portugal,Goalkeeper,Goalkeeper,left,184.0,2,True,PLAYER_ID_REQUIRED_HOMONYM,player_id_tm,transfermarkt_kaggle_player_scores_latest_valuation
187860,André Sousa,andre sousa,CD Nacional,cd nacional,982,PO1,Liga Portugal,2025-2026,50000,2025-12-18,35.44,1990-07-09 00:00:00,Portugal,Midfield,Central Midfield,left,181.0,3,True,PLAYER_ID_REQUIRED_HOMONYM,player_id_tm,transfermarkt_kaggle_player_scores_latest_valuation
192991,Rafa,rafa,SC Vila Real,sc vila real,2425,PO1,Liga Portugal,2015-2016,50000,2016-03-14,24.04,1992-03-01 00:00:00,Portugal,Goalkeeper,Goalkeeper,right,183.0,3,True,PLAYER_ID_REQUIRED_HOMONYM,player_id_tm,transfermarkt_kaggle_player_scores_latest_valuation
221799,Reginaldo,reginaldo,KS Kastrioti,ks kastrioti,982,PO1,Liga Portugal,2022-2023,50000,2023-05-16,32.95,1990-06-04 00:00:00,Mozambique,Attack,Centre-Forward,right,182.0,2,True,PLAYER_ID_REQUIRED_HOMONYM,player_id_tm,transfermarkt_kaggle_player_scores_latest_valuation
241961,Fábio Santos,fabio santos,Académico Viseu FC,academico viseu fc,3325,PO1,Liga Portugal,2020-2021,50000,2021-06-29,33.1,1988-05-22 00:00:00,Portugal,Defender,Centre-Back,right,184.0,2,True,PLAYER_ID_REQUIRED_HOMONYM,player_id_tm,transfermarkt_kaggle_player_scores_latest_valuation
346918,Paulinho,paulinho,Without Club,without club,982,PO1,Liga Portugal,2016-2017,50000,2016-07-01,23.48,1993-01-07 00:00:00,Brazil,Midfield,Attacking Midfield,,173.0,11,True,PLAYER_ID_REQUIRED_HOMONYM,player_id_tm,transfermarkt_kaggle_player_scores_latest_valuation
353213,Platiny,platiny,Gil Vicente FC,gil vicente fc,2424,PO1,Liga Portugal,2015-2016,50000,2016-03-14,22.2,1994-01-02 00:00:00,Cape Verde,Midfield,Attacking Midfield,right,,2,True,PLAYER_ID_REQUIRED_HOMONYM,player_id_tm,transfermarkt_kaggle_player_scores_latest_valuation
379680,Zé Pedro,ze pedro,Länk FC Vilaverdense ,lank fc vilaverdense,2425,PO1,Liga Portugal,2023-2024,50000,2023-09-29,31.23,1992-07-08 00:00:00,Portugal,Attack,Centre-Forward,right,182.0,5,True,PLAYER_ID_REQUIRED_HOMONYM,player_id_tm,transfermarkt_kaggle_player_scores_latest_valuation
385593,Vieirinha,vieirinha,AD Sanjoanense,ad sanjoanense,3349,PO1,Liga Portugal,2016-2017,50000,2017-02-22,20.32,1996-10-28 00:00:00,Portugal,Midfield,Attacking Midfield,right,178.0,2,True,PLAYER_ID_REQUIRED_HOMONYM,player_id_tm,transfermarkt_kaggle_player_scores_latest_valuation
396427,Diogo Ferreira,diogo ferreira,SC União Torreense,sc uniao torreense,1085,PO1,Liga Portugal,2020-2021,50000,2021-06-29,23.71,1997-10-12 00:00:00,Portugal,Goalkeeper,Goalkeeper,both,194.0,2,True,PLAYER_ID_REQUIRED_HOMONYM,player_id_tm,transfermarkt_kaggle_player_scores_latest_valuation
463152,Vítor Hugo,vitor hugo,CD Nacional,cd nacional,982,PO1,Liga Portugal,2016-2017,50000,2017-06-26,22.51,1994-12-23 00:00:00,Brazil,Midfield,Defensive Midfield,,180.0,2,True,PLAYER_ID_REQUIRED_HOMONYM,player_id_tm,transfermarkt_kaggle_player_scores_latest_valuation
544792,Miguel Tavares,miguel tavares,CF Os Belenenses,cf os belenenses,3336,PO1,Liga Portugal,2023-2024,50000,2023-09-29,25.08,1998-08-29 00:00:00,Portugal,Attack,Right Winger,right,179.0,2,True,PLAYER_ID_REQUIRED_HOMONYM,player_id_tm,transfermarkt_kaggle_player_scores_latest_valuation
24946,Cris,cris,CD Feirense,cd feirense,3349,PO1,Liga Portugal,2020-2021,25000,2021-06-29,37.46,1984-01-11 00:00:00,Portugal,Midfield,Defensive Midfield,right,178.0,2,True,PLAYER_ID_REQUIRED_HOMONYM,player_id_tm,transfermarkt_kaggle_player_scores_latest_valuation
34007,Nilson,nilson,CF União Madeira (-2021),cf uniao madeira 2021,979,PO1,Liga Portugal,2016-2017,25000,2017-06-30,41.51,1975-12-26 00:00:00,Brazil,Goalkeeper,Goalkeeper,right,185.0,2,True,PLAYER_ID_REQUIRED_HOMONYM,player_id_tm,transfermarkt_kaggle_player_scores_latest_valuation
37947,Mateus,mateus,SC União Torreense,sc uniao torreense,2503,PO1,Liga Portugal,2022-2023,25000,2022-12-28,38.52,1984-06-19 00:00:00,Angola,Attack,Left Winger,right,176.0,2,True,PLAYER_ID_REQUIRED_HOMONYM,player_id_tm,transfermarkt_kaggle_player_scores_latest_valuation
40555,Serginho,serginho,CD Trofense,cd trofense,2423,PO1,Liga Portugal,2020-2021,25000,2021-06-29,38.56,1982-12-06 00:00:00,Portugal,Goalkeeper,Goalkeeper,right,192.0,7,True,PLAYER_ID_REQUIRED_HOMONYM,player_id_tm,transfermarkt_kaggle_player_scores_latest_valuation
41234,Kaká,kaka,Varzim SC,varzim sc,7179,PO1,Liga Portugal,2017-2018,25000,2018-02-15,36.75,1981-05-16 00:00:00,Brazil,Defender,Centre-Back,right,185.0,4,True,PLAYER_ID_REQUIRED_HOMONYM,player_id_tm,transfermarkt_kaggle_player_scores_latest_valuation
53841,Cássio,cassio,Al-Taawoun FC,al taawoun fc,2425,PO1,Liga Portugal,2021-2022,25000,2022-06-30,41.88,1980-08-12 00:00:00,Brazil,Goalkeeper,Goalkeeper,right,184.0,2,True,PLAYER_ID_REQUIRED_HOMONYM,player_id_tm,transfermarkt_kaggle_player_scores_latest_valuation
59368,Sandro,sandro,Varzim SC,varzim sc,2424,PO1,Liga Portugal,2018-2019,25000,2019-06-29,36.56,1982-12-05 00:00:00,Portugal,Defender,Centre-Back,right,188.0,2,True,PLAYER_ID_REQUIRED_HOMONYM,player_id_tm,transfermarkt_kaggle_player_scores_latest_valuation
92044,Luisinho,luisinho,Académico Viseu FC,academico viseu fc,2503,PO1,Liga Portugal,2022-2023,25000,2023-06-28,33.25,1990-03-27 00:00:00,Portugal,Attack,Right Winger,right,170.0,2,True,PLAYER_ID_REQUIRED_HOMONYM,player_id_tm,transfermarkt_kaggle_player_scores_latest_valuation
129128,Romário,romario,UMF Afturelding,umf afturelding,1301,PO1,Liga Portugal,2019-2020,25000,2019-10-16,27.3,1992-06-28 00:00:00,Brazil,Defender,Centre-Back,left,184.0,2,True,PLAYER_ID_REQUIRED_HOMONYM,player_id_tm,transfermarkt_kaggle_player_scores_latest_valuation
197154,Jô,jo,NK Krsko,nk krsko,979,PO1,Liga Portugal,2020-2021,25000,2020-09-23,32.01,1988-09-19 00:00:00,Brazil,Attack,Second Striker,both,170.0,2,True,PLAYER_ID_REQUIRED_HOMONYM,player_id_tm,transfermarkt_kaggle_player_scores_latest_valuation
288498,Matheus Índio,matheus indio,Flamurtari FC,flamurtari fc,2503,PO1,Liga Portugal,2023-2024,25000,2023-10-26,27.66,1996-02-28 00:00:00,Brazil,Midfield,Attacking Midfield,left,179.0,2,True,PLAYER_ID_REQUIRED_HOMONYM,player_id_tm,transfermarkt_kaggle_player_scores_latest_valuation
343488,João Gomes,joao gomes,Académica Coimbra,academica coimbra,2990,PO1,Liga Portugal,2017-2018,25000,2017-09-08,20.36,1997-04-29 00:00:00,Portugal,Goalkeeper,Goalkeeper,right,190.0,2,True,PLAYER_ID_REQUIRED_HOMONYM,player_id_tm,transfermarkt_kaggle_player_scores_latest_valuation
160681,Pedro Henrique,pedro henrique,CSM Resita,csm resita,1465,PO1,Liga Portugal,2021-2022,10000,2022-06-10,31.2,1991-03-28 00:00:00,Brazil,Attack,Centre-Forward,,188.0,5,True,PLAYER_ID_REQUIRED_HOMONYM,player_id_tm,transfermarkt_kaggle_player_scores_latest_valuation
517518,Arthur,arthur,Santa Lucia FC,santa lucia fc,982,PO1,Liga Portugal,2023-2024,10000,2023-12-05,24.47,1999-06-17 00:00:00,Brazil,Defender,Centre-Back,right,190.0,2,True,PLAYER_ID_REQUIRED_HOMONYM,player_id_tm,transfermarkt_kaggle_player_scores_latest_valuation
487469,Vitinha,vitinha,Paris Saint-Germain,paris saint germain,583,FR1,Ligue 1,2025-2026,110000000,2025-12-15,25.84,2000-02-13 00:00:00,Portugal,Midfield,Defensive Midfield,right,170.0,2,True,PLAYER_ID_REQUIRED_HOMONYM,player_id_tm,transfermarkt_kaggle_player_scores_latest_valuation
181767,Marquinhos,marquinhos,Paris Saint-Germain,paris saint germain,583,FR1,Ligue 1,2025-2026,30000000,2025-12-15,31.59,1994-05-14 00:00:00,Brazil,Defender,Centre-Back,right,183.0,3,True,PLAYER_ID_REQUIRED_HOMONYM,player_id_tm,transfermarkt_kaggle_player_scores_latest_valuation
543382,Mohamed Camara,mohamed camara,AS Monaco,as monaco,162,FR1,Ligue 1,2023-2024,20000000,2024-06-03,24.41,2000-01-06 00:00:00,Mali,Midfield,Defensive Midfield,right,173.0,2,True,PLAYER_ID_REQUIRED_HOMONYM,player_id_tm,transfermarkt_kaggle_player_scores_latest_valuation
789082,Vanderson,vanderson,AS Monaco,as monaco,162,FR1,Ligue 1,2025-2026,20000000,2025-12-15,24.48,2001-06-21 00:00:00,Brazil,Defender,Right-Back,right,173.0,2,True,PLAYER_ID_REQUIRED_HOMONYM,player_id_tm,transfermarkt_kaggle_player_scores_latest_valuation
181778,Emerson,emerson,Olympique Marseille,olympique marseille,244,FR1,Ligue 1,2025-2026,10000000,2025-12-15,31.37,1994-08-03 00:00:00,Italy,Defender,Left-Back,left,176.0,3,True,PLAYER_ID_REQUIRED_HOMONYM,player_id_tm,transfermarkt_kaggle_player_scores_latest_valuation
818495,Otávio,otavio,Paris FC,paris fc,10004,FR1,Ligue 1,2025-2026,10000000,2025-12-15,23.65,2002-04-21 00:00:00,Brazil,Defender,Centre-Back,left,188.0,4,True,PLAYER_ID_REQUIRED_HOMONYM,player_id_tm,transfermarkt_kaggle_player_scores_latest_valuation
745173,Mamadou Coulibaly,mamadou coulibaly,AS Monaco,as monaco,162,FR1,Ligue 1,2025-2026,8000000,2025-12-15,21.65,2004-04-21 00:00:00,France,Midfield,Central Midfield,left,179.0,2,True,PLAYER_ID_REQUIRED_HOMONYM,player_id_tm,transfermarkt_kaggle_player_scores_latest_valuation
649023,Formose Mendy,formose mendy,FC Lorient,fc lorient,1158,FR1,Ligue 1,2023-2024,4500000,2024-06-03,23.42,2001-01-02 00:00:00,Senegal,Defender,Centre-Back,right,191.0,2,True,PLAYER_ID_REQUIRED_HOMONYM,player_id_tm,transfermarkt_kaggle_player_scores_latest_valuation
181382,Abdoulaye Touré,abdoulaye toure,Le Havre AC,le havre ac,738,FR1,Ligue 1,2023-2024,3000000,2024-06-03,30.25,1994-03-03 00:00:00,Guinea,Midfield,Defensive Midfield,right,188.0,2,True,PLAYER_ID_REQUIRED_HOMONYM,player_id_tm,transfermarkt_kaggle_player_scores_latest_valuation
50057,Aaron Ramsey,aaron ramsey,OGC Nice,ogc nice,417,FR1,Ligue 1,2022-2023,2500000,2023-06-27,32.5,1990-12-26 00:00:00,Wales,Midfield,Central Midfield,right,178.0,2,True,PLAYER_ID_REQUIRED_HOMONYM,player_id_tm,transfermarkt_kaggle_player_scores_latest_valuation
183647,Álvaro González,alvaro gonzalez,Al-Qadsiah FC,al qadsiah fc,244,FR1,Ligue 1,2023-2024,2200000,2023-10-26,33.8,1990-01-08 00:00:00,Spain,Defender,Centre-Back,right,182.0,2,True,PLAYER_ID_REQUIRED_HOMONYM,player_id_tm,transfermarkt_kaggle_player_scores_latest_valuation
341393,Ibrahim Cissé,ibrahim cisse,SM Caen,sm caen,1420,FR1,Ligue 1,2022-2023,1800000,2023-06-16,27.12,1996-05-02 00:00:00,France,Defender,Centre-Back,right,185.0,2,True,PLAYER_ID_REQUIRED_HOMONYM,player_id_tm,transfermarkt_kaggle_player_scores_latest_valuation
804711,Ousmane Camara,ousmane camara,Angers SCO,angers sco,1420,FR1,Ligue 1,2022-2023,1500000,2023-06-27,20.31,2003-03-06 00:00:00,Mali,Defender,Centre-Back,right,197.0,2,True,PLAYER_ID_REQUIRED_HOMONYM,player_id_tm,transfermarkt_kaggle_player_scores_latest_valuation
61891,Fábio,fabio,Grêmio Foot-Ball Porto Alegrense,gremio foot ball porto alegrense,995,FR1,Ligue 1,2023-2024,1000000,2023-07-25,33.04,1990-07-09 00:00:00,Brazil,Defender,Right-Back,right,172.0,2,True,PLAYER_ID_REQUIRED_HOMONYM,player_id_tm,transfermarkt_kaggle_player_scores_latest_valuation
52920,Marcelo,marcelo,Western Sydney Wanderers,western sydney wanderers,40,FR1,Ligue 1,2022-2023,800000,2023-04-05,35.88,1987-05-20 00:00:00,Brazil,Defender,Centre-Back,right,191.0,3,True,PLAYER_ID_REQUIRED_HOMONYM,player_id_tm,transfermarkt_kaggle_player_scores_latest_valuation
33572,Henrique,henrique,Esporte Clube Vitória,esporte clube vitoria,40,FR1,Ligue 1,2016-2017,750000,2016-11-28,33.58,1983-05-02 00:00:00,Brazil,Defender,Centre-Back,right,189.0,4,True,PLAYER_ID_REQUIRED_HOMONYM,player_id_tm,transfermarkt_kaggle_player_scores_latest_valuation
46473,Jakob Johansson,jakob johansson,IFK Göteborg,ifk goteborg,273,FR1,Ligue 1,2020-2021,700000,2021-06-09,30.97,1990-06-21 00:00:00,Sweden,Midfield,Defensive Midfield,right,187.0,2,True,PLAYER_ID_REQUIRED_HOMONYM,player_id_tm,transfermarkt_kaggle_player_scores_latest_valuation
114340,Gabriel Silva,gabriel silva,Without Club,without club,618,FR1,Ligue 1,2022-2023,700000,2023-03-28,31.87,1991-05-13 00:00:00,Brazil,Defender,Left-Back,left,179.0,3,True,PLAYER_ID_REQUIRED_HOMONYM,player_id_tm,transfermarkt_kaggle_player_scores_latest_valuation
3890,Eduardo,eduardo,AC Ajaccio,ac ajaccio,1147,FR1,Ligue 1,2013-2014,500000,2014-01-14,33.44,1980-08-05 00:00:00,Brazil,Attack,Centre-Forward,right,178.0,5,True,PLAYER_ID_REQUIRED_HOMONYM,player_id_tm,transfermarkt_kaggle_player_scores_latest_valuation
39073,Émerson,emerson,Coritiba Foot Ball Club,coritiba foot ball club,273,FR1,Ligue 1,2016-2017,500000,2016-11-28,30.76,1986-02-23 00:00:00,Brazil,Defender,Left-Back,left,187.0,3,True,PLAYER_ID_REQUIRED_HOMONYM,player_id_tm,transfermarkt_kaggle_player_scores_latest_valuation
857148,Mamadou Camara,mamadou camara,Quevilly Rouen Métropole,quevilly rouen metropole,1095,FR1,Ligue 1,2022-2023,500000,2023-06-16,22.35,2001-02-07 00:00:00,France,Attack,Centre-Forward,right,184.0,2,True,PLAYER_ID_REQUIRED_HOMONYM,player_id_tm,transfermarkt_kaggle_player_scores_latest_valuation
66415,Abdou Traoré,abdou traore,Al-Nahdah FC,al nahdah fc,40,FR1,Ligue 1,2019-2020,475000,2020-04-08,32.22,1988-01-17 00:00:00,Mali,Midfield,Central Midfield,right,180.0,2,True,PLAYER_ID_REQUIRED_HOMONYM,player_id_tm,transfermarkt_kaggle_player_scores_latest_valuation
34361,André Luiz,andre luiz,Without Club,without club,1159,FR1,Ligue 1,2012-2013,400000,2013-03-05,33.1,1980-01-27 00:00:00,Brazil,Defender,Centre-Back,right,185.0,2,True,PLAYER_ID_REQUIRED_HOMONYM,player_id_tm,transfermarkt_kaggle_player_scores_latest_valuation
45247,Damien Perquis,damien perquis,TOP Oss,top oss,1162,FR1,Ligue 1,2019-2020,400000,2020-06-29,34.31,1986-03-08 00:00:00,France,Goalkeeper,Goalkeeper,right,186.0,2,True,PLAYER_ID_REQUIRED_HOMONYM,player_id_tm,transfermarkt_kaggle_player_scores_latest_valuation
1009596,Junior Diaz,junior diaz,FC Annecy,fc annecy,3911,FR1,Ligue 1,2023-2024,400000,2024-06-11,20.89,2003-07-23 00:00:00,Cote d'Ivoire,Defender,Centre-Back,right,193.0,2,True,PLAYER_ID_REQUIRED_HOMONYM,player_id_tm,transfermarkt_kaggle_player_scores_latest_valuation
93716,Abdoulaye Keita,abdoulaye keita,FC Girondins Bordeaux,fc girondins bordeaux,40,FR1,Ligue 1,2012-2013,300000,2013-05-30,22.79,1990-08-16 00:00:00,France,Goalkeeper,Goalkeeper,right,188.0,3,True,PLAYER_ID_REQUIRED_HOMONYM,player_id_tm,transfermarkt_kaggle_player_scores_latest_valuation
277111,Jorginho,jorginho,Ordabasy Shymkent,ordabasy shymkent,618,FR1,Ligue 1,2023-2024,300000,2023-11-15,28.15,1995-09-21 00:00:00,Guinea-Bissau,Attack,Left Winger,right,171.0,4,True,PLAYER_ID_REQUIRED_HOMONYM,player_id_tm,transfermarkt_kaggle_player_scores_latest_valuation
804884,Ibrahima Baldé,ibrahima balde,RC Lens,rc lens,826,FR1,Ligue 1,2023-2024,300000,2024-06-03,21.38,2003-01-17 00:00:00,France,Attack,Centre-Forward,right,185.0,2,True,PLAYER_ID_REQUIRED_HOMONYM,player_id_tm,transfermarkt_kaggle_player_scores_latest_valuation
32213,Naldo,naldo,AS Monaco,as monaco,162,FR1,Ligue 1,2019-2020,250000,2019-12-19,37.27,1982-09-10 00:00:00,Brazil,Defender,Centre-Back,right,198.0,2,True,PLAYER_ID_REQUIRED_HOMONYM,player_id_tm,transfermarkt_kaggle_player_scores_latest_valuation
33905,Mohamed Fofana,mohamed fofana,RC Lens,rc lens,1421,FR1,Ligue 1,2017-2018,250000,2018-05-16,33.19,1985-03-07 00:00:00,Mali,Defender,Centre-Back,right,182.0,2,True,PLAYER_ID_REQUIRED_HOMONYM,player_id_tm,transfermarkt_kaggle_player_scores_latest_valuation
282900,Pablo Martínez,pablo martinez,Deportivo de La Coruña,deportivo de la coruna,1160,FR1,Ligue 1,2022-2023,250000,2023-06-30,34.35,1989-02-21 00:00:00,France,Defender,Centre-Back,left,182.0,2,True,PLAYER_ID_REQUIRED_HOMONYM,player_id_tm,transfermarkt_kaggle_player_scores_latest_valuation
905408,Mamadou Camara,mamadou camara,RC Lens,rc lens,826,FR1,Ligue 1,2022-2023,250000,2023-06-27,20.7,2002-10-15 00:00:00,Senegal,Midfield,Central Midfield,left,185.0,2,True,PLAYER_ID_REQUIRED_HOMONYM,player_id_tm,transfermarkt_kaggle_player_scores_latest_valuation
27661,Lisandro López,lisandro lopez,CA Sarmiento (Junin),ca sarmiento junin,1041,FR1,Ligue 1,2023-2024,200000,2023-07-04,40.34,1983-03-02 00:00:00,Argentina,Attack,Centre-Forward,right,174.0,2,True,PLAYER_ID_REQUIRED_HOMONYM,player_id_tm,transfermarkt_kaggle_player_scores_latest_valuation
45082,Diego Gómez,diego gomez,Angers SCO,angers sco,1420,FR1,Ligue 1,2016-2017,200000,2016-07-13,32.52,1984-01-05 00:00:00,Argentina,Midfield,Attacking Midfield,right,164.0,2,True,PLAYER_ID_REQUIRED_HOMONYM,player_id_tm,transfermarkt_kaggle_player_scores_latest_valuation
1191473,Everton,everton,OGC Nizza U19,ogc nizza u19,417,FR1,Ligue 1,2025-2026,200000,2026-01-15,18.76,2007-04-12 00:00:00,France,Midfield,Defensive Midfield,,181.0,5,True,PLAYER_ID_REQUIRED_HOMONYM,player_id_tm,transfermarkt_kaggle_player_scores_latest_valuation
42506,Ibrahima Diallo,ibrahima diallo,Angers SCO,angers sco,1420,FR1,Ligue 1,2016-2017,150000,2016-07-13,30.8,1985-09-26 00:00:00,Guinea,Defender,Left-Back,left,180.0,3,True,PLAYER_ID_REQUIRED_HOMONYM,player_id_tm,transfermarkt_kaggle_player_scores_latest_valuation
123160,Marc Vidal,marc vidal,Rodez AF,rodez af,415,FR1,Ligue 1,2021-2022,150000,2022-06-02,31.0,1991-06-03 00:00:00,France,Goalkeeper,Goalkeeper,right,183.0,2,True,PLAYER_ID_REQUIRED_HOMONYM,player_id_tm,transfermarkt_kaggle_player_scores_latest_valuation
141761,Cheick Touré,cheick toure,FC Lorient B,fc lorient b,1158,FR1,Ligue 1,2014-2015,150000,2015-06-06,22.47,1992-12-16 00:00:00,Cote d'Ivoire,Defender,Centre-Back,right,186.0,2,True,PLAYER_ID_REQUIRED_HOMONYM,player_id_tm,transfermarkt_kaggle_player_scores_latest_valuation
281704,Alassane N'Diaye,alassane n diaye,AC Ajaccio,ac ajaccio,1147,FR1,Ligue 1,2022-2023,150000,2023-06-27,32.04,1991-06-14 00:00:00,France,Midfield,Right Midfield,right,180.0,2,True,PLAYER_ID_REQUIRED_HOMONYM,player_id_tm,transfermarkt_kaggle_player_scores_latest_valuation
530902,Abdoulaye Touré,abdoulaye toure,Amiens SC B,amiens sc b,1416,FR1,Ligue 1,2019-2020,150000,2019-12-19,19.18,2000-10-14 00:00:00,France,Attack,Left Winger,,,2,True,PLAYER_ID_REQUIRED_HOMONYM,player_id_tm,transfermarkt_kaggle_player_scores_latest_valuation
827950,Ousmane Camara,ousmane camara,AJ Auxerre,aj auxerre,290,FR1,Ligue 1,2022-2023,150000,2023-06-27,21.65,2001-11-03 00:00:00,Guinea,Attack,Centre-Forward,,,2,True,PLAYER_ID_REQUIRED_HOMONYM,player_id_tm,transfermarkt_kaggle_player_scores_latest_valuation
99946,Mohamed Camara,mohamed camara,ESTAC Troyes,estac troyes,1095,FR1,Ligue 1,2013-2014,100000,2014-01-13,23.32,1990-09-20 00:00:00,Guinea,Attack,Centre-Forward,right,180.0,2,True,PLAYER_ID_REQUIRED_HOMONYM,player_id_tm,transfermarkt_kaggle_player_scores_latest_valuation
357565,Rodri,rodri,Manchester City,manchester city,281,GB1,Premier League,2025-2026,75000000,2025-12-09,29.46,1996-06-22 00:00:00,Spain,Midfield,Defensive Midfield,right,190.0,2,True,PLAYER_ID_REQUIRED_HOMONYM,player_id_tm,transfermarkt_kaggle_player_scores_latest_valuation
435338,Gabriel,gabriel,Arsenal FC,arsenal fc,11,GB1,Premier League,2025-2026,75000000,2025-12-09,27.97,1997-12-19 00:00:00,Brazil,Defender,Centre-Back,left,190.0,3,True,PLAYER_ID_REQUIRED_HOMONYM,player_id_tm,transfermarkt_kaggle_player_scores_latest_valuation
626724,João Pedro,joao pedro,Chelsea FC,chelsea fc,631,GB1,Premier League,2025-2026,65000000,2025-12-09,24.2,2001-09-26 00:00:00,Brazil,Attack,Centre-Forward,right,186.0,9,True,PLAYER_ID_REQUIRED_HOMONYM,player_id_tm,transfermarkt_kaggle_player_scores_latest_valuation
472423,Reece James,reece james,Chelsea FC,chelsea fc,631,GB1,Premier League,2025-2026,50000000,2025-12-09,26.0,1999-12-08 00:00:00,England,Defender,Right-Back,right,180.0,2,True,PLAYER_ID_REQUIRED_HOMONYM,player_id_tm,transfermarkt_kaggle_player_scores_latest_valuation
466805,Nico González,nico gonzalez,Manchester City,manchester city,281,GB1,Premier League,2025-2026,45000000,2025-12-09,23.93,2002-01-03 00:00:00,Spain,Midfield,Defensive Midfield,right,188.0,2,True,PLAYER_ID_REQUIRED_HOMONYM,player_id_tm,transfermarkt_kaggle_player_scores_latest_valuation
735570,João Gomes,joao gomes,Wolverhampton Wanderers,wolverhampton wanderers,543,GB1,Premier League,2023-2024,35000000,2024-05-27,23.29,2001-02-12 00:00:00,Brazil,Midfield,Central Midfield,right,176.0,2,True,PLAYER_ID_REQUIRED_HOMONYM,player_id_tm,transfermarkt_kaggle_player_scores_latest_valuation
319859,Mathias Jensen,mathias jensen,Brentford FC,brentford fc,1148,GB1,Premier League,2023-2024,28000000,2024-05-27,28.4,1996-01-01 00:00:00,Denmark,Midfield,Central Midfield,right,180.0,2,True,PLAYER_ID_REQUIRED_HOMONYM,player_id_tm,transfermarkt_kaggle_player_scores_latest_valuation
996897,Diego Gómez,diego gomez,Brighton & Hove Albion,brighton hove albion,1237,GB1,Premier League,2025-2026,25000000,2025-12-09,22.7,2003-03-27 00:00:00,Paraguay,Midfield,Central Midfield,right,183.0,2,True,PLAYER_ID_REQUIRED_HOMONYM,player_id_tm,transfermarkt_kaggle_player_scores_latest_valuation
345911,Ladislav Krejčí,ladislav krejci,Wolverhampton Wanderers,wolverhampton wanderers,543,GB1,Premier League,2025-2026,22000000,2025-12-09,26.64,1999-04-20 00:00:00,Czech Republic,Defender,Centre-Back,left,191.0,2,True,PLAYER_ID_REQUIRED_HOMONYM,player_id_tm,transfermarkt_kaggle_player_scores_latest_valuation
595809,Beto,beto,Everton FC,everton fc,29,GB1,Premier League,2025-2026,20000000,2025-12-09,27.85,1998-01-31 00:00:00,Guinea-Bissau,Attack,Centre-Forward,right,194.0,2,True,PLAYER_ID_REQUIRED_HOMONYM,player_id_tm,transfermarkt_kaggle_player_scores_latest_valuation
105470,Alisson,alisson,Liverpool FC,liverpool fc,31,GB1,Premier League,2025-2026,17000000,2025-12-09,33.19,1992-10-02 00:00:00,Brazil,Goalkeeper,Goalkeeper,right,193.0,2,True,PLAYER_ID_REQUIRED_HOMONYM,player_id_tm,transfermarkt_kaggle_player_scores_latest_valuation
111873,Emiliano Martínez,emiliano martinez,Aston Villa,aston villa,405,GB1,Premier League,2025-2026,15000000,2025-12-09,33.27,1992-09-02 00:00:00,Argentina,Goalkeeper,Goalkeeper,right,195.0,2,True,PLAYER_ID_REQUIRED_HOMONYM,player_id_tm,transfermarkt_kaggle_player_scores_latest_valuation
646658,Aaron Ramsey,aaron ramsey,Burnley FC,burnley fc,1132,GB1,Premier League,2023-2024,15000000,2024-05-27,21.35,2003-01-21 00:00:00,England,Midfield,Attacking Midfield,right,181.0,2,True,PLAYER_ID_REQUIRED_HOMONYM,player_id_tm,transfermarkt_kaggle_player_scores_latest_valuation
192765,Ben Davies,ben davies,Tottenham Hotspur,tottenham hotspur,148,GB1,Premier League,2023-2024,10000000,2024-05-27,31.09,1993-04-24 00:00:00,Wales,Defender,Centre-Back,left,181.0,2,True,PLAYER_ID_REQUIRED_HOMONYM,player_id_tm,transfermarkt_kaggle_player_scores_latest_valuation
204103,Adama Traoré,adama traore,Fulham FC,fulham fc,379,GB1,Premier League,2025-2026,8000000,2025-12-09,29.87,1996-01-25 00:00:00,Spain,Attack,Right Winger,right,178.0,4,True,PLAYER_ID_REQUIRED_HOMONYM,player_id_tm,transfermarkt_kaggle_player_scores_latest_valuation
413032,Ibrahima Diallo,ibrahima diallo,Al-Duhail SC,al duhail sc,180,GB1,Premier League,2023-2024,6500000,2023-11-27,24.72,1999-03-08 00:00:00,France,Midfield,Defensive Midfield,right,179.0,3,True,PLAYER_ID_REQUIRED_HOMONYM,player_id_tm,transfermarkt_kaggle_player_scores_latest_valuation
123682,Callum Wilson,callum wilson,West Ham United,west ham united,379,GB1,Premier League,2025-2026,5000000,2025-12-09,33.78,1992-02-27 00:00:00,England,Attack,Centre-Forward,right,180.0,2,True,PLAYER_ID_REQUIRED_HOMONYM,player_id_tm,transfermarkt_kaggle_player_scores_latest_valuation
314210,Tom Davies,tom davies,Sheffield United,sheffield united,350,GB1,Premier League,2023-2024,5000000,2024-05-27,25.91,1998-06-30 00:00:00,England,Midfield,Central Midfield,right,180.0,2,True,PLAYER_ID_REQUIRED_HOMONYM,player_id_tm,transfermarkt_kaggle_player_scores_latest_valuation
817665,Pablo,pablo,Gil Vicente FC,gil vicente fc,379,GB1,Premier League,2025-2026,5000000,2025-12-18,21.96,2004-01-02 00:00:00,Brazil,Attack,Centre-Forward,right,184.0,3,True,PLAYER_ID_REQUIRED_HOMONYM,player_id_tm,transfermarkt_kaggle_player_scores_latest_valuation
206040,Raúl Jiménez,raul jimenez,Fulham FC,fulham fc,931,GB1,Premier League,2025-2026,4000000,2025-12-09,34.6,1991-05-05 00:00:00,Mexico,Attack,Centre-Forward,right,188.0,2,True,PLAYER_ID_REQUIRED_HOMONYM,player_id_tm,transfermarkt_kaggle_player_scores_latest_valuation
447995,Ross Stewart,ross stewart,Southampton FC,southampton fc,180,GB1,Premier League,2025-2026,2800000,2025-12-03,29.4,1996-07-11 00:00:00,Scotland,Attack,Centre-Forward,right,188.0,2,True,PLAYER_ID_REQUIRED_HOMONYM,player_id_tm,transfermarkt_kaggle_player_scores_latest_valuation
44779,Diego Costa,diego costa,Wolverhampton Wanderers,wolverhampton wanderers,543,GB1,Premier League,2022-2023,2000000,2023-06-20,34.7,1988-10-07 00:00:00,Spain,Attack,Centre-Forward,right,186.0,2,True,PLAYER_ID_REQUIRED_HOMONYM,player_id_tm,transfermarkt_kaggle_player_scores_latest_valuation
156501,Felipe,felipe,Nottingham Forest,nottingham forest,703,GB1,Premier League,2023-2024,1500000,2024-05-27,35.03,1989-05-16 00:00:00,Brazil,Defender,Centre-Back,right,190.0,2,True,PLAYER_ID_REQUIRED_HOMONYM,player_id_tm,transfermarkt_kaggle_player_scores_latest_valuation
121398,Tommy Smith,tommy smith,Middlesbrough FC,middlesbrough fc,1110,GB1,Premier League,2022-2023,700000,2023-06-01,31.13,1992-04-14 00:00:00,England,Defender,Right-Back,right,185.0,2,True,PLAYER_ID_REQUIRED_HOMONYM,player_id_tm,transfermarkt_kaggle_player_scores_latest_valuation
124172,Danny Ward,danny ward,Huddersfield Town,huddersfield town,603,GB1,Premier League,2022-2023,700000,2023-06-01,32.48,1990-12-09 00:00:00,England,Attack,Centre-Forward,left,180.0,2,True,PLAYER_ID_REQUIRED_HOMONYM,player_id_tm,transfermarkt_kaggle_player_scores_latest_valuation
12691,James Collins,james collins,Without Club,without club,379,GB1,Premier League,2019-2020,600000,2020-04-08,36.63,1983-08-23 00:00:00,Wales,Defender,Centre-Back,right,188.0,2,True,PLAYER_ID_REQUIRED_HOMONYM,player_id_tm,transfermarkt_kaggle_player_scores_latest_valuation
26267,Fernandinho,fernandinho,Club Athletico Paranaense,club athletico paranaense,281,GB1,Premier League,2023-2024,600000,2023-07-25,38.22,1985-05-04 00:00:00,Brazil,Midfield,Defensive Midfield,right,179.0,4,True,PLAYER_ID_REQUIRED_HOMONYM,player_id_tm,transfermarkt_kaggle_player_scores_latest_valuation
61841,Adam Smith,adam smith,AFC Bournemouth,afc bournemouth,989,GB1,Premier League,2025-2026,500000,2025-12-09,34.61,1991-04-29 00:00:00,England,Defender,Right-Back,right,174.0,2,True,PLAYER_ID_REQUIRED_HOMONYM,player_id_tm,transfermarkt_kaggle_player_scores_latest_valuation
38383,Danny Williams,danny williams,Pafos FC,pafos fc,1110,GB1,Premier League,2019-2020,475000,2020-04-08,31.09,1989-03-08 00:00:00,United States,Midfield,Defensive Midfield,right,182.0,2,True,PLAYER_ID_REQUIRED_HOMONYM,player_id_tm,transfermarkt_kaggle_player_scores_latest_valuation
245585,Reece James,reece james,Blackpool FC,blackpool fc,985,GB1,Premier League,2022-2023,400000,2023-06-09,29.59,1993-11-07 00:00:00,England,Defender,Left-Back,left,182.0,2,True,PLAYER_ID_REQUIRED_HOMONYM,player_id_tm,transfermarkt_kaggle_player_scores_latest_valuation
533086,Amadou Diallo,amadou diallo,Newcastle United U21,newcastle united u21,9253,GB1,Premier League,2023-2024,400000,2023-12-19,20.84,2003-02-15 00:00:00,England,Attack,Left Winger,,,2,True,PLAYER_ID_REQUIRED_HOMONYM,player_id_tm,transfermarkt_kaggle_player_scores_latest_valuation
12125,Stephen Kelly,stephen kelly,Rotherham United,rotherham united,1032,GB1,Premier League,2016-2017,350000,2017-02-27,33.48,1983-09-06 00:00:00,Ireland,Defender,Right-Back,right,184.0,2,True,PLAYER_ID_REQUIRED_HOMONYM,player_id_tm,transfermarkt_kaggle_player_scores_latest_valuation
31645,Anderson,anderson,Adana Demirspor,adana demirspor,985,GB1,Premier League,2018-2019,300000,2019-06-17,31.18,1988-04-13 00:00:00,Brazil,Midfield,Central Midfield,left,175.0,2,True,PLAYER_ID_REQUIRED_HOMONYM,player_id_tm,transfermarkt_kaggle_player_scores_latest_valuation
3473,Thomas Sörensen,thomas sorensen,Melbourne City FC,melbourne city fc,512,GB1,Premier League,2016-2017,250000,2016-07-21,40.11,1976-06-12 00:00:00,Denmark,Goalkeeper,Goalkeeper,right,196.0,2,True,PLAYER_ID_REQUIRED_HOMONYM,player_id_tm,transfermarkt_kaggle_player_scores_latest_valuation
12401,Tommy Smith,tommy smith,Brentford FC,brentford fc,603,GB1,Premier League,2014-2015,250000,2015-02-24,34.76,1980-05-22 00:00:00,England,Attack,Centre-Forward,right,178.0,2,True,PLAYER_ID_REQUIRED_HOMONYM,player_id_tm,transfermarkt_kaggle_player_scores_latest_valuation
177771,Connor Smith,connor smith,Plymouth Argyle,plymouth argyle,1010,GB1,Premier League,2016-2017,250000,2016-08-05,23.46,1993-02-18 00:00:00,Ireland,Midfield,Central Midfield,right,181.0,2,True,PLAYER_ID_REQUIRED_HOMONYM,player_id_tm,transfermarkt_kaggle_player_scores_latest_valuation
214023,David Ferguson,david ferguson,Hartlepool United,hartlepool united,289,GB1,Premier League,2022-2023,225000,2023-06-23,29.04,1994-06-07 00:00:00,England,Defender,Left-Back,left,180.0,2,True,PLAYER_ID_REQUIRED_HOMONYM,player_id_tm,transfermarkt_kaggle_player_scores_latest_valuation
163532,Adam Smith,adam smith,Morecambe FC,morecambe fc,1003,GB1,Premier League,2022-2023,200000,2023-06-09,30.54,1992-11-23 00:00:00,England,Goalkeeper,Goalkeeper,,,2,True,PLAYER_ID_REQUIRED_HOMONYM,player_id_tm,transfermarkt_kaggle_player_scores_latest_valuation
372670,Paulinho,paulinho,Leixões SC,leixoes sc,31,GB1,Premier League,2022-2023,200000,2023-06-28,25.51,1997-12-25 00:00:00,Portugal,Midfield,Central Midfield,right,176.0,11,True,PLAYER_ID_REQUIRED_HOMONYM,player_id_tm,transfermarkt_kaggle_player_scores_latest_valuation
654177,Mamadou Sylla,mamadou sylla,Aston Villa U18,aston villa u18,405,GB1,Premier League,2020-2021,150000,2021-03-18,18.14,2003-01-26 00:00:00,Spain,Midfield,Central Midfield,,179.0,2,True,PLAYER_ID_REQUIRED_HOMONYM,player_id_tm,transfermarkt_kaggle_player_scores_latest_valuation
46220,Pablo Hernández,pablo hernandez,CD Castellón,cd castellon,399,GB1,Premier League,2022-2023,100000,2023-06-30,38.22,1985-04-11 00:00:00,Spain,Midfield,Attacking Midfield,right,173.0,2,True,PLAYER_ID_REQUIRED_HOMONYM,player_id_tm,transfermarkt_kaggle_player_scores_latest_valuation
54275,André Santos,andre santos,Boluspor,boluspor,11,GB1,Premier League,2017-2018,100000,2018-05-30,35.23,1983-03-08 00:00:00,Brazil,Defender,Left-Back,left,180.0,2,True,PLAYER_ID_REQUIRED_HOMONYM,player_id_tm,transfermarkt_kaggle_player_scores_latest_valuation
169633,Bruno Andrade,bruno andrade,Unknown,unknown,1039,GB1,Premier League,2010-2011,50000,2010-12-28,17.24,1993-10-02 00:00:00,Portugal,Attack,Left Winger,right,175.0,2,True,PLAYER_ID_REQUIRED_HOMONYM,player_id_tm,transfermarkt_kaggle_player_scores_latest_valuation
607854,Éderson,ederson,Atalanta BC,atalanta bc,800,IT1,Serie A,2025-2026,40000000,2025-12-23,26.46,1999-07-07 00:00:00,Brazil,Midfield,Central Midfield,right,183.0,3,True,PLAYER_ID_REQUIRED_HOMONYM,player_id_tm,transfermarkt_kaggle_player_scores_latest_valuation
1190411,Jesús Rodríguez,jesus rodriguez,Como 1907,como 1907,1047,IT1,Serie A,2025-2026,30000000,2025-12-23,20.09,2005-11-21 00:00:00,Spain,Attack,Left Winger,right,185.0,2,True,PLAYER_ID_REQUIRED_HOMONYM,player_id_tm,transfermarkt_kaggle_player_scores_latest_valuation
691316,Luis Henrique,luis henrique,Inter Milan,inter milan,46,IT1,Serie A,2025-2026,23000000,2025-12-23,24.02,2001-12-14 00:00:00,Brazil,Midfield,Right Midfield,right,181.0,2,True,PLAYER_ID_REQUIRED_HOMONYM,player_id_tm,transfermarkt_kaggle_player_scores_latest_valuation
401529,Dodô,dodo,ACF Fiorentina,acf fiorentina,430,IT1,Serie A,2025-2026,18000000,2025-12-23,27.1,1998-11-17 00:00:00,Brazil,Defender,Right-Back,right,166.0,3,True,PLAYER_ID_REQUIRED_HOMONYM,player_id_tm,transfermarkt_kaggle_player_scores_latest_valuation
537602,João Mário,joao mario,FC Porto,fc porto,1025,IT1,Serie A,2023-2024,15000000,2024-06-06,24.42,2000-01-03 00:00:00,Portugal,Defender,Right-Back,right,178.0,3,True,PLAYER_ID_REQUIRED_HOMONYM,player_id_tm,transfermarkt_kaggle_player_scores_latest_valuation
586853,Vitinha,vitinha,Genoa CFC,genoa cfc,252,IT1,Serie A,2023-2024,14000000,2024-06-05,24.22,2000-03-15 00:00:00,Portugal,Attack,Centre-Forward,right,178.0,2,True,PLAYER_ID_REQUIRED_HOMONYM,player_id_tm,transfermarkt_kaggle_player_scores_latest_valuation
128220,Luis Alberto,luis alberto,SS Lazio,ss lazio,398,IT1,Serie A,2023-2024,11000000,2024-06-05,31.69,1992-09-28 00:00:00,Spain,Midfield,Attacking Midfield,right,183.0,2,True,PLAYER_ID_REQUIRED_HOMONYM,player_id_tm,transfermarkt_kaggle_player_scores_latest_valuation
251878,Aarón Martín,aaron martin,Genoa CFC,genoa cfc,252,IT1,Serie A,2023-2024,5000000,2024-06-05,27.12,1997-04-22 00:00:00,Spain,Defender,Left-Back,left,178.0,2,True,PLAYER_ID_REQUIRED_HOMONYM,player_id_tm,transfermarkt_kaggle_player_scores_latest_valuation
698259,Thomas Kristensen,thomas kristensen,Udinese Calcio,udinese calcio,410,IT1,Serie A,2023-2024,4500000,2024-06-05,22.38,2002-01-17 00:00:00,Denmark,Defender,Centre-Back,right,198.0,2,True,PLAYER_ID_REQUIRED_HOMONYM,player_id_tm,transfermarkt_kaggle_player_scores_latest_valuation
583404,Marcus Pedersen,marcus pedersen,Torino FC,torino fc,416,IT1,Serie A,2025-2026,3500000,2025-12-23,25.44,2000-07-16 00:00:00,Norway,Defender,Right-Back,right,184.0,2,True,PLAYER_ID_REQUIRED_HOMONYM,player_id_tm,transfermarkt_kaggle_player_scores_latest_valuation
406151,Zé Pedro,ze pedro,Cagliari Calcio,cagliari calcio,1390,IT1,Serie A,2025-2026,2500000,2025-12-23,28.55,1997-06-06 00:00:00,Portugal,Defender,Centre-Back,right,187.0,5,True,PLAYER_ID_REQUIRED_HOMONYM,player_id_tm,transfermarkt_kaggle_player_scores_latest_valuation
181768,Hernani,hernani,Parma Calcio 1913,parma calcio 1913,130,IT1,Serie A,2025-2026,1500000,2025-12-23,31.74,1994-03-27 00:00:00,Brazil,Midfield,Central Midfield,both,188.0,3,True,PLAYER_ID_REQUIRED_HOMONYM,player_id_tm,transfermarkt_kaggle_player_scores_latest_valuation
164534,Francesco Forte,francesco forte,Ascoli Calcio,ascoli calcio,607,IT1,Serie A,2022-2023,1300000,2023-06-12,30.11,1993-05-01 00:00:00,Italy,Attack,Centre-Forward,left,187.0,2,True,PLAYER_ID_REQUIRED_HOMONYM,player_id_tm,transfermarkt_kaggle_player_scores_latest_valuation
472161,Mamadou Coulibaly,mamadou coulibaly,Palermo FC,palermo fc,458,IT1,Serie A,2023-2024,1300000,2024-06-03,25.33,1999-02-03 00:00:00,Senegal,Midfield,Central Midfield,right,183.0,2,True,PLAYER_ID_REQUIRED_HOMONYM,player_id_tm,transfermarkt_kaggle_player_scores_latest_valuation
3366,Kaká,kaka,Orlando City SC,orlando city sc,5,IT1,Serie A,2017-2018,1000000,2017-12-05,35.62,1982-04-22 00:00:00,Brazil,Midfield,Attacking Midfield,both,186.0,4,True,PLAYER_ID_REQUIRED_HOMONYM,player_id_tm,transfermarkt_kaggle_player_scores_latest_valuation
15420,Alex,alex,Without Club,without club,5,IT1,Serie A,2016-2017,1000000,2016-07-15,34.08,1982-06-17 00:00:00,Brazil,Defender,Centre-Back,right,188.0,7,True,PLAYER_ID_REQUIRED_HOMONYM,player_id_tm,transfermarkt_kaggle_player_scores_latest_valuation
65278,Pedro,pedro,SS Lazio,ss lazio,398,IT1,Serie A,2025-2026,1000000,2025-12-23,38.41,1987-07-28 00:00:00,Spain,Attack,Right Winger,both,167.0,5,True,PLAYER_ID_REQUIRED_HOMONYM,player_id_tm,transfermarkt_kaggle_player_scores_latest_valuation
104752,Konstantinos Manolas,konstantinos manolas,US Salernitana 1919,us salernitana 1919,380,IT1,Serie A,2023-2024,1000000,2024-06-05,32.98,1991-06-14 00:00:00,Greece,Defender,Centre-Back,right,185.0,2,True,PLAYER_ID_REQUIRED_HOMONYM,player_id_tm,transfermarkt_kaggle_player_scores_latest_valuation
207917,Alberto Moreno,alberto moreno,Como 1907,como 1907,1047,IT1,Serie A,2025-2026,1000000,2025-12-23,33.47,1992-07-05 00:00:00,Spain,Defender,Left-Back,left,171.0,2,True,PLAYER_ID_REQUIRED_HOMONYM,player_id_tm,transfermarkt_kaggle_player_scores_latest_valuation
52918,André Dias,andre dias,SS Lazio,ss lazio,398,IT1,Serie A,2013-2014,800000,2014-01-07,34.65,1979-05-15 00:00:00,Brazil,Defender,Centre-Back,right,184.0,2,True,PLAYER_ID_REQUIRED_HOMONYM,player_id_tm,transfermarkt_kaggle_player_scores_latest_valuation
109038,Dodô,dodo,Santos FC,santos fc,1038,IT1,Serie A,2023-2024,800000,2023-07-25,31.46,1992-02-06 00:00:00,Brazil,Defender,Left-Back,left,177.0,3,True,PLAYER_ID_REQUIRED_HOMONYM,player_id_tm,transfermarkt_kaggle_player_scores_latest_valuation
29035,Ederson,ederson,CR Flamengo,cr flamengo,398,IT1,Serie A,2017-2018,700000,2018-05-23,32.36,1986-01-13 00:00:00,Brazil,Midfield,Attacking Midfield,right,181.0,3,True,PLAYER_ID_REQUIRED_HOMONYM,player_id_tm,transfermarkt_kaggle_player_scores_latest_valuation
409553,Franco Ferrari,franco ferrari,LR Vicenza,lr vicenza,252,IT1,Serie A,2022-2023,600000,2023-06-19,27.86,1995-08-10 00:00:00,Italy,Attack,Centre-Forward,right,193.0,2,True,PLAYER_ID_REQUIRED_HOMONYM,player_id_tm,transfermarkt_kaggle_player_scores_latest_valuation
18301,Maicon,maicon,Avaí FC,avai fc,12,IT1,Serie A,2017-2018,500000,2017-12-07,36.37,1981-07-26 00:00:00,Brazil,Defender,Right-Back,right,185.0,3,True,PLAYER_ID_REQUIRED_HOMONYM,player_id_tm,transfermarkt_kaggle_player_scores_latest_valuation
29424,Paulinho,paulinho,US Cremonese,us cremonese,1210,IT1,Serie A,2018-2019,500000,2019-01-17,33.02,1986-01-10 00:00:00,Brazil,Attack,Centre-Forward,right,176.0,11,True,PLAYER_ID_REQUIRED_HOMONYM,player_id_tm,transfermarkt_kaggle_player_scores_latest_valuation
976207,Federico Serra,federico serra,Lazio U20,lazio u20,12816,IT1,Serie A,2024-2025,450000,2025-06-27,19.48,2006-01-03 00:00:00,Italy,Attack,Centre-Forward,right,,2,True,PLAYER_ID_REQUIRED_HOMONYM,player_id_tm,transfermarkt_kaggle_player_scores_latest_valuation
146660,Ronaldo,ronaldo,LR Vicenza,lr vicenza,749,IT1,Serie A,2022-2023,400000,2023-06-19,33.2,1990-04-08 00:00:00,Brazil,Midfield,Defensive Midfield,right,178.0,2,True,PLAYER_ID_REQUIRED_HOMONYM,player_id_tm,transfermarkt_kaggle_player_scores_latest_valuation
1074917,Jonathan Silva,jonathan silva,Torino Primavera,torino primavera,12130,IT1,Serie A,2023-2024,400000,2024-06-25,20.17,2004-04-24 00:00:00,Brazil,Midfield,Central Midfield,,,2,True,PLAYER_ID_REQUIRED_HOMONYM,player_id_tm,transfermarkt_kaggle_player_scores_latest_valuation
481344,Alessandro Russo,alessandro russo,US Sassuolo,us sassuolo,6574,IT1,Serie A,2022-2023,350000,2023-06-15,22.21,2001-03-31 00:00:00,Italy,Goalkeeper,Goalkeeper,right,193.0,2,True,PLAYER_ID_REQUIRED_HOMONYM,player_id_tm,transfermarkt_kaggle_player_scores_latest_valuation
32816,Danilo,danilo,Parma Calcio 1913,parma calcio 1913,1025,IT1,Serie A,2021-2022,300000,2022-06-06,38.07,1984-05-10 00:00:00,Brazil,Defender,Centre-Back,right,185.0,7,True,PLAYER_ID_REQUIRED_HOMONYM,player_id_tm,transfermarkt_kaggle_player_scores_latest_valuation
121756,Rômulo,romulo,Without Club,without club,19,IT1,Serie A,2022-2023,300000,2023-03-28,35.85,1987-05-22 00:00:00,Italy,Midfield,Central Midfield,right,178.0,3,True,PLAYER_ID_REQUIRED_HOMONYM,player_id_tm,transfermarkt_kaggle_player_scores_latest_valuation
351898,Leandrinho,leandrinho,Maringá FC,maringa fc,6195,IT1,Serie A,2022-2023,300000,2023-04-07,24.49,1998-10-11 00:00:00,Brazil,Attack,Left Winger,right,174.0,4,True,PLAYER_ID_REQUIRED_HOMONYM,player_id_tm,transfermarkt_kaggle_player_scores_latest_valuation
76387,Carlos Carmona,carlos carmona,Coquimbo Unido,coquimbo unido,800,IT1,Serie A,2021-2022,250000,2021-10-22,34.67,1987-02-21 00:00:00,Chile,Midfield,Defensive Midfield,right,178.0,2,True,PLAYER_ID_REQUIRED_HOMONYM,player_id_tm,transfermarkt_kaggle_player_scores_latest_valuation
242965,Mamadou Tounkara,mamadou tounkara,US Avellino 1912,us avellino 1912,398,IT1,Serie A,2022-2023,250000,2023-06-21,27.42,1996-01-19 00:00:00,Senegal,Attack,Centre-Forward,right,186.0,2,True,PLAYER_ID_REQUIRED_HOMONYM,player_id_tm,transfermarkt_kaggle_player_scores_latest_valuation
392924,Francesco Verde,francesco verde,Monterosi Tuscia FC,monterosi tuscia fc,8970,IT1,Serie A,2022-2023,225000,2023-06-21,23.26,2000-03-18 00:00:00,Italy,Midfield,Right Midfield,right,180.0,2,True,PLAYER_ID_REQUIRED_HOMONYM,player_id_tm,transfermarkt_kaggle_player_scores_latest_valuation
77,Lúcio,lucio,FC Goa,fc goa,506,IT1,Serie A,2016-2017,200000,2016-11-15,38.52,1978-05-08 00:00:00,Brazil,Defender,Centre-Back,,,2,True,PLAYER_ID_REQUIRED_HOMONYM,player_id_tm,transfermarkt_kaggle_player_scores_latest_valuation
6233,Luciano,luciano,Chievo Verona,chievo verona,862,IT1,Serie A,2012-2013,200000,2013-06-19,37.54,1975-12-03 00:00:00,Brazil,Midfield,Right Midfield,right,180.0,3,True,PLAYER_ID_REQUIRED_HOMONYM,player_id_tm,transfermarkt_kaggle_player_scores_latest_valuation
37418,Éder,eder,Criciúma Esporte Clube,criciuma esporte clube,46,IT1,Serie A,2023-2024,200000,2023-11-27,37.03,1986-11-15 00:00:00,Italy,Attack,Centre-Forward,right,177.0,2,True,PLAYER_ID_REQUIRED_HOMONYM,player_id_tm,transfermarkt_kaggle_player_scores_latest_valuation
84467,Rafael,rafael,Spezia Calcio,spezia calcio,3522,IT1,Serie A,2020-2021,200000,2021-06-03,39.25,1982-03-03 00:00:00,Brazil,Goalkeeper,Goalkeeper,right,187.0,2,True,PLAYER_ID_REQUIRED_HOMONYM,player_id_tm,transfermarkt_kaggle_player_scores_latest_valuation
127828,Diego Rodríguez,diego rodriguez,Club Nacional,club nacional,410,IT1,Serie A,2023-2024,200000,2023-07-10,33.85,1989-09-04 00:00:00,Uruguay,Midfield,Defensive Midfield,right,170.0,3,True,PLAYER_ID_REQUIRED_HOMONYM,player_id_tm,transfermarkt_kaggle_player_scores_latest_valuation
163058,Fabinho,fabinho,Paganese Calcio 1926,paganese calcio 1926,410,IT1,Serie A,2017-2018,200000,2018-06-21,27.15,1991-04-28 00:00:00,Brazil,Missing,,left,178.0,5,True,PLAYER_ID_REQUIRED_HOMONYM,player_id_tm,transfermarkt_kaggle_player_scores_latest_valuation
183124,Milos Antic,milos antic,OFK Beograd,ofk beograd,398,IT1,Serie A,2014-2015,200000,2015-06-15,20.63,1994-10-28 00:00:00,Serbia,Midfield,Central Midfield,right,185.0,2,True,PLAYER_ID_REQUIRED_HOMONYM,player_id_tm,transfermarkt_kaggle_player_scores_latest_valuation
627213,Gabriel Pereira,gabriel pereira,Club Athletico Paranaense,club athletico paranaense,398,IT1,Serie A,2023-2024,200000,2023-07-25,21.06,2002-07-02 00:00:00,Brazil,Goalkeeper,Goalkeeper,right,195.0,2,True,PLAYER_ID_REQUIRED_HOMONYM,player_id_tm,transfermarkt_kaggle_player_scores_latest_valuation
67864,Maurício,mauricio,Associação Chapecoense de Futebol,associacao chapecoense de futebol,398,IT1,Serie A,2023-2024,150000,2023-11-27,35.18,1988-09-20 00:00:00,Brazil,Defender,Centre-Back,right,185.0,3,True,PLAYER_ID_REQUIRED_HOMONYM,player_id_tm,transfermarkt_kaggle_player_scores_latest_valuation
76902,Fernandinho,fernandinho,Chongqing Liangjiang Athletic,chongqing liangjiang athletic,276,IT1,Serie A,2021-2022,150000,2022-01-17,36.15,1985-11-25 00:00:00,Brazil,Attack,Left Winger,left,173.0,4,True,PLAYER_ID_REQUIRED_HOMONYM,player_id_tm,transfermarkt_kaggle_player_scores_latest_valuation
286373,Alhassane Soumah,alhassane soumah,WSG Wattens,wsg wattens,506,IT1,Serie A,2018-2019,150000,2019-06-01,23.25,1996-03-02 00:00:00,Guinea,Attack,Centre-Forward,right,180.0,2,True,PLAYER_ID_REQUIRED_HOMONYM,player_id_tm,transfermarkt_kaggle_player_scores_latest_valuation
290754,Malick Mbaye,malick mbaye,US Viterbese 1908,us viterbese 1908,862,IT1,Serie A,2022-2023,125000,2023-06-21,27.62,1995-11-06 00:00:00,Senegal,Midfield,Central Midfield,right,185.0,2,True,PLAYER_ID_REQUIRED_HOMONYM,player_id_tm,transfermarkt_kaggle_player_scores_latest_valuation
395870,Francesco Verde,francesco verde,USD Real Forte Querceta,usd real forte querceta,1390,IT1,Serie A,2022-2023,125000,2023-06-27,23.86,1999-08-16 00:00:00,Italy,Attack,Centre-Forward,right,188.0,2,True,PLAYER_ID_REQUIRED_HOMONYM,player_id_tm,transfermarkt_kaggle_player_scores_latest_valuation
39917,Mamadou Samassa,mamadou samassa,FC Blue Boys Muhlenbach (- 2020),fc blue boys muhlenbach 2020,862,IT1,Serie A,2019-2020,100000,2020-02-11,33.78,1986-05-01 00:00:00,Mali,Attack,Centre-Forward,right,188.0,2,True,PLAYER_ID_REQUIRED_HOMONYM,player_id_tm,transfermarkt_kaggle_player_scores_latest_valuation
52893,Carlão,carlao,Without Club,without club,416,IT1,Serie A,2023-2024,100000,2023-07-18,37.49,1986-01-19 00:00:00,Brazil,Defender,Centre-Back,left,183.0,3,True,PLAYER_ID_REQUIRED_HOMONYM,player_id_tm,transfermarkt_kaggle_player_scores_latest_valuation
55993,Pablo Álvarez,pablo alvarez,Arsenal Fútbol Club,arsenal futbol club,1627,IT1,Serie A,2019-2020,100000,2019-12-05,35.63,1984-04-17 00:00:00,Argentina,Defender,Right-Back,right,177.0,2,True,PLAYER_ID_REQUIRED_HOMONYM,player_id_tm,transfermarkt_kaggle_player_scores_latest_valuation
162551,Federico Serra,federico serra,Racing Fondi ,racing fondi,1390,IT1,Serie A,2017-2018,75000,2018-06-21,20.53,1997-12-09 00:00:00,Italy,Attack,Left Winger,left,167.0,2,True,PLAYER_ID_REQUIRED_HOMONYM,player_id_tm,transfermarkt_kaggle_player_scores_latest_valuation
32966,Angelo,angelo,SS Matera Calcio,ss matera calcio,1387,IT1,Serie A,2017-2018,50000,2018-06-21,37.02,1981-06-12 00:00:00,Brazil,Defender,Right-Back,right,175.0,2,True,PLAYER_ID_REQUIRED_HOMONYM,player_id_tm,transfermarkt_kaggle_player_scores_latest_valuation
382571,Francesco Forte,francesco forte,Afragolese 1944,afragolese 1944,2921,IT1,Serie A,2022-2023,50000,2023-06-27,24.62,1998-11-13 00:00:00,Italy,Defender,Centre-Back,,190.0,2,True,PLAYER_ID_REQUIRED_HOMONYM,player_id_tm,transfermarkt_kaggle_player_scores_latest_valuation
400931,Ibrahima Diallo,ibrahima diallo,ASD Vastese Calcio 1902,asd vastese calcio 1902,2921,IT1,Serie A,2021-2022,50000,2022-06-28,23.72,1998-10-10 00:00:00,Guinea,Defender,Left-Back,left,181.0,3,True,PLAYER_ID_REQUIRED_HOMONYM,player_id_tm,transfermarkt_kaggle_player_scores_latest_valuation
462251,Jorge Silva,jorge silva,SS Lazio,ss lazio,398,IT1,Serie A,2021-2022,50000,2022-06-23,23.38,1999-02-04 00:00:00,Portugal,Defender,Centre-Back,right,184.0,2,True,PLAYER_ID_REQUIRED_HOMONYM,player_id_tm,transfermarkt_kaggle_player_scores_latest_valuation
17127,Felipe,felipe,ASD Torviscosa,asd torviscosa,2722,IT1,Serie A,2022-2023,25000,2023-06-27,38.9,1984-07-31 00:00:00,Brazil,Defender,Centre-Back,left,188.0,2,True,PLAYER_ID_REQUIRED_HOMONYM,player_id_tm,transfermarkt_kaggle_player_scores_latest_valuation
33448,Cristian Rodríguez,cristian rodriguez,Club Plaza Colonia,club plaza colonia,130,IT1,Serie A,2022-2023,25000,2022-11-12,37.12,1985-09-30 00:00:00,Uruguay,Midfield,Left Midfield,left,176.0,2,True,PLAYER_ID_REQUIRED_HOMONYM,player_id_tm,transfermarkt_kaggle_player_scores_latest_valuation
52999,Renan,renan,Vancouver FC,vancouver fc,1038,IT1,Serie A,2023-2024,25000,2023-11-10,37.39,1986-06-19 00:00:00,Brazil,Midfield,Defensive Midfield,left,186.0,2,True,PLAYER_ID_REQUIRED_HOMONYM,player_id_tm,transfermarkt_kaggle_player_scores_latest_valuation
398057,João Ricciulli,joao ricciulli,Vis Pesaro 1898,vis pesaro 1898,1038,IT1,Serie A,2019-2020,25000,2020-06-17,20.69,1999-10-10 00:00:00,Guinea-Bissau,Attack,Left Winger,right,183.0,2,True,PLAYER_ID_REQUIRED_HOMONYM,player_id_tm,transfermarkt_kaggle_player_scores_latest_valuation
708084,Alessandro Russo,alessandro russo,Salernitana Primavera,salernitana primavera,380,IT1,Serie A,2022-2023,25000,2023-06-13,19.77,2003-09-06 00:00:00,Italy,Midfield,Central Midfield,right,,2,True,PLAYER_ID_REQUIRED_HOMONYM,player_id_tm,transfermarkt_kaggle_player_scores_latest_valuation
23365,Reginaldo,reginaldo,AZ Picerno,az picerno,1387,IT1,Serie A,2022-2023,10000,2023-06-21,39.89,1983-07-31 00:00:00,Brazil,Attack,Centre-Forward,right,175.0,2,True,PLAYER_ID_REQUIRED_HOMONYM,player_id_tm,transfermarkt_kaggle_player_scores_latest_valuation
55957,Álvaro González,alvaro gonzalez,La Luz Futbol Club,la luz futbol club,398,IT1,Serie A,2023-2024,10000,2023-07-10,38.69,1984-10-29 00:00:00,Uruguay,Midfield,Central Midfield,right,176.0,2,True,PLAYER_ID_REQUIRED_HOMONYM,player_id_tm,transfermarkt_kaggle_player_scores_latest_valuation
144807,Milos Antic,milos antic,FK Dinamo Vranje,fk dinamo vranje,398,IT1,Serie A,2020-2021,10000,2021-06-06,31.93,1989-07-03 00:00:00,Serbia,Attack,Right Winger,right,187.0,2,True,PLAYER_ID_REQUIRED_HOMONYM,player_id_tm,transfermarkt_kaggle_player_scores_latest_valuation
