player_name_fbref,player_name_tm,club,league,season,position,position_group,age,minutes_played,matching_confidence,matching_method,market_value_eur,log_market_value_eur,predicted_log_market_value,predicted_market_value_eur,residual_observed_minus_predicted_log,inefficiency_score_log,inefficiency_score_log_winsorized,inefficiency_score_z,market_value_gap_eur,market_value_gap_pct,market_value_gap_pct_winsorized,market_value_gap_pct_z,is_undervalued,is_overvalued,inefficiency_rank
Javi López,Javi López,Alavés,LaLiga,2023-2024,DF,DEF,21.5523613963039,2386,0.85,exact_age_validated,1000000.0,13.815510557964274,16.289263,11866893.237267008,-2.4737524420357246,2.4737524420357246,1.9636432720357204,2.3196196230899084,10866893.237267008,5.0,5.0,3.9114753012943835,True,False,3
Yan Diomandé,Yan Diomande,Leganés,LaLiga,2024-2025,MF,MID,18.472279260780287,545,0.85,exact_age_validated,600000.0,13.304684934198283,15.665416,6359218.179445967,-2.3607310658017173,2.3607310658017173,1.9636432720357204,2.3196196230899084,5759218.179445967,5.0,5.0,3.9114753012943835,True,False,12
Mohamed Bamba,Mohamed Bamba,Lorient,Ligue 1,2023-2024,FW,ATT,21.752224503764545,1138,0.85,exact_age_validated,500000.0,13.122363377404328,15.258469,4233200.989715051,-2.1361056225956716,2.1361056225956716,1.9636432720357204,2.3196196230899084,3733200.989715051,5.0,5.0,3.9114753012943835,True,False,4
Jesus Rodríguez,Jesús Rodríguez,Real Betis,LaLiga,2024-2025,MF,MID,18.89664613278576,1111,0.85,exact_age_validated,700000.0,13.458835614025542,15.59673,5937091.945530024,-2.137894385974459,2.137894385974459,1.9636432720357204,2.3196196230899084,5237091.945530024,5.0,5.0,3.9114753012943835,True,False,11
Mario Martín,Mario Martín,Valladolid,LaLiga,2024-2025,MF,MID,20.602327173169066,1748,0.85,exact_age_validated,500000.0,13.122363377404328,15.405152,4901990.965278227,-2.282788622595671,2.282788622595671,1.9636432720357204,2.3196196230899084,4401990.965278227,5.0,5.0,3.9114753012943835,True,False,10
Kamory Doumbia,Kamory Doumbia,Brest,Ligue 1,2023-2024,MF,MID,20.829568788501028,879,0.85,exact_age_validated,2000000.0,14.50865773852422,16.855429,20903538.315537695,-2.34677126147578,2.34677126147578,1.9636432720357204,2.3196196230899084,18903538.315537695,5.0,5.0,3.9114753012943835,True,False,6
Adrian Blake,Adrian Blake,Utrecht,Eredivisie,2024-2025,"MF,FW",MID,19.42505133470226,468,0.85,exact_age_validated,500000.0,13.122363377404328,15.230671,4117146.976427299,-2.108307622595671,2.108307622595671,1.9636432720357204,2.3196196230899084,3617146.976427299,5.0,5.0,3.9114753012943835,True,False,8
Alberto costa,Alberto Costa,Juventus,Serie A,2024-2025,"DF,MF",DEF,21.026694045174537,357,0.85,exact_age_validated,500000.0,13.122363377404328,15.505033,5416893.206847618,-2.382669622595671,2.382669622595671,1.9636432720357204,2.3196196230899084,4916893.206847618,5.0,5.0,3.9114753012943835,True,False,9
Tomáš Suslov,Tomas Suslov,Hellas Verona,Serie A,2023-2024,MF,MID,21.53593429158111,2092,0.85,exact_age_validated,2000000.0,14.50865773852422,16.765312,19102160.465557605,-2.2566542614757807,2.2566542614757807,1.9636432720357204,2.3196196230899084,17102160.465557605,5.0,5.0,3.9114753012943835,True,False,2
Carlos Dominguez,Carlos Domínguez,Celta Vigo,LaLiga,2023-2024,DF,DEF,22.858316221765914,1584,0.85,exact_age_validated,700000.0,13.458835614025542,15.874529,7838272.314550837,-2.4156933859744587,2.4156933859744587,1.9636432720357204,2.3196196230899084,7138272.314550837,5.0,5.0,3.9114753012943835,True,False,5
Lasse Rosenboom,Lasse Rosenboom,Holstein Kiel,Bundesliga,2024-2025,MF,MID,22.91854893908282,1734,1.0,exact_age_club_validated,500000.0,13.122363377404328,15.384135,4800040.915959416,-2.2617716225956723,2.2617716225956723,1.9636432720357204,2.3196196230899084,4300040.915959416,5.0,5.0,3.9114753012943835,True,False,1
Arthur Atta,Arthur Atta,Udinese,Serie A,2024-2025,"MF,FW",MID,21.927446954141,1251,0.85,exact_age_validated,1000000.0,13.815510557964274,15.795708,7244173.1482627485,-1.9801974420357258,1.9801974420357258,1.9636432720357204,2.3196196230899084,6244173.1482627485,5.0,5.0,3.9114753012943835,True,False,7
João Ferreira,João Ferreira,Udinese,Serie A,2023-2024,"DF,MF",DEF,22.55441478439425,1822,0.85,exact_age_validated,1000000.0,13.815510557964274,15.750967,6927205.2015274735,-1.9354564420357256,1.9354564420357256,1.9354564420357256,2.2867835308696036,5927205.2015274735,5.0,5.0,3.9114753012943835,True,False,13
Mason Greenwood,Mason Greenwood,Getafe,LaLiga,2023-2024,"MF,FW",MID,21.916495550992472,2662,0.85,exact_age_validated,5000000.0,15.424948470398377,17.338037,33869890.77640487,-1.9130885296016231,1.9130885296016231,1.9130885296016231,2.2607261545891912,28869890.776404873,5.0,5.0,3.9114753012943835,True,False,14
Jack Hinshelwood,Jack Hinshelwood,Brighton,Premier League,2023-2024,"DF,MF",DEF,18.494182067077343,869,0.85,exact_age_validated,1000000.0,13.815510557964274,15.719558,6713010.049899593,-1.9040474420357256,1.9040474420357256,1.9040474420357256,2.250193789470953,5713010.049899593,5.0,5.0,3.9114753012943835,True,False,15
Tiago Araújo,Tiago Araújo,Estoril,Liga Portugal,2023-2024,"MF,DF",DEF,22.50787132101301,2253,0.85,exact_age_validated,600000.0,13.304684934198283,15.154923,3816800.255023187,-1.850238065801717,1.850238065801717,1.850238065801717,2.1875088532671545,3216800.255023187,5.0,5.0,3.9114753012943835,True,False,16
Arthur Atta,Arthur Atta,Metz,Ligue 1,2023-2024,MF,MID,20.92539356605065,924,0.85,exact_age_validated,500000.0,13.122363377404328,14.970627,3174393.0287945066,-1.8482636225956721,1.8482636225956721,1.8482636225956721,2.1852087365389714,2674393.0287945066,5.0,5.0,3.9114753012943835,True,False,17
Hugo Sotelo,Hugo Sotelo,Celta Vigo,LaLiga,2023-2024,MF,MID,19.81656399726215,721,0.85,exact_age_validated,500000.0,13.122363377404328,14.927792,3041289.010121037,-1.805428622595672,1.805428622595672,1.805428622595672,2.135308339429505,2541289.010121037,5.0,5.0,3.9114753012943835,True,False,18
Gaetano Oristanio,Gaetano Oristanio,Cagliari,Serie A,2023-2024,"FW,MF",MID,21.03490759753593,1104,0.85,exact_age_validated,1500000.0,14.22097566607244,15.99685,8858163.312329998,-1.775874333927561,1.775874333927561,1.775874333927561,2.1008792337722966,7358163.312329998,4.905442208219998,4.905442208219998,3.831684710222187,True,False,19
Pau Navarro,Pau Navarro,Villarreal,LaLiga,2024-2025,DF,DEF,19.64955509924709,916,0.85,exact_age_validated,500000.0,13.122363377404328,14.893333,2938274.3170720204,-1.770969622595672,1.770969622595672,1.770969622595672,2.095165517344876,2438274.3170720204,4.876548634144041,4.876548634144041,3.8073034793335383,True,False,20
Antony,Antony,Manchester Utd,Premier League,2023-2024,MF,MID,22.76249144421629,1324,0.85,exact_age_validated,2500000.0,14.73180128983843,16.480164,14362971.081364386,-1.7483627101615689,1.7483627101615689,1.7483627101615689,2.0688297193320206,11862971.081364386,4.7451884325457545,4.7451884325457545,3.6964579537392432,True,False,21
Jorge Herrando,Jorge Herrando,Osasuna,LaLiga,2023-2024,DF,DEF,22.62012320328542,1644,0.85,exact_age_validated,600000.0,13.304684934198283,15.031893,3374956.522555456,-1.727208065801717,1.727208065801717,1.727208065801717,2.044185733006209,2774956.522555456,4.624927537592427,4.624927537592427,3.5949783431163267,True,False,22
Johan Manzambi,Johan Manzambi,Freiburg,Bundesliga,2024-2025,MF,MID,18.98699520876112,335,0.85,exact_age_validated,750000.0,13.527828485512494,15.243039,4168384.047145178,-1.7152105144875058,1.7152105144875058,1.7152105144875058,2.0302092517427486,3418384.047145178,4.557845396193571,4.557845396193571,3.5383724980363502,True,False,23
Daniel Maldini,Daniel Maldini,Monza,Serie A,2023-2024,MF,MID,22.190280629705683,333,0.85,exact_age_validated,3000000.0,14.914122846632385,16.622204,16555087.262239508,-1.7080811533676155,1.7080811533676155,1.7080811533676155,2.021903941808832,13555087.262239508,4.518362420746503,4.518362420746503,3.505055624948406,True,False,24
Dominik Javorček,Dominik Javorcek,Holstein Kiel,Bundesliga,2024-2025,"MF,DF",DEF,22.132785763175907,386,0.85,exact_age_validated,550000.0,13.217673557208654,14.924956,3032676.1333203414,-1.707282442791346,1.707282442791346,1.707282442791346,2.020973488326134,2482676.1333203414,4.5139566060369845,4.5139566060369845,3.501337871464431,True,False,25
Jeremy Antonisse,Jeremy Antonisse,Moreirense,Liga Portugal,2023-2024,MF,MID,21.74674880219028,548,0.85,exact_age_validated,500000.0,13.122363377404328,14.803837,2686734.3021624987,-1.6814736225956715,1.6814736225956715,1.6814736225956715,1.9909076455178936,2186734.3021624987,4.373468604324997,4.373468604324997,3.3827900449539343,True,False,26
Yassin Belkhdim,Yassin Belkhdim,Angers,Ligue 1,2024-2025,MF,MID,22.64476386036961,1523,0.85,exact_age_validated,500000.0,13.122363377404328,14.785514,2637953.539268849,-1.663150622595671,1.663150622595671,1.663150622595671,1.9695623676788188,2137953.539268849,4.275907078537698,4.275907078537698,3.3004648165202437,True,False,27
Cole Palmer,Cole Palmer,Chelsea,Premier League,2023-2024,"MF,FW",MID,21.182751540041068,2607,0.85,exact_age_validated,18000000.0,16.70588231586044,18.333132,91617421.26102786,-1.62724968413956,1.62724968413956,1.62724968413956,1.927739767338853,73617421.26102786,4.08985673672377,4.08985673672377,3.143470173740766,True,False,28
Pablo Torre,Pablo Torre,Barcelona,LaLiga,2024-2025,MF,MID,21.52498288843258,310,0.85,exact_age_validated,5000000.0,15.424948470398377,17.038975,25114979.0248076,-1.6140265296016238,1.6140265296016238,1.6140265296016238,1.9123355263564121,20114979.0248076,4.0229958049615195,4.0229958049615195,3.087050991730256,True,False,29
Junior Kadile,Junior Kadile,Almere City,Eredivisie,2024-2025,"MF,FW",MID,22.0041067761807,2207,0.85,exact_age_validated,500000.0,13.122363377404328,14.732447,2501614.796693139,-1.6100836225956723,1.6100836225956723,1.6100836225956723,1.9077422585762631,2001614.7966931388,4.003229593386277,4.003229593386277,3.070371692487354,True,False,30
Kike Salas,Kike Salas,Sevilla,LaLiga,2023-2024,DF,DEF,21.66461327857632,1605,0.85,exact_age_validated,2000000.0,14.50865773852422,16.11757,9994744.87171942,-1.6089122614757798,1.6089122614757798,1.6089122614757798,1.906377687897117,7994744.87171942,3.99737243585971,3.99737243585971,3.0654292540880403,True,False,31
Hélio Varela,Hélio Varela,Portimonense,Liga Portugal,2023-2024,"FW,MF",MID,21.4072553045859,2743,0.85,exact_age_validated,500000.0,13.122363377404328,14.702855,2428671.6020076266,-1.5804916225956713,1.5804916225956713,1.5804916225956713,1.8732692213108642,1928671.6020076266,3.8573432040152533,3.8573432040152533,2.9472685508193974,True,False,32
Kévin Danois,Kévin Danois,Auxerre,Ligue 1,2024-2025,MF,MID,20.27652292950034,1460,0.85,exact_age_validated,500000.0,13.122363377404328,14.69143,2401081.935034661,-1.5690666225956722,1.5690666225956722,1.5690666225956722,1.8599597305445374,1901081.935034661,3.802163870069322,3.802163870069322,2.9007066378597597,True,False,33
Julián Malatini,Julián Malatini,Werder Bremen,Bundesliga,2023-2024,DF,DEF,22.091718001368925,602,0.85,exact_age_validated,550000.0,13.217673557208654,14.783517,2632690.802642439,-1.565843442791346,1.565843442791346,1.565843442791346,1.856204905000214,2082690.802642439,3.78671055025898,3.78671055025898,2.8876666810409324,True,False,34
Ilaix Moriba,Ilaix Moriba,Celta Vigo,LaLiga,2024-2025,MF,MID,21.93839835728953,2132,0.85,exact_age_validated,4000000.0,15.201804919084164,16.757637,18956112.559742525,-1.5558320809158346,1.5558320809158346,1.5558320809158346,1.8445422241739136,14956112.559742525,3.7390281399356313,3.7390281399356313,2.8474308883915143,True,False,35
Jhon Solis,Jhon Solís,Girona,LaLiga,2023-2024,MF,MID,18.757015742642025,384,0.85,exact_age_validated,700000.0,13.458835614025542,15.0029125,3278552.264015148,-1.5440768859744587,1.5440768859744587,1.5440768859744587,1.8308480746309266,2578552.264015148,3.6836460914502114,3.6836460914502114,2.800697919058623,True,False,36
Yasser Larouci,Yasser Larouci,Sheffield United,Premier League,2023-2024,MF,MID,22.96235455167693,531,0.85,exact_age_validated,3000000.0,14.914122846632385,16.454327,13996627.9800417,-1.5402041533676147,1.5402041533676147,1.5402041533676147,1.8263365561301612,10996627.9800417,3.6655426600139,3.6655426600139,2.7854217216395987,True,False,37
William Osula,William Osula,Sheffield United,Premier League,2023-2024,FW,ATT,20.18069815195072,786,0.85,exact_age_validated,1000000.0,13.815510557964274,15.33332,4562220.432833058,-1.5178094420357269,1.5178094420357269,1.5178094420357269,1.8002479606215103,3562220.432833058,3.562220432833058,3.562220432833058,2.6982354472727432,True,False,38
Yann Gboho,Yann Gboho,Toulouse,Ligue 1,2023-2024,"MF,FW",MID,22.92676249144421,1193,0.85,exact_age_validated,2500000.0,14.73180128983843,16.238491,11279426.945051244,-1.5066897101615702,1.5066897101615702,1.5066897101615702,1.7872940902755032,8779426.945051244,3.511770778020497,3.511770778020497,2.655664573935853,True,False,39
Bilal Nadir,Bilal Nadir,Marseille,Ligue 1,2024-2025,MF,MID,21.03490759753593,383,0.85,exact_age_validated,500000.0,13.122363377404328,14.616287,2227269.6030425243,-1.4939236225956716,1.4939236225956716,1.4939236225956716,1.7724223069424214,1727269.6030425243,3.4545392060850486,3.4545392060850486,2.6073709233888422,True,False,40
Lamine Camara,Lamine Camara,Metz,Ligue 1,2023-2024,MF,MID,19.789185489390828,2255,0.85,exact_age_validated,800000.0,13.592367006650065,15.084929,3558782.322228944,-1.492561993349936,1.492561993349936,1.492561993349936,1.7708360844589834,2758782.322228944,3.44847790278618,3.44847790278618,2.602256220900762,True,False,41
Arthur Zagre,Arthur Zagré,Excelsior,Eredivisie,2023-2024,DF,DEF,22.034223134839152,2313,0.85,exact_age_validated,850000.0,13.652991628466498,15.12132,3690675.2726785014,-1.4683283715335023,1.4683283715335023,1.4683283715335023,1.7426052603188957,2840675.2726785014,3.341970909033531,3.341970909033531,2.5123825486747995,True,False,42
Alessandro Sorrentino,Alessandro Sorrentino,Monza,Serie A,2023-2024,GK,GK,21.71389459274469,548,1.0,exact_age_club_validated,500000.0,13.122363377404328,14.588412,2166041.7900308394,-1.4660486225956717,1.4660486225956717,1.4660486225956717,1.7399494793615564,1666041.7900308394,3.3320835800616786,3.3320835800616786,2.5040393354087276,True,False,43
Moussa Diarra,Moussa Diarra,Toulouse,Ligue 1,2023-2024,DF,DEF,22.92950034223135,1397,0.85,exact_age_validated,1500000.0,14.22097566607244,15.68185,6464589.031796773,-1.4608743339275616,1.4608743339275616,1.4608743339275616,1.7339217203024293,4964589.031796773,3.3097260211978488,3.3097260211978488,2.485173382607853,True,False,44
Tanguy Coulibaly,Tanguy Coulibaly,Montpellier,Ligue 1,2023-2024,"MF,FW",MID,22.680355920602327,623,0.85,exact_age_validated,2000000.0,14.50865773852422,15.965732,8586759.656199342,-1.4570742614757783,1.4570742614757783,1.4570742614757783,1.7294948468487414,6586759.656199342,3.293379828099671,3.293379828099671,2.471379993564691,True,False,45
Williot Swedberg,Williot Swedberg,Celta Vigo,LaLiga,2024-2025,"FW,MF",MID,20.903490759753595,1348,0.85,exact_age_validated,5000000.0,15.424948470398377,16.852058,20833191.124682847,-1.4271095296016227,1.4271095296016227,1.4271095296016227,1.69458759764134,15833191.124682847,3.1666382249365697,3.1666382249365697,2.364431774497244,True,False,46
Bart van Rooij,Bart van Rooij,NEC Nijmegen,Eredivisie,2023-2024,DF,DEF,22.55441478439425,1975,0.85,exact_age_validated,1000000.0,13.815510557964274,15.233809,4130086.8757230183,-1.4182984420357272,1.4182984420357272,1.4182984420357272,1.6843231697551613,3130086.8757230183,3.1300868757230185,3.1300868757230185,2.333588692152206,True,False,47
Siriné Doucouré,Siriné Doucouré,Lorient,Ligue 1,2023-2024,FW,ATT,21.522245037645447,423,0.85,exact_age_validated,800000.0,13.592367006650065,15.00204,3275692.974711136,-1.4096729933499343,1.4096729933499343,1.4096729933499343,1.6742750008589693,2475692.974711136,3.09461621838892,3.09461621838892,2.30365752877445,True,False,48
Jesus Vazquez,Jesús Vázquez,Valencia,LaLiga,2023-2024,DF,DEF,20.77754962354552,716,0.85,exact_age_validated,2000000.0,14.50865773852422,15.902295,8058959.404447971,-1.3936372614757797,1.3936372614757797,1.3936372614757797,1.6555942634138603,6058959.404447971,3.0294797022239854,3.0294797022239854,2.248693458364728,True,False,49
Chadi Riad,Chadi Riad,Real Betis,LaLiga,2023-2024,DF,DEF,20.32306639288159,2164,0.85,exact_age_validated,1000000.0,13.815510557964274,15.20438,4010313.5971377674,-1.3888694420357268,1.3888694420357268,1.3888694420357268,1.6500400184411774,3010313.5971377674,3.0103135971377672,3.0103135971377672,2.2325205462800297,True,False,50
Óscar Aranda,Óscar Aranda,Famalicão,Liga Portugal,2024-2025,"MF,FW",MID,22.444900752908968,2599,0.85,exact_age_validated,1500000.0,14.22097566607244,15.601167,5963493.350696075,-1.380191333927561,1.380191333927561,1.380191333927561,1.6399305042411927,4463493.350696075,2.975662233797383,2.975662233797383,2.2032807267967294,True,False,51
Unai Gómez,Unai Gómez,Athletic Club,LaLiga,2023-2024,MF,MID,20.386036960985628,875,1.0,exact_age_club_validated,1000000.0,13.815510557964274,15.165428,3857107.0826432146,-1.3499174420357267,1.3499174420357267,1.3499174420357267,1.604663100775532,2857107.0826432146,2.8571070826432146,2.8571070826432146,2.1032404719729554,True,False,52
Ilaix Moriba,Ilaix Moriba,Getafe,LaLiga,2023-2024,MF,MID,20.90075290896646,605,0.85,exact_age_validated,3000000.0,14.914122846632385,16.2593,11516599.645506648,-1.3451771533676151,1.3451771533676151,1.3451771533676151,1.5991409276238506,8516599.645506648,2.838866548502216,2.838866548502216,2.087848583338658,True,False,53
Jakob Breum,Jakob Breum,Go Ahead Eagles,Eredivisie,2024-2025,MF,MID,20.908966461327857,2059,1.0,exact_age_club_validated,1500000.0,14.22097566607244,15.565709,5755744.74438899,-1.344733333927561,1.344733333927561,1.344733333927561,1.5986239026138447,4255744.74438899,2.8371631629259935,2.8371631629259935,2.086411217476024,True,False,54
Raúl Torrente,Raúl Torrente,Granada,LaLiga,2023-2024,DF,DEF,22.086242299794662,1250,0.85,exact_age_validated,1500000.0,14.22097566607244,15.557096,5706383.394708501,-1.3361203339275605,1.3361203339275605,1.3361203339275605,1.5885902357455395,4206383.394708501,2.804255596472334,2.804255596472334,2.058642864084332,True,False,55
Syb Van Ottele,Syb van Ottele,Fortuna Sittard,Eredivisie,2024-2025,"DF,MF",DEF,22.87200547570157,1874,0.85,exact_age_validated,600000.0,13.304684934198283,14.629392,2256650.0661904714,-1.3247070658017162,1.3247070658017162,1.3247070658017162,1.575294411961334,1656650.0661904714,2.7610834436507856,2.7610834436507856,2.0222129567583966,True,False,56
Mohamed Sankoh,Mohamed Sankoh,Heracles Almelo,Eredivisie,2023-2024,FW,ATT,20.164271047227928,1088,0.85,exact_age_validated,700000.0,13.458835614025542,14.769403,2595793.9979052623,-1.3105673859744584,1.3105673859744584,1.3105673859744584,1.5588224698957132,1895793.9979052623,2.7082771398646606,2.7082771398646606,1.9776534750687655,True,False,57
Jesus Vazquez,Jesús Vázquez,Valencia,LaLiga,2024-2025,DF,DEF,21.7741273100616,919,0.85,exact_age_validated,4000000.0,15.201804919084164,16.508873,14781293.69851726,-1.3070680809158368,1.3070680809158368,1.3070680809158368,1.5547459737586202,10781293.69851726,2.695323424629315,2.695323424629315,1.9667227566609808,True,False,58
Jeremy Antonisse,Jeremy Antonisse,Moreirense,Liga Portugal,2024-2025,"MF,FW",MID,22.72689938398357,839,0.85,exact_age_validated,700000.0,13.458835614025542,14.756586,2562736.0108940476,-1.2977503859744584,1.2977503859744584,1.2977503859744584,1.5438913764031947,1862736.0108940476,2.661051444134354,2.661051444134354,1.937803071361328,True,False,59
Jérémy Jacquet,Jérémy Jacquet,Rennes,Ligue 1,2024-2025,DF,DEF,19.225188227241617,927,0.85,exact_age_validated,600000.0,13.304684934198283,14.594354,2178950.7248107498,-1.289669065801716,1.289669065801716,1.289669065801716,1.5344770870186124,1578950.7248107498,2.6315845413512498,2.6315845413512498,1.9129380491789032,True,False,60
Andrés García,Andrés García,Aston Villa,Premier League,2024-2025,"DF,MF",DEF,21.683778234086244,318,0.85,exact_age_validated,900000.0,13.710150042306449,14.999555,3267562.9833669397,-1.2894049576935522,1.2894049576935522,1.2894049576935522,1.5341694157339807,2367562.9833669397,2.6306255370743776,2.6306255370743776,1.9121288137192762,True,False,61
Enric Llansana,Enric Llansana,Go Ahead Eagles,Eredivisie,2023-2024,MF,MID,22.67488021902806,1221,0.85,exact_age_validated,500000.0,13.122363377404328,14.397596,1789766.9968739299,-1.2752326225956718,1.2752326225956718,1.2752326225956718,1.5176594320908698,1289766.9968739299,2.5795339937478596,2.5795339937478596,1.8690162963468495,True,False,62
Geny Catamo,Geny Catamo,Sporting CP,Liga Portugal,2023-2024,MF,MID,22.67214236824093,1684,0.85,exact_age_validated,1500000.0,14.22097566607244,15.495911,5367704.995528987,-1.2749353339275604,1.2749353339275604,1.2749353339275604,1.5173131072958446,3867704.9955289867,2.5784699970193246,2.5784699970193246,1.8681184652292806,True,False,63
Théo Le Bris,Théo Le Bris,Lorient,Ligue 1,2023-2024,MF,MID,21.21286789869952,1516,0.85,exact_age_validated,2500000.0,14.73180128983843,15.988882,8787861.919752223,-1.2570807101615706,1.2570807101615706,1.2570807101615706,1.4965134617685187,6287861.919752223,2.5151447679008894,2.5151447679008894,1.8146828110539166,True,False,64
Fredrik Oppegard,Fredrik Oppegård,Heracles Almelo,Eredivisie,2023-2024,DF,DEF,21.35523613963039,1349,0.85,exact_age_validated,600000.0,13.304684934198283,14.5543585,2093522.2656604673,-1.2496735658017162,1.2496735658017162,1.2496735658017162,1.487884549780568,1493522.2656604673,2.489203776100779,2.489203776100779,1.7927930542209152,True,False,65
Antoine Hainaut,Antoine Hainaut,Parma,Serie A,2024-2025,"DF,MF",DEF,22.663928815879533,1206,0.85,exact_age_validated,750000.0,13.527828485512494,14.775035,2610454.7556427084,-1.247206514487507,1.247206514487507,1.247206514487507,1.4850105719524258,1860454.7556427084,2.4806063408569443,2.4806063408569443,1.7855382904738244,True,False,66
Chrislain Matsima,Chrislain Matsima,Augsburg,Bundesliga,2024-2025,DF,DEF,22.60095824777549,2551,0.85,exact_age_validated,7000000.0,15.761420707019589,17.008572,24362898.99285207,-1.247151292980412,1.247151292980412,1.247151292980412,1.4849462419621602,17362898.99285207,2.4804141418360097,2.4804141418360097,1.7853761073983192,True,False,67
Guillaume Restes,Guillaume Restes,Toulouse,Ligue 1,2023-2024,GK,GK,18.50239561943874,3060,0.85,exact_age_validated,2000000.0,14.50865773852422,15.752668,6938998.404851164,-1.244010261475779,1.244010261475779,1.244010261475779,1.481287114626698,4938998.404851164,2.469499202425582,2.469499202425582,1.776165766815266,True,False,68
Callum Hudson-Odoi,Callum Hudson-Odoi,Nottingham Forest,Premier League,2023-2024,"MF,FW",MID,22.91854893908282,1854,1.0,exact_age_club_validated,12000000.0,16.300417207752275,17.541695,41520382.11771278,-1.2412777922477254,1.2412777922477254,1.2412777922477254,1.478103939663017,29520382.11771278,2.460031843142732,2.460031843142732,1.7681769360816868,True,False,69
Cristhian Mosquera,Cristhian Mosquera,Valencia,LaLiga,2023-2024,DF,DEF,19.29363449691992,3075,0.85,exact_age_validated,2000000.0,14.50865773852422,15.749651,6918094.995312755,-1.2409932614757793,1.2409932614757793,1.2409932614757793,1.4777724771087979,4918094.995312755,2.4590474976563774,2.4590474976563774,1.76734631697884,True,False,70
Yan Couto,Yan Couto,Girona,LaLiga,2023-2024,"MF,DF",DEF,21.36071184120465,2245,0.85,exact_age_validated,8000000.0,15.89495209964411,17.13234,27572790.693920996,-1.2373879003558894,1.2373879003558894,1.2373879003558894,1.4735724315477956,19572790.693920996,2.4465988367401246,2.4465988367401246,1.7568417779676482,True,False,71
Kassoum Ouattara,Kassoum Ouattara,Monaco,Ligue 1,2023-2024,"DF,MF",DEF,19.033538672142367,636,0.85,exact_age_validated,600000.0,13.304684934198283,14.536555,2056580.0679875426,-1.2318700658017168,1.2318700658017168,1.2318700658017168,1.4671444606025978,1456580.0679875426,2.4276334466459044,2.4276334466459044,1.740838234980378,True,False,72
Thijmen Blokzijl,Thijmen Blokzijl,Groningen,Eredivisie,2024-2025,DF,DEF,19.808350444900757,2226,0.85,exact_age_validated,800000.0,13.592367006650065,14.808297,2698743.8986427938,-1.2159299933499348,1.2159299933499348,1.2159299933499348,1.4485751610742312,1898743.8986427938,2.3734298733034924,2.3734298733034924,1.695099696951924,True,False,73
Pedro Santos,Pedro Santos,Arouca,Liga Portugal,2024-2025,MF,MID,22.299794661190965,1526,0.85,exact_age_validated,800000.0,13.592367006650065,14.805551,2691343.3135508033,-1.2131839933499347,1.2131839933499347,1.2131839933499347,1.4453762235123635,1891343.3135508033,2.364179141938504,2.364179141938504,1.6872936631014315,True,False,74
Eren Dinkçi,Eren Dinkçi,Heidenheim,Bundesliga,2023-2024,MF,MID,21.84531143052704,2650,0.85,exact_age_validated,3000000.0,14.914122846632385,16.110338,9922723.61955824,-1.1962151533676142,1.1962151533676142,1.1962151533676142,1.4256084669206799,6922723.619558239,2.3075745398527463,2.3075745398527463,1.6395290677909016,True,False,75
Shunsuke Mito,Shunsuke Mito,Sparta Rotterdam,Eredivisie,2024-2025,"MF,FW",MID,22.220396988364133,1489,1.0,exact_age_club_validated,650000.0,13.38472764187182,14.579515,2146855.9908095067,-1.1947873581281812,1.1947873581281812,1.1947873581281812,1.4239451647276433,1496855.9908095067,2.302855370476164,2.302855370476164,1.6355468966039584,True,False,76
Marc Domenech,Marc Domènech,Mallorca,LaLiga,2024-2025,"FW,MF",MID,18.072553045859,303,0.85,exact_age_validated,500000.0,13.122363377404328,14.314481,1647024.69009891,-1.1921176225956724,1.1921176225956724,1.1921176225956724,1.4208350710367497,1147024.69009891,2.2940493801978197,2.2940493801978197,1.6281161481055175,True,False,77
Habib Keita,Habib Keïta,Clermont Foot,Ligue 1,2023-2024,MF,MID,21.69199178644764,1278,0.85,exact_age_validated,800000.0,13.592367006650065,14.776676,2614742.0286421194,-1.1843089933499353,1.1843089933499353,1.1843089933499353,1.4117384514442932,1814742.0286421194,2.2684275358026493,2.2684275358026493,1.6064956970547257,True,False,78
Elayis Tavsan,Elayis Tavsan,NEC Nijmegen,Eredivisie,2023-2024,MF,MID,22.62559890485969,340,0.85,exact_age_validated,1000000.0,13.815510557964274,14.999377,3266981.408917562,-1.1838664420357272,1.1838664420357272,1.1838664420357272,1.4112229037305006,2266981.408917562,2.266981408917562,2.266981408917562,1.6052754134931662,True,False,79
Saidou Sow,Saïdou Sow,Strasbourg,Ligue 1,2024-2025,DF,DEF,22.261464750171115,1018,0.85,exact_age_validated,4000000.0,15.201804919084164,16.382109,13021455.785804775,-1.1803040809158354,1.1803040809158354,1.1803040809158354,1.407072950782446,9021455.785804775,2.255363946451194,2.255363946451194,1.5954722636997862,True,False,80
Enzo Cornelisse,Enzo Cornelisse,Vitesse,Eredivisie,2023-2024,"DF,MF",DEF,21.462012320328544,1538,0.85,exact_age_validated,500000.0,13.122363377404328,14.3025,1627409.42715729,-1.180136622595672,1.180136622595672,1.180136622595672,1.4068778711355348,1127409.42715729,2.25481885431458,2.25481885431458,1.5950122992383657,True,False,81
Joseph Nduquidi,Joseph Nduquidi,Metz,Ligue 1,2023-2024,"MF,DF",DEF,18.973305954825463,751,0.85,exact_age_validated,500000.0,13.122363377404328,14.302363,1627186.487337495,-1.1799996225956715,1.1799996225956715,1.1799996225956715,1.406718273740787,1127186.487337495,2.25437297467499,2.25437297467499,1.5946360531425101,True,False,82
Brayann Pereira,Brayann Pereira,NEC Nijmegen,Eredivisie,2024-2025,DF,DEF,21.40177960301164,2098,0.85,exact_age_validated,1000000.0,13.815510557964274,14.995496,3254326.8261711434,-1.1799854420357256,1.1799854420357256,1.1799854420357256,1.4067017541756526,2254326.8261711434,2.2543268261711433,2.2543268261711433,1.5945971117043725,True,False,83
Williot Swedberg,Williot Swedberg,Celta Vigo,LaLiga,2023-2024,FW,ATT,19.887748117727583,439,0.85,exact_age_validated,2500000.0,14.73180128983843,15.910353,8124160.843124294,-1.178551710161571,1.178551710161571,1.178551710161571,1.4050315361327248,5624160.843124294,2.2496643372497176,2.2496643372497176,1.5906627691197477,True,False,84
Mexx Meerdink,Mexx Meerdink,AZ Alkmaar,Eredivisie,2024-2025,"FW,MF",MID,21.22655715263518,906,0.85,exact_age_validated,1300000.0,14.077874822431763,15.256409,4224489.571517629,-1.1785341775682365,1.1785341775682365,1.1785341775682365,1.4050111116347734,2924489.5715176286,2.249607362705868,2.249607362705868,1.5906146923569107,True,False,85
Tim Oermann,Tim Oermann,Bochum,Bundesliga,2024-2025,DF,DEF,21.20739219712525,2213,0.85,exact_age_validated,4000000.0,15.201804919084164,16.3761,12943444.477699501,-1.1742950809158366,1.1742950809158366,1.1742950809158366,1.400072799358827,8943444.477699501,2.235861119424875,2.235861119424875,1.5790152159333863,True,False,86
Clément Akpa,Clément Akpa,Auxerre,Ligue 1,2024-2025,DF,DEF,22.869267624914443,2486,0.85,exact_age_validated,1000000.0,13.815510557964274,14.9824915,3212279.9249922764,-1.1669809420357264,1.1669809420357264,1.1669809420357264,1.391552233591784,2212279.9249922764,2.212279924992276,2.212279924992276,1.5591167241587147,True,False,87
Matìas Soulé,Matías Soulé,Frosinone,Serie A,2023-2024,"MF,FW",MID,20.490075290896645,3121,0.85,exact_age_validated,8000000.0,15.89495209964411,17.045616,25282322.64999118,-1.1506639003558892,1.1506639003558892,1.1506639003558892,1.372543785839348,17282322.64999118,2.1602903312488975,2.1602903312488975,1.5152464059512107,True,False,88
Lequincio Zeefuik,Lequincio Zeefuik,Volendam,Eredivisie,2023-2024,"FW,MF",MID,19.04996577686516,773,0.85,exact_age_validated,500000.0,13.122363377404328,14.26534,1568044.7201662846,-1.142976622595672,1.142976622595672,1.142976622595672,1.3635885339909624,1068044.7201662846,2.136089440332569,2.136089440332569,1.4948249964159683,True,False,89
Adam Obert,Adam Obert,Cagliari,Serie A,2024-2025,"DF,MF",DEF,22.321697467488026,1077,0.85,exact_age_validated,3000000.0,14.914122846632385,16.055151,9389954.447488535,-1.141028153367614,1.141028153367614,1.141028153367614,1.361318675505246,6389954.447488535,2.129984815829512,2.129984815829512,1.4896737382467204,True,False,90
Conor Bradley,Conor Bradley,Liverpool,Premier League,2023-2024,DF,DEF,20.44626967830253,753,0.85,exact_age_validated,2000000.0,14.50865773852422,15.645828,6235865.870321973,-1.137170261475779,1.137170261475779,1.137170261475779,1.3568244456136163,4235865.870321973,2.1179329351609866,2.1179329351609866,1.4795040138488567,True,False,91
Jarell Quansah,Jarell Quansah,Liverpool,Premier League,2023-2024,DF,DEF,20.692676249144423,1190,0.85,exact_age_validated,2000000.0,14.50865773852422,15.639358,6195650.056587502,-1.1307002614757788,1.1307002614757788,1.1307002614757788,1.3492872547813937,4195650.056587502,2.097825028293751,2.097825028293751,1.4625363822665303,True,False,92
Félix Correia,Félix Correia,Gil Vicente FC,Liga Portugal,2023-2024,"FW,MF",MID,22.92676249144421,2167,0.85,exact_age_validated,1500000.0,14.22097566607244,15.345636,4618756.172138368,-1.1246603339275616,1.1246603339275616,1.1246603339275616,1.3422510744809748,3118756.172138368,2.0791707814255784,2.0791707814255784,1.4467953909045368,True,False,93
Matías Lacava,Matías Lacava,Vizela,Liga Portugal,2023-2024,"MF,FW",MID,20.930869267624917,1334,1.0,exact_age_club_validated,500000.0,13.122363377404328,14.243386,1533994.9977732294,-1.121022622595671,1.121022622595671,1.121022622595671,1.3380133427188423,1033994.9977732294,2.067989995546459,2.067989995546459,1.4373607214060968,True,False,94
Oussama Targhalline,Oussama Targhalline,Le Havre,Ligue 1,2023-2024,MF,MID,21.579739904175224,1025,0.85,exact_age_validated,800000.0,13.592367006650065,14.711773,2450427.360092225,-1.119405993349936,1.119405993349936,1.119405993349936,1.3361300593911676,1650427.360092225,2.0630342001152813,2.0630342001152813,1.4331788783316883,True,False,95
Kaiky,Kaiky,Almería,LaLiga,2023-2024,DF,DEF,19.942505133470227,523,1.0,exact_age_club_validated,2500000.0,14.73180128983843,15.849507,7644576.4990257,-1.1177057101615695,1.1177057101615695,1.1177057101615695,1.334149323864191,5144576.4990257,2.0578305996102797,2.0578305996102797,1.428787930191067,True,False,96
Lucien Agoume,Lucien Agoumé,Sevilla,LaLiga,2024-2025,MF,MID,22.88021902806297,2114,0.85,exact_age_validated,7000000.0,15.761420707019589,16.879059,21403371.19367778,-1.1176382929804127,1.1176382929804127,1.1176382929804127,1.3340707865906594,14403371.19367778,2.0576244562396826,2.0576244562396826,1.4286139804712614,True,False,97
Kaio César,Kaio César,Vitória Guimarães,Liga Portugal,2024-2025,"MF,FW",MID,20.64613278576317,1299,0.85,exact_age_validated,1500000.0,14.22097566607244,15.322638,4513746.156210374,-1.1016623339275604,1.1016623339275604,1.1016623339275604,1.3154596811642114,3013746.156210374,2.0091641041402495,2.0091641041402495,1.3877217381209244,True,False,98
Marvin Senaya,Marvin Senaya,Strasbourg,Ligue 1,2023-2024,"DF,MF",DEF,22.713210130047912,2138,0.85,exact_age_validated,1000000.0,13.815510557964274,14.911555,2992306.342396791,-1.0960444420357263,1.0960444420357263,1.0960444420357263,1.3089151489751003,1992306.342396791,1.992306342396791,1.992306342396791,1.3734966727049054,True,False,99
Warren Bondo,Warren Bondo,Monza,Serie A,2023-2024,MF,MID,20.26283367556468,1475,0.85,exact_age_validated,1000000.0,13.815510557964274,14.910226,2988332.2086645504,-1.0947154420357261,1.0947154420357261,1.0947154420357261,1.3073669377516035,1988332.2086645504,1.9883322086645505,1.9883322086645505,1.3701431840761398,True,False,100
Ernest Poku,Ernest Poku,AZ Alkmaar,Eredivisie,2023-2024,MF,MID,19.430527036276523,663,0.85,exact_age_validated,600000.0,13.304684934198283,14.395485,1785992.783826993,-1.0908000658017176,1.0908000658017176,1.0908000658017176,1.3028057417924581,1185992.783826993,1.9766546397116551,1.9766546397116551,1.3602893146963884,True,False,101
Frans Krätzig,Frans Krätzig,Heidenheim,Bundesliga,2024-2025,"MF,DF",DEF,21.932922655715263,1217,0.85,exact_age_validated,1500000.0,14.22097566607244,15.311457,4463559.054274123,-1.0904813339275616,1.0904813339275616,1.0904813339275616,1.3024344368527634,2963559.054274123,1.9757060361827488,1.9757060361827488,1.359488855687778,True,False,102
Enzo Tchato,Enzo Tchato,Montpellier,Ligue 1,2024-2025,"DF,MF",DEF,22.04791238877481,1899,1.0,exact_age_club_validated,2500000.0,14.73180128983843,15.821216,7431334.42378054,-1.08941471016157,1.08941471016157,1.08941471016157,1.3011918793766486,4931334.42378054,1.972533769512216,1.972533769512216,1.3568120056057738,True,False,103
Yorbe Vertessen,Yorbe Vertessen,Union Berlin,Bundesliga,2023-2024,"FW,MF",MID,22.93223819301848,593,0.85,exact_age_validated,4000000.0,15.201804919084164,16.287704,11848407.164348157,-1.085899080915837,1.085899080915837,1.085899080915837,1.2970963664677722,7848407.164348157,1.9621017910870393,1.9621017910870393,1.3480092014272047,True,False,104
Diego Coppola,Diego Coppola,Hellas Verona,Serie A,2024-2025,DF,DEF,20.80766598220397,2927,0.85,exact_age_validated,7500000.0,15.83041357850654,16.912918,22140476.3418051,-1.0825044214934607,1.0825044214934607,1.0825044214934607,1.2931417766877331,14640476.3418051,1.95206351224068,1.95206351224068,1.3395386123047128,True,False,105
Sepp van den Berg,Sepp van den Berg,Mainz 05,Bundesliga,2023-2024,DF,DEF,21.98220396988364,2839,0.85,exact_age_validated,5000000.0,15.424948470398377,16.505322,14728898.407489983,-1.0803735296016228,1.0803735296016228,1.0803735296016228,1.2906594059255048,9728898.407489983,1.9457796814979966,1.9457796814979966,1.3342361347434466,True,False,106
Lorenzo Colombo,Lorenzo Colombo,Empoli,Serie A,2024-2025,"FW,MF",MID,22.781656399726216,2233,0.85,exact_age_validated,6000000.0,15.60727002719233,16.684507,17619327.308159195,-1.07723697280767,1.07723697280767,1.07723697280767,1.2870054913795812,11619327.308159195,1.9365545513598659,1.9365545513598659,1.326451703946332,True,False,107
Roberto Piccoli,Roberto Piccoli,Lecce,Serie A,2023-2024,FW,ATT,22.89390828199863,1378,0.85,exact_age_validated,3500000.0,15.068273526459642,16.145082,10273537.783041572,-1.076808473540357,1.076808473540357,1.076808473540357,1.286506313520353,6773537.783041572,1.9352965094404493,1.9352965094404493,1.3253901319018262,True,False,108
Largie Ramazani,Largie Ramazani,Almería,LaLiga,2023-2024,"MF,FW",MID,22.8145106091718,1555,0.85,exact_age_validated,6000000.0,15.60727002719233,16.681152,17560313.516031682,-1.073881972807671,1.073881972807671,1.073881972807671,1.2830971026250062,11560313.516031682,1.9267189193386138,1.9267189193386138,1.318152114057746,True,False,109
João Gonçalves,João Gonçalves,Boavista,Liga Portugal,2023-2024,GK,GK,22.89664613278576,3060,1.0,exact_age_club_validated,500000.0,13.122363377404328,14.190016,1454272.0149332362,-1.0676526225956717,1.0676526225956717,1.0676526225956717,1.2758402554366626,954272.0149332362,1.9085440298664724,1.9085440298664724,1.3028156182877515,True,False,110
Tiago Tomás,Tiago Tomás,Wolfsburg,Bundesliga,2024-2025,"MF,FW",MID,22.51334702258727,1884,0.85,exact_age_validated,9000000.0,16.012735135300492,17.08029,26174337.395568006,-1.0675548646995097,1.0675548646995097,1.0675548646995097,1.275726372914448,17174337.395568006,1.9082597106186674,1.9082597106186674,1.3025757015087265,True,False,111
Juanmi Latasa,Juanmi Latasa,Getafe,LaLiga,2023-2024,FW,ATT,22.748802190280628,1555,0.85,exact_age_validated,3000000.0,14.914122846632385,15.977273,8686433.51103774,-1.0631501533676158,1.0631501533676158,1.0631501533676158,1.2705951287306245,5686433.511037741,1.8954778370125802,1.8954778370125802,1.2917899880223895,True,False,112
Tanguy Nianzou,Tanguy Nianzou,Sevilla,LaLiga,2024-2025,DF,DEF,22.55715263518138,518,0.85,exact_age_validated,3000000.0,14.914122846632385,15.976412,8678957.710578661,-1.0622891533676153,1.0622891533676153,1.0622891533676153,1.2695921115271398,5678957.710578661,1.8929859035262204,1.8929859035262204,1.2896872226971179,True,False,113
Morgan Rogers,Morgan Rogers,Aston Villa,Premier League,2023-2024,MF,MID,21.253935660506503,638,0.85,exact_age_validated,2200000.0,14.603967918328545,15.660778,6329792.416621907,-1.0568100816714558,1.0568100816714558,1.0568100816714558,1.2632092971596927,4129792.4166219067,1.8771783711917758,1.8771783711917758,1.2763483711375052,True,False,114
Julien Ponceau,Julien Ponceau,Lorient,Ligue 1,2023-2024,MF,MID,22.88021902806297,2244,0.85,exact_age_validated,3000000.0,14.914122846632385,15.960228,8539627.95647326,-1.0461051533676162,1.0461051533676162,1.0461051533676162,1.2507386499462,5539627.956473259,1.846542652157753,1.846542652157753,1.2504970681022813,True,False,115
Nathaniel Adjei,Nathaniel Adjei,Lorient,Ligue 1,2023-2024,DF,DEF,21.062286105407257,1243,0.85,exact_age_validated,800000.0,13.592367006650065,14.637208,2274357.152256643,-1.0448409933499345,1.0448409933499345,1.0448409933499345,1.2492659737026555,1474357.152256643,1.8429464403208036,1.8429464403208036,1.2474624808653179,True,False,116
Luca Marianucci,Luca Marianucci,Empoli,Serie A,2024-2025,DF,DEF,20.40520191649555,1069,0.85,exact_age_validated,800000.0,13.592367006650065,14.631258,2260864.9064369453,-1.038890993349936,1.038890993349936,1.038890993349936,1.242334554003782,1460864.9064369453,1.8260811330461817,1.8260811330461817,1.2332310483125444,True,False,117
Rodrigo Gomes,Rodrigo Gomes,Estoril,Liga Portugal,2023-2024,"MF,FW",MID,20.47364818617385,2445,0.85,exact_age_validated,5000000.0,15.424948470398377,16.462788,14115555.86430679,-1.037839529601623,1.037839529601623,1.037839529601623,1.2411096571066877,9115555.86430679,1.823111172861358,1.823111172861358,1.2307249102762488,True,False,118
Diego Coppola,Diego Coppola,Hellas Verona,Serie A,2023-2024,DF,DEF,19.978097193702943,1634,0.85,exact_age_validated,4000000.0,15.201804919084164,16.238783,11282721.018630555,-1.036978080915837,1.036978080915837,1.036978080915837,1.2401061172091707,7282721.018630555,1.8206802546576388,1.8206802546576388,1.2286736314057123,True,False,119
Danilo Veiga,Danilo Veiga,Estrela,Liga Portugal,2024-2025,"MF,DF",DEF,22.2340862422998,1280,0.85,exact_age_validated,1000000.0,13.815510557964274,14.848922,2810637.8262964734,-1.0334114420357263,1.0334114420357263,1.0334114420357263,1.2359511809079313,1810637.8262964734,1.8106378262964733,1.8106378262964733,1.2201995408029844,True,False,120
Maxime Estève,Maxime Estève,Burnley,Premier League,2023-2024,DF,DEF,21.56331279945243,1309,0.85,exact_age_validated,7000000.0,15.761420707019589,16.793959,19657293.541353434,-1.032538292980412,1.032538292980412,1.032538292980412,1.234934010729434,12657293.541353434,1.8081847916219191,1.8081847916219191,1.218129599416677,True,False,121
Ayman Kari,Ayman Kari,Lorient,Ligue 1,2023-2024,MF,MID,19.077344284736483,893,0.85,exact_age_validated,900000.0,13.710150042306449,14.738813,2517590.8743904154,-1.0286629576935518,1.0286629576935518,1.0286629576935518,1.2304194602509315,1617590.8743904154,1.7973231937671281,1.7973231937671281,1.2089642699762577,True,False,122
Louis Mouton,Louis Mouton,Saint-Étienne,Ligue 1,2024-2025,MF,MID,22.521560574948666,1045,0.85,exact_age_validated,800000.0,13.592367006650065,14.617933,2230938.7076538326,-1.025565993349936,1.025565993349936,1.025565993349936,1.226811668711763,1430938.7076538326,1.7886733845672909,1.7886733845672909,1.2016653115750031,True,False,123
Antoine Joujou,Antoine Joujou,Le Havre,Ligue 1,2023-2024,"MF,FW",MID,20.76933607118412,779,0.85,exact_age_validated,800000.0,13.592367006650065,14.616931,2228704.4266304886,-1.0245639933499344,1.0245639933499344,1.0245639933499344,1.2256443943355808,1428704.4266304886,1.7858805332881107,1.7858805332881107,1.1993086231398395,True,False,124
Taichi Fukui,Taichi Fukui,Arouca,Liga Portugal,2024-2025,MF,MID,20.23271731690623,2183,0.85,exact_age_validated,1500000.0,14.22097566607244,15.245187,4177347.359229303,-1.0242113339275605,1.0242113339275605,1.0242113339275605,1.225233565685625,2677347.359229303,1.784898239486202,1.784898239486202,1.198479735307484,True,False,125
Luck Zogbé,Luck Zogbé,Brest,Ligue 1,2024-2025,DF,DEF,19.540041067761805,638,0.85,exact_age_validated,500000.0,13.122363377404328,14.145609,1391105.0649380186,-1.023245622595672,1.023245622595672,1.023245622595672,1.2241085655933093,891105.0649380186,1.782210129876037,1.782210129876037,1.1962114309126337,True,False,126
Anthony Elanga,Anthony Elanga,Nottingham Forest,Premier League,2023-2024,"MF,FW",MID,21.645448323066397,2433,0.85,exact_age_validated,18000000.0,16.70588231586044,17.726046,49925677.12407914,-1.0201636841395612,1.0201636841395612,1.0201636841395612,1.220518278378955,31925677.124079138,1.7736487291155076,1.7736487291155076,1.188987074101532,True,False,127
Tim Oermann,Tim Oermann,Bochum,Bundesliga,2023-2024,DF,DEF,20.188911704312115,714,0.85,exact_age_validated,800000.0,13.592367006650065,14.60915,2211430.1701360075,-1.0167829933499348,1.0167829933499348,1.0167829933499348,1.2165799612806318,1411430.1701360075,1.7642877126700094,1.7642877126700094,1.1810879785202746,True,False,128
Theofanis Bakoulas,Theofanis Bakoulas,Rio Ave,Liga Portugal,2024-2025,MF,MID,20.23545516769336,390,0.85,exact_age_validated,500000.0,13.122363377404328,14.132095,1372432.1283061295,-1.0097316225956714,1.0097316225956714,1.0097316225956714,1.2083655057932077,872432.1283061295,1.744864256612259,1.744864256612259,1.164697906265642,True,False,129
Henrique Araújo,Henrique Araújo,Arouca,Liga Portugal,2024-2025,FW,ATT,22.915811088295687,1107,0.85,exact_age_validated,2000000.0,14.50865773852422,15.5127125,5458652.377778437,-1.0040547614757784,1.0040547614757784,1.0040547614757784,1.2017522777269547,3458652.377778437,1.7293261888892184,1.7293261888892184,1.1515864367145578,True,False,130
Jarrad Branthwaite,Jarrad Branthwaite,Everton,Premier League,2023-2024,DF,DEF,21.28405201916496,3116,0.85,exact_age_validated,18000000.0,16.70588231586044,17.709618,49112198.310262315,-1.00373568413956,1.00373568413956,1.00373568413956,1.2013805703431346,31112198.310262315,1.7284554616812398,1.7284554616812398,1.1508516919909406,True,False,131
Dean Huijsen,Dean Huijsen,Bournemouth,Premier League,2024-2025,DF,DEF,19.46611909650924,2427,0.85,exact_age_validated,12000000.0,16.300417207752275,17.300959,32637059.658162512,-1.0005417922477235,1.0005417922477235,1.0005417922477235,1.197659863591008,20637059.658162512,1.7197549715135427,1.7197549715135427,1.1435099675277303,True,False,132
Enzo Tchato,Enzo Tchato,Montpellier,Ligue 1,2023-2024,DF,DEF,21.06776180698152,1125,1.0,exact_age_club_validated,2000000.0,14.50865773852422,15.504928,5416324.46292048,-0.9962702614757788,0.9962702614757788,0.9962702614757788,1.1926837673663004,3416324.4629204804,1.7081622314602403,1.7081622314602403,1.1337276792193123,True,False,133
Ansgar Knauff,Ansgar Knauff,Eintracht Frankfurt,Bundesliga,2023-2024,"MF,FW",MID,21.924709103353862,2109,1.0,exact_age_club_validated,8000000.0,15.89495209964411,16.882675,21480905.882147383,-0.9877229003558892,0.9877229003558892,0.9877229003558892,1.1827265661495268,13480905.882147383,1.6851132352684228,1.6851132352684228,1.1142782716649906,True,False,134
Emmanuel Biumla,Emmanuel Biumla,Angers,Ligue 1,2024-2025,DF,DEF,19.416837782340863,1336,0.85,exact_age_validated,800000.0,13.592367006650065,14.568914,2124217.3784283325,-0.9765469933499347,0.9765469933499347,0.9765469933499347,1.169707254893414,1324217.3784283325,1.6552717230354157,1.6552717230354157,1.0890971432276892,True,False,135
Nikolas Veratschnig,Nikolas Veratschnig,Mainz 05,Bundesliga,2024-2025,MF,MID,21.905544147843944,364,0.85,exact_age_validated,800000.0,13.592367006650065,14.5662365,2118537.3938702396,-0.9738694933499357,0.9738694933499357,0.9738694933499357,1.1665881160289213,1318537.3938702396,1.6481717423377995,1.6481717423377995,1.083105974802542,True,False,136
Pablo Marín,Pablo Marín,Real Sociedad,LaLiga,2024-2025,MF,MID,21.48665297741273,1239,0.85,exact_age_validated,1800000.0,14.403297222866392,15.373449,4749020.764899452,-0.9701517771336086,0.9701517771336086,0.9701517771336086,1.162257183017715,2949020.764899452,1.6383448693885845,1.6383448693885845,1.0748137760714895,True,False,137
Guela Doué,Guéla Doué,Rennes,Ligue 1,2023-2024,DF,DEF,20.996577686516083,1234,0.85,exact_age_validated,1000000.0,13.815510557964274,14.770856,2599568.4280436626,-0.9553454420357266,0.9553454420357266,0.9553454420357266,1.1450086245697138,1599568.4280436626,1.5995684280436626,1.5995684280436626,1.04209309683031,True,False,138
Andrea Carboni,Andrea Carboni,Monza,Serie A,2023-2024,DF,DEF,22.87200547570157,1487,1.0,exact_age_club_validated,4000000.0,15.201804919084164,16.154297,10368645.971673356,-0.9524920809158353,0.9524920809158353,0.9524920809158353,1.1416846172630886,6368645.971673356,1.5921614929183392,1.5921614929183392,1.0358429114087002,True,False,139
Dango Ouattara,Dango Ouattara,Bournemouth,Premier League,2024-2025,"MF,FW",MID,22.84462696783025,2005,0.85,exact_age_validated,20000000.0,16.811242831518264,17.761631,51734270.90268651,-0.9503881684817372,0.9503881684817372,0.9503881684817372,1.1392336760714221,31734270.902686507,1.5867135451343253,1.5867135451343253,1.031245775988826,True,False,140
Jake O'Brien,Jake O'Brien,Lyon,Ligue 1,2023-2024,DF,DEF,22.420260095824776,2369,0.85,exact_age_validated,1500000.0,14.22097566607244,15.171191,3879399.7654269338,-0.9502153339275612,0.9502153339275612,0.9502153339275612,1.139032333410336,2379399.7654269338,1.5862665102846225,1.5862665102846225,1.0308685550933694,True,False,141
Gonçalo Franco,Gonçalo Franco,Moreirense,Liga Portugal,2023-2024,MF,MID,22.863791923340177,2721,0.85,exact_age_validated,1500000.0,14.22097566607244,15.161394,3841578.8541664346,-0.9404183339275605,0.9404183339275605,0.9404183339275605,1.1276193722691787,2341578.8541664346,1.5610525694442898,1.5610525694442898,1.0095923048231612,True,False,142
Dudu,Dudu,Nacional,Liga Portugal,2024-2025,"MF,FW",MID,22.85010266940452,1338,0.85,exact_age_validated,500000.0,13.122363377404328,14.062057,1279598.6090019783,-0.9396936225956711,0.9396936225956711,0.9396936225956711,1.1267751237982786,779598.6090019783,1.5591972180039566,1.5591972180039566,1.0080267057827852,True,False,143
Marcos Peña,Marcos Peña,Almería,LaLiga,2023-2024,MF,MID,19.37303216974675,441,0.85,exact_age_validated,1000000.0,13.815510557964274,14.750112,2546198.4478122997,-0.934601442035726,0.934601442035726,0.934601442035726,1.1208430161271132,1546198.4478122997,1.5461984478122996,1.5461984478122996,0.9970579687038031,True,False,144
Jon Martin,Jon Martín,Real Sociedad,LaLiga,2024-2025,DF,DEF,18.680355920602327,904,0.85,exact_age_validated,2000000.0,14.50865773852422,15.442314,5087585.935046698,-0.9336562614757788,0.9336562614757788,0.9336562614757788,1.1197419332443885,3087585.935046698,1.543792967523349,1.543792967523349,0.9950281550791952,True,False,145
Sontje Hansen,Sontje Hansen,NEC Nijmegen,Eredivisie,2023-2024,MF,MID,21.127994524298423,1910,0.85,exact_age_validated,750000.0,13.527828485512494,14.461275,1907444.6029209509,-0.9334465144875068,0.9334465144875068,0.9334465144875068,1.119497589646693,1157444.6029209509,1.5432594705612679,1.5432594705612679,0.9945779749603668,True,False,146
Tomáš Suslov,Tomas Suslov,Hellas Verona,Serie A,2024-2025,"MF,FW",MID,22.532511978097197,2080,0.85,exact_age_validated,6000000.0,15.60727002719233,16.53735,15208271.265227936,-0.9300799728076701,0.9300799728076701,0.9300799728076701,1.115575755475818,9208271.265227936,1.5347118775379893,1.5347118775379893,0.9873652695160733,True,False,147
Omar El Hilali,Omar El Hilali,Espanyol,LaLiga,2024-2025,DF,DEF,21.08145106091718,3153,0.85,exact_age_validated,3000000.0,14.914122846632385,15.838725,7562595.429360264,-0.9246021533676156,0.9246021533676156,0.9246021533676156,1.1091943999172174,4562595.429360264,1.520865143120088,1.520865143120088,0.9756809957737824,True,False,148
Chris Lokesa,Chris Lokesa,RKC Waalwijk,Eredivisie,2024-2025,MF,MID,20.109514031485283,1012,1.0,exact_age_club_validated,500000.0,13.122363377404328,14.043836,1256494.1749224958,-0.9214726225956724,0.9214726225956724,0.9214726225956724,1.1055486702969008,756494.1749224958,1.5129883498449916,1.5129883498449916,0.9690343304980567,True,False,149
Yellu Santiago,Yellu Santiago,Getafe,LaLiga,2024-2025,MF,MID,20.591375770020534,372,0.85,exact_age_validated,1000000.0,13.815510557964274,14.736838,2512623.539271567,-0.9213274420357269,0.9213274420357269,0.9213274420357269,1.1053795430039428,1512623.539271567,1.512623539271567,1.512623539271567,0.9687264928176816,True,False,150
Jamie Leweling,Jamie Leweling,Stuttgart,Bundesliga,2023-2024,MF,MID,22.79534565366188,1523,0.85,exact_age_validated,4500000.0,15.319587954740548,16.237972,11273574.441322843,-0.9183840452594509,0.9183840452594509,0.9183840452594509,1.1019506491557605,6773574.441322843,1.5052387647384096,1.5052387647384096,0.9624950071426941,True,False,151
Radu Drăgușin,Radu Drăgușin,Genoa,Serie A,2023-2024,DF,DEF,21.683778234086244,1710,0.85,exact_age_validated,10000000.0,16.11809565095832,17.03424,24996340.69702424,-0.9161443490416801,0.9161443490416801,0.9161443490416801,1.0993415273938523,14996340.697024241,1.4996340697024242,1.4996340697024242,0.9577656038721404,True,False,152
Anthony Gordon,Anthony Gordon,Newcastle United,Premier League,2023-2024,FW,ATT,22.376454483230663,2890,0.85,exact_age_validated,38000000.0,17.45309671769066,18.368353,94901778.10290067,-0.9152562823093398,0.9152562823093398,0.9152562823093398,1.0983069789497413,56901778.10290067,1.4974152132342282,1.4974152132342282,0.9558932688083771,True,False,153
Miguel Rodríguez,Miguel Rodríguez,Celta Vigo,LaLiga,2023-2024,MF,MID,20.648870636550303,300,0.85,exact_age_validated,900000.0,13.710150042306449,14.618213,2231563.457952936,-0.9080629576935522,0.9080629576935522,0.9080629576935522,1.089927155093897,1331563.4579529362,1.47951495328104,1.47951495328104,0.9407885133448202,True,False,154
Martin Satriano,Martín Satriano,Brest,Ligue 1,2023-2024,"FW,MF",MID,22.822724161533195,1864,0.85,exact_age_validated,5000000.0,15.424948470398377,16.332907,12396280.178924628,-0.9079585296016219,0.9079585296016219,0.9079585296016219,1.0898055021638933,7396280.178924628,1.4792560357849256,1.4792560357849256,0.9405700312962759,True,False,155
Ki-Jana Hoever,Ki-Jana Hoever,Auxerre,Ligue 1,2024-2025,"DF,MF",DEF,22.89390828199863,2124,0.85,exact_age_validated,4500000.0,15.319587954740548,16.224287,11120346.429127946,-0.9046990452594521,0.9046990452594521,0.9046990452594521,1.0860083838483485,6620346.4291279465,1.471188095361766,1.471188095361766,0.9337620705457023,True,False,156
Ansgar Knauff,Ansgar Knauff,Eintracht Frankfurt,Bundesliga,2024-2025,MF,MID,22.94318959616701,1597,1.0,exact_age_club_validated,10000000.0,16.11809565095832,17.018904,24615921.32778319,-0.9008083490416787,0.9008083490416787,0.9008083490416787,1.0814759387380606,14615921.32778319,1.461592132778319,1.461592132778319,0.925664720639083,True,False,157
Timothee Pembele,Timothée Pembélé,Le Havre,Ligue 1,2024-2025,"DF,MF",DEF,22.25325119780972,1113,0.85,exact_age_validated,2500000.0,14.73180128983843,15.622484,6091981.766688408,-0.8906827101615704,0.8906827101615704,0.8906827101615704,1.0696801315452402,3591981.7666884083,1.4367927066753634,1.4367927066753634,0.9047382498559042,True,False,158
Rafik Messali,Rafik Messali,Toulouse,Ligue 1,2024-2025,MF,MID,21.905544147843944,456,0.85,exact_age_validated,800000.0,13.592367006650065,14.477047,1937767.3155327989,-0.8846799933499359,0.8846799933499359,0.8846799933499359,1.0626872996872683,1137767.3155327989,1.4222091444159985,1.4222091444159985,0.8924322195361585,True,False,159
Ilario Monterisi,Ilario Monterisi,Frosinone,Serie A,2023-2024,DF,DEF,21.80971937029432,1469,1.0,exact_age_club_validated,1500000.0,14.22097566607244,15.104879,3630492.964815065,-0.8839033339275613,0.8839033339275613,0.8839033339275613,1.0617825345747365,2130492.964815065,1.4203286432100433,1.4203286432100433,0.8908453983984119,True,False,160
Arnau Martinez,Arnau Martínez,Girona,LaLiga,2024-2025,"DF,MF",DEF,21.675564681724847,2624,0.85,exact_age_validated,10000000.0,16.11809565095832,16.996775,24077178.50932225,-0.8786793490416791,0.8786793490416791,0.8786793490416791,1.055696882180681,14077178.509322248,1.4077178509322248,1.4077178509322248,0.880204048269626,True,False,161
Stije Resink,Stije Resink,Groningen,Eredivisie,2024-2025,MF,MID,21.557837097878167,2127,0.85,exact_age_validated,1000000.0,13.815510557964274,14.692334,2403253.4945009258,-0.876823442035727,0.876823442035727,0.876823442035727,1.0535348535453302,1403253.4945009258,1.4032534945009258,1.4032534945009258,0.8764368955928896,True,False,162
Youri Baas,Youri Baas,NEC Nijmegen,Eredivisie,2023-2024,"DF,MF",DEF,20.747433264887064,1719,0.85,exact_age_validated,800000.0,13.592367006650065,14.468702,1921663.932103919,-0.8763349933499356,0.8763349933499356,0.8763349933499356,1.0529658379415345,1121663.932103919,1.4020799151298988,1.4020799151298988,0.8754465954820089,True,False,163
Úmaro Embaló,Úmaro Embaló,Rio Ave,Liga Portugal,2023-2024,"MF,FW",MID,22.622861054072555,794,0.85,exact_age_validated,1000000.0,13.815510557964274,14.684986,2385659.108761094,-0.8694754420357267,0.8694754420357267,0.8694754420357267,1.0449748414533406,1385659.108761094,1.385659108761094,1.385659108761094,0.8615902456097805,True,False,164
Anthony Elanga,Anthony Elanga,Nottingham Forest,Premier League,2024-2025,"MF,FW",MID,22.431211498973305,2501,0.85,exact_age_validated,25000000.0,17.034386382832476,17.897892,59286489.20607028,-0.8635056171675224,0.8635056171675224,0.8635056171675224,1.038020326883541,34286489.20607028,1.3714595682428112,1.3714595682428112,0.8496082639075911,True,False,165
Taichi Fukui,Taichi Fukui,Portimonense,Liga Portugal,2023-2024,MF,MID,19.2580424366872,596,0.85,exact_age_validated,600000.0,13.304684934198283,14.157689,1408011.5235413797,-0.8530040658017164,0.8530040658017164,0.8530040658017164,1.0257866025128355,808011.5235413797,1.346685872568966,1.346685872568966,0.8287035052023769,True,False,166
Bertuğ Yıldırım,Bertuğ Yıldırım,Getafe,LaLiga,2024-2025,FW,ATT,22.46132785763176,1083,0.85,exact_age_validated,3000000.0,14.914122846632385,15.766592,7036292.8103613015,-0.8524691533676148,0.8524691533676148,0.8524691533676148,1.025163459221591,4036292.8103613015,1.3454309367871005,1.3454309367871005,0.8276445542062952,True,False,167
Pedro Santos,Pedro Santos,Moreirense,Liga Portugal,2024-2025,"MF,FW",MID,21.856262833675565,560,0.85,exact_age_validated,1500000.0,14.22097566607244,15.072946,3516391.922982084,-0.8519703339275608,0.8519703339275608,0.8519703339275608,1.024582362264789,2016391.922982084,1.3442612819880562,1.3442612819880562,0.82665756576241,True,False,168
Alberto costa,Alberto Costa,Vitória Guimarães,Liga Portugal,2024-2025,DF,DEF,21.026694045174537,675,0.85,exact_age_validated,500000.0,13.122363377404328,13.973354,1170982.8536645246,-0.8509906225956723,0.8509906225956723,0.8509906225956723,1.0234410529496523,670982.8536645246,1.3419657073290492,1.3419657073290492,0.8247204936772382,True,False,169
Luke Thomas,Luke Thomas,Sheffield United,Premier League,2023-2024,"MF,DF",DEF,22.5242984257358,917,0.85,exact_age_validated,10000000.0,16.11809565095832,16.968279,23400758.63262366,-0.8501833490416786,0.8501833490416786,0.8501833490416786,1.0225006240732601,13400758.632623661,1.3400758632623662,1.3400758632623662,0.8231257887642285,True,False,170
Medon Berisha,Medon Berisha,Lecce,Serie A,2024-2025,MF,MID,21.16084873374401,716,0.85,exact_age_validated,1000000.0,13.815510557964274,14.665396,2339378.8420971357,-0.8498854420357258,0.8498854420357258,0.8498854420357258,1.0221535789489755,1339378.8420971357,1.3393788420971358,1.3393788420971358,0.822537622207918,True,False,171
Daan Rots,Daan Rots,Twente,Eredivisie,2023-2024,"MF,FW",MID,22.22861054072553,2573,0.85,exact_age_validated,2000000.0,14.50865773852422,15.351673,4646723.938912324,-0.8430152614757791,0.8430152614757791,0.8430152614757791,1.0141501999795561,2646723.9389123237,1.3233619694561618,1.3233619694561618,0.8090221232617836,True,False,172
Mimeirhel Benita,Mimeirhel Benita,Excelsior,Eredivisie,2023-2024,DF,DEF,20.076659822039694,947,0.85,exact_age_validated,500000.0,13.122363377404328,13.960362,1155867.8441388002,-0.8379986225956717,0.8379986225956717,0.8379986225956717,1.0083060941718722,655867.8441388002,1.3117356882776003,1.3117356882776003,0.7992115319847866,True,False,173
Nick Woltemade,Nick Woltemade,Stuttgart,Bundesliga,2024-2025,"FW,MF",MID,22.847364818617383,1622,0.85,exact_age_validated,7500000.0,15.83041357850654,16.66838,17337459.367792025,-0.8379664214934586,0.8379664214934586,0.8379664214934586,1.008268581675367,9837459.367792025,1.3116612490389368,1.3116612490389368,0.7991487180089087,True,False,174
Gaetano Oristanio,Gaetano Oristanio,Venezia,Serie A,2024-2025,"FW,MF",MID,22.223134839151268,2315,0.85,exact_age_validated,6500000.0,15.687312734865866,16.52498,15021303.727988215,-0.837667265134133,0.837667265134133,0.837667265134133,1.007920081123758,8521303.727988215,1.3109698043058793,1.3109698043058793,0.7985652570068501,True,False,175
Kamory Doumbia,Kamory Doumbia,Brest,Ligue 1,2024-2025,"MF,FW",MID,21.80971937029432,1322,0.85,exact_age_validated,5000000.0,15.424948470398377,16.26254,11553973.942023437,-0.8375915296016245,0.8375915296016245,0.8375915296016245,1.0078318534326767,6553973.9420234375,1.3107947884046875,1.3107947884046875,0.7984175735432217,True,False,176
Fábio Silva,Fábio Silva,Las Palmas,LaLiga,2024-2025,FW,ATT,22.442162902121837,1866,0.85,exact_age_validated,18000000.0,16.70588231586044,17.542463,41552282.019173436,-0.8365806841395624,0.8365806841395624,0.8365806841395624,1.0066542745842304,23552282.019173436,1.308460112176302,1.308460112176302,0.7964475064263996,True,False,177
Filippo Terracciano,Filippo Terracciano,Hellas Verona,Serie A,2023-2024,"MF,DF",DEF,20.670773442847366,1296,0.85,exact_age_validated,3000000.0,14.914122846632385,15.747587,6903830.772983781,-0.8334641533676148,0.8334641533676148,0.8334641533676148,1.0030236892422424,3903830.772983781,1.301276924327927,1.301276924327927,0.790386125408345,True,False,178
Adam Aznou,Adam Aznou,Valladolid,LaLiga,2024-2025,"DF,MF",DEF,18.27789185489391,876,0.85,exact_age_validated,1500000.0,14.22097566607244,15.053205,3447655.524888468,-0.832229333927561,0.832229333927561,0.832229333927561,1.001585193142857,1947655.524888468,1.298437016592312,1.298437016592312,0.7879897293784713,True,False,179
David Datro Fofana,David Datro Fofana,Burnley,Premier League,2023-2024,FW,ATT,20.97741273100616,879,0.85,exact_age_validated,8000000.0,15.89495209964411,16.725784,18361818.773724005,-0.830831900355891,0.830831900355891,0.830831900355891,0.9999572606073035,10361818.773724005,1.2952273467155007,1.2952273467155007,0.785281317392569,True,False,180
Bradley Locko,Bradley Locko,Brest,Ligue 1,2023-2024,DF,DEF,21.44558521560575,2959,0.85,exact_age_validated,5000000.0,15.424948470398377,16.254337,11459584.36192254,-0.8293885296016228,0.8293885296016228,0.8293885296016228,0.9982758138041244,6459584.36192254,1.291916872384508,1.291916872384508,0.7824878437017515,True,False,181
Javi Rodríguez,Javi Rodríguez,Celta Vigo,LaLiga,2024-2025,DF,DEF,21.29226557152635,2514,0.85,exact_age_validated,3000000.0,14.914122846632385,15.742604,6869514.554108109,-0.8284811533676155,0.8284811533676155,0.8284811533676155,0.997218770862496,3869514.5541081093,1.2898381847027032,1.2898381847027032,0.7807337871014071,True,False,182
Cauê,Cauê,Gil Vicente FC,Liga Portugal,2024-2025,FW,ATT,22.091718001368925,667,0.85,exact_age_validated,800000.0,13.592367006650065,14.4200735,1830452.0204003996,-0.8277064933499361,0.8277064933499361,0.8277064933499361,0.9963163349454415,1030452.0204003996,1.2880650255004995,1.2880650255004995,0.7792375442413992,True,False,183
Rodrigo Muniz,Rodrigo Muniz,Fulham,Premier League,2023-2024,FW,ATT,22.62559890485969,1593,0.85,exact_age_validated,5000000.0,15.424948470398377,16.248184,11389290.021656485,-0.8232355296016216,0.8232355296016216,0.8232355296016216,0.991107910374345,6389290.021656485,1.277858004331297,1.277858004331297,0.7706245654815744,True,False,184
Julian Baas,Julian Baas,Sparta Rotterdam,Eredivisie,2024-2025,MF,MID,22.67214236824093,850,1.0,exact_age_club_validated,1000000.0,13.815510557964274,14.63387,2266778.004717047,-0.8183594420357263,0.8183594420357263,0.8183594420357263,0.9854275390453219,1266778.0047170469,1.266778004717047,1.266778004717047,0.761274942339384,True,False,185
Denilho Cleonise,Denilho Cleonise,RKC Waalwijk,Eredivisie,2023-2024,"MF,FW",MID,21.856262833675565,1800,1.0,exact_age_club_validated,500000.0,13.122363377404328,13.940258,1132862.303536492,-0.8178946225956718,0.8178946225956718,0.8178946225956718,0.9848860502010842,632862.3035364919,1.265724607072984,1.265724607072984,0.7603860550348941,True,False,186
Joel silva,Joel Silva,Boavista,Liga Portugal,2024-2025,"MF,FW",MID,21.853524982888437,2397,0.85,exact_age_validated,600000.0,13.304684934198283,14.118367,1353720.1131886397,-0.8136820658017161,0.8136820658017161,0.8136820658017161,0.9799786553869236,753720.1131886397,1.256200188647733,1.256200188647733,0.7523490761517807,True,False,187
Miguel Rodríguez,Miguel Rodríguez,Utrecht,Eredivisie,2024-2025,MF,MID,21.637234770705,1241,0.85,exact_age_validated,2000000.0,14.50865773852422,15.321937,4510583.128925463,-0.8132792614757793,0.8132792614757793,0.8132792614757793,0.9795094107080009,2510583.128925463,1.2552915644627316,1.2552915644627316,0.7515823528662747,True,False,188
Rassoul Ndiaye,Rassoul Ndiaye,Le Havre,Ligue 1,2024-2025,MF,MID,22.99794661190965,1061,0.85,exact_age_validated,2500000.0,14.73180128983843,15.544009,5632190.495371239,-0.8122077101615712,0.8122077101615712,0.8122077101615712,0.9782611129117559,3132190.4953712393,1.2528761981484957,1.2528761981484957,0.7495441971284891,True,False,189
Samuele Vignato,Samuele Vignato,Monza,Serie A,2023-2024,MF,MID,19.627652292950035,343,0.85,exact_age_validated,1000000.0,13.815510557964274,14.627675,2252778.7225264483,-0.8121644420357264,0.8121644420357264,0.8121644420357264,0.9782107079470812,1252778.7225264483,1.2527787225264484,1.2527787225264484,0.749461944388108,True,False,190
Marko Milovanović,Marko Milovanović,Almería,LaLiga,2023-2024,FW,ATT,20.383299110198493,308,0.85,exact_age_validated,1000000.0,13.815510557964274,14.62735,2252046.6884036153,-0.8118394420357262,0.8118394420357262,0.8118394420357262,0.9778321009887391,1252046.6884036153,1.2520466884036152,1.2520466884036152,0.7488442328886499,True,False,191
Rabby Nzingoula,Rabby Nzingoula,Montpellier,Ligue 1,2024-2025,MF,MID,18.86652977412731,1689,1.0,exact_age_club_validated,1500000.0,14.22097566607244,15.032018,3375378.418488724,-0.8110423339275616,0.8110423339275616,0.8110423339275616,0.9769035142924256,1875378.4184887242,1.2502522789924828,1.2502522789924828,0.7473300584896444,True,False,192
João Marques,João Marques,Estoril,Liga Portugal,2023-2024,"FW,MF",MID,21.623545516769337,1969,0.85,exact_age_validated,1000000.0,13.815510557964274,14.62567,2248266.4262764007,-0.8101594420357259,0.8101594420357259,0.8101594420357259,0.9758749942502327,1248266.4262764007,1.2482664262764007,1.2482664262764007,0.7456543387100711,True,False,193
Kacper Urbanski,Kacper Urbański,Bologna,Serie A,2023-2024,"MF,FW",MID,19.28268309377139,926,0.85,exact_age_validated,1000000.0,13.815510557964274,14.620761,2237256.731794467,-0.8052504420357263,0.8052504420357263,0.8052504420357263,0.9701562817625393,1237256.7317944672,1.2372567317944672,1.2372567317944672,0.7363640410656249,True,False,194
Reinier,Reinier,Frosinone,Serie A,2023-2024,"MF,FW",MID,21.916495550992472,1059,0.85,exact_age_validated,4000000.0,15.201804919084164,16.006092,8940409.933879947,-0.8042870809158345,0.8042870809158345,0.8042870809158345,0.9690340195367327,4940409.933879947,1.2351024834699869,1.2351024834699869,0.7345462242163643,True,False,195
Ruben van Bommel,Ruben van Bommel,AZ Alkmaar,Eredivisie,2023-2024,"MF,FW",MID,18.915811088295687,1548,0.85,exact_age_validated,900000.0,13.710150042306449,14.513973,2010658.8250782997,-0.8038229576935514,0.8038229576935514,0.8038229576935514,0.9684933417475499,1110658.8250782997,1.2340653611981107,1.2340653611981107,0.7336710705401905,True,False,196
Dion Lopy,Dion Lopy,Almería,LaLiga,2023-2024,MF,MID,21.69199178644764,1916,1.0,exact_age_club_validated,6000000.0,15.60727002719233,16.409397,13381677.787735358,-0.8021269728076685,0.8021269728076685,0.8021269728076685,0.966517613504356,7381677.787735358,1.2302796312892263,1.2302796312892263,0.7304765624897872,True,False,197
Murillo,Murillo,Nottingham Forest,Premier League,2023-2024,DF,DEF,21.05681040383299,2789,1.0,exact_age_club_validated,3500000.0,15.068273526459642,15.867709,7784997.172097425,-0.7994354735403579,0.7994354735403579,0.7994354735403579,0.9633821662705838,4284997.172097425,1.22428490631355,1.22428490631355,0.7254180407104572,True,False,198
Jacques Ekomie,Jacques Ekomié,Angers,Ligue 1,2024-2025,"DF,MF",DEF,21.136208076659823,697,0.85,exact_age_validated,800000.0,13.592367006650065,14.386894,1770715.0393373256,-0.794526993349935,0.794526993349935,0.794526993349935,0.9576640593321911,970715.0393373256,1.213393799171657,1.213393799171657,0.7162278104827453,True,False,199
Sem Steijn,Sem Steijn,Twente,Eredivisie,2023-2024,MF,MID,21.927446954141,2414,0.85,exact_age_validated,3000000.0,14.914122846632385,15.704816,6614772.742064958,-0.7906931533676147,0.7906931533676147,0.7906931533676147,0.9531978485799574,3614772.7420649584,1.2049242473549862,1.2049242473549862,0.7090809584587359,True,False,200
Mayckel Lahdo,Mayckel Lahdo,AZ Alkmaar,Eredivisie,2023-2024,"MF,FW",MID,20.79671457905544,769,0.85,exact_age_validated,3000000.0,14.914122846632385,15.703973,6609198.838373896,-0.789850153367615,0.789850153367615,0.789850153367615,0.9522158003772431,3609198.8383738957,1.2030662794579652,1.2030662794579652,0.707513151576767,True,False,201
Bernardo Vital,Bernardo Vital,Estoril,Liga Portugal,2023-2024,DF,DEF,22.99247091033539,2549,0.85,exact_age_validated,1500000.0,14.22097566607244,14.994316,3250488.985287701,-0.7733403339275604,0.7733403339275604,0.7733403339275604,0.9329827772357862,1750488.9852877008,1.1669926568584672,1.1669926568584672,0.6770731887228749,True,False,202
Óscar Aranda,Óscar Aranda,Famalicão,Liga Portugal,2023-2024,"MF,FW",MID,21.661875427789184,717,0.85,exact_age_validated,500000.0,13.122363377404328,13.893997,1081648.6901085658,-0.7716336225956724,0.7716336225956724,0.7716336225956724,0.9309945532784514,581648.6901085658,1.1632973802171316,1.1632973802171316,0.6739550077476525,True,False,203
Gvidas Gineitis,Gvidas Gineitis,Torino,Serie A,2024-2025,MF,MID,20.67624914442163,1430,0.85,exact_age_validated,4000000.0,15.201804919084164,15.971018,8632269.44414284,-0.7692130809158364,0.7692130809158364,0.7692130809158364,0.9281747565924743,4632269.444142841,1.1580673610357102,1.1580673610357102,0.669541766766143,True,False,204
Morten Frendrup,Morten Frendrup,Genoa,Serie A,2023-2024,MF,MID,22.510609171800137,3145,0.85,exact_age_validated,6000000.0,15.60727002719233,16.37256,12897705.689668255,-0.7652899728076701,0.7652899728076701,0.7652899728076701,0.923604553429153,6897705.689668255,1.1496176149447093,1.1496176149447093,0.6624116273845089,True,False,205
Mateus Fernandes,Mateus Fernandes,Southampton,Premier League,2024-2025,MF,MID,20.22724161533197,2909,0.85,exact_age_validated,12000000.0,16.300417207752275,17.06458,25766351.6739382,-0.7641627922477241,0.7641627922477241,0.7641627922477241,0.9222914506497583,13766351.6739382,1.1471959728281833,1.1471959728281833,0.6603681759438017,True,False,206
Abde Ezzalzouli,Abde Ezzalzouli,Real Betis,LaLiga,2024-2025,MF,MID,22.81724845995893,1984,0.85,exact_age_validated,12000000.0,16.300417207752275,17.064528,25765011.858486652,-0.7641107922477239,0.7641107922477239,0.7641107922477239,0.9222308735364233,13765011.858486652,1.1470843215405544,1.1470843215405544,0.6602739613680785,True,False,207
Alieu Njie,Alieu Njie,Torino,Serie A,2024-2025,FW,ATT,19.430527036276523,394,0.85,exact_age_validated,800000.0,13.592367006650065,14.355803,1716508.7681105735,-0.7634359933499351,0.7634359933499351,0.7634359933499351,0.9214447702804716,916508.7681105735,1.145635960138217,1.145635960138217,0.6590517922564357,True,False,208
Stije Resink,Stije Resink,Almere City,Eredivisie,2023-2024,MF,MID,20.10130047912389,2578,0.85,exact_age_validated,550000.0,13.217673557208654,13.977857,1176267.6793094801,-0.7601834427913463,0.7601834427913463,0.7601834427913463,0.917655729437885,626267.6793094801,1.1386685078354184,1.1386685078354184,0.6531724551120037,True,False,209
Tyler Dibling,Tyler Dibling,Southampton,Premier League,2024-2025,"MF,FW",MID,18.62012320328542,1874,0.85,exact_age_validated,5000000.0,15.424948470398377,16.18284,10668862.390273325,-0.757891529601622,0.757891529601622,0.757891529601622,0.9149857778023611,5668862.390273325,1.133772478054665,1.133772478054665,0.6490410440166356,True,False,210
Marc Pubill,Marc Pubill,Almería,LaLiga,2023-2024,DF,DEF,20.314852840520192,1883,0.85,exact_age_validated,2500000.0,14.73180128983843,15.48544,5311792.994658326,-0.7536387101615709,0.7536387101615709,0.7536387101615709,0.9100314792405914,2811792.994658326,1.1247171978633304,1.1247171978633304,0.6413999375018814,True,False,211
Luis Henrique,Luis Henrique,Marseille,Ligue 1,2024-2025,MF,MID,22.8145106091718,2613,0.85,exact_age_validated,12000000.0,16.300417207752275,17.045424,25277468.91001637,-0.7450067922477253,0.7450067922477253,0.7450067922477253,0.8999757740528428,13277468.91001637,1.1064557425013641,1.1064557425013641,0.6259903949381137,True,False,212
Andre Brooks,Andre Brooks,Sheffield United,Premier League,2023-2024,MF,MID,20.331279945242983,938,1.0,exact_age_club_validated,2500000.0,14.73180128983843,15.475312,5258266.670060145,-0.743510710161571,0.743510710161571,0.743510710161571,0.8982329214741699,2758266.6700601447,1.103306668024058,1.103306668024058,0.6233331150974505,True,False,213
Nhoa Sangui,Nhoa Sangui,Reims,Ligue 1,2024-2025,"DF,MF",DEF,18.60917180013689,1158,0.85,exact_age_validated,1500000.0,14.22097566607244,14.964019,3153485.793243797,-0.7430433339275613,0.7430433339275613,0.7430433339275613,0.8976884541069091,1653485.793243797,1.1023238621625313,1.1023238621625313,0.6225037951744252,True,False,214
Sami Ouaissa,Sami Ouaissa,NEC Nijmegen,Eredivisie,2024-2025,"MF,FW",MID,20.032854209445585,1846,0.85,exact_age_validated,900000.0,13.710150042306449,14.450933,1887819.4673337594,-0.7407829576935505,0.7407829576935505,0.7407829576935505,0.895055241274087,987819.4673337594,1.0975771859263994,1.0975771859263994,0.6184984129062934,True,False,215
Antoine Joujou,Antoine Joujou,Le Havre,Ligue 1,2024-2025,"MF,FW",MID,21.57426420260096,943,0.85,exact_age_validated,2500000.0,14.73180128983843,15.470988,5235579.011046796,-0.7391867101615706,0.7391867101615706,0.7391867101615706,0.8931957015114909,2735579.011046796,1.0942316044187184,1.0942316044187184,0.6156753147675471,True,False,216
Mahamadou Nagida,Mahamadou Nagida,Rennes,Ligue 1,2024-2025,MF,MID,19.45242984257358,430,0.85,exact_age_validated,1000000.0,13.815510557964274,14.553265,2091234.2502633764,-0.737754442035726,0.737754442035726,0.737754442035726,0.8915271886540875,1091234.2502633764,1.0912342502633765,1.0912342502633765,0.6131460609090829,True,False,217
Drissa Camara,Drissa Camara,Parma,Serie A,2024-2025,FW,ATT,22.830937713894592,447,0.85,exact_age_validated,1000000.0,13.815510557964274,14.552364,2089350.8967820436,-0.7368534420357271,0.7368534420357271,0.7368534420357271,0.8904775736711162,1089350.8967820436,1.0893508967820436,1.0893508967820436,0.6115568329391333,True,False,218
Mahamadou Diawara,Mahamadou Diawara,Le Havre,Ligue 1,2024-2025,MF,MID,19.811088295687885,582,0.85,exact_age_validated,2500000.0,14.73180128983843,15.467206,5215815.447682711,-0.7354047101615695,0.7354047101615695,0.7354047101615695,0.8887898814608768,2715815.4476827113,1.0863261790730845,1.0863261790730845,0.6090044889251583,True,False,219
Ümit Akdag,Ümit Akdağ,Toulouse,Ligue 1,2024-2025,DF,DEF,21.180013689253936,500,0.85,exact_age_validated,800000.0,13.592367006650065,14.326792,1667426.5369511135,-0.7344249933499345,0.7344249933499345,0.7344249933499345,0.8876485657621397,867426.5369511135,1.0842831711888918,1.0842831711888918,0.6072805399667884,True,False,220
Denis Huseinbasic,Denis Huseinbasic,Köln,Bundesliga,2023-2024,MF,MID,22.4476386036961,1627,0.85,exact_age_validated,4500000.0,15.319587954740548,16.053007,9369843.951308599,-0.7334190452594527,0.7334190452594527,0.7334190452594527,0.8864766920797176,4869843.951308599,1.0821875447352443,1.0821875447352443,0.6055121899423704,True,False,221
Matheus Pereira,Matheus Pereira,Vizela,Liga Portugal,2023-2024,"DF,MF",DEF,22.770704996577688,2096,0.85,exact_age_validated,700000.0,13.458835614025542,14.191316,1456163.7979451818,-0.7324803859744584,0.7324803859744584,0.7324803859744584,0.8853832061202989,756163.7979451818,1.0802339970645456,1.0802339970645456,0.6038637300915375,True,False,222
Angelo Stiller,Angelo Stiller,Stuttgart,Bundesliga,2023-2024,MF,MID,22.537987679671456,2694,0.85,exact_age_validated,7500000.0,15.83041357850654,16.561378,15578121.190113904,-0.7309644214934607,0.7309644214934607,0.7309644214934607,0.8836171916553606,8078121.190113904,1.0770828253485205,1.0770828253485205,0.6012046805403739,True,False,223
Ibrahim Sulemana,Ibrahim Sulemana,Cagliari,Serie A,2023-2024,MF,MID,20.38877481177276,1339,0.85,exact_age_validated,3500000.0,15.068273526459642,15.799191,7269448.594976634,-0.7309174735403587,0.7309174735403587,0.7309174735403587,0.8835624998962088,3769448.594976634,1.0769853128504667,1.0769853128504667,0.6011223966829554,True,False,224
Jhon Solis,Jhon Solís,Girona,LaLiga,2024-2025,MF,MID,20.021902806297057,535,0.85,exact_age_validated,4000000.0,15.201804919084164,15.931887,8301003.756724877,-0.7300820809158353,0.7300820809158353,0.7300820809158353,0.8825893138636177,4301003.756724877,1.0752509391812193,1.0752509391812193,0.5996588821739525,True,False,225
Kévin Boma,Kévin Boma,Estoril,Liga Portugal,2024-2025,DF,DEF,21.883641341546884,2467,0.85,exact_age_validated,600000.0,13.304684934198283,14.033022,1242979.6516439475,-0.7283370658017176,0.7283370658017176,0.7283370658017176,0.8805564681263354,642979.6516439475,1.0716327527399125,1.0716327527399125,0.5966057521322425,True,False,226
Kamaldeen Sulemana,Kamaldeen Sulemana,Southampton,Premier League,2024-2025,"FW,MF",MID,22.833675564681723,1402,0.85,exact_age_validated,13000000.0,16.38045991542581,17.107988,26909447.73972681,-0.7275280845741889,0.7275280845741889,0.7275280845741889,0.8796140499050726,13909447.739726812,1.069957518440524,1.069957518440524,0.5951921411286816,True,False,227
Giuliano Simeone,Giuliano Simeone,Alavés,LaLiga,2023-2024,MF,MID,21.010266940451743,630,0.85,exact_age_validated,2500000.0,14.73180128983843,15.458677,5171518.928758964,-0.7268757101615702,0.7268757101615702,0.7268757101615702,0.8788540699294982,2671518.928758964,1.0686075715035857,1.0686075715035857,0.5940530169805097,True,False,228
Oussama El Azzouzi,Oussama El Azzouzi,Bologna,Serie A,2023-2024,MF,MID,22.368240930869263,547,0.85,exact_age_validated,2000000.0,14.50865773852422,15.233975,4130772.5270518675,-0.7253172614757784,0.7253172614757784,0.7253172614757784,0.8770385637243917,2130772.5270518675,1.0653862635259337,1.0653862635259337,0.5913347844295589,True,False,229
Hugo Álvarez,Hugo Álvarez,Celta Vigo,LaLiga,2024-2025,MF,MID,21.27857631759069,1572,0.85,exact_age_validated,3000000.0,14.914122846632385,15.639119,6194169.473160752,-0.7249961533676164,0.7249961533676164,0.7249961533676164,0.8766644906039913,3194169.473160752,1.0647231577202507,1.0647231577202507,0.5907752366315102,True,False,230
Facundo Pellistri,Facundo Pellistri,Granada,LaLiga,2023-2024,"MF,FW",MID,21.801505817932924,1232,0.85,exact_age_validated,8000000.0,15.89495209964411,16.619759,16514659.51694177,-0.7248069003558886,0.7248069003558886,0.7248069003558886,0.8764440213512918,8514659.51694177,1.0643324396177214,1.0643324396177214,0.5904455374310894,True,False,231
Issa Kaboré,Issa Kaboré,Luton Town,Premier League,2023-2024,"MF,DF",DEF,22.60369609856263,1729,0.85,exact_age_validated,10000000.0,16.11809565095832,16.842535,20635738.309389293,-0.7244393490416812,0.7244393490416812,0.7244393490416812,0.8760158444740407,10635738.309389293,1.0635738309389293,1.0635738309389293,0.5898054015550936,True,False,232
Dango Ouattara,Dango Ouattara,Bournemouth,Premier League,2023-2024,"DF,MF",DEF,21.8507871321013,1229,0.85,exact_age_validated,20000000.0,16.811242831518264,17.533848,41195846.659387685,-0.722605168481735,0.722605168481735,0.722605168481735,0.8738791259421911,21195846.659387685,1.0597923329693844,1.0597923329693844,0.5866144645371236,True,False,233
Kike Salas,Kike Salas,Sevilla,LaLiga,2024-2025,DF,DEF,22.469541409993155,2238,0.85,exact_age_validated,8000000.0,15.89495209964411,16.611256,16374830.691798765,-0.7163039003558911,0.7163039003558911,0.7163039003558911,0.8665384983765828,8374830.691798765,1.0468538364748456,1.0468538364748456,0.5756965881416309,True,False,234
Calvin Twigt,Calvin Twigt,Go Ahead Eagles,Eredivisie,2024-2025,MF,MID,21.880903490759756,446,1.0,exact_age_club_validated,600000.0,13.304684934198283,14.019939,1226823.6637007862,-0.7152540658017177,0.7152540658017177,0.7152540658017177,0.8653154994002202,626823.6637007862,1.044706106167977,1.044706106167977,0.5738842713835638,True,False,235
Evann Guessand,Evann Guessand,Nice,Ligue 1,2023-2024,FW,ATT,22.46406570841889,1553,0.85,exact_age_validated,5000000.0,15.424948470398377,16.139208,10213367.914017035,-0.7142595296016232,0.7142595296016232,0.7142595296016232,0.8641569199365934,5213367.914017035,1.0426735828034068,1.0426735828034068,0.5721691695651496,True,False,236
Milan Smit,Milan Smit,Go Ahead Eagles,Eredivisie,2024-2025,FW,ATT,21.66735112936345,837,1.0,exact_age_club_validated,1000000.0,13.815510557964274,14.529565,2042254.6988058,-0.7140544420357262,0.7140544420357262,0.7140544420357262,0.8639180043073073,1042254.6988057999,1.0422546988058,1.0422546988058,0.5718157031703601,True,False,237
Bruno Rodrigues,Bruno Rodrigues,Chaves,Liga Portugal,2023-2024,DF,DEF,22.308008213552363,1352,1.0,exact_age_club_validated,1500000.0,14.22097566607244,14.925617,3034681.394910413,-0.7046413339275617,0.7046413339275617,0.7046413339275617,0.8529522559092275,1534681.3949104128,1.0231209299402753,1.0231209299402753,0.5556700773210275,True,False,238
Daniele Ghilardi,Daniele Ghilardi,Hellas Verona,Serie A,2024-2025,DF,DEF,21.949349760438057,2029,0.85,exact_age_validated,1600000.0,14.28551418721001,14.988192,3230643.8186636926,-0.7026778127899895,0.7026778127899895,0.7026778127899895,0.8506648627845005,1630643.8186636926,1.0191523866648078,1.0191523866648078,0.5523213060808755,True,False,239
Emilio Kehrer,Emilio Kehrer,Willem II,Eredivisie,2024-2025,"MF,FW",MID,22.746064339493497,979,0.85,exact_age_validated,500000.0,13.122363377404328,13.822228,1006740.0546541065,-0.6998646225956726,0.6998646225956726,0.6998646225956726,0.8473876523761692,506740.0546541065,1.013480109308213,1.013480109308213,0.5475348748996024,True,False,240
Iker Muñoz,Iker Muñoz,Osasuna,LaLiga,2024-2025,MF,MID,22.310746064339494,610,0.85,exact_age_validated,3000000.0,14.914122846632385,15.613451,6037200.686626427,-0.699328153367615,0.699328153367615,0.699328153367615,0.8467626955063879,3037200.686626427,1.0124002288754756,1.0124002288754756,0.5466236406544553,True,False,241
Sergio Camello,Sergio Camello,Rayo Vallecano,LaLiga,2023-2024,FW,ATT,22.6694045174538,1661,0.85,exact_age_validated,5000000.0,15.424948470398377,16.121454,10033639.946139881,-0.6965055296016232,0.6965055296016232,0.6965055296016232,0.8434744955107393,5033639.946139881,1.0067279892279763,1.0067279892279763,0.5418372412932042,True,False,242
Beñat Prados,Beñat Prados,Athletic Club,LaLiga,2023-2024,MF,MID,22.67488021902806,1449,1.0,exact_age_club_validated,1500000.0,14.22097566607244,14.91298,2996573.418504362,-0.6920043339275601,0.6920043339275601,0.6920043339275601,0.8382308524244043,1496573.418504362,0.9977156123362413,0.9977156123362413,0.5342323378196753,True,False,243
Antoine Mendy,Antoine Mendy,Nice,Ligue 1,2024-2025,"DF,MF",DEF,20.36413415468857,825,0.85,exact_age_validated,2000000.0,14.50865773852422,15.199631,3991313.768666247,-0.6909732614757793,0.6909732614757793,0.6909732614757793,0.8370297102557924,1991313.768666247,0.9956568843331235,0.9956568843331235,0.532495123771701,True,False,244
Vivaldo Semedo,Vivaldo Semedo,Volendam,Eredivisie,2023-2024,FW,ATT,18.8911704312115,626,0.85,exact_age_validated,500000.0,13.122363377404328,13.811668,996164.8152146004,-0.6893046225956709,0.6893046225956709,0.6893046225956709,0.8350858385912726,496164.8152146004,0.9923296304292009,0.9923296304292009,0.5296874909934427,True,False,245
Loum Tchaouna,Loum Tchaouna,Salernitana,Serie A,2023-2024,"MF,FW",MID,20.09034907597536,2100,0.85,exact_age_validated,2400000.0,14.690979295318174,15.373086,4747297.183210796,-0.6821067046818268,0.6821067046818268,0.6821067046818268,0.8267006637981791,2347297.1832107957,0.9780404930044982,0.9780404930044982,0.5176299048382845,True,False,246
Jan Thielmann,Jan Thielmann,Köln,Bundesliga,2023-2024,"FW,MF",MID,21.5523613963039,1579,0.85,exact_age_validated,6500000.0,15.687312734865866,16.368364,12843700.299140489,-0.6810512651341334,0.6810512651341334,0.6810512651341334,0.8254711353155145,6343700.299140489,0.9759538921754598,0.9759538921754598,0.515869170896146,True,False,247
Nelson Abbey,Nelson Abbey,Rio Ave,Liga Portugal,2024-2025,DF,DEF,21.34154688569473,635,0.85,exact_age_validated,500000.0,13.122363377404328,13.797684,982331.3951407707,-0.675320622595672,0.675320622595672,0.675320622595672,0.8187952548821862,482331.3951407707,0.9646627902815414,0.9646627902815414,0.5063414135636966,True,False,248
Boubacar Traoré,Boubacar Traoré,Wolves,Premier League,2023-2024,MF,MID,22.32991101984942,819,0.85,exact_age_validated,6000000.0,15.60727002719233,16.275402,11703540.95843498,-0.6681319728076698,0.6681319728076698,0.6681319728076698,0.8104208769411989,5703540.95843498,0.9505901597391634,0.9505901597391634,0.49446652215834874,True,False,249
Melvin Bard,Melvin Bard,Nice,Ligue 1,2023-2024,DF,DEF,22.94045174537988,2654,0.85,exact_age_validated,9000000.0,16.012735135300492,16.678751,17518201.77865085,-0.6660158646995065,0.6660158646995065,0.6660158646995065,0.8079557284662623,8518201.77865085,0.9464668642945389,0.9464668642945389,0.49098716657592006,True,False,250
Filippo Ranocchia,Filippo Ranocchia,Empoli,Serie A,2023-2024,MF,MID,22.60095824777549,476,1.0,exact_age_club_validated,2000000.0,14.50865773852422,15.1731615,3887051.6592171243,-0.66450376147578,0.66450376147578,0.66450376147578,0.8061942121516958,1887051.6592171243,0.9435258296085621,0.9435258296085621,0.4885054367095553,True,False,251
Lucien Agoume,Lucien Agoumé,Sevilla,LaLiga,2023-2024,MF,MID,21.859000684462696,777,0.85,exact_age_validated,6000000.0,15.60727002719233,16.265757,11591202.926909942,-0.6584869728076708,0.6584869728076708,0.6584869728076708,0.7991849873620989,5591202.926909942,0.9318671544849904,0.9318671544849904,0.47866751048774986,True,False,252
James Hill,James Hill,Bournemouth,Premier League,2024-2025,DF,DEF,22.93223819301848,448,0.85,exact_age_validated,2000000.0,14.50865773852422,15.167128,3863669.741363112,-0.6584702614757791,0.6584702614757791,0.6584702614757791,0.7991655195881379,1863669.7413631119,0.9318348706815559,0.9318348706815559,0.47864026848357855,True,False,253
Willy Kambwala,Willy Kambwala,Villarreal,LaLiga,2024-2025,DF,DEF,20.33949349760438,1117,0.85,exact_age_validated,4000000.0,15.201804919084164,15.857371,7704930.449310311,-0.6555660809158361,0.6555660809158361,0.6555660809158361,0.7957823104549816,3704930.449310311,0.9262326123275778,0.9262326123275778,0.47391292135555896,True,False,254
Amin Sarr,Amin Sarr,Wolfsburg,Bundesliga,2023-2024,"MF,FW",MID,22.75975359342916,386,0.85,exact_age_validated,4000000.0,15.201804919084164,15.856526,7698422.533062493,-0.6547210809158361,0.6547210809158361,0.6547210809158361,0.7947979323632925,3698422.5330624934,0.9246056332656234,0.9246056332656234,0.47254002951267987,True,False,255
Leonidas Stergiou,Leonidas Stergiou,Stuttgart,Bundesliga,2024-2025,DF,DEF,22.80082135523614,852,0.85,exact_age_validated,5000000.0,15.424948470398377,16.076435,9591952.273305176,-0.6514865296016232,0.6514865296016232,0.6514865296016232,0.7910298596412155,4591952.273305176,0.9183904546610352,0.9183904546610352,0.4672954826049732,True,False,256
Carlos Romero,Carlos Romero,Espanyol,LaLiga,2024-2025,"DF,MF",DEF,22.951403148528406,2554,0.85,exact_age_validated,2500000.0,14.73180128983843,15.3807335,4783741.314047532,-0.6489322101615702,0.6489322101615702,0.6489322101615702,0.7880542192909629,2283741.314047532,0.9134965256190128,0.9134965256190128,0.46316584417351686,True,False,257
Eric García,Eric García,Girona,LaLiga,2023-2024,DF,DEF,22.757015742642025,2637,0.85,exact_age_validated,12000000.0,16.300417207752275,16.94775,22925261.894247454,-0.6473327922477239,0.6473327922477239,0.6473327922477239,0.7861909862094892,10925261.894247454,0.9104384911872878,0.9104384911872878,0.4605853865482567,True,False,258
Amadou Koné,Amadou Koné,Reims,Ligue 1,2024-2025,MF,MID,19.575633127994525,1293,0.85,exact_age_validated,1000000.0,13.815510557964274,14.461861,1908562.6930266682,-0.6463504420357271,0.6463504420357271,0.6463504420357271,0.785046602745518,908562.6930266682,0.9085626930266681,0.9085626930266681,0.45900253397576635,True,False,259
Wouter Prins,Wouter Prins,Groningen,Eredivisie,2024-2025,DF,DEF,20.68720054757016,1662,0.85,exact_age_validated,500000.0,13.122363377404328,13.768359,953942.8090037056,-0.645995622595672,0.645995622595672,0.645995622595672,0.7846332577948723,453942.8090037056,0.9078856180074113,0.9078856180074113,0.45843119855253206,True,False,260
Mika Mármol,Mika Mármol,Las Palmas,LaLiga,2023-2024,DF,DEF,22.28062970568104,3178,1.0,exact_age_club_validated,2500000.0,14.73180128983843,15.377541,4768493.572061071,-0.6457397101615712,0.6457397101615712,0.6457397101615712,0.7843351340155591,2268493.572061071,0.9073974288244284,0.9073974288244284,0.458019250444058,True,False,261
Milos Kerkez,Milos Kerkez,Bournemouth,Premier League,2024-2025,DF,DEF,21.1088295687885,3336,0.85,exact_age_validated,28000000.0,17.14771506813948,17.791195,53286575.999798104,-0.6434799318605187,0.6434799318605187,0.6434799318605187,0.7817026177414403,25286575.999798104,0.9030919999927894,0.9030919999927894,0.4543862054582463,True,False,262
Oscar Uddenäs,Oscar Uddenäs,Excelsior,Eredivisie,2023-2024,"MF,FW",MID,21.16632443531828,470,0.85,exact_age_validated,900000.0,13.710150042306449,14.348815,1704555.6177877022,-0.6386649576935515,0.6386649576935515,0.6386649576935515,0.7760934401295929,804555.6177877022,0.8939506864307802,0.8939506864307802,0.44667250150473187,True,False,263
Patrick Dorgu,Patrick Dorgu,Lecce,Serie A,2023-2024,"MF,DF",DEF,18.95687885010267,1564,0.85,exact_age_validated,2500000.0,14.73180128983843,15.367388,4720324.003428662,-0.6355867101615704,0.6355867101615704,0.6355867101615704,0.7725074526369564,2220324.003428662,0.8881296013714649,0.8881296013714649,0.4417605020933566,True,False,264
Jon Pacheco,Jon Pacheco,Real Sociedad,LaLiga,2023-2024,DF,DEF,22.50513347022587,1526,0.85,exact_age_validated,8000000.0,15.89495209964411,16.529472,15088931.201924866,-0.6345199003558886,0.6345199003558886,0.6345199003558886,0.7712646784349301,7088931.201924866,0.8861164002406082,0.8861164002406082,0.4400617049328645,True,False,265
Ricardo Pepi,Ricardo Pepi,PSV,Eredivisie,2023-2024,MF,MID,20.930869267624917,484,0.85,exact_age_validated,11000000.0,16.213405830762646,16.843126,20647937.63527586,-0.6297201692373555,0.6297201692373555,0.6297201692373555,0.7656732581283242,9647937.63527586,0.8770852395705326,0.8770852395705326,0.4324409511655826,True,False,266
Matteo Ruggeri,Matteo Ruggeri,Atalanta,Serie A,2023-2024,MF,MID,21.25119780971937,2449,0.85,exact_age_validated,9000000.0,16.012735135300492,16.641233,16873130.44262206,-0.6284978646995079,0.6284978646995079,0.6284978646995079,0.7642493411952718,7873130.442622062,0.8747922714024513,0.8747922714024513,0.43050607851260636,True,False,267
Ben Old,Ben Old,Saint-Étienne,Ligue 1,2024-2025,"MF,FW",MID,22.151950718685832,528,1.0,exact_age_club_validated,800000.0,13.592367006650065,14.220585,1499414.1153414226,-0.628217993349935,0.628217993349935,0.628217993349935,0.7639233066094601,699414.1153414226,0.8742676441767783,0.8742676441767783,0.4300633829330987,True,False,268
Marvin Cuni,Marvin Cuni,Frosinone,Serie A,2023-2024,FW,ATT,22.444900752908968,534,0.85,exact_age_validated,1000000.0,13.815510557964274,14.443562,1873955.5084314912,-0.6280514420357264,0.6280514420357264,0.6280514420357264,0.7637292835741358,873955.5084314912,0.8739555084314912,0.8739555084314912,0.4297999937914702,True,False,269
Tom Lacoux,Tom Lacoux,Famalicão,Liga Portugal,2023-2024,MF,MID,21.919233401779604,364,0.85,exact_age_validated,1500000.0,14.22097566607244,14.846358,2803440.5817203447,-0.6253823339275613,0.6253823339275613,0.6253823339275613,0.7606199207977722,1303440.5817203447,0.8689603878135631,0.8689603878135631,0.4255849669906255,True,False,270
Mahamadou Diawara,Mahamadou Diawara,Lyon,Ligue 1,2023-2024,MF,MID,18.65845311430527,358,0.85,exact_age_validated,1000000.0,13.815510557964274,14.439791,1866902.1297132794,-0.624280442035726,0.624280442035726,0.624280442035726,0.7593362779128817,866902.1297132794,0.8669021297132794,0.8669021297132794,0.42384814946021115,True,False,271
Faride Alidou,Faride Alidou,Köln,Bundesliga,2023-2024,"MF,FW",MID,22.40657084188912,1282,0.85,exact_age_validated,1800000.0,14.403297222866392,15.027407,3359850.376015208,-0.6241097771336079,0.6241097771336079,0.6241097771336079,0.7591374627759998,1559850.3760152082,0.8665835422306712,0.8665835422306712,0.4235793161566094,True,False,272
Djevencio van der Kust,Djevencio van der Kust,Sparta Rotterdam,Eredivisie,2023-2024,DF,DEF,22.62559890485969,2504,0.85,exact_age_validated,1200000.0,13.997832114758229,14.618905,2233108.2342968076,-0.6210728852417713,0.6210728852417713,0.6210728852417713,0.7555996523083643,1033108.2342968076,0.860923528580673,0.860923528580673,0.41880323344455966,True,False,273
Christos Mandas,Christos Mandas,Lazio,Serie A,2023-2024,GK,GK,22.25598904859685,721,0.85,exact_age_validated,1000000.0,13.815510557964274,14.432859,1854005.5154580888,-0.6173484420357269,0.6173484420357269,0.6173484420357269,0.7512608827275714,854005.5154580888,0.8540055154580888,0.8540055154580888,0.41296561450586367,True,False,274
Daniel Fila,Daniel Fila,Venezia,Serie A,2024-2025,FW,ATT,22.33264887063655,492,0.85,exact_age_validated,1200000.0,13.997832114758229,14.61485,2224071.3151431736,-0.617017885241772,0.617017885241772,0.617017885241772,0.7508758024127451,1024071.3151431736,0.8533927626193113,0.8533927626193113,0.4124485559931081,True,False,275
Anthony Descotte,Anthony Descotte,Utrecht,Eredivisie,2024-2025,"FW,MF",MID,21.374401095140318,398,0.85,exact_age_validated,650000.0,13.38472764187182,13.99984,1202411.8828718252,-0.6151123581281812,0.6151123581281812,0.6151123581281812,0.7486559691065461,552411.8828718252,0.8498644351874235,0.8498644351874235,0.4094712515744349,True,False,276
Rayan Cherki,Rayan Cherki,Lyon,Ligue 1,2024-2025,"MF,FW",MID,21.14168377823409,2041,0.85,exact_age_validated,20000000.0,16.811242831518264,17.425566,36968102.34485784,-0.6143231684817358,0.6143231684817358,0.6143231684817358,0.7477366069785596,16968102.34485784,0.8484051172428921,0.8484051172428921,0.40823983701658095,True,False,277
Joe Scally,Joe Scally,Gladbach,Bundesliga,2024-2025,DF,DEF,21.971252566735117,2578,0.85,exact_age_validated,10000000.0,16.11809565095832,16.730013,18439635.332456063,-0.6119173490416792,0.6119173490416792,0.6119173490416792,0.7449339608846527,8439635.332456063,0.8439635332456064,0.8439635332456064,0.40449190037625854,True,False,278
Jakub Kamiński,Jakub Kaminski,Wolfsburg,Bundesliga,2024-2025,"MF,DF",DEF,22.54346338124572,1130,0.85,exact_age_validated,6000000.0,15.60727002719233,16.218884,11060425.220287336,-0.6116139728076693,0.6116139728076693,0.6116139728076693,0.7445805444132936,5060425.220287336,0.8434042033812227,0.8434042033812227,0.4040199217096317,True,False,279
Luca Netz,Luca Netz,Gladbach,Bundesliga,2023-2024,"MF,DF",DEF,20.583162217659137,2225,0.85,exact_age_validated,10000000.0,16.11809565095832,16.729126,18423286.62763867,-0.6110303490416804,0.6110303490416804,0.6110303490416804,0.7439006551245024,8423286.627638672,0.8423286627638672,0.8423286627638672,0.4031123495258331,True,False,280
Juho Talvitie,Juho Talvitie,Heracles Almelo,Eredivisie,2024-2025,MF,MID,19.731690622861056,1508,0.85,exact_age_validated,600000.0,13.304684934198283,13.909875,1098960.1802304578,-0.6051900658017164,0.6051900658017164,0.6051900658017164,0.7370970493603852,498960.1802304578,0.8316003003840964,0.8316003003840964,0.39405944802079096,True,False,281
Benedict Hollerbach,Benedict Hollerbach,Union Berlin,Bundesliga,2023-2024,"FW,MF",MID,22.420260095824776,1282,0.85,exact_age_validated,1800000.0,14.403297222866392,15.008187,3295890.6734552877,-0.6048897771336073,0.6048897771336073,0.6048897771336073,0.7367472297319011,1495890.6734552877,0.8310503741418265,0.8310503741418265,0.3935954044016367,True,False,282
Jakob Breum,Jakob Breum,Go Ahead Eagles,Eredivisie,2023-2024,"MF,FW",MID,20.076659822039694,1450,1.0,exact_age_club_validated,650000.0,13.38472764187182,13.986462,1186433.1368450848,-0.60173435812818,0.60173435812818,0.60173435812818,0.7330713417567037,536433.1368450848,0.8252817489924382,0.8252817489924382,0.3887276721748254,True,False,283
Hamzat Ojediran,Hamzat Ojediran,Lens,Ligue 1,2024-2025,MF,MID,20.89801505817933,416,0.85,exact_age_validated,1200000.0,13.997832114758229,14.599213,2189564.0104786125,-0.6013808852417721,0.6013808852417721,0.6013808852417721,0.7326595654663062,989564.0104786125,0.8246366753988438,0.8246366753988438,0.38818334047725656,True,False,284
Raul Paula,Raul Paula,NAC Breda,Eredivisie,2024-2025,"MF,FW",MID,20.720054757015745,742,0.85,exact_age_validated,500000.0,13.122363377404328,13.723492,912088.2228873738,-0.601128622595672,0.601128622595672,0.601128622595672,0.7323656934874038,412088.22288737376,0.8241764457747476,0.8241764457747476,0.38779498545072416,True,False,285
Luca Kerber,Luca Kerber,Heidenheim,Bundesliga,2024-2025,MF,MID,22.781656399726216,783,0.85,exact_age_validated,1300000.0,14.077874822431763,14.677202,2367161.225420271,-0.5993271775682363,0.5993271775682363,0.5993271775682363,0.730267110033688,1067161.225420271,0.8208932503232854,0.8208932503232854,0.3850245304649816,True,False,286
Bruno Amione,Bruno Amione,Hellas Verona,Serie A,2023-2024,DF,DEF,21.960301163586585,579,0.85,exact_age_validated,2700000.0,14.808762330974558,15.405983,4906066.21280121,-0.5972206690254431,0.5972206690254431,0.5972206690254431,0.727813144519509,2206066.2128012097,0.8170615602967443,0.8170615602967443,0.3817912399421394,True,False,287
Václav Sejk,Vaclav Sejk,Famalicão,Liga Portugal,2024-2025,FW,ATT,22.562628336755647,858,0.85,exact_age_validated,600000.0,13.304684934198283,13.900864,1089101.9330847554,-0.5961790658017172,0.5961790658017172,0.5961790658017172,0.7265997345861736,489101.93308475544,0.8151698884745924,0.8151698884745924,0.38019499271636564,True,False,288
Luciano Valente,Luciano Valente,Groningen,Eredivisie,2024-2025,MF,MID,21.02943189596167,2587,0.85,exact_age_validated,1000000.0,13.815510557964274,14.410673,1813325.4813195837,-0.5951624420357255,0.5951624420357255,0.5951624420357255,0.725415424334419,813325.4813195837,0.8133254813195837,0.8133254813195837,0.3786386287795012,True,False,289
Josué Casimir,Josué Casimir,Le Havre,Ligue 1,2023-2024,"MF,FW",MID,22.23134839151266,2016,0.85,exact_age_validated,2000000.0,14.50865773852422,15.102638,3622366.139589711,-0.5939802614757799,0.5939802614757799,0.5939802614757799,0.7240382496082283,1622366.139589711,0.8111830697948555,0.8111830697948555,0.37683080016315973,True,False,290
Yoann Cathline,Yoann Cathline,Almere City,Eredivisie,2023-2024,"MF,FW",MID,21.399041752224505,1718,0.85,exact_age_validated,1500000.0,14.22097566607244,14.813253,2712152.071412378,-0.5922773339275604,0.5922773339275604,0.5922773339275604,0.7220544335488189,1212152.071412378,0.8081013809415853,0.8081013809415853,0.37423038225497596,True,False,291
Thomas Kristensen,Thomas Kristensen,Udinese,Serie A,2024-2025,DF,DEF,22.91854893908282,1754,0.85,exact_age_validated,4500000.0,15.319587954740548,15.910935,8128890.480926086,-0.591347045259452,0.591347045259452,0.591347045259452,0.7209706988933959,3628890.480926086,0.8064201068724636,0.8064201068724636,0.37281167471957055,True,False,292
Pietro Pellegri,Pietro Pellegri,Torino,Serie A,2023-2024,"FW,MF",MID,22.75975359342916,756,0.85,exact_age_validated,3500000.0,15.068273526459642,15.65905,6318863.980214385,-0.5907764735403589,0.5907764735403589,0.5907764735403589,0.7203060145146827,2818863.9802143853,0.8053897086326816,0.8053897086326816,0.3719421949755507,True,False,293
Amad Diallo,Amad Diallo,Manchester Utd,Premier League,2024-2025,"MF,FW",MID,22.2258726899384,1901,0.85,exact_age_validated,22000000.0,16.90655301132259,17.497246,39715257.82865622,-0.5906929886774108,0.5906929886774108,0.5906929886774108,0.7202087592838262,17715257.82865622,0.8052389922116463,0.8052389922116463,0.371815016113901,True,False,294
Ilias Akhomach,Ilias Akhomach,Villarreal,LaLiga,2023-2024,MF,MID,19.68240930869268,1511,0.85,exact_age_validated,3000000.0,14.914122846632385,15.503694,5409644.84070776,-0.5895711533676149,0.5895711533676149,0.5895711533676149,0.7189018834241265,2409644.8407077603,0.8032149469025868,0.8032149469025868,0.370107068323173,True,False,295
Joe Scally,Joe Scally,Gladbach,Bundesliga,2023-2024,"DF,MF",DEF,20.95277207392197,2236,0.85,exact_age_validated,12000000.0,16.300417207752275,16.889843,21635434.183300957,-0.5894257922477237,0.5894257922477237,0.5894257922477237,0.7187325457888553,9635434.183300957,0.8029528486084131,0.8029528486084131,0.36988590222551515,True,False,296
Yorbe Vertessen,Yorbe Vertessen,PSV,Eredivisie,2023-2024,"FW,MF",MID,22.93223819301848,437,0.85,exact_age_validated,4000000.0,15.201804919084164,15.7883,7190706.598195158,-0.5864950809158351,0.5864950809158351,0.5864950809158351,0.7153184297791796,3190706.598195158,0.7976766495487895,0.7976766495487895,0.36543369333128234,True,False,297
Max Bruns,Max Bruns,Twente,Eredivisie,2023-2024,DF,DEF,20.944558521560573,566,0.85,exact_age_validated,500000.0,13.122363377404328,13.705016,895391.2029271426,-0.5826526225956723,0.5826526225956723,0.5826526225956723,0.7108421791417874,395391.2029271426,0.7907824058542853,0.7907824058542853,0.35961613172134,True,False,298
Anis Ben Slimane,Anis Ben Slimane,Sheffield United,Premier League,2023-2024,MF,MID,22.75975359342916,419,0.85,exact_age_validated,2500000.0,14.73180128983843,15.31294,4470183.42310702,-0.5811387101615697,0.5811387101615697,0.5811387101615697,0.709078555197567,1970183.4231070196,0.7880733692428078,0.7880733692428078,0.35733016851939764,True,False,299
Kobbie Mainoo,Kobbie Mainoo,Manchester Utd,Premier League,2023-2024,MF,MID,18.666666666666668,1924,0.85,exact_age_validated,6000000.0,15.60727002719233,16.182596,10666259.505414981,-0.5753259728076703,0.5753259728076703,0.5753259728076703,0.702307038861566,4666259.505414981,0.7777099175691635,0.7777099175691635,0.3485851891895915,True,False,300
Camiel Neghli,Camiel Neghli,Sparta Rotterdam,Eredivisie,2023-2024,"FW,MF",MID,21.65639972621492,1354,1.0,exact_age_club_validated,600000.0,13.304684934198283,13.879386,1065959.6167322889,-0.5747010658017171,0.5747010658017171,0.5747010658017171,0.7015790568899644,465959.61673228885,0.7765993612204815,0.7765993612204815,0.3476480697220971,True,False,301
Kevin Paredes,Kevin Paredes,Wolfsburg,Bundesliga,2023-2024,"MF,DF",DEF,20.605065023956197,1432,0.85,exact_age_validated,5000000.0,15.424948470398377,15.996221,8852593.279565493,-0.5712725296016234,0.5712725296016234,0.5712725296016234,0.6975850025444793,3852593.2795654926,0.7705186559130985,0.7705186559130985,0.34251699525981744,True,False,302
Tiago Gouveia,Tiago Gouveia,Benfica,Liga Portugal,2023-2024,MF,MID,22.5242984257358,537,0.85,exact_age_validated,3500000.0,15.068273526459642,15.639076,6193903.129599825,-0.5708024735403576,0.5708024735403576,0.5708024735403576,0.69703741332723,2693903.1295998245,0.7696866084570927,0.7696866084570927,0.3418148896261613,True,False,303
Mio Backhaus,Mio Backhaus,Volendam,Eredivisie,2023-2024,GK,GK,19.50171115674196,2881,0.85,exact_age_validated,700000.0,13.458835614025542,14.028269,1237085.7872241675,-0.5694333859744578,0.5694333859744578,0.5694333859744578,0.6954425023148328,537085.7872241675,0.7672654103202393,0.7672654103202393,0.33977181282830304,True,False,304
Mika Biereth,Mika Biereth,Monaco,Ligue 1,2024-2025,FW,ATT,21.856262833675565,1228,0.85,exact_age_validated,13000000.0,16.38045991542581,16.949184,22958160.30232482,-0.568724084574189,0.568724084574189,0.568724084574189,0.6946162055588222,9958160.30232482,0.7660123309480631,0.7660123309480631,0.33871442832424287,True,False,305
Santiago Mouriño,Santiago Mouriño,Alavés,LaLiga,2024-2025,DF,DEF,22.65845311430527,1849,0.85,exact_age_validated,2000000.0,14.50865773852422,15.076654,3529454.908039598,-0.5679962614757788,0.5679962614757788,0.5679962614757788,0.6937683320526681,1529454.9080395978,0.7647274540197989,0.7647274540197989,0.3376302121255424,True,False,306
Ernest Poku,Ernest Poku,AZ Alkmaar,Eredivisie,2024-2025,"MF,FW",MID,20.8870636550308,1536,0.85,exact_age_validated,1500000.0,14.22097566607244,14.786123,2639560.5422570086,-0.5651473339275608,0.5651473339275608,0.5651473339275608,0.6904494896109225,1139560.5422570086,0.7597070281713391,0.7597070281713391,0.3333938320415537,True,False,307
Dylan Nandín,Dylan Nandín,Arouca,Liga Portugal,2024-2025,FW,ATT,22.55989048596852,657,0.85,exact_age_validated,800000.0,13.592367006650065,14.15378,1402518.3498985092,-0.5614129933499346,0.5614129933499346,0.5614129933499346,0.6860991901416673,602518.3498985092,0.7531479373731366,0.7531479373731366,0.32785908210891546,True,False,308
Cisse Sandra,Cisse Sandra,Willem II,Eredivisie,2024-2025,"MF,FW",MID,20.829568788501028,1873,0.85,exact_age_validated,1300000.0,14.077874822431763,14.638923,2278261.0213836953,-0.561048177568237,0.561048177568237,0.561048177568237,0.6856742000079331,978261.0213836953,0.7525084779874579,0.7525084779874579,0.32731948784185944,True,False,309
Armin Gigovic,Armin Gigovic,Holstein Kiel,Bundesliga,2024-2025,MF,MID,22.510609171800137,1895,0.85,exact_age_validated,2500000.0,14.73180128983843,15.29208,4377901.2462834725,-0.5602787101615707,0.5602787101615707,0.5602787101615707,0.6847778131944525,1877901.2462834725,0.751160498513389,0.751160498513389,0.32618202389558426,True,False,310
Rémy Vita,Rémy Vita,Fortuna Sittard,Eredivisie,2023-2024,"DF,MF",DEF,22.704996577686515,592,0.85,exact_age_validated,700000.0,13.458835614025542,14.016498,1222609.4182415274,-0.5576623859744583,0.5576623859744583,0.5576623859744583,0.6817299407559324,522609.4182415274,0.746584883202182,0.746584883202182,0.3223209877680738,True,False,311
Noni Madueke,Noni Madueke,Chelsea,Premier League,2023-2024,MF,MID,21.77686516084873,1053,0.85,exact_age_validated,25000000.0,17.034386382832476,17.591171,43626311.4532225,-0.5567846171675228,0.5567846171675228,0.5567846171675228,0.6807073888232515,18626311.4532225,0.7450524581289,0.7450524581289,0.321027883307095,True,False,312
Matthis Abline,Matthis Abline,Nantes,Ligue 1,2023-2024,"FW,MF",MID,20.725530458590008,1044,0.85,exact_age_validated,4500000.0,15.319587954740548,15.875745,7847809.451089163,-0.556157045259452,0.556157045259452,0.556157045259452,0.6799763023886192,3347809.4510891633,0.7439576557975919,0.7439576557975919,0.32010405753369353,True,False,313
Couhaib Driouech,Couhaib Driouech,Excelsior,Eredivisie,2023-2024,"FW,MF",MID,21.50034223134839,1920,0.85,exact_age_validated,900000.0,13.710150042306449,14.263483,1565135.5631092708,-0.5533329576935522,0.5533329576935522,0.5533329576935522,0.6766863971473374,665135.5631092708,0.7390395145658564,0.7390395145658564,0.31595398815845127,True,False,314
Manfred Ugalde,Manfred Ugalde,Twente,Eredivisie,2023-2024,FW,ATT,21.557837097878167,1372,0.85,exact_age_validated,5000000.0,15.424948470398377,15.973052,8649845.348827757,-0.5481035296016223,0.5481035296016223,0.5481035296016223,0.6705944037204039,3649845.348827757,0.7299690697655514,0.7299690697655514,0.30830008530940933,True,False,315
Maxime Estève,Maxime Estève,Montpellier,Ligue 1,2023-2024,DF,DEF,21.56331279945243,995,0.85,exact_age_validated,7000000.0,15.761420707019589,16.308775,12100713.793192599,-0.5473542929804118,0.5473542929804118,0.5473542929804118,0.6697215846489118,5100713.793192599,0.7286733990275142,0.7286733990275142,0.3072067609828063,True,False,316
Festy Ebosele,Festy Ebosele,Udinese,Serie A,2023-2024,MF,MID,21.190965092402465,1700,0.85,exact_age_validated,4500000.0,15.319587954740548,15.866279,7773872.58211889,-0.5466910452594522,0.5466910452594522,0.5466910452594522,0.6689489378727281,3273872.5821188902,0.7275272404708645,0.7275272404708645,0.3062395993457166,True,False,317
Badredine Bouanani,Badredine Bouanani,Nice,Ligue 1,2024-2025,"MF,FW",MID,20.005475701574262,1099,0.85,exact_age_validated,5000000.0,15.424948470398377,15.9714985,8636418.24628063,-0.5465500296016224,0.5465500296016224,0.5465500296016224,0.6687846624595295,3636418.246280629,0.7272836492561259,0.7272836492561259,0.3060340500552973,True,False,318
Enzo Loiodice,Enzo Loiodice,Las Palmas,LaLiga,2023-2024,MF,MID,22.874743326488705,1790,1.0,exact_age_club_validated,2500000.0,14.73180128983843,15.277851,4316049.17954573,-0.5460497101615704,0.5460497101615704,0.5460497101615704,0.6682018180859991,1816049.1795457304,0.7264196718182921,0.7264196718182921,0.30530500098234326,True,False,319
Hugo Ekitike,Hugo Ekitiké,Eintracht Frankfurt,Bundesliga,2024-2025,FW,ATT,22.305270362765228,2563,0.85,exact_age_validated,30000000.0,17.216707939626428,17.762651,51787066.78032747,-0.545943060373574,0.545943060373574,0.545943060373574,0.6680775770034109,21787066.78032747,0.726235559344249,0.726235559344249,0.30514964156826296,True,False,320
Jacopo Fazzini,Jacopo Fazzini,Empoli,Serie A,2024-2025,MF,MID,21.760438056125945,1383,0.85,exact_age_validated,8000000.0,15.89495209964411,16.440426,13803406.948726533,-0.5454739003558888,0.5454739003558888,0.5454739003558888,0.6675310316271911,5803406.948726533,0.7254258685908166,0.7254258685908166,0.3044664011648452,True,False,321
Tiago Tomás,Tiago Tomás,Wolfsburg,Bundesliga,2023-2024,"FW,MF",MID,21.3388090349076,1032,0.85,exact_age_validated,8000000.0,15.89495209964411,16.440252,13801005.364861343,-0.5452999003558912,0.5452999003558912,0.5452999003558912,0.66732833128642,5801005.364861343,0.7251256706076679,0.7251256706076679,0.3042130854511085,True,False,322
Maghnes Akliouche,Maghnes Akliouche,Monaco,Ligue 1,2023-2024,MF,MID,21.637234770705,1613,0.85,exact_age_validated,8000000.0,15.89495209964411,16.438406,13775552.209448341,-0.5434539003558907,0.5434539003558907,0.5434539003558907,0.6651778437630373,5775552.209448341,0.7219440261810427,0.7219440261810427,0.30152832214812625,True,False,323
Chukwubuikem Ikwuemesi,Chukwubuikem Ikwuemesi,Salernitana,Serie A,2023-2024,FW,ATT,22.18206707734429,1061,0.85,exact_age_validated,1500000.0,14.22097566607244,14.759434,2570045.0862359726,-0.5384583339275615,0.5384583339275615,0.5384583339275615,0.6593582861918842,1070045.0862359726,0.7133633908239817,0.7133633908239817,0.2942877346298834,True,False,324
Lukas Ullrich,Lukas Ullrich,Gladbach,Bundesliga,2024-2025,DF,DEF,20.76386036960985,1903,0.85,exact_age_validated,3000000.0,14.914122846632385,15.446412,5108477.640074883,-0.532289153367616,0.532289153367616,0.532289153367616,0.6521715333079976,2108477.6400748827,0.7028258800249609,0.7028258800249609,0.2853958791914683,True,False,325
Luca Netz,Luca Netz,Gladbach,Bundesliga,2024-2025,DF,DEF,21.404517453798768,969,0.85,exact_age_validated,8000000.0,15.89495209964411,16.425611,13600416.83678243,-0.5306589003558901,0.5306589003558901,0.5306589003558901,0.6502723790492368,5600416.836782429,0.7000521045978036,0.7000521045978036,0.28305528751025244,True,False,326
Oscar Vilhelmsson,Oscar Vilhelmsson,Darmstadt 98,Bundesliga,2023-2024,FW,ATT,20.043805612594117,1374,1.0,exact_age_club_validated,2000000.0,14.50865773852422,15.037203,3392925.206325086,-0.5285452614757791,0.5285452614757791,0.5285452614757791,0.6478101070879073,1392925.2063250858,0.6964626031625429,0.6964626031625429,0.2800263627037139,True,False,327
Elliot Anderson,Elliot Anderson,Nottingham Forest,Premier League,2024-2025,MF,MID,21.90280629705681,2728,1.0,exact_age_club_validated,22000000.0,16.90655301132259,17.434576,37302690.00089022,-0.5280229886774102,0.5280229886774102,0.5280229886774102,0.6472016882706298,15302690.000890218,0.6955768182222827,0.6955768182222827,0.27927891183144044,True,False,328
Joris Chotard,Joris Chotard,Montpellier,Ligue 1,2023-2024,MF,MID,22.23134839151266,2587,0.85,exact_age_validated,10000000.0,16.11809565095832,16.64485,16934271.061585493,-0.5267543490416813,0.5267543490416813,0.5267543490416813,0.6457237935207365,6934271.061585493,0.6934271061585493,0.6934271061585493,0.2774649228097912,True,False,329
Rémy Labeau Lascary,Rémy Labeau Lascary,Lens,Ligue 1,2024-2025,"MF,FW",MID,21.598904859685145,637,0.85,exact_age_validated,1500000.0,14.22097566607244,14.745764,2535151.610189665,-0.5247883339275603,0.5247883339275603,0.5247883339275603,0.6434334950517777,1035151.6101896651,0.6901010734597768,0.6901010734597768,0.2746583205196493,True,False,330
Adama Boiro,Adama Boiro,Athletic Club,LaLiga,2024-2025,DF,DEF,22.305270362765228,1101,1.0,exact_age_club_validated,1500000.0,14.22097566607244,14.743537,2529512.1094685993,-0.5225613339275608,0.5225613339275608,0.5225613339275608,0.6408391636787707,1029512.1094685993,0.6863414063123996,0.6863414063123996,0.2714858049788687,True,False,331
Oussama Targhalline,Oussama Targhalline,Le Havre,Ligue 1,2024-2025,MF,MID,22.55989048596852,990,0.85,exact_age_validated,3000000.0,14.914122846632385,15.435525,5053163.294001716,-0.5214021533676156,0.5214021533676156,0.5214021533676156,0.6394887826757863,2053163.2940017162,0.6843877646672387,0.6843877646672387,0.26983726582967493,True,False,332
Tom Krauß,Tom Krauß,Mainz 05,Bundesliga,2023-2024,MF,MID,22.321697467488026,1346,0.85,exact_age_validated,5500000.0,15.5202586502027,16.038267,9232745.350402996,-0.5180083497973005,0.5180083497973005,0.5180083497973005,0.6355351899158879,3732745.350402996,0.6786809728005447,0.6786809728005447,0.26502171030962923,True,False,333
Niccolò Pierozzi,Niccolò Pierozzi,Salernitana,Serie A,2023-2024,DF,DEF,22.269678302532512,871,0.85,exact_age_validated,1600000.0,14.28551418721001,14.798068,2671279.1552087176,-0.5125538127899905,0.5125538127899905,0.5125538127899905,0.6291809570989614,1071279.1552087176,0.6695494720054485,0.6695494720054485,0.2573162866517656,True,False,334
Ander Barrenetxea,Ander Barrenetxea,Real Sociedad,LaLiga,2023-2024,"MF,FW",MID,21.793292265571527,1427,0.85,exact_age_validated,15000000.0,16.523560759066484,17.03381,24985594.581104986,-0.5102492409335149,0.5102492409335149,0.5102492409335149,0.6264962588193902,9985594.581104986,0.665706305406999,0.665706305406999,0.2540733118666453,True,False,335
Luka Romero,Luka Romero,Almería,LaLiga,2023-2024,MF,MID,19.08555783709788,438,0.85,exact_age_validated,3000000.0,14.914122846632385,15.421286,4981721.141329767,-0.5071631533676157,0.5071631533676157,0.5071631533676157,0.6229011381224612,1981721.1413297672,0.660573713776589,0.660573713776589,0.24974228306179075,True,False,336
Nick Woltemade,Nick Woltemade,Werder Bremen,Bundesliga,2023-2024,"FW,MF",MID,21.67282683093772,1189,0.85,exact_age_validated,2000000.0,14.50865773852422,15.013377,3313040.8121640016,-0.5047192614757794,0.5047192614757794,0.5047192614757794,0.6200541397357392,1313040.8121640016,0.6565204060820008,0.6565204060820008,0.2463219851607871,True,False,337
Otso Liimatta,Otso Liimatta,Famalicão,Liga Portugal,2023-2024,MF,MID,19.04722792607803,464,0.85,exact_age_validated,600000.0,13.304684934198283,13.804609,989157.6486752331,-0.4999240658017161,0.4999240658017161,0.4999240658017161,0.6144680029701655,389157.6486752331,0.6485960811253886,0.6485960811253886,0.2396352112817256,True,False,338
Christantus Uche,Christantus Uche,Getafe,LaLiga,2024-2025,"FW,MF",MID,21.399041752224505,2486,0.85,exact_age_validated,5000000.0,15.424948470398377,15.9117775,8135741.9569352595,-0.48682902960162266,0.48682902960162266,0.48682902960162266,0.5992130127391044,3135741.9569352595,0.6271483913870519,0.6271483913870519,0.22153703228303934,True,False,339
Diego López,Diego López,Valencia,LaLiga,2024-2025,MF,MID,22.414784394250518,2737,0.85,exact_age_validated,12000000.0,16.300417207752275,16.783297,19448820.820587255,-0.4828797922477257,0.4828797922477257,0.4828797922477257,0.5946123704550145,7448820.820587255,0.6207350683822712,0.6207350683822712,0.21612528541738762,True,False,340
Morgan Rogers,Morgan Rogers,Aston Villa,Premier League,2024-2025,MF,MID,22.184804928131417,3114,0.85,exact_age_validated,22000000.0,16.90655301132259,17.389387,35654538.36185338,-0.48283398867740956,0.48283398867740956,0.48283398867740956,0.5945590118382803,13654538.361853383,0.6206608346296992,0.6206608346296992,0.21606264483659862,True,False,341
Zidane Iqbal,Zidane Iqbal,Utrecht,Eredivisie,2024-2025,MF,MID,21.642710472279266,1449,0.85,exact_age_validated,1000000.0,13.815510557964274,14.297252,1618891.153982874,-0.48174144203572666,0.48174144203572666,0.48174144203572666,0.5932862556510365,618891.153982874,0.618891153982874,0.618891153982874,0.21456933728191566,True,False,342
Dario Essugo,Dário Essugo,Las Palmas,LaLiga,2024-2025,MF,MID,19.789185489390828,1938,0.85,exact_age_validated,8000000.0,15.89495209964411,16.375532,12936094.688773809,-0.48057990035588993,0.48057990035588993,0.48057990035588993,0.5919331240744508,4936094.688773809,0.6170118360967262,0.6170118360967262,0.212983514663541,True,False,343
Danilo Veiga,Danilo Veiga,Lecce,Serie A,2024-2025,"MF,DF",DEF,22.2340862422998,374,0.85,exact_age_validated,1000000.0,13.815510557964274,14.295514,1616079.964788296,-0.4800034420357271,0.4800034420357271,0.4800034420357271,0.5912615821322731,616079.964788296,0.6160799647882961,0.6160799647882961,0.21219717478500566,True,False,344
Assane Diao,Assane Diao,Como,Serie A,2024-2025,"MF,FW",MID,19.30458590006845,1252,0.85,exact_age_validated,9000000.0,16.012735135300492,16.492615,14542922.396434404,-0.47987986469950883,0.47987986469950883,0.47987986469950883,0.591117621395702,5542922.396434404,0.6158802662704893,0.6158802662704893,0.21202866341780796,True,False,345
Zico Buurmeester,Zico Buurmeester,AZ Alkmaar,Eredivisie,2024-2025,MF,MID,22.354551676933607,1195,0.85,exact_age_validated,1200000.0,13.997832114758229,14.477675,1938984.6155991654,-0.4798428852417711,0.4798428852417711,0.4798428852417711,0.5910745423802706,738984.6155991654,0.6158205129993045,0.6158205129993045,0.21197824188472664,True,False,346
Jajá,Jajá,Casa Pia,Liga Portugal,2023-2024,FW,ATT,22.699520876112253,429,0.85,exact_age_validated,600000.0,13.304684934198283,13.783278,968281.3743480232,-0.4785930658017161,0.4785930658017161,0.4785930658017161,0.5896185721135757,368281.3743480232,0.6138022905800387,0.6138022905800387,0.21027520761629695,True,False,347
Mikel Jauregizar,Mikel Jauregizar,Athletic Club,LaLiga,2024-2025,MF,MID,20.91170431211499,2244,1.0,exact_age_club_validated,3000000.0,14.914122846632385,15.390791,4832096.551104931,-0.4766681533676156,0.4766681533676156,0.4766681533676156,0.5873761559851162,1832096.5511049312,0.6106988503683104,0.6106988503683104,0.20765643528469316,True,False,348
Anthony Oyono,Anthony Oyono,Frosinone,Serie A,2023-2024,"DF,MF",DEF,22.49691991786448,1198,1.0,exact_age_club_validated,1500000.0,14.22097566607244,14.697243,2415080.070486183,-0.47626733392756115,0.47626733392756115,0.47626733392756115,0.5869092235880599,915080.0704861828,0.6100533803241219,0.6100533803241219,0.2071117690506823,True,False,349
James Garner,James Garner,Everton,Premier League,2023-2024,MF,MID,22.32991101984942,3004,0.85,exact_age_validated,16000000.0,16.588099280204055,17.059978,25648047.350574158,-0.47187871979594576,0.47187871979594576,0.47187871979594576,0.5817967317489603,9648047.350574158,0.6030029594108849,0.6030029594108849,0.20116242060054285,True,False,350
Brian Brobbey,Brian Brobbey,Ajax,Eredivisie,2023-2024,FW,ATT,21.867214236824093,2405,0.85,exact_age_validated,15000000.0,16.523560759066484,16.992655,23978184.60134441,-0.46909424093351504,0.46909424093351504,0.46909424093351504,0.5785529684484303,8978184.60134441,0.5985456400896274,0.5985456400896274,0.1974012060401593,True,False,351
Antoine Mendy,Antoine Mendy,Nice,Ligue 1,2023-2024,DF,DEF,19.55920602327173,418,0.85,exact_age_validated,800000.0,13.592367006650065,14.059571,1276421.4776705196,-0.46720399334993523,0.46720399334993523,0.46720399334993523,0.5763509349464846,476421.4776705196,0.5955268470881495,0.5955268470881495,0.19485386146518294,True,False,352
Raúl Moro,Raúl Moro,Valladolid,LaLiga,2024-2025,"MF,FW",MID,21.8507871321013,2341,0.85,exact_age_validated,4000000.0,15.201804919084164,15.667714,6373848.466583948,-0.4659090809158357,0.4659090809158357,0.4659090809158357,0.574842433844966,2373848.4665839477,0.5934621166459869,0.5934621166459869,0.1931115823860753,True,False,353
Mattia Viti,Mattia Viti,Sassuolo,Serie A,2023-2024,DF,DEF,21.90280629705681,979,0.85,exact_age_validated,6000000.0,15.60727002719233,16.071058,9540514.759617778,-0.4637879728076708,0.4637879728076708,0.4637879728076708,0.5723714606475915,3540514.7596177775,0.5900857932696296,0.5900857932696296,0.19026254337216508,True,False,354
Rayan Aït-Nouri,Rayan Aït-Nouri,Wolves,Premier League,2023-2024,"MF,DF",DEF,22.340862422997947,2329,0.85,exact_age_validated,25000000.0,17.034386382832476,17.497845,39739054.39445557,-0.46345861716752523,0.46345861716752523,0.46345861716752523,0.5719877796102737,14739054.394455567,0.5895621757782227,0.5895621757782227,0.18982069983554456,True,False,355
Andrew,Andrew,Gil Vicente FC,Liga Portugal,2023-2024,GK,GK,22.48870636550308,2880,0.85,exact_age_validated,2500000.0,14.73180128983843,15.195134,3973405.128406715,-0.46333271016156985,0.46333271016156985,0.46333271016156985,0.5718411049377854,1473405.128406715,0.589362051362686,0.589362051362686,0.18965182908356257,True,False,356
Matteo Cancellieri,Matteo Cancellieri,Parma,Serie A,2024-2025,"MF,FW",MID,22.847364818617383,1424,0.85,exact_age_validated,5000000.0,15.424948470398377,15.886098,7929479.859723656,-0.4611495296016237,0.4611495296016237,0.4611495296016237,0.569297820779901,2929479.8597236564,0.5858959719447313,0.5858959719447313,0.18672705133383222,True,False,357
Sergi Altimira,Sergi Altimira,Real Betis,LaLiga,2023-2024,MF,MID,22.132785763175907,568,0.85,exact_age_validated,2000000.0,14.50865773852422,14.966748,3162103.4093624894,-0.45809026147578,0.45809026147578,0.45809026147578,0.5657339432418146,1162103.4093624894,0.5810517046812447,0.5810517046812447,0.18263931894299354,True,False,358
Leonidas Stergiou,Leonidas Stergiou,Stuttgart,Bundesliga,2023-2024,DF,DEF,21.782340862423,594,0.85,exact_age_validated,2000000.0,14.50865773852422,14.966595,3161619.6445498057,-0.45793726147577907,0.45793726147577907,0.45793726147577907,0.5655557067352709,1161619.6445498057,0.5808098222749029,0.5808098222749029,0.1824352115943693,True,False,359
Hugo Sotelo,Hugo Sotelo,Celta Vigo,LaLiga,2024-2025,MF,MID,21.02395619438741,1254,0.85,exact_age_validated,5000000.0,15.424948470398377,15.882695,7902541.701034259,-0.4577465296016232,0.4577465296016232,0.4577465296016232,0.5653335146899386,2902541.701034259,0.5805083402068518,0.5805083402068518,0.18218081233276823,True,False,360
Khalil Fayad,Khalil Fayad,Montpellier,Ligue 1,2023-2024,MF,MID,19.52361396303901,1025,1.0,exact_age_club_validated,5000000.0,15.424948470398377,15.882383,7900076.492616054,-0.457434529601624,0.457434529601624,0.457434529601624,0.5649700520099312,2900076.4926160537,0.5800152985232108,0.5800152985232108,0.1817647695443275,True,False,361
Moïse Sahi Dion,Moïse Sahi Dion,Strasbourg,Ligue 1,2023-2024,"MF,FW",MID,21.99315537303217,628,0.85,exact_age_validated,2000000.0,14.50865773852422,14.95471,3124266.2075637076,-0.4460522614757796,0.4460522614757796,0.4460522614757796,0.551710341504829,1124266.2075637076,0.5621331037818538,0.5621331037818538,0.16667525802738475,True,False,362
Tika de Jonge,Tika de Jonge,Groningen,Eredivisie,2024-2025,MF,MID,21.59616700889801,1271,0.85,exact_age_validated,500000.0,13.122363377404328,13.56454,778045.2784586268,-0.4421766225956709,0.4421766225956709,0.4421766225956709,0.5471954373570455,278045.2784586268,0.5560905569172536,0.5560905569172536,0.16157638275934083,True,False,363
Gvidas Gineitis,Gvidas Gineitis,Torino,Serie A,2023-2024,MF,MID,19.679671457905545,538,0.85,exact_age_validated,1000000.0,13.815510557964274,14.253333,1549329.7871523376,-0.43782244203572596,0.43782244203572596,0.43782244203572596,0.5421230587174384,549329.7871523376,0.5493297871523376,0.5493297871523376,0.15587145029961544,True,False,364
Justin Njinmah,Justin Njinmah,Werder Bremen,Bundesliga,2023-2024,FW,ATT,22.921286789869956,1016,0.85,exact_age_validated,3000000.0,14.914122846632385,15.351011,4643648.82563956,-0.4368881533676152,0.4368881533676152,0.4368881533676152,0.5410346642840638,1643648.82563956,0.5478829418798533,0.5478829418798533,0.15465056054205714,True,False,365
Riccardo Calafiori,Riccardo Calafiori,Bologna,Serie A,2023-2024,DF,DEF,21.39630390143737,2349,0.85,exact_age_validated,5000000.0,15.424948470398377,15.861244,7734829.507091739,-0.43629552960162243,0.43629552960162243,0.43629552960162243,0.5403442904948833,2734829.507091739,0.5469659014183479,0.5469659014183479,0.153876735359772,True,False,366
Naci Ünüvar,Naci Ünüvar,Twente,Eredivisie,2023-2024,MF,MID,20.50650239561944,508,0.85,exact_age_validated,2500000.0,14.73180128983843,15.161026,3840165.413237184,-0.42922471016157004,0.42922471016157004,0.42922471016157004,0.5321071783681657,1340165.4132371838,0.5360661652948735,0.5360661652948735,0.14467922374860373,True,False,367
Julian Baas,Julian Baas,Excelsior,Eredivisie,2023-2024,MF,MID,21.66461327857632,2882,0.85,exact_age_validated,1300000.0,14.077874822431763,14.505724,1994141.121362739,-0.4278491775682376,0.4278491775682376,0.4278491775682376,0.530504759256591,694141.121362739,0.5339547087405685,0.5339547087405685,0.14289751582882454,True,False,368
Noni Madueke,Noni Madueke,Chelsea,Premier League,2024-2025,MF,MID,22.562628336755647,2033,0.85,exact_age_validated,35000000.0,17.37085861945369,17.798626,53684023.43307998,-0.42776738054631025,0.42776738054631025,0.42776738054631025,0.5304094702668269,18684023.43307998,0.5338292409451423,0.5338292409451423,0.14279164248545295,True,False,369
Jack Hinshelwood,Jack Hinshelwood,Brighton,Premier League,2024-2025,"MF,DF",DEF,19.47433264887064,1842,0.85,exact_age_validated,20000000.0,16.811242831518264,17.238125,30649441.551467527,-0.4268821684817361,0.4268821684817361,0.4268821684817361,0.5293782473521931,10649441.551467527,0.5324720775733763,0.5324720775733763,0.1416464289015033,True,False,370
Mamadou Diakhon,Mamadou Diakhon,Reims,Ligue 1,2024-2025,"MF,FW",MID,19.21697467488022,858,0.85,exact_age_validated,1500000.0,14.22097566607244,14.644861,2291829.5805119746,-0.42388533392756145,0.42388533392756145,0.42388533392756145,0.525887101459239,791829.5805119746,0.5278863870079831,0.5278863870079831,0.1377768909840124,True,False,371
Saidou Sow,Saïdou Sow,Strasbourg,Ligue 1,2023-2024,DF,DEF,21.28405201916496,719,0.85,exact_age_validated,3000000.0,14.914122846632385,15.336037,4574632.840368906,-0.42191415336761473,0.42191415336761473,0.42191415336761473,0.5235907855326416,1574632.840368906,0.524877613456302,0.524877613456302,0.13523800110966364,True,False,372
Fabio Miretti,Fabio Miretti,Genoa,Serie A,2024-2025,MF,MID,21.377138945927445,1677,0.85,exact_age_validated,12000000.0,16.300417207752275,16.715843,18180188.223720983,-0.41542579224772425,0.41542579224772425,0.41542579224772425,0.5160322050150239,6180188.223720983,0.5150156853100819,0.5150156853100819,0.12691622179263795,True,False,373
Adam Hložek,Adam Hlozek,Hoffenheim,Bundesliga,2024-2025,"FW,MF",MID,22.209445585215605,1871,0.85,exact_age_validated,18000000.0,16.70588231586044,17.121267,27269161.328906942,-0.41538468413956053,0.41538468413956053,0.41538468413956053,0.5159843163510391,9269161.328906942,0.5149534071614967,0.5149534071614967,0.12686366969520685,True,False,374
Juanlu Sánchez,Juanlu Sánchez,Sevilla,LaLiga,2024-2025,"MF,DF",DEF,21.36892539356605,1722,0.85,exact_age_validated,12000000.0,16.300417207752275,16.712435,18118335.598992486,-0.41201779224772395,0.41201779224772395,0.41201779224772395,0.5120620742026257,6118335.598992486,0.5098612999160405,0.5098612999160405,0.12256680278165544,True,False,375
Arne Engels,Arne Engels,Augsburg,Bundesliga,2023-2024,"MF,DF",DEF,20.265571526351813,1405,0.85,exact_age_validated,7500000.0,15.83041357850654,16.241737,11316099.45219395,-0.41132342149346,0.41132342149346,0.41132342149346,0.5112531708203689,3816099.4521939494,0.5088132602925266,0.5088132602925266,0.12168243672939175,True,False,376
Matthis Abline,Matthis Abline,Nantes,Ligue 1,2024-2025,FW,ATT,21.530458590006845,2768,0.85,exact_age_validated,9000000.0,16.012735135300492,16.416706,13479842.777631992,-0.4039708646995095,0.4039708646995095,0.4039708646995095,0.5026878503163879,4479842.7776319925,0.4977603086257769,0.4977603086257769,0.11235563742517087,True,False,377
Nathan,Nathan,Famalicão,Liga Portugal,2023-2024,DF,DEF,21.883641341546884,1847,0.85,exact_age_validated,2000000.0,14.50865773852422,14.911466,2992040.038982998,-0.40280826147577997,0.40280826147577997,0.40280826147577997,0.5013334821000962,992040.0389829981,0.49602001949149904,0.49602001949149904,0.11088713127621572,True,False,378
Dirk Proper,Dirk Proper,NEC Nijmegen,Eredivisie,2023-2024,MF,MID,21.642710472279266,2299,0.85,exact_age_validated,3000000.0,14.914122846632385,15.312939,4470178.952925835,-0.39881615336761556,0.39881615336761556,0.39881615336761556,0.49668289776716,1470178.9529258348,0.49005965097527826,0.49005965097527826,0.10585760046796822,True,False,379
Umut Tohumcu,Umut Tohumcu,Hoffenheim,Bundesliga,2023-2024,MF,MID,19.34017796030116,1011,0.85,exact_age_validated,2000000.0,14.50865773852422,14.90613,2976117.033694246,-0.3974722614757784,0.3974722614757784,0.3974722614757784,0.49511733831636356,976117.0336942459,0.4880585168471229,0.4880585168471229,0.10416898579228129,True,False,380
Brayann Pereira,Brayann Pereira,NEC Nijmegen,Eredivisie,2023-2024,DF,DEF,20.56947296372348,788,0.85,exact_age_validated,600000.0,13.304684934198283,13.69903,890047.4011418341,-0.39434506580171735,0.39434506580171735,0.39434506580171735,0.49147432895545196,290047.4011418341,0.48341233523639016,0.48341233523639016,0.10024840378660521,True,False,381
Mert Kömür,Mert Kömür,Augsburg,Bundesliga,2024-2025,MF,MID,19.42778918548939,654,0.85,exact_age_validated,2000000.0,14.50865773852422,14.901671,2962876.070507245,-0.39301326147577953,0.39301326147577953,0.39301326147577953,0.48992285084791365,962876.0705072451,0.48143803525362255,0.48143803525362255,0.09858243253650066,True,False,382
Carlos Alcaraz,Carlos Alcaraz,Everton,Premier League,2024-2025,MF,MID,22.026009582477755,764,0.85,exact_age_validated,14000000.0,16.454567887579532,16.84627,20712956.907939583,-0.39170211242046804,0.39170211242046804,0.39170211242046804,0.48839543498402327,6712956.907939583,0.4794969219956845,0.4794969219956845,0.0969444652016743,True,False,383
Merlin Röhl,Merlin Röhl,Freiburg,Bundesliga,2023-2024,"MF,FW",MID,21.286789869952088,1477,0.85,exact_age_validated,3000000.0,14.914122846632385,15.298738,4407146.562404125,-0.38461515336761565,0.38461515336761565,0.38461515336761565,0.4801395211043487,1407146.562404125,0.4690488541347083,0.4690488541347083,0.08812808429327382,True,False,384
Quentin Merlin,Quentin Merlin,Marseille,Ligue 1,2024-2025,"MF,DF",DEF,22.570841889117045,1589,0.85,exact_age_validated,12000000.0,16.300417207752275,16.68465,17621847.052121684,-0.384232792247726,0.384232792247726,0.384232792247726,0.4796940916256114,5621847.052121684,0.46848725434347366,0.46848725434347366,0.08765419019692171,True,False,385
Rafa Marín,Rafa Marín,Alavés,LaLiga,2023-2024,DF,DEF,21.40177960301164,2443,0.85,exact_age_validated,3000000.0,14.914122846632385,15.297799,4403010.194110865,-0.38367615336761496,0.38367615336761496,0.38367615336761496,0.47904563823086155,1403010.1941108648,0.4676700647036216,0.4676700647036216,0.08696462201692892,True,False,386
Arnaud Kalimuendo,Arnaud Kalimuendo,Rennes,Ligue 1,2024-2025,FW,ATT,22.888432580424368,2578,0.85,exact_age_validated,20000000.0,16.811242831518264,17.186167,29097621.691869386,-0.37492416848173704,0.37492416848173704,0.37492416848173704,0.46885006168594845,9097621.691869386,0.45488108459346926,0.45488108459346926,0.07617291185756117,True,False,387
Calvin Twigt,Calvin Twigt,Volendam,Eredivisie,2023-2024,MF,MID,20.87337440109514,2047,0.85,exact_age_validated,750000.0,13.527828485512494,13.901061,1089316.5073004395,-0.3732325144875066,0.3732325144875066,0.3732325144875066,0.4668793786911098,339316.5073004395,0.4524220097339194,0.4524220097339194,0.0740978735889987,True,False,388
Kenzo Goudmijn,Kenzo Goudmijn,Excelsior,Eredivisie,2023-2024,"MF,FW",MID,21.99041752224504,1570,0.85,exact_age_validated,1300000.0,14.077874822431763,14.44857,1883363.8163573572,-0.370695177568237,0.370695177568237,0.370695177568237,0.4639235220348226,583363.8163573572,0.4487413971979671,0.4487413971979671,0.07099206660870622,True,False,389
João Tomé,João Tomé,Rio Ave,Liga Portugal,2024-2025,"DF,MF",DEF,21.8507871321013,772,0.85,exact_age_validated,700000.0,13.458835614025542,13.824646,1009177.297545424,-0.3658103859744575,0.3658103859744575,0.3658103859744575,0.45823301099649927,309177.29754542396,0.44168185363631995,0.44168185363631995,0.06503502020480662,True,False,390
Jackson Tchatchoua,Jackson Tchatchoua,Hellas Verona,Serie A,2023-2024,DF,DEF,22.26420260095825,1725,0.85,exact_age_validated,2500000.0,14.73180128983843,15.096226,3599213.833519032,-0.3644247101615701,0.3644247101615701,0.3644247101615701,0.4566187755972215,1099213.8335190322,0.4396855334076129,0.4396855334076129,0.06335046763627246,True,False,391
Leopold Querfeld,Leopold Querfeld,Union Berlin,Bundesliga,2024-2025,DF,DEF,21.00205338809035,1747,0.85,exact_age_validated,5000000.0,15.424948470398377,15.788491,7192080.154325855,-0.3635425296016237,0.3635425296016237,0.3635425296016237,0.45559108421719174,2192080.154325855,0.438416030865171,0.438416030865171,0.062279224787615765,True,False,392
Olivier Aertssen,Olivier Aertssen,Zwolle,Eredivisie,2024-2025,DF,DEF,20.36139630390144,1116,0.85,exact_age_validated,600000.0,13.304684934198283,13.664779,860078.5489094165,-0.3600940658017162,0.3600940658017162,0.3600940658017162,0.4515738153241603,260078.54890941654,0.4334642481823609,0.4334642481823609,0.0581007677859787,True,False,393
Zito Luvumbo,Zito Luvumbo,Cagliari,Serie A,2024-2025,"FW,MF",MID,22.77891854893908,1606,0.85,exact_age_validated,7000000.0,15.761420707019589,16.118198,10001023.542795217,-0.3567772929804107,0.3567772929804107,0.3567772929804107,0.447709959110666,3001023.5427952167,0.4287176489707452,0.4287176489707452,0.054095450513354536,True,False,394
Filip Stevanovic,Filip Stevanovic,RKC Waalwijk,Eredivisie,2023-2024,"MF,FW",MID,21.22108145106092,625,1.0,exact_age_club_validated,1300000.0,14.077874822431763,14.433739,1855637.758393247,-0.3558641775682361,0.3558641775682361,0.3558641775682361,0.4466462303450704,555637.7583932469,0.4274136603024976,0.4274136603024976,0.052995107277410566,True,False,395
Demba Seck,Demba Seck,Torino,Serie A,2023-2024,MF,MID,22.855578370978783,425,0.85,exact_age_validated,2700000.0,14.808762330974558,15.164278,3852673.959032815,-0.35551566902544174,0.35551566902544174,0.35551566902544174,0.44624023723939793,1152673.959032815,0.4269162811232648,0.4269162811232648,0.05257540438512725,True,False,396
Mimeirhel Benita,Mimeirhel Benita,Heracles Almelo,Eredivisie,2024-2025,DF,DEF,20.908966461327857,2038,1.0,exact_age_club_validated,1300000.0,14.077874822431763,14.42589,1841129.8683241787,-0.34801517756823763,0.34801517756823763,0.34801517756823763,0.43750258106499285,541129.8683241787,0.41625374486475286,0.41625374486475286,0.0435780488591564,True,False,397
Benjamin Bouchouari,Benjamin Bouchouari,Saint-Étienne,Ligue 1,2024-2025,MF,MID,22.899383983572896,1772,0.85,exact_age_validated,2000000.0,14.50865773852422,14.85068,2815583.273369396,-0.34202226147577974,0.34202226147577974,0.34202226147577974,0.4305211665007963,815583.2733693961,0.40779163668469803,0.40779163668469803,0.03643747799034464,True,False,398
Amine Lachkar,Amine Lachkar,Willem II,Eredivisie,2024-2025,MF,MID,21.492128678986997,1741,0.85,exact_age_validated,600000.0,13.304684934198283,13.645861,843960.524023312,-0.3411760658017169,0.3411760658017169,0.3411760658017169,0.4295353955151993,243960.52402331203,0.4066008733721867,0.4066008733721867,0.03543267757417777,True,False,399
Rocco Reitz,Rocco Reitz,Gladbach,Bundesliga,2023-2024,MF,MID,21.388090349075977,2136,0.85,exact_age_validated,4000000.0,15.201804919084164,15.542443,5623377.387520007,-0.34063808091583603,0.34063808091583603,0.34063808091583603,0.4289086729881923,1623377.3875200069,0.4058443468800017,0.4058443468800017,0.034794298707276364,True,False,400
Michel Costa,Michel Costa,Estoril,Liga Portugal,2024-2025,MF,MID,22.80082135523614,597,0.85,exact_age_validated,600000.0,13.304684934198283,13.64146,840254.4150318269,-0.33677506580171723,0.33677506580171723,0.33677506580171723,0.4244084748270064,240254.41503182694,0.4004240250530449,0.4004240250530449,0.030220474866501337,True,False,401
Lameck Banda,Lameck Banda,Lecce,Serie A,2023-2024,"FW,MF",MID,22.888432580424368,1350,0.85,exact_age_validated,6000000.0,15.60727002719233,15.943641,8399149.4270331,-0.3363709728076696,0.3363709728076696,0.3363709728076696,0.4239377289212721,2399149.4270331003,0.39985823783885005,0.39985823783885005,0.029743047301920157,True,False,402
Maxim Dekker,Maxim Dekker,AZ Alkmaar,Eredivisie,2024-2025,DF,DEF,20.657084188911703,589,0.85,exact_age_validated,1000000.0,13.815510557964274,14.148781,1395524.655969704,-0.333270442035726,0.333270442035726,0.333270442035726,0.420325782691084,395524.65596970404,0.39552465596970404,0.39552465596970404,0.02608624597132853,True,False,403
Etienne Youte Kinkoue,Étienne Youté Kinkoué,Le Havre,Ligue 1,2023-2024,DF,DEF,21.924709103353862,1941,0.85,exact_age_validated,1800000.0,14.403297222866392,14.736154,2510905.4924097164,-0.3328567771336086,0.3328567771336086,0.3328567771336086,0.4198438860438118,710905.4924097164,0.39494749578317573,0.39494749578317573,0.025599221564777473,True,False,404
Filip Stankovic,Filip Stanković,Venezia,Serie A,2024-2025,GK,GK,22.811772758384667,1367,1.0,exact_age_club_validated,4500000.0,15.319587954740548,15.650472,6264892.579274346,-0.33088404525945236,0.33088404525945236,0.33088404525945236,0.417545762922278,1764892.5792743461,0.39219835094985467,0.39219835094985467,0.023279413888810194,True,False,405
Jasper Schendelaar,Jasper Schendelaar,Zwolle,Eredivisie,2023-2024,GK,GK,22.833675564681723,2880,0.85,exact_age_validated,700000.0,13.458835614025542,13.788721,973566.0992000776,-0.3298853859744586,0.3298853859744586,0.3298853859744586,0.41638238029362756,273566.0992000776,0.390808713142968,0.390808713142968,0.022106797440175983,True,False,406
Javi López,Javi López,Real Sociedad,LaLiga,2024-2025,DF,DEF,22.75975359342916,1936,0.85,exact_age_validated,7500000.0,15.83041357850654,16.160086,10428844.138681846,-0.3296724214934592,0.3296724214934592,0.3296724214934592,0.41613428849551665,2928844.1386818457,0.3905125518242461,0.3905125518242461,0.021856887980271068,True,False,407
Julio Enciso,Julio Enciso,Ipswich Town,Premier League,2024-2025,MF,MID,20.89801505817933,869,0.85,exact_age_validated,22000000.0,16.90655301132259,17.23413,30527241.290018223,-0.3275769886774107,0.3275769886774107,0.3275769886774107,0.4136932255881505,8527241.290018223,0.38760187681901015,0.38760187681901015,0.019400776487870874,True,False,408
Casper Widell,Casper Widell,Excelsior,Eredivisie,2023-2024,DF,DEF,20.61327857631759,2326,0.85,exact_age_validated,800000.0,13.592367006650065,13.912855,1102239.9660212235,-0.3204879933499356,0.3204879933499356,0.3204879933499356,0.40543493956157983,302239.96602122346,0.37779995752652934,0.37779995752652934,0.011129634371855178,True,False,409
Iker Bravo,Iker Bravo,Udinese,Serie A,2024-2025,FW,ATT,19.761806981519506,682,0.85,exact_age_validated,1500000.0,14.22097566607244,14.539006,2061626.9281347494,-0.3180303339275614,0.3180303339275614,0.3180303339275614,0.4025719027660553,561626.9281347494,0.3744179520898329,0.3744179520898329,0.008275800671600948,True,False,410
Caleb Okoli,Caleb Okoli,Frosinone,Serie A,2023-2024,DF,DEF,22.245037645448324,2914,0.85,exact_age_validated,8000000.0,15.89495209964411,16.208675,10948083.761906065,-0.3137229003558897,0.3137229003558897,0.3137229003558897,0.39755398177273055,2948083.761906065,0.3685104702382581,0.3685104702382581,0.003290897155853663,True,False,411
Yassine Kechta,Yassine Kechta,Le Havre,Ligue 1,2024-2025,"MF,FW",MID,22.78986995208761,2096,0.85,exact_age_validated,5000000.0,15.424948470398377,15.734387,6813299.030795918,-0.3094385296016231,0.3094385296016231,0.3094385296016231,0.3925629276814014,1813299.0307959178,0.3626598061591836,0.3626598061591836,-0.00164606188524102,True,False,412
Ryan Gravenberch,Ryan Gravenberch,Liverpool,Premier League,2024-2025,MF,MID,22.379192334017795,3160,0.85,exact_age_validated,40000000.0,17.50439001207821,17.810127,54305007.510584466,-0.30573698792179016,0.30573698792179016,0.30573698792179016,0.388250837107317,14305007.510584466,0.35762518776461166,0.35762518776461166,-0.005894418048850257,True,False,413
Matteo Cancellieri,Matteo Cancellieri,Empoli,Serie A,2023-2024,"FW,MF",MID,21.8507871321013,1788,0.85,exact_age_validated,4800000.0,15.38412647587812,15.688082,6505002.147113881,-0.3039555241218803,0.3039555241218803,0.3039555241218803,0.38617553067445515,1705002.147113881,0.35520878064872524,0.35520878064872524,-0.007933452045077923,True,False,414
Reda Khadra,Reda Khadra,Reims,Ligue 1,2023-2024,"MF,FW",MID,22.28336755646817,1368,0.85,exact_age_validated,1800000.0,14.403297222866392,14.703954,2431342.1793116676,-0.3006567771336073,0.3006567771336073,0.3006567771336073,0.38233267355577927,631342.1793116676,0.35074565517314865,0.35074565517314865,-0.011699566005883767,True,False,415
Facundo Cáseres,Facundo Cáseres,Farense,Liga Portugal,2023-2024,MF,MID,22.581793292265573,1112,0.85,exact_age_validated,700000.0,13.458835614025542,13.757668,943798.529301745,-0.2988323859744586,0.2988323859744586,0.2988323859744586,0.3802073591324218,243798.529301745,0.34828361328820717,0.34828361328820717,-0.013777107936019386,True,False,416
Bénie Traoré,Bénie Traoré,Nantes,Ligue 1,2023-2024,FW,ATT,20.856947296372347,504,0.85,exact_age_validated,4000000.0,15.201804919084164,15.499737,5388281.171967435,-0.29793208091583523,0.29793208091583523,0.29793208091583523,0.3791585537175749,1388281.1719674347,0.34707029299185865,0.34707029299185865,-0.014800942585529638,True,False,417
Yanis Begraoui,Yanis Begraoui,Toulouse,Ligue 1,2023-2024,"FW,MF",MID,22.455852156057496,300,0.85,exact_age_validated,1000000.0,13.815510557964274,14.11323,1346783.883925259,-0.2977194420357261,0.2977194420357261,0.2977194420357261,0.3789108412264261,346783.8839252591,0.3467838839252591,0.3467838839252591,-0.015042622813908738,True,False,418
Garang Kuol,Garang Kuol,Volendam,Eredivisie,2023-2024,"MF,FW",MID,19.247091033538677,680,0.85,exact_age_validated,700000.0,13.458835614025542,13.75325,939638.0247212166,-0.29441438597445746,0.29441438597445746,0.29441438597445746,0.3750606343879447,239638.02472121664,0.34234003531602375,0.34234003531602375,-0.01879247039908934,True,False,419
Willy Kambwala,Willy Kambwala,Manchester Utd,Premier League,2023-2024,DF,DEF,19.31553730321697,330,0.85,exact_age_validated,2000000.0,14.50865773852422,14.802701,2683683.9049489065,-0.29404326147577997,0.29404326147577997,0.29404326147577997,0.3746282949491433,683683.9049489065,0.34184195247445326,0.34184195247445326,-0.019212767061941763,True,False,420
Juanlu Sánchez,Juanlu Sánchez,Sevilla,LaLiga,2023-2024,"DF,MF",DEF,20.161533196440796,1181,0.85,exact_age_validated,3000000.0,14.914122846632385,15.207665,4023509.139115727,-0.2935421533676159,0.2935421533676159,0.2935421533676159,0.37404453182104336,1023509.139115727,0.3411697130385757,0.3411697130385757,-0.01978002208049705,True,False,421
Mika Godts,Mika Godts,Ajax,Eredivisie,2023-2024,"MF,FW",MID,18.072553045859,574,0.85,exact_age_validated,1000000.0,13.815510557964274,14.105122,1335908.3093533607,-0.2896114420357261,0.2896114420357261,0.2896114420357261,0.3694654713241604,335908.3093533607,0.3359083093533607,0.3359083093533607,-0.024219746211211438,True,False,422
Adam Obert,Adam Obert,Cagliari,Serie A,2023-2024,DF,DEF,21.32511978097194,941,0.85,exact_age_validated,1800000.0,14.403297222866392,14.6922035,2402939.890383005,-0.2889062771336075,0.2889062771336075,0.2889062771336075,0.3686439933588663,602939.8903830051,0.3349666057683362,0.3349666057683362,-0.025014382848229457,True,False,423
Keane Lewis-Potter,Keane Lewis-Potter,Brentford,Premier League,2023-2024,"FW,MF",MID,22.819986310746064,1441,0.85,exact_age_validated,12000000.0,16.300417207752275,16.588467,16005884.598610528,-0.2880497922477261,0.2880497922477261,0.2880497922477261,0.36764623601268354,4005884.598610528,0.33382371655087734,0.33382371655087734,-0.025978785722645673,True,False,424
Lorenzo Pirola,Lorenzo Pirola,Salernitana,Serie A,2023-2024,DF,DEF,21.828884325804243,1987,0.85,exact_age_validated,7000000.0,15.761420707019589,16.047922,9322319.228827834,-0.28650129298041094,0.28650129298041094,0.28650129298041094,0.3658423203277823,2322319.228827834,0.3317598898325477,0.3317598898325477,-0.027720302213526116,True,False,425
Chrislain Matsima,Chrislain Matsima,Clermont Foot,Ligue 1,2023-2024,DF,DEF,21.593429158110883,1180,0.85,exact_age_validated,7000000.0,15.761420707019589,16.044432,9289841.042120658,-0.2830112929804116,0.2830112929804116,0.2830112929804116,0.3617766640674344,2289841.042120658,0.3271201488743797,0.3271201488743797,-0.03163544941086587,True,False,426
Shunsuke Mito,Shunsuke Mito,Sparta Rotterdam,Eredivisie,2023-2024,MF,MID,21.418206707734427,1017,1.0,exact_age_club_validated,750000.0,13.527828485512494,13.807968,992485.815744452,-0.28013951448750696,0.28013951448750696,0.28013951448750696,0.35843120154364855,242485.81574445195,0.3233144209926026,0.3233144209926026,-0.03484683232739413,True,False,427
Samuele Vignato,Samuele Vignato,Monza,Serie A,2024-2025,MF,MID,20.815879534565365,470,0.85,exact_age_validated,3500000.0,15.068273526459642,15.344466,4613355.387492077,-0.2761924735403589,0.2761924735403589,0.2761924735403589,0.35383311795149236,1113355.3874920774,0.3181015392834507,0.3181015392834507,-0.039245612215680854,True,False,428
Christopher Wooh,Christopher Wooh,Rennes,Ligue 1,2023-2024,DF,DEF,22.24777549623545,1388,0.85,exact_age_validated,6000000.0,15.60727002719233,15.871131,7811683.06594355,-0.2638609728076702,0.2638609728076702,0.2638609728076702,0.33946760415397076,1811683.0659435503,0.30194717765725837,0.30194717765725837,-0.05287712833173836,True,False,429
Naouirou Ahamada,Naouirou Ahamada,Crystal Palace,Premier League,2023-2024,MF,MID,21.724845995893222,349,0.85,exact_age_validated,8000000.0,15.89495209964411,16.15286,10353756.927752245,-0.2579079003558906,0.2579079003558906,0.2579079003558906,0.33253260521933264,2353756.927752245,0.2942196159690307,0.2942196159690307,-0.059397867691696166,True,False,430
Bart Verbruggen,Bart Verbruggen,Brighton,Premier League,2024-2025,GK,GK,22.12183436002738,3240,0.85,exact_age_validated,22000000.0,16.90655301132259,17.164127,28463325.72748542,-0.2575739886774109,0.2575739886774109,0.2575739886774109,0.33214361665027403,6463325.727485418,0.29378753306751904,0.29378753306751904,-0.059762471702162236,True,False,431
Saidou Sow,Saïdou Sow,Nantes,Ligue 1,2024-2025,DF,DEF,22.261464750171115,799,0.85,exact_age_validated,4000000.0,15.201804919084164,15.454669,5150832.963259081,-0.25286408091583645,0.25286408091583645,0.25286408091583645,0.3266568355681795,1150832.9632590814,0.28770824081477037,0.28770824081477037,-0.0648923537881992,True,False,432
Joan Gonzàlez,Joan González,Lecce,Serie A,2023-2024,MF,MID,21.880903490759756,1291,0.85,exact_age_validated,6000000.0,15.60727002719233,15.860091,7725916.388070621,-0.2528209728076707,0.2528209728076707,0.2528209728076707,0.32660661701521787,1725916.3880706206,0.28765273134510344,0.28765273134510344,-0.06493919427919896,True,False,433
Unai Gómez,Unai Gómez,Athletic Club,LaLiga,2024-2025,"MF,FW",MID,21.593429158110883,1284,1.0,exact_age_club_validated,8000000.0,15.89495209964411,16.146189,10284916.886539154,-0.25123690035588986,0.25123690035588986,0.25123690035588986,0.324761260545181,2284916.8865391538,0.2856146108173942,0.2856146108173942,-0.06665901914525185,True,False,434
Razvan Sava,Răzvan Sava,Udinese,Serie A,2024-2025,GK,GK,22.494182067077343,1080,0.85,exact_age_validated,2000000.0,14.50865773852422,14.755994,2561219.3201603484,-0.24733626147577858,0.24733626147577858,0.24733626147577858,0.3202172327852143,561219.3201603484,0.28060966008017424,0.28060966008017424,-0.07088234088418514,True,False,435
Rafael Fernandes,Rafael Fernandes,Arouca,Liga Portugal,2023-2024,DF,DEF,21.253935660506503,744,0.85,exact_age_validated,700000.0,13.458835614025542,13.705917,896198.3139498937,-0.2470813859744574,0.2470813859744574,0.2470813859744574,0.3199203169750263,196198.3139498937,0.28028330564270526,0.28028330564270526,-0.07115772816824174,True,False,436
Max Bruns,Max Bruns,Twente,Eredivisie,2024-2025,DF,DEF,21.93839835728953,1635,0.85,exact_age_validated,1300000.0,14.077874822431763,14.323597,1662107.6106749247,-0.24572217756823633,0.24572217756823633,0.24572217756823633,0.3183369146352351,362107.6106749247,0.2785443159037882,0.2785443159037882,-0.0726251378499262,True,False,437
Anselmo García MacNulty,Anselmo García MacNulty,Zwolle,Eredivisie,2024-2025,DF,DEF,21.82614647501711,3060,0.85,exact_age_validated,1000000.0,13.815510557964274,14.060451,1277545.2229462725,-0.24494044203572685,0.24494044203572685,0.24494044203572685,0.3174262361361852,277545.22294627246,0.2775452229462725,0.2775452229462725,-0.07346820129415003,True,False,438
Filippo Terracciano,Filippo Terracciano,Milan,Serie A,2024-2025,"DF,MF",DEF,21.859000684462696,539,0.85,exact_age_validated,4500000.0,15.319587954740548,15.562761,5738801.795060353,-0.24317304525945183,0.24317304525945183,0.24317304525945183,0.31536731700495807,1238801.7950603534,0.2752892877911896,0.2752892877911896,-0.07537182442299176,True,False,439
Ronald,Ronald,Estrela,Liga Portugal,2023-2024,FW,ATT,22.29158110882957,1319,0.85,exact_age_validated,800000.0,13.592367006650065,13.835387,1020075.2938132003,-0.24301999334993596,0.24301999334993596,0.24301999334993596,0.31518902002671123,220075.29381320032,0.2750941172665004,0.2750941172665004,-0.07553651493904202,True,False,440
Pablo Torre,Pablo Torre,Girona,LaLiga,2023-2024,MF,MID,20.52840520191649,701,0.85,exact_age_validated,2500000.0,14.73180128983843,14.9747715,3187576.6014898107,-0.2429702101615696,0.2429702101615696,0.2429702101615696,0.31513102537586835,687576.6014898107,0.2750306405959243,0.2750306405959243,-0.07559007838388586,True,False,441
Yerson Mosquera,Yerson Mosquera,Villarreal,LaLiga,2023-2024,DF,DEF,22.305270362765228,1229,0.85,exact_age_validated,3000000.0,14.914122846632385,15.155059,3817319.375157237,-0.2409361533676151,0.2409361533676151,0.2409361533676151,0.3127614621270872,817319.375157237,0.272439791719079,0.272439791719079,-0.07777631136765933,True,False,442
Michael Olise,Michael Olise,Crystal Palace,Premier League,2023-2024,"MF,FW",MID,21.82340862422998,1275,0.85,exact_age_validated,50000000.0,17.72753356339242,17.964289,63356559.298817985,-0.2367554366075808,0.2367554366075808,0.2367554366075808,0.3078911591849159,13356559.298817985,0.2671311859763597,0.2671311859763597,-0.0822558659554645,True,False,443
Ivan Ilić,Ivan Ilić,Torino,Serie A,2023-2024,MF,MID,22.75975359342916,2098,0.85,exact_age_validated,18000000.0,16.70588231586044,16.942387,22802642.81167355,-0.23650468413956105,0.23650468413956105,0.23650468413956105,0.307599046479643,4802642.811673552,0.26681348953741957,0.26681348953741957,-0.08252394737072791,True,False,444
Steven Shpendi,Stiven Shpendi,Empoli,Serie A,2023-2024,FW,ATT,20.39698836413416,411,0.9285714285714286,fuzzy_age_club_validated,2000000.0,14.50865773852422,14.744685,2532417.6568353563,-0.23602726147577968,0.23602726147577968,0.23602726147577968,0.3070428755794037,532417.6568353563,0.2662088284176781,0.2662088284176781,-0.08303417785765378,True,False,445
Rasmus Carstensen,Rasmus Carstensen,Köln,Bundesliga,2023-2024,"DF,MF",DEF,22.93497604380561,1659,0.85,exact_age_validated,2500000.0,14.73180128983843,14.965826,3159189.2936328426,-0.23402471016157023,0.23402471016157023,0.23402471016157023,0.3047100144655684,659189.2936328426,0.26367571745313706,0.26367571745313706,-0.08517168992627784,True,False,446
Mathijs Tielemans,Mathijs Tielemans,Vitesse,Eredivisie,2023-2024,MF,MID,21.188227241615333,1673,0.85,exact_age_validated,700000.0,13.458835614025542,13.691414,883294.5476415716,-0.2325783859744579,0.2325783859744579,0.2325783859744579,0.3030251270770793,183294.5476415716,0.26184935377367374,0.26184935377367374,-0.08671282825823275,True,False,447
Sinaly Diomande,Sinaly Diomandé,Lyon,Ligue 1,2023-2024,DF,DEF,22.691307323750856,889,0.85,exact_age_validated,7000000.0,15.761420707019589,15.990669,8803579.868807536,-0.2292482929804116,0.2292482929804116,0.2292482929804116,0.29914575360178197,1803579.8688075356,0.2576542669725051,0.2576542669725051,-0.09025276345726106,True,False,448
Sadik Fofana,Sadik Fofana,Fortuna Sittard,Eredivisie,2023-2024,DF,DEF,20.583162217659137,633,0.85,exact_age_validated,600000.0,13.304684934198283,13.529849,751516.9178267878,-0.22516406580171733,0.22516406580171733,0.22516406580171733,0.29438785566546544,151516.9178267878,0.2525281963779797,0.2525281963779797,-0.0945782896240163,True,False,449
Bryan Limbombe,Bryan Limbombe,Heracles Almelo,Eredivisie,2023-2024,"MF,FW",MID,22.138261464750173,1735,1.0,exact_age_club_validated,700000.0,13.458835614025542,13.679416,872760.1021682704,-0.22058038597445773,0.22058038597445773,0.22058038597445773,0.2890481231195824,172760.1021682704,0.24680014595467198,0.24680014595467198,-0.0994117837270769,True,False,450
Jordy Makengo,Jordy Makengo,Freiburg,Bundesliga,2023-2024,"DF,MF",DEF,22.362765229295004,1026,0.85,exact_age_validated,2000000.0,14.50865773852422,14.72414,2480919.9575971584,-0.21548226147577942,0.21548226147577942,0.21548226147577942,0.28310909108975757,480919.9575971584,0.2404599787985792,0.2404599787985792,-0.10476179957831598,True,False,451
Josh Wilson-Esbrand,Josh Wilson-Esbrand,Reims,Ligue 1,2023-2024,"DF,MF",DEF,20.97741273100616,461,0.85,exact_age_validated,2000000.0,14.50865773852422,14.722246,2476225.5422121696,-0.21358826147577936,0.21358826147577936,0.21358826147577936,0.28090268623098946,476225.5422121696,0.2381127711060848,0.2381127711060848,-0.10674244110587061,True,False,452
Anthony Rouault,Anthony Rouault,Stuttgart,Bundesliga,2023-2024,DF,DEF,22.54346338124572,1010,0.85,exact_age_validated,7000000.0,15.761420707019589,15.973595,8654543.490282143,-0.21217429298041068,0.21217429298041068,0.21217429298041068,0.2792554914272269,1654543.4902821425,0.2363633557545918,0.2363633557545918,-0.10821864822004651,True,False,453
Zico Buurmeester,Zico Buurmeester,Zwolle,Eredivisie,2023-2024,MF,MID,21.36071184120465,1362,0.85,exact_age_validated,700000.0,13.458835614025542,13.668356,863160.5587673222,-0.2095203859744572,0.2095203859744572,0.2095203859744572,0.27616383709108416,163160.55876732222,0.23308651252474602,0.23308651252474602,-0.11098374301803669,True,False,454
Eduardo Quaresma,Eduardo Quaresma,Sporting CP,Liga Portugal,2023-2024,DF,DEF,21.82067077344285,960,0.85,exact_age_validated,2500000.0,14.73180128983843,14.938924,3075333.781004125,-0.20712271016157047,0.20712271016157047,0.20712271016157047,0.27337067787075475,575333.7810041248,0.23013351240164992,0.23013351240164992,-0.11347556966523999,True,False,455
Thibo Baeten,Thibo Baeten,Go Ahead Eagles,Eredivisie,2023-2024,"FW,MF",MID,21.36892539356605,908,1.0,exact_age_club_validated,800000.0,13.592367006650065,13.798391,983026.1490036866,-0.2060239933499357,0.2060239933499357,0.2060239933499357,0.2720907337780404,183026.14900368662,0.22878268625460826,0.22878268625460826,-0.11461543571624719,True,False,456
Thierry Lutonda,Thierry Lutonda,RKC Waalwijk,Eredivisie,2023-2024,DF,DEF,22.97056810403833,722,0.85,exact_age_validated,500000.0,13.122363377404328,13.327804,614033.0297109962,-0.2054406225956722,0.2054406225956722,0.2054406225956722,0.27141113923386395,114033.0297109962,0.2280660594219924,0.2280660594219924,-0.11522014609998428,True,False,457
Koni De Winter,Koni De Winter,Genoa,Serie A,2023-2024,DF,DEF,21.522245037645447,2380,0.85,exact_age_validated,7000000.0,15.761420707019589,15.966193,8590719.064974463,-0.20477229298041166,0.20477229298041166,0.20477229298041166,0.2706325723329297,1590719.0649744626,0.22724558071063752,0.22724558071063752,-0.11591248969334435,True,False,458
Max Rosenfelder,Max Rosenfelder,Freiburg,Bundesliga,2024-2025,DF,DEF,21.661875427789184,1249,0.85,exact_age_validated,2500000.0,14.73180128983843,14.936227,3067050.78044376,-0.20442571016157096,0.20442571016157096,0.20442571016157096,0.27022882258876096,567050.7804437601,0.22682031217750404,0.22682031217750404,-0.11627134354329544,True,False,459
Gianluca Busio,Gianluca Busio,Venezia,Serie A,2024-2025,MF,MID,22.55989048596852,2518,1.0,exact_age_club_validated,6500000.0,15.687312734865866,15.889375,7955507.388037226,-0.20206226513413306,0.20206226513413306,0.20206226513413306,0.2674755403332329,1455507.3880372262,0.22392421354418865,0.22392421354418865,-0.11871515507279108,True,False,460
Radu Drăgușin,Radu Drăgușin,Tottenham Hotspur,Premier League,2023-2024,DF,DEF,21.683778234086244,429,1.0,exact_age_club_validated,10000000.0,16.11809565095832,16.316008,12188555.552819872,-0.19791234904167965,0.19791234904167965,0.19791234904167965,0.26264111845896215,2188555.5528198723,0.21885555528198722,0.21885555528198722,-0.12299223505817164,True,False,461
Mohamed Ali Cho,Mohamed-Ali Cho,Nice,Ligue 1,2024-2025,"FW,MF",MID,20.71731690622861,1621,0.85,exact_age_validated,12000000.0,16.300417207752275,16.497803,14618567.130600613,-0.1973857922477258,0.1973857922477258,0.1973857922477258,0.26202770902464473,2618567.1306006126,0.21821392755005106,0.21821392755005106,-0.12353365903831927,True,False,462
César Tárrega,César Tárrega,Valencia,LaLiga,2024-2025,DF,DEF,22.622861054072555,3026,0.85,exact_age_validated,4000000.0,15.201804919084164,15.396316,4858867.771946711,-0.19451108091583613,0.19451108091583613,0.19451108091583613,0.25867882990625146,858867.7719467105,0.21471694298667762,0.21471694298667762,-0.12648451544083655,True,False,463
Gerard Martín,Gerard Martín,Barcelona,LaLiga,2024-2025,DF,DEF,22.622861054072555,1038,0.85,exact_age_validated,3000000.0,14.914122846632385,15.10813,3642314.903592986,-0.19400715336761465,0.19400715336761465,0.19400715336761465,0.25809178228699964,642314.903592986,0.21410496786432867,0.21410496786432867,-0.127000917694046,True,False,464
Espen van Ee,Espen van Ee,Heerenveen,Eredivisie,2024-2025,MF,MID,21.27857631759069,2236,0.85,exact_age_validated,800000.0,13.592367006650065,13.785462,970398.4118330375,-0.19309499334993596,0.19309499334993596,0.19309499334993596,0.2570291665029552,170398.4118330375,0.21299801479129687,0.21299801479129687,-0.12793499661365412,True,False,465
Rodrigo Gomes,Rodrigo Gomes,Wolves,Premier League,2024-2025,MF,MID,21.23750855578371,810,0.85,exact_age_validated,15000000.0,16.523560759066484,16.716417,18190626.647302374,-0.19285624093351572,0.19285624093351572,0.19285624093351572,0.25675103319163933,3190626.6473023742,0.2127084431534916,0.2127084431534916,-0.12817934551080246,True,False,466
Noah Atubolu,Noah Atubolu,Freiburg,Bundesliga,2023-2024,GK,GK,21.399041752224505,3060,0.85,exact_age_validated,5000000.0,15.424948470398377,15.615522,6049716.685091377,-0.19057352960162355,0.19057352960162355,0.19057352960162355,0.25409180120966907,1049716.6850913772,0.20994333701827544,0.20994333701827544,-0.13051262179351825,True,False,467
Cisse Sandra,Cisse Sandra,Excelsior,Eredivisie,2023-2024,MF,MID,19.99726214921287,1670,0.85,exact_age_validated,1000000.0,13.815510557964274,14.00589,1209708.5248489159,-0.1903794420357272,0.1903794420357272,0.1903794420357272,0.2538656999697429,209708.52484891587,0.20970852484891586,0.20970852484891586,-0.13071076307232196,True,False,468
Andrey Santos,Andrey Santos,Strasbourg,Ligue 1,2024-2025,MF,MID,20.42984257357974,2855,0.85,exact_age_validated,18000000.0,16.70588231586044,16.89608,21770796.073557273,-0.19019768413956228,0.19019768413956228,0.19019768413956228,0.25365396211059943,3770796.0735572726,0.2094886707531818,0.2094886707531818,-0.13089628229731695,True,False,469
Eliesse Ben Seghir,Eliesse Ben Seghir,Monaco,Ligue 1,2024-2025,MF,MID,19.638603696098563,1750,0.85,exact_age_validated,18000000.0,16.70588231586044,16.892479,21692540.4207623,-0.18659668413956254,0.18659668413956254,0.18659668413956254,0.24945899701217117,3692540.4207623005,0.20514113448679447,0.20514113448679447,-0.13456485875064553,True,False,470
Nicola Zalewski,Nicola Zalewski,Inter,Serie A,2024-2025,MF,MID,22.902121834360027,435,0.85,exact_age_validated,10000000.0,16.11809565095832,16.301826,12016917.420740288,-0.18373034904167795,0.18373034904167795,0.18373034904167795,0.24611987574140565,2016917.4207402878,0.20169174207402876,0.20169174207402876,-0.13747555552426388,True,False,471
Yoann Cathline,Yoann Cathline,Utrecht,Eredivisie,2024-2025,MF,MID,22.40657084188912,1945,0.85,exact_age_validated,4000000.0,15.201804919084164,15.380555,4782887.492428819,-0.17875008091583489,0.17875008091583489,0.17875008091583489,0.24031813984339737,782887.4924288187,0.19572187310720468,0.19572187310720468,-0.14251310308665527,True,False,472
Koba Koindredi,Koba Koindredi,Estoril,Liga Portugal,2023-2024,MF,MID,22.16563997262149,566,0.85,exact_age_validated,800000.0,13.592367006650065,13.764869,950619.3514071242,-0.17250199334993432,0.17250199334993432,0.17250199334993432,0.23303946467792158,150619.3514071242,0.18827418925890524,0.18827418925890524,-0.14879767345561293,True,False,473
Lewis Hall,Lewis Hall,Newcastle United,Premier League,2024-2025,DF,DEF,20.06297056810404,2189,0.85,exact_age_validated,22000000.0,16.90655301132259,17.07763,26104806.17561619,-0.1710769886774095,0.1710769886774095,0.1710769886774095,0.23137941334042111,4104806.17561619,0.18658209889164498,0.18658209889164498,-0.150225508095252,True,False,474
Martim Neto,Martim Neto,Rio Ave,Liga Portugal,2024-2025,MF,MID,21.93018480492813,1371,0.85,exact_age_validated,3000000.0,14.914122846632385,15.083354,3553181.651757191,-0.1692311533676154,0.1692311533676154,0.1692311533676154,0.22922911767198642,553181.6517571909,0.18439388391906364,0.18439388391906364,-0.1520719869815348,True,False,475
Malo Gusto,Malo Gusto,Chelsea,Premier League,2023-2024,"DF,MF",DEF,20.58590006844627,1751,0.85,exact_age_validated,25000000.0,17.034386382832476,17.201916,29559507.71055056,-0.16752961716752424,0.16752961716752424,0.16752961716752424,0.22724692245590888,4559507.710550562,0.18238030842202246,0.18238030842202246,-0.1537711000430074,True,False,476
Giuliano Simeone,Giuliano Simeone,Atlético Madrid,LaLiga,2024-2025,MF,MID,22.026009582477755,1926,0.85,exact_age_validated,12000000.0,16.300417207752275,16.467247,14178637.664259164,-0.1668297922477251,0.1668297922477251,0.1668297922477251,0.22643166527357955,2178637.6642591637,0.18155313868826364,0.18155313868826364,-0.154469089713993,True,False,477
Stefan Bajcetic,Stefan Bajcetic,Las Palmas,LaLiga,2024-2025,"MF,DF",DEF,20.1533196440794,969,0.85,exact_age_validated,9000000.0,16.012735135300492,16.178349,10621055.958971074,-0.1656138646995089,0.1656138646995089,0.1656138646995089,0.22501517717944325,1621055.9589710739,0.18011732877456377,0.18011732877456377,-0.15568066751762846,True,False,478
Miguel Gutiérrez,Miguel Gutiérrez,Girona,LaLiga,2023-2024,"DF,MF",DEF,22.21218343600274,3032,0.85,exact_age_validated,15000000.0,16.523560759066484,16.686058,17646676.08831062,-0.16249724093351503,0.16249724093351503,0.16249724093351503,0.22138448350455373,2646676.0883106217,0.17644507255404143,0.17644507255404143,-0.15877942319802496,True,False,479
Fabio Chiarodia,Fabio Chiarodia,Gladbach,Bundesliga,2024-2025,DF,DEF,19.54277891854894,379,0.85,exact_age_validated,2000000.0,14.50865773852422,14.667665,2344692.9192304634,-0.1590072614757787,0.1590072614757787,0.1590072614757787,0.21731885117480185,344692.91923046345,0.17234645961523173,0.17234645961523173,-0.16223795097038082,True,False,480
Flavius Daniliuc,Flavius Daniliuc,Salernitana,Serie A,2023-2024,DF,DEF,22.647501711156742,744,0.85,exact_age_validated,7000000.0,15.761420707019589,15.916497,8174229.340265886,-0.1550762929804108,0.1550762929804108,0.1550762929804108,0.21273949109674284,1174229.340265886,0.16774704860941228,0.16774704860941228,-0.1661190665911024,True,False,481
Filip Jørgensen,Filip Jørgensen,Villarreal,LaLiga,2023-2024,GK,GK,21.492128678986997,3240,0.85,exact_age_validated,5000000.0,15.424948470398377,15.57877,5831413.606307101,-0.15382152960162365,0.15382152960162365,0.15382152960162365,0.21127776141587684,831413.6063071014,0.1662827212614203,0.1662827212614203,-0.16735470822803172,True,False,482
Clemens Riedel,Clemens Riedel,Darmstadt 98,Bundesliga,2023-2024,"DF,MF",DEF,20.249144421629023,755,0.85,exact_age_validated,2000000.0,14.50865773852422,14.658786,2323966.5417198935,-0.1501282614757784,0.1501282614757784,0.1501282614757784,0.20697530907290004,323966.54171989346,0.16198327085994674,0.16198327085994674,-0.1709827084420947,True,False,483
Warren Bondo,Warren Bondo,Monza,Serie A,2024-2025,MF,MID,21.259411362080765,1618,0.85,exact_age_validated,7000000.0,15.761420707019589,15.909972,8121066.127423833,-0.14855129298041092,0.14855129298041092,0.14855129298041092,0.20513822831772427,1121066.1274238331,0.16015230391769045,0.16015230391769045,-0.1725277311399194,True,False,484
Charles De Ketelaere,Charles De Ketelaere,Atalanta,Serie A,2023-2024,"FW,MF",MID,22.587268993839835,2026,0.85,exact_age_validated,25000000.0,17.034386382832476,17.181787,28970452.812010676,-0.1474006171675235,0.1474006171675235,0.1474006171675235,0.20379775487293988,3970452.8120106757,0.15881811248042702,0.15881811248042702,-0.17365356034319007,True,False,485
Kristjan Asllani,Kristjan Asllani,Inter,Serie A,2024-2025,MF,MID,22.77891854893908,988,0.85,exact_age_validated,18000000.0,16.70588231586044,16.850218,20794893.297819283,-0.14433568413956266,0.14433568413956266,0.14433568413956266,0.20022727803836152,2794893.297819283,0.15527184987884904,0.15527184987884904,-0.1766459989751694,True,False,486
Denso Kasius,Denso Kasius,AZ Alkmaar,Eredivisie,2024-2025,DF,DEF,22.19849418206708,1356,0.85,exact_age_validated,3000000.0,14.914122846632385,15.057587,3462796.300610474,-0.1434641533676153,0.1434641533676153,0.1434641533676153,0.1992119930701511,462796.30061047385,0.15426543353682462,0.15426543353682462,-0.17749524210239553,True,False,487
Georginio Rutter,Georginio Rutter,Brighton,Premier League,2024-2025,"MF,FW",MID,22.45037645448323,1656,0.85,exact_age_validated,28000000.0,17.14771506813948,17.290321,32291706.80621247,-0.14260593186051906,0.14260593186051906,0.14260593186051906,0.19821221265665778,4291706.80621247,0.15327524307901677,0.15327524307901677,-0.17833079336068164,True,False,488
Jacob Ondrejka,Jacob Ondrejka,Parma,Serie A,2024-2025,MF,MID,22.083504449007528,422,0.85,exact_age_validated,5000000.0,15.424948470398377,15.566538,5760518.235120616,-0.14158952960162274,0.14158952960162274,0.14158952960162274,0.19702816044837285,760518.2351206159,0.15210364702412318,0.15210364702412318,-0.1793194198922245,True,False,489
Sael Kumbedi,Saël Kumbedi,Lyon,Ligue 1,2024-2025,DF,DEF,19.534565366187543,951,0.85,exact_age_validated,5000000.0,15.424948470398377,15.566328,5759308.653301782,-0.1413795296016236,0.1413795296016236,0.1413795296016236,0.1967835221060606,759308.653301782,0.1518617306603564,0.1518617306603564,-0.179523555895103,True,False,490
Fabian Rieder,Fabian Rieder,Stuttgart,Bundesliga,2024-2025,MF,MID,22.84188911704312,867,0.85,exact_age_validated,10000000.0,16.11809565095832,16.258406,11506308.406292936,-0.14031034904168038,0.14031034904168038,0.14031034904168038,0.195537986106927,1506308.4062929358,0.15063084062929358,0.15063084062929358,-0.18056221639335027,True,False,491
James Mcatee,James McAtee,Manchester City,Premier League,2024-2025,MF,MID,22.16290212183436,349,0.85,exact_age_validated,14000000.0,16.454567887579532,16.594166,16097362.553781735,-0.13959811242046882,0.13959811242046882,0.13959811242046882,0.19470826998146043,2097362.553781735,0.14981161098440962,0.14981161098440962,-0.18125350598840806,True,False,492
Adrià Altimira,Adrià Altimira,Villarreal,LaLiga,2023-2024,"DF,MF",DEF,22.729637234770703,775,0.85,exact_age_validated,2000000.0,14.50865773852422,14.647476,2297830.557723045,-0.13881826147577847,0.13881826147577847,0.13881826147577847,0.19379978692260105,297830.5577230449,0.14891527886152245,0.14891527886152245,-0.1820098568774872,True,False,493
Oumar Diakité,Oumar Diakité,Reims,Ligue 1,2023-2024,FW,ATT,19.822039698836413,1585,0.85,exact_age_validated,2500000.0,14.73180128983843,14.870175,2871011.6014381493,-0.13837371016157007,0.13837371016157007,0.13837371016157007,0.19328190931983383,371011.60143814934,0.14840464057525973,0.14840464057525973,-0.18244074818657985,True,False,494
Harvey Elliott,Harvey Elliott,Liverpool,Premier League,2023-2024,"MF,FW",MID,20.709103353867214,1352,0.85,exact_age_validated,30000000.0,17.216707939626428,17.35331,34391156.12840647,-0.1366020603735727,0.1366020603735727,0.1366020603735727,0.19121803566604673,4391156.1284064725,0.14637187094688242,0.14637187094688242,-0.18415605780949493,True,False,495
Becir Omeragic,Becir Omeragic,Montpellier,Ligue 1,2024-2025,DF,DEF,22.888432580424368,1799,0.85,exact_age_validated,5000000.0,15.424948470398377,15.560663,5726774.410032858,-0.1357145296016231,0.1357145296016231,0.1357145296016231,0.19018411158603843,726774.4100328581,0.14535488200657162,0.14535488200657162,-0.185014222399993,True,False,496
Jacopo Fazzini,Jacopo Fazzini,Empoli,Serie A,2023-2024,MF,MID,20.76386036960985,1232,0.85,exact_age_validated,6000000.0,15.60727002719233,15.742699,6870167.188990415,-0.13542897280767008,0.13542897280767008,0.13542897280767008,0.18985145377313867,870167.1889904151,0.14502786483173585,0.14502786483173585,-0.18529016892094827,True,False,497
Máximo Perrone,Máximo Perrone,Como,Serie A,2024-2025,MF,MID,21.94661190965092,1857,0.85,exact_age_validated,9000000.0,16.012735135300492,16.146067,10283662.203216223,-0.13333186469950675,0.13333186469950675,0.13333186469950675,0.18740843924345893,1283662.203216223,0.14262913369069144,0.14262913369069144,-0.18731428741995595,True,False,498
Junior Mwanga,Junior Mwanga,Le Havre,Ligue 1,2024-2025,MF,MID,21.58521560574949,952,0.85,exact_age_validated,6000000.0,15.60727002719233,15.73946,6847950.716465496,-0.13218997280766942,0.13218997280766942,0.13218997280766942,0.18607819857907787,847950.7164654965,0.14132511941091608,0.14132511941091608,-0.1884146522676455,True,False,499
Marvin Elimbi,Marvin Elimbi,Gil Vicente FC,Liga Portugal,2024-2025,DF,DEF,21.828884325804243,434,0.85,exact_age_validated,750000.0,13.527828485512494,13.659048,855163.5361671607,-0.13121951448750657,0.13121951448750657,0.13121951448750657,0.18494766850894104,105163.53616716072,0.14021804822288098,0.14021804822288098,-0.189348830856099,True,False,500
Adam Hložek,Adam Hlozek,Leverkusen,Bundesliga,2023-2024,"MF,FW",MID,21.388090349075977,459,0.85,exact_age_validated,15000000.0,16.523560759066484,16.648687,16999372.677226458,-0.12512624093351477,0.12512624093351477,0.12512624093351477,0.1778493430731806,1999372.6772264577,0.13329151181509719,0.13329151181509719,-0.19519364198859676,True,False,501
Finn Stam,Finn Stam,Groningen,Eredivisie,2024-2025,DF,DEF,21.505817932922657,831,0.85,exact_age_validated,750000.0,13.527828485512494,13.650149,847587.1967797638,-0.12232051448750703,0.12232051448750703,0.12232051448750703,0.174580827517296,97587.19677976379,0.13011626237301838,0.13011626237301838,-0.19787300901923333,True,False,502
Botond Balogh,Botond Balogh,Parma,Serie A,2024-2025,DF,DEF,22.368240930869263,2053,0.85,exact_age_validated,2500000.0,14.73180128983843,14.84803,2808131.855184691,-0.11622871016156999,0.11622871016156999,0.11622871016156999,0.1674842136506584,308131.855184691,0.12325274207387642,0.12325274207387642,-0.2036646453423267,True,False,503
Issiaka Kamate,Issiaka Kamate,AVS Futebol,Liga Portugal,2024-2025,"MF,DF",DEF,20.38056125941136,350,1.0,exact_age_club_validated,800000.0,13.592367006650065,13.705895,896178.5978038656,-0.11352799334993513,0.11352799334993513,0.11352799334993513,0.16433802848944,96178.59780386556,0.12022324725483195,0.12022324725483195,-0.20622102041952936,True,False,504
Curtis Jones,Curtis Jones,Liverpool,Premier League,2023-2024,MF,MID,22.444900752908968,1167,0.85,exact_age_validated,25000000.0,17.034386382832476,17.145962,27950957.092434082,-0.1115756171675244,0.1115756171675244,0.1115756171675244,0.16206361861878846,2950957.092434082,0.11803828369736329,0.11803828369736329,-0.2080647556679926,True,False,505
Guela Doué,Guéla Doué,Strasbourg,Ligue 1,2024-2025,"DF,MF",DEF,22.1492128678987,2717,0.85,exact_age_validated,8000000.0,15.89495209964411,16.006418,8943324.982645534,-0.11146590035589021,0.11146590035589021,0.11146590035589021,0.1619358046239214,943324.982645534,0.11791562283069175,0.11791562283069175,-0.20816826044394932,True,False,506
Facundo Buonanotte,Facundo Buonanotte,Leicester City,Premier League,2024-2025,"MF,FW",MID,19.980835044490075,1523,0.85,exact_age_validated,22000000.0,16.90655301132259,17.017181,24573544.613358684,-0.11062798867741108,0.11062798867741108,0.11062798867741108,0.16095968403331168,2573544.613358684,0.1169793006072129,0.1169793006072129,-0.20895835613293526,True,False,507
Elliot Anderson,Elliot Anderson,Newcastle United,Premier League,2023-2024,"MF,FW",MID,20.92265571526352,1027,0.85,exact_age_validated,13000000.0,16.38045991542581,16.488955,14489792.58732292,-0.10849508457419077,0.10849508457419077,0.10849508457419077,0.15847496915652626,1489792.5873229206,0.11459942979407081,0.11459942979407081,-0.21096655974346243,True,False,508
Syb Van Ottele,Syb van Ottele,Heerenveen,Eredivisie,2023-2024,"DF,MF",DEF,21.86447638603696,1429,0.85,exact_age_validated,850000.0,13.652991628466498,13.760996,946944.7231700304,-0.10800437153350195,0.10800437153350195,0.10800437153350195,0.15790331570497576,96944.7231700304,0.11405261549415341,0.11405261549415341,-0.21142797741593358,True,False,509
Carlos Martín,Carlos Martín,Alavés,LaLiga,2024-2025,"MF,FW",MID,22.472279260780287,1333,0.85,exact_age_validated,4000000.0,15.201804919084164,15.307882,4447630.320232115,-0.1060770809158349,0.1060770809158349,0.1060770809158349,0.15565812912468083,447630.32023211475,0.11190758005802869,0.11190758005802869,-0.21323802016436627,True,False,510
Wouter Goes,Wouter Goes,AZ Alkmaar,Eredivisie,2023-2024,DF,DEF,19.512662559890487,1138,0.85,exact_age_validated,2000000.0,14.50865773852422,14.613369,2220779.9034174336,-0.1047112614757797,0.1047112614757797,0.1047112614757797,0.15406702529746982,220779.9034174336,0.11038995170871681,0.11038995170871681,-0.21451863872302776,True,False,511
Lorenzo Colombo,Lorenzo Colombo,Monza,Serie A,2023-2024,FW,ATT,21.78507871321013,1359,0.85,exact_age_validated,7000000.0,15.761420707019589,15.8647585,7762061.390591683,-0.10333779298041179,0.10333779298041179,0.10333779298041179,0.15246701074543997,762061.3905916829,0.10886591294166897,0.10886591294166897,-0.21580466657700528,True,False,512
Nicolas Jackson,Nicolas Jackson,Chelsea,Premier League,2023-2024,FW,ATT,22.302532511978097,2799,0.85,exact_age_validated,35000000.0,17.37085861945369,17.473251,38773632.54514608,-0.10239238054631272,0.10239238054631272,0.10239238054631272,0.15136565774220032,3773632.545146078,0.10781807271845936,0.10781807271845936,-0.21668886436954296,True,False,513
Telasco Segovia,Telasco Segovia,Casa Pia,Liga Portugal,2024-2025,MF,MID,21.71663244353183,905,0.85,exact_age_validated,1000000.0,13.815510557964274,13.915428,1105079.6811806946,-0.09991744203572672,0.09991744203572672,0.09991744203572672,0.1484824917681195,105079.6811806946,0.1050796811806946,0.1050796811806946,-0.21899959810467196,True,False,514
Bénie Traoré,Bénie Traoré,Sheffield United,Premier League,2023-2024,"FW,MF",MID,20.856947296372347,387,0.85,exact_age_validated,4000000.0,15.201804919084164,15.301697,4420206.621911181,-0.09989208091583635,0.09989208091583635,0.09989208091583635,0.14845294747131382,420206.62191118114,0.10505165547779528,0.10505165547779528,-0.2190232470008386,True,False,515
Wilson Odobert,Wilson Odobert,Burnley,Premier League,2023-2024,"MF,FW",MID,18.86105407255305,2098,0.85,exact_age_validated,9000000.0,16.012735135300492,16.112253,9941743.841339432,-0.09951786469950719,0.09951786469950719,0.09951786469950719,0.14801700635307813,941743.8413394317,0.1046382045932702,0.1046382045932702,-0.21937212877815776,True,False,516
Alex Padilla,Álex Padilla,Athletic Club,LaLiga,2024-2025,GK,GK,21.111567419575632,321,1.0,exact_age_club_validated,2000000.0,14.50865773852422,14.606877,2206409.2977424725,-0.09821926147577997,0.09821926147577997,0.09821926147577997,0.14650420568652925,206409.2977424725,0.10320464887123625,0.10320464887123625,-0.22058180442987074,True,False,517
Thomas Kristensen,Thomas Kristensen,Udinese,Serie A,2023-2024,DF,DEF,21.730321697467488,2096,0.85,exact_age_validated,3000000.0,14.914122846632385,15.008005,3295290.8759359526,-0.09388215336761618,0.09388215336761618,0.09388215336761618,0.1414517155055077,295290.87593595264,0.09843029197865089,0.09843029197865089,-0.22461054443402947,True,False,518
Basar Onal,Başar Önal,NEC Nijmegen,Eredivisie,2024-2025,MF,MID,20.449007529089663,1386,0.85,exact_age_validated,900000.0,13.710150042306449,13.800098,984705.607650183,-0.08994795769355157,0.08994795769355157,0.08994795769355157,0.1368685959434167,84705.60765018302,0.09411734183353669,0.09411734183353669,-0.22824993612101216,True,False,519
Ismael Saibari,Ismael Saibari,PSV,Eredivisie,2023-2024,MF,MID,22.715947980835043,1017,0.85,exact_age_validated,5000000.0,15.424948470398377,15.514772,5469906.056848758,-0.08982352960162387,0.08982352960162387,0.08982352960162387,0.13672364412367197,469906.0568487579,0.09398121136975159,0.09398121136975159,-0.22836480693137987,True,False,520
Oscar Højlund,Oscar Højlund,Eintracht Frankfurt,Bundesliga,2024-2025,MF,MID,19.761806981519506,722,1.0,exact_age_club_validated,2000000.0,14.50865773852422,14.59613,2182823.9797303076,-0.08747226147577969,0.08747226147577969,0.08747226147577969,0.13398454728252676,182823.9797303076,0.0914119898651538,0.0914119898651538,-0.23053279011487263,True,False,521
Yassin Oukili,Yassin Oukili,RKC Waalwijk,Eredivisie,2023-2024,MF,MID,22.784394250513348,2789,0.85,exact_age_validated,800000.0,13.592367006650065,13.677131,870768.122038828,-0.08476399334993445,0.08476399334993445,0.08476399334993445,0.13082956525944783,70768.12203882798,0.08846015254853497,0.08846015254853497,-0.23302363555244343,True,False,522
Stefan Lekovic,Stefan Lekovic,Monza,Serie A,2024-2025,DF,DEF,20.966461327857637,367,0.85,exact_age_validated,1800000.0,14.403297222866392,14.48684,1956837.0936186155,-0.08354277713360858,0.08354277713360858,0.08354277713360858,0.12940691616055253,156837.09361861553,0.08713171867700863,0.08713171867700863,-0.23414460635573822,True,False,523
Joshua Zirkzee,Joshua Zirkzee,Bologna,Serie A,2023-2024,FW,ATT,22.38740588637919,2759,0.85,exact_age_validated,13000000.0,16.38045991542581,16.459507,14069318.619195094,-0.07904708457418863,0.07904708457418863,0.07904708457418863,0.12416968389728353,1069318.6191950943,0.08225527839962264,0.08225527839962264,-0.23825948726334406,True,False,524
Nicolò Cambiaghi,Nicolò Cambiaghi,Empoli,Serie A,2023-2024,"FW,MF",MID,22.976043805612598,2553,0.85,exact_age_validated,7500000.0,15.83041357850654,15.905784,8087126.22225058,-0.07537042149346007,0.07537042149346007,0.07537042149346007,0.11988657551007523,587126.2222505799,0.07828349630007732,0.07828349630007732,-0.24161099151663734,True,False,525
Iker Muñoz,Iker Muñoz,Osasuna,LaLiga,2023-2024,MF,MID,21.10335386721424,1854,0.85,exact_age_validated,5000000.0,15.424948470398377,15.499883,5389067.918449643,-0.07493452960162372,0.07493452960162372,0.07493452960162372,0.11937878565366271,389067.91844964307,0.07781358368992862,0.07781358368992862,-0.24200751732598869,True,False,526
Sepp van den Berg,Sepp van den Berg,Brentford,Premier League,2024-2025,DF,DEF,22.781656399726216,2586,0.85,exact_age_validated,18000000.0,16.70588231586044,16.780115,19387033.0292462,-0.07423268413955952,0.07423268413955952,0.07423268413955952,0.11856117465176053,1387033.0292461999,0.07705739051367777,0.07705739051367777,-0.2426456149312944,True,False,527
Cauê,Cauê,Casa Pia,Liga Portugal,2024-2025,FW,ATT,22.091718001368925,349,0.85,exact_age_validated,800000.0,13.592367006650065,13.664801,860097.4708456341,-0.07243399334993583,0.07243399334993583,0.07243399334993583,0.11646579973220032,60097.47084563412,0.07512183855704264,0.07512183855704264,-0.24427888947973336,True,False,528
Johann Lepenant,Johann Lepenant,Nantes,Ligue 1,2024-2025,MF,MID,21.960301163586585,2048,0.85,exact_age_validated,7000000.0,15.761420707019589,15.832776,7517739.106574073,-0.07135529298041199,0.07135529298041199,0.07135529298041199,0.11520917368337652,517739.10657407343,0.07396272951058191,0.07396272951058191,-0.24525697911352481,True,False,529
Yassine Kechta,Yassine Kechta,Le Havre,Ligue 1,2023-2024,MF,MID,21.80971937029432,1849,0.85,exact_age_validated,3500000.0,15.068273526459642,15.132939,3733807.3190565817,-0.06466547354035868,0.06466547354035868,0.06466547354035868,0.10741590540628335,233807.3190565817,0.06680209115902334,0.06680209115902334,-0.25129933221600004,True,False,530
Zito Luvumbo,Zito Luvumbo,Cagliari,Serie A,2023-2024,"MF,FW",MID,21.590691307323752,1946,0.85,exact_age_validated,5000000.0,15.424948470398377,15.489106,5331301.765504602,-0.0641575296016228,0.0641575296016228,0.0641575296016228,0.10682417891504332,331301.76550460234,0.06626035310092047,0.06626035310092047,-0.2517564664092657,True,False,531
Samuele Ricci,Samuele Ricci,Torino,Serie A,2023-2024,MF,MID,22.32991101984942,2395,0.85,exact_age_validated,20000000.0,16.811242831518264,16.875294,21322939.009731837,-0.0640511684817362,0.0640511684817362,0.0640511684817362,0.10670027411477838,1322939.0097318366,0.06614695048659183,0.06614695048659183,-0.2518521588049539,True,False,532
Wilfried Singo,Wilfried Singo,Monaco,Ligue 1,2023-2024,DF,DEF,22.806297056810404,2187,0.85,exact_age_validated,15000000.0,16.523560759066484,16.587433,15989343.06738099,-0.06387224093351662,0.06387224093351662,0.06387224093351662,0.10649183345387071,989343.0673809908,0.06595620449206606,0.06595620449206606,-0.25201311577488056,True,False,533
Paul Nebel,Paul Nebel,Mainz 05,Bundesliga,2024-2025,MF,MID,22.195756331279945,2345,0.85,exact_age_validated,7000000.0,15.761420707019589,15.824993,7459455.6473991545,-0.06357229298041034,0.06357229298041034,0.06357229298041034,0.10614241073945084,459455.6473991545,0.06563652105702207,0.06563652105702207,-0.2522828738747471,True,False,534
Josh Doig,Josh Doig,Sassuolo,Serie A,2023-2024,"DF,MF",DEF,21.590691307323752,1343,0.85,exact_age_validated,7000000.0,15.761420707019589,15.824304,7454317.852631649,-0.06288329298041084,0.06288329298041084,0.06288329298041084,0.10533976398776654,454317.852631649,0.06490255037594986,0.06490255037594986,-0.2529022194978838,True,False,535
Eric Martel,Eric Martel,Köln,Bundesliga,2023-2024,MF,MID,21.626283367556468,2457,0.85,exact_age_validated,9000000.0,16.012735135300492,16.075514,9583122.152156407,-0.06277886469950644,0.06277886469950644,0.06277886469950644,0.10521811083761858,583122.152156407,0.06479135023960078,0.06479135023960078,-0.2529960533791492,True,False,536
Jhoanner Chávez,Jhoanner Chávez,Lens,Ligue 1,2024-2025,MF,MID,22.45311430527036,596,0.85,exact_age_validated,4000000.0,15.201804919084164,15.264049,4256888.2773086745,-0.06224408091583555,0.06224408091583555,0.06224408091583555,0.10459511741698403,256888.27730867453,0.06422206932716863,0.06422206932716863,-0.2534764290270362,True,False,537
Ricardo Pepi,Ricardo Pepi,PSV,Eredivisie,2024-2025,FW,ATT,21.93839835728953,693,0.85,exact_age_validated,18000000.0,16.70588231586044,16.76777,19149171.328663606,-0.061887684139559695,0.061887684139559695,0.061887684139559695,0.10417993495720351,1149171.3286636062,0.06384285159242256,0.06384285159242256,-0.25379642388553336,True,False,538
Mayckel Lahdo,Mayckel Lahdo,AZ Alkmaar,Eredivisie,2024-2025,"MF,FW",MID,21.965776865160848,869,0.85,exact_age_validated,3000000.0,14.914122846632385,14.969614,3171178.996838367,-0.05549115336761545,0.05549115336761545,0.05549115336761545,0.09672833169718398,171178.99683836708,0.05705966561278902,0.05705966561278902,-0.2595202717935602,True,False,539
Myles Lewis-Skelly,Myles Lewis-Skelly,Arsenal,Premier League,2024-2025,DF,DEF,18.015058179329227,1369,0.85,exact_age_validated,5000000.0,15.424948470398377,15.477493,5269747.464923396,-0.052544529601624035,0.052544529601624035,0.052544529601624035,0.09329567858512229,269747.4649233958,0.05394949298467915,0.05394949298467915,-0.26214472513222137,True,False,540
Angel Gomes,Angel Gomes,Lille,Ligue 1,2023-2024,MF,MID,22.86105407255305,2571,0.85,exact_age_validated,18000000.0,16.70588231586044,16.75653,18935139.753728826,-0.05064768413956244,0.05064768413956244,0.05064768413956244,0.09108595892101205,935139.7537288256,0.05195220854049031,0.05195220854049031,-0.26383009133358015,True,False,541
Luis Henrique,Luis Henrique,Marseille,Ligue 1,2023-2024,"FW,MF",MID,21.60985626283368,784,0.85,exact_age_validated,6000000.0,15.60727002719233,15.65494,6292946.745655751,-0.047669972807669936,0.047669972807669936,0.047669972807669936,0.08761709052043326,292946.74565575086,0.048824457609291806,0.048824457609291806,-0.26646937775121965,True,False,542
Patrik Wålemark,Patrik Wålemark,Heerenveen,Eredivisie,2023-2024,"MF,FW",MID,22.168377823408623,1240,0.85,exact_age_validated,3000000.0,14.914122846632385,14.959419,3139013.0713753966,-0.04529615336761594,0.04529615336761594,0.04529615336761594,0.08485172265012009,139013.07137539657,0.04633769045846552,0.04633769045846552,-0.2685677835736081,True,False,543
Cezary Miszta,Cezary Miszta,Rio Ave,Liga Portugal,2024-2025,GK,GK,22.94045174537988,2325,0.85,exact_age_validated,1000000.0,13.815510557964274,13.857326,1042702.0220290695,-0.041815442035726846,0.041815442035726846,0.041815442035726846,0.08079688717248068,42702.022029069485,0.04270202202906948,0.04270202202906948,-0.2716356654209229,True,False,544
Quentin Merlin,Quentin Merlin,Nantes,Ligue 1,2023-2024,"MF,DF",DEF,21.418206707734427,1283,0.85,exact_age_validated,10000000.0,16.11809565095832,16.155243,10378459.351759484,-0.03714734904167827,0.03714734904167827,0.03714734904167827,0.07535881797329916,378459.35175948404,0.037845935175948406,0.037845935175948406,-0.2757333715222873,True,False,545
Thom van Bergen,Thom van Bergen,Groningen,Eredivisie,2024-2025,FW,ATT,20.77207392197125,2470,0.85,exact_age_validated,1000000.0,13.815510557964274,13.851912,1037072.0872669689,-0.036401442035726816,0.036401442035726816,0.036401442035726816,0.07448987771874774,37072.08726696891,0.037072087266968916,0.037072087266968916,-0.27638636670010525,True,False,546
Sekou Mara,Sékou Mara,Strasbourg,Ligue 1,2024-2025,"FW,MF",MID,22.36550308008213,768,0.85,exact_age_validated,6000000.0,15.60727002719233,15.643496,6221340.773957309,-0.036225972807670814,0.036225972807670814,0.036225972807670814,0.07428546580884962,221340.7739573093,0.03689012899288489,0.03689012899288489,-0.27653990833814834,True,False,547
Jamie Gittens,Jamie Gittens,Dortmund,Bundesliga,2024-2025,MF,MID,20.16974674880219,1776,0.85,exact_age_validated,35000000.0,17.37085861945369,17.403503,36161406.88683326,-0.032644380546312135,0.032644380546312135,0.032644380546312135,0.0701131096485604,1161406.886833258,0.033183053909521656,0.033183053909521656,-0.2796680451789362,True,False,548
Lucas Stassin,Lucas Stassin,Saint-Étienne,Ligue 1,2024-2025,FW,ATT,19.854893908282,1887,1.0,exact_age_club_validated,6000000.0,15.60727002719233,15.63418,6163651.895327684,-0.026909972807670712,0.026909972807670712,0.026909972807670712,0.06343284296603906,163651.89532768354,0.027275315887947255,0.027275315887947255,-0.2846531648583152,True,False,549
Jamie Gittens,Jamie Gittens,Dortmund,Bundesliga,2023-2024,"MF,FW",MID,19.19233401779603,1058,0.85,exact_age_validated,18000000.0,16.70588231586044,16.731243,18462330.038297836,-0.025360684139560163,0.025360684139560163,0.025360684139560163,0.06162800767303305,462330.03829783574,0.025685002127657543,0.025685002127657543,-0.28599511746248546,True,False,550
Kauã Santos,Kauã Santos,Eintracht Frankfurt,Bundesliga,2024-2025,GK,GK,21.49760438056126,765,1.0,exact_age_club_validated,2500000.0,14.73180128983843,14.756871,2563466.4947461565,-0.02506971016157067,0.02506971016157067,0.02506971016157067,0.06128903914145381,63466.4947461565,0.0253865978984626,0.0253865978984626,-0.286246919554917,True,False,551
Maximilian Beier,Maximilian Beier,Hoffenheim,Bundesliga,2023-2024,"FW,MF",MID,21.00205338809035,2420,0.85,exact_age_validated,8000000.0,15.89495209964411,15.913857,8152677.8353112405,-0.01890490035589032,0.01890490035589032,0.01890490035589032,0.054107377943653424,152677.83531124052,0.019084729413905065,0.019084729413905065,-0.29156461788285576,True,False,552
Billy Gilmour,Billy Gilmour,Brighton,Premier League,2023-2024,MF,MID,22.327173169062284,2120,0.85,exact_age_validated,18000000.0,16.70588231586044,16.722055,18293475.057571333,-0.016172684139561966,0.016172684139561966,0.016172684139561966,0.05092449772458706,293475.0575713329,0.01630416986507405,0.01630416986507405,-0.29391093420154535,True,False,553
Nathan Collins,Nathan Collins,Brentford,Premier League,2023-2024,DF,DEF,22.63655030800821,2652,0.85,exact_age_validated,25000000.0,17.034386382832476,17.049057,25369468.971488144,-0.014670617167524824,0.014670617167524824,0.014670617167524824,0.04917467308609829,369468.97148814425,0.01477875885952577,0.01477875885952577,-0.295198119989935,True,False,554
Dean Huijsen,Dean Huijsen,Roma,Serie A,2023-2024,DF,DEF,18.68309377138946,509,0.85,exact_age_validated,2500000.0,14.73180128983843,14.746259,2536406.820875726,-0.014457710161570603,0.014457710161570603,0.014457710161570603,0.0489266482432244,36406.820875726175,0.014562728350290469,0.014562728350290469,-0.29538041276239757,True,False,555
Lamine Camara,Lamine Camara,Monaco,Ligue 1,2024-2025,MF,MID,20.76659822039699,2054,0.85,exact_age_validated,15000000.0,16.523560759066484,16.537981,15217870.712703438,-0.01442024093351435,0.01442024093351435,0.01442024093351435,0.04888299867256041,217870.71270343848,0.014524714180229232,0.014524714180229232,-0.29541249021515115,True,False,556
Lazar Samardzic,Lazar Samardžić,Udinese,Serie A,2023-2024,MF,MID,21.626283367556468,2372,0.85,exact_age_validated,20000000.0,16.811242831518264,16.825096,20278991.365065694,-0.013853168481734457,0.013853168481734457,0.013853168481734457,0.04822239074601307,278991.36506569386,0.013949568253284693,0.013949568253284693,-0.2958978149313886,True,False,557
Isaac,Isaac,Nacional,Liga Portugal,2024-2025,FW,ATT,20.62696783025325,1233,0.85,exact_age_validated,1500000.0,14.22097566607244,14.231468,1515821.357226669,-0.010492333927560438,0.010492333927560438,0.010492333927560438,0.044307205059716845,15821.35722666909,0.01054757148444606,0.01054757148444606,-0.298768517894111,True,False,558
Destiny Udogie,Destiny Udogie,Tottenham Hotspur,Premier League,2023-2024,DF,DEF,20.862422997946613,2391,1.0,exact_age_club_validated,38000000.0,17.45309671769066,17.462984,38377580.273168765,-0.00988728230933944,0.00988728230933944,0.00988728230933944,0.04360235351259527,377580.273168765,0.009936322978125396,0.009936322978125396,-0.2992843070077654,True,False,559
Matìas Soulé,Matías Soulé,Roma,Serie A,2024-2025,MF,MID,21.678302532511974,1781,0.85,exact_age_validated,22000000.0,16.90655301132259,16.912281,22126377.34938118,-0.005727988677410423,0.005727988677410423,0.005727988677410423,0.03875700732540883,126377.34938117862,0.0057444249718717555,0.0057444249718717555,-0.30282155140970246,True,False,560
Álvaro Carreras,Álvaro Carreras,Benfica,Liga Portugal,2024-2025,DF,DEF,21.54688569472964,2743,0.85,exact_age_validated,8000000.0,15.89495209964411,15.900335,8043179.3135560565,-0.0053829003558902855,0.0053829003558902855,0.0053829003558902855,0.0383549985876548,43179.31355605647,0.005397414194507059,0.005397414194507059,-0.30311436910894374,True,False,561
Pedro Malheiro,Pedro Malheiro,Boavista,Liga Portugal,2023-2024,"DF,MF",DEF,22.68583162217659,1971,0.85,exact_age_validated,4000000.0,15.201804919084164,15.205936,4016558.502371201,-0.004131080915835028,0.004131080915835028,0.004131080915835028,0.03689669843198521,16558.502371200826,0.004139625592800207,0.004139625592800207,-0.30417572739666215,True,False,562
Roberto Férnandez,Roberto Fernández,Espanyol,LaLiga,2024-2025,FW,ATT,22.26694045174538,1497,0.85,exact_age_validated,3500000.0,15.068273526459642,15.068199,3499739.1671108487,7.452645964178828e-05,-7.452645964178828e-05,-7.452645964178828e-05,0.0319973993045709,-260.8328891512938,-7.452368261465537e-05,-7.452368261465537e-05,-0.30773174806108444,False,True,563
Koni De Winter,Koni De Winter,Genoa,Serie A,2024-2025,DF,DEF,22.51882272416153,2135,0.85,exact_age_validated,12000000.0,16.300417207752275,16.299603,11990233.483498992,0.0008142077522741431,-0.0008142077522741431,-0.0008142077522741431,0.031135711660429482,-9766.516501007602,-0.0008138763750839668,-0.0008138763750839668,-0.3083556351806166,False,True,564
Nnamdi Collins,Nnamdi Collins,Eintracht Frankfurt,Bundesliga,2024-2025,"DF,MF",DEF,20.944558521560573,1489,1.0,exact_age_club_validated,4000000.0,15.201804919084164,15.195835,3976191.461897521,0.005969919084163777,-0.005969919084163777,-0.005969919084163777,0.025129594166719508,-23808.538102479186,-0.005952134525619796,-0.005952134525619796,-0.3126914455585351,False,True,565
Robin Roefs,Robin Roefs,NEC Nijmegen,Eredivisie,2024-2025,GK,GK,21.741273100616016,2880,0.85,exact_age_validated,1000000.0,13.815510557964274,13.80633,990861.4546931498,0.00918055796427275,-0.00918055796427275,-0.00918055796427275,0.02138937810292754,-9138.545306850225,-0.009138545306850225,-0.009138545306850225,-0.3153802308489607,False,True,566
Yankuba Minteh,Yankuba Minteh,Brighton,Premier League,2024-2025,MF,MID,20.194387405886378,1838,0.85,exact_age_validated,28000000.0,17.14771506813948,17.136057,27675469.467212282,0.011658068139478672,-0.011658068139478672,-0.011658068139478672,0.018503216282324802,-324530.5327877179,-0.011590376170989925,-0.011590376170989925,-0.3174491564253312,False,True,567
Francisco Conceição,Francisco Conceição,Porto,Liga Portugal,2023-2024,MF,MID,21.03490759753593,1888,0.85,exact_age_validated,10000000.0,16.11809565095832,16.103289,9853024.28467359,0.014806650958320233,-0.014806650958320233,-0.014806650958320233,0.014835292085004018,-146975.7153264098,-0.01469757153264098,-0.01469757153264098,-0.3200710974607115,False,True,568
Lesley Ugochukwu,Lesley Ugochukwu,Southampton,Premier League,2024-2025,MF,MID,20.725530458590008,1655,0.85,exact_age_validated,25000000.0,17.034386382832476,17.015667,24536368.41629649,0.018719382832475873,-0.018719382832475873,-0.018719382832475873,0.01027717665829148,-463631.58370351046,-0.01854526334814042,-0.01854526334814042,-0.3233178907544534,False,True,569
Denzel Hall,Denzel Hall,Heerenveen,Eredivisie,2023-2024,DF,DEF,22.11635865845312,410,0.85,exact_age_validated,600000.0,13.304684934198283,13.28468,588116.3020944456,0.02000493419828331,-0.02000493419828331,-0.02000493419828331,0.008779580681674053,-11883.697905554436,-0.01980616317592406,-0.01980616317592406,-0.3243818743844409,False,True,570
Enzo Barrenechea,Enzo Barrenechea,Frosinone,Serie A,2023-2024,MF,MID,22.38740588637919,2811,0.85,exact_age_validated,3000000.0,14.914122846632385,14.891717,2933529.9002968716,0.02240584663238465,-0.02240584663238465,-0.02240584663238465,0.005982650977303522,-66470.09970312845,-0.022156699901042815,-0.022156699901042815,-0.32636532504570936,False,True,571
Radu Drăgușin,Radu Drăgușin,Tottenham Hotspur,Premier League,2024-2025,DF,DEF,22.86652977412731,1252,1.0,exact_age_club_validated,25000000.0,17.034386382832476,17.006985,24324265.735748284,0.027401382832476173,-0.027401382832476173,-0.027401382832476173,0.0001631286203692442,-675734.2642517164,-0.027029370570068656,-0.027029370570068656,-0.33047702504909243,False,True,572
Ismaël Doukouré,Ismaël Doukouré,Strasbourg,Ligue 1,2024-2025,"DF,MF",DEF,21.38261464750171,2639,0.85,exact_age_validated,15000000.0,16.523560759066484,16.494703,14573319.74218341,0.028857759066482913,-0.028857759066482913,-0.028857759066482913,-0.001533468844734641,-426680.25781659037,-0.028445350521106024,-0.028445350521106024,-0.33167186975847945,False,True,573
Álvaro Rodríguez,Álvaro Rodríguez,Getafe,LaLiga,2024-2025,FW,ATT,20.45448323066393,852,0.85,exact_age_validated,3000000.0,14.914122846632385,14.885253,2914628.7174570565,0.02886984663238401,-0.02886984663238401,-0.02886984663238401,-0.0015475501879948631,-85371.28254294349,-0.028457094180981163,-0.028457094180981163,-0.33168177939728494,False,True,574
Matteo Ruggeri,Matteo Ruggeri,Atalanta,Serie A,2024-2025,"MF,DF",DEF,22.439425051334705,1751,0.85,exact_age_validated,20000000.0,16.811242831518264,16.780802,19400356.497024506,0.030440831518262712,-0.030440831518262712,-0.030440831518262712,-0.0033776603702830935,-599643.5029754937,-0.029982175148774683,-0.029982175148774683,-0.3329686866903013,False,True,575
Taylor Booth,Taylor Booth,Utrecht,Eredivisie,2023-2024,"MF,FW",MID,22.54072553045859,867,0.85,exact_age_validated,3000000.0,14.914122846632385,14.883251,2908799.4677905925,0.03087184663238496,-0.03087184663238496,-0.03087184663238496,-0.003879769051382239,-91200.53220940754,-0.030400177403135845,-0.030400177403135845,-0.3333214090447169,False,True,576
Luca Koleosho,Luca Koleosho,Burnley,Premier League,2023-2024,"MF,FW",MID,19.06365503080082,974,0.85,exact_age_validated,6000000.0,15.60727002719233,15.574393,5805945.287029468,0.03287702719232932,-0.03287702719232932,-0.03287702719232932,-0.006215693090541926,-194054.71297053155,-0.032342452161755256,-0.032342452161755256,-0.33496035648730754,False,True,577
Chico Lamba,Chico Lamba,Arouca,Liga Portugal,2024-2025,DF,DEF,21.582477754962355,2265,0.85,exact_age_validated,1500000.0,14.22097566607244,14.18801,1451357.6693371993,0.03296566607243889,-0.03296566607243889,-0.03296566607243889,-0.006318952465277678,-48642.3306628007,-0.032428220441867134,-0.032428220441867134,-0.3350327302350078,False,True,578
Henrique Pereira,Henrique Pereira,Casa Pia,Liga Portugal,2024-2025,"FW,MF",MID,22.84188911704312,756,0.85,exact_age_validated,1000000.0,13.815510557964274,13.782498,967526.4093506585,0.03301255796427327,-0.03301255796427327,-0.03301255796427327,-0.006373578916164792,-32473.590649341466,-0.032473590649341466,-0.032473590649341466,-0.33507101492422586,False,True,579
Noah Weißhaupt,Noah Weißhaupt,Freiburg,Bundesliga,2023-2024,MF,MID,22.23134839151266,759,0.85,exact_age_validated,7000000.0,15.761420707019589,15.728397,6772609.356837343,0.033023707019589565,-0.033023707019589565,-0.033023707019589565,-0.006386566946693064,-227390.64316265658,-0.03248437759466522,-0.03248437759466522,-0.33508011725970815,False,True,580
Brajan Gruda,Brajan Gruda,Mainz 05,Bundesliga,2023-2024,"MF,FW",MID,19.381245722108144,1641,0.85,exact_age_validated,5000000.0,15.424948470398377,15.387085,4814221.943392764,0.03786347039837601,-0.03786347039837601,-0.03786347039837601,-0.012024622614191478,-185778.05660723615,-0.03715561132144723,-0.03715561132144723,-0.33902183896322985,False,True,581
Jorg Schreuders,Jorg Schreuders,Groningen,Eredivisie,2024-2025,MF,MID,20.095824777549623,1940,0.85,exact_age_validated,1300000.0,14.077874822431763,14.038771,1250146.1219418792,0.03910382243176258,-0.03910382243176258,-0.03910382243176258,-0.013469563877679828,-49853.87805812084,-0.03834913696778526,-0.03834913696778526,-0.34002897031632556,False,True,582
Sergio Arribas,Sergio Arribas,Almería,LaLiga,2023-2024,"MF,FW",MID,22.034223134839152,2047,1.0,exact_age_club_validated,8000000.0,15.89495209964411,15.855548,7690897.156334205,0.03940409964410918,-0.03940409964410918,-0.03940409964410918,-0.013819370160836566,-309102.8436657954,-0.03863785545822442,-0.03863785545822442,-0.3402725993031277,False,True,583
Noah Atubolu,Noah Atubolu,Freiburg,Bundesliga,2024-2025,GK,GK,22.573579739904176,2307,0.85,exact_age_validated,10000000.0,16.11809565095832,16.07595,9587301.304403739,0.04214565095832157,-0.04214565095832157,-0.04214565095832157,-0.01701312525072046,-412698.69559626095,-0.041269869559626096,-0.041269869559626096,-0.34249356869029157,False,True,584
Tommaso Baldanzi,Tommaso Baldanzi,Roma,Serie A,2024-2025,"MF,FW",MID,21.741273100616016,832,0.85,exact_age_validated,14000000.0,16.454567887579532,16.412397,13421883.09891135,0.04217088757953391,-0.04217088757953391,-0.04217088757953391,-0.017042524513477483,-578116.9010886494,-0.04129406436347496,-0.04129406436347496,-0.34251398496338376,False,True,585
Arnaud Kalimuendo,Arnaud Kalimuendo,Rennes,Ligue 1,2023-2024,FW,ATT,21.908281998631075,2139,0.85,exact_age_validated,20000000.0,16.811242831518264,16.76847,19162580.44123557,0.04277283151826339,-0.04277283151826339,-0.04277283151826339,-0.01774375578650741,-837419.5587644316,-0.04187097793822158,-0.04187097793822158,-0.34300080127180294,False,True,586
Armindo Sieb,Armindo Sieb,Mainz 05,Bundesliga,2024-2025,"MF,FW",MID,21.83983572895277,762,0.85,exact_age_validated,4000000.0,15.201804919084164,15.158566,3830730.2163709383,0.043238919084163996,-0.043238919084163996,-0.043238919084163996,-0.018286721926958554,-169269.78362906165,-0.04231744590726541,-0.04231744590726541,-0.3433775438170148,False,True,587
Aske Adelgaard,Aske Adelgaard,Go Ahead Eagles,Eredivisie,2024-2025,DF,DEF,20.928131416837783,1224,1.0,exact_age_club_validated,1000000.0,13.815510557964274,13.770059,955565.8910078228,0.0454515579642738,-0.0454515579642738,-0.0454515579642738,-0.020864323392519975,-44434.10899217718,-0.04443410899217718,-0.04443410899217718,-0.34516364515743897,False,True,588
Ignace Van Der Brempt,Ignace Van der Brempt,Como,Serie A,2024-2025,DF,DEF,22.715947980835043,1257,0.85,exact_age_validated,3000000.0,14.914122846632385,14.86459,2855021.695021162,0.049532846632384775,-0.049532846632384775,-0.049532846632384775,-0.025618798127131887,-144978.3049788382,-0.04832610165961273,-0.04832610165961273,-0.34844782078736325,False,True,589
Nico Williams,Nico Williams,Athletic Club,LaLiga,2023-2024,MF,MID,21.253935660506503,2263,1.0,exact_age_club_validated,40000000.0,17.50439001207821,17.453564,38017760.87710358,0.050826012078211136,-0.050826012078211136,-0.050826012078211136,-0.027125264084292503,-1982239.122896418,-0.049555978072410446,-0.049555978072410446,-0.349485625965293,False,True,590
Anrie Chase,Anrie Chase,Stuttgart,Bundesliga,2024-2025,DF,DEF,20.54483230663929,734,0.85,exact_age_validated,2500000.0,14.73180128983843,14.676517,2365540.275219687,0.055284289838429146,-0.055284289838429146,-0.055284289838429146,-0.03231891018349128,-134459.7247803132,-0.05378388991212528,-0.05378388991212528,-0.3530532598782851,False,True,591
Isaac Babadi,Isaac Babadi,PSV,Eredivisie,2023-2024,MF,MID,18.24229979466119,355,0.85,exact_age_validated,1000000.0,13.815510557964274,13.759686,945705.0377539105,0.055824557964273325,-0.055824557964273325,-0.055824557964273325,-0.03294829255830653,-54294.962246089475,-0.05429496224608948,-0.05429496224608948,-0.3534845174493431,False,True,592
Félix Lemaréchal,Félix Lemaréchal,Strasbourg,Ligue 1,2024-2025,"MF,FW",MID,21.34428473648186,1779,0.85,exact_age_validated,5000000.0,15.424948470398377,15.368151,4723926.985005951,0.05679747039837757,-0.05679747039837757,-0.05679747039837757,-0.03408168153495038,-276073.01499404944,-0.05521460299880989,-0.05521460299880989,-0.35426053683232916,False,True,593
Kaio César,Kaio César,Vitória Guimarães,Liga Portugal,2023-2024,FW,ATT,19.43874058863792,423,0.85,exact_age_validated,1000000.0,13.815510557964274,13.748723,935393.8972140807,0.0667875579642736,-0.0667875579642736,-0.0667875579642736,-0.04571957897154547,-64606.10278591933,-0.06460610278591933,-0.06460610278591933,-0.3621853551361589,False,True,594
Jeremie Frimpong,Jeremie Frimpong,Leverkusen,Bundesliga,2023-2024,MF,MID,22.85284052019165,2251,0.85,exact_age_validated,45000000.0,17.622173047734595,17.553583,42016922.00566309,0.06859004773459532,-0.06859004773459532,-0.06859004773459532,-0.047819379492726834,-2983077.9943369105,-0.06629062209637579,-0.06629062209637579,-0.36360680109977195,False,True,595
Tanguy Nianzou,Tanguy Nianzou,Sevilla,LaLiga,2023-2024,DF,DEF,21.349760438056126,318,0.85,exact_age_validated,6000000.0,15.60727002719233,15.538141,5599237.57995498,0.06912902719233038,-0.06912902719233038,-0.06912902719233038,-0.04844726064073254,-400762.42004502006,-0.06679373667417,-0.06679373667417,-0.3640313436867291,False,True,596
Michael Olise,Michael Olise,Bayern Munich,Bundesliga,2024-2025,MF,MID,22.82546201232033,2334,1.0,exact_age_club_validated,65000000.0,17.98989782785991,17.92057,60646349.38293232,0.0693278278599081,-0.0693278278599081,-0.0693278278599081,-0.04867885238248006,-4353650.61706768,-0.06697924026257969,-0.06697924026257969,-0.3641878769632217,False,True,597
Fares Chaïbi,Farès Chaïbi,Eintracht Frankfurt,Bundesliga,2024-2025,MF,MID,22.06160164271047,1013,1.0,exact_age_club_validated,14000000.0,16.454567887579532,16.384443,13051883.358773522,0.0701248875795315,-0.0701248875795315,-0.0701248875795315,-0.04960738270882925,-948116.6412264779,-0.0677226172304627,-0.0677226172304627,-0.3648151598823791,False,True,598
Patrick Dorgu,Patrick Dorgu,Lecce,Serie A,2024-2025,"MF,DF",DEF,20.145106091718,1840,0.85,exact_age_validated,20000000.0,16.811242831518264,16.731865,18473817.179712284,0.07937783151826494,-0.07937783151826494,-0.07937783151826494,-0.06038654874068229,-1526182.8202877156,-0.07630914101438578,-0.07630914101438578,-0.3720607162249882,False,True,599
Anton Gaaei,Anton Gaaei,Ajax,Eredivisie,2024-2025,"DF,MF",DEF,22.078028747433265,1781,0.85,exact_age_validated,3500000.0,15.068273526459642,14.986574,3225420.8634752817,0.08169952645964251,-0.08169952645964251,-0.08169952645964251,-0.063091194463614,-274579.13652471825,-0.07845118186420522,-0.07845118186420522,-0.3738682320551541,False,True,600
Mohamed Nassoh,Mohamed Nassoh,Sparta Rotterdam,Eredivisie,2024-2025,MF,MID,21.71663244353183,1621,0.85,exact_age_validated,1000000.0,13.815510557964274,13.732598,920431.6281166752,0.08291255796427421,-0.08291255796427421,-0.08291255796427421,-0.0645043088277418,-79568.37188332481,-0.07956837188332481,-0.07956837188332481,-0.3748109492050312,False,True,601
Gustavo sá,Gustavo Sá,Famalicão,Liga Portugal,2024-2025,MF,MID,20.10403832991102,2520,0.85,exact_age_validated,10000000.0,16.11809565095832,16.034077,9194141.079810042,0.0840186509583205,-0.0840186509583205,-0.0840186509583205,-0.06579284576349313,-805858.9201899581,-0.08058589201899581,-0.08058589201899581,-0.37566956203349,False,True,602
Hristiyan Petrov,Hristiyan Petrov,Heerenveen,Eredivisie,2024-2025,DF,DEF,22.21492128678987,359,0.85,exact_age_validated,900000.0,13.710150042306449,13.622473,824451.0088560785,0.08767704230644924,-0.08767704230644924,-0.08767704230644924,-0.07005466859653757,-75548.9911439215,-0.08394332349324612,-0.08394332349324612,-0.3785026595156955,False,True,603
Hugo Ekitike,Hugo Ekitiké,Eintracht Frankfurt,Bundesliga,2023-2024,FW,ATT,21.322381930184804,716,0.85,exact_age_validated,15000000.0,16.523560759066484,16.435608,13737062.087158326,0.0879527590664857,-0.0879527590664857,-0.0879527590664857,-0.07037586331617232,-1262937.912841674,-0.0841958608561116,-0.0841958608561116,-0.37871575782384687,False,True,604
Lazar Samardzic,Lazar Samardžić,Atalanta,Serie A,2024-2025,MF,MID,22.8145106091718,1169,0.85,exact_age_validated,20000000.0,16.811242831518264,16.714703,18159474.618144415,0.09653983151826395,-0.09653983151826395,-0.09653983151826395,-0.08037932603010932,-1840525.3818555847,-0.09202626909277924,-0.09202626909277924,-0.38532328206673483,False,True,605
Alex Baena,Álex Baena,Villarreal,LaLiga,2023-2024,"MF,FW",MID,22.42299794661191,2579,0.85,exact_age_validated,25000000.0,17.034386382832476,16.932915,22587675.869611,0.10147138283247514,-0.10147138283247514,-0.10147138283247514,-0.0861243095469728,-2412324.130389001,-0.09649296521556004,-0.09649296521556004,-0.38909240904260345,False,True,606
Abdukodir Khusanov,Abdukodir Khusanov,Lens,Ligue 1,2024-2025,DF,DEF,20.605065023956197,975,0.85,exact_age_validated,5000000.0,15.424948470398377,15.323068,4515687.4844131945,0.10188047039837755,-0.10188047039837755,-0.10188047039837755,-0.08660087385165531,-484312.51558680553,-0.09686250311736111,-0.09686250311736111,-0.3894042357789647,False,True,607
Gustavo sá,Gustavo Sá,Famalicão,Liga Portugal,2023-2024,MF,MID,19.123887748117728,1840,0.85,exact_age_validated,3000000.0,14.914122846632385,14.811686,2707905.457207665,0.10243684663238461,-0.10243684663238461,-0.10243684663238461,-0.08724902127827423,-292094.54279233515,-0.09736484759744506,-0.09736484759744506,-0.3898281285352699,False,True,608
Andrew Omobamidele,Andrew Omobamidele,Nottingham Forest,Premier League,2023-2024,DF,DEF,21.295003422313485,783,0.85,exact_age_validated,11000000.0,16.213405830762646,16.107944,9898997.031271096,0.10546183076264626,-0.10546183076264626,-0.10546183076264626,-0.09077295986470796,-1101002.9687289037,-0.10009117897535488,-0.10009117897535488,-0.39212868555978475,False,True,609
Nathan Patterson,Nathan Patterson,Everton,Premier League,2023-2024,DF,DEF,22.17385352498289,1005,0.85,exact_age_validated,15000000.0,16.523560759066484,16.417652,13492600.742465543,0.10590875906648378,-0.10590875906648378,-0.10590875906648378,-0.09129360652843978,-1507399.2575344574,-0.1004932838356305,-0.1004932838356305,-0.39246799323470427,False,True,610
Fares Chaïbi,Farès Chaïbi,Eintracht Frankfurt,Bundesliga,2023-2024,"MF,FW",MID,21.04312114989733,1912,1.0,exact_age_club_validated,15000000.0,16.523560759066484,16.410095,13391021.459393248,0.11346575906648582,-0.11346575906648582,-0.11346575906648582,-0.10009709201825735,-1608978.540606752,-0.10726523604045013,-0.10726523604045013,-0.39818236175964167,False,True,611
Nelson Weiper,Nelson Weiper,Mainz 05,Bundesliga,2024-2025,FW,ATT,19.761806981519506,704,0.85,exact_age_validated,4000000.0,15.201804919084164,15.088091,3570053.001485153,0.11371391908416406,-0.11371391908416406,-0.11371391908416406,-0.10038618466279656,-429946.9985148469,-0.10748674962871173,-0.10748674962871173,-0.3983692813122793,False,True,612
Oscar Fraulo,Oscar Fraulo,Utrecht,Eredivisie,2024-2025,"MF,FW",MID,21.032169746748803,1711,0.85,exact_age_validated,3500000.0,15.068273526459642,14.952345,3116886.0484608626,0.11592852645964236,-0.11592852645964236,-0.11592852645964236,-0.1029660793161856,-383113.9515391374,-0.10946112901118212,-0.10946112901118212,-0.40003531956214233,False,True,613
Benoît Badiashile,Benoît Badiashile,Chelsea,Premier League,2023-2024,DF,DEF,22.73237508555784,1338,0.85,exact_age_validated,35000000.0,17.37085861945369,17.252602,31096380.881247148,0.11825661945368893,-0.11825661945368893,-0.11825661945368893,-0.10567817841530289,-3903619.118752852,-0.11153197482151006,-0.11153197482151006,-0.40178275896523125,False,True,614
Harvey Elliott,Harvey Elliott,Liverpool,Premier League,2024-2025,MF,MID,21.70294318959617,371,0.85,exact_age_validated,35000000.0,17.37085861945369,17.2518,31071451.581765693,0.11905861945368912,-0.11905861945368912,-0.11905861945368912,-0.10661246389404228,-3928548.4182343073,-0.11224424052098021,-0.11224424052098021,-0.40238378929907614,False,True,615
Alejo Véliz,Alejo Veliz,Espanyol,LaLiga,2024-2025,FW,ATT,21.27310061601643,1127,0.85,exact_age_validated,4000000.0,15.201804919084164,15.082635,3550627.8323576697,0.11916991908416463,-0.11916991908416463,-0.11916991908416463,-0.10674212178499277,-449372.1676423303,-0.11234304191058257,-0.11234304191058257,-0.4024671607603458,False,True,616
Carlos Baleba,Carlos Baleba,Brighton,Premier League,2024-2025,MF,MID,20.95277207392197,2661,0.85,exact_age_validated,35000000.0,17.37085861945369,17.251204,31052938.514065206,0.11965461945368716,-0.11965461945368716,-0.11965461945368716,-0.10730677080841472,-3947061.485934794,-0.11277318531242268,-0.11277318531242268,-0.40283012816506775,False,True,617
Tommy Doyle,Tommy Doyle,Wolves,Premier League,2023-2024,MF,MID,22.17111567419576,1222,0.85,exact_age_validated,7000000.0,15.761420707019589,15.641565,6209338.956406963,0.11985570701958892,-0.11985570701958892,-0.11985570701958892,-0.10754102665975764,-790661.043593037,-0.11295157765614813,-0.11295157765614813,-0.40298066076825845,False,True,618
Zé Carlos,Zé Carlos,Vitória Guimarães,Liga Portugal,2023-2024,MF,MID,22.15742642026009,420,0.85,exact_age_validated,2000000.0,14.50865773852422,14.387826,1772366.115035751,0.12083173852422036,-0.12083173852422036,-0.12083173852422036,-0.10867804918041733,-227633.8849642491,-0.11381694248212455,-0.11381694248212455,-0.40371088055932963,False,True,619
Habib Diarra,Habib Diarra,Strasbourg,Ligue 1,2024-2025,"MF,FW",MID,20.761122518822724,2352,0.85,exact_age_validated,20000000.0,16.811242831518264,16.689949,17715473.06268573,0.12129383151826545,-0.12129383151826545,-0.12129383151826545,-0.10921636186640665,-2284526.937314268,-0.11422634686571341,-0.11422634686571341,-0.4040563477824868,False,True,620
Dies Janse,Dies Janse,Ajax,Eredivisie,2024-2025,DF,DEF,18.740588637919235,330,0.85,exact_age_validated,800000.0,13.592367006650065,13.469167,707269.4573065353,0.12320000665006425,-0.12320000665006425,-0.12320000665006425,-0.11143695007784471,-92730.54269346467,-0.11591317836683084,-0.11591317836683084,-0.4054797448392466,False,True,621
Bafodé Diakité,Bafodé Diakité,Lille,Ligue 1,2023-2024,DF,DEF,22.77344284736482,1696,0.85,exact_age_validated,15000000.0,16.523560759066484,16.399591,13251098.332765872,0.12396975906648322,-0.12396975906648322,-0.12396975906648322,-0.11233366891186543,-1748901.6672341283,-0.11659344448227522,-0.11659344448227522,-0.4060537730014522,False,True,622
Álex Valle,Álex Valle,Como,Serie A,2024-2025,DF,DEF,20.607802874743328,1030,0.85,exact_age_validated,3000000.0,14.914122846632385,14.78845,2645709.951701843,0.12567284663238532,-0.12567284663238532,-0.12567284663238532,-0.11431767138299204,-354290.0482981568,-0.11809668276605227,-0.11809668276605227,-0.4073222488079091,False,True,623
Valentin Carboni,Valentín Carboni,Monza,Serie A,2023-2024,MF,MID,18.792607802874745,1169,0.85,exact_age_validated,5000000.0,15.424948470398377,15.298986,4408239.670291373,0.1259624703983775,-0.1259624703983775,-0.1259624703983775,-0.11465506699254845,-591760.3297086274,-0.11835206594172548,-0.11835206594172548,-0.4075377484949605,False,True,624
Oumar Diakité,Oumar Diakité,Reims,Ligue 1,2024-2025,FW,ATT,20.974674880219027,1628,0.85,exact_age_validated,9000000.0,16.012735135300492,15.883359,7907790.731208911,0.1293761353004914,-0.1293761353004914,-0.1293761353004914,-0.11863179710143443,-1092209.2687910888,-0.1213565854212321,-0.1213565854212321,-0.41007304866055155,False,True,625
Umut Tohumcu,Umut Tohumcu,Hoffenheim,Bundesliga,2024-2025,MF,MID,20.358658453114305,375,0.85,exact_age_validated,7000000.0,15.761420707019589,15.630781,6142737.207183928,0.13063970701958816,-0.13063970701958816,-0.13063970701958816,-0.1201037880097855,-857262.7928160718,-0.12246611325943882,-0.12246611325943882,-0.41100930024125204,False,True,626
Josh Doig,Josh Doig,Hellas Verona,Serie A,2023-2024,"MF,DF",DEF,21.590691307323752,830,0.85,exact_age_validated,7000000.0,15.761420707019589,15.630371,6140219.201155488,0.13104970701958862,-0.13104970701958862,-0.13104970701958862,-0.12058141524954047,-859780.7988445116,-0.1228258284063588,-0.1228258284063588,-0.41131283825382686,False,True,627
Pape Matar Sarr,Pape Matar Sarr,Tottenham Hotspur,Premier League,2023-2024,MF,MID,21.06776180698152,2069,1.0,exact_age_club_validated,35000000.0,17.37085861945369,17.238712,30667438.055115286,0.13214661945368888,-0.13214661945368888,-0.13214661945368888,-0.12185925734259322,-4332561.944884714,-0.12378748413956325,-0.12378748413956325,-0.4121243110887559,False,True,628
Renato Veiga,Renato Veiga,Juventus,Serie A,2024-2025,DF,DEF,21.177275838466805,1093,0.85,exact_age_validated,8000000.0,15.89495209964411,15.758712,6981064.707520211,0.13624009964411066,-0.13624009964411066,-0.13624009964411066,-0.12662793452391174,-1018935.2924797889,-0.12736691155997362,-0.12736691155997362,-0.41514473515110145,False,True,629
Jon Aramburu,Jon Aramburu,Real Sociedad,LaLiga,2024-2025,DF,DEF,21.99041752224504,2460,0.85,exact_age_validated,5000000.0,15.424948470398377,15.28788,4359552.620136459,0.13706847039837733,-0.13706847039837733,-0.13706847039837733,-0.1275929404674573,-640447.3798635406,-0.12808947597270812,-0.12808947597270812,-0.4157544558361398,False,True,630
Pape Matar Sarr,Pape Matar Sarr,Tottenham Hotspur,Premier League,2024-2025,MF,MID,22.25598904859685,1913,1.0,exact_age_club_validated,45000000.0,17.622173047734595,17.48164,39100272.725187354,0.1405330477345963,-0.1405330477345963,-0.1405330477345963,-0.1316289807357842,-5899727.274812646,-0.13110505055139213,-0.13110505055139213,-0.4182990846131665,False,True,631
Teden Mengi,Teden Mengi,Luton Town,Premier League,2023-2024,DF,DEF,21.637234770705,2469,1.0,exact_age_club_validated,7000000.0,15.761420707019589,15.62021,6078144.339268801,0.1412107070195887,-0.1412107070195887,-0.1412107070195887,-0.13241841618404002,-921855.6607311992,-0.13169366581874276,-0.13169366581874276,-0.41879577514719774,False,True,632
Devyne Rensch,Devyne Rensch,Roma,Serie A,2024-2025,"MF,DF",DEF,21.913757700205338,469,0.85,exact_age_validated,12000000.0,16.300417207752275,16.157671,10403688.86730306,0.14274620775227476,-0.14274620775227476,-0.14274620775227476,-0.1342071892976833,-1596311.1326969396,-0.13302592772474497,-0.13302592772474497,-0.41991997615635634,False,True,633
Amir Richardson,Amir Richardson,Fiorentina,Serie A,2024-2025,MF,MID,22.73237508555784,1099,0.85,exact_age_validated,9000000.0,16.012735135300492,15.866694,7777099.408760688,0.14604113530049112,-0.14604113530049112,-0.14604113530049112,-0.1380455969807209,-1222900.5912393117,-0.13587784347103463,-0.13587784347103463,-0.4223265048918623,False,True,634
Denso Kasius,Denso Kasius,AZ Alkmaar,Eredivisie,2023-2024,DF,DEF,21.190965092402465,453,0.85,exact_age_validated,2000000.0,14.50865773852422,14.360697,1724929.951850178,0.14796073852422076,-0.14796073852422076,-0.14796073852422076,-0.14028182817382748,-275070.04814982205,-0.13753502407491103,-0.13753502407491103,-0.423724881666611,False,True,635
Jeremy Doku,Jérémy Doku,Manchester City,Premier League,2024-2025,"MF,FW",MID,22.55715263518138,1516,0.85,exact_age_validated,60000000.0,17.909855120186375,17.761255,51714822.47336079,0.14860012018637647,-0.14860012018637647,-0.14860012018637647,-0.14102667231637633,-8285177.526639208,-0.13808629211065346,-0.13808629211065346,-0.424190057529785,False,True,636
Beñat Turrientes,Beñat Turrientes,Real Sociedad,LaLiga,2023-2024,MF,MID,21.697467488021903,1687,0.85,exact_age_validated,5000000.0,15.424948470398377,15.275647,4306547.082311622,0.1493014703983775,-0.1493014703983775,-0.1493014703983775,-0.14184370637944765,-693452.9176883781,-0.13869058353767563,-0.13869058353767563,-0.4246999760593351,False,True,637
Xavier Mbuyamba,Xavier Mbuyamba,Volendam,Eredivisie,2023-2024,DF,DEF,21.95482546201232,603,0.85,exact_age_validated,1500000.0,14.22097566607244,14.069105,1288649.07638066,0.1518706660724387,-0.1518706660724387,-0.1518706660724387,-0.14483667671649858,-211350.92361933994,-0.14090061574622662,-0.14090061574622662,-0.42656486495838164,False,True,638
Dave Kwakman,Dave Kwakman,Groningen,Eredivisie,2024-2025,MF,MID,20.36139630390144,1029,0.85,exact_age_validated,1000000.0,13.815510557964274,13.662267,857920.7429335343,0.1532435579642737,-0.1532435579642737,-0.1532435579642737,-0.14643601955742144,-142079.25706646568,-0.14207925706646568,-0.14207925706646568,-0.4275594364879579,False,True,639
William Saliba,William Saliba,Arsenal,Premier League,2023-2024,DF,DEF,22.54346338124572,3420,0.85,exact_age_validated,70000000.0,18.064005800013632,17.907103,59835099.805476286,0.15690280001363277,-0.15690280001363277,-0.15690280001363277,-0.15069883341017443,-10164900.194523714,-0.14521285992176736,-0.14521285992176736,-0.4302036609278832,False,True,640
Levi Colwill,Levi Colwill,Chelsea,Premier League,2024-2025,DF,DEF,21.80424366872005,3149,0.85,exact_age_validated,55000000.0,17.822843743196746,17.658468,46663274.50103774,0.16437574319674653,-0.16437574319674653,-0.16437574319674653,-0.15940439737454595,-8336725.498962261,-0.1515768272538593,-0.1515768272538593,-0.4355737600538566,False,True,641
Dilane Bakwa,Dilane Bakwa,Strasbourg,Ligue 1,2024-2025,MF,MID,22.29158110882957,2497,0.85,exact_age_validated,15000000.0,16.523560759066484,16.358826,12721779.450509641,0.1647347590664836,-0.1647347590664836,-0.1647347590664836,-0.1598226309328156,-2278220.5494903587,-0.15188136996602392,-0.15188136996602392,-0.43583074197520777,False,True,642
Valentín Barco,Valentín Barco,Brighton,Premier League,2023-2024,DF,DEF,18.94592744695414,307,0.85,exact_age_validated,3500000.0,15.068273526459642,14.903472,2968217.0183901396,0.16480152645964097,-0.16480152645964097,-0.16480152645964097,-0.15990041123939938,-531782.9816098604,-0.1519379947456744,-0.1519379947456744,-0.4358785235969292,False,True,643
Ryan Flamingo,Ryan Flamingo,Utrecht,Eredivisie,2023-2024,"MF,DF",DEF,20.955509924709105,2759,0.85,exact_age_validated,3000000.0,14.914122846632385,14.747793,2540300.65474596,0.16632984663238481,-0.16632984663238481,-0.16632984663238481,-0.16168081939932294,-459699.34525403986,-0.15323311508467996,-0.15323311508467996,-0.4369713834809597,False,True,644
Diego López,Diego López,Valencia,LaLiga,2023-2024,"MF,FW",MID,21.418206707734427,2656,0.85,exact_age_validated,10000000.0,16.11809565095832,15.950106,8453625.833319983,0.16798965095832052,-0.16798965095832052,-0.16798965095832052,-0.16361439929866228,-1546374.1666800175,-0.15463741666800174,-0.15463741666800174,-0.438156373646948,False,True,645
Rodrigo Pinheiro,Rodrigo Pinheiro,Famalicão,Liga Portugal,2024-2025,DF,DEF,22.310746064339494,1999,0.85,exact_age_validated,1500000.0,14.22097566607244,14.050883,1265379.9616703088,0.17009266607243845,-0.17009266607243845,-0.17009266607243845,-0.1660642951623647,-234620.03832969116,-0.15641335888646077,-0.15641335888646077,-0.4396549648963143,False,True,646
Diego Moreira,Diego Moreira,Strasbourg,Ligue 1,2024-2025,"MF,DF",DEF,20.34496919917865,2568,0.85,exact_age_validated,6000000.0,15.60727002719233,15.434952,5050268.660825852,0.1723180271923308,-0.1723180271923308,-0.1723180271923308,-0.16865671733102575,-949731.3391741477,-0.15828855652902463,-0.15828855652902463,-0.4412373107343545,False,True,647
Milos Kerkez,Milos Kerkez,Bournemouth,Premier League,2023-2024,DF,DEF,19.920602327173167,1970,0.85,exact_age_validated,18000000.0,16.70588231586044,16.52909,15083168.330984185,0.17679231586043898,-0.17679231586043898,-0.17679231586043898,-0.1738690152491063,-2916831.6690158155,-0.16204620383421198,-0.16204620383421198,-0.4444081218740576,False,True,648
Troy Parrott,Troy Parrott,Excelsior,Eredivisie,2023-2024,FW,ATT,21.859000684462696,1588,0.85,exact_age_validated,4000000.0,15.201804919084164,15.024953,3351615.41162643,0.17685191908416442,-0.17685191908416442,-0.17685191908416442,-0.17393844969600497,-648384.5883735698,-0.16209614709339246,-0.16209614709339246,-0.4444502654361593,False,True,649
Neco Williams,Neco Williams,Nottingham Forest,Premier League,2023-2024,"DF,MF",DEF,22.68309377138946,1637,1.0,exact_age_club_validated,17000000.0,16.64872390202049,16.46795,14188608.750963435,0.1807739020204906,-0.1807739020204906,-0.1807739020204906,-0.17850734209659389,-2811391.2490365654,-0.16537595582568032,-0.16537595582568032,-0.44721786261061397,False,True,650
Jhoanner Chávez,Jhoanner Chávez,Lens,Ligue 1,2023-2024,"MF,DF",DEF,21.24845995893224,481,0.85,exact_age_validated,2000000.0,14.50865773852422,14.326792,1667426.5369511135,0.1818657385242215,-0.1818657385242215,-0.1818657385242215,-0.1797792710125454,-332573.4630488865,-0.16628673152444326,-0.16628673152444326,-0.4479864014054661,False,True,651
Andy Diouf,Andy Diouf,Lens,Ligue 1,2024-2025,MF,MID,21.56878850102669,2225,0.85,exact_age_validated,10000000.0,16.11809565095832,15.933716,8316200.185493733,0.18437965095831998,-0.18437965095831998,-0.18437965095831998,-0.18270783944396685,-1683799.8145062672,-0.16837998145062671,-0.16837998145062671,-0.4497527460474879,False,True,652
Johnny Cardoso,Johnny Cardoso,Real Betis,LaLiga,2023-2024,MF,MID,21.842573579739906,1328,0.85,exact_age_validated,5000000.0,15.424948470398377,15.2391,4151997.0777077493,0.18584847039837626,-0.18584847039837626,-0.18584847039837626,-0.18441893255336134,-848002.9222922507,-0.16960058445845014,-0.16960058445845014,-0.4507827260589217,False,True,653
Charlie Cresswell,Charlie Cresswell,Toulouse,Ligue 1,2024-2025,DF,DEF,22.31622176591376,2592,0.85,exact_age_validated,5000000.0,15.424948470398377,15.238254,4148485.97358646,0.18669447039837728,-0.18669447039837728,-0.18669447039837728,-0.1854044755895387,-851514.0264135399,-0.17030280528270797,-0.17030280528270797,-0.4513752802374404,False,True,654
Naci Ünüvar,Naci Ünüvar,Twente,Eredivisie,2024-2025,"MF,FW",MID,21.541409993155373,390,0.85,exact_age_validated,2000000.0,14.50865773852422,14.321393,1658448.3594770886,0.18726473852422032,-0.18726473852422032,-0.18726473852422032,-0.18606880629896883,-341551.64052291145,-0.1707758202614557,-0.1707758202614557,-0.4517744239148657,False,True,655
Demir Ege Tıknaz,Demir Ege Tıknaz,Rio Ave,Liga Portugal,2024-2025,MF,MID,20.33949349760438,1976,0.85,exact_age_validated,2500000.0,14.73180128983843,14.542946,2069765.761204084,0.18885528983842903,-0.18885528983842903,-0.18885528983842903,-0.18792171028407442,-430234.2387959161,-0.17209369551836642,-0.17209369551836642,-0.4528864850547132,False,True,656
João Gomes,João Gomes,Wolves,Premier League,2023-2024,MF,MID,22.652977412731005,2649,0.85,exact_age_validated,22000000.0,16.90655301132259,16.716291,18188334.772735912,0.19026201132259146,-0.19026201132259146,-0.19026201132259146,-0.18956046272208357,-3811665.2272640876,-0.1732575103301858,-0.1732575103301858,-0.4538685455489948,False,True,657
Filip Krastev,Filip Krastev,Zwolle,Eredivisie,2024-2025,"MF,FW",MID,22.99794661190965,2174,0.85,exact_age_validated,3500000.0,15.068273526459642,14.877045,2890803.3579813563,0.19122852645964095,-0.19122852645964095,-0.19122852645964095,-0.19068639920279046,-609196.6420186437,-0.1740561834338982,-0.1740561834338982,-0.4545424889419089,False,True,658
Matteo Prati,Matteo Prati,Cagliari,Serie A,2023-2024,MF,MID,19.786447638603697,1972,0.85,exact_age_validated,4000000.0,15.201804919084164,15.010311,3302898.585013172,0.1914939190841647,-0.1914939190841647,-0.1914939190841647,-0.19099556687767452,-697101.4149868279,-0.17427535374670697,-0.17427535374670697,-0.4547274311711561,False,True,659
Dan Ndoye,Dan Ndoye,Bologna,Serie A,2023-2024,"MF,FW",MID,22.9596167008898,1771,0.85,exact_age_validated,8500000.0,15.955576721460544,15.762945,7010678.187138203,0.1926317214605433,-0.1926317214605433,-0.1926317214605433,-0.19232104348356657,-1489321.8128617974,-0.17521433092491734,-0.17521433092491734,-0.45551976718749443,False,True,660
Jonas Urbig,Jonas Urbig,Bayern Munich,Bundesliga,2024-2025,GK,GK,21.36618754277892,720,1.0,exact_age_club_validated,3000000.0,14.914122846632385,14.721156,2473527.9268386248,0.19296684663238395,-0.19296684663238395,-0.19296684663238395,-0.1927114457050263,-526472.0731613752,-0.17549069105379175,-0.17549069105379175,-0.4557529678324817,False,True,661
Nathaniel Brown,Nathaniel Brown,Eintracht Frankfurt,Bundesliga,2024-2025,"MF,DF",DEF,21.51403148528405,1947,1.0,exact_age_club_validated,8000000.0,15.89495209964411,15.7018585,6595238.452249924,0.19309359964410966,-0.19309359964410966,-0.19309359964410966,-0.1928591059272729,-1404761.5477500763,-0.17559519346875954,-0.17559519346875954,-0.4558411499833314,False,True,662
Myron Boadu,Myron Boadu,Twente,Eredivisie,2023-2024,FW,ATT,22.924024640657084,301,0.85,exact_age_validated,6000000.0,15.60727002719233,15.411036,4930919.303828219,0.19623402719233063,-0.19623402719233063,-0.19623402719233063,-0.19651752968704256,-1069080.696171781,-0.17818011602863018,-0.17818011602863018,-0.4580223821699692,False,True,663
Fabio Carvalho,Fábio Carvalho,Brentford,Premier League,2024-2025,"FW,MF",MID,22.088980150581797,455,0.85,exact_age_validated,18000000.0,16.70588231586044,16.503843,14707130.468104491,0.20203931586043922,-0.20203931586043922,-0.20203931586043922,-0.20328036871759472,-3292869.531895509,-0.18293719621641716,-0.18293719621641716,-0.46203654359248286,False,True,664
Rick Meissen,Rick Meissen,Sparta Rotterdam,Eredivisie,2024-2025,DF,DEF,22.63655030800821,767,0.85,exact_age_validated,800000.0,13.592367006650065,13.389723,653255.1062251041,0.20264400665006477,-0.20264400665006477,-0.20264400665006477,-0.2039847999194332,-146744.89377489593,-0.1834311172186199,-0.1834311172186199,-0.46245332837527914,False,True,665
Mohamed Kaba,Mohamed Kaba,Lecce,Serie A,2023-2024,MF,MID,21.95482546201232,1378,0.85,exact_age_validated,3500000.0,15.068273526459642,14.86549,2857592.3711774293,0.20278352645964226,-0.20278352645964226,-0.20278352645964226,-0.20414733275245653,-642407.6288225707,-0.18354503680644876,-0.18354503680644876,-0.4625494570081127,False,True,666
Kevin Schade,Kevin Schade,Brentford,Premier League,2023-2024,FW,ATT,22.05886379192334,333,0.85,exact_age_validated,25000000.0,17.034386382832476,16.830725,20393463.687550753,0.20366138283247537,-0.20366138283247537,-0.20366138283247537,-0.20516998669454703,-4606536.312449247,-0.18426145249796985,-0.18426145249796985,-0.46315398922490614,False,True,667
Bukayo Saka,Bukayo Saka,Arsenal,Premier League,2023-2024,FW,ATT,22.286105407255302,2919,0.85,exact_age_validated,120000000.0,18.60300230074632,18.399004,97855650.82390875,0.20399830074631708,-0.20399830074631708,-0.20399830074631708,-0.20556247736091787,-22144349.176091254,-0.18453624313409378,-0.18453624313409378,-0.4633858654866577,False,True,668
Kaio Jorge,Kaio Jorge,Frosinone,Serie A,2023-2024,FW,ATT,21.90280629705681,812,0.85,exact_age_validated,3000000.0,14.914122846632385,14.703543,2430343.103000217,0.21057984663238472,-0.21057984663238472,-0.21057984663238472,-0.2132296129581852,-569656.8969997829,-0.18988563233326097,-0.18988563233326097,-0.4678998343309159,False,True,669
Yankuba Minteh,Yankuba Minteh,Feyenoord,Eredivisie,2023-2024,"MF,FW",MID,19.236139630390145,1456,0.85,exact_age_validated,8000000.0,15.89495209964411,15.676788,6431947.9663535515,0.21816409964410965,-0.21816409964410965,-0.21816409964410965,-0.22206484669376916,-1568052.0336464485,-0.19600650420580606,-0.19600650420580606,-0.473064802498995,False,True,670
Marcus Linday,Marcus Linday,Heerenveen,Eredivisie,2024-2025,MF,MID,21.319644079397676,1264,0.85,exact_age_validated,1200000.0,13.997832114758229,13.777286,962496.7803042119,0.22054611475822838,-0.22054611475822838,-0.22054611475822838,-0.22483976206940298,-237503.2196957881,-0.1979193497464901,-0.1979193497464901,-0.4746789167189643,False,True,671
Alessandro Marcandalli,Alessandro Marcandalli,Venezia,Serie A,2024-2025,DF,DEF,22.1492128678987,354,0.85,exact_age_validated,2000000.0,14.50865773852422,14.285165,1599441.3979979965,0.22349273852422158,-0.22349273852422158,-0.22349273852422158,-0.22827241518146674,-400558.60200200346,-0.20027930100100172,-0.20027930100100172,-0.47667031163158197,False,True,672
Álvaro Carreras,Álvaro Carreras,Granada,LaLiga,2023-2024,"MF,FW",MID,20.750171115674195,475,0.85,exact_age_validated,7000000.0,15.761420707019589,15.536892,5592248.497808,0.22452870701958894,-0.22452870701958894,-0.22452870701958894,-0.22947926096906396,-1407751.502192,-0.201107357456,-0.201107357456,-0.47736904954351606,False,True,673
James Mcatee,James McAtee,Sheffield United,Premier League,2023-2024,"MF,FW",MID,21.169062286105408,1822,0.85,exact_age_validated,12000000.0,16.300417207752275,16.074589,9574261.862681312,0.22582820775227574,-0.22582820775227574,-0.22582820775227574,-0.2309931071837275,-2425738.1373186875,-0.20214484477655728,-0.20214484477655728,-0.4782445112582923,False,True,674
Julian Araujo,Julián Araujo,Las Palmas,LaLiga,2023-2024,DF,DEF,22.16563997262149,1462,0.85,exact_age_validated,4000000.0,15.201804919084164,14.971606,3177502.281300459,0.2301989190841649,-0.2301989190841649,-0.2301989190841649,-0.23608474325498027,-822497.718699541,-0.20562442967488523,-0.20562442967488523,-0.4811806853217627,False,True,675
Jeremy Agbonifo,Jeremy Agbonifo,Lens,Ligue 1,2024-2025,FW,ATT,18.924024640657084,300,0.85,exact_age_validated,2000000.0,14.50865773852422,14.277683,1587519.0346376025,0.23097473852422112,-0.23097473852422112,-0.23097473852422112,-0.23698852983474097,-412480.9653623975,-0.20624048268119874,-0.20624048268119874,-0.48170052861103835,False,True,676
Pietro Comuzzo,Pietro Comuzzo,Fiorentina,Serie A,2024-2025,DF,DEF,19.65776865160849,2200,0.85,exact_age_validated,4000000.0,15.201804919084164,14.969544,3170957.0220777984,0.23226091908416358,-0.23226091908416358,-0.23226091908416358,-0.23848685878759737,-829042.9779222016,-0.2072607444805504,-0.2072607444805504,-0.48256145493436087,False,True,677
Samuel Iling-Junior,Samuel Iling-Junior,Juventus,Serie A,2023-2024,MF,MID,20.21081451060917,810,0.85,exact_age_validated,10000000.0,16.11809565095832,15.885736,7926609.907507122,0.23235965095832078,-0.23235965095832078,-0.23235965095832078,-0.23860187594010832,-2073390.0924928784,-0.20733900924928783,-0.20733900924928783,-0.48262749700281593,False,True,678
Saba Goglichidze,Saba Goglichidze,Empoli,Serie A,2024-2025,DF,DEF,20.314852840520192,2539,0.85,exact_age_validated,5000000.0,15.424948470398377,15.192159,3961601.8142850213,0.2327894703983766,-0.2327894703983766,-0.2327894703983766,-0.23910259172729528,-1038398.1857149787,-0.20767963714299575,-0.20767963714299575,-0.48291492864079105,False,True,679
Givairo Read,Givairo Read,Feyenoord,Eredivisie,2024-2025,DF,DEF,18.54346338124572,1979,0.85,exact_age_validated,4000000.0,15.201804919084164,14.966748,3162103.4093624894,0.2350569190841636,-0.2350569190841636,-0.2350569190841636,-0.24174404357382517,-837896.5906375106,-0.20947414765937766,-0.20947414765937766,-0.48442918835532117,False,True,680
Brian Mansilla,Brian Mansilla,Arouca,Liga Portugal,2024-2025,MF,MID,22.60095824777549,340,0.85,exact_age_validated,1000000.0,13.815510557964274,13.579733,789956.3738944927,0.23577755796427446,-0.23577755796427446,-0.23577755796427446,-0.24258354786447658,-210043.62610550725,-0.21004362610550725,-0.21004362610550725,-0.4849097306878375,False,True,681
Nicolò Rovella,Nicolò Rovella,Lazio,Serie A,2023-2024,MF,MID,22.04243668720055,1318,0.85,exact_age_validated,18000000.0,16.70588231586044,16.46898,14203230.546909152,0.23690231586044064,-0.23690231586044064,-0.23690231586044064,-0.24389382837505671,-3796769.4530908484,-0.2109316362828249,-0.2109316362828249,-0.48565905927929987,False,True,682
Koki Saito,Koki Saito,Sparta Rotterdam,Eredivisie,2023-2024,"MF,FW",MID,22.34633812457221,1658,0.85,exact_age_validated,3000000.0,14.914122846632385,14.675259,2362566.296578235,0.23886384663238402,-0.23886384663238402,-0.23886384663238402,-0.24617890283431695,-637433.703421765,-0.21247790114058834,-0.21247790114058834,-0.4869638421494642,False,True,683
Jeremy Doku,Jérémy Doku,Manchester City,Premier League,2023-2024,"MF,FW",MID,21.36892539356605,1595,0.85,exact_age_validated,60000000.0,17.909855120186375,17.666555,47042170.40253854,0.24330012018637603,-0.24330012018637603,-0.24330012018637603,-0.25134691525477737,-12957829.597461462,-0.2159638266243577,-0.2159638266243577,-0.48990536658174705,False,True,684
Metinho,Metinho,Sparta Rotterdam,Eredivisie,2023-2024,MF,MID,20.64613278576317,1268,0.85,exact_age_validated,1200000.0,13.997832114758229,13.753769,940125.8234288627,0.2440631147582284,-0.2440631147582284,-0.2440631147582284,-0.25223576157502486,-259874.17657113727,-0.21656181380928105,-0.21656181380928105,-0.490409965410045,False,True,685
Kiliann Sildillia,Kiliann Sildillia,Freiburg,Bundesliga,2023-2024,DF,DEF,21.423682409308693,1806,0.85,exact_age_validated,15000000.0,16.523560759066484,16.278667,11741815.468801197,0.24489375906648547,-0.24489375906648547,-0.24489375906648547,-0.2532034160827579,-3258184.5311988033,-0.21721230207992023,-0.21721230207992023,-0.4909588661682246,False,True,686
Ramon Hendriks,Ramon Hendriks,Vitesse,Eredivisie,2023-2024,DF,DEF,22.24777549623545,2645,0.85,exact_age_validated,1000000.0,13.815510557964274,13.567918,780677.9595041127,0.24759255796427304,-0.24759255796427304,-0.24759255796427304,-0.256347366980813,-219322.04049588728,-0.21932204049588727,-0.21932204049588727,-0.49273912427333544,False,True,687
Mexx Meerdink,Mexx Meerdink,Vitesse,Eredivisie,2023-2024,FW,ATT,20.39425051334702,590,0.85,exact_age_validated,1000000.0,13.815510557964274,13.564347,777895.1302096569,0.2511635579642739,-0.2511635579642739,-0.2511635579642739,-0.2605073837446264,-222104.8697903431,-0.2221048697903431,-0.2221048697903431,-0.4950873558688264,False,True,688
Alan Virginius,Alan Virginius,Clermont Foot,Ligue 1,2023-2024,"MF,FW",MID,20.955509924709105,934,0.85,exact_age_validated,3500000.0,15.068273526459642,14.8164425,2720816.290362296,0.25183102645964084,-0.25183102645964084,-0.25183102645964084,-0.2612849474886877,-779183.7096377038,-0.22262391703934395,-0.22262391703934395,-0.49552534290313166,False,True,689
Lewis Hall,Lewis Hall,Newcastle United,Premier League,2023-2024,DF,DEF,19.082819986310746,781,0.85,exact_age_validated,18000000.0,16.70588231586044,16.45337,13983239.614419565,0.25251231586043943,-0.25251231586043943,-0.25251231586043943,-0.26207861182033987,-4016760.3855804354,-0.22315335475446862,-0.22315335475446862,-0.49597209771233863,False,True,690
Kian Fitz-Jim,Kian Fitz-Jim,Excelsior,Eredivisie,2023-2024,MF,MID,20.44626967830253,398,0.85,exact_age_validated,1000000.0,13.815510557964274,13.562681,776600.2358692173,0.2528295579642741,-0.2528295579642741,-0.2528295579642741,-0.26244818126031166,-223399.76413078269,-0.2233997641307827,-0.2233997641307827,-0.49618002504875086,False,True,691
Fabio Miretti,Fabio Miretti,Juventus,Serie A,2023-2024,MF,MID,20.38056125941136,1103,0.85,exact_age_validated,15000000.0,16.523560759066484,16.267656,11613235.534607964,0.25590475906648535,-0.25590475906648535,-0.25590475906648535,-0.26603061983138226,-3386764.4653920364,-0.22578429769280242,-0.22578429769280242,-0.49819216322122123,False,True,692
João Marques,João Marques,Gil Vicente FC,Liga Portugal,2024-2025,MF,MID,22.847364818617383,587,0.85,exact_age_validated,3000000.0,14.914122846632385,14.657928,2321973.4335927577,0.25619484663238445,-0.25619484663238445,-0.25619484663238445,-0.2663685557420834,-678026.5664072423,-0.22600885546908078,-0.22600885546908078,-0.49838165154747993,False,True,693
Ringo Meerveld,Ringo Meerveld,Willem II,Eredivisie,2024-2025,"MF,FW",MID,22.43394934976044,2900,0.85,exact_age_validated,3000000.0,14.914122846632385,14.655295,2315867.719242469,0.2588278466323839,-0.2588278466323839,-0.2588278466323839,-0.269435854576896,-684132.280757531,-0.22804409358584368,-0.22804409358584368,-0.5000990441520682,False,True,694
Mamadou Sarr,Mamadou Sarr,Strasbourg,Ligue 1,2024-2025,DF,DEF,19.107460643394933,2365,0.85,exact_age_validated,5000000.0,15.424948470398377,15.166041,3859472.21412361,0.2589074703983769,-0.2589074703983769,-0.2589074703983769,-0.2695286118441401,-1140527.78587639,-0.228105557175278,-0.228105557175278,-0.5001509089010018,False,True,695
Etienne Youte Kinkoue,Étienne Youté Kinkoué,Le Havre,Ligue 1,2024-2025,DF,DEF,22.90485968514716,2320,0.85,exact_age_validated,8000000.0,15.89495209964411,15.632989,6156315.355696924,0.2619630996441096,-0.2619630996441096,-0.2619630996441096,-0.2730882502889016,-1843684.644303076,-0.23046058053788449,-0.23046058053788449,-0.5021381455163448,False,True,696
Désiré Doué,Désiré Doué,Paris Saint-Germain,Ligue 1,2024-2025,"MF,FW",MID,19.345653661875428,1730,1.0,exact_age_club_validated,40000000.0,17.50439001207821,17.242104,30771638.629263997,0.26228601207821,-0.26228601207821,-0.26228601207821,-0.2734644253488572,-9228361.370736003,-0.23070903426840006,-0.23070903426840006,-0.5023477979377767,False,True,697
Alberto Moleiro,Alberto Moleiro,Las Palmas,LaLiga,2023-2024,"MF,FW",MID,20.22724161533197,1803,0.85,exact_age_validated,10000000.0,16.11809565095832,15.854198,7680521.4503505,0.2638976509583202,-0.2638976509583202,-0.2638976509583202,-0.27534189517760826,-2319478.5496495003,-0.23194785496495002,-0.23194785496495002,-0.5033931505602255,False,True,698
Mathias Ross,Mathias Ross,NEC Nijmegen,Eredivisie,2023-2024,DF,DEF,22.91307323750856,1041,0.85,exact_age_validated,1200000.0,13.997832114758229,13.733524,921284.3425501619,0.26430811475822935,-0.26430811475822935,-0.26430811475822935,-0.27582006271851,-278715.6574498381,-0.2322630478748651,-0.2322630478748651,-0.5036591194255138,False,True,699
Malik Tillman,Malik Tillman,PSV,Eredivisie,2023-2024,"MF,FW",MID,21.388090349075977,1594,0.85,exact_age_validated,8000000.0,15.89495209964411,15.63028,6139660.466630993,0.264672099644109,-0.264672099644109,-0.264672099644109,-0.2762440849047418,-1860339.5333690066,-0.2325424416711258,-0.2325424416711258,-0.503894879966511,False,True,700
Tiago Santos,Tiago Santos,Lille,Ligue 1,2023-2024,DF,DEF,21.232032854209447,2365,0.85,exact_age_validated,5000000.0,15.424948470398377,15.1585245,3830571.2443656507,0.2664239703983764,-0.2664239703983764,-0.2664239703983764,-0.2782849170822229,-1169428.7556343493,-0.23388575112686985,-0.23388575112686985,-0.5050284032166737,False,True,701
Mathias Kjølø,Mathias Kjølø,Twente,Eredivisie,2023-2024,MF,MID,22.305270362765228,2235,0.85,exact_age_validated,1800000.0,14.403297222866392,14.13636,1378298.0515227455,0.26693722286639243,-0.26693722286639243,-0.26693722286639243,-0.27888282771538303,-421701.9484772545,-0.2342788602651414,-0.2342788602651414,-0.5053601200419942,False,True,702
Antonín Kinský,Antonín Kinský,Tottenham Hotspur,Premier League,2024-2025,GK,GK,21.544147843942504,540,1.0,exact_age_club_validated,5000000.0,15.424948470398377,15.157943,3828344.4147005226,0.2670054703983773,-0.2670054703983773,-0.2670054703983773,-0.2789623323015342,-1171655.5852994774,-0.23433111705989548,-0.23433111705989548,-0.5054042158321186,False,True,703
Joško Gvardiol,Josko Gvardiol,Manchester City,Premier League,2024-2025,DF,DEF,22.89664613278576,3277,0.85,exact_age_validated,75000000.0,18.132998671500584,17.865688,57407642.670722075,0.2673106715005851,-0.2673106715005851,-0.2673106715005851,-0.2793178746430403,-17592357.329277925,-0.23456476439037233,-0.23456476439037233,-0.5056013741862875,False,True,704
Carlos Dotor,Carlos Dotor,Celta Vigo,LaLiga,2023-2024,MF,MID,22.57905544147844,708,0.85,exact_age_validated,3000000.0,14.914122846632385,14.646785,2296243.3052665396,0.267337846632385,-0.267337846632385,-0.267337846632385,-0.2793495321630198,-703756.6947334604,-0.23458556491115348,-0.23458556491115348,-0.5056189262654605,False,True,705
Wouter Goes,Wouter Goes,AZ Alkmaar,Eredivisie,2024-2025,DF,DEF,20.520191649555095,2052,0.85,exact_age_validated,5000000.0,15.424948470398377,15.156652,3823405.2110031364,0.26829647039837745,-0.26829647039837745,-0.26829647039837745,-0.2804662756345172,-1176594.7889968636,-0.23531895779937273,-0.23531895779937273,-0.5062377843303284,False,True,706
Cole Palmer,Cole Palmer,Chelsea,Premier League,2024-2025,MF,MID,22.40657084188912,3191,0.85,exact_age_validated,90000000.0,18.31532022829454,18.044378,68639449.98000072,0.2709422282945404,-0.2709422282945404,-0.2709422282945404,-0.2835484367101338,-21360550.01999928,-0.23733944466665868,-0.23733944466665868,-0.5079427294052878,False,True,707
Roberto Férnandez,Roberto Fernández,Braga,Liga Portugal,2024-2025,FW,ATT,22.26694045174538,505,0.85,exact_age_validated,3500000.0,15.068273526459642,14.797239,2669065.5824417295,0.2710345264596423,-0.2710345264596423,-0.2710345264596423,-0.2836559589487485,-830934.4175582705,-0.2374098335880773,-0.2374098335880773,-0.5080021256066922,False,True,708
Jakub Kamiński,Jakub Kaminski,Wolfsburg,Bundesliga,2023-2024,MF,MID,21.52498288843258,473,0.85,exact_age_validated,10000000.0,16.11809565095832,15.846981,7625290.66704967,0.2711146509583209,-0.2711146509583209,-0.2711146509583209,-0.28374929954177425,-2374709.3329503303,-0.23747093329503302,-0.23747093329503302,-0.5080536833010987,False,True,709
Michael Kayode,Michael Kayode,Fiorentina,Serie A,2023-2024,DF,DEF,19.252566735112936,2058,0.85,exact_age_validated,5000000.0,15.424948470398377,15.152946,3809261.8950431705,0.27200247039837677,-0.27200247039837677,-0.27200247039837677,-0.2847835599041016,-1190738.1049568295,-0.23814762099136588,-0.23814762099136588,-0.5086246918900821,False,True,710
Mateo Pellegrino,Mateo Pellegrino,Parma,Serie A,2024-2025,FW,ATT,22.94045174537988,737,0.85,exact_age_validated,3500000.0,15.068273526459642,14.787166,2642315.040123511,0.28110752645964254,-0.28110752645964254,-0.28110752645964254,-0.29539044476837417,-857684.9598764889,-0.24505284567899682,-0.24505284567899682,-0.5144515195786378,False,True,711
Enzo Millot,Enzo Millot,Stuttgart,Bundesliga,2023-2024,MF,MID,21.253935660506503,2241,0.85,exact_age_validated,20000000.0,16.811242831518264,16.52778,15063422.316933641,0.2834628315182641,-0.2834628315182641,-0.2834628315182641,-0.2981342444121036,-4936577.683066359,-0.24682888415331794,-0.24682888415331794,-0.5159501920514759,False,True,712
Daniel Svensson,Daniel Svensson,Dortmund,Bundesliga,2024-2025,"MF,DF",DEF,22.822724161533195,781,0.85,exact_age_validated,5500000.0,15.5202586502027,15.23549,4137035.3903514156,0.28476865020270026,-0.28476865020270026,-0.28476865020270026,-0.29965545068982796,-1362964.6096485844,-0.24781174720883353,-0.24781174720883353,-0.5167795602364381,False,True,713
Mikkel Kaufmann,Mikkel Kaufmann,Union Berlin,Bundesliga,2023-2024,FW,ATT,22.94318959616701,486,0.85,exact_age_validated,2700000.0,14.808762330974558,14.523152,2029199.6252581894,0.2856103309745581,-0.2856103309745581,-0.2856103309745581,-0.30063596206499105,-670800.3747418106,-0.24844458323770763,-0.24844458323770763,-0.5173135655240523,False,True,714
Giovanni Fabbian,Giovanni Fabbian,Bologna,Serie A,2024-2025,MF,MID,21.927446954141,1023,0.85,exact_age_validated,13000000.0,16.38045991542581,16.093683,9758829.276341127,0.2867769154258113,-0.2867769154258113,-0.2867769154258113,-0.30199496819033855,-3241170.723658873,-0.24932082489683638,-0.24932082489683638,-0.5180529635005472,False,True,715
Harry Amass,Harry Amass,Manchester Utd,Premier League,2024-2025,MF,MID,18.206707734428477,346,0.85,exact_age_validated,5000000.0,15.424948470398377,15.136885,3748570.030411339,0.2880634703983773,-0.2880634703983773,-0.2880634703983773,-0.30349373331311674,-1251429.969588661,-0.2502859939177322,-0.2502859939177322,-0.5188674009489282,False,True,716
Bryan Zaragoza,Bryan Zaragoza,Granada,LaLiga,2023-2024,"MF,FW",MID,22.091718001368925,1638,0.85,exact_age_validated,8000000.0,15.89495209964411,15.605134,5987197.514941861,0.2898180996441102,-0.2898180996441102,-0.2898180996441102,-0.30553777898002354,-2012802.485058139,-0.2516003106322674,-0.2516003106322674,-0.5199764592881165,False,True,717
Nicola Zalewski,Nicola Zalewski,Roma,Serie A,2024-2025,MF,MID,22.902121834360027,533,0.85,exact_age_validated,10000000.0,16.11809565095832,15.82787,7480947.40236208,0.29022565095831965,-0.29022565095831965,-0.29022565095831965,-0.3060125536367654,-2519052.5976379197,-0.25190525976379197,-0.25190525976379197,-0.5202337841578418,False,True,718
Jarrad Branthwaite,Jarrad Branthwaite,Everton,Premier League,2024-2025,DF,DEF,22.472279260780287,2511,0.85,exact_age_validated,42000000.0,17.553180176247643,17.25531,31180704.002649702,0.2978701762476419,-0.2978701762476419,-0.2978701762476419,-0.31491800122986763,-10819295.997350298,-0.2576022856511976,-0.2576022856511976,-0.5250410988629832,False,True,719
Oscar Fraulo,Oscar Fraulo,Utrecht,Eredivisie,2023-2024,MF,MID,20.024640657084188,2094,0.85,exact_age_validated,2500000.0,14.73180128983843,14.42328,1836330.7848960445,0.3085212898384295,-0.3085212898384295,-0.3085212898384295,-0.32732595729005987,-663669.2151039555,-0.26546768604158216,-0.26546768604158216,-0.5316781504941,False,True,720
Ryan Gravenberch,Ryan Gravenberch,Liverpool,Premier League,2023-2024,MF,MID,21.399041752224505,1121,0.85,exact_age_validated,35000000.0,17.37085861945369,17.059586,25637995.286346003,0.311272619453689,-0.311272619453689,-0.311272619453689,-0.3305311035578428,-9362004.713653997,-0.26748584896154276,-0.26748584896154276,-0.5333811345553005,False,True,721
Abdukodir Khusanov,Abdukodir Khusanov,Manchester City,Premier League,2024-2025,DF,DEF,20.605065023956197,503,0.85,exact_age_validated,5000000.0,15.424948470398377,15.108833,3644876.351213565,0.3161154703983762,-0.3161154703983762,-0.3161154703983762,-0.33617275606821617,-1355123.648786435,-0.271024729757287,-0.271024729757287,-0.5363673442066789,False,True,722
Giovanni Fabbian,Giovanni Fabbian,Bologna,Serie A,2023-2024,MF,MID,20.930869267624917,1057,0.85,exact_age_validated,7000000.0,15.761420707019589,15.444472,5098576.800372876,0.31694870701958955,-0.31694870701958955,-0.31694870701958955,-0.33714343047663675,-1901423.1996271238,-0.2716318856610177,-0.2716318856610177,-0.5368796798642668,False,True,723
Anass Salah-Eddine,Anass Salah-Eddine,Twente,Eredivisie,2024-2025,DF,DEF,22.7378507871321,1280,0.85,exact_age_validated,4000000.0,15.201804919084164,14.883608,2909838.0945844483,0.3181969190841638,-0.3181969190841638,-0.3181969190841638,-0.33859752824012646,-1090161.9054155517,-0.27254047635388795,-0.27254047635388795,-0.5376463748881467,False,True,724
Alberto Moleiro,Alberto Moleiro,Las Palmas,LaLiga,2024-2025,MF,MID,21.032169746748803,2714,0.85,exact_age_validated,20000000.0,16.811242831518264,16.49275,14544885.82348627,0.31849283151826313,-0.31849283151826313,-0.31849283151826313,-0.3389422497989262,-5455114.17651373,-0.2727557088256865,-0.2727557088256865,-0.5378279942536105,False,True,725
Kristjan Asllani,Kristjan Asllani,Inter,Serie A,2023-2024,MF,MID,21.782340862423,787,0.85,exact_age_validated,14000000.0,16.454567887579532,16.134794,10168385.457360625,0.31977388757953307,-0.31977388757953307,-0.31977388757953307,-0.3404346089953043,-3831614.5426393747,-0.27368675304566964,-0.27368675304566964,-0.538613636211067,False,True,726
John Mercado,John Mercado,AVS Futebol,Liga Portugal,2024-2025,"MF,FW",MID,22.349075975359344,2341,0.85,exact_age_validated,1500000.0,14.22097566607244,13.898082,1086076.2621665986,0.32289366607243863,-0.32289366607243863,-0.32289366607243863,-0.3440689777519183,-413923.7378334014,-0.2759491585556009,-0.2759491585556009,-0.5405227192118884,False,True,727
Malo Gusto,Malo Gusto,Chelsea,Premier League,2024-2025,DF,DEF,21.579739904175224,1862,0.85,exact_age_validated,35000000.0,17.37085861945369,17.046265,25298736.203012843,0.32459361945369025,-0.32459361945369025,-0.32459361945369025,-0.34604932907191444,-9701263.796987157,-0.2771789656282045,-0.2771789656282045,-0.541560465878563,False,True,728
Bazoumana Touré,Bazoumana Touré,Hoffenheim,Bundesliga,2024-2025,"MF,FW",MID,18.570841889117045,609,0.85,exact_age_validated,6000000.0,15.60727002719233,15.281881,4333477.953129832,0.32538902719232965,-0.32538902719232965,-0.32538902719232965,-0.34697593493212336,-1666522.0468701683,-0.27775367447836136,-0.27775367447836136,-0.5420454217768049,False,True,729
Ryan Fosso,Ryan Fosso,Fortuna Sittard,Eredivisie,2024-2025,MF,MID,22.327173169062284,2551,0.85,exact_age_validated,1000000.0,13.815510557964274,13.490002,722160.0000201944,0.32550855796427314,-0.32550855796427314,-0.32550855796427314,-0.3471151816459504,-277839.99997980555,-0.2778399999798056,-0.2778399999798056,-0.5421182657239315,False,True,730
Maximilian Beier,Maximilian Beier,Dortmund,Bundesliga,2024-2025,"MF,FW",MID,22.17659137577002,1591,0.85,exact_age_validated,30000000.0,17.216707939626428,16.89082,21656582.331686374,0.32588793962642626,-0.32588793962642626,-0.32588793962642626,-0.34755714022182266,-8343417.668313626,-0.2781139222771209,-0.2781139222771209,-0.5423494092563598,False,True,731
Yunus Musah,Yunus Musah,Milan,Serie A,2024-2025,"MF,FW",MID,22.05338809034908,1571,0.85,exact_age_validated,22000000.0,16.90655301132259,16.578354,15844832.818589069,0.3281990113225888,-0.3281990113225888,-0.3281990113225888,-0.35024941045380487,-6155167.181410931,-0.27978032642776957,-0.27978032642776957,-0.5437555691258159,False,True,732
Shiloh ’t Zand,Shiloh 't Zand,Heracles Almelo,Eredivisie,2024-2025,"MF,FW",MID,21.59616700889801,1010,0.85,exact_age_validated,1200000.0,13.997832114758229,13.66961,864243.6410586839,0.32822211475822805,-0.32822211475822805,-0.32822211475822805,-0.35027632467378833,-335756.35894131614,-0.27979696578443014,-0.27979696578443014,-0.5437696098947257,False,True,733
García,Garcia,Nacional,Liga Portugal,2024-2025,DF,DEF,22.95687885010267,2799,0.85,exact_age_validated,2000000.0,14.50865773852422,14.180303,1440215.049020925,0.3283547385242205,-0.3283547385242205,-0.3283547385242205,-0.3504308239988537,-559784.9509790749,-0.27989247548953744,-0.27989247548953744,-0.5438502037377099,False,True,734
Karim Adeyemi,Karim Adeyemi,Dortmund,Bundesliga,2024-2025,"MF,FW",MID,22.72416153319644,1433,0.85,exact_age_validated,35000000.0,17.37085861945369,17.039032,25116410.619412027,0.33182661945368963,-0.33182661945368963,-0.33182661945368963,-0.3544753725478742,-9883589.380587973,-0.2823882680167992,-0.2823882680167992,-0.5459562254329616,False,True,735
Guillaume Restes,Guillaume Restes,Toulouse,Ligue 1,2024-2025,GK,GK,19.750855578370977,2543,0.85,exact_age_validated,18000000.0,16.70588231586044,16.372656,12898943.928848982,0.3332263158604398,-0.3332263158604398,-0.3332263158604398,-0.3561059411606798,-5101056.071151018,-0.2833920039528343,-0.2833920039528343,-0.5468032067563303,False,True,736
Roger Fernandes,Roger Fernandes,Braga,Liga Portugal,2023-2024,"MF,FW",MID,18.09719370294319,672,0.85,exact_age_validated,3500000.0,15.068273526459642,14.73194,2500346.799455675,0.3363335264596419,-0.3363335264596419,-0.3363335264596419,-0.35972566901880804,-999653.2005443252,-0.2856152001555215,-0.2856152001555215,-0.5486792038131841,False,True,737
Antonio Blanco,Antonio Blanco,Alavés,LaLiga,2023-2024,MF,MID,22.9678302532512,2426,0.85,exact_age_validated,5000000.0,15.424948470398377,15.08836,3571013.474920436,0.336588470398377,-0.336588470398377,-0.336588470398377,-0.36002266455478416,-1428986.5250795642,-0.28579730501591283,-0.28579730501591283,-0.5488328691449798,False,True,738
Joe Mendes,Joe Mendes,Braga,Liga Portugal,2023-2024,DF,DEF,20.98836413415469,890,0.85,exact_age_validated,2000000.0,14.50865773852422,14.171467,1427545.3659395375,0.337190738524221,-0.337190738524221,-0.337190738524221,-0.3607242734878059,-572454.6340604625,-0.28622731703023124,-0.28622731703023124,-0.5491957256811227,False,True,739
Marouan Azarkan,Marouan Azarkan,Utrecht,Eredivisie,2023-2024,"MF,FW",MID,22.01779603011636,794,0.85,exact_age_validated,2000000.0,14.50865773852422,14.169032,1424073.521659331,0.3396257385242212,-0.3396257385242212,-0.3396257385242212,-0.3635609133141526,-575926.4783406691,-0.28796323917033456,-0.28796323917033456,-0.5506605468344806,False,True,740
Stefan Mitrović,Stefan Mitrović,Hellas Verona,Serie A,2023-2024,MF,MID,21.36618754277892,391,0.85,exact_age_validated,3000000.0,14.914122846632385,14.5744915,2136098.3029850745,0.3396313466323839,-0.3396313466323839,-0.3396313466323839,-0.3635674464488404,-863901.6970149255,-0.2879672323383085,-0.2879672323383085,-0.5506639163847513,False,True,741
Takefusa Kubo,Takefusa Kubo,Real Sociedad,LaLiga,2023-2024,"FW,MF",MID,22.357289527720734,2150,0.85,exact_age_validated,50000000.0,17.72753356339242,17.387402,35583834.300202206,0.34013156339241846,-0.34013156339241846,-0.34013156339241846,-0.36415017120585064,-14416165.699797794,-0.2883233139959559,-0.2883233139959559,-0.5509643883543143,False,True,742
Pau Victor,Pau Víctor,Barcelona,LaLiga,2024-2025,FW,ATT,22.874743326488705,319,0.85,exact_age_validated,5000000.0,15.424948470398377,15.083169,3552524.373951687,0.34177947039837697,-0.34177947039837697,-0.34177947039837697,-0.36606989138787005,-1447475.626048313,-0.2894951252096626,-0.2894951252096626,-0.5519531964430672,False,True,743
Tim Breithaupt,Tim Breithaupt,Augsburg,Bundesliga,2023-2024,MF,MID,21.848049281314168,629,0.85,exact_age_validated,3500000.0,15.068273526459642,14.723493,2479315.3215403315,0.3447805264596422,-0.3447805264596422,-0.3447805264596422,-0.36956595510223694,-1020684.6784596685,-0.2916241938456196,-0.2916241938456196,-0.5537497659451504,False,True,744
Arda Güler,Arda Güler,Real Madrid,LaLiga,2023-2024,"MF,FW",MID,18.819986310746064,377,0.85,exact_age_validated,15000000.0,16.523560759066484,16.177935,10616659.751881726,0.34562575906648263,-0.34562575906648263,-0.34562575906648263,-0.3705506041679824,-4383340.248118274,-0.2922226832078849,-0.2922226832078849,-0.5542547885251686,False,True,745
Leonardo Buta,Leonardo Buta,Moreirense,Liga Portugal,2024-2025,DF,DEF,22.54072553045859,508,0.85,exact_age_validated,2500000.0,14.73180128983843,14.384667,1766776.0446432773,0.3471342898384293,-0.3471342898384293,-0.3471342898384293,-0.3723079587745422,-733223.9553567227,-0.2932895821426891,-0.2932895821426891,-0.5551550686080663,False,True,746
Max Moerstedt,Max Moerstedt,Hoffenheim,Bundesliga,2024-2025,"FW,MF",MID,18.73237508555784,451,0.85,exact_age_validated,3000000.0,14.914122846632385,14.562635,2110921.204531506,0.3514878466323843,-0.3514878466323843,-0.3514878466323843,-0.377379610761398,-889078.7954684938,-0.29635959848949794,-0.29635959848949794,-0.5577456369187468,False,True,747
Silvano Vos,Silvano Vos,Ajax,Eredivisie,2023-2024,MF,MID,18.299794661190965,351,0.85,exact_age_validated,1000000.0,13.815510557964274,13.458811,699982.7703941672,0.3566995579642729,-0.3566995579642729,-0.3566995579642729,-0.38345096514639027,-300017.22960583284,-0.3000172296058328,-0.3000172296058328,-0.5608320515145468,False,True,748
Edoardo Bove,Edoardo Bove,Fiorentina,Serie A,2024-2025,MF,MID,22.42573579739904,851,0.85,exact_age_validated,14000000.0,16.454567887579532,16.097673,9797844.789341288,0.35689488757953214,-0.35689488757953214,-0.35689488757953214,-0.38367851330487457,-4202155.210658712,-0.30015394361847947,-0.30015394361847947,-0.5609474147402692,False,True,749
Logan Costa,Logan Costa,Toulouse,Ligue 1,2023-2024,DF,DEF,22.54072553045859,2650,0.85,exact_age_validated,4000000.0,15.201804919084164,14.843469,2795353.1298290505,0.35833591908416373,-0.35833591908416373,-0.35833591908416373,-0.38535723501208524,-1204646.8701709495,-0.30116171754273735,-0.30116171754273735,-0.5617978034345269,False,True,750
Diant Ramaj,Diant Ramaj,Ajax,Eredivisie,2023-2024,GK,GK,22.07529089664613,1824,0.85,exact_age_validated,1000000.0,13.815510557964274,13.456724,698523.429704052,0.35878655796427417,-0.35878655796427417,-0.35878655796427417,-0.3858822042911905,-301476.57029594795,-0.30147657029594793,-0.30147657029594793,-0.5620634852657802,False,True,751
Rayan Cherki,Rayan Cherki,Lyon,Ligue 1,2023-2024,"MF,FW",MID,20.33675564681725,1719,0.85,exact_age_validated,25000000.0,17.034386382832476,16.67229,17405381.535224058,0.36209638283247614,-0.36209638283247614,-0.36209638283247614,-0.3897379665250195,-7594618.464775942,-0.3037847385910377,-0.3037847385910377,-0.5640111842241887,False,True,752
Reda Belahyane,Reda Belahyane,Hellas Verona,Serie A,2024-2025,MF,MID,20.38056125941136,1658,0.85,exact_age_validated,5000000.0,15.424948470398377,15.057085,3461058.4131138287,0.3678634703983761,-0.3678634703983761,-0.3678634703983761,-0.3964563033921485,-1538941.5868861713,-0.3077883173772343,-0.3077883173772343,-0.5673895194384666,False,True,753
Luiz Henrique,Luiz Henrique,Real Betis,LaLiga,2023-2024,MF,MID,22.9678302532512,616,0.85,exact_age_validated,12000000.0,16.300417207752275,15.931239,8295626.448726474,0.3691782077522756,-0.3691782077522756,-0.3691782077522756,-0.3979878994246975,-3704373.5512735257,-0.30869779593946045,-0.30869779593946045,-0.568156963672109,False,True,754
Ismaël Doukouré,Ismaël Doukouré,Strasbourg,Ligue 1,2023-2024,"MF,DF",DEF,20.229979466119097,1656,0.85,exact_age_validated,9000000.0,16.012735135300492,15.64257,6215582.478902693,0.37016513530049266,-0.37016513530049266,-0.37016513530049266,-0.3991376152312646,-2784417.521097307,-0.3093797245663675,-0.3093797245663675,-0.5687323947094216,False,True,755
Oscar Bobb,Oscar Bobb,Manchester City,Premier League,2023-2024,MF,MID,20.24366872005476,302,0.85,exact_age_validated,10000000.0,16.11809565095832,15.747544,6903533.914643044,0.3705516509583209,-0.3705516509583209,-0.3705516509583209,-0.39958788451607036,-3096466.0853569563,-0.30964660853569564,-0.30964660853569564,-0.5689575990977594,False,True,756
Nikolai Hopland,Nikolai Hopland,Heerenveen,Eredivisie,2024-2025,DF,DEF,20.399726214921287,2464,0.85,exact_age_validated,1500000.0,14.22097566607244,13.847806,1032822.5994454065,0.37316966607243884,-0.37316966607243884,-0.37316966607243884,-0.4026377267906839,-467177.40055459354,-0.311451600369729,-0.311451600369729,-0.5704807032503298,False,True,757
Pedro Santos,Pedro Santos,Arouca,Liga Portugal,2023-2024,MF,MID,21.357973990417523,1448,0.85,exact_age_validated,1700000.0,14.346138809026444,13.972841,1170382.2935174436,0.37329780902644316,-0.37329780902644316,-0.37329780902644316,-0.4027870062185255,-529617.7064825564,-0.31153982734268026,-0.31153982734268026,-0.570555151713939,False,True,758
Zidane Iqbal,Zidane Iqbal,Utrecht,Eredivisie,2023-2024,MF,MID,20.635181382614647,513,0.85,exact_age_validated,1000000.0,13.815510557964274,13.437347,685118.4349249955,0.3781635579642728,-0.3781635579642728,-0.3781635579642728,-0.40845533361977826,-314881.5650750045,-0.3148815650750045,-0.3148815650750045,-0.5733750063642122,False,True,759
Nicolò Savona,Nicolò Savona,Juventus,Serie A,2024-2025,DF,DEF,21.58521560574949,1724,0.85,exact_age_validated,7000000.0,15.761420707019589,15.38,4780233.726358731,0.3814207070195881,-0.3814207070195881,-0.3814207070195881,-0.41224973145577576,-2219766.2736412687,-0.3171094676630384,-0.3171094676630384,-0.57525497480472,False,True,760
Tom Louchet,Tom Louchet,Nice,Ligue 1,2024-2025,"DF,MF",DEF,21.60438056125941,775,0.85,exact_age_validated,3000000.0,14.914122846632385,14.531282,2045764.2622216318,0.3828408466323854,-0.3828408466323854,-0.3828408466323854,-0.41390411526876675,-954235.7377783682,-0.31807857925945604,-0.31807857925945604,-0.576072739112002,False,True,761
Martim Neto,Martim Neto,Gil Vicente FC,Liga Portugal,2023-2024,MF,MID,20.95003422313484,1867,0.85,exact_age_validated,2500000.0,14.73180128983843,14.344987,1698043.0518866456,0.3868142898384299,-0.3868142898384299,-0.3868142898384299,-0.4185329560268742,-801956.9481133544,-0.32078277924534176,-0.32078277924534176,-0.5783546210298164,False,True,762
Abde Ezzalzouli,Abde Ezzalzouli,Real Betis,LaLiga,2023-2024,MF,MID,22.012320328542096,865,0.85,exact_age_validated,15000000.0,16.523560759066484,16.132418,10144254.052974936,0.3911427590664829,-0.3911427590664829,-0.3911427590664829,-0.423575382392135,-4855745.947025064,-0.3237163964683376,-0.3237163964683376,-0.5808300918270513,False,True,763
Valentín Barco,Valentín Barco,Strasbourg,Ligue 1,2024-2025,MF,MID,20.21902806297057,1157,0.85,exact_age_validated,10000000.0,16.11809565095832,15.726281,6758293.666779852,0.39181465095832024,-0.39181465095832024,-0.39181465095832024,-0.4243580991475293,-3241706.3332201485,-0.32417063332201485,-0.32417063332201485,-0.5812133899811157,False,True,764
David Møller Wolfe,David Møller Wolfe,AZ Alkmaar,Eredivisie,2024-2025,DF,DEF,22.652977412731005,2500,0.85,exact_age_validated,4500000.0,15.319587954740548,14.92092,3020460.919329528,0.3986679547405476,-0.3986679547405476,-0.3986679547405476,-0.4323418176077826,-1479539.0806704718,-0.32878646237121595,-0.32878646237121595,-0.5851083596202213,False,True,765
Fermin López,Fermín López,Barcelona,LaLiga,2023-2024,"MF,FW",MID,20.424366872005475,1446,0.85,exact_age_validated,8000000.0,15.89495209964411,15.495302,5364437.05837458,0.39965009964410925,-0.39965009964410925,-0.39965009964410925,-0.43348596189882416,-2635562.94162542,-0.3294453677031775,-0.3294453677031775,-0.5856643629374324,False,True,766
Kacper Urbanski,Kacper Urbański,Monza,Serie A,2024-2025,MF,MID,20.279260780287476,500,0.85,exact_age_validated,7000000.0,15.761420707019589,15.356766,4670450.071243892,0.4046547070195885,-0.4046547070195885,-0.4046547070195885,-0.4393160516715188,-2329549.9287561076,-0.3327928469651582,-0.3327928469651582,-0.5884890624559743,False,True,767
Piero Hincapié,Piero Hincapié,Leverkusen,Bundesliga,2024-2025,DF,DEF,22.94592744695414,2670,0.85,exact_age_validated,40000000.0,17.50439001207821,17.098389,26652379.722689055,0.40600101207821027,-0.40600101207821027,-0.40600101207821027,-0.44088442232765773,-13347620.277310945,-0.33369050693277363,-0.33369050693277363,-0.5892465338187207,False,True,768
Murillo,Murillo,Nottingham Forest,Premier League,2024-2025,DF,DEF,22.245037645448324,3188,1.0,exact_age_club_validated,40000000.0,17.50439001207821,17.096148,26592718.614970244,0.40824201207821176,-0.40824201207821176,-0.40824201207821176,-0.44349506292348795,-13407281.385029756,-0.33518203462574386,-0.33518203462574386,-0.5905051278910054,False,True,769
Dario Essugo,Dário Essugo,Chaves,Liga Portugal,2023-2024,MF,MID,18.78713210130048,1162,0.85,exact_age_validated,2000000.0,14.50865773852422,14.094286,1321510.5548276564,0.4143717385242205,-0.4143717385242205,-0.4143717385242205,-0.45063585395484623,-678489.4451723436,-0.33924472258617183,-0.33924472258617183,-0.5939333411307842,False,True,770
Máximo Perrone,Máximo Perrone,Las Palmas,LaLiga,2023-2024,MF,MID,20.955509924709105,1623,0.85,exact_age_validated,7500000.0,15.83041357850654,15.408591,4918877.932705193,0.42182257850654103,-0.42182257850654103,-0.42182257850654103,-0.4593156689173041,-2581122.067294807,-0.34414960897264096,-0.34414960897264096,-0.5980722256854161,False,True,771
Matheus Dias,Matheus Dias,Nacional,Liga Portugal,2024-2025,"MF,DF",DEF,22.61464750171116,1750,0.85,exact_age_validated,1800000.0,14.403297222866392,13.979893,1178664.999948832,0.4234042228663917,-0.4234042228663917,-0.4234042228663917,-0.46115819679503245,-621335.000051168,-0.3451861111395378,-0.3451861111395378,-0.5989468560991288,False,True,772
Leonardo Buta,Leonardo Buta,Gil Vicente FC,Liga Portugal,2023-2024,DF,DEF,21.560574948665295,2187,0.85,exact_age_validated,2000000.0,14.50865773852422,14.084948,1309227.7270428913,0.4237097385242201,-0.4237097385242201,-0.4237097385242201,-0.46151410557637473,-690772.2729571087,-0.3453861364785543,-0.3453861364785543,-0.5991156432474866,False,True,773
Dilane Bakwa,Dilane Bakwa,Strasbourg,Ligue 1,2023-2024,"MF,FW",MID,21.138945927446954,2177,0.85,exact_age_validated,7000000.0,15.761420707019589,15.337569,4581646.549009396,0.42385170701958863,-0.42385170701958863,-0.42385170701958863,-0.46167949099241123,-2418353.4509906042,-0.3454790644272292,-0.3454790644272292,-0.5991940585299537,False,True,774
Aimar Oroz,Aimar Oroz,Osasuna,LaLiga,2023-2024,MF,MID,22.067077344284737,2339,0.85,exact_age_validated,15000000.0,16.523560759066484,16.099619,9816929.959148744,0.42394175906648357,-0.42394175906648357,-0.42394175906648357,-0.4617843966280031,-5183070.040851256,-0.34553800272341706,-0.34553800272341706,-0.5992437923636346,False,True,775
Nico O’Reilly,Nico O'Reilly,Manchester City,Premier League,2024-2025,DF,DEF,19.991786447638603,528,0.85,exact_age_validated,7000000.0,15.761420707019589,15.332783,4559771.178144361,0.4286377070195897,-0.4286377070195897,-0.4286377070195897,-0.46725491530818003,-2440228.821855639,-0.34860411740794844,-0.34860411740794844,-0.6018310683391892,False,True,776
Hugo Bueno,Hugo Bueno,Wolves,Premier League,2023-2024,"MF,DF",DEF,21.25119780971937,741,0.85,exact_age_validated,6000000.0,15.60727002719233,15.178004,3905920.3558363086,0.4292660271923303,-0.4292660271923303,-0.4292660271923303,-0.46798687342961454,-2094079.6441636914,-0.3490132740272819,-0.3490132740272819,-0.6021763264917239,False,True,777
Alieu Fadera,Alieu Fadera,Como,Serie A,2024-2025,MF,MID,22.95687885010267,1644,0.85,exact_age_validated,5000000.0,15.424948470398377,14.994953,3252560.2063852157,0.42999547039837616,-0.42999547039837616,-0.42999547039837616,-0.46883663427122746,-1747439.7936147843,-0.34948795872295685,-0.34948795872295685,-0.602576879124435,False,True,778
Francisco Conceição,Francisco Conceição,Juventus,Serie A,2024-2025,MF,MID,22.012320328542096,1340,0.85,exact_age_validated,36000000.0,17.399029496420383,16.965313,23331454.810893282,0.43371649642038435,-0.43371649642038435,-0.43371649642038435,-0.4731714230223157,-12668545.189106718,-0.35190403303074214,-0.35190403303074214,-0.6046156322875911,False,True,779
Kiliann Sildillia,Kiliann Sildillia,Freiburg,Bundesliga,2024-2025,DF,DEF,22.598220396988363,801,0.85,exact_age_validated,10000000.0,16.11809565095832,15.684165,6479571.891373963,0.4339306509583203,-0.4339306509583203,-0.4339306509583203,-0.4734209011706943,-3520428.108626037,-0.3520428108626037,-0.3520428108626037,-0.6047327370234727,False,True,780
Bence Dárdai,Bence Dárdai,Wolfsburg,Bundesliga,2024-2025,MF,MID,18.90485968514716,1304,0.85,exact_age_validated,6000000.0,15.60727002719233,15.171968,3882415.2304011,0.43530202719233024,-0.43530202719233024,-0.43530202719233024,-0.47501847835438943,-2117584.7695989,-0.35293079493315,-0.35293079493315,-0.6054820435852888,False,True,781
Jean Mattéo Bahoya,Jean-Mattéo Bahoya,Eintracht Frankfurt,Bundesliga,2024-2025,MF,MID,19.62217659137577,921,1.0,exact_age_club_validated,7500000.0,15.83041357850654,15.391178,4833966.934366026,0.4392355785065405,-0.4392355785065405,-0.4392355785065405,-0.47960084727302027,-2666033.065633974,-0.3554710754178632,-0.3554710754178632,-0.6076256055017516,False,True,782
Saba Sazonov,Saba Sazonov,Torino,Serie A,2023-2024,DF,DEF,21.440109514031484,356,0.85,exact_age_validated,3000000.0,14.914122846632385,14.474375,1932596.5125349478,0.4397478466323843,-0.4397478466323843,-0.4397478466323843,-0.48019761120219334,-1067403.4874650522,-0.3558011624883507,-0.3558011624883507,-0.6079041424891717,False,True,783
Brajan Gruda,Brajan Gruda,Brighton,Premier League,2024-2025,"MF,FW",MID,20.33675564681725,687,0.85,exact_age_validated,25000000.0,17.034386382832476,16.591522,16054857.34383897,0.4428643828324752,-0.4428643828324752,-0.4428643828324752,-0.483828202867667,-8945142.65616103,-0.35780570624644126,-0.35780570624644126,-0.6095956343089071,False,True,784
Carlos Baleba,Carlos Baleba,Brighton,Premier League,2023-2024,MF,MID,19.76454483230664,1325,0.85,exact_age_validated,20000000.0,16.811242831518264,16.367199,12828746.100803867,0.44404383151826465,-0.44404383151826465,-0.44404383151826465,-0.48520219511211965,-7171253.899196133,-0.35856269495980664,-0.35856269495980664,-0.6102344032113677,False,True,785
Mohamed Ali Cho,Mohamed-Ali Cho,Nice,Ligue 1,2023-2024,FW,ATT,19.731690622861056,861,0.85,exact_age_validated,10000000.0,16.11809565095832,15.671558,6398396.691550148,0.4465376509583212,-0.4465376509583212,-0.4465376509583212,-0.4881073563209005,-3601603.3084498523,-0.3601603308449852,-0.3601603308449852,-0.6115825344356367,False,True,786
Matteo Prati,Matteo Prati,Cagliari,Serie A,2024-2025,MF,MID,20.974674880219027,570,0.85,exact_age_validated,9000000.0,16.012735135300492,15.565885,5756757.844614206,0.4468501353004921,-0.4468501353004921,-0.4468501353004921,-0.4884713832326507,-3243242.155385794,-0.36036023948731044,-0.36036023948731044,-0.6117512231119615,False,True,787
Francisco Petrasso,Francisco Petrasso,Rio Ave,Liga Portugal,2024-2025,DF,DEF,22.694045174537987,412,0.85,exact_age_validated,1500000.0,14.22097566607244,13.773992,959331.5319359784,0.44698366607243933,-0.44698366607243933,-0.44698366607243933,-0.48862693916930294,-540668.4680640216,-0.36044564537601437,-0.36044564537601437,-0.611823291063343,False,True,788
Sebastiano Esposito,Sebastiano Esposito,Empoli,Serie A,2024-2025,"FW,MF",MID,22.46406570841889,2331,0.85,exact_age_validated,7000000.0,15.761420707019589,15.302538,4423925.579282585,0.45888270701958866,-0.45888270701958866,-0.45888270701958866,-0.5024886613237222,-2576074.4207174154,-0.36801063153105934,-0.36801063153105934,-0.6182068445008894,False,True,789
Kenneth Taylor,Kenneth Taylor,Ajax,Eredivisie,2024-2025,"MF,FW",MID,22.590006844626966,2447,0.85,exact_age_validated,16000000.0,16.588099280204055,16.122034,10039461.145293202,0.4660652802040559,-0.4660652802040559,-0.4660652802040559,-0.5108559603589204,-5960538.854706798,-0.37253367841917484,-0.37253367841917484,-0.622023521877299,False,True,790
Benjamin Šeško,Benjamin Sesko,RB Leipzig,Bundesliga,2024-2025,"FW,MF",MID,21.557837097878167,2380,0.85,exact_age_validated,50000000.0,17.72753356339242,17.258533,31281361.534128588,0.46900056339242013,-0.46900056339242013,-0.46900056339242013,-0.5142754023275936,-18718638.465871412,-0.37437276931742824,-0.37437276931742824,-0.6235753998034308,False,True,791
Florian Wirtz,Florian Wirtz,Leverkusen,Bundesliga,2023-2024,MF,MID,20.61601642710472,2372,0.85,exact_age_validated,100000000.0,18.420680743952367,17.949411,62420917.904901884,0.47126974395236587,-0.47126974395236587,-0.47126974395236587,-0.5169188717113773,-37579082.095098116,-0.37579082095098115,-0.37579082095098115,-0.6247719926582569,False,True,792
Samuel Mbangula,Samuel Mbangula,Juventus,Serie A,2024-2025,MF,MID,20.75564681724846,709,0.85,exact_age_validated,8000000.0,15.89495209964411,15.423487,4992697.985147099,0.4714650996441101,-0.4714650996441101,-0.4714650996441101,-0.517146450247519,-3007302.014852901,-0.3759127518566126,-0.3759127518566126,-0.6248748814720411,False,True,793
Arnau Martinez,Arnau Martínez,Girona,LaLiga,2023-2024,DF,DEF,20.65982203969884,1241,0.85,exact_age_validated,15000000.0,16.523560759066484,16.05047,9346102.785606727,0.47309075906648346,-0.47309075906648346,-0.47309075906648346,-0.5190402532296873,-5653897.214393273,-0.37692648095955156,-0.37692648095955156,-0.6257302953177745,False,True,794
Dirk Proper,Dirk Proper,NEC Nijmegen,Eredivisie,2024-2025,MF,MID,22.811772758384667,2159,0.85,exact_age_validated,4500000.0,15.319587954740548,14.8435955,2795706.764366883,0.47599245474054896,-0.47599245474054896,-0.47599245474054896,-0.5224205676087391,-1704293.2356331171,-0.3787318301406927,-0.3787318301406927,-0.6272537010101378,False,True,795
Destiny Udogie,Destiny Udogie,Tottenham Hotspur,Premier League,2024-2025,DF,DEF,22.050650239561943,1924,1.0,exact_age_club_validated,45000000.0,17.622173047734595,17.145414,27935644.164072953,0.4767590477345962,-0.4767590477345962,-0.4767590477345962,-0.5233136058910851,-17064355.835927047,-0.3792079074650455,-0.3792079074650455,-0.6276554287830808,False,True,796
Senny Mayulu,Senny Mayulu,Paris Saint-Germain,Ligue 1,2024-2025,MF,MID,18.56810403832991,808,1.0,exact_age_club_validated,5000000.0,15.424948470398377,14.94766,3102317.5905835927,0.47728847039837596,-0.47728847039837596,-0.47728847039837596,-0.5239303539046573,-1897682.4094164073,-0.3795364818832815,-0.3795364818832815,-0.6279326893509168,False,True,797
Alessandro Bianco,Alessandro Bianco,Monza,Serie A,2024-2025,MF,MID,22.21492128678987,2600,0.85,exact_age_validated,5000000.0,15.424948470398377,14.946304,3098113.6988135315,0.4786444703983772,-0.4786444703983772,-0.4786444703983772,-0.5255100186293099,-1901886.3011864685,-0.3803772602372937,-0.3803772602372937,-0.6286421623680472,False,True,798
Ansu Fati,Ansu Fati,Brighton,Premier League,2023-2024,"MF,FW",MID,21.13347022587269,521,0.85,exact_age_validated,30000000.0,17.216707939626428,16.735989,18550160.513515785,0.48071893962642775,-0.48071893962642775,-0.48071893962642775,-0.5279266601204058,-11449839.486484215,-0.38166131621614047,-0.38166131621614047,-0.629725685825959,False,True,799
Simon Adingra,Simon Adingra,Brighton,Premier League,2024-2025,MF,MID,22.95687885010267,1097,0.85,exact_age_validated,30000000.0,17.216707939626428,16.72682,18380851.475210626,0.48988793962642774,-0.48988793962642774,-0.48988793962642774,-0.538608036123597,-11619148.524789374,-0.3873049508263125,-0.3873049508263125,-0.6344879474319494,False,True,800
Rome-Jayden Owusu-Oduro,Rome-Jayden Owusu-Oduro,AZ Alkmaar,Eredivisie,2024-2025,GK,GK,20.28473648186174,2520,0.85,exact_age_validated,2000000.0,14.50865773852422,14.0159235,1221907.230853387,0.49273423852422127,-0.49273423852422127,-0.49273423852422127,-0.5419238163335218,-778092.7691466131,-0.38904638457330654,-0.38904638457330654,-0.6359574194381168,False,True,801
Brennan Johnson,Brennan Johnson,Tottenham Hotspur,Premier League,2023-2024,"MF,FW",MID,22.379192334017795,2085,0.85,exact_age_validated,48000000.0,17.686711568872166,17.193941,29324708.14427799,0.4927705688721673,-0.4927705688721673,-0.4927705688721673,-0.5419661391720798,-18675291.85572201,-0.3890685803275419,-0.3890685803275419,-0.6359761488555069,False,True,802
Malick Fofana,Malick Fofana,Lyon,Ligue 1,2023-2024,"FW,MF",MID,18.562628336755647,559,0.85,exact_age_validated,6000000.0,15.60727002719233,15.111786,3655655.5787751004,0.49548402719232953,-0.49548402719232953,-0.49548402719232953,-0.5451271674834158,-2344344.4212248996,-0.39072407020414995,-0.39072407020414995,-0.6373730989458382,False,True,803
Mateo Tanlongo,Mateo Tanlongo,Rio Ave,Liga Portugal,2023-2024,MF,MID,20.358658453114305,613,0.85,exact_age_validated,2000000.0,14.50865773852422,14.012208,1217375.6582792734,0.4964497385242215,-0.4964497385242215,-0.4964497385242215,-0.5462521675757357,-782624.3417207266,-0.3913121708603633,-0.3913121708603633,-0.6378693552361541,False,True,804
Loum Tchaouna,Loum Tchaouna,Lazio,Serie A,2024-2025,"MF,FW",MID,21.27857631759069,660,0.85,exact_age_validated,10000000.0,16.11809565095832,15.620653,6080837.553714056,0.49744265095831963,-0.49744265095831963,-0.49744265095831963,-0.5474088554421166,-3919162.4462859444,-0.3919162446285944,-0.3919162446285944,-0.6383790900989404,False,True,805
Maghnes Akliouche,Maghnes Akliouche,Monaco,Ligue 1,2024-2025,MF,MID,22.61464750171116,2406,0.85,exact_age_validated,30000000.0,17.216707939626428,16.718765,18233388.421347152,0.49794293962642655,-0.49794293962642655,-0.49794293962642655,-0.5479916639680393,-11766611.578652848,-0.3922203859550949,-0.3922203859550949,-0.6386357333194952,False,True,806
Ngal'Ayel Mukau,Ngal'ayel Mukau,Lille,Ligue 1,2024-2025,MF,MID,19.926078028747437,1190,0.85,exact_age_validated,4000000.0,15.201804919084164,14.7035475,2430354.0395687902,0.49825741908416354,-0.49825741908416354,-0.49825741908416354,-0.5483580150786695,-1569645.9604312098,-0.39241149010780246,-0.39241149010780246,-0.6387969925136223,False,True,807
Nicola Zalewski,Nicola Zalewski,Roma,Serie A,2023-2024,"MF,FW",MID,21.905544147843944,968,0.85,exact_age_validated,16000000.0,16.588099280204055,16.086515,9689128.095558506,0.5015842802040567,-0.5015842802040567,-0.5015842802040567,-0.5522336235999887,-6310871.9044414945,-0.3944294940275934,-0.3944294940275934,-0.6404998424058951,False,True,808
Oliver Braude,Oliver Braude,Heerenveen,Eredivisie,2024-2025,DF,DEF,20.82135523613963,2607,0.85,exact_age_validated,2500000.0,14.73180128983843,14.229642,1513055.9929743104,0.5021592898384295,-0.5021592898384295,-0.5021592898384295,-0.5529034779036417,-986944.0070256896,-0.39477760281027585,-0.39477760281027585,-0.640793586633682,False,True,809
Zion Suzuki,Zion Suzuki,Parma,Serie A,2024-2025,GK,GK,22.16016427104723,3314,0.85,exact_age_validated,7000000.0,15.761420707019589,15.258042,4231393.798755171,0.5033787070195892,-0.5033787070195892,-0.5033787070195892,-0.5543240312264379,-2768606.201244829,-0.39551517160640415,-0.39551517160640415,-0.641415968450047,False,True,810
Arouna Sangante,Arouna Sangante,Le Havre,Ligue 1,2024-2025,DF,DEF,22.663928815879533,1244,0.85,exact_age_validated,10000000.0,16.11809565095832,15.614708,6044794.219425038,0.5033876509583202,-0.5033876509583202,-0.5033876509583202,-0.5543344504185564,-3955205.7805749616,-0.39552057805749613,-0.39552057805749613,-0.6414205305693617,False,True,811
Brenden Aaronson,Brenden Aaronson,Union Berlin,Bundesliga,2023-2024,"MF,FW",MID,22.98699520876112,1267,0.85,exact_age_validated,18000000.0,16.70588231586044,16.195158,10801094.180803599,0.5107243158604398,-0.5107243158604398,-0.5107243158604398,-0.5628812577507579,-7198905.819196401,-0.39993921217757783,-0.39993921217757783,-0.6451491014415894,False,True,812
Ian Maatsen,Ian Maatsen,Aston Villa,Premier League,2024-2025,DF,DEF,22.770704996577688,1139,0.85,exact_age_validated,32000000.0,17.281246460764002,16.7704,19199599.933806285,0.5108464607640038,-0.5108464607640038,-0.5108464607640038,-0.5630235497828051,-12800400.066193715,-0.4000125020685536,-0.4000125020685536,-0.6452109455647493,False,True,813
Edoardo Bove,Edoardo Bove,Roma,Serie A,2023-2024,MF,MID,21.59616700889801,1780,0.85,exact_age_validated,15000000.0,16.523560759066484,16.011509,8988971.544866323,0.5120517590664839,-0.5120517590664839,-0.5120517590664839,-0.564427655395718,-6011028.4551336765,-0.4007352303422451,-0.4007352303422451,-0.6458208045203878,False,True,814
Noah Ohio,Noah Ohio,Utrecht,Eredivisie,2024-2025,FW,ATT,21.744010951403148,679,0.85,exact_age_validated,3000000.0,14.914122846632385,14.40093,1795744.0382329435,0.5131928466323838,-0.5131928466323838,-0.5131928466323838,-0.5657569590650323,-1204255.9617670565,-0.40141865392235215,-0.40141865392235215,-0.6463974970423144,False,True,815
Elye Wahi,Elye Wahi,Marseille,Ligue 1,2024-2025,FW,ATT,21.763175906913077,574,0.85,exact_age_validated,30000000.0,17.216707939626428,16.701874,17927994.72086991,0.5148339396264277,-0.5148339396264277,-0.5148339396264277,-0.567668741301436,-12072005.27913009,-0.402400175971003,-0.402400175971003,-0.6472257336470192,False,True,816
Yunus Musah,Yunus Musah,Milan,Serie A,2023-2024,MF,MID,20.865160848733744,1478,0.85,exact_age_validated,20000000.0,16.811242831518264,16.295935,11946333.868195564,0.515307831518264,-0.515307831518264,-0.515307831518264,-0.5682207990483623,-8053666.131804436,-0.40268330659022183,-0.40268330659022183,-0.6474646474269715,False,True,817
Wilson Odobert,Wilson Odobert,Tottenham Hotspur,Premier League,2024-2025,"FW,MF",MID,19.84120465434634,850,1.0,exact_age_club_validated,18000000.0,16.70588231586044,16.1854,10696209.667572137,0.5204823158604377,-0.5204823158604377,-0.5204823158604377,-0.574248786056911,-7303790.332427863,-0.40576612957932573,-0.40576612957932573,-0.6500660223516721,False,True,818
Gift Orban,Gift Orban,Hoffenheim,Bundesliga,2024-2025,FW,ATT,22.40109514031485,687,0.85,exact_age_validated,10000000.0,16.11809565095832,15.586403,5876095.09633229,0.5316926509583197,-0.5316926509583197,-0.5316926509583197,-0.5873082041289197,-4123904.90366771,-0.412390490366771,-0.412390490366771,-0.6556558489831515,False,True,819
Adrien Truffert,Adrien Truffert,Rennes,Ligue 1,2023-2024,"DF,MF",DEF,22.07529089664613,2145,0.85,exact_age_validated,18000000.0,16.70588231586044,16.171387,10547368.969425686,0.5344953158604397,-0.5344953158604397,-0.5344953158604397,-0.59057315315613,-7452631.030574314,-0.4140350572541286,-0.4140350572541286,-0.6570435819402126,False,True,820
Wagner Pina,Wagner Pina,Estoril,Liga Portugal,2024-2025,"MF,DF",DEF,22.127310061601644,2368,0.85,exact_age_validated,3000000.0,14.914122846632385,14.376327,1752102.4065544915,0.5377958466323847,-0.5377958466323847,-0.5377958466323847,-0.5944180882837607,-1247897.5934455085,-0.41596586448183615,-0.41596586448183615,-0.6586728527495785,False,True,821
Cristhian Mosquera,Cristhian Mosquera,Valencia,LaLiga,2024-2025,DF,DEF,20.501026694045173,3319,0.85,exact_age_validated,30000000.0,17.216707939626428,16.6722,17403815.121375564,0.5445079396264276,-0.5445079396264276,-0.5445079396264276,-0.6022373040147846,-12596184.878624436,-0.4198728292874812,-0.4198728292874812,-0.6619696623014131,False,True,822
Quentin Merlin,Quentin Merlin,Marseille,Ligue 1,2023-2024,"DF,MF",DEF,21.418206707734427,703,0.85,exact_age_validated,10000000.0,16.11809565095832,15.572766,5796506.694424648,0.5453296509583208,-0.5453296509583208,-0.5453296509583208,-0.6031945521009482,-4203493.305575352,-0.4203493305575352,-0.4203493305575352,-0.6623717478119622,False,True,823
John Tolkin,John Tolkin,Holstein Kiel,Bundesliga,2024-2025,"MF,DF",DEF,22.368240930869263,737,1.0,exact_age_club_validated,4000000.0,15.201804919084164,14.656325,2318254.291867198,0.5454799190841637,-0.5454799190841637,-0.5454799190841637,-0.6033696061257517,-1681745.708132802,-0.4204364270332005,-0.4204364270332005,-0.6624452423293661,False,True,824
Merlin Röhl,Merlin Röhl,Freiburg,Bundesliga,2024-2025,MF,MID,22.46132785763176,965,0.85,exact_age_validated,12000000.0,16.300417207752275,15.754635,6952660.847320578,0.5457822077522749,-0.5457822077522749,-0.5457822077522749,-0.6037217556432127,-5047339.152679422,-0.4206115960566185,-0.4206115960566185,-0.6625930550019439,False,True,825
Elye Wahi,Elye Wahi,Lens,Ligue 1,2023-2024,FW,ATT,20.78576317590691,1692,0.85,exact_age_validated,40000000.0,17.50439001207821,16.956663,23130508.07435779,0.5477270120782123,-0.5477270120782123,-0.5477270120782123,-0.6059873447214077,-16869491.92564221,-0.42173729814105526,-0.42173729814105526,-0.6635429548779624,False,True,826
Liam Delap,Liam Delap,Ipswich Town,Premier League,2024-2025,FW,ATT,21.645448323066397,2593,0.85,exact_age_validated,15000000.0,16.523560759066484,15.973896,8657148.899967207,0.5496647590664843,-0.5496647590664843,-0.5496647590664843,-0.608244712392995,-6342851.100032793,-0.4228567400021862,-0.4228567400021862,-0.6644875721970557,False,True,827
Ibrahim Salah,Ibrahim Salah,Rennes,Ligue 1,2023-2024,"MF,FW",MID,22.127310061601644,524,0.85,exact_age_validated,6000000.0,15.60727002719233,15.0575485,3462662.985519231,0.5497215271923306,-0.5497215271923306,-0.5497215271923306,-0.6083108441082486,-2537337.014480769,-0.4228895024134615,-0.4228895024134615,-0.6645152180643226,False,True,828
Kenan Yıldız,Kenan Yıldız,Juventus,Serie A,2024-2025,MF,MID,19.457905544147845,2402,0.85,exact_age_validated,40000000.0,17.50439001207821,16.954195,23073492.366753783,0.5501950120782126,-0.5501950120782126,-0.5501950120782126,-0.6088624277158323,-16926507.633246217,-0.42316269083115543,-0.42316269083115543,-0.6647457423279663,False,True,829
El Bilal Touré,El Bilal Touré,Atalanta,Serie A,2023-2024,FW,ATT,22.02053388090349,394,0.85,exact_age_validated,20000000.0,16.811242831518264,16.250639,11417285.078531407,0.5606038315182644,-0.5606038315182644,-0.5606038315182644,-0.6209881245408425,-8582714.921468593,-0.42913574607342964,-0.42913574607342964,-0.6697859785614521,False,True,830
Ernest Nuamah,Ernest Nuamah,Lyon,Ligue 1,2024-2025,"MF,FW",MID,21.1088295687885,1052,0.85,exact_age_validated,15000000.0,16.523560759066484,15.960514,8542070.639355805,0.5630467590664843,-0.5630467590664843,-0.5630467590664843,-0.6238339995207848,-6457929.360644195,-0.43052862404294634,-0.43052862404294634,-0.6709613291527364,False,True,831
Paxten Aaronson,Paxten Aaronson,Utrecht,Eredivisie,2024-2025,MF,MID,21.31143052703628,2689,0.85,exact_age_validated,6000000.0,15.60727002719233,15.043918,3415785.3661729274,0.5633520271923302,-0.5633520271923302,-0.5633520271923302,-0.6241896199411087,-2584214.6338270726,-0.43070243897117877,-0.43070243897117877,-0.6711079992007544,False,True,832
Ruben van Bommel,Ruben van Bommel,AZ Alkmaar,Eredivisie,2024-2025,"MF,FW",MID,20.197125256673512,1491,0.85,exact_age_validated,8000000.0,15.89495209964411,15.330667,4550132.903222525,0.5642850996441098,-0.5642850996441098,-0.5642850996441098,-0.625276597549973,-3449867.0967774754,-0.43123338709718445,-0.43123338709718445,-0.6715560285382122,False,True,833
Yasin Ayari,Yasin Ayari,Brighton,Premier League,2024-2025,MF,MID,21.196440793976727,1965,0.85,exact_age_validated,12000000.0,16.300417207752275,15.735616,6821677.722956475,0.564801207752275,-0.564801207752275,-0.564801207752275,-0.6258778348453824,-5178322.277043525,-0.43152685642029376,-0.43152685642029376,-0.6718036664146013,False,True,834
Gabri Martínez,Gabri Martínez,Braga,Liga Portugal,2024-2025,MF,MID,21.711156741957563,1542,0.85,exact_age_validated,3000000.0,14.914122846632385,14.344518,1697246.8564177442,0.5696048466323838,-0.5696048466323838,-0.5696048466323838,-0.6314738074772931,-1302753.1435822558,-0.4342510478607519,-0.4342510478607519,-0.674102417698194,False,True,835
Lukáš Horníček,Lukas Hornicek,Braga,Liga Portugal,2024-2025,GK,GK,22.43668720054757,1530,0.85,exact_age_validated,2000000.0,14.50865773852422,13.937441,1129675.5211178553,0.5712167385242211,-0.5712167385242211,-0.5712167385242211,-0.633351572050661,-870324.4788821447,-0.43516223944107235,-0.43516223944107235,-0.6748713074258955,False,True,836
Raúl Asencio,Raúl Asencio,Real Madrid,LaLiga,2024-2025,DF,DEF,21.869952087611225,1670,0.85,exact_age_validated,7500000.0,15.83041357850654,15.253113,4210588.575316239,0.5773005785065397,-0.5773005785065397,-0.5773005785065397,-0.6404389078991061,-3289411.424683761,-0.4385881899578348,-0.4385881899578348,-0.6777622232517702,False,True,837
Kassoum Ouattara,Kassoum Ouattara,Monaco,Ligue 1,2024-2025,"MF,DF",DEF,20.15605749486653,391,0.85,exact_age_validated,8000000.0,15.89495209964411,15.31764,4491242.73581382,0.577312099644109,-0.577312099644109,-0.577312099644109,-0.6404523293848038,-3508757.26418618,-0.4385946580232725,-0.4385946580232725,-0.6777676811918792,False,True,838
Bertuğ Yıldırım,Bertuğ Yıldırım,Rennes,Ligue 1,2023-2024,FW,ATT,21.2621492128679,469,0.85,exact_age_validated,4000000.0,15.201804919084164,14.622685,2241565.3573150616,0.5791199190841638,-0.5791199190841638,-0.5791199190841638,-0.6425583386753593,-1758434.6426849384,-0.4396086606712346,-0.4396086606712346,-0.6786233258627902,False,True,839
Arthur,Arthur,Leverkusen,Bundesliga,2024-2025,"MF,DF",DEF,21.763175906913077,752,0.85,exact_age_validated,5000000.0,15.424948470398377,14.843496,2795428.6053824695,0.5814524703983768,-0.5814524703983768,-0.5814524703983768,-0.6452756314699767,-2204571.3946175305,-0.4409142789235061,-0.4409142789235061,-0.6797250441887189,False,True,840
Malick Fofana,Malick Fofana,Lyon,Ligue 1,2024-2025,"FW,MF",MID,19.696098562628336,1589,0.85,exact_age_validated,25000000.0,17.034386382832476,16.450195,13938913.234009163,0.5841913828324756,-0.5841913828324756,-0.5841913828324756,-0.6484663124110199,-11061086.765990837,-0.44244347063963346,-0.44244347063963346,-0.681015420249704,False,True,841
Alejandro Francés,Alejandro Francés,Girona,LaLiga,2024-2025,DF,DEF,22.195756331279945,1173,0.85,exact_age_validated,5000000.0,15.424948470398377,14.840587,2787308.51995986,0.5843614703983775,-0.5843614703983775,-0.5843614703983775,-0.6486644549832595,-2212691.48004014,-0.442538296008028,-0.442538296008028,-0.6810954366296385,False,True,842
Jacob Ramsey,Jacob Ramsey,Aston Villa,Premier League,2023-2024,MF,MID,22.55989048596852,853,0.85,exact_age_validated,42000000.0,17.553180176247643,16.968493,23405766.930839833,0.5846871762476447,-0.5846871762476447,-0.5846871762476447,-0.649043884216814,-18594233.069160167,-0.442719834980004,-0.442719834980004,-0.6812486244484732,False,True,843
Enzo Millot,Enzo Millot,Stuttgart,Bundesliga,2024-2025,MF,MID,22.23134839151266,1843,0.85,exact_age_validated,42000000.0,17.553180176247643,16.963741,23294806.57698946,0.5894391762476445,-0.5894391762476445,-0.5894391762476445,-0.6545797004200165,-18705193.42301054,-0.4453617481669176,-0.4453617481669176,-0.6834779469694106,False,True,844
Matias Fernandez-Pardo,Matías Fernández-Pardo,Lille,Ligue 1,2024-2025,"MF,FW",MID,19.67419575633128,1065,0.85,exact_age_validated,6000000.0,15.60727002719233,15.016783,3324344.26802811,0.5904870271923297,-0.5904870271923297,-0.5904870271923297,-0.655800388601441,-2675655.73197189,-0.44594262199531504,-0.44594262199531504,-0.6839681050540456,False,True,845
Rocco Reitz,Rocco Reitz,Gladbach,Bundesliga,2024-2025,MF,MID,22.562628336755647,1830,0.85,exact_age_validated,15000000.0,16.523560759066484,15.928127,8269850.587260765,0.5954337590664842,-0.5954337590664842,-0.5954337590664842,-0.6615630566279231,-6730149.412739235,-0.448676627515949,-0.448676627515949,-0.6862751377414583,False,True,846
Kian Fitz-Jim,Kian Fitz-Jim,Ajax,Eredivisie,2024-2025,MF,MID,21.27857631759069,1233,0.85,exact_age_validated,3000000.0,14.914122846632385,14.318034,1652886.9770084952,0.5960888466323837,-0.5960888466323837,-0.5960888466323837,-0.6623261972764549,-1347113.0229915048,-0.44903767433050157,-0.44903767433050157,-0.6865797994535773,False,True,847
Alex Scott,Alex Scott,Bournemouth,Premier League,2024-2025,MF,MID,21.322381930184804,755,0.85,exact_age_validated,20000000.0,16.811242831518264,16.21246,10989600.7803371,0.598782831518264,-0.598782831518264,-0.598782831518264,-0.6654645401178771,-9010399.2196629,-0.45051996098314495,-0.45051996098314495,-0.6878305956695889,False,True,848
Devyne Rensch,Devyne Rensch,Ajax,Eredivisie,2023-2024,DF,DEF,20.90622861054073,2212,0.85,exact_age_validated,8000000.0,15.89495209964411,15.294072,4386630.71723254,0.6008800996441099,-0.6008800996441099,-0.6008800996441099,-0.6679077410592742,-3613369.2827674598,-0.45167116034593247,-0.45167116034593247,-0.6888020108842384,False,True,849
Aster Vranckx,Aster Vranckx,Wolfsburg,Bundesliga,2023-2024,MF,MID,21.1937029431896,1153,0.85,exact_age_validated,12000000.0,16.300417207752275,15.696762,6561711.327543863,0.6036552077522757,-0.6036552077522757,-0.6036552077522757,-0.6711405879512823,-5438288.672456137,-0.4531907227046781,-0.4531907227046781,-0.690084261415823,False,True,850
Becir Omeragic,Becir Omeragic,Montpellier,Ligue 1,2023-2024,"DF,MF",DEF,21.73579739904175,2312,0.85,exact_age_validated,5000000.0,15.424948470398377,14.821174,2733720.3363131857,0.6037744703983776,-0.6037744703983776,-0.6037744703983776,-0.6712795223133884,-2266279.6636868143,-0.45325593273736287,-0.45325593273736287,-0.6901392875215918,False,True,851
Vitor Roque,Vitor Roque,Real Betis,LaLiga,2024-2025,FW,ATT,19.82751540041068,1235,0.85,exact_age_validated,20000000.0,16.811242831518264,16.2054,10912287.43606423,0.6058428315182631,-0.6058428315182631,-0.6058428315182631,-0.6736890481975502,-9087712.56393577,-0.45438562819678846,-0.45438562819678846,-0.6910925571225663,False,True,852
Vanderson,Vanderson,Monaco,Ligue 1,2023-2024,"MF,DF",DEF,22.49144421629021,1641,0.85,exact_age_validated,20000000.0,16.811242831518264,16.203014,10886281.75535637,0.6082288315182645,-0.6082288315182645,-0.6082288315182645,-0.676468605744025,-9113718.24464363,-0.4556859122321815,-0.4556859122321815,-0.6921897742824926,False,True,853
Quinten Timber,Quinten Timber,Feyenoord,Eredivisie,2023-2024,MF,MID,22.33264887063655,2663,0.85,exact_age_validated,12000000.0,16.300417207752275,15.691994,6530499.555927886,0.608423207752276,-0.608423207752276,-0.608423207752276,-0.6766950432662806,-5469500.444072114,-0.4557917036726762,-0.4557917036726762,-0.692279044150248,False,True,854
Lucas Bergvall,Lucas Bergvall,Tottenham Hotspur,Premier League,2024-2025,MF,MID,18.6611909650924,1212,1.0,exact_age_club_validated,12000000.0,16.300417207752275,15.690475,6520587.257399101,0.609942207752276,-0.609942207752276,-0.609942207752276,-0.6784645939423465,-5479412.742600899,-0.45661772855007493,-0.45661772855007493,-0.6929760677584276,False,True,855
Mateus Fernandes,Mateus Fernandes,Estoril,Liga Portugal,2023-2024,MF,MID,19.463381245722108,2233,0.85,exact_age_validated,3000000.0,14.914122846632385,14.299095,1621877.5214720007,0.6150278466323851,-0.6150278466323851,-0.6150278466323851,-0.6843890809196497,-1378122.4785279993,-0.4593741595093331,-0.4593741595093331,-0.6953020236775401,False,True,856
Ameen Al-Dakhil,Ameen Al-Dakhil,Burnley,Premier League,2023-2024,DF,DEF,21.593429158110883,1056,0.85,exact_age_validated,11000000.0,16.213405830762646,15.597473,5941504.844034336,0.6159328307626453,-0.6159328307626453,-0.6159328307626453,-0.685443337193205,-5058495.155965664,-0.4598631959968786,-0.4598631959968786,-0.6957146867660343,False,True,857
Facundo Buonanotte,Facundo Buonanotte,Brighton,Premier League,2023-2024,"MF,FW",MID,18.98699520876112,1364,0.85,exact_age_validated,12000000.0,16.300417207752275,15.682295,6467466.414085994,0.6181222077522754,-0.6181222077522754,-0.6181222077522754,-0.6879938398476902,-5532533.585914006,-0.46104446549283384,-0.46104446549283384,-0.6967114760260577,False,True,858
Million Manhoef,Million Manhoef,Vitesse,Eredivisie,2023-2024,"MF,FW",MID,21.94661190965092,1459,0.85,exact_age_validated,3500000.0,15.068273526459642,14.447724,1881771.164355504,0.6205495264596426,-0.6205495264596426,-0.6205495264596426,-0.6908215313945294,-1618228.835644496,-0.4623510958984274,-0.4623510958984274,-0.6978140484361428,False,True,859
Soungoutou Magassa,Soungoutou Magassa,Monaco,Ligue 1,2024-2025,MF,MID,21.17453798767967,1025,0.85,exact_age_validated,12000000.0,16.300417207752275,15.679402,6448783.0722348,0.6210152077522757,-0.6210152077522757,-0.6210152077522757,-0.6913640242491773,-5551216.9277652,-0.4626014106471,-0.4626014106471,-0.6980252712383541,False,True,860
Jordan James,Jordan James,Rennes,Ligue 1,2024-2025,MF,MID,20.44079397672827,1178,0.85,exact_age_validated,5000000.0,15.424948470398377,14.802773,2683877.1371463365,0.6221754703983766,-0.6221754703983766,-0.6221754703983766,-0.6927156658224636,-2316122.8628536635,-0.4632245725707327,-0.4632245725707327,-0.6985511132370338,False,True,861
Skelly Alvero,Skelly Alvero,Lyon,Ligue 1,2023-2024,MF,MID,21.45106091718001,426,0.85,exact_age_validated,4000000.0,15.201804919084164,14.576809,2141054.45152115,0.6249959190841636,-0.6249959190841636,-0.6249959190841636,-0.6960013319704184,-1858945.5484788502,-0.46473638711971255,-0.46473638711971255,-0.6998268259433469,False,True,862
Assane Diao,Assane Diao,Real Betis,LaLiga,2023-2024,MF,MID,18.09719370294319,1048,0.85,exact_age_validated,8000000.0,15.89495209964411,15.267639,4272197.970681085,0.627313099644109,-0.627313099644109,-0.627313099644109,-0.6987007186895874,-3727802.0293189147,-0.46597525366486436,-0.46597525366486436,-0.7008722172541679,False,True,863
Mirko Topić,Mirko Topić,Famalicão,Liga Portugal,2023-2024,MF,MID,22.888432580424368,2345,0.85,exact_age_validated,2500000.0,14.73180128983843,14.102413,1332294.231222365,0.6293882898384293,-0.6293882898384293,-0.6293882898384293,-0.7011182000663647,-1167705.768777635,-0.467082307511054,-0.467082307511054,-0.7018063812090721,False,True,864
Tom Rothe,Tom Rothe,Union Berlin,Bundesliga,2024-2025,"MF,DF",DEF,20.142368240930868,1670,0.85,exact_age_validated,12000000.0,16.300417207752275,15.670374,6390825.472913275,0.6300432077522746,-0.6300432077522746,-0.6300432077522746,-0.7018811430796712,-5609174.527086725,-0.4674312105905605,-0.4674312105905605,-0.702100795687421,False,True,865
Thierno Barry,Thierno Barry,Villarreal,LaLiga,2024-2025,FW,ATT,21.973990417522245,2323,0.85,exact_age_validated,14000000.0,16.454567887579532,15.818635,7412178.880495195,0.635932887579532,-0.635932887579532,-0.635932887579532,-0.7087422931258427,-6587821.119504805,-0.47055865139320036,-0.47055865139320036,-0.7047398204096409,False,True,866
Neil El Aynaoui,Neil El Aynaoui,Lens,Ligue 1,2023-2024,MF,MID,22.46132785763176,1566,0.85,exact_age_validated,5000000.0,15.424948470398377,14.787923,2644316.0298879556,0.6370254703983775,-0.6370254703983775,-0.6370254703983775,-0.7100150914574727,-2355683.9701120444,-0.4711367940224089,-0.4711367940224089,-0.7052276738296521,False,True,867
Tiago Dantas,Tiago Dantas,AZ Alkmaar,Eredivisie,2023-2024,MF,MID,22.973305954825463,693,0.85,exact_age_validated,3000000.0,14.914122846632385,14.275475,1584017.659549731,0.6386478466323844,-0.6386478466323844,-0.6386478466323844,-0.7119050697074529,-1415982.340450269,-0.47199411348342296,-0.47199411348342296,-0.7059511047097975,False,True,868
Orkun Kökçü,Orkun Kökçü,Benfica,Liga Portugal,2023-2024,MF,MID,22.99247091033539,1786,0.85,exact_age_validated,30000000.0,17.216707939626428,16.572601,15753939.201565163,0.644106939626429,-0.644106939626429,-0.644106939626429,-0.7182646099960096,-14246060.798434837,-0.4748686932811612,-0.4748686932811612,-0.7083767580253842,False,True,869
Florian Wirtz,Florian Wirtz,Leverkusen,Bundesliga,2024-2025,MF,MID,21.634496919917865,2351,0.85,exact_age_validated,140000000.0,18.75715298057358,18.11199,73440785.49813381,0.6451629805735806,-0.6451629805735806,-0.6451629805735806,-0.7194948390756576,-66559214.50186619,-0.47542296072761564,-0.47542296072761564,-0.7088444648777987,False,True,870
Tomás Araújo,Tomás Araújo,Benfica,Liga Portugal,2023-2024,DF,DEF,21.61533196440794,482,0.85,exact_age_validated,5000000.0,15.424948470398377,14.777812,2617714.063382775,0.647136470398376,-0.647136470398376,-0.647136470398376,-0.72179384516761,-2382285.936617225,-0.476457187323445,-0.476457187323445,-0.7097171750990336,False,True,871
Youri Regeer,Youri Regeer,Twente,Eredivisie,2023-2024,"DF,MF",DEF,20.164271047227928,1751,0.85,exact_age_validated,3000000.0,14.914122846632385,14.262339,1563346.0718092616,0.6517838466323838,-0.6517838466323838,-0.6517838466323838,-0.7272077804913892,-1436653.9281907384,-0.47888464273024617,-0.47888464273024617,-0.7117655319616886,False,True,872
Joshua Kitolano,Joshua Kitolano,Sparta Rotterdam,Eredivisie,2023-2024,MF,MID,22.36550308008213,2106,1.0,exact_age_club_validated,4500000.0,15.319587954740548,14.66593,2340628.404002151,0.6536579547405488,-0.6536579547405488,-0.6536579547405488,-0.729391012400424,-2159371.595997849,-0.47986035466618865,-0.47986035466618865,-0.712588865825768,False,True,873
Ilias Akhomach,Ilias Akhomach,Villarreal,LaLiga,2024-2025,MF,MID,20.698151950718685,584,0.85,exact_age_validated,15000000.0,16.523560759066484,15.865191,7765419.208218824,0.6583697590664848,-0.6583697590664848,-0.6583697590664848,-0.7348800028747162,-7234580.791781176,-0.48230538611874507,-0.48230538611874507,-0.7146520538625983,False,True,874
Mathys Tel,Mathys Tel,Tottenham Hotspur,Premier League,2024-2025,FW,ATT,19.64955509924709,911,1.0,exact_age_club_validated,30000000.0,17.216707939626428,16.557762,15521892.426762622,0.6589459396264274,-0.6589459396264274,-0.6589459396264274,-0.7355512212416566,-14478107.573237378,-0.4826035857745793,-0.4826035857745793,-0.7149036833301297,False,True,875
Simon Adingra,Simon Adingra,Brighton,Premier League,2023-2024,MF,MID,21.76865160848734,2222,0.85,exact_age_validated,15000000.0,16.523560759066484,15.859695,7722857.530874641,0.6638657590664838,-0.6638657590664838,-0.6638657590664838,-0.7412825377763989,-7277142.469125359,-0.48514283127502394,-0.48514283127502394,-0.7170463718970251,False,True,876
Myron van Brederode,Myron van Brederode,AZ Alkmaar,Eredivisie,2023-2024,"MF,FW",MID,20.281998631074607,1311,0.85,exact_age_validated,5000000.0,15.424948470398377,14.75836,2567286.3395255157,0.6665884703983771,-0.6665884703983771,-0.6665884703983771,-0.7444543453327411,-2432713.6604744843,-0.48654273209489685,-0.48654273209489685,-0.7182276485719288,False,True,877
Conor Bradley,Conor Bradley,Liverpool,Premier League,2024-2025,DF,DEF,21.440109514031484,754,0.85,exact_age_validated,20000000.0,16.811242831518264,16.139484,10216187.192603845,0.6717588315182645,-0.6717588315182645,-0.6717588315182645,-0.7504775290162179,-9783812.807396155,-0.48919064036980775,-0.48919064036980775,-0.7204620299209736,False,True,878
Benjamin Šeško,Benjamin Sesko,RB Leipzig,Bundesliga,2023-2024,FW,ATT,20.383299110198493,1526,0.85,exact_age_validated,30000000.0,17.216707939626428,16.542894,15292820.073862782,0.6738139396264273,-0.6738139396264273,-0.6738139396264273,-0.7528716158774343,-14707179.926137218,-0.4902393308712406,-0.4902393308712406,-0.7213469452027921,False,True,879
Youri Baas,Youri Baas,Ajax,Eredivisie,2024-2025,DF,DEF,21.579739904175224,2040,0.85,exact_age_validated,3000000.0,14.914122846632385,14.236316,1523187.901241148,0.6778068466323841,-0.6778068466323841,-0.6778068466323841,-0.7575231308819496,-1476812.098758852,-0.49227069958628406,-0.49227069958628406,-0.7230610726946437,False,True,880
Can Bozdogan,Can Bozdogan,Utrecht,Eredivisie,2023-2024,MF,MID,22.694045174537987,1963,0.85,exact_age_validated,5000000.0,15.424948470398377,14.740975,2523039.7940205033,0.6839734703983762,-0.6839734703983762,-0.6839734703983762,-0.7647069052428151,-2476960.2059794967,-0.49539204119589936,-0.49539204119589936,-0.7256949507419325,False,True,881
Adam Wharton,Adam Wharton,Crystal Palace,Premier League,2023-2024,MF,MID,19.871321013004792,1297,0.85,exact_age_validated,10000000.0,16.11809565095832,15.43404,5045664.915434174,0.6840556509583209,-0.6840556509583209,-0.6840556509583209,-0.7648026410330782,-4954335.084565826,-0.49543350845658257,-0.49543350845658257,-0.7257299420121152,False,True,882
Arijon Ibrahimović,Arijon Ibrahimovic,Frosinone,Serie A,2023-2024,"MF,FW",MID,18.023271731690624,474,0.85,exact_age_validated,4000000.0,15.201804919084164,14.514495,2011708.6629688416,0.6873099190841643,-0.6873099190841643,-0.6873099190841643,-0.7685936827461695,-1988291.3370311584,-0.4970728342577896,-0.4970728342577896,-0.7271132523895671,False,True,883
Kenneth Taylor,Kenneth Taylor,Ajax,Eredivisie,2023-2024,MF,MID,21.42094455852156,2758,0.85,exact_age_validated,10000000.0,16.11809565095832,15.429701,5023819.203911202,0.6883946509583208,-0.6883946509583208,-0.6883946509583208,-0.7698573351630645,-4976180.796088798,-0.49761807960887977,-0.49761807960887977,-0.7275733461377806,False,True,884
Jayden Addai,Jayden Addai,AZ Alkmaar,Eredivisie,2024-2025,"MF,FW",MID,19.310061601642712,324,0.85,exact_age_validated,1500000.0,14.22097566607244,13.532383,753423.6765395496,0.6885926660724397,-0.6885926660724397,-0.6885926660724397,-0.770088011778641,-746576.3234604504,-0.4977175489736336,-0.4977175489736336,-0.7276572812557426,False,True,885
Álex Jiménez,Álex Jiménez,Milan,Serie A,2024-2025,"MF,DF",DEF,19.61396303901437,1266,0.85,exact_age_validated,5000000.0,15.424948470398377,14.735333,2508844.8849955355,0.6896154703983761,-0.6896154703983761,-0.6896154703983761,-0.7712795220396309,-2491155.1150044645,-0.4982310230008929,-0.4982310230008929,-0.7280905654448506,False,True,886
Pablo Barrios,Pablo Barrios,Atlético Madrid,LaLiga,2024-2025,MF,MID,21.32511978097194,2330,0.85,exact_age_validated,30000000.0,17.216707939626428,16.525991,15036497.945439968,0.6907169396264266,-0.6907169396264266,-0.6907169396264266,-0.7725626725446753,-14963502.054560032,-0.4987834018186677,-0.4987834018186677,-0.7285566786179306,False,True,887
Roger Fernandes,Roger Fernandes,Braga,Liga Portugal,2024-2025,MF,MID,19.077344284736483,1739,0.85,exact_age_validated,15000000.0,16.523560759066484,15.832018,7512042.819496824,0.6915427590664844,-0.6915427590664844,-0.6915427590664844,-0.7735247063487981,-7487957.180503176,-0.49919714536687837,-0.49919714536687837,-0.7289058073533059,False,True,888
Troy Parrott,Troy Parrott,AZ Alkmaar,Eredivisie,2024-2025,FW,ATT,22.691307323750856,2176,0.85,exact_age_validated,7500000.0,15.83041357850654,15.138417,3754317.2409371254,0.6919965785065401,-0.6919965785065401,-0.6919965785065401,-0.7740533808036778,-3745682.7590628746,-0.49942436787504996,-0.49942436787504996,-0.7290975442571679,False,True,889
Crysencio Summerville,Crysencio Summerville,West Ham United,Premier League,2024-2025,"MF,FW",MID,22.921286789869956,786,0.85,exact_age_validated,22000000.0,16.90655301132259,16.214466,11011668.045569547,0.6920870113225881,-0.6920870113225881,-0.6920870113225881,-0.7741587300141954,-10988331.954430453,-0.49946963429229335,-0.49946963429229335,-0.7291357413651965,False,True,890
Julio Enciso,Julio Enciso,Brighton,Premier League,2023-2024,MF,MID,19.904175222450377,475,0.85,exact_age_validated,22000000.0,16.90655301132259,16.206213,10921162.733069133,0.7003400113225879,-0.7003400113225879,-0.7003400113225879,-0.7837730168671059,-11078837.266930867,-0.5035835121332213,-0.5035835121332213,-0.73260715010209,False,True,891
Bradley Barcola,Bradley Barcola,Paris Saint-Germain,Ligue 1,2024-2025,FW,ATT,22.09719370294319,2181,1.0,exact_age_club_validated,65000000.0,17.98989782785991,17.282494,32039946.167576797,0.7074038278599097,-0.7074038278599097,-0.7074038278599097,-0.792001971000893,-32960053.832423203,-0.5070777512680493,-0.5070777512680493,-0.7355556898328423,False,True,892
Habib Diarra,Habib Diarra,Strasbourg,Ligue 1,2023-2024,"MF,FW",MID,19.78370978781657,2305,0.85,exact_age_validated,18000000.0,16.70588231586044,15.998272,8870768.580781924,0.707610315860439,-0.707610315860439,-0.707610315860439,-0.7922425180587837,-9129231.419218076,-0.5071795232898931,-0.5071795232898931,-0.735641567999249,False,True,893
James Trafford,James Trafford,Burnley,Premier League,2023-2024,GK,GK,20.752908966461327,2520,0.85,exact_age_validated,15000000.0,16.523560759066484,15.814685,7382958.522117581,0.7088757590664834,-0.7088757590664834,-0.7088757590664834,-0.7937166891455373,-7617041.477882419,-0.5078027651921613,-0.5078027651921613,-0.7361674774862073,False,True,894
Gabriel Martinelli,Gabriel Martinelli,Arsenal,Premier League,2023-2024,FW,ATT,22.50239561943874,2019,0.85,exact_age_validated,85000000.0,18.258161814454592,17.545547,41680627.063253716,0.712614814454593,-0.712614814454593,-0.712614814454593,-0.7980724811072731,-43319372.936746284,-0.5096396816087798,-0.5096396816087798,-0.7377175205220389,False,True,895
Rico Lewis,Rico Lewis,Manchester City,Premier League,2024-2025,"DF,MF",DEF,19.860369609856264,1893,0.85,exact_age_validated,40000000.0,17.50439001207821,16.790789,19595078.58363463,0.713601012078211,-0.713601012078211,-0.713601012078211,-0.7992213465922027,-20404921.41636537,-0.5101230354091343,-0.5101230354091343,-0.7381253883952335,False,True,896
Adam Wharton,Adam Wharton,Crystal Palace,Premier League,2024-2025,MF,MID,20.85968514715948,1318,0.85,exact_age_validated,32000000.0,17.281246460764002,16.565716,15645845.868458975,0.7155304607640041,-0.7155304607640041,-0.7155304607640041,-0.8014690472020639,-16354154.131541025,-0.5110673166106571,-0.5110673166106571,-0.7389222000993727,False,True,897
Alejandro Garnacho,Alejandro Garnacho,Manchester Utd,Premier League,2024-2025,MF,MID,20.251882272416157,2199,0.85,exact_age_validated,50000000.0,17.72753356339242,17.011698,24439176.574849762,0.7158355633924209,-0.7158355633924209,-0.7158355633924209,-0.8018244748270702,-25560823.425150238,-0.5112164685030047,-0.5112164685030047,-0.739048058766606,False,True,898
Cher Ndour,Cher Ndour,Fiorentina,Serie A,2024-2025,MF,MID,20.188911704312115,406,0.85,exact_age_validated,4000000.0,15.201804919084164,14.485952,1955100.1935772325,0.7158529190841652,-0.7158529190841652,-0.7158529190841652,-0.8018446932444893,-2044899.8064227675,-0.5112249516056918,-0.5112249516056918,-0.7390552170532453,False,True,899
Kees Smit,Kees Smit,AZ Alkmaar,Eredivisie,2024-2025,MF,MID,18.90759753593429,989,0.85,exact_age_validated,2000000.0,14.50865773852422,13.792649,977397.787346605,0.71600873852422,-0.71600873852422,-0.71600873852422,-0.8020262142421807,-1022602.212653395,-0.5113011063266976,-0.5113011063266976,-0.7391194786025856,False,True,900
Filip Jørgensen,Filip Jørgensen,Chelsea,Premier League,2024-2025,GK,GK,22.6694045174538,540,0.85,exact_age_validated,20000000.0,16.811242831518264,16.091185,9734482.143038845,0.7200578315182646,-0.7200578315182646,-0.7200578315182646,-0.8067431828037772,-10265517.856961155,-0.5132758928480577,-0.5132758928480577,-0.7407858604079829,False,True,901
Tim Iroegbunam,Tim Iroegbunam,Everton,Premier League,2024-2025,MF,MID,21.256673511293634,574,0.85,exact_age_validated,10000000.0,16.11809565095832,15.3972,4863164.910112342,0.7208956509583206,-0.7208956509583206,-0.7208956509583206,-0.8077191959417444,-5136835.089887658,-0.5136835089887658,-0.5136835089887658,-0.7411298186602371,False,True,902
Paul Wanner,Paul Wanner,Heidenheim,Bundesliga,2024-2025,"MF,FW",MID,18.79534565366188,1771,0.85,exact_age_validated,15000000.0,16.523560759066484,15.799517,7271818.821544531,0.7240437590664843,-0.7240437590664843,-0.7240437590664843,-0.8113865671274779,-7728181.178455469,-0.515212078563698,-0.515212078563698,-0.7424196697405433,False,True,903
Loïc Mbe Soh,Loïc Mbe Soh,Almere City,Eredivisie,2023-2024,DF,DEF,22.50513347022587,1258,0.85,exact_age_validated,2000000.0,14.50865773852422,13.783026,968037.3981839756,0.7256317385242212,-0.7256317385242212,-0.7256317385242212,-0.8132364750425648,-1031962.6018160244,-0.5159813009080122,-0.5159813009080122,-0.7430687617335286,False,True,904
Yan Couto,Yan Couto,Dortmund,Bundesliga,2024-2025,"DF,MF",DEF,22.548939082819988,895,0.85,exact_age_validated,25000000.0,17.034386382832476,16.304632,12050684.243719928,0.7297543828324748,-0.7297543828324748,-0.7297543828324748,-0.8180391268021757,-12949315.756280072,-0.5179726302512029,-0.5179726302512029,-0.7447491028489627,False,True,905
Nico Williams,Nico Williams,Athletic Club,LaLiga,2024-2025,MF,MID,22.01779603011636,1996,1.0,exact_age_club_validated,70000000.0,18.064005800013632,17.332764,33691764.88398165,0.7312418000136311,-0.7312418000136311,-0.7312418000136311,-0.8197718852475392,-36308235.11601835,-0.5186890730859763,-0.5186890730859763,-0.7453536579700152,False,True,906
Benjamin Tahirovic,Benjamin Tahirović,Ajax,Eredivisie,2023-2024,MF,MID,20.62422997946612,1667,0.85,exact_age_validated,5000000.0,15.424948470398377,14.69363,2406370.1301734853,0.7313184703983762,-0.7313184703983762,-0.7313184703983762,-0.8198612019895799,-2593629.8698265147,-0.518725973965303,-0.518725973965303,-0.7453847959959475,False,True,907
Diego Gómez,Diego Gómez,Brighton,Premier League,2024-2025,MF,MID,21.50308008213552,516,0.85,exact_age_validated,10000000.0,16.11809565095832,15.381604,4787907.373875873,0.736491650958321,-0.736491650958321,-0.736491650958321,-0.8258876701642085,-5212092.626124127,-0.5212092626124127,-0.5212092626124127,-0.7474802665566049,False,True,908
Tommaso Baldanzi,Tommaso Baldanzi,Empoli,Serie A,2023-2024,"MF,FW",MID,20.744695414099933,745,0.85,exact_age_validated,15000000.0,16.523560759066484,15.786717,7179332.714454336,0.7368437590664847,-0.7368437590664847,-0.7368437590664847,-0.8262978565637142,-7820667.285545664,-0.5213778190363776,-0.5213778190363776,-0.7476224993271043,False,True,909
Abakar Sylla,Abakar Sylla,Strasbourg,Ligue 1,2024-2025,DF,DEF,21.960301163586585,950,0.85,exact_age_validated,12000000.0,16.300417207752275,15.5626135,5737955.384219913,0.7378037077522759,-0.7378037077522759,-0.7378037077522759,-0.8274161434932273,-6262044.615780087,-0.5218370513150072,-0.5218370513150072,-0.7480100127647757,False,True,910
Elia Caprile,Elia Caprile,Empoli,Serie A,2023-2024,GK,GK,22.127310061601644,2070,0.85,exact_age_validated,6000000.0,15.60727002719233,14.867578,2863565.257571824,0.73969202719233,-0.73969202719233,-0.73969202719233,-0.8296159308150021,-3136434.742428176,-0.5227391237380293,-0.5227391237380293,-0.7487712074846179,False,True,911
Johan Bakayoko,Johan Bakayoko,PSV,Eredivisie,2023-2024,"MF,FW",MID,20.49281314168378,2493,0.85,exact_age_validated,25000000.0,17.034386382832476,16.294285,11926638.670319619,0.7401013828324778,-0.7401013828324778,-0.7401013828324778,-0.830092807411299,-13073361.329680381,-0.5229344531872152,-0.5229344531872152,-0.7489360321057408,False,True,912
Rassoul Ndiaye,Rassoul Ndiaye,Le Havre,Ligue 1,2023-2024,MF,MID,22.01779603011636,526,0.85,exact_age_validated,3500000.0,15.068273526459642,14.319543,1655383.0662825063,0.7487305264596422,-0.7487305264596422,-0.7487305264596422,-0.8401452807090724,-1844616.9337174937,-0.5270334096335696,-0.5270334096335696,-0.752394849739667,False,True,913
Bamo Meïté,Bamo Meïté,Marseille,Ligue 1,2023-2024,DF,DEF,21.867214236824093,638,0.85,exact_age_validated,4000000.0,15.201804919084164,14.449374,1884878.649747131,0.7524309190841638,-0.7524309190841638,-0.7524309190841638,-0.8444560326975062,-2115121.350252869,-0.5287803375632173,-0.5287803375632173,-0.7538689578955705,False,True,914
Finn Jeltsch,Finn Jeltsch,Stuttgart,Bundesliga,2024-2025,DF,DEF,18.42573579739904,780,0.85,exact_age_validated,5000000.0,15.424948470398377,14.670982,2352483.178646108,0.7539664703983764,-0.7539664703983764,-0.7539664703983764,-0.8462448647358201,-2647516.821353892,-0.5295033642707784,-0.5295033642707784,-0.7544790686783129,False,True,915
Omari Hutchinson,Omari Hutchinson,Ipswich Town,Premier League,2024-2025,MF,MID,20.92265571526352,2583,0.85,exact_age_validated,18000000.0,16.70588231586044,15.950771,8459249.364115888,0.7551113158604394,-0.7551113158604394,-0.7551113158604394,-0.8475785461455531,-9540750.635884112,-0.5300417019935617,-0.5300417019935617,-0.7549333335705946,False,True,916
Cristian Volpato,Cristian Volpato,Sassuolo,Serie A,2023-2024,"MF,FW",MID,19.904175222450377,645,0.85,exact_age_validated,5000000.0,15.424948470398377,14.669813,2349734.732589982,0.7551354703983773,-0.7551354703983773,-0.7551354703983773,-0.8476066848413647,-2650265.267410018,-0.5300530534820036,-0.5300530534820036,-0.7549429122838373,False,True,917
Cameron Archer,Cameron Archer,Sheffield United,Premier League,2023-2024,"FW,MF",MID,22.026009582477755,1832,0.85,exact_age_validated,18000000.0,16.70588231586044,15.948495,8440018.006150343,0.7573873158604396,-0.7573873158604396,-0.7573873158604396,-0.850229959798434,-9559981.993849657,-0.5311101107694254,-0.5311101107694254,-0.7558348877009112,False,True,918
Arda Güler,Arda Güler,Real Madrid,LaLiga,2024-2025,"MF,FW",MID,19.392197125256672,1250,0.85,exact_age_validated,45000000.0,17.622173047734595,16.864017,21083830.971151225,0.7581560477345946,-0.7581560477345946,-0.7581560477345946,-0.8511254897573702,-23916169.028848775,-0.5314704228633061,-0.5314704228633061,-0.7561389294345433,False,True,919
Zeki Amdouni,Zeki Amdouni,Burnley,Premier League,2023-2024,FW,ATT,22.84462696783025,1953,0.85,exact_age_validated,15000000.0,16.523560759066484,15.763018,7011189.985326273,0.7605427590664835,-0.7605427590664835,-0.7605427590664835,-0.8539058759660062,-7988810.014673727,-0.5325873343115818,-0.5325873343115818,-0.7570814115183103,False,True,920
Levi Colwill,Levi Colwill,Chelsea,Premier League,2023-2024,DF,DEF,20.372347707049965,1797,0.85,exact_age_validated,35000000.0,17.37085861945369,16.604567,16265664.961118242,0.7662916194536891,-0.7662916194536891,-0.7662916194536891,-0.8606029791817978,-18734335.038881756,-0.5352667153966216,-0.5352667153966216,-0.759342350531992,False,True,921
Patrick Dorgu,Patrick Dorgu,Manchester Utd,Premier League,2024-2025,MF,MID,20.145106091718,842,0.85,exact_age_validated,20000000.0,16.811242831518264,16.039694,9245929.88294465,0.7715488315182633,-0.7715488315182633,-0.7715488315182633,-0.8667273393944961,-10754070.11705535,-0.5377035058527675,-0.5377035058527675,-0.7613985845784397,False,True,922
Niels Nkounkou,Niels Nkounkou,Eintracht Frankfurt,Bundesliga,2023-2024,"MF,DF",DEF,22.9596167008898,1309,0.85,exact_age_validated,7500000.0,15.83041357850654,15.055813,3456658.7455941057,0.77460057850654,-0.77460057850654,-0.77460057850654,-0.8702824552248364,-4043341.2544058943,-0.5391121672541193,-0.5391121672541193,-0.7625872536845876,False,True,923
Konstantinos Koulierakis,Konstantinos Koulierakis,Wolfsburg,Bundesliga,2024-2025,DF,DEF,20.865160848733744,2468,0.85,exact_age_validated,12000000.0,16.300417207752275,15.523144,5515892.340340013,0.777273207752275,-0.777273207752275,-0.777273207752275,-0.8733959199310007,-6484107.659659987,-0.5403423049716656,-0.5403423049716656,-0.7636252793589983,False,True,924
Luca Lipani,Luca Lipani,Sassuolo,Serie A,2023-2024,MF,MID,18.39835728952772,384,0.85,exact_age_validated,4000000.0,15.201804919084164,14.423593,1836905.6463928483,0.7782119190841641,-0.7782119190841641,-0.7782119190841641,-0.8744894665221626,-2163094.3536071517,-0.5407735884017879,-0.5407735884017879,-0.763989208752455,False,True,925
Odilon Kossounou,Odilon Kossounou,Leverkusen,Bundesliga,2023-2024,DF,DEF,22.784394250513348,1811,0.85,exact_age_validated,28000000.0,17.14771506813948,16.364695,12796663.105241327,0.7830200681394786,-0.7830200681394786,-0.7830200681394786,-0.8800906932578156,-15203336.894758673,-0.5429763176699526,-0.5429763176699526,-0.7658479352198392,False,True,926
Samuel Dahl,Samuel Dahl,Benfica,Liga Portugal,2024-2025,"MF,DF",DEF,21.626283367556468,595,0.85,exact_age_validated,4000000.0,15.201804919084164,14.413697,1818817.2769851321,0.7881079190841636,-0.7881079190841636,-0.7881079190841636,-0.8860177571675519,-2181182.723014868,-0.5452956807537169,-0.5452956807537169,-0.7678050806637087,False,True,927
Stefano Turati,Stefano Turati,Frosinone,Serie A,2023-2024,GK,GK,22.28884325804244,2745,0.85,exact_age_validated,7000000.0,15.761420707019589,14.972346,3179854.503203387,0.7890747070195889,-0.7890747070195889,-0.7890747070195889,-0.8871440114432229,-3820145.496796613,-0.5457350709709448,-0.5457350709709448,-0.7681758507978665,False,True,928
Victor Boniface,Victor Boniface,Leverkusen,Bundesliga,2023-2024,FW,ATT,22.81724845995893,1546,0.85,exact_age_validated,40000000.0,17.50439001207821,16.715078,18166285.698123865,0.7893120120782129,-0.7893120120782129,-0.7893120120782129,-0.887420458663053,-21833714.301876135,-0.5458428575469034,-0.5458428575469034,-0.768266804218452,False,True,929
Xavi Simons,Xavi Simons,RB Leipzig,Bundesliga,2024-2025,MF,MID,21.66735112936345,2150,0.85,exact_age_validated,80000000.0,18.197537192638155,17.407606,36310081.93758277,0.7899311926381536,-0.7899311926381536,-0.7899311926381536,-0.888141769642941,-43689918.06241723,-0.5461239757802154,-0.5461239757802154,-0.7685040198891533,False,True,930
Tom Bischof,Tom Bischof,Hoffenheim,Bundesliga,2024-2025,MF,MID,19.479808350444905,2559,0.85,exact_age_validated,12000000.0,16.300417207752275,15.5094185,5440701.15873535,0.7909987077522747,-0.7909987077522747,-0.7909987077522747,-0.8893853654901454,-6559298.84126465,-0.5466082367720542,-0.5466082367720542,-0.7689126532766791,False,True,931
Micky van de Ven,Micky van de Ven,Tottenham Hotspur,Premier League,2023-2024,DF,DEF,22.472279260780287,2339,1.0,exact_age_club_validated,40000000.0,17.50439001207821,16.711067,18093566.661708944,0.7933230120782113,-0.7933230120782113,-0.7933230120782113,-0.8920930510012341,-21906433.338291056,-0.5476608334572765,-0.5476608334572765,-0.7698008647090054,False,True,932
Xavi Simons,Xavi Simons,RB Leipzig,Bundesliga,2023-2024,MF,MID,20.49281314168378,2653,0.85,exact_age_validated,70000000.0,18.064005800013632,17.269068,31612652.689996965,0.7949378000136313,-0.7949378000136313,-0.7949378000136313,-0.8939741893046084,-38387347.310003035,-0.5483906758571863,-0.5483906758571863,-0.7704167267694673,False,True,933
Amadou Onana,Amadou Onana,Everton,Premier League,2023-2024,MF,MID,22.14647501711157,2091,0.85,exact_age_validated,50000000.0,17.72753356339242,16.931698,22560203.38847321,0.7958355633924192,-0.7958355633924192,-0.7958355633924192,-0.8950200338035427,-27439796.61152679,-0.5487959322305358,-0.5487959322305358,-0.7707586937819855,False,True,934
Bart Verbruggen,Bart Verbruggen,Brighton,Premier League,2023-2024,GK,GK,21.14168377823409,1890,0.85,exact_age_validated,15000000.0,16.523560759066484,15.7275305,6766743.4326083455,0.7960302590664838,-0.7960302590664838,-0.7960302590664838,-0.895246843455727,-8233256.5673916545,-0.5488837711594436,-0.5488837711594436,-0.7708328148028424,False,True,935
Alejandro Garnacho,Alejandro Garnacho,Manchester Utd,Premier League,2023-2024,MF,MID,19.46611909650924,2565,0.85,exact_age_validated,30000000.0,17.216707939626428,16.41816,13499456.724914817,0.7985479396264274,-0.7985479396264274,-0.7985479396264274,-0.8981798015445789,-16500543.275085183,-0.5500181091695061,-0.5500181091695061,-0.7717900019219022,False,True,936
Lucas Chevalier,Lucas Chevalier,Lille,Ligue 1,2023-2024,GK,GK,22.11362080766598,2969,0.85,exact_age_validated,18000000.0,16.70588231586044,15.906706,8094585.991052453,0.7991763158604392,-0.7991763158604392,-0.7991763158604392,-0.8989118249742821,-9905414.008947548,-0.5503007782748638,-0.5503007782748638,-0.7720285262631518,False,True,937
Bamo Meïté,Bamo Meïté,Montpellier,Ligue 1,2024-2025,DF,DEF,22.84462696783025,424,0.85,exact_age_validated,7000000.0,15.761420707019589,14.959316,3138689.7696793647,0.8021047070195895,-0.8021047070195895,-0.8021047070195895,-0.9023232381115168,-3861310.2303206353,-0.5516157471886621,-0.5516157471886621,-0.7731381349468829,False,True,938
Osame Sahraoui,Osame Sahraoui,Heerenveen,Eredivisie,2023-2024,"MF,FW",MID,22.510609171800137,2469,0.85,exact_age_validated,6500000.0,15.687312734865866,14.867075,2862125.246440426,0.8202377348658665,-0.8202377348658665,-0.8202377348658665,-0.9234472089373889,-3637874.753559574,-0.5596730390091652,-0.5596730390091652,-0.7799371100995057,False,True,939
Brooke Norton-Cuffy,Brooke Norton-Cuffy,Genoa,Serie A,2024-2025,"MF,DF",DEF,20.933607118412045,719,0.85,exact_age_validated,4500000.0,15.319587954740548,14.494625,1972130.5228259498,0.824962954740549,-0.824962954740549,-0.824962954740549,-0.9289518277812362,-2527869.47717405,-0.5617487727053445,-0.5617487727053445,-0.7816886740416075,False,True,940
Dominik Szoboszlai,Dominik Szoboszlai,Liverpool,Premier League,2023-2024,MF,MID,22.954140999315538,2104,0.85,exact_age_validated,70000000.0,18.064005800013632,17.238106,30648859.217610184,0.8258998000136337,-0.8258998000136337,-0.8258998000136337,-0.9300432005174811,-39351140.78238982,-0.5621591540341403,-0.5621591540341403,-0.7820349656392984,False,True,941
Piero Hincapié,Piero Hincapié,Leverkusen,Bundesliga,2023-2024,DF,DEF,21.927446954141,1484,0.85,exact_age_validated,35000000.0,17.37085861945369,16.541164,15266386.366884291,0.82969461945369,-0.82969461945369,-0.82969461945369,-0.9344639545041167,-19733613.63311571,-0.5638175323747345,-0.5638175323747345,-0.7834343530988236,False,True,942
Jonathan Rowe,Jonathan Rowe,Marseille,Ligue 1,2024-2025,"MF,FW",MID,21.440109514031484,807,0.85,exact_age_validated,10000000.0,16.11809565095832,15.279765,4324318.008420278,0.838330650958321,-0.838330650958321,-0.838330650958321,-0.9445244517967732,-5675681.991579722,-0.5675681991579722,-0.5675681991579722,-0.7865992738728373,False,True,943
Amir Richardson,Amir Richardson,Reims,Ligue 1,2023-2024,MF,MID,21.897330595482547,1352,0.85,exact_age_validated,6000000.0,15.60727002719233,14.767242,2590190.5437886,0.8400280271923304,-0.8400280271923304,-0.8400280271923304,-0.9465018008832968,-3409809.4562114,-0.5683015760352333,-0.5683015760352333,-0.7872181184271974,False,True,944
Aaron Hickey,Aaron Hickey,Brentford,Premier League,2023-2024,"DF,MF",DEF,21.3305954825462,713,0.85,exact_age_validated,30000000.0,17.216707939626428,16.37654,12949140.846378867,0.8401679396264292,-0.8401679396264292,-0.8401679396264292,-0.9466647911020918,-17050859.153621133,-0.5683619717873711,-0.5683619717873711,-0.7872690821042312,False,True,945
Metinho,Metinho,Sparta Rotterdam,Eredivisie,2024-2025,MF,MID,21.65366187542779,361,0.85,exact_age_validated,3000000.0,14.914122846632385,14.073777,1294683.730841507,0.8403458466323848,-0.8403458466323848,-0.8403458466323848,-0.946872042887915,-1705316.269158493,-0.5684387563861644,-0.5684387563861644,-0.7873338751626098,False,True,946
Andrés Gómez,Andrés Gómez,Rennes,Ligue 1,2024-2025,MF,MID,22.069815195071868,381,0.85,exact_age_validated,6000000.0,15.60727002719233,14.757699,2565589.923982195,0.8495710271923294,-0.8495710271923294,-0.8495710271923294,-0.9576188661247018,-3434410.076017805,-0.5724016793363008,-0.5724016793363008,-0.7906779038101976,False,True,947
Lucas Beltrán,Lucas Beltrán,Fiorentina,Serie A,2023-2024,"FW,MF",MID,22.26420260095825,1692,0.85,exact_age_validated,12000000.0,16.300417207752275,15.449141,5122437.715413538,0.8512762077522762,-0.8512762077522762,-0.8512762077522762,-0.9596053068177025,-6877562.284586462,-0.5731301903822051,-0.5731301903822051,-0.7912926424357629,False,True,948
Aster Vranckx,Aster Vranckx,Wolfsburg,Bundesliga,2024-2025,MF,MID,22.21218343600274,556,0.85,exact_age_validated,12000000.0,16.300417207752275,15.443189,5092039.52089953,0.857228207752275,-0.857228207752275,-0.857228207752275,-0.9665390564055509,-6907960.47910047,-0.5756633732583726,-0.5756633732583726,-0.7934302151854907,False,True,949
Folarin Balogun,Folarin Balogun,Monaco,Ligue 1,2023-2024,FW,ATT,22.458590006844627,1692,0.85,exact_age_validated,30000000.0,17.216707939626428,16.354727,12669739.605068805,0.8619809396264273,-0.8619809396264273,-0.8619809396264273,-0.9720757252015125,-17330260.394931197,-0.5776753464977066,-0.5776753464977066,-0.7951279762157124,False,True,950
Fermin López,Fermín López,Barcelona,LaLiga,2024-2025,MF,MID,21.42094455852156,1252,0.85,exact_age_validated,50000000.0,17.72753356339242,16.864748,21099248.886152472,0.8627855633924213,-0.8627855633924213,-0.8627855633924213,-0.9730130672219821,-28900751.113847528,-0.5780150222769506,-0.5780150222769506,-0.7954146044320507,False,True,951
Sergiño Dest,Sergiño Dest,PSV,Eredivisie,2023-2024,DF,DEF,22.951403148528406,2118,0.85,exact_age_validated,13000000.0,16.38045991542581,15.512934,5459861.603196887,0.8675259154258104,-0.8675259154258104,-0.8675259154258104,-0.9785353141906941,-7540138.396803113,-0.5800106459079317,-0.5800106459079317,-0.7970985691913388,False,True,952
Ameen Al-Dakhil,Ameen Al-Dakhil,Stuttgart,Bundesliga,2024-2025,DF,DEF,22.792607802874745,432,0.85,exact_age_validated,10000000.0,16.11809565095832,15.248285,4190308.848328206,0.8698106509583212,-0.8698106509583212,-0.8698106509583212,-0.9811969042540161,-5809691.151671793,-0.5809691151671793,-0.5809691151671793,-0.7979073531876681,False,True,953
Nicolò Fagioli,Nicolò Fagioli,Juventus,Serie A,2023-2024,MF,MID,22.85010266940452,437,0.85,exact_age_validated,15000000.0,16.523560759066484,15.652178,6275589.607985652,0.8713827590664849,-0.8713827590664849,-0.8713827590664849,-0.9830283229279131,-8724410.392014347,-0.5816273594676231,-0.5816273594676231,-0.798462798707425,False,True,954
Paulo Victor,Paulo Victor,Chaves,Liga Portugal,2023-2024,"FW,MF",MID,22.28062970568104,822,0.85,exact_age_validated,2200000.0,14.603967918328545,13.728839,916978.2203728503,0.875128918328544,-0.875128918328544,-0.875128918328544,-0.9873923905084443,-1283021.7796271497,-0.5831917180123408,-0.5831917180123408,-0.7997828495523335,False,True,955
Junior Mwanga,Junior Mwanga,Strasbourg,Ligue 1,2023-2024,"MF,FW",MID,20.432580424366872,1450,0.85,exact_age_validated,6000000.0,15.60727002719233,14.726838,2487622.5173300616,0.8804320271923292,-0.8804320271923292,-0.8804320271923292,-0.9935702179443637,-3512377.4826699384,-0.5853962471116564,-0.5853962471116564,-0.801643094769137,False,True,956
Arnau Tenas,Arnau Tenas,Paris Saint-Germain,Ligue 1,2023-2024,GK,GK,22.11635865845312,529,0.85,exact_age_validated,5000000.0,15.424948470398377,14.532867,2049009.3696455173,0.8920814703983773,-0.8920814703983773,-0.8920814703983773,-1.007141172586268,-2950990.6303544827,-0.5901981260708965,-0.5901981260708965,-0.8056950586866779,False,True,957
Niccolò Pisilli,Niccolò Pisilli,Roma,Serie A,2024-2025,MF,MID,20.0684462696783,1227,0.85,exact_age_validated,7500000.0,15.83041357850654,14.934249,3060990.1499396176,0.8961645785065411,-0.8961645785065411,-0.8961645785065411,-1.0118977668675393,-4439009.850060383,-0.5918679800080511,-0.5918679800080511,-0.8071041295854546,False,True,958
Matias Arezo,Matías Arezo,Granada,LaLiga,2023-2024,FW,ATT,20.63244353182752,369,0.85,exact_age_validated,7000000.0,15.761420707019589,14.863326,2851415.2273663855,0.8980947070195882,-0.8980947070195882,-0.8980947070195882,-1.0141462594384125,-4148584.7726336145,-0.5926549675190877,-0.5926549675190877,-0.8077682123383403,False,True,959
Armando Broja,Armando Broja,Chelsea,Premier League,2023-2024,FW,ATT,22.272416153319643,454,0.85,exact_age_validated,28000000.0,17.14771506813948,16.24633,11368193.840159459,0.9013850681394793,-0.9013850681394793,-0.9013850681394793,-1.0179793474859464,-16631806.159840541,-0.5939930771371622,-0.5939930771371622,-0.8088973478155516,False,True,960
Rasmus Højlund,Rasmus Højlund,Manchester Utd,Premier League,2023-2024,FW,ATT,20.67624914442163,2158,0.85,exact_age_validated,65000000.0,17.98989782785991,17.088259,26383754.002495285,0.9016388278599088,-0.9016388278599088,-0.9016388278599088,-1.0182749634733357,-38616245.99750471,-0.5940960922693033,-0.5940960922693033,-0.8089842749542694,False,True,961
Rasmus Højlund,Rasmus Højlund,Manchester Utd,Premier League,2024-2025,FW,ATT,21.86447638603696,2004,0.85,exact_age_validated,60000000.0,17.909855120186375,17.007975,24348358.68286766,0.9018801201863766,-0.9018801201863766,-0.9018801201863766,-1.0185560556388595,-35651641.31713234,-0.5941940219522056,-0.5941940219522056,-0.8090669108442919,False,True,962
Tim Drexler,Tim Drexler,Hoffenheim,Bundesliga,2024-2025,DF,DEF,19.59479808350445,357,0.85,exact_age_validated,4000000.0,15.201804919084164,14.299036,1621781.8335210558,0.9027689190841652,-0.9027689190841652,-0.9027689190841652,-1.019591457015073,-2378218.166478944,-0.594554541619736,-0.594554541619736,-0.8093711277345543,False,True,963
Joško Gvardiol,Josko Gvardiol,Manchester City,Premier League,2023-2024,DF,DEF,21.70841889117043,2328,0.85,exact_age_validated,80000000.0,18.197537192638155,17.286104,32155819.39858451,0.9114331926381531,-0.9114331926381531,-0.9114331926381531,-1.0296848547274353,-47844180.601415485,-0.5980522575176935,-0.5980522575176935,-0.8123226012582802,False,True,964
Rodrigo Ribeiro,Rodrigo Ribeiro,AVS Futebol,Liga Portugal,2024-2025,FW,ATT,19.644079397672822,990,0.85,exact_age_validated,3000000.0,14.914122846632385,13.996988,1198987.4896876945,0.9171348466323845,-0.9171348466323845,-0.9171348466323845,-1.036326965115971,-1801012.5103123055,-0.6003375034374352,-0.6003375034374352,-0.8142509576554531,False,True,965
Mika Godts,Mika Godts,Ajax,Eredivisie,2024-2025,FW,ATT,19.353867214236825,1643,0.85,exact_age_validated,8000000.0,15.89495209964411,14.975637,3190336.643274194,0.9193150996441091,-0.9193150996441091,-0.9193150996441091,-1.0388668388426936,-4809663.356725806,-0.6012079195907258,-0.6012079195907258,-0.814985439902156,False,True,966
Aljoscha Kemlein,Aljoscha Kemlein,Union Berlin,Bundesliga,2024-2025,MF,MID,20.383299110198493,922,0.85,exact_age_validated,7000000.0,15.761420707019589,14.83774,2779384.338028909,0.9236807070195887,-0.9236807070195887,-0.9236807070195887,-1.043952529088064,-4220615.66197109,-0.6029450945672986,-0.6029450945672986,-0.8164513182350498,False,True,967
Jarell Quansah,Jarell Quansah,Liverpool,Premier League,2024-2025,DF,DEF,21.880903490759756,495,0.85,exact_age_validated,22000000.0,16.90655301132259,15.982455,8731563.440148339,0.9240980113225898,-0.9240980113225898,-0.9240980113225898,-1.0444386654353326,-13268436.559851661,-0.60311075272053,-0.60311075272053,-0.8165911053611389,False,True,968
Jamal Musiala,Jamal Musiala,Bayern Munich,Bundesliga,2023-2024,MF,MID,20.79671457905544,1755,1.0,exact_age_club_validated,110000000.0,18.51599092375669,17.588518,43510724.243167125,0.9274729237566888,-0.9274729237566888,-0.9274729237566888,-1.0483702510702388,-66489275.756832875,-0.6044479614257534,-0.6044479614257534,-0.8177194806221104,False,True,969
Bradley Barcola,Bradley Barcola,Paris Saint-Germain,Ligue 1,2023-2024,"FW,MF",MID,21.11978097193703,1370,1.0,exact_age_club_validated,35000000.0,17.37085861945369,16.442982,13838733.58509598,0.9278766194536878,-0.9278766194536878,-0.9278766194536878,-1.0488405341469667,-21161266.41490402,-0.6046076118544006,-0.6046076118544006,-0.8178541982569758,False,True,970
Lesley Ugochukwu,Lesley Ugochukwu,Chelsea,Premier League,2023-2024,MF,MID,19.537303216974674,301,0.85,exact_age_validated,25000000.0,17.034386382832476,16.104624,9866186.856155215,0.9297623828324753,-0.9297623828324753,-0.9297623828324753,-1.05103734379926,-15133813.143844785,-0.6053525257537914,-0.6053525257537914,-0.8184827780832536,False,True,971
Martim Fernandes,Martim Fernandes,Porto,Liga Portugal,2024-2025,DF,DEF,18.72142368240931,1311,0.85,exact_age_validated,6000000.0,15.60727002719233,14.670721,2351869.260656264,0.9365490271923296,-0.9365490271923296,-0.9365490271923296,-1.0589434077328994,-3648130.739343736,-0.6080217898906226,-0.6080217898906226,-0.8207351801243367,False,True,972
Carlos Alcaraz,Carlos Alcaraz,Juventus,Serie A,2023-2024,MF,MID,21.05681040383299,380,0.85,exact_age_validated,15000000.0,16.523560759066484,15.586774,5878275.532058844,0.936786759066484,-0.936786759066484,-0.936786759066484,-1.0592203521691288,-9121724.467941156,-0.6081149645294104,-0.6081149645294104,-0.8208138035710337,False,True,973
Edouard Michut,Edouard Michut,Fortuna Sittard,Eredivisie,2024-2025,MF,MID,21.620807665982205,1028,0.85,exact_age_validated,2200000.0,14.603967918328545,13.653871,850747.7945499074,0.9500969183285441,-0.9500969183285441,-0.9500969183285441,-1.0747259488252987,-1349252.2054500924,-0.6132964570227692,-0.6132964570227692,-0.8251860963339945,False,True,974
Anton Gaaei,Anton Gaaei,Ajax,Eredivisie,2023-2024,"DF,MF",DEF,21.07049965776865,1164,0.85,exact_age_validated,3000000.0,14.914122846632385,13.95369,1148181.5638270762,0.9604328466323846,-0.9604328466323846,-0.9604328466323846,-1.0867667315230134,-1851818.4361729238,-0.6172728120576413,-0.6172728120576413,-0.8285414593619672,False,True,975
Beñat Turrientes,Beñat Turrientes,Real Sociedad,LaLiga,2024-2025,MF,MID,22.90485968514716,942,0.85,exact_age_validated,18000000.0,16.70588231586044,15.744864,6885057.213590133,0.9610183158604393,-0.9610183158604393,-0.9610183158604393,-1.0874487706726643,-11114942.786409866,-0.6174968214672147,-0.6174968214672147,-0.8287304849605892,False,True,976
Patrick Wimmer,Patrick Wimmer,Wolfsburg,Bundesliga,2023-2024,"MF,FW",MID,22.54072553045859,589,0.85,exact_age_validated,18000000.0,16.70588231586044,15.744747,6884251.709019083,0.9611353158604388,-0.9611353158604388,-0.9611353158604388,-1.087585069177667,-11115748.290980916,-0.617541571721162,-0.617541571721162,-0.8287682465151462,False,True,977
Natan,Natan,Napoli,Serie A,2023-2024,DF,DEF,22.46132785763176,952,0.85,exact_age_validated,5500000.0,15.5202586502027,14.551898,2088377.486086448,0.9683606502027011,-0.9683606502027011,-0.9683606502027011,-1.0960021825879052,-3411622.5139135523,-0.6202950025297368,-0.6202950025297368,-0.8310916708206094,False,True,978
Michael Kayode,Michael Kayode,Brentford,Premier League,2024-2025,DF,DEF,20.27378507871321,528,0.85,exact_age_validated,22000000.0,16.90655301132259,15.927379,8263667.051952011,0.9791740113225895,-0.9791740113225895,-0.9791740113225895,-1.108599148012686,-13736332.948047988,-0.6243787703658177,-0.6243787703658177,-0.8345376718672564,False,True,979
Leo Sauer,Leo Sauer,NAC Breda,Eredivisie,2024-2025,"MF,FW",MID,19.00342231348392,2482,0.85,exact_age_validated,5000000.0,15.424948470398377,14.439027,1865476.3611991017,0.9859214703983774,-0.9859214703983774,-0.9859214703983774,-1.1164595632656726,-3134523.6388008986,-0.6269047277601797,-0.6269047277601797,-0.8366691475471059,False,True,980
Marc Casado,Marc Casadó,Barcelona,LaLiga,2024-2025,MF,MID,21.07597535934292,1611,0.85,exact_age_validated,15000000.0,16.523560759066484,15.530618,5557272.564964037,0.9929427590664837,-0.9929427590664837,-0.9929427590664837,-1.1246389747926646,-9442727.435035963,-0.6295151623357308,-0.6295151623357308,-0.8388719075081582,False,True,981
Giorgio Scalvini,Giorgio Scalvini,Atalanta,Serie A,2023-2024,DF,DEF,20.024640657084188,2544,0.85,exact_age_validated,40000000.0,17.50439001207821,16.509583,14791792.14355014,0.994807012078212,-0.994807012078212,-0.994807012078212,-1.1268107260614346,-25208207.856449857,-0.6302051964112464,-0.6302051964112464,-0.8394541781567099,False,True,982
Santiago Giménez,Santiago Gimenez,Feyenoord,Eredivisie,2023-2024,FW,ATT,22.49691991786448,2370,0.85,exact_age_validated,40000000.0,17.50439001207821,16.507618,14762754.810511105,0.9967720120782104,-0.9967720120782104,-0.9967720120782104,-1.1290998419787923,-25237245.189488895,-0.6309311297372224,-0.6309311297372224,-0.8400667416278766,False,True,983
Can Uzun,Can Uzun,Eintracht Frankfurt,Bundesliga,2024-2025,MF,MID,19.107460643394933,675,1.0,exact_age_club_validated,12000000.0,16.300417207752275,15.303045,4426169.078230202,0.9973722077522762,-0.9973722077522762,-0.9973722077522762,-1.1297990366205402,-7573830.921769798,-0.6311525768141498,-0.6311525768141498,-0.8402536050563328,False,True,984
Formose Mendy,Formose Mendy,Lorient,Ligue 1,2023-2024,DF,DEF,22.784394250513348,1256,0.85,exact_age_validated,5000000.0,15.424948470398377,14.421747,1833517.8464709893,1.003201470398377,-1.003201470398377,-1.003201470398377,-1.1365898040045905,-3166482.1535290107,-0.6332964307058021,-0.6332964307058021,-0.8420626507834724,False,True,985
Mohamed Daramy,Mohamed Daramy,Reims,Ligue 1,2023-2024,"FW,MF",MID,21.77138945927447,1648,0.85,exact_age_validated,10000000.0,16.11809565095832,15.10611,3634964.8535375465,1.0119856509583212,-1.0119856509583212,-1.0119856509583212,-1.1468228867225192,-6365035.1464624535,-0.6365035146462453,-0.6365035146462453,-0.8447688806817073,False,True,986
Lucas Beraldo,Lucas Beraldo,Paris Saint-Germain,Ligue 1,2023-2024,DF,DEF,19.66598220396988,1008,1.0,exact_age_club_validated,6000000.0,15.60727002719233,14.593495,2177079.809811176,1.0137750271923291,-1.0137750271923291,-1.0137750271923291,-1.148907410701864,-3822920.190188824,-0.6371533650314707,-0.6371533650314707,-0.8453172431737827,False,True,987
Tomás Araújo,Tomás Araújo,Benfica,Liga Portugal,2024-2025,DF,DEF,22.39835728952772,2311,0.85,exact_age_validated,15000000.0,16.523560759066484,15.504655,5414846.008160361,1.0189057590664845,-1.0189057590664845,-1.0189057590664845,-1.1548844285139932,-9585153.99183964,-0.6390102661226427,-0.6390102661226427,-0.8468841498542171,False,True,988
Devyne Rensch,Devyne Rensch,Ajax,Eredivisie,2024-2025,DF,DEF,21.913757700205338,1113,0.85,exact_age_validated,12000000.0,16.300417207752275,15.281482,4331749.240327672,1.0189352077522749,-1.0189352077522749,-1.0189352077522749,-1.15491873459816,-7668250.759672328,-0.6390208966393607,-0.6390208966393607,-0.8468931201907316,False,True,989
Rodrygo,Rodrygo,Real Madrid,LaLiga,2023-2024,FW,ATT,22.94866529774127,2380,0.85,exact_age_validated,100000000.0,18.420680743952367,17.401323,36082660.884148955,1.0193577439523658,-1.0193577439523658,-1.0193577439523658,-1.1554109658151008,-63917339.115851045,-0.6391733911585105,-0.6391733911585105,-0.847021799462838,False,True,990
Andrew Omobamidele,Andrew Omobamidele,Strasbourg,Ligue 1,2024-2025,DF,DEF,22.48323066392881,539,0.85,exact_age_validated,11000000.0,16.213405830762646,15.1910925,3957379.0181563795,1.0223133307626462,-1.0223133307626462,-1.0223133307626462,-1.1588540603761956,-7042620.981843621,-0.6402382710766927,-0.6402382710766927,-0.8479203758412961,False,True,991
Archie Gray,Archie Gray,Tottenham Hotspur,Premier League,2024-2025,"DF,MF",DEF,18.55715263518138,1751,1.0,exact_age_club_validated,25000000.0,17.034386382832476,16.008564,8962537.966216173,1.0258223828324766,-1.0258223828324766,-1.0258223828324766,-1.1629419112402632,-16037462.033783827,-0.6414984813513531,-0.6414984813513531,-0.8489837776064765,False,True,992
Arouna Sangante,Arouna Sangante,Le Havre,Ligue 1,2023-2024,DF,DEF,21.51129363449692,2687,0.85,exact_age_validated,8000000.0,15.89495209964411,14.863831,2852855.5557084978,1.0311210996441105,-1.0311210996441105,-1.0311210996441105,-1.1691146221792414,-5147144.444291502,-0.6433930555364378,-0.6433930555364378,-0.8505824739297762,False,True,993
Ryan Flamingo,Ryan Flamingo,PSV,Eredivisie,2024-2025,DF,DEF,21.78781656399726,2939,0.85,exact_age_validated,12000000.0,16.300417207752275,15.265233,4261931.41797914,1.035184207752275,-1.035184207752275,-1.035184207752275,-1.1738479175707695,-7738068.58202086,-0.6448390485017383,-0.6448390485017383,-0.8518026444859584,False,True,994
Désiré Doué,Désiré Doué,Rennes,Ligue 1,2023-2024,MF,MID,18.54072553045859,1626,0.85,exact_age_validated,15000000.0,16.523560759066484,15.483679,5302447.158618579,1.0398817590664837,-1.0398817590664837,-1.0398817590664837,-1.179320304077624,-9697552.841381421,-0.6465035227587614,-0.6465035227587614,-0.853207175855529,False,True,995
Cesare Casadei,Cesare Casadei,Torino,Serie A,2024-2025,MF,MID,21.932922655715263,1017,0.85,exact_age_validated,10000000.0,16.11809565095832,15.071287,3510563.065156311,1.0468086509583205,-1.0468086509583205,-1.0468086509583205,-1.1873897486004907,-6489436.934843689,-0.6489436934843689,-0.6489436934843689,-0.8552662622708112,False,True,996
Ange-Yoan Bonny,Ange-Yoan Bonny,Parma,Serie A,2024-2025,FW,ATT,20.982888432580424,2529,0.85,exact_age_validated,15000000.0,16.523560759066484,15.476453,5264269.776451595,1.0471077590664848,-1.0471077590664848,-1.0471077590664848,-1.1877381929421753,-9735730.223548405,-0.6490486815698937,-0.6490486815698937,-0.8553548542444801,False,True,997
Khéphren Thuram,Khéphren Thuram,Nice,Ligue 1,2023-2024,MF,MID,22.729637234770703,2108,0.85,exact_age_validated,40000000.0,17.50439001207821,16.45227,13967866.507602561,1.0521200120782126,-1.0521200120782126,-1.0521200120782126,-1.193577189456669,-26032133.49239744,-0.650803337309936,-0.650803337309936,-0.8568354833496091,False,True,998
Sebastian Nanasi,Sebastian Nanasi,Strasbourg,Ligue 1,2024-2025,"MF,FW",MID,22.39561943874059,2107,0.85,exact_age_validated,12000000.0,16.300417207752275,15.239899,4155315.8490454233,1.060518207752276,-1.060518207752276,-1.060518207752276,-1.2033606212096455,-7844684.150954576,-0.6537236792462147,-0.6537236792462147,-0.859299752077148,False,True,999
Jude Bellingham,Jude Bellingham,Real Madrid,LaLiga,2023-2024,"MF,FW",MID,20.290212183436,2315,0.85,exact_age_validated,150000000.0,18.82614585206053,17.765627,51941414.64677471,1.0605188520605324,-1.0605188520605324,-1.0605188520605324,-1.203361371792997,-98058585.35322529,-0.6537239023548352,-0.6537239023548352,-0.859299940342635,False,True,1000
Mandela Keita,Mandela Keita,Parma,Serie A,2024-2025,MF,MID,22.60917180013689,1826,0.85,exact_age_validated,11000000.0,16.213405830762646,15.150937,3801616.769995504,1.0624688307626453,-1.0624688307626453,-1.0624688307626453,-1.2056329887321924,-7198383.230004496,-0.6543984754549542,-0.6543984754549542,-0.8598691645743634,False,True,1001
Malick Thiaw,Malick Thiaw,Milan,Serie A,2023-2024,DF,DEF,22.17385352498289,1619,0.85,exact_age_validated,30000000.0,17.216707939626428,16.150383,10328142.408520833,1.0663249396264263,-1.0663249396264263,-1.0663249396264263,-1.21012514149512,-19671857.591479167,-0.6557285863826389,-0.6557285863826389,-0.8609915505259988,False,True,1002
Moisés Caicedo,Moisés Caicedo,Chelsea,Premier League,2023-2024,MF,MID,21.932922655715263,2866,0.85,exact_age_validated,90000000.0,18.31532022829454,17.245365,30872148.73549248,1.069955228294539,-1.069955228294539,-1.069955228294539,-1.214354226266004,-59127851.26450752,-0.6569761251611946,-0.6569761251611946,-0.862044259717411,False,True,1003
Willian Pacho,Willian Pacho,Eintracht Frankfurt,Bundesliga,2023-2024,DF,DEF,22.0041067761807,2970,0.85,exact_age_validated,17000000.0,16.64872390202049,15.57665,5819064.104558885,1.0720739020204881,-1.0720739020204881,-1.0720739020204881,-1.2168223635432365,-11180935.895441115,-0.6577021114965361,-0.6577021114965361,-0.8626568679194089,False,True,1004
Samuel Soares,Samuel Soares,Benfica,Liga Portugal,2023-2024,GK,GK,21.28952772073922,450,0.85,exact_age_validated,3000000.0,14.914122846632385,13.839084,1023853.4918702286,1.0750388466323848,-1.0750388466323848,-1.0750388466323848,-1.2202763594237365,-1976146.5081297713,-0.6587155027099237,-0.6587155027099237,-0.8635119966441965,False,True,1005
João Neves,João Neves,Paris Saint-Germain,Ligue 1,2024-2025,"MF,DF",DEF,20.02737850787132,1844,1.0,exact_age_club_validated,60000000.0,17.909855120186375,16.829811,20374832.57745464,1.0800441201863755,-1.0800441201863755,-1.0800441201863755,-1.2261072252574157,-39625167.42254536,-0.6604194570424227,-0.6604194570424227,-0.8649498424397756,False,True,1006
Alejandro Balde,Alejandro Balde,Barcelona,LaLiga,2024-2025,DF,DEF,21.1937029431896,2284,0.85,exact_age_validated,50000000.0,17.72753356339242,16.644913,16935337.954269096,1.082620563392421,-1.082620563392421,-1.082620563392421,-1.2291086385668977,-33064662.045730904,-0.661293240914618,-0.661293240914618,-0.8656871664647914,False,True,1007
Kobbie Mainoo,Kobbie Mainoo,Manchester Utd,Premier League,2024-2025,MF,MID,19.247091033538677,1651,0.85,exact_age_validated,55000000.0,17.822843743196746,16.710186,18077633.24917878,1.1126577431967455,-1.1126577431967455,-1.1126577431967455,-1.2641002855911585,-36922366.75082122,-0.6713157591058403,-0.6713157591058403,-0.8741444562920543,False,True,1008
Riccardo Calafiori,Riccardo Calafiori,Arsenal,Premier League,2024-2025,DF,DEF,22.16563997262149,983,0.85,exact_age_validated,45000000.0,17.622173047734595,16.50949,14790416.570845919,1.1126830477345955,-1.1126830477345955,-1.1126830477345955,-1.2641297639730282,-30209583.429154083,-0.671324076203424,-0.671324076203424,-0.8741514744988009,False,True,1009
Hugo Larsson,Hugo Larsson,Eintracht Frankfurt,Bundesliga,2024-2025,MF,MID,20.48186173853525,2393,1.0,exact_age_club_validated,35000000.0,17.37085861945369,16.257864,11500073.676901026,1.112994619453687,-1.112994619453687,-1.112994619453687,-1.2644927277295532,-23499926.323098972,-0.6714264663742564,-0.6714264663742564,-0.874237874277147,False,True,1010
Héctor Fort,Héctor Fort,Barcelona,LaLiga,2024-2025,DF,DEF,18.403832991101982,585,0.85,exact_age_validated,10000000.0,16.11809565095832,14.999447,3267210.1056204746,1.1186486509583204,-1.1186486509583204,-1.1186486509583204,-1.2710793605613646,-6732789.894379525,-0.6732789894379525,-0.6732789894379525,-0.8758010866517666,False,True,1011
Tomás Palacios,Tomás Palacios,Monza,Serie A,2024-2025,DF,DEF,21.475701574264203,446,0.85,exact_age_validated,6000000.0,15.60727002719233,14.484724,1952700.804066201,1.12254602719233,-1.12254602719233,-1.12254602719233,-1.2756195875197414,-4047299.1959337993,-0.6745498659889665,-0.6745498659889665,-0.876873488928473,False,True,1012
Pedri,Pedri,Barcelona,LaLiga,2024-2025,MF,MID,22.088980150581797,2879,0.85,exact_age_validated,100000000.0,18.420680743952367,17.294518,32427519.90410402,1.1261627439523672,-1.1261627439523672,-1.1261627439523672,-1.279832861771132,-67572480.09589598,-0.6757248009589597,-0.6757248009589597,-0.8778649329328473,False,True,1013
Jeanuël Belocian,Jeanuël Belocian,Rennes,Ligue 1,2023-2024,DF,DEF,18.830937713894592,1448,0.85,exact_age_validated,9000000.0,16.012735135300492,14.881539,2903823.8634343334,1.1311961353004918,-1.1311961353004918,-1.1311961353004918,-1.2856964832740798,-6096176.136565667,-0.6773529040628519,-0.6773529040628519,-0.8792387732747228,False,True,1014
Arsen Zakharyan,Arsen Zakharyan,Real Sociedad,LaLiga,2023-2024,"MF,FW",MID,20.57494866529774,1228,0.85,exact_age_validated,15000000.0,16.523560759066484,15.391298,4834547.045204108,1.1322627590664833,-1.1322627590664833,-1.1322627590664833,-1.2869390407501944,-10165452.954795893,-0.6776968636530596,-0.6776968636530596,-0.8795290162942666,False,True,1015
Mathis Amougou,Mathis Amougou,Saint-Étienne,Ligue 1,2024-2025,MF,MID,18.718685831622174,859,0.85,exact_age_validated,6000000.0,15.60727002719233,14.466693,1917807.1846643023,1.1405770271923306,-1.1405770271923306,-1.1405770271923306,-1.2966247015685521,-4082192.8153356975,-0.6803654692226162,-0.6803654692226162,-0.8817808626172949,False,True,1016
David Datro Fofana,David Datro Fofana,Union Berlin,Bundesliga,2023-2024,"FW,MF",MID,20.97741273100616,682,0.85,exact_age_validated,8000000.0,15.89495209964411,14.753054,2553700.39359701,1.1418980996441093,-1.1418980996441093,-1.1418980996441093,-1.2981636776384513,-5446299.6064029895,-0.6807874508003737,-0.6807874508003737,-0.8821369428395276,False,True,1017
Ismaël Gharbi,Ismaël Gharbi,Braga,Liga Portugal,2024-2025,MF,MID,20.692676249144423,1058,0.85,exact_age_validated,7500000.0,15.83041357850654,14.688502,2394061.8495494016,1.1419115785065408,-1.1419115785065408,-1.1419115785065408,-1.2981793797649348,-5105938.150450598,-0.6807917533934131,-0.6807917533934131,-0.8821405734915901,False,True,1018
Gjivai Zechiël,Gjivai Zechiël,Sparta Rotterdam,Eredivisie,2024-2025,MF,MID,20.369609856262837,1025,0.85,exact_age_validated,3000000.0,14.914122846632385,13.769748,955268.7562225735,1.1443748466323846,-1.1443748466323846,-1.1443748466323846,-1.3010489503886467,-2044731.2437774264,-0.6815770812591422,-0.6815770812591422,-0.882803255787913,False,True,1019
Badredine Bouanani,Badredine Bouanani,Lorient,Ligue 1,2023-2024,MF,MID,19.025325119780973,443,0.85,exact_age_validated,6000000.0,15.60727002719233,14.461399,1907681.1407167525,1.1458710271923298,-1.1458710271923298,-1.1458710271923298,-1.3027919176838194,-4092318.8592832475,-0.6820531432138746,-0.6820531432138746,-0.883204970591527,False,True,1020
Kristijan Belic,Kristijan Belic,AZ Alkmaar,Eredivisie,2023-2024,MF,MID,22.757015742642025,921,0.85,exact_age_validated,2500000.0,14.73180128983843,13.580809,790806.8244131306,1.1509922898384293,-1.1509922898384293,-1.1509922898384293,-1.3087579043709268,-1709193.1755868695,-0.6836772702347478,-0.6836772702347478,-0.8845754557999095,False,True,1021
Kenan Yıldız,Kenan Yıldız,Juventus,Serie A,2023-2024,FW,ATT,18.628336755646817,952,0.85,exact_age_validated,10000000.0,16.11809565095832,14.961243,3144743.856104407,1.1568526509583208,-1.1568526509583208,-1.1568526509583208,-1.3155848997505803,-6855256.143895593,-0.6855256143895593,-0.6855256143895593,-0.8861351418907225,False,True,1022
Nuno Mendes,Nuno Mendes,Paris Saint-Germain,Ligue 1,2024-2025,DF,DEF,22.477754962354556,1676,1.0,exact_age_club_validated,55000000.0,17.822843743196746,16.665298,17284107.575363792,1.1575457431967457,-1.1575457431967457,-1.1575457431967457,-1.3163923137328588,-37715892.42463621,-0.6857434986297493,-0.6857434986297493,-0.8863189988948128,False,True,1023
Thomas Beelen,Thomas Beelen,Feyenoord,Eredivisie,2023-2024,DF,DEF,22.06160164271047,1297,0.85,exact_age_validated,2000000.0,14.50865773852422,13.339621,621332.0996402153,1.1690367385242215,-1.1690367385242215,-1.1690367385242215,-1.3297786853921107,-1378667.9003597847,-0.6893339501798924,-0.6893339501798924,-0.8893487254356837,False,True,1024
Amad Diallo,Amad Diallo,Manchester Utd,Premier League,2023-2024,MF,MID,21.440109514031484,390,0.85,exact_age_validated,18000000.0,16.70588231586044,15.531463,5561970.444856153,1.1744193158604386,-1.1744193158604386,-1.1744193158604386,-1.3360490891868964,-12438029.555143848,-0.691001641952436,-0.691001641952436,-0.8907559718376205,False,True,1025
Alex Scott,Alex Scott,Bournemouth,Premier League,2023-2024,MF,MID,20.32854209445585,1014,0.85,exact_age_validated,20000000.0,16.811242831518264,15.63672,6179327.470694819,1.1745228315182636,-1.1745228315182636,-1.1745228315182636,-1.3361696791818192,-13820672.52930518,-0.691033626465259,-0.691033626465259,-0.8907829612917443,False,True,1026
Tommaso Baldanzi,Tommaso Baldanzi,Roma,Serie A,2023-2024,"MF,FW",MID,20.744695414099933,518,0.85,exact_age_validated,15000000.0,16.523560759066484,15.344466,4613355.387492077,1.1790947590664835,-1.1790947590664835,-1.1790947590664835,-1.341495720975023,-10386644.612507923,-0.6924429741671948,-0.6924429741671948,-0.891972209518113,False,True,1027
Alonzo Engwanda,Alonzo Engwanda,Utrecht,Eredivisie,2024-2025,MF,MID,21.71389459274469,1270,0.85,exact_age_validated,2500000.0,14.73180128983843,13.524473,747487.6033781784,1.2073282898384292,-1.2073282898384292,-1.2073282898384292,-1.37438621700216,-1752512.3966218214,-0.7010049586487286,-0.7010049586487286,-0.8991970588898285,False,True,1028
Mees Hilgers,Mees Hilgers,Twente,Eredivisie,2023-2024,DF,DEF,22.590006844626966,2190,0.85,exact_age_validated,5000000.0,15.424948470398377,14.214211,1489887.244163372,1.2107374703983762,-1.2107374703983762,-1.2107374703983762,-1.3783577231013597,-3510112.755836628,-0.7020225511673256,-0.7020225511673256,-0.9000557327970874,False,True,1029
Taylor Harwood-Bellis,Taylor Harwood-Bellis,Southampton,Premier League,2024-2025,DF,DEF,22.87748117727584,2825,1.0,exact_age_club_validated,25000000.0,17.034386382832476,15.821825,7435861.484794791,1.212561382832476,-1.212561382832476,-1.212561382832476,-1.3804824798366107,-17564138.51520521,-0.7025655406082083,-0.7025655406082083,-0.9005139229432235,False,True,1030
Youri Regeer,Youri Regeer,Twente,Eredivisie,2024-2025,MF,MID,21.15811088295688,1342,0.85,exact_age_validated,5000000.0,15.424948470398377,14.205547,1477034.619050242,1.2194014703983775,-1.2194014703983775,-1.2194014703983775,-1.3884508021385136,-3522965.380949758,-0.7045930761899516,-0.7045930761899516,-0.9022248159266765,False,True,1031
Karim Adeyemi,Karim Adeyemi,Dortmund,Bundesliga,2023-2024,"FW,MF",MID,21.74674880219028,913,0.85,exact_age_validated,35000000.0,17.37085861945369,16.144732,10269942.673998317,1.2261266194536873,-1.2261266194536873,-1.2261266194536873,-1.3962852274561348,-24730057.32600168,-0.7065730664571909,-0.7065730664571909,-0.9038955888028852,False,True,1032
Santiago Castro,Santiago Castro,Bologna,Serie A,2024-2025,FW,ATT,20.082135523613964,2294,0.85,exact_age_validated,18000000.0,16.70588231586044,15.468867,5224486.116137992,1.2370153158604396,-1.2370153158604396,-1.2370153158604396,-1.4089699543080398,-12775513.883862007,-0.7097507713256671,-0.7097507713256671,-0.9065770277931128,False,True,1033
Bilal El Khannouss,Bilal El Khannouss,Leicester City,Premier League,2024-2025,MF,MID,20.602327173169066,2182,0.85,exact_age_validated,30000000.0,17.216707939626428,15.972039,8641087.492092762,1.2446689396264272,-1.2446689396264272,-1.2446689396264272,-1.4178860011213754,-21358912.507907238,-0.7119637502635746,-0.7119637502635746,-0.9084444032273529,False,True,1034
Enzo Fernández,Enzo Fernández,Chelsea,Premier League,2023-2024,MF,MID,22.91854893908282,2209,0.85,exact_age_validated,80000000.0,18.197537192638155,16.951536,23012221.44633954,1.246001192638154,-1.246001192638154,-1.246001192638154,-1.4194380019229502,-56987778.55366046,-0.7123472319207558,-0.7123472319207558,-0.9087679961065417,False,True,1035
David Møller Wolfe,David Møller Wolfe,AZ Alkmaar,Eredivisie,2023-2024,DF,DEF,21.4839151266256,2374,0.85,exact_age_validated,4000000.0,15.201804919084164,13.95503,1149721.1584206084,1.2467749190841637,-1.2467749190841637,-1.2467749190841637,-1.4203393502808346,-2850278.8415793916,-0.712569710394848,-0.712569710394848,-0.9089557298576636,False,True,1036
Aaron Ramsey,Aaron Ramsey,Burnley,Premier League,2023-2024,MF,MID,20.71457905544148,527,0.85,exact_age_validated,15000000.0,16.523560759066484,15.271972,4290749.567497206,1.2515887590664843,-1.2515887590664843,-1.2515887590664843,-1.4259472066305303,-10709250.432502795,-0.7139500288335197,-0.7139500288335197,-0.9101204823546941,False,True,1037
Roméo Lavia,Roméo Lavia,Chelsea,Premier League,2024-2025,MF,MID,20.944558521560573,797,0.85,exact_age_validated,40000000.0,17.50439001207821,16.24912,11399955.387729455,1.2552700120782099,-1.2552700120782099,-1.2552700120782099,-1.4302356620325503,-28600044.612270545,-0.7150011153067636,-0.7150011153067636,-0.9110074194266095,False,True,1038
Mathys Tel,Mathys Tel,Bayern Munich,Bundesliga,2023-2024,"MF,FW",MID,18.47501711156742,1050,0.85,exact_age_validated,50000000.0,17.72753356339242,16.469894,14216218.23409794,1.25763956339242,-1.25763956339242,-1.25763956339242,-1.432996057773191,-35783781.76590206,-0.7156756353180411,-0.7156756353180411,-0.9115765988604426,False,True,1039
Manuel Ugarte,Manuel Ugarte,Paris Saint-Germain,Ligue 1,2023-2024,MF,MID,22.51334702258727,1932,0.85,exact_age_validated,55000000.0,17.822843743196746,16.561712,15583325.151604572,1.2611317431967457,-1.2611317431967457,-1.2611317431967457,-1.437064253384572,-39416674.84839543,-0.7166668154253715,-0.7166668154253715,-0.9124129852135302,False,True,1040
Alexandre Penetra,Alexandre Penetra,AZ Alkmaar,Eredivisie,2023-2024,DF,DEF,22.26420260095825,1756,0.85,exact_age_validated,5500000.0,15.5202586502027,14.253992,1550351.1319782296,1.2662666502027005,-1.2662666502027005,-1.2662666502027005,-1.4430461349934742,-3949648.8680217704,-0.7181179760039582,-0.7181179760039582,-0.9136375163508003,False,True,1041
João Neves,João Neves,Benfica,Liga Portugal,2023-2024,MF,MID,19.00342231348392,2311,0.85,exact_age_validated,20000000.0,16.811242831518264,15.543833,5631199.317070295,1.2674098315182647,-1.2674098315182647,-1.2674098315182647,-1.4443778777649177,-14368800.682929706,-0.7184400341464853,-0.7184400341464853,-0.9139092782973106,False,True,1042
Henrique Araújo,Henrique Araújo,Famalicão,Liga Portugal,2023-2024,FW,ATT,21.935660506502398,680,0.85,exact_age_validated,3500000.0,15.068273526459642,13.798614,983245.3882791853,1.269659526459641,-1.269659526459641,-1.269659526459641,-1.4469986474847691,-2516754.611720815,-0.7190727462059471,-0.7190727462059471,-0.9144431789759604,False,True,1043
Ismaël Koné,Ismaël Koné,Marseille,Ligue 1,2024-2025,MF,MID,22.310746064339494,360,0.85,exact_age_validated,12000000.0,16.300417207752275,15.028205,3362532.6066829655,1.2722122077522755,-1.2722122077522755,-1.2722122077522755,-1.4499723794842172,-8637467.393317034,-0.7197889494430862,-0.7197889494430862,-0.9150475319176207,False,True,1044
Castello Lukeba,Castello Lukeba,RB Leipzig,Bundesliga,2023-2024,DF,DEF,20.83504449007529,2191,0.85,exact_age_validated,35000000.0,17.37085861945369,16.096493,9786290.151067154,1.2743656194536896,-1.2743656194536896,-1.2743656194536896,-1.4524809845744644,-25213709.848932847,-0.72039170996951,-0.72039170996951,-0.9155561586291057,False,True,1045
Manu Koné,Manu Koné,Gladbach,Bundesliga,2023-2024,MF,MID,22.576317590691307,1561,0.85,exact_age_validated,35000000.0,17.37085861945369,16.088974,9712982.979104582,1.2818846194536881,-1.2818846194536881,-1.2818846194536881,-1.461240202173764,-25287017.020895418,-0.722486200597012,-0.722486200597012,-0.9173235502106729,False,True,1046
Eduardo Camavinga,Eduardo Camavinga,Real Madrid,LaLiga,2024-2025,"MF,DF",DEF,22.130047912388772,1102,0.85,exact_age_validated,80000000.0,18.197537192638155,16.912867,22139347.20630481,1.2846701926381563,-1.2846701926381563,-1.2846701926381563,-1.464485240298719,-57860652.79369519,-0.7232581599211899,-0.7232581599211899,-0.917974951746182,False,True,1047
Eduardo Quaresma,Eduardo Quaresma,Sporting CP,Liga Portugal,2024-2025,DF,DEF,22.60369609856263,1391,0.85,exact_age_validated,14000000.0,16.454567887579532,15.166551,3861441.0469625136,1.2880168875795324,-1.2880168875795324,-1.2880168875795324,-1.4683839541210348,-10138558.953037485,-0.7241827823598204,-0.7241827823598204,-0.918755174819375,False,True,1048
Filip Krastev,Filip Krastev,Zwolle,Eredivisie,2023-2024,MF,MID,21.8507871321013,902,0.85,exact_age_validated,4000000.0,15.201804919084164,13.91274,1102113.2157134123,1.289064919084165,-1.289064919084165,-1.289064919084165,-1.469604852644775,-2897886.7842865875,-0.7244716960716469,-0.7244716960716469,-0.9189989685396126,False,True,1049
Morato,Morato,Benfica,Liga Portugal,2023-2024,DF,DEF,22.49144421629021,1525,0.85,exact_age_validated,15000000.0,16.523560759066484,15.228873,4109750.997141544,1.294687759066484,-1.294687759066484,-1.294687759066484,-1.4761551490846185,-10890249.002858456,-0.7260166001905638,-0.7260166001905638,-0.9203026031791044,False,True,1050
Sael Kumbedi,Saël Kumbedi,Lyon,Ligue 1,2023-2024,"DF,MF",DEF,18.729637234770703,924,0.85,exact_age_validated,10000000.0,16.11809565095832,14.8108,2705507.3155062315,1.30729565095832,-1.30729565095832,-1.30729565095832,-1.4908426432393012,-7294492.684493769,-0.7294492684493769,-0.7294492684493769,-0.9231991876294129,False,True,1051
Jude Bellingham,Jude Bellingham,Real Madrid,LaLiga,2024-2025,MF,MID,21.49760438056126,2488,0.85,exact_age_validated,180000000.0,19.00846740885449,17.700615,48672025.59947552,1.3078524088544903,-1.3078524088544903,-1.3078524088544903,-1.4914912352811531,-131327974.40052448,-0.7295998577806916,-0.7295998577806916,-0.9233262592490921,False,True,1052
Álvaro Carreras,Álvaro Carreras,Benfica,Liga Portugal,2023-2024,DF,DEF,20.750171115674195,567,0.85,exact_age_validated,7000000.0,15.761420707019589,14.4447365,1876157.762196508,1.3166842070195894,-1.3166842070195894,-1.3166842070195894,-1.5017797898657008,-5123842.237803492,-0.7319774625433559,-0.7319774625433559,-0.9253325507008894,False,True,1053
Jamal Musiala,Jamal Musiala,Bayern Munich,Bundesliga,2024-2025,MF,MID,21.39082819986311,1798,1.0,exact_age_club_validated,130000000.0,18.683045008419857,17.36622,34838024.28141353,1.3168250084198583,-1.3168250084198583,-1.3168250084198583,-1.5019438156807348,-95161975.71858647,-0.7320151978352806,-0.7320151978352806,-0.9253643928282306,False,True,1054
Hugo Larsson,Hugo Larsson,Eintracht Frankfurt,Bundesliga,2023-2024,MF,MID,19.307323750855577,1886,1.0,exact_age_club_validated,17000000.0,16.64872390202049,15.311272,4462733.372227026,1.3374519020204882,-1.3374519020204882,-1.3374519020204882,-1.525973001668972,-12537266.627772974,-0.7374862722219396,-0.7374862722219396,-0.9299810431422221,False,True,1055
Igor Matanovic,Igor Matanovic,Eintracht Frankfurt,Bundesliga,2024-2025,FW,ATT,21.527720739219717,312,0.85,exact_age_validated,8000000.0,15.89495209964411,14.557037,2099137.281602126,1.3379150996441105,-1.3379150996441105,-1.3379150996441105,-1.5265126011870975,-5900862.718397874,-0.7376078397997343,-0.7376078397997343,-0.9300836253695017,False,True,1056
Gustav Isaksen,Gustav Isaksen,Lazio,Serie A,2023-2024,"FW,MF",MID,22.477754962354556,1074,0.85,exact_age_validated,12000000.0,16.300417207752275,14.961016,3144030.0802656976,1.3394012077522746,-1.3394012077522746,-1.3394012077522746,-1.5282438346350955,-8855969.919734303,-0.7379974933111919,-0.7379974933111919,-0.930412426237281,False,True,1057
Ahmetcan Kaplan,Ahmetcan Kaplan,Ajax,Eredivisie,2023-2024,DF,DEF,20.91170431211499,944,0.85,exact_age_validated,4000000.0,15.201804919084164,13.852593,1037778.5738897895,1.3492119190841638,-1.3492119190841638,-1.3492119190841638,-1.5396727687167486,-2962221.4261102104,-0.7405553565275526,-0.7405553565275526,-0.9325708249696679,False,True,1058
Kodai Sano,Kodai Sano,NEC Nijmegen,Eredivisie,2024-2025,MF,MID,21.05407255304586,1970,0.85,exact_age_validated,5000000.0,15.424948470398377,14.072649,1293224.1509509387,1.3522994703983766,-1.3522994703983766,-1.3522994703983766,-1.543269594599206,-3706775.8490490615,-0.7413551698098123,-0.7413551698098123,-0.9332457304781148,False,True,1059
Andreas Schjelderup,Andreas Schjelderup,Benfica,Liga Portugal,2024-2025,FW,ATT,20.550308008213552,524,0.85,exact_age_validated,10000000.0,16.11809565095832,14.763644,2580887.7839128827,1.354451650958321,-1.354451650958321,-1.354451650958321,-1.5457767654779853,-7419112.216087118,-0.7419112216087118,-0.7419112216087118,-0.9337149430185702,False,True,1060
Abakar Sylla,Abakar Sylla,Strasbourg,Ligue 1,2023-2024,DF,DEF,20.80766598220397,1792,0.85,exact_age_validated,15000000.0,16.523560759066484,15.168909,3870557.0685167797,1.3546517590664848,-1.3546517590664848,-1.3546517590664848,-1.5460098803154358,-11129442.93148322,-0.7419628620988814,-0.7419628620988814,-0.9337585187531164,False,True,1061
Gonçalo Ramos,Gonçalo Ramos,Paris Saint-Germain,Ligue 1,2023-2024,FW,ATT,22.494182067077343,1419,1.0,exact_age_club_validated,50000000.0,17.72753356339242,16.36453,12794551.830013925,1.3630035633924216,-1.3630035633924216,-1.3630035633924216,-1.5557392687231584,-37205448.16998608,-0.7441089633997215,-0.7441089633997215,-0.9355694609089279,False,True,1062
Serdar Saatçı,Serdar Saatçı,Braga,Liga Portugal,2023-2024,DF,DEF,20.865160848733744,1494,0.85,exact_age_validated,5000000.0,15.424948470398377,14.060488,1277592.4929940107,1.3644604703983774,-1.3644604703983774,-1.3644604703983774,-1.5574364845081183,-3722407.5070059896,-0.744481501401198,-0.744481501401198,-0.9358838192158967,False,True,1063
Antonio Nusa,Antonio Nusa,RB Leipzig,Bundesliga,2024-2025,"MF,DF",DEF,19.479808350444905,1558,0.85,exact_age_validated,22000000.0,16.90655301132259,15.536984,5592763.008336922,1.3695690113225893,-1.3695690113225893,-1.3695690113225893,-1.563387651095445,-16407236.991663078,-0.745783499621049,-0.745783499621049,-0.9369824828540934,False,True,1064
Yaser Asprilla,Yáser Asprilla,Girona,LaLiga,2024-2025,"MF,FW",MID,20.8952772073922,1405,0.85,exact_age_validated,18000000.0,16.70588231586044,15.330628,4549955.4514996335,1.3752543158604382,-1.3752543158604382,-1.3752543158604382,-1.570010715274899,-13450044.548500367,-0.7472246971389093,-0.7472246971389093,-0.9381986068734592,False,True,1065
Alan Matturro,Alan Matturro,Genoa,Serie A,2024-2025,DF,DEF,20.186173853524984,900,0.85,exact_age_validated,8000000.0,15.89495209964411,14.517556,2017875.937384214,1.377396099644109,-1.377396099644109,-1.377396099644109,-1.5725057744864732,-5982124.062615786,-0.7477655078269733,-0.7477655078269733,-0.9386549585251474,False,True,1066
Lewis Miley,Lewis Miley,Newcastle United,Premier League,2024-2025,MF,MID,18.628336755646817,313,0.85,exact_age_validated,22000000.0,16.90655301132259,15.528102,5543308.041927151,1.3784510113225892,-1.3784510113225892,-1.3784510113225892,-1.5737346880308078,-16456691.958072849,-0.748031452639675,-0.748031452639675,-0.9388793704260451,False,True,1067
Ângelo,Ângelo,Strasbourg,Ligue 1,2023-2024,"MF,FW",MID,18.590006844626966,1094,0.85,exact_age_validated,13000000.0,16.38045991542581,14.9990425,3265888.786387582,1.38141741542581,-1.38141741542581,-1.38141741542581,-1.5771903841376802,-9734111.213612419,-0.7487777856624938,-0.7487777856624938,-0.9395091477495888,False,True,1068
Lucas Beraldo,Lucas Beraldo,Paris Saint-Germain,Ligue 1,2024-2025,DF,DEF,21.045859000684462,2011,1.0,exact_age_club_validated,30000000.0,17.216707939626428,15.830451,7500280.666452405,1.3862569396264277,-1.3862569396264277,-1.3862569396264277,-1.5828281611758892,-22499719.333547596,-0.7499906444515865,-0.7499906444515865,-0.94053259296597,False,True,1069
Deniz Gül,Deniz Gül,Porto,Liga Portugal,2024-2025,FW,ATT,20.268309377138944,444,0.85,exact_age_validated,4500000.0,15.319587954740548,13.924616,1115279.9415292512,1.394971954740548,-1.394971954740548,-1.394971954740548,-1.592980669989,-3384720.058470749,-0.7521600129934998,-0.7521600129934998,-0.9423631686906593,False,True,1070
Maarten Vandevoordt,Maarten Vandevoordt,RB Leipzig,Bundesliga,2024-2025,GK,GK,22.61738535249829,429,0.85,exact_age_validated,8000000.0,15.89495209964411,14.485461,1954140.4750123776,1.409491099644109,-1.409491099644109,-1.409491099644109,-1.6098946678033477,-6045859.524987622,-0.7557324406234528,-0.7557324406234528,-0.9453776861279932,False,True,1071
Conrad Harder,Conrad Harder,Sporting CP,Liga Portugal,2024-2025,"FW,MF",MID,19.50444900752909,784,0.85,exact_age_validated,16000000.0,16.588099280204055,15.15989,3835805.462248787,1.4282092802040545,-1.4282092802040545,-1.4282092802040545,-1.6317003090571813,-12164194.537751213,-0.7602621586094508,-0.7602621586094508,-0.9491999927691429,False,True,1072
Khvicha Kvaratskhelia,Khvicha Kvaratskhelia,Napoli,Serie A,2023-2024,FW,ATT,22.85010266940452,2737,0.85,exact_age_validated,80000000.0,18.197537192638155,16.763737,19072098.24303896,1.4338001926381558,-1.4338001926381558,-1.4338001926381558,-1.6382134116757388,-60927901.75696104,-0.761598771962013,-0.761598771962013,-0.9503278656543732,False,True,1073
Luka Sučić,Luka Sucic,Real Sociedad,LaLiga,2024-2025,MF,MID,22.302532511978097,1792,0.85,exact_age_validated,18000000.0,16.70588231586044,15.257585,4229460.493583023,1.4482973158604384,-1.4482973158604384,-1.4482973158604384,-1.6551017554538818,-13770539.506416976,-0.765029972578721,-0.765029972578721,-0.9532232116659572,False,True,1074
Nathan Zeze,Nathan Zézé,Nantes,Ligue 1,2024-2025,DF,DEF,19.30458590006845,1512,0.85,exact_age_validated,10000000.0,16.11809565095832,14.669368,2348689.3332525855,1.44872765095832,-1.44872765095832,-1.44872765095832,-1.6556030719538102,-7651310.6667474145,-0.7651310666747414,-0.7651310666747414,-0.9533085177790077,False,True,1075
Malik Tillman,Malik Tillman,PSV,Eredivisie,2024-2025,"MF,FW",MID,22.38193018480493,1915,0.85,exact_age_validated,25000000.0,17.034386382832476,15.5765085,5818240.765240712,1.4578778828324772,-1.4578778828324772,-1.4578778828324772,-1.6662625841322656,-19181759.234759286,-0.7672703693903714,-0.7672703693903714,-0.9551137230925963,False,True,1076
Paxten Aaronson,Paxten Aaronson,Vitesse,Eredivisie,2023-2024,MF,MID,20.301163586584533,1253,0.85,exact_age_validated,4500000.0,15.319587954740548,13.857014,1042376.7497433105,1.4625739547405487,-1.4625739547405487,-1.4625739547405487,-1.6717332472130961,-3457623.2502566893,-0.7683607222792643,-0.7683607222792643,-0.9560337942981978,False,True,1077
Yarek Gasiorowski,Yarek Gasiorowski,Valencia,LaLiga,2024-2025,DF,DEF,19.956194387405887,947,0.85,exact_age_validated,15000000.0,16.523560759066484,15.046132,3423356.2928969245,1.477428759066484,-1.477428759066484,-1.477428759066484,-1.6890382696211175,-11576643.707103075,-0.771776247140205,-0.771776247140205,-0.958915912655089,False,True,1078
Pablo Barrios,Pablo Barrios,Atlético Madrid,LaLiga,2023-2024,MF,MID,20.32854209445585,1555,0.85,exact_age_validated,20000000.0,16.811242831518264,15.318554,4495349.608229142,1.4926888315182634,-1.4926888315182634,-1.4926888315182634,-1.7068154068981807,-15504650.391770858,-0.7752325195885429,-0.7752325195885429,-0.9618324150010942,False,True,1079
Alessandro Circati,Alessandro Circati,Parma,Serie A,2024-2025,DF,DEF,21.190965092402465,540,0.85,exact_age_validated,8500000.0,15.955576721460544,14.462266,1909335.817464473,1.4933107214605439,-1.4933107214605439,-1.4933107214605439,-1.7075398741580894,-6590664.182535527,-0.7753722567688855,-0.7753722567688855,-0.9619503292628849,False,True,1080
Kosta Nedeljković,Kosta Nedeljkovic,RB Leipzig,Bundesliga,2024-2025,"DF,MF",DEF,19.000684462696785,479,0.85,exact_age_validated,8500000.0,15.955576721460544,14.458349,1901871.5773253595,1.4972277214605434,-1.4972277214605434,-1.4972277214605434,-1.7121029617144743,-6598128.422674641,-0.7762504026676048,-0.7762504026676048,-0.962691334091651,False,True,1081
Alejandro Balde,Alejandro Balde,Barcelona,LaLiga,2023-2024,"DF,MF",DEF,20.177960301163587,1378,0.85,exact_age_validated,50000000.0,17.72753356339242,16.22737,11154683.360351041,1.5001635633924195,-1.5001635633924195,-1.5001635633924195,-1.7155230545883213,-38845316.63964896,-0.7769063327929792,-0.7769063327929792,-0.9632448268437601,False,True,1082
Matteo Dams,Matteo Dams,PSV,Eredivisie,2024-2025,DF,DEF,20.59958932238193,916,0.85,exact_age_validated,3500000.0,15.068273526459642,13.566405,779497.6868527966,1.501868526459642,-1.501868526459642,-1.501868526459642,-1.717509241914372,-2720502.3131472035,-0.7772863751849153,-0.7772863751849153,-0.9635655175717713,False,True,1083
Castello Lukeba,Castello Lukeba,RB Leipzig,Bundesliga,2024-2025,DF,DEF,22.00958247775496,1577,0.85,exact_age_validated,50000000.0,17.72753356339242,16.222248,11097695.143592324,1.5052855633924196,-1.5052855633924196,-1.5052855633924196,-1.7214899002517903,-38902304.85640767,-0.7780460971281534,-0.7780460971281534,-0.9642065928524054,False,True,1084
Milos Lukovic,Milos Lukovic,Heerenveen,Eredivisie,2024-2025,FW,ATT,19.06091718001369,724,0.85,exact_age_validated,5000000.0,15.424948470398377,13.904555,1093129.236135395,1.5203934703983766,-1.5203934703983766,-1.5203934703983766,-1.7390897732315997,-3906870.7638646048,-0.781374152772921,-0.781374152772921,-0.967014902162705,False,True,1085
El Chadaille Bitshiabu,El Chadaille Bitshiabu,RB Leipzig,Bundesliga,2024-2025,DF,DEF,19.59753593429158,1130,0.85,exact_age_validated,12000000.0,16.300417207752275,14.770239,2597964.989035361,1.5301782077522752,-1.5301782077522752,-1.5301782077522752,-1.750488449070782,-9402035.01096464,-0.7835029175803866,-0.7835029175803866,-0.9688112152855471,False,True,1086
Pedri,Pedri,Barcelona,LaLiga,2023-2024,"MF,FW",MID,21.073237508555785,1476,0.85,exact_age_validated,90000000.0,18.31532022829454,16.77965,19378020.154543404,1.5356702282945385,-1.5356702282945385,-1.5356702282945385,-1.7568863481251131,-70621979.8454566,-0.7846886649495178,-0.7846886649495178,-0.969811783104066,False,True,1087
Ian Maatsen,Ian Maatsen,Dortmund,Bundesliga,2023-2024,DF,DEF,21.582477754962355,1264,0.85,exact_age_validated,20000000.0,16.811242831518264,15.272672,4293754.143673429,1.538570831518264,-1.538570831518264,-1.538570831518264,-1.7602653898601641,-15706245.85632657,-0.7853122928163285,-0.7853122928163285,-0.9703380182790338,False,True,1088
Hugo Bueno,Hugo Bueno,Feyenoord,Eredivisie,2024-2025,DF,DEF,22.24777549623545,1197,0.85,exact_age_validated,8000000.0,15.89495209964411,14.350668,1707717.0875445893,1.5442840996441092,-1.5442840996441092,-1.5442840996441092,-1.7669210300672966,-6292282.912455411,-0.7865353640569264,-0.7865353640569264,-0.9713700810564488,False,True,1089
Soungoutou Magassa,Soungoutou Magassa,Monaco,Ligue 1,2023-2024,DF,DEF,20.021902806297057,1346,0.85,exact_age_validated,10000000.0,16.11809565095832,14.572532,2131916.7166076107,1.5455636509583197,-1.5455636509583197,-1.5455636509583197,-1.7684116363168834,-7868083.283392389,-0.786808328339239,-0.786808328339239,-0.9716004161881956,False,True,1090
Tiago Santos,Tiago Santos,Lille,Ligue 1,2024-2025,"DF,MF",DEF,22.38466803559206,404,0.85,exact_age_validated,15000000.0,16.523560759066484,14.9682,3166698.118464434,1.5553607590664846,-1.5553607590664846,-1.5553607590664846,-1.7798247233980506,-11833301.881535565,-0.788886792102371,-0.788886792102371,-0.9733542838395076,False,True,1091
Ismaël Koné,Ismaël Koné,Rennes,Ligue 1,2024-2025,MF,MID,22.310746064339494,469,0.85,exact_age_validated,12000000.0,16.300417207752275,14.721893,2475351.58885761,1.5785242077522756,-1.5785242077522756,-1.5785242077522756,-1.8068088552492403,-9524648.41114239,-0.7937207009285325,-0.7937207009285325,-0.9774332754822683,False,True,1092
Eduardo Camavinga,Eduardo Camavinga,Real Madrid,LaLiga,2023-2024,MF,MID,20.92265571526352,1817,0.85,exact_age_validated,90000000.0,18.31532022829454,16.72555,18357522.610801574,1.5897702282945403,-1.5897702282945403,-1.5897702282945403,-1.819909844882956,-71642477.38919842,-0.7960275265466491,-0.7960275265466491,-0.9793798414511338,False,True,1093
George Ilenikhena,George Ilenikhena,Monaco,Ligue 1,2024-2025,FW,ATT,18.143737166324435,717,0.85,exact_age_validated,15000000.0,16.523560759066484,14.931869,3053713.6558454847,1.5916917590664834,-1.5916917590664834,-1.5916917590664834,-1.8221483215627279,-11946286.344154514,-0.796419089610301,-0.796419089610301,-0.9797102536541122,False,True,1094
Andreas Ntoi,Andreas Ntoi,Rio Ave,Liga Portugal,2024-2025,DF,DEF,21.648186173853524,1364,0.85,exact_age_validated,5000000.0,15.424948470398377,13.822309,1006821.6039012332,1.6026394703983762,-1.6026394703983762,-1.6026394703983762,-1.8349017975263382,-3993178.396098767,-0.7986356792197534,-0.7986356792197534,-0.981580675877108,False,True,1095
Carlos Forbs,Carlos Forbs,Ajax,Eredivisie,2023-2024,"MF,FW",MID,19.370294318959616,829,0.85,exact_age_validated,10000000.0,16.11809565095832,14.505717,1994127.1624237457,1.6123786509583198,-1.6123786509583198,-1.6123786509583198,-1.8462474022295476,-8005872.837576254,-0.8005872837576254,-0.8005872837576254,-0.9832274960564358,False,True,1096
Ahmetcan Kaplan,Ahmetcan Kaplan,Ajax,Eredivisie,2024-2025,DF,DEF,21.744010951403148,562,0.85,exact_age_validated,8000000.0,15.89495209964411,14.279627,1590608.1733108722,1.6153250996441102,-1.6153250996441102,-1.6153250996441102,-1.8496798513828943,-6409391.826689128,-0.801173978336141,-0.801173978336141,-0.9837225658578492,False,True,1097
Ernest Nuamah,Ernest Nuamah,Lyon,Ligue 1,2023-2024,"FW,MF",MID,19.956194387405887,1838,0.85,exact_age_validated,20000000.0,16.811242831518264,15.191527,3959098.872951168,1.6197158315182634,-1.6197158315182634,-1.6197158315182634,-1.8547948102744884,-16040901.127048831,-0.8020450563524416,-0.8020450563524416,-0.9844576066036433,False,True,1098
Vasco Sousa,Vasco Sousa,Porto,Liga Portugal,2024-2025,MF,MID,21.516769336071185,421,0.85,exact_age_validated,5000000.0,15.424948470398377,13.799865,984476.1979708663,1.6250834703983763,-1.6250834703983763,-1.6250834703983763,-1.8610478115971882,-4015523.802029134,-0.8031047604058268,-0.8031047604058268,-0.9853518154381509,False,True,1099
Eliesse Ben Seghir,Eliesse Ben Seghir,Monaco,Ligue 1,2023-2024,"MF,FW",MID,18.833675564681723,428,0.85,exact_age_validated,18000000.0,16.70588231586044,15.061211,3475368.2410005424,1.644671315860439,-1.644671315860439,-1.644671315860439,-1.8838665641844599,-14524631.758999458,-0.806923986611081,-0.806923986611081,-0.988574588629224,False,True,1100
Iván Fresneda,Iván Fresneda,Sporting CP,Liga Portugal,2024-2025,"MF,DF",DEF,20.22450376454483,961,0.85,exact_age_validated,7000000.0,15.761420707019589,14.116343,1350982.9546184354,1.6450777070195883,-1.6450777070195883,-1.6450777070195883,-1.88433998732496,-5649017.045381565,-0.8070024350545092,-0.8070024350545092,-0.9886407856876789,False,True,1101
Gavi,Gavi,Barcelona,LaLiga,2024-2025,MF,MID,20.39425051334702,1085,0.85,exact_age_validated,80000000.0,18.197537192638155,16.51193,14826549.251222216,1.6856071926381553,-1.6856071926381553,-1.6856071926381553,-1.9315545881656018,-65173450.748777784,-0.8146681343597223,-0.8146681343597223,-0.9951093237851818,False,True,1102
Soumaïla Coulibaly,Soumaïla Coulibaly,Brest,Ligue 1,2024-2025,DF,DEF,21.15811088295688,438,0.85,exact_age_validated,9000000.0,16.012735135300492,14.326792,1667426.5369511135,1.6859431353004926,-1.6859431353004926,-1.6859431353004926,-1.9319459427181087,-7332573.4630488865,-0.8147303847832096,-0.8147303847832096,-0.9951618524873759,False,True,1103
António Silva,António Silva,Benfica,Liga Portugal,2024-2025,DF,DEF,20.94182067077344,2037,0.85,exact_age_validated,40000000.0,17.50439001207821,15.808905,7340408.11100953,1.695485012078212,-1.695485012078212,-1.695485012078212,-1.9430616994679113,-32659591.88899047,-0.8164897972247618,-0.8164897972247618,-0.996646495434388,False,True,1104
Alan Varela,Alan Varela,Porto,Liga Portugal,2023-2024,MF,MID,21.998631074606436,2225,0.85,exact_age_validated,9000000.0,16.012735135300492,14.30293,1628109.3636865362,1.709805135300492,-1.709805135300492,-1.709805135300492,-1.959743848071816,-7371890.636313464,-0.8190989595903848,-0.8190989595903848,-0.9988481818680217,False,True,1105
Andy Diouf,Andy Diouf,Lens,Ligue 1,2023-2024,MF,MID,20.41615331964408,1314,0.85,exact_age_validated,13000000.0,16.38045991542581,14.668914,2347623.2703098846,1.7115459154258108,-1.7115459154258108,-1.7115459154258108,-1.9617717602822438,-10652376.729690116,-0.8194135945915474,-0.8194135945915474,-0.9991136799538186,False,True,1106
Marcos Leonardo,Marcos Leonardo,Benfica,Liga Portugal,2023-2024,FW,ATT,20.229979466119097,331,0.85,exact_age_validated,17000000.0,16.64872390202049,14.889909,2928230.870004002,1.7588149020204895,-1.7588149020204895,-1.7588149020204895,-2.0168375056315258,-14071769.129995998,-0.8277511252938823,-0.8277511252938823,-1.0061491287550097,False,True,1107
Willian Pacho,Willian Pacho,Paris Saint-Germain,Ligue 1,2024-2025,DF,DEF,22.976043805612598,2132,1.0,exact_age_club_validated,40000000.0,17.50439001207821,15.727598,6767200.203205882,1.7767920120782108,-1.7767920120782108,-1.7767920120782108,-2.0377798408891623,-33232799.796794116,-0.8308199949198529,-0.8308199949198529,-1.0087387294295835,False,True,1108
Johan Bakayoko,Johan Bakayoko,PSV,Eredivisie,2024-2025,"FW,MF",MID,21.661875427789184,1579,0.85,exact_age_validated,40000000.0,17.50439001207821,15.722739,6734398.134581947,1.7816510120782105,-1.7816510120782105,-1.7816510120782105,-2.0434403061524957,-33265601.865418054,-0.8316400466354513,-0.8316400466354513,-1.0094307127116129,False,True,1109
Brian Brobbey,Brian Brobbey,Ajax,Eredivisie,2024-2025,FW,ATT,22.874743326488705,1555,0.85,exact_age_validated,30000000.0,17.216707939626428,15.401877,4885963.204650618,1.814830939626427,-1.814830939626427,-1.814830939626427,-2.082093079835683,-25114036.795349382,-0.8371345598449794,-0.8371345598449794,-1.0140671413801488,False,True,1110
Bright Arrey-Mbi,Bright Arrey-Mbi,Braga,Liga Portugal,2024-2025,DF,DEF,21.53867214236824,1135,0.85,exact_age_validated,6000000.0,15.60727002719233,13.747204,933974.1124837114,1.86006602719233,-1.86006602719233,-1.86006602719233,-2.1347894457238588,-5066025.887516288,-0.8443376479193814,-0.8443376479193814,-1.0201453147827044,False,True,1111
Gonçalo Inácio,Gonçalo Inácio,Sporting CP,Liga Portugal,2023-2024,DF,DEF,22.338124572210816,2482,0.85,exact_age_validated,40000000.0,17.50439001207821,15.635526,6171953.756678098,1.8688640120782107,-1.8688640120782107,-1.8688640120782107,-2.145038609715187,-33828046.2433219,-0.8457011560830475,-0.8457011560830475,-1.021295882284998,False,True,1112
Christian Mawissa,Christian Mawissa,Monaco,Ligue 1,2024-2025,DF,DEF,19.471594798083505,1501,0.85,exact_age_validated,12000000.0,16.300417207752275,14.420985,1832121.2380473656,1.8794322077522754,-1.8794322077522754,-1.8794322077522754,-2.157349971005402,-10167878.761952635,-0.8473232301627196,-0.8473232301627196,-1.0226646351624027,False,True,1113
Gavi,Gavi,Barcelona,LaLiga,2023-2024,"MF,FW",MID,19.378507871321013,944,0.85,exact_age_validated,90000000.0,18.31532022829454,16.425177,13594515.536550066,1.8901432282945372,-1.8901432282945372,-1.8901432282945372,-2.1698277153384593,-76405484.46344994,-0.848949827371666,-0.848949827371666,-1.0240372047867037,False,True,1114
Fabian Rieder,Fabian Rieder,Rennes,Ligue 1,2023-2024,MF,MID,21.83436002737851,365,0.85,exact_age_validated,15000000.0,16.523560759066484,14.604362,2200867.1505300454,1.919198759066484,-1.919198759066484,-1.919198759066484,-2.2036757957340813,-12799132.849469954,-0.8532755232979969,-0.8532755232979969,-1.027687351731374,False,True,1115
Arthur Vermeeren,Arthur Vermeeren,RB Leipzig,Bundesliga,2024-2025,MF,MID,19.86584531143053,1572,0.85,exact_age_validated,25000000.0,17.034386382832476,15.090917,3580156.240420024,1.9434693828324772,-1.9434693828324772,-1.9434693828324772,-2.231949725091324,-21419843.759579975,-0.856793750383199,-0.856793750383199,-1.0306561331862922,False,True,1116
Vitor Roque,Vitor Roque,Barcelona,LaLiga,2023-2024,FW,ATT,18.40109514031485,328,0.85,exact_age_validated,32000000.0,17.281246460764002,15.302999,4425965.479135421,1.9782474607640026,-1.9782474607640026,-1.9782474607640026,-2.2724642552532726,-27574034.52086458,-0.8616885787770181,-0.8616885787770181,-1.0347865305167256,False,True,1117
Antoni Milambo,Antoni Milambo,Feyenoord,Eredivisie,2024-2025,MF,MID,19.53182751540041,1978,0.85,exact_age_validated,12000000.0,16.300417207752275,14.319661,1655578.4130095588,1.9807562077522753,-1.9807562077522753,-1.9807562077522753,-2.2753868062270555,-10344421.586990442,-0.8620351322492035,-0.8620351322492035,-1.0350789623286711,False,True,1118
Anis Hadj Moussa,Anis Hadj Moussa,Feyenoord,Eredivisie,2024-2025,"MF,FW",MID,22.847364818617383,1969,0.85,exact_age_validated,12000000.0,16.300417207752275,14.288272,1604418.5904861845,2.012145207752276,-2.012145207752276,-2.012145207752276,-2.3119532487359633,-10395581.409513816,-0.866298450792818,-0.866298450792818,-1.0386764734392893,False,True,1119
António Silva,António Silva,Benfica,Liga Portugal,2023-2024,DF,DEF,20.15879534565366,2616,0.85,exact_age_validated,45000000.0,17.622173047734595,15.600378,5958790.010154207,2.021795047734596,-2.021795047734596,-2.021795047734596,-2.3231947766257863,-39041209.98984579,-0.8675824442187954,-0.8675824442187954,-1.0397599441132863,False,True,1120
Rico Lewis,Rico Lewis,Manchester City,Premier League,2023-2024,"DF,MF",DEF,19.07460643394935,809,0.85,exact_age_validated,38000000.0,17.45309671769066,15.411954,4935447.966087079,2.0411427176906596,-2.0411427176906596,-2.0411427176906596,-2.3457337380813823,-33064552.03391292,-0.8701197903661294,-0.8701197903661294,-1.0419010299512634,False,True,1121
Gift Orban,Gift Orban,Lyon,Ligue 1,2023-2024,FW,ATT,21.423682409308693,474,0.85,exact_age_validated,15000000.0,16.523560759066484,14.468075,1920459.4264704671,2.0554857590664835,-2.0554857590664835,-2.0554857590664835,-2.3624425850619146,-13079540.573529532,-0.8719693715686355,-0.8719693715686355,-1.0434617598985885,False,True,1122
Ousmane Diomande,Ousmane Diomande,Sporting CP,Liga Portugal,2024-2025,DF,DEF,21.04312114989733,2521,0.85,exact_age_validated,40000000.0,17.50439001207821,15.418422,4967473.903763764,2.0859680120782116,-2.0859680120782116,-2.0859680120782116,-2.397952717665544,-35032526.09623624,-0.875813152405906,-0.875813152405906,-1.0467052529961363,False,True,1123
Andrey Santos,Andrey Santos,Strasbourg,Ligue 1,2023-2024,MF,MID,19.225188227241617,831,0.85,exact_age_validated,15000000.0,16.523560759066484,14.426001,1841334.2450822603,2.0975597590664847,-2.0975597590664847,-2.0975597590664847,-2.4114564594166183,-13158665.754917739,-0.8772443836611826,-0.8772443836611826,-1.0479129671957785,False,True,1124
Sivert Mannsverk,Sivert Mannsverk,Ajax,Eredivisie,2023-2024,MF,MID,21.33333333333333,886,0.85,exact_age_validated,6500000.0,15.687312734865866,13.582743,792337.7247149617,2.1045697348658656,-2.1045697348658656,-2.1045697348658656,-2.4196226920795545,-5707662.275285038,-0.8781018885053905,-0.8781018885053905,-1.048636554507608,False,True,1125
Nicolas Seiwald,Nicolas Seiwald,RB Leipzig,Bundesliga,2023-2024,MF,MID,22.611909650924023,718,0.85,exact_age_validated,20000000.0,16.811242831518264,14.679635,2372927.5405596155,2.1316078315182647,-2.1316078315182647,-2.1316078315182647,-2.4511205737193076,-17627072.459440384,-0.8813536229720192,-0.8813536229720192,-1.051380461807239,False,True,1126
Evan Ferguson,Evan Ferguson,Brighton,Premier League,2023-2024,FW,ATT,18.97056810403833,1367,0.85,exact_age_validated,65000000.0,17.98989782785991,15.837078,7550150.086241444,2.1528198278599096,-2.1528198278599096,-2.144971389213501,-2.4666883765858314,-57449849.91375855,-0.8838438448270547,-0.8829224627406915,-1.0527042940381266,False,True,1131
Jorrel Hato,Jorrel Hato,Ajax,Eredivisie,2024-2025,DF,DEF,18.781656399726216,2588,0.85,exact_age_validated,30000000.0,17.216707939626428,14.806345,2693481.0887261988,2.4103629396264274,-2.4103629396264274,-2.144971389213501,-2.4666883765858314,-27306518.9112738,-0.91021729704246,-0.8829224627406915,-1.0527042940381266,False,True,1135
Endrick,Endrick,Real Madrid,LaLiga,2024-2025,FW,ATT,18.43668720054757,363,0.85,exact_age_validated,40000000.0,17.50439001207821,15.092006,3584057.1542278966,2.4123840120782116,-2.4123840120782116,-2.144971389213501,-2.4666883765858314,-36415942.8457721,-0.9103985711443026,-0.8829224627406915,-1.0527042940381266,False,True,1137
Ousmane Diomande,Ousmane Diomande,Sporting CP,Liga Portugal,2023-2024,DF,DEF,19.81930184804928,2115,0.85,exact_age_validated,25000000.0,17.034386382832476,14.502125,1986977.106843915,2.532261382832477,-2.532261382832477,-2.144971389213501,-2.4666883765858314,-23013022.893156085,-0.9205209157262434,-0.8829224627406915,-1.0527042940381266,False,True,1138
Warren Zaïre-Emery,Warren Zaïre-Emery,Paris Saint-Germain,Ligue 1,2024-2025,"MF,DF",DEF,18.75975359342916,2050,1.0,exact_age_club_validated,60000000.0,17.909855120186375,15.371044,4737613.093183622,2.5388111201863754,-2.5388111201863754,-2.144971389213501,-2.4666883765858314,-55262386.90681638,-0.921039781780273,-0.8829224627406915,-1.0527042940381266,False,True,1134
Leny Yoro,Leny Yoro,Manchester Utd,Premier League,2024-2025,DF,DEF,18.882956878850106,1165,0.85,exact_age_validated,55000000.0,17.822843743196746,15.481675,5291831.694760142,2.3411687431967465,-2.3411687431967465,-2.144971389213501,-2.4666883765858314,-49708168.305239856,-0.9037848782770883,-0.8829224627406915,-1.0527042940381266,False,True,1136
Zeno Debast,Zeno Debast,Sporting CP,Liga Portugal,2024-2025,"MF,DF",DEF,20.95824777549624,2126,0.85,exact_age_validated,22000000.0,16.90655301132259,14.409469,1811143.5512255724,2.49708401132259,-2.49708401132259,-2.144971389213501,-2.4666883765858314,-20188856.448774427,-0.9176752931261103,-0.8829224627406915,-1.0527042940381266,False,True,1130
Amar Dedić,Amar Dedić,Marseille,Ligue 1,2024-2025,MF,MID,22.33264887063655,314,0.85,exact_age_validated,15000000.0,16.523560759066484,14.326302,1666609.6980898734,2.197258759066484,-2.197258759066484,-2.144971389213501,-2.4666883765858314,-13333390.301910127,-0.8888926867940085,-0.8829224627406915,-1.0527042940381266,False,True,1129
Quilindschy Hartman,Quilindschy Hartman,Feyenoord,Eredivisie,2023-2024,DF,DEF,21.92197125256673,2070,0.85,exact_age_validated,20000000.0,16.811242831518264,13.850618,1035730.9838670782,2.9606248315182633,-2.9606248315182633,-2.144971389213501,-2.4666883765858314,-18964269.01613292,-0.9482134508066461,-0.8829224627406915,-1.0527042940381266,False,True,1128
Gastón Ávila,Gastón Ávila,Ajax,Eredivisie,2023-2024,DF,DEF,22.04517453798768,354,0.85,exact_age_validated,6000000.0,15.60727002719233,13.24299,564101.7939942502,2.364280027192329,-2.364280027192329,-2.144971389213501,-2.4666883765858314,-5435898.20600575,-0.9059830343342917,-0.8829224627406915,-1.0527042940381266,False,True,1132
Youssoufa Moukoko,Youssoufa Moukoko,Dortmund,Bundesliga,2023-2024,FW,ATT,19.06365503080082,625,0.85,exact_age_validated,30000000.0,17.216707939626428,14.9504595,3111014.6967727346,2.2662484396264286,-2.2662484396264286,-2.144971389213501,-2.4666883765858314,-26888985.303227264,-0.8962995101075755,-0.8829224627406915,-1.0527042940381266,False,True,1127
Aleksandar Pavlovic,Aleksandar Pavlovic,Bayern Munich,Bundesliga,2024-2025,MF,MID,20.435318275154003,1451,1.0,exact_age_club_validated,50000000.0,17.72753356339242,14.93199,3054083.1775534544,2.7955435633924193,-2.7955435633924193,-2.144971389213501,-2.4666883765858314,-46945916.82244655,-0.938918336448931,-0.8829224627406915,-1.0527042940381266,False,True,1133
