player_id_tm,player_name_tm_old,season_old,valuation_date_old,market_value_eur_old,current_club_name_tm_old,competition_id_tm_old,player_name_tm_new,season_new,valuation_date_new,market_value_eur_new,current_club_name_tm_new,competition_id_tm_new,market_value_delta_eur,market_value_delta_pct,club_changed,new_league_scope
7966,Javier García,2025-2026,2025-12-17,25000,Club Atlético Boca Juniors,ARG1,,,,,,,,,True,
22415,Fábio,2025-2026,2025-12-10,75000,Fluminense Football Club,BRA1,,,,,,,,,True,
28308,Jasmin Buric,2025-2026,2025-12-08,25000,Zagłębie Lubin Spółka Akcyjna,PL1,,,,,,,,,True,
31406,Haroune Camara,2025-2026,2025-12-18,350000,Al-Shabab Club,SA1,,,,,,,,,True,
31671,Turki Al-Ammar,2025-2026,2025-12-18,900000,Al-Qadsiah Saudi Football Club,SA1,,,,,,,,,True,
34296,Athanasios Papageorgiou,2025-2026,2025-12-12,25000,Panionios Athens,GR1,Athanasios Papageorgiou,2023-2024,2023-09-21,75000.0,Athlitiki Enosi Larisas,GR1,50000.0,2.0,True,
34577,Tomislav Bozic,2025-2026,2025-12-22,100000,NK Slaven Belupo Koprivnica,KR1,,,,,,,,,True,
36150,Janko Tumbasevic,2025-2026,2025-12-11,50000,Fudbalski Klub Mladost Lučani,SER1,,,,,,,,,True,
42457,Dayro Moreno,2025-2026,2025-12-05,50000,Once Caldas,COL1,,,,,,,,,True,
43300,Ciprian Deac,2025-2026,2025-12-19,100000,Fotbal Club CFR 1907 Cluj SA,RO1,,,,,,,,,True,
44698,Mário Camora,2025-2026,2025-12-19,150000,Fotbal Club CFR 1907 Cluj SA,RO1,,,,,,,,,True,
45425,Alexander Gorgon,2025-2026,2025-12-22,100000,Sportclub Rheindorf Altach,A1,,,,,,,,,True,
46104,Stevan Jovetić,2023-2024,2024-05-30,700000,,,Stevan Jovetic,2023-2024,2024-05-30,700000.0,Olympiakos Syndesmos Filathlon Peiraios,GR1,0.0,0.0,True,
46415,Duje Cop,2025-2026,2025-12-22,100000,NK Lokomotiva Zagreb,KR1,Duje Cop,2022-2023,2023-06-06,150000.0,Hrvatski Nogometni Klub Rijeka,KR1,50000.0,0.5,True,
46560,Krunoslav Hendija,2025-2026,2025-12-22,50000,NK Lokomotiva Zagreb,KR1,,,,,,,,,True,
46582,Ionuț Larie,2025-2026,2025-12-19,100000,F.C.V. Farul Constanța SA,RO1,,,,,,,,,True,
46972,Teemu Pukki,2023-2024,2023-08-22,1500000,,,Teemu Pukki,2023-2024,2023-08-22,1500000.0,Norwich City,GB1,0.0,0.0,True,Premier League
46989,Sasa Stamenkovic,2025-2026,2025-12-11,50000,Fudbalski Klub Mladost Lučani,SER1,,,,,,,,,True,
48810,Domagoj Antolic,2025-2026,2025-12-22,200000,NK Lokomotiva Zagreb,KR1,,,,,,,,,True,
49362,Koki Yonekura,2024-2025,2025-06-26,50000,JEF United,JAP1,,,,,,,,,True,
50144,Cássio,2025-2026,2025-12-10,300000,Cruzeiro Esporte Clube,BRA1,,,,,,,,,True,
50669,Nacho Fernández,2025-2026,2025-12-17,250000,Club de Gimnasia y Esgrima La Plata,ARG1,,,,,,,,,True,
51546,Kevin Escamilla,2025-2026,2025-12-29,700000,Querétaro Fútbol Club,MEX1,,,,,,,,,True,
51975,Andrew Redmayne,2025-2026,2026-01-13,175000,Sydney Football Club,AUS1,,,,,,,,,True,
52313,Marcelo Grohe,2025-2026,2025-12-18,250000,Al-Shabab Club,SA1,,,,,,,,,True,
52896,Everton Ribeiro,2025-2026,2025-12-10,1200000,Esporte Clube Bahia,BRA1,,,,,,,,,True,
53015,Marcelo Lomba,2025-2026,2025-12-10,100000,Sociedade Esportiva Palmeiras,BRA1,,,,,,,,,True,
53180,,2025-2026,2025-12-29,300000,,,,,,,,,,,True,
54330,,2025-2026,2025-12-17,300000,,,,,,,,,,,True,
54336,Gabriel Leite,2024-2025,2025-06-27,25000,Coritiba Foot Ball Club,BRA1,,,,,,,,,True,
54570,Leonardo Sigali,2025-2026,2025-12-22,50000,NK Lokomotiva Zagreb,KR1,,,,,,,,,True,
54590,Germán Cano,2025-2026,2025-12-10,600000,Fluminense Football Club,BRA1,,,,,,,,,True,
54596,Carlos Quintana,2025-2026,2025-12-17,100000,Club Atlético Rosario Central,ARG1,,,,,,,,,True,
55150,Jorge Broun,2025-2026,2025-12-17,125000,Club Atlético Rosario Central,ARG1,,,,,,,,,True,
55666,Darwin Quintero,2025-2026,2025-12-05,50000,Millonarios FC,COL1,,,,,,,,,True,
58993,Junior Hoilett,2025-2026,2025-12-10,50000,,,Junior Hoilett,2025-2026,2025-12-10,50000.0,Hibernian Football Club,SC1,0.0,0.0,True,
59053,Stefan Hierländer,2025-2026,2025-12-22,150000,Sportklub Puntigamer Sturm Graz,A1,,,,,,,,,True,
59246,Luca Zuffi,2025-2026,2025-12-29,100000,Fussballclub Winterthur,C1,,,,,,,,,True,
59434,Artem Putivtsev,2025-2026,2025-12-08,50000,Metalist Kharkiv (- 2016),UKR1,Artem Putivtsev,2023-2024,2023-12-05,50000.0,Termalica Bruk-Bet Nieciecza Klub Sportowy,PL1,0.0,0.0,True,
60490,Slobodan Simovic,2025-2026,2025-12-11,50000,FK Radnički 1923 Kragujevac,SER1,,,,,,,,,True,
60517,Yacine Brahimi,2023-2024,2023-11-27,2800000,,,Yacine Brahimi,2023-2024,2023-11-27,2800000.0,Futebol Clube do Porto,PO1,0.0,0.0,True,Liga Portugal
63333,Alfonso Blanco,2025-2026,2025-12-29,100000,Club León Fútbol Club,MEX1,,,,,,,,,True,
63422,David Moberg Karlsson,2023-2024,2024-05-30,750000,Aris Thessalonikis,GR1,David Moberg Karlsson,2023-2024,2024-05-30,750000.0,IFK Norrköping,SE1,0.0,0.0,True,
63443,Marcus Sandberg,2025-2026,2025-12-15,200000,Hamarkameratene,NO1,,,,,,,,,True,
64054,Dragoș Huiban,2025-2026,2025-12-19,100000,Fotbal Club Metaloglobus București SA,RO1,,,,,,,,,True,
64193,Alexandru Mateiu,2025-2026,2025-12-19,100000,Fotbal Club Petrolul Ploiești,RO1,,,,,,,,,True,
64303,Tomas Frystak,2025-2026,2025-12-22,10000,1. FC Slovácko,TS1,,,,,,,,,True,
64804,Thierry Moutinho,2025-2026,2025-12-12,75000,Athens Kallithea,GR1,Thierry Moutinho,2022-2023,2023-05-22,300000.0,Athlitiki Enosi Larisas,GR1,225000.0,3.0,True,
65298,Ilie Sánchez,2025-2026,2025-12-11,300000,Austin FC,MLS1,,,,,,,,,True,
66638,Mario Ticinovic,2025-2026,2025-12-22,150000,KSC Lokeren (- 2020),BE1,Mario Ticinovic,2022-2023,2023-06-02,200000.0,HNK Vukovar 1991,KR1,50000.0,0.3333333333333333,True,
67144,Léo Vieira,2025-2026,2026-03-12,200000,Associação Chapecoense de Futebol,BRA1,Léo Vieira,2023-2024,2023-11-27,100000.0,Esporte Clube Bahia,BRA1,-100000.0,-0.5,True,
68097,Rafael,2025-2026,2025-12-10,400000,São Paulo Futebol Clube,BRA1,,,,,,,,,True,
68327,Jay O'Shea,2025-2026,2026-01-13,225000,Brisbane Roar FC,AUS1,,,,,,,,,True,
68499,Matthew Jurman,2025-2026,2026-01-13,125000,Macarthur South West Sydney (A-League),AUS1,,,,,,,,,True,
68626,Abdullah Al-Hamdan,2025-2026,2025-12-18,325000,Al-Nassr Football Club,SA1,,,,,,,,,True,
68747,Diego Churín,2025-2026,2025-11-06,75000,Club Atlético Sarmiento,ARG1,,,,,,,,,True,
69400,Weverton,2025-2026,2025-12-10,700000,Grêmio Foot-Ball Porto Alegrense,BRA1,,,,,,,,,True,
69741,Tobias Kainz,2025-2026,2025-12-22,250000,Turn- und Sportverein Egger Glas Hartberg,A1,,,,,,,,,True,
69802,Fernando Tobio,2025-2026,2025-12-17,150000,Club Atlético Barracas Central,ARG1,,,,,,,,,True,
70412,Nemanja Milunovic,2025-2026,2025-12-11,50000,Železničar Pančevo,SER1,Nemanja Milunovic,2022-2023,2023-06-22,500000.0,Fudbalski Klub Spartak Ždrepčeva krv,SER1,450000.0,9.0,True,
70639,Petr Reinberk,2025-2026,2026-03-24,25000,1. FC Slovácko,TS1,,,,,,,,,True,
70690,Jiri Fleisman,2025-2026,2025-12-22,10000,MFK Karvina,TS1,,,,,,,,,True,
70699,Jan Kalabiska,2025-2026,2026-03-24,25000,FC Trinity Zlin,TS1,,,,,,,,,True,
71225,Dusan Cvetinovic,2025-2026,2025-12-11,50000,Fudbalski Klub Mladost Lučani,SER1,,,,,,,,,True,
71401,Rodolfo Cota,2025-2026,2025-12-29,250000,Club de Futbol América S. A. de C. V.,MEX1,,,,,,,,,True,
71594,Mile Skoric,2025-2026,2025-12-22,100000,Hrvatski Nogometni Klub Rijeka,KR1,,,,,,,,,True,
72237,Mervan Çelik,2022-2023,2023-06-27,150000,GAIS,SE1,Mervan Çelik,2022-2023,2023-06-27,150000.0,Göteborgs Atlet- och Idrottssällskap,SE1,0.0,0.0,True,
73124,Milos Cvetkovic,2025-2026,2025-12-11,100000,Fudbalski klub Čukarički Beograd,SER1,,,,,,,,,True,
73327,Arild Østbø,2025-2026,2025-12-15,175000,Viking Fotballklubb,NO1,,,,,,,,,True,
73345,Danovis Banguero,2025-2026,2025-12-05,200000,Millonarios FC,COL1,,,,,,,,,True,
73523,Guillermo Allison,2025-2026,2025-12-29,150000,Querétaro Fútbol Club,MEX1,,,,,,,,,True,
73782,Adrián Ramos,2025-2026,2025-12-05,50000,Granada CF,ES1,Adrián Ramos,2023-2024,2023-07-07,300000.0,CD América de Cali,COL1,250000.0,5.0,True,
74065,Wilson Morelo,2025-2026,2025-12-05,50000,Asociación Deportivo Pasto,COL1,,,,,,,,,True,
74071,,2025-2026,2025-12-05,50000,,,,,,,,,,,True,
74113,Camilo Vargas,2025-2026,2025-12-29,500000,Club de Futbol Rojinegros S.A. de C.V.,MEX1,,,,,,,,,True,
74179,Michael Sollbauer,2025-2026,2025-12-22,125000,Sportvereinigung Ried 1912,A1,,,,,,,,,True,
74421,Andrés Mosquera,2025-2026,2026-03-17,100000,CD América de Cali,COL1,,,,,,,,,True,
74440,Ayron del Valle,2025-2026,2025-12-05,50000,Alianza FC,COL1,,,,,,,,,True,
74758,Marinho,2025-2026,2026-03-12,250000,Esporte Clube Vitória,BRA1,,,,,,,,,True,
75435,Marcos Rocha,2025-2026,2025-12-10,250000,Grêmio Foot-Ball Porto Alegrense,BRA1,,,,,,,,,True,
75462,Lucas Hoyos,2025-2026,2025-12-17,150000,Atlanta United Football Club,MLS1,,,,,,,,,True,
75919,Stefan Krell,2025-2026,2025-12-19,150000,Fotbal Club Petrolul Ploiești,RO1,,,,,,,,,True,
76047,Johan Martensson,2022-2023,2023-05-22,200000,Panetolikos Agrinio,GR1,Johan Mårtensson,2022-2023,2023-05-22,200000.0,Degerfors IF,SE1,0.0,0.0,True,
76159,César Rigamonti,2025-2026,2025-11-26,50000,Club Atlético Gimnasia y Esgrima de Mendoza,ARG1,,,,,,,,,True,
76191,Osvaldo,2025-2026,2025-12-10,100000,Esporte Clube Vitória,BRA1,,,,,,,,,True,
76648,Marco Pérez,2025-2026,2025-12-05,50000,Deportivo Pereira,COL1,,,,,,,,,True,
76655,Marek Hanousek,2025-2026,2025-12-08,125000,FK Dukla Praha a.s.,TS1,,,,,,,,,True,
77117,Christopher Wernitznig,2025-2026,2025-12-22,125000,Sportvereinigung Ried 1912,A1,,,,,,,,,True,
77127,Hernán Galíndez,2025-2026,2025-12-17,325000,Club Atlético Huracán,ARG1,,,,,,,,,True,
77163,Diego Chará,2025-2026,2025-12-11,100000,Portland Timbers,MLS1,,,,,,,,,True,
78006,Markus Pink,2025-2026,2025-12-22,200000,RZ Pellets Wolfsberger Athletiksport Club,A1,,,,,,,,,True,
78868,Joël Mall,2025-2026,2025-12-29,175000,Servette Football Club 1890 SA,C1,,,,,,,,,True,
79344,Daisuke Suzuki,2025-2026,2025-12-15,75000,JEF United,JAP1,,,,,,,,,True,
79404,Hiroki Iikura,2025-2026,2025-12-15,50000,Yokohama Marinos,JAP1,,,,,,,,,True,
79415,Shu Kurata,2025-2026,2025-12-15,100000,Gamba Osaka,JAP1,,,,,,,,,True,
79419,Kota Mizunuma,2025-2026,2026-01-13,275000,Newcastle United Jets Football Club,AUS1,,,,,,,,,True,
79507,Valentin Crețu,2025-2026,2025-12-19,150000,SC Fotbal Club FCSB SA,RO1,,,,,,,,,True,
79640,Shun Nagasawa,2025-2026,2025-12-15,100000,Kyoto Purple Sanga,JAP1,,,,,,,,,True,
79647,Yohei Takeda,2025-2026,2025-12-15,50000,Nagoya Grampus Eight,JAP1,,,,,,,,,True,
80339,Graham Carey,2023-2024,2024-05-30,250000,St. Johnstone FC,SC1,Graham Carey,2023-2024,2024-05-30,250000.0,Livingston Football Club,SC1,0.0,0.0,True,
80874,Takuji Yonemoto,2025-2026,2025-12-15,175000,Kyoto Purple Sanga,JAP1,,,,,,,,,True,
81723,Michael Boxall,2025-2026,2025-12-11,150000,Minnesota United FC,MLS1,,,,,,,,,True,
81755,Nahir Besara,2025-2026,2025-11-19,600000,Hammarby IF,SE1,,,,,,,,,True,
81786,Masato Morishige,2025-2026,2025-12-15,100000,Tokyo Football Club,JAP1,,,,,,,,,True,
81787,Shusaku Nishikawa,2025-2026,2025-12-15,125000,Urawa Red Diamonds,JAP1,,,,,,,,,True,
81794,Kwang-hoon Shin,2025-2026,2025-12-16,100000,Football Club Pohang Steelers,RSK1,,,,,,,,,True,
81800,Jan Kovarik,2025-2026,2026-03-24,50000,"Bohemians Praha 1905, a.s.",TS1,,,,,,,,,True,
81979,Tomas Poznar,2025-2026,2025-12-22,25000,FC Trinity Zlin,TS1,,,,,,,,,True,
82477,Stanislav Dostal,2025-2026,2025-12-22,200000,FC Trinity Zlin,TS1,,,,,,,,,True,
83119,Reinhold Ranftl,2025-2026,2025-12-22,350000,Fußballklub Austria Wien,A1,,,,,,,,,True,
83616,Benedikt Zech,2025-2026,2025-12-22,150000,Sportclub Rheindorf Altach,A1,,,,,,,,,True,
84377,Jonatan Gómez,2025-2026,2025-12-17,100000,Club Atlético Sarmiento,ARG1,,,,,,,,,True,
84801,Darko Gojkovic,2025-2026,2025-12-11,25000,Omladinski fudbalski klub Beograd,SER1,,,,,,,,,True,
84812,Taishi Taguchi,2025-2026,2025-12-15,175000,JEF United,JAP1,,,,,,,,,True,
85029,Ognjen Cancarevic,2025-2026,2026-03-26,100000,Fudbalski Klub IMT Novi Beograd,SER1,,,,,,,,,True,
85114,Zoran Popovic,2025-2026,2025-12-11,50000,Železničar Pančevo,SER1,,,,,,,,,True,
85357,Juan Muñiz,2025-2026,2026-01-13,300000,APS Atromitos Athinon,GR1,Juan Muñiz,2022-2023,2023-05-25,450000.0,Adelaide United Football Club,AUS1,150000.0,0.5,True,
86167,Akihiro Ienaga,2025-2026,2025-12-15,75000,Kawasaki Frontale,JAP1,,,,,,,,,True,
86484,Mattia Bottani,2025-2026,2025-12-29,100000,FC Lugano,C1,,,,,,,,,True,
86635,Dante Stipica,2024-2025,2024-09-20,200000,HNK Hajduk Split,KR1,,,,,,,,,True,
86936,Zarko Udovicic,2025-2026,2025-12-11,25000,Fudbalski Klub Mladost Lučani,SER1,,,,,,,,,True,
87518,Ignacio Malcorra,2025-2026,2025-12-17,375000,Club Atlético Independiente de Avellaneda,ARG1,,,,,,,,,True,
87859,Nahuel Guzmán,2025-2026,2025-12-29,250000,Club Tigres UANL Sinergia Deportiva S.A. de C.V.,MEX1,,,,,,,,,True,
88049,Ramón Ábila,2025-2026,2025-12-17,75000,Asociación Atlética Estudiantes,ARG1,,,,,,,,,True,
88404,Steve Rouiller,2025-2026,2025-12-29,175000,Servette Football Club 1890 SA,C1,,,,,,,,,True,
91158,Jun-yeon Jeong,2023-2024,2023-12-19,100000,Football Club Anyang,RSK1,,,,,,,,,True,
91597,Sergio Vittor,2025-2026,2025-12-17,100000,Club Atlético Banfield,ARG1,,,,,,,,,True,
92074,Chang-woo Rim,2025-2026,2025-12-16,325000,Jeju SK Football Club,RSK1,,,,,,,,,True,
92076,Seung-gyu Kim,2025-2026,2025-12-15,600000,Tokyo Football Club,JAP1,,,,,,,,,True,
92120,Roberto Puncec,2025-2026,2025-12-22,100000,NK Varazdin,KR1,,,,,,,,,True,
93184,Nabil Bahoui,2023-2024,2023-11-28,400000,De Graafschap Doetinchem,NL1,Nabil Bahoui,2023-2024,2023-11-28,400000.0,Idrottsföreningen  Brommapojkarna,SE1,0.0,0.0,True,
93243,Rafael Santos,2025-2026,2025-11-24,100000,Associação Chapecoense de Futebol,BRA1,,,,,,,,,True,
94256,Saliou Sané,2025-2026,2025-12-22,125000,Sportvereinigung Ried 1912,A1,,,,,,,,,True,
95172,Pedro Gallese,2025-2026,2025-12-11,400000,Deportivo Cali,COL1,,,,,,,,,True,
95285,Aleksandar Pejovic,2025-2026,2025-12-11,350000,Fudbalski klub Radnik Surdulica,SER1,,,,,,,,,True,
95792,Jan Chramosta,2025-2026,2026-03-24,150000,FK Jablonec a.s.,TS1,,,,,,,,,True,
96313,Federico Mancuello,2025-2026,2025-12-17,150000,Club Atlético Independiente de Avellaneda,ARG1,,,,,,,,,True,
97241,Victor Pálsson,2023-2024,2024-06-04,350000,KAS Eupen,BE1,Victor Pálsson,2023-2024,2024-06-04,350000.0,AC Horsens,DK1,0.0,0.0,True,
97515,Andrei Sava,2025-2026,2025-12-19,50000,Fotbal Club Metaloglobus București SA,RO1,,,,,,,,,True,
98067,Zander Clark,2025-2026,2025-12-10,200000,,,Zander Clark,2025-2026,2025-12-10,200000.0,Heart of Midlothian Football Club,SC1,0.0,0.0,True,
98074,Hiroshi Ibusuki,2025-2026,2025-12-17,175000,Western Sydney Wanderers,AUS1,,,,,,,,,True,
98888,Artur Ionita,2022-2023,2023-06-12,700000,Benevento Calcio,IT1,Artur Ioniță,2022-2023,2023-06-12,700000.0,,,0.0,0.0,True,
99617,Stefan Frei,2025-2026,2025-12-11,150000,Seattle Sounders FC,MLS1,,,,,,,,,True,
100379,Andrés Mosquera,2025-2026,2025-12-05,400000,Independiente Santa Fe,COL1,,,,,,,,,True,
100980,Mads Fenger,2022-2023,2023-06-27,600000,Randers Fodbold Club,DK1,Mads Fenger,2022-2023,2023-06-27,600000.0,Hammarby IF,SE1,0.0,0.0,True,
102574,Jean Carlos,2025-2026,2025-11-24,400000,Associação Chapecoense de Futebol,BRA1,,,,,,,,,True,
102699,Felipe Rodríguez,2025-2026,2025-12-29,125000,Club Tigres UANL Sinergia Deportiva S.A. de C.V.,MEX1,,,,,,,,,True,
103405,Simon Strand,2025-2026,2025-11-19,150000,Idrottsföreningen  Brommapojkarna,SE1,,,,,,,,,True,
103598,Thomas Lehne Olsen,2025-2026,2025-12-15,350000,Lillestrøm Sportsklubb,NO1,,,,,,,,,True,
104271,Milan Joksimovic,2025-2026,2025-12-11,100000,Fudbalski Klub Mladost Lučani,SER1,,,,,,,,,True,
104276,Sasa Markovic,2025-2026,2025-12-11,50000,Omladinski fudbalski klub Beograd,SER1,,,,,,,,,True,
104326,Victor Cuesta,2025-2026,2025-12-17,250000,Club Atlético Platense,ARG1,,,,,,,,,True,
104990,Jakub Vojtus,2025-2026,2025-12-19,150000,SC Olhanense,PO1,Jakub Vojtus,2022-2023,2023-06-23,200000.0,F.C.V. Farul Constanța SA,RO1,50000.0,0.3333333333333333,True,
105845,Emmanuel Olivera,2025-2026,2025-12-05,300000,Independiente Santa Fe,COL1,,,,,,,,,True,
106032,Everson,2025-2026,2025-12-10,1000000,Clube Atlético Mineiro,BRA1,,,,,,,,,True,
106437,Magnar Ødegaard,2025-2026,2025-12-15,100000,Sarpsborg 08 Fotballforening,NO1,,,,,,,,,True,
106851,Andreas Leitner,2025-2026,2025-12-22,300000,Sportvereinigung Ried 1912,A1,,,,,,,,,True,
107282,Damián Martínez,2025-2026,2025-12-17,100000,Club Atlético Barracas Central,ARG1,,,,,,,,,True,
107503,Hugo Nervo,2025-2026,2025-12-17,400000,Club Atlético Huracán,ARG1,,,,,,,,,True,
108108,Rhyan Grant,2025-2026,2026-01-13,375000,Sydney Football Club,AUS1,,,,,,,,,True,
108416,Ivan Schranz,2025-2026,2026-03-24,750000,"SK Slavia Praha, a.s.",TS1,,,,,,,,,True,
109830,Marcel Heister,2025-2026,2025-12-22,200000,NK Istra 1961,KR1,,,,,,,,,True,
110912,Ryo Takeuchi,2025-2026,2025-12-15,75000,Fagiano Okayama Sports Club,JAP1,,,,,,,,,True,
111430,Roman Buess,2025-2026,2025-12-29,100000,Fussballclub Winterthur,C1,,,,,,,,,True,
112813,Rakan Al-Najjar,2025-2026,2025-12-18,125000,Al-Okhdood Club,SA1,,,,,,,,,True,
113657,Keigo Higashi,2025-2026,2025-12-15,125000,Tokyo Football Club,JAP1,,,,,,,,,True,
113712,Masaaki Higashiguchi,2025-2026,2025-12-15,50000,Gamba Osaka,JAP1,,,,,,,,,True,
114205,Kyohei Noborizato,2025-2026,2025-12-15,125000,Cerezo Osaka,JAP1,,,,,,,,,True,
114341,Anselmo,2025-2026,2026-01-13,150000,Genoa Cricket and Football Club,IT1,Anselmo,2022-2023,2023-06-12,300000.0,Adelaide United Football Club,AUS1,150000.0,1.0,True,
114680,André Calisir,2022-2023,2023-06-27,200000,Silkeborg Idrætsforening,DK1,André Calisir,2022-2023,2023-06-27,200000.0,Idrottsföreningen  Brommapojkarna,SE1,0.0,0.0,True,
115183,Milton Casco,2025-2026,2025-12-17,75000,Atlético Nacional,COL1,,,,,,,,,True,
115333,Juanpe,2025-2026,2025-12-29,500000,Girona Fútbol Club S. A. D.,ES1,Juanpe,2025-2026,2025-12-29,500000.0,Club Atlético de San Luis,MEX1,0.0,0.0,True,
115765,Tatsuya Morita,2025-2026,2025-12-15,75000,Zelvia,JAP1,,,,,,,,,True,
116223,Yutaka Yoshida,2025-2026,2025-12-15,100000,S-Pulse,JAP1,,,,,,,,,True,
116944,Jonas Lindberg,2025-2026,2025-11-19,75000,GAIS,SE1,,,,,,,,,True,
116968,Carlos Izquierdoz,2025-2026,2025-12-17,450000,Club Atlético Lanús,ARG1,,,,,,,,,True,
117013,Hisashi Jogo,2025-2026,2025-12-15,25000,Avispa Fukuoka,JAP1,,,,,,,,,True,
117683,Michał Chrapek,2025-2026,2025-12-08,200000,Gliwicki Klub Sportowy Piast Spółka Akcyjna,PL1,,,,,,,,,True,
118451,Tae-hee Nam,2025-2026,2025-12-16,450000,Jeju SK Football Club,RSK1,,,,,,,,,True,
118487,Jin-hyeon Kim,2025-2026,2025-12-15,100000,Cerezo Osaka,JAP1,,,,,,,,,True,
119150,Mislav Orsic,2025-2026,2025-12-23,1000000,Trabzonspor Kulübü,TR1,Mislav Orsic,2025-2026,2025-12-23,1000000.0,,,0.0,0.0,True,
119333,Gustavo Cuéllar,2025-2026,2026-03-17,1400000,Deportivo Cali,COL1,,,,,,,,,True,
119342,Edwin Cardona,2025-2026,2026-03-17,500000,Atlético Nacional,COL1,,,,,,,,,True,
119472,Milan Heca,2025-2026,2025-12-22,125000,1. FC Slovácko,TS1,,,,,,,,,True,
119634,Franco Armani,2025-2026,2026-03-18,250000,Club Atlético River Plate,ARG1,,,,,,,,,True,
119862,Michal Frydrych,2025-2026,2026-03-24,75000,FC Baník Ostrava a.s.,TS1,,,,,,,,,True,
120013,Johan Wallens,2025-2026,2025-12-05,50000,Alianza FC,COL1,,,,,,,,,True,
120030,Jan Hanus,2025-2026,2025-12-22,100000,FK Jablonec a.s.,TS1,,,,,,,,,True,
120197,Martin Kreuzriegler,2025-2026,2025-12-22,250000,Grazer Athletiksport Klub 1902,A1,,,,,,,,,True,
120970,Rafał Leszczyński,2025-2026,2025-12-08,250000,Wisła Płock Spółka Akcyjna,PL1,,,,,,,,,True,
121276,Nathan Byrne,2025-2026,2025-12-11,700000,Charlotte Football Club,MLS1,,,,,,,,,True,
121612,Anton Fagerström,2025-2026,2025-11-19,175000,Västerås Sportklubb FK,SE1,,,,,,,,,True,
121801,Goro Kawanami,2025-2026,2025-12-15,50000,Fagiano Okayama Sports Club,JAP1,,,,,,,,,True,
122493,Amir Sayoud,2025-2026,2025-12-18,500000,Al-Hazem Sport Club,SA1,,,,,,,,,True,
123251,Cătălin Straton,2025-2026,2025-12-19,125000,Asociația Clubul Sportiv Campionii Fotbal Club Argeș,RO1,,,,,,,,,True,
123349,Zakaria Labyad,2025-2026,2025-12-17,500000,Football Club Utrecht,NL1,Zakaria Labyad,2023-2024,2024-06-17,700000.0,Sport Club Corinthians Paulista,BRA1,200000.0,0.4,True,
123671,Sergiu Buș,2025-2026,2025-12-19,200000,Asociația Fotbal Club Hermannstadt,RO1,,,,,,,,,True,
125019,Lisandro López,2025-2026,2025-12-17,350000,Genoa Cricket and Football Club,IT1,Lisandro López,2022-2023,2023-06-29,1500000.0,Club Atlético Belgrano,ARG1,1150000.0,3.2857142857142856,True,
125108,Claudio Corvalán,2025-2026,2025-12-17,125000,Club Atlético Unión,ARG1,,,,,,,,,True,
125275,Óscar Jiménez,2025-2026,2025-12-29,50000,Club León Fútbol Club,MEX1,,,,,,,,,True,
125513,Giovanni Augusto,2025-2026,2025-11-24,200000,Associação Chapecoense de Futebol,BRA1,,,,,,,,,True,
125906,Lucas Gamba,2025-2026,2025-12-17,100000,Club Atlético Barracas Central,ARG1,,,,,,,,,True,
125907,Leonardo Gil,2025-2026,2025-12-17,450000,Club Atlético Huracán,ARG1,,,,,,,,,True,
126630,Sean Johnson,2025-2026,2025-12-11,300000,D.C. United,MLS1,,,,,,,,,True,
126639,Da-sol Kim,2025-2026,2025-12-16,125000,Football Club Anyang,RSK1,,,,,,,,,True,
126640,Young-gwon Kim,2025-2026,2025-12-16,300000,Ulsan Hyundai Football Club,RSK1,,,,,,,,,True,
126641,Jong-eun Lim,2025-2026,2025-12-16,150000,Foundation Coorperation Hana Financial Group Inc. Football Club,RSK1,,,,,,,,,True,
126642,Jae-suk Oh,2025-2026,2025-12-16,125000,Foundation Coorperation Hana Financial Group Inc. Football Club,RSK1,,,,,,,,,True,
128041,Lars Sætra,2025-2026,2025-11-19,300000,Kalmar Fotbollförening,SE1,,,,,,,,,True,
128804,Adrian Błąd,2025-2026,2026-03-26,100000,GKS GieKSa Katowice Spółka Akcyjna,PL1,,,,,,,,,True,
129031,Hugo González,2025-2026,2025-12-29,400000,"Deportivo Toluca Futbol Club, S. A. de C. V.",MEX1,,,,,,,,,True,
129257,Daniel Bocanegra,2025-2026,2025-12-05,50000,CD América de Cali,COL1,,,,,,,,,True,
129392,Sasa Jovanovic,2025-2026,2025-12-11,300000,Fudbalski klub TSC Bačka Topola,SER1,,,,,,,,,True,
129655,Jan Boril,2025-2026,2025-12-22,200000,"SK Slavia Praha, a.s.",TS1,,,,,,,,,True,
129684,Nikki Havenaar,2025-2026,2025-12-22,500000,Sportvereinigung Ried 1912,A1,,,,,,,,,True,
129686,Ken Matsubara,2025-2026,2025-12-15,350000,Yokohama Marinos,JAP1,,,,,,,,,True,
130149,Giannis Pasas,2025-2026,2025-12-12,175000,Iraklis Thessaloniki,GR1,Giannis Pasas,2022-2023,2023-06-19,350000.0,Athlitiki Enosi Larisas,GR1,175000.0,1.0,True,
130482,Juan Camilo Chaverra,2025-2026,2025-12-05,150000,Alianza FC,COL1,,,,,,,,,True,
131074,,2025-2026,2025-12-29,600000,,,,,,,,,,,True,
131093,Stefan Medina,2025-2026,2025-12-29,1200000,Club de Fútbol Monterrey Rayados A.C.,MEX1,,,,,,,,,True,
131097,Daniel Cataño,2025-2026,2025-12-11,300000,Independiente Medellín,COL1,,,,,,,,,True,
131099,Christian Mafla,2025-2026,2025-12-05,250000,Independiente Santa Fe,COL1,,,,,,,,,True,
131206,Ignacio Arce,2025-2026,2025-12-17,1000000,Asociación de Fomento Deportivo Riestra Barrio Colón,ARG1,,,,,,,,,True,
131310,Danijel Zagorac,2025-2026,2025-12-22,50000,GNK Dinamo Zagreb,KR1,,,,,,,,,True,
131330,Oliver Zelenika,2025-2026,2025-12-22,300000,NK Varazdin,KR1,,,,,,,,,True,
131840,Leandro Fernández,2025-2026,2025-12-10,450000,Asociación Atlética Argentinos Juniors,ARG1,,,,,,,,,True,
132527,Dong-jin Kim,2025-2026,2025-12-16,250000,Football Club Anyang,RSK1,,,,,,,,,True,
132532,Chang-geun Lee,2025-2026,2025-12-16,600000,Foundation Coorperation Hana Financial Group Inc. Football Club,RSK1,,,,,,,,,True,
132563,Morteza Pouraliganji,2023-2024,2023-11-28,700000,,,Morteza Pouraliganji,2023-2024,2023-11-28,700000.0,KAS Eupen,BE1,0.0,0.0,True,Belgian Pro League
132748,Jin-hyun Lee,2025-2026,2025-12-16,325000,Ulsan Hyundai Football Club,RSK1,,,,,,,,,True,
133522,Yesús Cabrera,2025-2026,2025-12-05,150000,Boyacá Chicó FC,COL1,,,,,,,,,True,
133628,David Babunski,2025-2026,2025-12-18,250000,,,David Babunski,2025-2026,2025-12-18,250000.0,Dundee United Football Club,SC1,0.0,0.0,True,
133831,Kristijan Kahlina,2025-2026,2025-12-11,1500000,Charlotte Football Club,MLS1,,,,,,,,,True,
133834,Marko Leskovic,2025-2026,2025-12-22,50000,NK Slaven Belupo Koprivnica,KR1,,,,,,,,,True,
134458,Stefan Ashkovski,2023-2024,2023-09-21,350000,,,Stefan Ashkovski,2023-2024,2023-09-21,350000.0,PAS Lamia 1964,GR1,0.0,0.0,True,
135471,Serif Berbic,2025-2026,2025-12-29,75000,FC Lugano,C1,,,,,,,,,True,
135851,Omar Mendoza,2025-2026,2025-12-29,150000,Querétaro Fútbol Club,MEX1,,,,,,,,,True,
136005,Fáiner Torijano,2025-2026,2025-12-05,50000,Asociación Deportivo Pasto,COL1,,,,,,,,,True,
136128,Vadim Rață,2025-2026,2025-12-19,600000,Asociația Clubul Sportiv Campionii Fotbal Club Argeș,RO1,,,,,,,,,True,
136744,Mike Cestor,2025-2026,2025-12-09,75000,Fotbal Club Metaloglobus București SA,RO1,,,,,,,,,True,
137621,Matej Hybs,2025-2026,2025-12-22,125000,"FK Mladá Boleslav, a.s.",TS1,,,,,,,,,True,
137840,William Tesillo,2025-2026,2026-03-17,250000,Atlético Nacional,COL1,,,,,,,,,True,
138260,Yu Kobayashi,2025-2026,2025-12-15,100000,Kawasaki Frontale,JAP1,,,,,,,,,True,
138406,Jonathan Azulay,2025-2026,2025-11-19,200000,Örgryte IS,SE1,,,,,,,,,True,
138408,Davor Blazevic,2025-2026,2025-11-19,175000,Idrottsföreningen  Brommapojkarna,SE1,,,,,,,,,True,
139867,Robert Arboleda,2025-2026,2025-12-10,600000,São Paulo Futebol Clube,BRA1,,,,,,,,,True,
140109,Radoslav Kirilov,2022-2023,2023-06-05,700000,,,Radoslav Kirilov,2022-2023,2023-06-05,700000.0,Chievo Verona,IT1,0.0,0.0,True,Serie A
140214,Leandro Díaz,2025-2026,2025-12-17,450000,Club Atlético Tucumán,ARG1,,,,,,,,,True,
140311,Takahiro Ogihara,2025-2026,2025-12-15,275000,Rakuten Vissel Kobe,JAP1,,,,,,,,,True,
140811,Santos,2025-2026,2025-11-24,400000,Clube Atlético Paranaense,BRA1,,,,,,,,,True,
141099,Vlastimil Danicek,2025-2026,2025-12-22,100000,1. FC Slovácko,TS1,,,,,,,,,True,
141660,Jesse Lingard,2025-2026,2025-12-16,2200000,Nottingham Forest Football Club,GB1,Jesse Lingard,2023-2024,2023-10-25,6000000.0,Sport Club Corinthians Paulista,BRA1,3800000.0,1.7272727272727273,True,
141805,Ali Al-Hassan,2025-2026,2025-12-18,500000,Al-Nassr Football Club,SA1,,,,,,,,,True,
141810,Jamaan Al-Dosari,2025-2026,2025-12-18,75000,Al-Kholood Club,SA1,,,,,,,,,True,
141976,Saeed Al-Hamsl,2025-2026,2025-12-18,225000,Al-Khaleej Club (Saihat),SA1,,,,,,,,,True,
142219,Jaroslav Zelený,2025-2026,2026-03-24,700000,"AC Sparta Praha, a. s.",TS1,,,,,,,,,True,
142254,Aleksandar Varjacic,2025-2026,2025-12-11,50000,Fudbalski Klub Mladost Lučani,SER1,,,,,,,,,True,
143118,Damian Dabrowski,2025-2026,2025-12-08,300000,Zagłębie Lubin Spółka Akcyjna,PL1,,,,,,,,,True,
143282,Jakub Czerwiński,2025-2026,2025-12-08,250000,Gliwicki Klub Sportowy Piast Spółka Akcyjna,PL1,,,,,,,,,True,
143855,Thomazella,2016-2017,2016-11-28,200000,Mirasol Futebol Clube,BRA1,,,,,,,,,True,
144236,Pablo Magnin,2025-2026,2025-12-17,175000,Club Atlético Sarmiento,ARG1,,,,,,,,,True,
144339,Risto Radunovic,2025-2026,2025-12-19,800000,SC Fotbal Club FCSB SA,RO1,,,,,,,,,True,
144721,Arkadiusz Woźniak,2025-2026,2025-12-08,25000,Zagłębie Lubin Spółka Akcyjna,PL1,,,,,,,,,True,
145400,Walter Kannemann,2025-2026,2025-12-10,400000,Grêmio Foot-Ball Porto Alegrense,BRA1,,,,,,,,,True,
145702,Aleksa Vukanovic,2025-2026,2025-12-11,200000,Fudbalski Klub Vojvodina,SER1,,,,,,,,,True,
145821,,2025-2026,2026-03-24,75000,,,,,,,,,,,True,
146017,Marko Milosevic,2025-2026,2025-12-11,200000,Fudbalski Klub Partizan Beograd,SER1,,,,,,,,,True,
146215,Hernán Lópes,2025-2026,2025-12-05,100000,Rionegro Águilas,COL1,,,,,,,,,True,
146396,Borko Duronjic,2025-2026,2025-12-11,450000,Fudbalski klub Radnik Surdulica,SER1,,,,,,,,,True,
146712,Jakub Jugas,2025-2026,2026-03-24,125000,FC Trinity Zlin,TS1,,,,,,,,,True,
146790,Simen Rafn,2025-2026,2025-12-15,175000,Fredrikstad Fotballklubb,NO1,,,,,,,,,True,
147027,Mirko Salvi,2025-2026,2025-12-29,100000,FC Basel 1893 AG,C1,,,,,,,,,True,
147361,Mayke,2025-2026,2025-12-10,2000000,Santos Futebol Clube,BRA1,,,,,,,,,True,
147501,Numa Lavanchy,2025-2026,2025-12-29,175000,FC Sion,C1,,,,,,,,,True,
147540,Ales Cermak,2025-2026,2025-12-22,225000,"Bohemians Praha 1905, a.s.",TS1,,,,,,,,,True,
147548,Robert Hruby,2025-2026,2026-03-24,100000,"Bohemians Praha 1905, a.s.",TS1,,,,,,,,,True,
147555,Petr Sevcik,2025-2026,2026-03-24,200000,"SK Slavia Praha, a.s.",TS1,,,,,,,,,True,
147600,Brendan Hamill,2025-2026,2026-01-13,250000,Melbourne Victory FC,AUS1,,,,,,,,,True,
147670,Yeison Gordillo,2025-2026,2025-12-05,200000,Club Atlético Barracas Central,ARG1,,,,,,,,,True,
148219,Serge-Junior Ngouali,2025-2026,2025-11-19,175000,Idrottsföreningen  Brommapojkarna,SE1,,,,,,,,,True,
148545,Diego Zivulic,2025-2026,2025-12-19,250000,SC Oţelul Galaţi,RO1,,,,,,,,,True,
148713,Avilés Hurtado,2025-2026,2025-12-05,50000,Deportivo Cali,COL1,,,,,,,,,True,
148789,Sebastián Moyano,2025-2026,2025-12-17,150000,Club Atlético Aldosivi,ARG1,,,,,,,,,True,
148916,Evan Bush,2025-2026,2025-12-11,50000,Columbus Crew,MLS1,,,,,,,,,True,
149498,Gabriel Paulista,2025-2026,2025-12-17,700000,Beşiktaş Jimnastik Kulübü,TR1,Gabriel Paulista,2025-2026,2025-12-17,700000.0,Sport Club Corinthians Paulista,BRA1,0.0,0.0,True,
149738,Stefan Mugosa,2025-2026,2025-12-16,450000,Incheon United Football Club,RSK1,,,,,,,,,True,
149901,Tim Payne,2025-2026,2026-01-13,400000,Wellington Phoenix Football Club,AUS1,,,,,,,,,True,
151678,Robin Jansson,2025-2026,2025-12-11,500000,Orlando City Soccer Club,MLS1,,,,,,,,,True,
151791,Chul Hong,2025-2026,2025-12-16,275000,Gangwon Football Club,RSK1,,,,,,,,,True,
152253,Sang-gi Min,2025-2026,2025-12-16,225000,Gwangju Football Club,RSK1,,,,,,,,,True,
153172,Ali Abdullah Hazazi,2025-2026,2025-12-18,400000,Al-Qadsiah Saudi Football Club,SA1,,,,,,,,,True,
153306,Bartosz Kopacz,2025-2026,2025-12-08,200000,Zagłębie Lubin Spółka Akcyjna,PL1,,,,,,,,,True,
153350,Abdulaziz Al-Bishi,2025-2026,2025-12-18,325000,Al-Ittihad Football Club,SA1,,,,,,,,,True,
153638,Rafał Janicki,2025-2026,2025-12-08,300000,Klub Sportowy Górnik Zabrze Sportowa Spółka Akcyjna,PL1,,,,,,,,,True,
153678,Kingsley Schindler,2023-2024,2024-05-31,500000,,,Kingsley Schindler,2023-2024,2024-05-31,500000.0,Samsunspor,TR1,0.0,0.0,True,
154140,Fabio Varesi-Strauss,2025-2026,2025-12-22,200000,Fußballclub Blau-Weiß Linz,A1,,,,,,,,,True,
155126,Nikola Andric,2025-2026,2025-12-11,150000,Fudbalski Klub Mladost Lučani,SER1,,,,,,,,,True,
155487,Salman Al-Faraj,2025-2026,2025-12-18,250000,Neom Sports Club,SA1,,,,,,,,,True,
155555,Dan Peter Ulvestad,2025-2026,2025-12-15,100000,Kristiansund Ballklubb,NO1,,,,,,,,,True,
155563,Nemanja Jorgic,2025-2026,2025-12-11,25000,Fudbalski klub TSC Bačka Topola,SER1,,,,,,,,,True,
155604,Miloje Prekovic,2025-2026,2025-12-11,50000,Fudbalski Klub Novi Pazar,SER1,,,,,,,,,True,
156009,,2025-2026,2025-12-16,400000,,,,,,,,,,,True,
156561,Frank Fabra,2025-2026,2025-12-17,100000,Independiente Medellín,COL1,,,,,,,,,True,
156680,Hidajet Hankic,2025-2026,2025-12-16,250000,FK Rostov,RU1,,,,,,,,,True,
156710,Oliver Steurer,2025-2026,2025-12-22,400000,Sportvereinigung Ried 1912,A1,,,,,,,,,True,
156937,Johan Hammar,2025-2026,2025-11-19,400000,BK Häcken,SE1,,,,,,,,,True,
158106,Peter Michorl,2025-2026,2025-12-12,500000,APS Atromitos Athinon,GR1,,,,,,,,,True,
158327,Julio González,2025-2026,2025-12-29,500000,Club de Futbol Puebla de La Franja,MEX1,,,,,,,,,True,
159139,Philipp Wiesinger,2025-2026,2025-12-22,500000,Fußballklub Austria Wien,A1,,,,,,,,,True,
160614,Josh Risdon,2025-2026,2026-01-13,250000,Perth Glory Football Club,AUS1,,,,,,,,,True,
160700,Ángel Sepúlveda,2025-2026,2025-12-29,600000,Club Deportivo Guadalajara S. A. de C. V.,MEX1,,,,,,,,,True,
160740,Ben Halloran,2025-2026,2026-01-13,250000,Brisbane Roar FC,AUS1,,,,,,,,,True,
161037,Cristian Nedelcovici,2025-2026,2025-12-19,50000,Fotbal Club Metaloglobus București SA,RO1,,,,,,,,,True,
161671,Aníbal Godoy,2025-2026,2025-12-11,100000,San Diego Football Club,MLS1,,,,,,,,,True,
162883,Eduardo Sasha,2025-2026,2026-03-12,1000000,Red Bull Bragantino,BRA1,,,,,,,,,True,
162985,Petar Bojic,2025-2026,2025-12-11,125000,Fudbalski Klub Mladost Lučani,SER1,,,,,,,,,True,
163743,Jérémy Manzorro,2025-2026,2025-10-21,75000,Fudbalski Klub IMT Novi Beograd,SER1,,,,,,,,,True,
163990,Bit-garam Yoon,2025-2026,2025-12-16,400000,Bucheon Football Club 1995,RSK1,,,,,,,,,True,
164142,Lukas Gugganig,2025-2026,2025-12-22,200000,Sportclub Rheindorf Altach,A1,,,,,,,,,True,
164251,Kei Ishikawa,2025-2026,2025-12-15,50000,S-Pulse,JAP1,,,,,,,,,True,
164264,Ryota Oshima,2025-2026,2025-12-15,125000,Kawasaki Frontale,JAP1,,,,,,,,,True,
164593,Abdulrahman Ghareeb,2025-2026,2025-12-18,1200000,Al-Nassr Football Club,SA1,,,,,,,,,True,
164594,Yousef Al-Shammari,2025-2026,2025-12-18,75000,Al-Hazem Sport Club,SA1,,,,,,,,,True,
164749,Javier Güemez,2025-2026,2026-03-26,500000,Club Santos Laguna S. A. de C. V.,MEX1,,,,,,,,,True,
165361,Yimmi Chará,2025-2026,2025-12-05,350000,Junior FC,COL1,,,,,,,,,True,
165435,Thomas Castella,2025-2026,2025-12-29,100000,Football Club Lausanne-Sport,C1,,,,,,,,,True,
165532,Yanick Brecher,2025-2026,2026-03-17,200000,FC Zürich,C1,,,,,,,,,True,
165778,Hiroki Akino,2025-2026,2025-12-15,275000,Avispa Fukuoka,JAP1,,,,,,,,,True,
165784,Takuya Iwanami,2025-2026,2025-12-15,200000,Rakuten Vissel Kobe,JAP1,,,,,,,,,True,
165801,Kyohei Yoshino,2025-2026,2025-12-15,375000,Cerezo Osaka,JAP1,,,,,,,,,True,
166032,Marllon,2025-2026,2025-12-10,400000,Ceará Sporting Club,BRA1,,,,,,,,,True,
166078,Emiliano Tade,2025-2026,2025-12-16,100000,Auckland Football Club,AUS1,,,,,,,,,True,
166679,Jordi Quintillà,2025-2026,2025-12-29,200000,FC St. Gallen 1879,C1,,,,,,,,,True,
168278,David Lazar,2025-2026,2025-12-19,200000,Asociația Fotbal Club Hermannstadt,RO1,,,,,,,,,True,
168417,Martin Kralik,2025-2026,2025-12-22,300000,"FK Mladá Boleslav, a.s.",TS1,,,,,,,,,True,
168427,Dawid Abramowicz,2025-2026,2025-12-08,100000,Morski Związkowy Klub Sportowy Arka Gdynia Spółka Akcyjna,PL1,,,,,,,,,True,
168968,Nikola Cirkovic,2025-2026,2025-12-11,125000,Fudbalski Klub Mladost Lučani,SER1,,,,,,,,,True,
169268,Milan Radin,2025-2026,2025-12-11,100000,Fudbalski klub TSC Bačka Topola,SER1,,,,,,,,,True,
170100,Diego Fagúndez,2025-2026,2025-12-11,1500000,New England Revolution,MLS1,,,,,,,,,True,
170506,Julien Lopez,2025-2026,2025-12-15,200000,Paris Football Club,FR1,,,,,,,,,True,
170854,Sebastien Ibeagha,2025-2026,2025-12-11,300000,FC Dallas,MLS1,,,,,,,,,True,
171159,Leo Stulac,2025-2026,2025-12-11,400000,FC Empoli,IT1,Leo Stulac,2022-2023,2023-06-12,1000000.0,NK Istra 1961,KR1,600000.0,1.5,True,
171418,Ryosuke Yamanaka,2025-2026,2025-12-15,150000,Nagoya Grampus Eight,JAP1,,,,,,,,,True,
171593,Lucas Rodríguez,2025-2026,2025-12-17,250000,Club Atlético Aldosivi,ARG1,,,,,,,,,True,
171770,Denis Rusu,2025-2026,2025-12-19,100000,Asociația Fotbal Club Unirea 04 Slobozia,RO1,,,,,,,,,True,
171915,Yasser Al-Shahrani,2025-2026,2025-12-18,650000,Al-Qadsiah Saudi Football Club,SA1,,,,,,,,,True,
172300,Baldomero Perlaza,2025-2026,2025-12-05,350000,Independiente Medellín,COL1,,,,,,,,,True,
172323,Cameron Howieson,2025-2026,2026-01-13,300000,Auckland Football Club,AUS1,,,,,,,,,True,
172678,Mustafa Malayekah,2025-2026,2025-12-18,50000,Neom Sports Club,SA1,,,,,,,,,True,
172874,Krzysztof Kamiński,2025-2026,2025-12-08,100000,Morski Klub Sportowy Pogoń Szczecin,PL1,,,,,,,,,True,
173491,Joel Pohjanpalo,2022-2023,2023-06-12,3500000,Palermo FC,IT1,Joel Pohjanpalo,2022-2023,2023-06-12,3500000.0,Venezia FC,IT1,0.0,0.0,True,Serie A
174522,Erik Janza,2025-2026,2025-12-08,500000,Klub Sportowy Górnik Zabrze Sportowa Spółka Akcyjna,PL1,,,,,,,,,True,
174915,Islam Slimani,2025-2026,2025-12-19,400000,Fotbal Club CFR 1907 Cluj SA,RO1,Islam Slimani,2025-2026,2025-12-19,400000.0,Koninklijke Voetbal Club Westerlo,BE1,0.0,0.0,True,Belgian Pro League
175014,Youcef Belaïli,2022-2023,2023-06-27,1500000,,,Youcef Belaïli,2022-2023,2023-06-27,1500000.0,AC Ajaccio,FR1,0.0,0.0,True,Ligue 1
175445,Unai Bilbao,2025-2026,2026-03-26,1500000,Club Tijuana Xoloitzcuintles de Caliente,MEX1,,,,,,,,,True,
175549,Kazuki Kushibiki,2025-2026,2025-12-15,200000,V-Varen Nagasaki,JAP1,,,,,,,,,True,
175615,Joe Willis,2025-2026,2025-12-11,175000,Nashville SC,MLS1,,,,,,,,,True,
175699,Storm Roux,2025-2026,2026-01-13,250000,Central Coast Mariners Football Club,AUS1,,,,,,,,,True,
175947,Michal Nalepa,2025-2026,2025-12-08,200000,Zagłębie Lubin Spółka Akcyjna,PL1,,,,,,,,,True,
176423,Jesús Imaz,2025-2026,2025-12-08,400000,Jagiellonia-Bialystok Sportowa Spólka Akcyjna,PL1,,,,,,,,,True,
176927,Felipe Mora,2025-2026,2025-12-11,2000000,Portland Timbers,MLS1,,,,,,,,,True,
177131,Hayato Nakama,2025-2026,2025-12-15,300000,Hitachi Kashiwa Reysol,JAP1,,,,,,,,,True,
177521,Tsukasa Shiotani,2025-2026,2025-12-15,200000,Sanfrecce Hiroshima,JAP1,,,,,,,,,True,
177661,Alexandru Țigănașu,2025-2026,2025-12-19,100000,Asociația Fotbal Club Botoșani,RO1,,,,,,,,,True,
177775,Mitchell Duke,2025-2026,2025-12-15,275000,Macarthur South West Sydney (A-League),AUS1,,,,,,,,,True,
177956,Ahmed Al-Kassar,2025-2026,2025-12-18,175000,Al-Qadsiah Saudi Football Club,SA1,,,,,,,,,True,
178118,Diego Novoa,2025-2026,2025-12-05,100000,Millonarios FC,COL1,,,,,,,,,True,
178467,Jan Mikula,2025-2026,2025-12-22,175000,FC Slovan Liberec,TS1,,,,,,,,,True,
178918,Vidar Ari Jónsson,2025-2026,2025-12-15,200000,Hamarkameratene,NO1,,,,,,,,,True,
178984,Luan,2025-2026,2025-12-29,1300000,"Deportivo Toluca Futbol Club, S. A. de C. V.",MEX1,,,,,,,,,True,
179860,Andraz Sporar,2025-2026,2025-12-19,1500000,,,Andraz Sporar,2025-2026,2025-12-19,1500000.0,Panathinaikos Athlitikos Omilos,GR1,0.0,0.0,True,
179894,Marko Malenica,2025-2026,2025-12-22,300000,NK Osijek s.d.d.,KR1,,,,,,,,,True,
179895,Josip Elez,2025-2026,2025-10-21,250000,HNK Hajduk Split,KR1,Josip Elez,2022-2023,2023-06-06,850000.0,HNK Vukovar 1991,KR1,600000.0,2.4,True,
180064,Fredrik Sjølstad,2025-2026,2025-12-15,300000,Hamarkameratene,NO1,,,,,,,,,True,
180090,Nikola Boranijasevic,2025-2026,2025-12-11,150000,Fudbalski Klub Mladost Lučani,SER1,,,,,,,,,True,
180579,Kee-hee Kim,2025-2026,2025-12-11,150000,Seattle Sounders FC,MLS1,,,,,,,,,True,
180771,Ji-ho Han,2025-2026,2025-12-16,100000,Bucheon Football Club 1995,RSK1,,,,,,,,,True,
181410,Jure Balkovec,2023-2024,2024-05-31,1200000,,,Jure Balkovec,2023-2024,2024-05-31,1200000.0,Alanyaspor,TR1,0.0,0.0,True,
181611,Dominik Holec,2025-2026,2026-03-24,400000,Gliwicki Klub Sportowy Piast Spółka Akcyjna,PL1,,,,,,,,,True,
181612,Tomas Huk,2025-2026,2025-12-22,400000,1. FC Slovácko,TS1,,,,,,,,,True,
181614,Ondrej Karafiat,2025-2026,2025-12-16,500000,"FK Mladá Boleslav, a.s.",TS1,,,,,,,,,True,
181690,Shota Arai,2025-2026,2025-12-15,75000,Rakuten Vissel Kobe,JAP1,,,,,,,,,True,
181706,Lorenzo Faravelli,2025-2026,2025-12-29,1500000,Impulsora del Deportivo Necaxa S.A. de C.V.,MEX1,,,,,,,,,True,
181780,Rodrigo Dourado,2025-2026,2025-12-29,2500000,Club de Futbol América S. A. de C. V.,MEX1,,,,,,,,,True,
181985,Veton Berisha,2025-2026,2025-12-15,700000,Viking Fotballklubb,NO1,,,,,,,,,True,
182122,Didier Moreno,2025-2026,2025-12-05,400000,Independiente Medellín,COL1,,,,,,,,,True,
182185,Milan Rundic,2025-2026,2025-12-22,125000,1. FC Slovácko,TS1,,,,,,,,,True,
182374,Uros Ljubomirac,2025-2026,2025-12-11,50000,Fudbalski Klub Mladost Lučani,SER1,,,,,,,,,True,
182907,Paul Marie,2025-2026,2025-11-25,400000,San Jose Earthquakes,MLS1,,,,,,,,,True,
183292,Svend Brodersen,2025-2026,2025-12-15,850000,Kawasaki Frontale,JAP1,,,,,,,,,True,
183312,Olivier Custodio,2025-2026,2025-12-29,400000,Football Club Lausanne-Sport,C1,,,,,,,,,True,
183337,Jimmy Maurer,2025-2026,2025-12-11,100000,Houston Dynamo,MLS1,,,,,,,,,True,
183348,Marko Kolaković,2025-2026,2026-03-26,150000,Fudbalski Klub Javor Matis Ivanjica,SER1,,,,,,,,,True,
183718,Øystein Øvretveit,2025-2026,2025-12-15,100000,Fredrikstad Fotballklubb,NO1,,,,,,,,,True,
184491,Naïm Sliti,2023-2024,2023-11-27,4500000,,,Naïm Sliti,2023-2024,2023-11-27,4500000.0,Dijon FCO,FR1,0.0,0.0,True,Ligue 1
184526,Darijan Bojanic,2025-2026,2025-12-16,800000,Ulsan Hyundai Football Club,RSK1,,,,,,,,,True,
184745,Alexander Lundin,2025-2026,2025-11-19,100000,Mjällby Almänna Idrottsförening,SE1,,,,,,,,,True,
185012,Arturo González,2025-2026,2025-12-29,2200000,Club de Futbol Rojinegros S.A. de C.V.,MEX1,,,,,,,,,True,
185114,Brian Kaltak,2025-2026,2026-01-13,400000,Perth Glory Football Club,AUS1,,,,,,,,,True,
185246,Daniel Giraldo,2025-2026,2025-12-10,350000,Deportivo Cali,COL1,,,,,,,,,True,
185636,Jakob Glesnes,2025-2026,2025-12-11,3000000,Los Angeles Galaxy,MLS1,,,,,,,,,True,
186239,Fabricio Pedrozo,2025-2026,2025-12-12,175000,APO Levadiakos Football Club,GR1,,,,,,,,,True,
186365,Sascha Horvath,2025-2026,2025-12-22,1800000,Linzer Athletik-Sport-Klub,A1,,,,,,,,,True,
186374,Alexander Schlager,2025-2026,2025-12-22,2500000,Fußballclub Red Bull Salzburg,A1,,,,,,,,,True,
186379,Lukas Cmelik,2025-2026,2025-12-22,150000,FC Hradec Králové a.s.,TS1,,,,,,,,,True,
186647,Sime Grzan,2025-2026,2026-01-13,200000,Macarthur South West Sydney (A-League),AUS1,,,,,,,,,True,
186741,Alin Roman,2025-2026,2025-12-19,600000,Asociația Fotbal Club UTA Arad,RO1,,,,,,,,,True,
186744,,2025-2026,2025-12-19,250000,,,,,,,,,,,True,
187951,Riyadh Sharahili,2025-2026,2025-12-18,175000,Damac Football Club,SA1,,,,,,,,,True,
188113,Tatsuki Nara,2025-2026,2025-12-15,375000,Avispa Fukuoka,JAP1,,,,,,,,,True,
188212,August Wängberg,2025-2026,2025-11-19,500000,GAIS,SE1,,,,,,,,,True,
188335,Marko Bakic,2025-2026,2025-12-08,500000,,,Marko Bakic,2025-2026,2025-12-08,500000.0,Omilos Filathlon Irakliou FC,GR1,0.0,0.0,True,
188491,Francisco Meza,2025-2026,2026-03-17,100000,Llaneros FC,COL1,,,,,,,,,True,
188881,Osman Hadzikic,2025-2026,2025-12-22,400000,NK Slaven Belupo Koprivnica,KR1,,,,,,,,,True,
188907,Takuya Kida,2025-2026,2025-12-15,700000,Yokohama Marinos,JAP1,,,,,,,,,True,
188908,Masaya Matsumoto,2025-2026,2025-12-15,600000,Fagiano Okayama Sports Club,JAP1,,,,,,,,,True,
188910,Sei Muroya,2025-2026,2025-12-15,400000,Tokyo Football Club,JAP1,,,,,,,,,True,
188912,Ayumi Niekawa,2025-2026,2025-12-15,100000,Urawa Red Diamonds,JAP1,,,,,,,,,True,
188930,Danijel Petkovic,2022-2023,2023-06-07,400000,,,Danijel Petkovic,2022-2023,2023-06-07,400000.0,Angers Sporting Club de l'Ouest,FR1,0.0,0.0,True,Ligue 1
189014,Maxime Crépeau,2025-2026,2025-12-11,2500000,Orlando City Soccer Club,MLS1,,,,,,,,,True,
189019,Samuel Piette,2025-2026,2025-12-11,800000,Club de Foot Montréal,MLS1,,,,,,,,,True,
189390,Jefferson Mena,2025-2026,2025-12-05,50000,Atlético Bucaramanga,COL1,,,,,,,,,True,
189393,Andrés Correa,2025-2026,2025-12-05,350000,Deportivo Cali,COL1,,,,,,,,,True,
189418,Martín Benítez,2025-2026,2025-11-24,500000,Club Atlético Tucumán,ARG1,,,,,,,,,True,
189425,Guillermo de Amores,2025-2026,2025-12-05,200000,Millonarios FC,COL1,,,,,,,,,True,
189448,Juan Gabriel Rodríguez,2025-2026,2025-12-17,450000,Club Atlético Talleres,ARG1,,,,,,,,,True,
189630,Ondrej Kolar,2025-2026,2025-12-22,100000,"SK Slavia Praha, a.s.",TS1,,,,,,,,,True,
189772,Alvas Powell,2025-2026,2025-12-11,400000,Football Club Cincinnati,MLS1,,,,,,,,,True,
189876,Paul Arriola,2025-2026,2025-12-11,3000000,Seattle Sounders FC,MLS1,,,,,,,,,True,
189895,Kellyn Acosta,2025-2026,2025-12-11,1200000,Morski Klub Sportowy Pogoń Szczecin,PL1,,,,,,,,,True,
189912,Thomas Goiginger,2025-2026,2025-12-22,300000,Fußballclub Blau-Weiß Linz,A1,,,,,,,,,True,
190687,Joshua Smits,2025-2026,2026-01-13,375000,Willem II Tilburg,NL1,Joshua Smits,2025-2026,2026-01-13,375000.0,Adelaide United Football Club,AUS1,0.0,0.0,True,
190756,Juan Ramírez,2025-2026,2025-12-17,225000,Club Atlético Boca Juniors,ARG1,,,,,,,,,True,
190836,Juan Carlos Pereira,2025-2026,2026-03-17,150000,Millonarios FC,COL1,,,,,,,,,True,
191407,Oussama Haddadi,2022-2023,2023-06-28,700000,,,Oussama Haddadi,2022-2023,2023-06-28,700000.0,Yeni Malatyaspor,TR1,0.0,0.0,True,
191486,Benjamin Kololli,2025-2026,2025-12-29,100000,FC Sion,C1,,,,,,,,,True,
191903,Ferjani Sassi,2023-2024,2023-11-27,1500000,,,Ferjani Sassi,2023-2024,2023-11-27,1500000.0,Football Club de Metz,FR1,0.0,0.0,True,Ligue 1
192166,Pius Dorn,2025-2026,2025-12-29,700000,FC Luzern,C1,,,,,,,,,True,
192710,Vladislavs Gutkovskis,2025-2026,2025-12-16,400000,Morski Związkowy Klub Sportowy Arka Gdynia Spółka Akcyjna,PL1,,,,,,,,,True,
193150,Mohammed Al-Fatil,2025-2026,2025-10-21,100000,Al-Najma Sport Club,SA1,,,,,,,,,True,
193159,Abdullah Otayf,2025-2026,2025-12-18,150000,Al-Ahli Saudi Football Club,SA1,,,,,,,,,True,
193217,Damjan Siskovski,2022-2023,2023-05-31,350000,,,Damjan Siskovski,2022-2023,2023-05-31,350000.0,Koninklijke Atletiek Associatie Gent,BE1,0.0,0.0,True,Belgian Pro League
193724,Vito Hammershöy-Mistrati,2022-2023,2023-06-27,600000,Randers Fodbold Club,DK1,Vito Hammershöy-Mistrati,2022-2023,2023-06-27,600000.0,IFK Norrköping,SE1,0.0,0.0,True,
194139,Fabian Hiszpański,2025-2026,2025-12-08,75000,Wisła Płock Spółka Akcyjna,PL1,,,,,,,,,True,
194386,Alex Cairns,2025-2026,2025-12-09,75000,Leeds United Association Football Club,GB1,,,,,,,,,True,
194457,Christoph Nicht,2025-2026,2025-12-22,100000,Grazer Athletiksport Klub 1902,A1,,,,,,,,,True,
194562,David Puskac,2025-2026,2026-03-24,200000,FK Jablonec a.s.,TS1,,,,,,,,,True,
194736,Nicolas Wimmer,2025-2026,2025-12-22,800000,RZ Pellets Wolfsberger Athletiksport Club,A1,,,,,,,,,True,
195741,Daniel Maderner,2025-2026,2025-12-22,350000,Grazer Athletiksport Klub 1902,A1,,,,,,,,,True,
195745,,2025-2026,2025-12-22,250000,,,,,,,,,,,True,
195911,João Oliveira,2025-2026,2026-03-26,200000,Morski Związkowy Klub Sportowy Arka Gdynia Spółka Akcyjna,PL1,,,,,,,,,True,
196077,Fabian Herbers,2025-2026,2025-12-11,700000,Club de Foot Montréal,MLS1,,,,,,,,,True,
196537,Marko Zivkovic,2025-2026,2025-09-16,50000,Fudbalski Klub Partizan Beograd,SER1,,,,,,,,,True,
196782,Jonathan Scherzer,2025-2026,2025-12-22,200000,Sportvereinigung Ried 1912,A1,,,,,,,,,True,
196792,Julian Weigl,2025-2026,2025-12-18,5000000,Borussia Verein für Leibesübungen 1900 Mönchengladbach,L1,Julian Weigl,2025-2026,2025-12-18,5000000.0,Al-Qadsiah Saudi Football Club,SA1,0.0,0.0,True,
196946,Stefan Bukorac,2025-2026,2025-12-11,125000,Fudbalski klub Napredak Kruševac,SER1,,,,,,,,,True,
197043,Patrick Greil,2025-2026,2025-12-22,600000,Sportclub Rheindorf Altach,A1,,,,,,,,,True,
197500,Ryota Suzuki,2025-2026,2025-12-15,100000,JEF United,JAP1,,,,,,,,,True,
197881,Irfan Hadzic,2025-2026,2025-12-11,150000,Fudbalski Klub Mladost Lučani,SER1,,,,,,,,,True,
198053,Lazar Rosic,2025-2026,2026-03-06,300000,Moreirense Futebol Clube,PO1,Lazar Rosic,2022-2023,2023-05-31,600000.0,Athlitiki Enosi Larisas,GR1,300000.0,1.0,True,
198135,Takayuki Mae,2025-2026,2025-12-15,225000,JEF United,JAP1,,,,,,,,,True,
198250,Samuel Xavier,2025-2026,2025-12-10,250000,Fluminense Football Club,BRA1,,,,,,,,,True,
198603,Daniel Holzer,2025-2026,2026-03-24,325000,FC Baník Ostrava a.s.,TS1,,,,,,,,,True,
198607,Lukas Hulka,2025-2026,2025-12-22,350000,"Bohemians Praha 1905, a.s.",TS1,,,,,,,,,True,
198612,Jakub Siman,2024-2025,2025-04-01,10000,"Bohemians Praha 1905, a.s.",TS1,,,,,,,,,True,
198617,Jan Vondra,2025-2026,2025-12-22,200000,"Bohemians Praha 1905, a.s.",TS1,,,,,,,,,True,
198722,Zach Muscat,2023-2024,2024-06-06,400000,SC Farense,PO1,Zach Muscat,2023-2024,2024-06-06,400000.0,GD Chaves,PO1,0.0,0.0,True,Liga Portugal
198981,Matvei Igonen,2025-2026,2026-03-30,450000,Degerfors IF,SE1,,,,,,,,,True,
198988,Märten Kuusk,2025-2026,2025-12-08,300000,GKS GieKSa Katowice Spółka Akcyjna,PL1,,,,,,,,,True,
199559,Wil Trapp,2025-2026,2025-12-11,600000,Minnesota United FC,MLS1,,,,,,,,,True,
200495,Ofri Arad,2025-2026,2025-11-06,1200000,SC Fotbal Club FCSB SA,RO1,,,,,,,,,True,
201193,Dominik Kun,2025-2026,2025-12-08,300000,Wisła Płock Spółka Akcyjna,PL1,,,,,,,,,True,
201379,Hattan Bahebri,2025-2026,2025-12-18,400000,Al-Taawoun Football Club,SA1,,,,,,,,,True,
201731,Lukas Wedl,2025-2026,2025-12-22,75000,Fußballklub Austria Wien,A1,,,,,,,,,True,
201792,Élber,2025-2026,2025-12-15,700000,Kashima Antlers FC,JAP1,,,,,,,,,True,
201865,Ulrik Saltnes,2025-2026,2025-12-15,700000,Fotballklubben Bodø/Glimt,NO1,,,,,,,,,True,
202800,Alexandru Benga,2025-2026,2025-12-19,100000,Asociația Fotbal Club UTA Arad,RO1,,,,,,,,,True,
202883,Paul Digby,2025-2026,2026-03-05,150000,Dundee Football Club,SC1,,,,,,,,,True,
202959,Neto Volpi,2025-2026,2025-12-05,250000,Deportes Tolima,COL1,,,,,,,,,True,
203059,Florin Purece,2025-2026,2025-12-19,175000,Fotbal Club Metaloglobus București SA,RO1,,,,,,,,,True,
203089,George Gavrilaș,2025-2026,2025-12-19,100000,Fotbal Club Metaloglobus București SA,RO1,,,,,,,,,True,
203124,David von Ballmoos,2025-2026,2026-03-17,600000,FC Lugano,C1,,,,,,,,,True,
203125,Gregory Wüthrich,2025-2026,2026-03-17,2000000,Berner Sport Club Young Boys,C1,,,,,,,,,True,
203138,Julián Quiñónes,2025-2026,2025-12-05,50000,Deportivo Cali,COL1,,,,,,,,,True,
203498,Steve Furtado,2025-2026,2025-12-19,350000,F.C.V. Farul Constanța SA,RO1,,,,,,,,,True,
203659,Eirik Schulze,2025-2026,2025-12-15,200000,Idrettsklubben Start,NO1,,,,,,,,,True,
203908,Tomoya Inukai,2025-2026,2025-12-15,350000,Hitachi Kashiwa Reysol,JAP1,,,,,,,,,True,
204294,Saman Ghoddos,2023-2024,2024-05-27,2000000,,,Saman Ghoddos,2023-2024,2024-05-27,2000000.0,Brentford Football Club,GB1,0.0,0.0,True,Premier League
204409,Jonathan Rasheed,2025-2026,2025-12-08,50000,Idrottsföreningen Kamraterna Göteborg,SE1,,,,,,,,,True,
204659,Isnik Alimi,2023-2024,2023-09-28,800000,,,Isnik Alimi,2023-2024,2023-09-28,800000.0,Atalanta Bergamasca Calcio S.p.a.,IT1,0.0,0.0,True,Serie A
205041,Everaldo,2025-2026,2025-12-10,400000,Esporte Clube Bahia,BRA1,,,,,,,,,True,
205217,Lukas Graf,2025-2026,2025-12-22,200000,Grazer Athletiksport Klub 1902,A1,,,,,,,,,True,
205364,Mergim Krasniqi,2025-2026,2025-11-19,300000,GAIS,SE1,,,,,,,,,True,
205436,Sebastian Ohlsson,2025-2026,2025-11-19,150000,Degerfors IF,SE1,,,,,,,,,True,
205586,Tokmac Chol Nguen,2025-2026,2025-11-19,1000000,Djurgårdens Idrottsförening,SE1,,,,,,,,,True,
205700,Fredrik Andersson,2025-2026,2025-11-19,100000,Idrottsföreningen Kamraterna Göteborg,SE1,,,,,,,,,True,
205901,Jakov Biljan,2025-2026,2025-12-22,50000,HNK Vukovar 1991,KR1,,,,,,,,,True,
205929,Luka Lucic,2025-2026,2026-03-26,300000,Zagłębie Lubin Spółka Akcyjna,PL1,,,,,,,,,True,
206906,Dominik Baumgartner,2025-2026,2025-12-22,800000,RZ Pellets Wolfsberger Athletiksport Club,A1,,,,,,,,,True,
206939,Mario Marina,2025-2026,2025-12-22,100000,NK Varazdin,KR1,,,,,,,,,True,
207025,Ante Majstorovic,2025-2026,2025-12-22,500000,Hrvatski Nogometni Klub Rijeka,KR1,,,,,,,,,True,
207061,Francis de Vries,2025-2026,2026-01-13,600000,Auckland Football Club,AUS1,,,,,,,,,True,
207446,Antônio Carlos,2025-2026,2025-12-11,600000,Houston Dynamo,MLS1,,,,,,,,,True,
207593,Prince Owusu,2025-2026,2025-12-11,3000000,Club de Foot Montréal,MLS1,,,,,,,,,True,
208172,Mateusz Wieteska,2025-2026,2026-03-05,1200000,Kocaelispor Kulübü,TR1,Mateusz Wieteska,2025-2026,2025-12-17,1500000.0,Cagliari Calcio,IT1,300000.0,0.25,True,Serie A
208441,Arkadiusz Jędrych,2025-2026,2025-12-08,200000,GKS GieKSa Katowice Spółka Akcyjna,PL1,,,,,,,,,True,
208828,,2025-2026,2025-12-19,700000,,,,,,,,,,,True,
208880,Amor Layouni,2025-2026,2025-11-19,650000,BK Häcken,SE1,,,,,,,,,True,
209063,Marius Briceag,2025-2026,2025-12-19,175000,Asociația Clubul Sportiv Campionii Fotbal Club Argeș,RO1,,,,,,,,,True,
209499,Ahmed Asiri,2025-2026,2025-12-18,75000,Al-Khaleej Club (Saihat),SA1,,,,,,,,,True,
209515,Majed Kanabah,2025-2026,2025-12-18,125000,Al-Khaleej Club (Saihat),SA1,,,,,,,,,True,
209808,Haruya Ide,2025-2026,2025-12-15,350000,Rakuten Vissel Kobe,JAP1,,,,,,,,,True,
210059,Mihai Bordeianu,2025-2026,2025-12-19,250000,Asociația Fotbal Club Botoșani,RO1,,,,,,,,,True,
210127,Ibrahim Zaied,2025-2026,2025-12-18,175000,Al-Hazem Sport Club,SA1,,,,,,,,,True,
210349,Sultan Mandash,2025-2026,2025-12-18,400000,Al-Hilal Saudi Football Club,SA1,,,,,,,,,True,
211391,Harold Rivera,2025-2026,2025-12-05,100000,Junior FC,COL1,,,,,,,,,True,
211399,Ánderson Plata,2025-2026,2025-12-05,50000,Deportivo Pereira,COL1,,,,,,,,,True,
212115,Riki Harakawa,2025-2026,2025-12-15,350000,Hitachi Kashiwa Reysol,JAP1,,,,,,,,,True,
212120,Yuji Takahashi,2025-2026,2025-12-15,300000,S-Pulse,JAP1,,,,,,,,,True,
212209,Renê,2025-2026,2025-12-10,500000,Fluminense Football Club,BRA1,,,,,,,,,True,
212275,Yuichi Maruyama,2025-2026,2025-12-15,100000,Kawasaki Frontale,JAP1,,,,,,,,,True,
212333,Rene Renner,2025-2026,2025-12-22,350000,RZ Pellets Wolfsberger Athletiksport Club,A1,,,,,,,,,True,
212697,Jorge Arias,2025-2026,2025-12-05,350000,Millonarios FC,COL1,,,,,,,,,True,
212699,Stiven Barreiro,2025-2026,2025-12-29,2000000,Club León Fútbol Club,MEX1,,,,,,,,,True,
212806,Sergiu Hanca,2025-2026,2025-12-19,150000,Fotbal Club Petrolul Ploiești,RO1,,,,,,,,,True,
213195,Nicușor Bancu,2025-2026,2025-12-19,1000000,U Craiova 1948 Club Sportiv SA,RO1,,,,,,,,,True,
213249,Sho Sasaki,2025-2026,2025-12-15,250000,Sanfrecce Hiroshima,JAP1,,,,,,,,,True,
213257,Saeed Al-Rubaie,2025-2026,2025-12-18,200000,Al-Okhdood Club,SA1,,,,,,,,,True,
213488,Ryohei Shirasaki,2025-2026,2025-12-15,300000,Zelvia,JAP1,,,,,,,,,True,
213528,Leonardo Pico,2025-2026,2025-12-05,150000,Fortaleza CEIF,COL1,,,,,,,,,True,
213606,Gabriel,2025-2026,2025-12-10,1000000,Red Bull Bragantino,BRA1,,,,,,,,,True,
213846,Islambek Kuat,2023-2024,2023-11-15,500000,,,Islambek Kuat,2023-2024,2023-11-15,500000.0,FC Khimki (-2025),RU1,0.0,0.0,True,
214144,Wanderson,2025-2026,2025-12-16,150000,Football Club Pohang Steelers,RSK1,,,,,,,,,True,
214269,Bryan Urueña,2025-2026,2025-12-05,225000,Rionegro Águilas,COL1,,,,,,,,,True,
215038,Uros Nikolic,2025-2026,2025-12-11,250000,Fudbalski Klub Vojvodina,SER1,,,,,,,,,True,
215473,William Yarbrough,2025-2026,2025-12-11,75000,Toronto FC,MLS1,,,,,,,,,True,
215644,Josip Corluka,2025-2026,2025-12-08,350000,Zagłębie Lubin Spółka Akcyjna,PL1,,,,,,,,,True,
216148,Per Frick,2025-2026,2025-11-19,175000,Idrottsföreningen Elfsborg,SE1,,,,,,,,,True,
216160,Malkolm Nilsson Säfqvist,2025-2026,2026-03-30,225000,Djurgårdens Idrottsförening,SE1,,,,,,,,,True,
216278,Tomas Holes,2025-2026,2026-03-24,1200000,"SK Slavia Praha, a.s.",TS1,,,,,,,,,True,
216660,Alexandru Buzbuchi,2025-2026,2026-03-27,600000,F.C.V. Farul Constanța SA,RO1,,,,,,,,,True,
216661,Alexandru Crețu,2025-2026,2025-12-19,450000,U Craiova 1948 Club Sportiv SA,RO1,,,,,,,,,True,
216683,Fafà Picault,2025-2026,2025-12-11,300000,Atlanta United Football Club,MLS1,,,,,,,,,True,
216701,Jung-hyun Kim,2025-2026,2025-12-16,275000,Football Club Anyang,RSK1,,,,,,,,,True,
216730,Jonatan Galván,2025-2026,2025-12-17,350000,Instituto Atlético Central Córdoba,ARG1,,,,,,,,,True,
217154,Damià Sabater,2025-2026,2025-12-19,250000,Fotbal Club Metaloglobus București SA,RO1,,,,,,,,,True,
217345,Se-jong Ju,2025-2026,2025-12-16,225000,Gwangju Football Club,RSK1,,,,,,,,,True,
217357,Sebastian Ohlsson,2025-2026,2025-11-19,300000,Degerfors IF,SE1,,,,,,,,,True,
217474,Young-kyu Ahn,2025-2026,2025-12-16,200000,Gwangju Football Club,RSK1,,,,,,,,,True,
217485,Woon Jeong,2025-2026,2025-12-16,175000,Jeju SK Football Club,RSK1,,,,,,,,,True,
217569,Myung-joo Lee,2025-2026,2025-12-16,300000,Incheon United Football Club,RSK1,,,,,,,,,True,
217709,Boris Sekulic,2025-2026,2025-12-11,100000,Železničar Pančevo,SER1,,,,,,,,,True,
217751,Jakov Puljic,2025-2026,2025-12-22,250000,HNK Vukovar 1991,KR1,,,,,,,,,True,
218119,Matheus,2025-2026,2025-12-15,400000,Tokyo Verdy,JAP1,,,,,,,,,True,
218138,Eduardo,2025-2026,2025-12-15,400000,V-Varen Nagasaki,JAP1,,,,,,,,,True,
218278,Amahl Pellegrino,2025-2026,2025-12-11,300000,San Diego Football Club,MLS1,,,,,,,,,True,
218371,Brandon O'Neill,2025-2026,2026-01-13,200000,Perth Glory Football Club,AUS1,,,,,,,,,True,
219835,Alex Santana,2025-2026,2025-12-10,1200000,Sport Club Corinthians Paulista,BRA1,,,,,,,,,True,
220590,Jesper Jonasson Westermark,2025-2026,2025-11-19,200000,Halmstads BK,SE1,,,,,,,,,True,
220647,Pol Fernández,2025-2026,2025-12-17,600000,Club Atlético Rosario Central,ARG1,,,,,,,,,True,
220688,Omar Al-Somah,2025-2026,2025-12-18,500000,Al-Hazem Sport Club,SA1,,,,,,,,,True,
220816,Ovidiu Bic,2025-2026,2025-12-19,1000000,Asociația Sportivă Fotbal Club Universitatea Cluj,RO1,,,,,,,,,True,
221074,Marcus Haglind-Sangré,2025-2026,2025-12-08,450000,Wisła Płock Spółka Akcyjna,PL1,,,,,,,,,True,
221289,Vojtech Vorel,2025-2026,2026-03-24,250000,"FK Mladá Boleslav, a.s.",TS1,,,,,,,,,True,
221495,Shuhei Matsubara,2025-2026,2025-12-15,100000,Football Club Mito HollyHock,JAP1,,,,,,,,,True,
221639,Stefan Milosevic,2025-2026,2025-12-11,250000,Fudbalski Klub Javor Matis Ivanjica,SER1,,,,,,,,,True,
221713,James Donachie,2025-2026,2026-01-13,225000,Central Coast Mariners Football Club,AUS1,,,,,,,,,True,
221805,Ignacio Rivero,2025-2026,2026-03-26,1500000,Club Tijuana Xoloitzcuintles de Caliente,MEX1,,,,,,,,,True,
221969,Yusuke Kobayashi,2025-2026,2025-12-15,150000,JEF United,JAP1,,,,,,,,,True,
222010,Jesús Rodríguez,2025-2026,2025-12-29,400000,Club de Futbol Puebla de La Franja,MEX1,,,,,,,,,True,
222276,Yuki Nogami,2025-2026,2025-12-15,175000,Nagoya Grampus Eight,JAP1,,,,,,,,,True,
222565,Mark Delgado,2025-2026,2025-12-11,2500000,Los Angeles Football Club,MLS1,,,,,,,,,True,
223035,Gigli Ndefe,2025-2026,2025-12-22,225000,1. FC Slovácko,TS1,,,,,,,,,True,
223197,Marius Lode,2025-2026,2025-11-19,400000,Brisbane Roar FC,AUS1,,,,,,,,,True,
223861,Piotr Johansson,2025-2026,2025-11-19,700000,Djurgårdens Idrottsförening,SE1,,,,,,,,,True,
223881,Anton Andreasson,2025-2026,2025-11-19,250000,Örgryte IS,SE1,,,,,,,,,True,
223888,Javier Burrai,2025-2026,2025-12-17,200000,Club Atlético Sarmiento,ARG1,,,,,,,,,True,
223896,Jesper Gustavsson,2025-2026,2025-11-19,600000,Mjällby Almänna Idrottsförening,SE1,,,,,,,,,True,
223912,Joel Nilsson,2025-2026,2025-12-15,275000,Halmstads BK,SE1,,,,,,,,,True,
223954,Christopher Cvetko,2025-2026,2025-12-22,400000,Fußballclub Blau-Weiß Linz,A1,,,,,,,,,True,
223957,Paul Gartler,2025-2026,2025-12-22,500000,Sportklub Rapid,A1,,,,,,,,,True,
223960,David Gugganig,2025-2026,2025-12-22,300000,Wattener Sportgemeinschaft Swarovski Tirol,A1,,,,,,,,,True,
223973,Stefan Peric,2025-2026,2025-12-22,350000,HNK Gorica,KR1,,,,,,,,,True,
224009,José Luis Chunga,2025-2026,2025-12-05,50000,Independiente Medellín,COL1,,,,,,,,,True,
224313,Daniel Paulson,2025-2026,2025-11-19,300000,Örgryte IS,SE1,,,,,,,,,True,
224587,Il-gyu Park,2025-2026,2025-12-15,275000,Yokohama Marinos,JAP1,,,,,,,,,True,
224871,Lukas Grgic,2025-2026,2025-12-22,800000,Sportklub Rapid,A1,,,,,,,,,True,
225068,Alex Grant,2025-2026,2026-01-13,450000,Sydney Football Club,AUS1,,,,,,,,,True,
225342,Seon-min Moon,2025-2026,2025-12-16,400000,Football Club Seoul,RSK1,,,,,,,,,True,
225360,Raphael Sallinger,2025-2026,2025-12-10,450000,Hibernian Football Club,SC1,,,,,,,,,True,
225432,Zé Rafael,2025-2026,2026-03-12,2000000,Santos Futebol Clube,BRA1,,,,,,,,,True,
225479,Érik Godoy,2025-2026,2025-12-17,350000,Asociación Atlética Argentinos Juniors,ARG1,,,,,,,,,True,
225481,Lucas Menossi,2025-2026,2025-12-17,225000,Club Atlético Unión,ARG1,,,,,,,,,True,
225617,Reinaldo,2025-2026,2025-12-10,400000,Mirasol Futebol Clube,BRA1,,,,,,,,,True,
225676,Adam Lundkvist,2025-2026,2025-11-19,650000,BK Häcken,SE1,,,,,,,,,True,
225687,Murat Satin,2025-2026,2025-12-22,300000,Grazer Athletiksport Klub 1902,A1,,,,,,,,,True,
225823,Kristoffer Haugen,2025-2026,2025-12-15,700000,Viking Fotballklubb,NO1,,,,,,,,,True,
226065,Marko Dabro,2025-2026,2025-12-22,250000,NK Slaven Belupo Koprivnica,KR1,,,,,,,,,True,
226095,Marko Stolnik,2025-2026,2025-12-19,250000,Asociația Fotbal Club UTA Arad,RO1,,,,,,,,,True,
226118,Oliver Berg,2025-2026,2025-11-19,350000,Idrottsföreningen  Brommapojkarna,SE1,,,,,,,,,True,
226327,Rodrigo Ureña,2025-2026,2026-03-17,700000,Millonarios FC,COL1,,,,,,,,,True,
226530,Bjørn Inge Utvik,2025-2026,2025-12-15,600000,Sarpsborg 08 Fotballforening,NO1,,,,,,,,,True,
226545,Marius Antoche,2025-2026,2025-12-19,225000,Asociația Fotbal Club Unirea 04 Slobozia,RO1,,,,,,,,,True,
226980,Viktor Budinsky,2025-2026,2025-12-22,175000,FC Baník Ostrava a.s.,TS1,,,,,,,,,True,
227404,Luis Quiñónes,2025-2026,2025-12-29,400000,Promotora del Club Pachuca S. A. de C. V.,MEX1,,,,,,,,,True,
227671,Tiago Volpi,2025-2026,2025-12-10,900000,Red Bull Bragantino,BRA1,,,,,,,,,True,
227781,Yonatthan Rak,2025-2026,2025-12-17,350000,Club Atlético Barracas Central,ARG1,,,,,,,,,True,
228006,Mathias Dyngeland,2025-2026,2025-12-15,900000,Sportsklubben Brann,NO1,,,,,,,,,True,
228069,Eirik Hestad,2025-2026,2025-12-15,400000,Molde Fotballklubb,NO1,,,,,,,,,True,
229005,Abdou Diallo,2023-2024,2023-11-27,9000000,,,Abdou Diallo,2023-2024,2023-11-27,9000000.0,RasenBallsport Leipzig,L1,0.0,0.0,True,Bundesliga
229081,Alireza Beiranvand,2023-2024,2023-11-28,1200000,,,Alireza Beiranvand,2023-2024,2023-11-28,1200000.0,Boavista FC,PO1,0.0,0.0,True,Liga Portugal
229640,Julian Gressel,2025-2026,2025-12-11,1800000,Minnesota United FC,MLS1,,,,,,,,,True,
229736,Alisson,2025-2026,2026-03-12,1000000,Fluminense Football Club,BRA1,,,,,,,,,True,
229877,Ali Al-Bulayhi,2025-2026,2025-12-18,275000,Al-Shabab Club,SA1,,,,,,,,,True,
229879,Muhannad Shanqeeti,2025-2026,2025-12-18,1000000,Al-Ittihad Football Club,SA1,,,,,,,,,True,
229940,Saleh Al-Amri,2025-2026,2025-12-18,450000,Al-Khaleej Club (Saihat),SA1,,,,,,,,,True,
230030,Lucas Zelarayán,2025-2026,2025-12-17,3000000,Club Atlético Belgrano,ARG1,,,,,,,,,True,
231289,Otávio,2025-2026,2025-12-18,12000000,Al-Nassr Football Club,SA1,Otávio,2023-2024,2024-06-04,25000000.0,Al-Qadsiah Saudi Football Club,SA1,13000000.0,1.0833333333333333,True,
232433,Antun Markovic,2023-2024,2023-12-18,100000,NK Slaven Belupo Koprivnica,KR1,,,,,,,,,True,
233129,Mirko Ivanic,2025-2026,2025-12-11,3500000,Fudbalski klub Crvena zvezda Beograd,SER1,,,,,,,,,True,
233235,Jan Fortelny,2025-2026,2025-12-22,200000,"FK Teplice, a.s.",TS1,,,,,,,,,True,
233656,Marek Havlík,2025-2026,2025-12-22,400000,1. FC Slovácko,TS1,,,,,,,,,True,
233782,Aïssa Laïdouni,2023-2024,2024-05-29,6000000,,,Aïssa Laïdouni,2023-2024,2024-05-29,6000000.0,1. Fußballclub Union Berlin,L1,0.0,0.0,True,Bundesliga
234153,Lukas Masopust,2025-2026,2025-12-22,250000,FC Slovan Liberec,TS1,,,,,,,,,True,
234187,Ivan Filipovic,2025-2026,2025-12-22,350000,GNK Dinamo Zagreb,KR1,,,,,,,,,True,
234227,Juan Pablo Vigón,2025-2026,2026-03-26,500000,Club Tigres UANL Sinergia Deportiva S.A. de C.V.,MEX1,,,,,,,,,True,
234242,Carlos Villanueva,2025-2026,2025-12-29,300000,Querétaro Fútbol Club,MEX1,,,,,,,,,True,
234538,Victor Luís,2025-2026,2025-12-10,400000,Mirasol Futebol Clube,BRA1,,,,,,,,,True,
234975,Mourad Batna,2025-2026,2025-12-18,450000,Al-Fateh Club,SA1,,,,,,,,,True,
235052,Abderrazak Hamdallah,2025-2026,2025-12-18,1200000,Al-Shabab Club,SA1,,,,,,,,,True,
235202,Jan Reznicek,2025-2026,2025-12-22,125000,FK Pardubice,TS1,,,,,,,,,True,
235755,Georgiy Zhukov,2022-2023,2023-06-26,700000,,,Georgiy Zhukov,2022-2023,2023-06-26,700000.0,Puszcza Niepolomice,PL1,0.0,0.0,True,
235862,Paweł Stolarski,2025-2026,2025-12-08,300000,Motor Lublin Spółka Akcyjna,PL1,,,,,,,,,True,
236235,Mateusz Cichocki,2025-2026,2025-12-08,100000,Radomiak S.A.,PL1,,,,,,,,,True,
236272,Nana Boateng,2025-2026,2026-03-27,700000,Fotbal Club Petrolul Ploiești,RO1,,,,,,,,,True,
236710,Luis García,2025-2026,2025-12-29,350000,"Deportivo Toluca Futbol Club, S. A. de C. V.",MEX1,,,,,,,,,True,
236792,Ben Lundt,2025-2026,2025-12-11,200000,St. Louis City Soccer Club,MLS1,,,,,,,,,True,
236918,Darijan Zarkov,2025-2026,2025-12-22,50000,HNK Gorica,KR1,,,,,,,,,True,
236922,Dejan Stanivukovic,2025-2026,2025-12-11,400000,Fudbalski Klub Radnički Niš,SER1,,,,,,,,,True,
237051,Matías Catalán,2025-2026,2025-12-17,600000,Club Atlético Talleres,ARG1,,,,,,,,,True,
237334,Lukas Klemenz,2025-2026,2026-03-26,400000,GKS GieKSa Katowice Spółka Akcyjna,PL1,,,,,,,,,True,
237356,Michał Rzuchowski,2025-2026,2026-03-26,100000,Morski Związkowy Klub Sportowy Arka Gdynia Spółka Akcyjna,PL1,,,,,,,,,True,
237483,Nebojsa Bastajic,2025-2026,2025-12-11,125000,Fudbalski klub Napredak Kruševac,SER1,,,,,,,,,True,
237677,Remo Arnold,2025-2026,2025-12-29,500000,Fussballclub Winterthur,C1,,,,,,,,,True,
237986,Chris Kablan,2025-2026,2026-03-17,200000,FC Zürich,C1,,,,,,,,,True,
238030,Sung-yun Gu,2025-2026,2025-12-16,500000,Football Club Seoul,RSK1,,,,,,,,,True,
238056,Alexander Fransson,2023-2024,2023-09-29,400000,Athlitiki Enosi Konstantinoupoleos,GR1,Alexander Fransson,2023-2024,2023-09-29,400000.0,IFK Norrköping,SE1,0.0,0.0,True,
238448,Lucas Janson,2025-2026,2025-12-17,250000,Club Atlético Boca Juniors,ARG1,,,,,,,,,True,
239215,Marcin Cebula,2025-2026,2025-12-08,200000,Miejski Klub Sportowy Korona Kielce Spółka Akcyjna,PL1,,,,,,,,,True,
239294,Jair,2025-2026,2026-03-12,1000000,Club de Regatas Vasco da Gama,BRA1,,,,,,,,,True,
239697,Manuel Vicentini,2025-2026,2025-12-17,125000,Club Atlético Belgrano,ARG1,,,,,,,,,True,
240012,Viljar Vevatne,2025-2026,2025-12-15,250000,Viking Fotballklubb,NO1,,,,,,,,,True,
240106,Dino Peric,2025-2026,2025-12-22,100000,GNK Dinamo Zagreb,KR1,,,,,,,,,True,
240178,Stas Pokatilov,2023-2024,2023-11-15,500000,,,Stas Pokatilov,2023-2024,2023-11-15,500000.0,FK Rostov,RU1,0.0,0.0,True,
240458,Grzegorz Tomasiewicz,2025-2026,2025-12-08,400000,Gliwicki Klub Sportowy Piast Spółka Akcyjna,PL1,,,,,,,,,True,
240536,Ales Mandous,2025-2026,2026-03-24,300000,FK Pardubice,TS1,,,,,,,,,True,
240756,Alan Czerwiński,2025-2026,2025-12-08,250000,GKS GieKSa Katowice Spółka Akcyjna,PL1,,,,,,,,,True,
240913,Lucas Villalba,2025-2026,2025-12-10,1800000,Cruzeiro Esporte Clube,BRA1,,,,,,,,,True,
241221,Enriko Papa,2025-2026,2025-12-19,400000,Asociația Fotbal Club Botoșani,RO1,,,,,,,,,True,
241254,Andrei Artean,2025-2026,2025-12-19,550000,Asociația Sportivă Fotbal Club Universitatea Cluj,RO1,,,,,,,,,True,
241584,Ionuț Stoica,2025-2026,2025-12-19,50000,Asociația Fotbal Club Hermannstadt,RO1,,,,,,,,,True,
242084,Lukas Sadilek,2025-2026,2025-12-22,1300000,Klub Sportowy Górnik Zabrze Sportowa Spółka Akcyjna,PL1,,,,,,,,,True,
242114,Florinel Ibrian,2025-2026,2025-12-19,150000,Asociația Fotbal Club Unirea 04 Slobozia,RO1,,,,,,,,,True,
242201,Lucas Romero,2025-2026,2025-12-10,2800000,Cruzeiro Esporte Clube,BRA1,,,,,,,,,True,
242303,Aldo Rocha,2025-2026,2025-12-29,800000,Club de Futbol Rojinegros S.A. de C.V.,MEX1,,,,,,,,,True,
242580,,2025-2026,2025-12-29,400000,,,,,,,,,,,True,
243230,Simon Pirkl,2025-2026,2025-12-22,500000,Fußballclub Blau-Weiß Linz,A1,,,,,,,,,True,
243237,Tobias Schützenauer,2025-2026,2025-12-22,250000,Linzer Athletik-Sport-Klub,A1,,,,,,,,,True,
243580,José Abella,2025-2026,2026-03-26,900000,Club Santos Laguna S. A. de C. V.,MEX1,,,,,,,,,True,
244149,Andre Blake,2025-2026,2025-12-11,400000,Philadelphia Union,MLS1,,,,,,,,,True,
244263,Aidan Nesbitt,2020-2021,2021-06-03,250000,Partick Thistle FC,SC1,Aidan Nesbitt,2020-2021,2021-06-03,250000.0,Falkirk Football & Athletic Club,SC1,0.0,0.0,True,
244724,Jaime Gómez,2025-2026,2025-12-29,500000,Querétaro Fútbol Club,MEX1,,,,,,,,,True,
244782,Mateusz Grzybek,2025-2026,2026-03-26,350000,Zagłębie Lubin Spółka Akcyjna,PL1,,,,,,,,,True,
244792,Arkadiusz Najemski,2025-2026,2025-12-08,300000,Motor Lublin Spółka Akcyjna,PL1,,,,,,,,,True,
245070,Alen Ozbolt,2025-2026,2026-03-06,700000,APO Levadiakos Football Club,GR1,,,,,,,,,True,
245315,Eric Miller,2025-2026,2025-12-11,300000,Portland Timbers,MLS1,,,,,,,,,True,
245337,Walker Zimmerman,2025-2026,2025-12-11,2000000,Toronto FC,MLS1,,,,,,,,,True,
246351,Zach Clough,2025-2026,2025-12-09,650000,Newcastle United Jets Football Club,AUS1,,,,,,,,,True,
246394,Constantin Toma,2025-2026,2025-12-19,25000,Asociația Fotbal Club Unirea 04 Slobozia,RO1,,,,,,,,,True,
246607,Konstantinos Sotiriou,2025-2026,2026-03-26,650000,Miejski Klub Sportowy Korona Kielce Spółka Akcyjna,PL1,,,,,,,,,True,
246840,Koji Toriumi,2025-2026,2025-12-15,750000,JEF United,JAP1,,,,,,,,,True,
247289,Andrew Nabbout,2025-2026,2026-01-13,350000,Melbourne City Football Club,AUS1,,,,,,,,,True,
247907,Ibuki Fujita,2025-2026,2025-12-15,150000,Fagiano Okayama Sports Club,JAP1,,,,,,,,,True,
248030,Renzo López,2025-2026,2025-12-10,800000,Esporte Clube Vitória,BRA1,,,,,,,,,True,
248250,Sofiane Bendebka,2025-2026,2025-12-18,800000,Al-Fateh Club,SA1,,,,,,,,,True,
248346,Claudio Baeza,2025-2026,2025-12-17,1700000,Club Atlético Vélez Sársfield,ARG1,,,,,,,,,True,
248352,Brayan Cortés,2025-2026,2026-03-18,1800000,Asociación Atlética Argentinos Juniors,ARG1,,,,,,,,,True,
248358,Luka Kukic,2025-2026,2026-03-27,400000,Asociația Fotbal Club Botoșani,RO1,,,,,,,,,True,
248410,Giorgian de Arrascaeta,2025-2026,2025-12-10,15000000,Clube de Regatas do Flamengo,BRA1,,,,,,,,,True,
249030,Dániel Gazdag,2025-2026,2025-12-11,5000000,Columbus Crew,MLS1,,,,,,,,,True,
249080,Eduard Pap,2025-2026,2026-03-27,300000,Asociația Futball Klub Csíkszereda Miercurea Ciuc,RO1,,,,,,,,,True,
249118,Isak Ssewankambo,2022-2023,2023-06-27,350000,Nooit Opgeven Altijd Doorzetten Aangenaam Door Vermaak En Nuttig Door Ontspanning Combinatie Breda,NL1,Isak Ssewankambo,2022-2023,2023-06-27,350000.0,Idrottsföreningen  Brommapojkarna,SE1,0.0,0.0,True,
249125,Linus Wahlqvist,2025-2026,2026-03-26,1200000,Morski Klub Sportowy Pogoń Szczecin,PL1,,,,,,,,,True,
249271,Saeed Ezatolahi,2023-2024,2024-06-03,900000,,,Saeid Ezatolahi,2023-2024,2024-06-03,900000.0,Vejle Boldklub,DK1,0.0,0.0,True,
249639,Yevgen Misyura,2025-2026,2025-12-18,150000,SK Poltava,UKR1,,,,,,,,,True,
249776,Diego Valdés,2025-2026,2025-12-17,2800000,Club Atlético Vélez Sársfield,ARG1,,,,,,,,,True,
249983,Roberto Alves,2025-2026,2025-12-08,450000,Radomiak S.A.,PL1,,,,,,,,,True,
250490,Christian Fassnacht,2025-2026,2025-12-29,2000000,Berner Sport Club Young Boys,C1,,,,,,,,,True,
250838,Dijan Vukojevic,2025-2026,2025-11-19,250000,Degerfors IF,SE1,,,,,,,,,True,
250984,Kazuki Kozuka,2025-2026,2025-12-15,250000,S-Pulse,JAP1,,,,,,,,,True,
251303,Johannes Eggestein,2025-2026,2026-03-10,2000000,Fußball-Club St. Pauli von 1910,L1,Johannes Eggestein,2023-2024,2023-10-20,800000.0,Fußballklub Austria Wien,A1,-1200000.0,-0.6,True,Austrian Bundesliga
251836,Robert Taylor,2025-2026,2025-12-11,1200000,Austin FC,MLS1,,,,,,,,,True,
252192,Octavian Vâlceanu,2025-2026,2025-12-19,200000,Fotbal Club CFR 1907 Cluj SA,RO1,,,,,,,,,True,
252608,Patryk Kun,2025-2026,2025-12-08,250000,Legia Warszawa Spółka Akcyjna,PL1,,,,,,,,,True,
252641,Pione Sisto,2025-2026,2026-03-06,700000,Aris Thessalonikis,GR1,Pione Sisto,2025-2026,2025-12-12,800000.0,Athlitiki Enosi Larisas,GR1,100000.0,0.14285714285714285,True,
252767,Ivaylo Chochev,2022-2023,2023-06-05,2800000,,,Ivaylo Chochev,2022-2023,2023-06-05,2800000.0,Palermo FC,IT1,0.0,0.0,True,Serie A
252900,Willian Oliveira,2025-2026,2025-12-10,400000,Coritiba Foot Ball Club,BRA1,,,,,,,,,True,
253159,Henrik Rönnlöf Castegren,2025-2026,2025-11-19,500000,IK Sirius,SE1,,,,,,,,,True,
253616,Andrew Farrell,2025-2026,2025-12-11,150000,New England Revolution,MLS1,,,,,,,,,True,
253827,Eder Chaux,2025-2026,2025-12-05,200000,Independiente Medellín,COL1,,,,,,,,,True,
253846,Andrés Ricaurte,2025-2026,2025-12-05,175000,Rionegro Águilas,COL1,,,,,,,,,True,
254122,Jefersson Martínez,2025-2026,2025-12-05,300000,Junior FC,COL1,,,,,,,,,True,
254123,Jairo Molina,2025-2026,2025-12-05,50000,Boyacá Chicó FC,COL1,,,,,,,,,True,
254285,Lawrence Ati Zigi,2025-2026,2025-12-29,1500000,FC St. Gallen 1879,C1,,,,,,,,,True,
254965,Sandro Lauper,2025-2026,2025-12-29,800000,Berner Sport Club Young Boys,C1,,,,,,,,,True,
254968,Dario Marzino,2025-2026,2025-12-29,100000,Berner Sport Club Young Boys,C1,,,,,,,,,True,
255095,Tomoki Imai,2025-2026,2025-12-15,200000,Western United FC,AUS1,,,,,,,,,True,
255495,Unai Elgezabal,2025-2026,2025-12-12,600000,Levante Unión Deportiva S.A.D.,ES1,,,,,,,,,True,
255637,Yuki Honda,2025-2026,2025-12-15,125000,S-Pulse,JAP1,,,,,,,,,True,
255768,Nahom Girmai Netabay,2025-2026,2025-11-19,450000,Degerfors IF,SE1,,,,,,,,,True,
255908,Gakuji Ota,2025-2026,2025-12-15,50000,Kyoto Purple Sanga,JAP1,,,,,,,,,True,
255910,Damian Rasak,2025-2026,2026-03-26,600000,GKS GieKSa Katowice Spółka Akcyjna,PL1,,,,,,,,,True,
256003,Yanis Karabelyov,2025-2026,2025-12-11,800000,Malmö Fotbollförening,SE1,,,,,,,,,True,
256018,Juan Antonio Ros,2025-2026,2025-12-17,850000,Football Club Seoul,RSK1,,,,,,,,,True,
256019,Alex Rufer,2025-2026,2026-01-13,600000,Wellington Phoenix Football Club,AUS1,,,,,,,,,True,
256085,Roman Macek,2025-2026,2025-12-22,500000,"FK Mladá Boleslav, a.s.",TS1,,,,,,,,,True,
256097,Matej Pulkrab,2025-2026,2025-12-22,225000,"FK Teplice, a.s.",TS1,,,,,,,,,True,
256103,David Stepanek,2025-2026,2025-12-22,225000,FK Jablonec a.s.,TS1,,,,,,,,,True,
256167,Ronivaldo,2025-2026,2025-12-22,250000,Fußballclub Blau-Weiß Linz,A1,,,,,,,,,True,
256354,Ryan Hollingshead,2025-2026,2025-12-11,600000,Los Angeles Football Club,MLS1,,,,,,,,,True,
256432,William Kenndal,2025-2026,2025-11-19,175000,Örgryte IS,SE1,,,,,,,,,True,
257095,Duane Holmes,2025-2026,2025-12-11,800000,Houston Dynamo,MLS1,,,,,,,,,True,
257110,Takeshi Kanamori,2025-2026,2026-01-13,300000,Melbourne City Football Club,AUS1,,,,,,,,,True,
257176,Kengo Nagai,2025-2026,2025-12-15,100000,Hitachi Kashiwa Reysol,JAP1,,,,,,,,,True,
257463,Marko Mijailovic,2025-2026,2025-12-11,500000,Fudbalski Klub Radnički Niš,SER1,,,,,,,,,True,
257466,Lazar Tufegdzic,2025-2026,2025-12-11,700000,Fudbalski klub Čukarički Beograd,SER1,,,,,,,,,True,
257473,Aleksandar Lutovac,2025-2026,2025-12-11,400000,Fudbalski klub Napredak Kruševac,SER1,,,,,,,,,True,
257528,,2025-2026,2025-10-21,250000,,,,,,,,,,,True,
257685,Paulo Retre,2025-2026,2026-01-13,275000,Wellington Phoenix Football Club,AUS1,,,,,,,,,True,
258007,Gustav Berggren,2025-2026,2025-12-11,3000000,Red Bull New York,MLS1,,,,,,,,,True,
258070,Ramiro,2025-2026,2025-12-11,600000,FC Dallas,MLS1,,,,,,,,,True,
258561,Tim Erlandsson,2025-2026,2025-11-19,450000,Idrottsföreningen Elfsborg,SE1,,,,,,,,,True,
258957,Håvar Jenssen,2025-2026,2025-12-15,250000,KFUM-Kameratene Oslo,NO1,,,,,,,,,True,
259350,Chang-hoon Kwon,2025-2026,2025-12-16,325000,Sport-Club Freiburg,L1,Chang-hoon Kwon,2022-2023,2023-06-23,800000.0,Jeju SK Football Club,RSK1,475000.0,1.4615384615384615,True,
259917,Jhonatan Candia,2025-2026,2025-12-17,700000,Club Atlético Barracas Central,ARG1,,,,,,,,,True,
260038,Jiri Klima,2025-2026,2025-12-22,225000,"FK Mladá Boleslav, a.s.",TS1,,,,,,,,,True,
260071,Jan Stejskal,2025-2026,2026-03-24,150000,FK Pardubice,TS1,,,,,,,,,True,
260171,Hyeon-woo Jo,2025-2026,2025-12-16,700000,Ulsan Hyundai Football Club,RSK1,,,,,,,,,True,
260185,Young-chan Kim,2025-2026,2025-12-16,200000,Football Club Anyang,RSK1,,,,,,,,,True,
260189,Kyung-won Kwon,2025-2026,2025-12-16,400000,Football Club Anyang,RSK1,,,,,,,,,True,
260207,Pyeong-guk Yun,2025-2026,2025-12-16,200000,Football Club Pohang Steelers,RSK1,,,,,,,,,True,
260377,Felipe Aguilar,2025-2026,2025-12-05,200000,Deportivo Cali,COL1,,,,,,,,,True,
260381,Dairon Asprilla,2025-2026,2025-12-05,250000,Atlético Nacional,COL1,,,,,,,,,True,
260385,Rafael Carrascal,2025-2026,2025-12-05,350000,CD América de Cali,COL1,,,,,,,,,True,
260391,Juan Pablo Nieto,2025-2026,2026-03-17,400000,Deportes Tolima,COL1,,,,,,,,,True,
260662,Óscar Whalley,2025-2026,2025-12-29,350000,Aarhus Gymnastik Forening,DK1,Óscar Whalley,2022-2023,2023-06-14,600000.0,Club Deportivo Guadalajara S. A. de C. V.,MEX1,250000.0,0.7142857142857143,True,
260706,Tomasz Loska,2025-2026,2025-12-08,250000,Klub Sportowy Górnik Zabrze Sportowa Spółka Akcyjna,PL1,,,,,,,,,True,
260807,Jonathan Osorio,2025-2026,2025-12-11,1200000,Toronto FC,MLS1,,,,,,,,,True,
260859,Hassan Kadesh,2025-2026,2025-12-18,300000,Al-Ittihad Football Club,SA1,,,,,,,,,True,
260898,Raúl Loaiza,2025-2026,2026-03-18,500000,Club Atlético Lanús,ARG1,,,,,,,,,True,
260918,Kosuke Shirai,2025-2026,2025-12-15,400000,Fagiano Okayama Sports Club,JAP1,,,,,,,,,True,
260925,Larry Vásquez,2025-2026,2025-11-24,200000,Internacional de Bogotá,COL1,,,,,,,,,True,
261010,Vlasiy Sinyavskiy,2025-2026,2025-12-22,750000,FC Baník Ostrava a.s.,TS1,,,,,,,,,True,
261085,Bartosz Nowak,2025-2026,2025-12-08,350000,GKS GieKSa Katowice Spółka Akcyjna,PL1,,,,,,,,,True,
261182,Darío Denis,2025-2026,2025-12-05,50000,Boyacá Chicó FC,COL1,,,,,,,,,True,
261240,Sergio Ojeda,2025-2026,2025-11-26,50000,Asociación Atlética Estudiantes,ARG1,,,,,,,,,True,
261309,David Terans,2025-2026,2025-12-18,1000000,Fluminense Football Club,BRA1,,,,,,,,,True,
261328,János Hegedűs,2025-2026,2025-12-19,300000,Asociația Futball Klub Csíkszereda Miercurea Ciuc,RO1,,,,,,,,,True,
261394,Sang-woo Kang,2025-2026,2025-12-16,650000,Ulsan Hyundai Football Club,RSK1,,,,,,,,,True,
261401,Chang-min Lee,2025-2026,2025-12-16,450000,Jeju SK Football Club,RSK1,,,,,,,,,True,
261407,Sang-min Sim,2025-2026,2025-12-16,325000,Ulsan Hyundai Football Club,RSK1,,,,,,,,,True,
261913,Milan Havel,2025-2026,2025-12-22,325000,"Bohemians Praha 1905, a.s.",TS1,,,,,,,,,True,
261931,Genta Miura,2025-2026,2025-12-15,200000,Gamba Osaka,JAP1,,,,,,,,,True,
261935,Albert Vallci,2025-2026,2026-03-10,600000,Sportklub Puntigamer Sturm Graz,A1,,,,,,,,,True,
262016,,2025-2026,2025-12-15,1200000,,,,,,,,,,,True,
262105,Nikola Vasiljevic,2025-2026,2025-12-11,400000,Fudbalski Klub Javor Matis Ivanjica,SER1,,,,,,,,,True,
262108,Cristi Bărbuţ,2025-2026,2025-12-19,200000,Asociația Fotbal Club Unirea 04 Slobozia,RO1,,,,,,,,,True,
262262,Ángel Romero,2025-2026,2025-12-10,900000,Club Atlético Boca Juniors,ARG1,,,,,,,,,True,
262514,Sergio Mosquera,2025-2026,2025-12-05,250000,Millonarios FC,COL1,,,,,,,,,True,
262704,Michal Reichl,2025-2026,2025-12-22,200000,"Bohemians Praha 1905, a.s.",TS1,,,,,,,,,True,
262931,Frank Lozano,2025-2026,2025-12-05,350000,Rionegro Águilas,COL1,,,,,,,,,True,
262971,Steven Ugarkovic,2025-2026,2026-01-13,450000,Western Sydney Wanderers,AUS1,,,,,,,,,True,
263032,Víctor Cantillo,2025-2026,2025-11-24,400000,Clube do Remo,BRA1,,,,,,,,,True,
263381,Mátyás Tajti,2025-2026,2025-12-08,350000,Asociația Futball Klub Csíkszereda Miercurea Ciuc,RO1,,,,,,,,,True,
263629,Cheong-hyo Park,2025-2026,2025-12-16,150000,Gangwon Football Club,RSK1,,,,,,,,,True,
263718,Martin Ellingsen,2025-2026,2025-11-19,225000,Allmänna Idrottsklubben,SE1,,,,,,,,,True,
263963,Aleksandr Zuev,2022-2023,2023-06-14,900000,,,Aleksandr Zuev,2022-2023,2023-06-14,900000.0,FC Khimki (-2025),RU1,0.0,0.0,True,
264082,Min-kyu Joo,2025-2026,2025-12-16,700000,Foundation Coorperation Hana Financial Group Inc. Football Club,RSK1,,,,,,,,,True,
264133,Luis Reyes,2025-2026,2025-12-29,500000,Club de Fútbol Monterrey Rayados A.C.,MEX1,,,,,,,,,True,
264142,Kazuya Miyahara,2025-2026,2025-12-15,550000,Tokyo Verdy,JAP1,,,,,,,,,True,
264278,Jan Grzesik,2025-2026,2025-12-08,400000,Radomiak S.A.,PL1,,,,,,,,,True,
264295,Robin Rasch,2025-2026,2025-12-15,450000,KFUM-Kameratene Oslo,NO1,,,,,,,,,True,
264720,Meshal Al-Sibyani,2025-2026,2025-12-18,150000,Al-Ettifaq Football Club,SA1,,,,,,,,,True,
264729,Madallah Al-Olayan,2025-2026,2025-12-18,350000,Al-Ettifaq Football Club,SA1,,,,,,,,,True,
264811,Victor Lekhal,2025-2026,2026-02-06,800000,Al-Riyadh Saudi Club,SA1,,,,,,,,,True,
264826,Mohammed Al-Khabrani,2025-2026,2025-12-18,250000,Al-Khaleej Club (Saihat),SA1,,,,,,,,,True,
264828,Abdulrahman Al-Obaid,2025-2026,2025-12-18,100000,Damac Football Club,SA1,,,,,,,,,True,
264870,Leândro,2025-2026,2025-12-08,25000,Radomiak S.A.,PL1,,,,,,,,,True,
264888,Mohammed Al-Kuwaykibi,2025-2026,2025-12-18,500000,Al-Taawoun Football Club,SA1,,,,,,,,,True,
264905,Michael den Heijer,2025-2026,2025-12-16,200000,Auckland Football Club,AUS1,,,,,,,,,True,
264909,Ali Lajami,2025-2026,2025-12-18,800000,Al-Hilal Saudi Football Club,SA1,,,,,,,,,True,
264960,Robin Fellhauer,2025-2026,2026-03-20,3000000,Fußball-Club Augsburg 1907,L1,,,,,,,,,True,
265038,Jiri Floder,2025-2026,2025-12-22,300000,"FK Mladá Boleslav, a.s.",TS1,,,,,,,,,True,
265056,Daniel Trubac,2025-2026,2025-12-22,400000,FC Hradec Králové a.s.,TS1,,,,,,,,,True,
265093,Reno Piscopo,2025-2026,2026-01-13,450000,Melbourne Victory FC,AUS1,,,,,,,,,True,
265208,Mirlind Kryeziu,2025-2026,2026-03-17,300000,Fussballclub Winterthur,C1,,,,,,,,,True,
265660,Yago Pikachu,2025-2026,2025-12-10,800000,Fortaleza Esporte Clube,BRA1,,,,,,,,,True,
265666,Carlinhos Junior,2025-2026,2025-12-15,1000000,JEF United,JAP1,,,,,,,,,True,
265726,Rodrigo Echeverría,2025-2026,2025-12-29,3000000,Club León Fútbol Club,MEX1,,,,,,,,,True,
265940,Abdullah Madu,2025-2026,2025-12-18,500000,Al-Ettifaq Football Club,SA1,,,,,,,,,True,
266239,Dawid Kudła,2025-2026,2025-12-08,150000,GKS GieKSa Katowice Spółka Akcyjna,PL1,,,,,,,,,True,
266250,Tomasz Mokwa,2025-2026,2025-12-08,150000,Gliwicki Klub Sportowy Piast Spółka Akcyjna,PL1,,,,,,,,,True,
266269,Karol Szymański,2025-2026,2025-12-08,100000,Gliwicki Klub Sportowy Piast Spółka Akcyjna,PL1,,,,,,,,,True,
266906,Rodrigo Contreras,2025-2026,2026-03-17,1400000,Millonarios FC,COL1,,,,,,,,,True,
267152,Sebastian Musiolik,2025-2026,2025-12-12,200000,Athlitiki Enosi Kifisias,GR1,,,,,,,,,True,
267387,Roberto Bochi,2025-2026,2025-12-17,25000,Club Atlético Aldosivi,ARG1,,,,,,,,,True,
267431,Fabián Noguera,2025-2026,2026-03-18,400000,Club Atlético Newell’s Old Boys,ARG1,,,,,,,,,True,
267503,Jaroslav Svozil,2025-2026,2025-12-22,225000,FK Dukla Praha a.s.,TS1,,,,,,,,,True,
267753,Nicolás Ibáñez,2025-2026,2025-12-29,2200000,Club de Fútbol Cruz Azul S.A. de C.V.,MEX1,,,,,,,,,True,
267882,Ezequiel Cerutti,2025-2026,2025-12-17,200000,Club Atlético San Lorenzo de Almagro,ARG1,,,,,,,,,True,
268151,Thore Pedersen,2025-2026,2025-12-15,350000,Sportsklubben Brann,NO1,,,,,,,,,True,
268302,Keegan Rosenberry,2025-2026,2025-12-11,800000,Colorado Rapids,MLS1,,,,,,,,,True,
268325,John Olav Norheim,2025-2026,2025-12-15,300000,Idrettsklubben Start,NO1,,,,,,,,,True,
268335,Felix Wimmer,2025-2026,2025-12-22,150000,Sportvereinigung Ried 1912,A1,,,,,,,,,True,
268491,Kristoffer Nessø,2025-2026,2025-12-15,150000,Aalesunds Fotballklubb,NO1,,,,,,,,,True,
268606,Ilmari Niskanen,2022-2023,2023-06-26,325000,,,Ilmari Niskanen,2022-2023,2023-06-26,325000.0,Dundee United Football Club,SC1,0.0,0.0,True,
268652,Junior Arias,2025-2026,2025-12-10,400000,Club Atlético Aldosivi,ARG1,,,,,,,,,True,
269010,Espen Garnås,2025-2026,2025-12-15,350000,Lillestrøm Sportsklubb,NO1,,,,,,,,,True,
269093,Manfred Fischer,2025-2026,2025-12-22,800000,Fußballklub Austria Wien,A1,,,,,,,,,True,
269135,Yusuke Chajima,2025-2026,2025-12-15,75000,Sanfrecce Hiroshima,JAP1,,,,,,,,,True,
269171,Gökhan Gül,2025-2026,2025-12-18,1500000,Kasımpaşa A.Ş.,TR1,Gökhan Gül,2025-2026,2025-12-18,1500000.0,Al-Okhdood Club,SA1,0.0,0.0,True,
269502,Håkon Lorentzen,2025-2026,2025-12-15,400000,Idrettsklubben Start,NO1,,,,,,,,,True,
269526,Basil Stillhart,2025-2026,2025-12-29,100000,Fussballclub Winterthur,C1,,,,,,,,,True,
269784,Alan Aguerre,2025-2026,2025-12-17,200000,Club Atlético Central Córdoba,ARG1,,,,,,,,,True,
269793,Agustín García Basso,2025-2026,2025-12-17,650000,Racing Club Asociación Civil de Avellaneda,ARG1,,,,,,,,,True,
269860,Walter,2025-2026,2025-12-10,200000,Mirasol Futebol Clube,BRA1,,,,,,,,,True,
270377,Abdullah Al-Salem,2025-2026,2025-12-18,250000,Al-Qadsiah Saudi Football Club,SA1,,,,,,,,,True,
270791,Jan Suchan,2025-2026,2025-12-22,275000,1. FC Slovácko,TS1,,,,,,,,,True,
270855,Oscar Johansson Schellhas,2025-2026,2025-11-19,750000,Hammarby IF,SE1,,,,,,,,,True,
270987,Nicolás Pasquini,2025-2026,2025-11-06,175000,Club Atlético Sarmiento,ARG1,,,,,,,,,True,
271072,Aaron Long,2025-2026,2025-12-11,800000,Los Angeles Football Club,MLS1,,,,,,,,,True,
271183,Brandt Bronico,2025-2026,2025-12-11,1500000,Charlotte Football Club,MLS1,,,,,,,,,True,
271198,Daniel Lovitz,2025-2026,2025-12-11,400000,Nashville SC,MLS1,,,,,,,,,True,
271223,Jürgen Heil,2025-2026,2025-12-22,800000,Turn- und Sportverein Egger Glas Hartberg,A1,,,,,,,,,True,
271289,Laurențiu Popescu,2025-2026,2026-03-27,1000000,U Craiova 1948 Club Sportiv SA,RO1,,,,,,,,,True,
271294,Árpád Tordai,2025-2026,2025-11-25,200000,Asociația Fotbal Club UTA Arad,RO1,,,,,,,,,True,
271399,Bozhidar Chorbadzhiyski,2025-2026,2025-12-08,350000,Asociația Fotbal Club Hermannstadt,RO1,,,,,,,,,True,
271478,Paulo Díaz,2025-2026,2026-03-18,2500000,Club Atlético River Plate,ARG1,,,,,,,,,True,
271516,Valeriy Voskonyan,2025-2026,2025-12-18,200000,SK Poltava,UKR1,,,,,,,,,True,
271549,Ronald Koeman Jr.,2025-2026,2025-12-02,650000,Sportclub Telstar,NL1,,,,,,,,,True,
271718,John McCarthy,2025-2026,2025-12-11,400000,Red Bull New York,MLS1,,,,,,,,,True,
271755,Vebjørn Hoff,2025-2026,2025-12-15,450000,Molde Fotballklubb,NO1,,,,,,,,,True,
271763,Alibek Aliev,2025-2026,2026-03-27,500000,Fotbal Club CFR 1907 Cluj SA,RO1,,,,,,,,,True,
271787,Deniz Hümmet,2025-2026,2025-12-15,2000000,Djurgårdens Idrottsförening,SE1,Deniz Hümmet,2023-2024,2023-09-13,500000.0,Gamba Osaka,JAP1,-1500000.0,-0.75,True,
271907,Juan Pablo Vargas,2025-2026,2025-12-05,900000,Club de Futbol Puebla de La Franja,MEX1,,,,,,,,,True,
272537,Bartosz Wolski,2025-2026,2026-03-26,800000,Motor Lublin Spółka Akcyjna,PL1,,,,,,,,,True,
272542,Elias Hadaya,2025-2026,2025-12-15,600000,Sandefjord Fotball,NO1,,,,,,,,,True,
272881,Alex Bono,2025-2026,2025-12-11,200000,D.C. United,MLS1,,,,,,,,,True,
273064,Miro Tenho,2025-2026,2025-11-19,750000,Djurgårdens Idrottsförening,SE1,,,,,,,,,True,
273219,Krystian Pomorski,2025-2026,2025-12-08,150000,Wisła Płock Spółka Akcyjna,PL1,,,,,,,,,True,
273442,Tinga,2025-2026,2026-03-12,500000,Coritiba Foot Ball Club,BRA1,,,,,,,,,True,
273553,Dominik Frieser,2025-2026,2025-12-22,300000,Grazer Athletiksport Klub 1902,A1,,,,,,,,,True,
274047,Ivan Brkic,2025-2026,2026-03-26,500000,Motor Lublin Spółka Akcyjna,PL1,,,,,,,,,True,
274824,Dong-jun Kim,2025-2026,2025-12-16,550000,Jeju SK Football Club,RSK1,,,,,,,,,True,
274963,,2025-2026,2025-12-29,1200000,,,,,,,,,,,True,
275381,Fabricio Bustos,2025-2026,2026-03-18,2500000,Club Atlético River Plate,ARG1,,,,,,,,,True,
275412,João Paulo,2025-2026,2025-12-10,2000000,Esporte Clube Bahia,BRA1,,,,,,,,,True,
275479,Yuta Kamiya,2025-2026,2025-12-15,400000,Fagiano Okayama Sports Club,JAP1,,,,,,,,,True,
275532,Shinnosuke Nakatani,2025-2026,2025-12-15,1300000,Gamba Osaka,JAP1,,,,,,,,,True,
275614,Nicolás Tripichio,2025-2026,2025-12-17,1500000,Club Atlético San Lorenzo de Almagro,ARG1,,,,,,,,,True,
276874,Hampus Dahlqvist,2025-2026,2025-11-19,25000,Örgryte IS,SE1,,,,,,,,,True,
276877,Daniel Borges,2025-2026,2025-12-10,350000,Mirasol Futebol Clube,BRA1,,,,,,,,,True,
277318,Thiago Martins,2025-2026,2025-12-11,2500000,New York City Football Club,MLS1,,,,,,,,,True,
277743,Alex Muralha,2025-2026,2025-12-10,100000,Mirasol Futebol Clube,BRA1,,,,,,,,,True,
277962,Hector Hevel,2022-2023,2023-06-14,1000000,,,Hector Hevel,2022-2023,2023-06-14,1000000.0,ADO Den Haag,NL1,0.0,0.0,True,Eredivisie
278676,Dominik Hladun,2025-2026,2026-03-26,300000,Zagłębie Lubin Spółka Akcyjna,PL1,,,,,,,,,True,
279471,Sam Hart,2025-2026,2025-12-10,100000,Falkirk Football & Athletic Club,SC1,,,,,,,,,True,
279681,Emmanuel Boateng,2025-2026,2025-12-11,150000,San Diego Football Club,MLS1,,,,,,,,,True,
279793,Diego Mondino,2025-2026,2025-11-26,300000,Club Atlético Gimnasia y Esgrima de Mendoza,ARG1,,,,,,,,,True,
279823,Stefano Moreo,2025-2026,2025-12-23,1500000,Pisa Sporting Club,IT1,,,,,,,,,True,
280149,Favio Álvarez,2025-2026,2025-10-21,100000,Club Atlético Banfield,ARG1,,,,,,,,,True,
280312,Zoran Arsenic,2025-2026,2025-12-08,450000,RKS Raków Częstochowa SA,PL1,,,,,,,,,True,
280379,Luis Cárdenas,2025-2026,2025-12-29,250000,Club de Fútbol Monterrey Rayados A.C.,MEX1,,,,,,,,,True,
280602,Masatoshi Ishida,2025-2026,2025-12-16,550000,Foundation Coorperation Hana Financial Group Inc. Football Club,RSK1,,,,,,,,,True,
280939,Taras Romanczuk,2025-2026,2025-12-08,250000,Jagiellonia-Bialystok Sportowa Spólka Akcyjna,PL1,,,,,,,,,True,
281077,Omar Pasagic,2025-2026,2025-12-19,100000,Fotbal Club Metaloglobus București SA,RO1,,,,,,,,,True,
281246,,2025-2026,2025-12-08,150000,,,,,,,,,,,True,
281405,Gonzalo Martínez,2025-2026,2025-12-17,600000,Club Atlético Tigre,ARG1,,,,,,,,,True,
281791,Damian Węglarz,2025-2026,2025-12-08,400000,Morski Związkowy Klub Sportowy Arka Gdynia Spółka Akcyjna,PL1,,,,,,,,,True,
281906,Adam Vlkanova,2025-2026,2025-12-22,300000,FC Hradec Králové a.s.,TS1,,,,,,,,,True,
282240,Brad Halliday,2025-2026,2026-03-05,250000,Dundee Football Club,SC1,,,,,,,,,True,
282283,Ramiro Carrera,2025-2026,2025-12-17,1000000,Club Atlético Lanús,ARG1,,,,,,,,,True,
282476,Maximiliano Meza,2025-2026,2026-03-18,1000000,Club Atlético River Plate,ARG1,,,,,,,,,True,
282684,José Devecchi,2025-2026,2025-12-17,450000,Club Atlético San Lorenzo de Almagro,ARG1,,,,,,,,,True,
282753,Christian Lichtenberger,2025-2026,2025-12-22,300000,Grazer Athletiksport Klub 1902,A1,,,,,,,,,True,
282843,Chang-yong Lee,2025-2026,2025-12-16,225000,Football Club Anyang,RSK1,,,,,,,,,True,
282918,Ante Bajic,2025-2026,2025-12-22,400000,Sportvereinigung Ried 1912,A1,,,,,,,,,True,
282927,Omar Govea,2025-2026,2025-12-29,1800000,Sportvereniging Zulte Waregem,BE1,Omar Govea,2022-2023,2023-06-29,700000.0,Club Deportivo Guadalajara S. A. de C. V.,MEX1,-1100000.0,-0.6111111111111112,True,
282939,Luke O'Nien,2025-2026,2026-03-09,1000000,Sunderland Association Football Club,GB1,,,,,,,,,True,
283166,Marcos Felipe,2025-2026,2026-03-05,2000000,Eyüp Spor Kulübü,TR1,,,,,,,,,True,
283225,Alexander Munksgaard,2025-2026,2025-12-22,300000,FC Baník Ostrava a.s.,TS1,Alexander Munksgaard,2022-2023,2023-06-29,350000.0,Kristiansund Ballklubb,NO1,50000.0,0.16666666666666666,True,
283287,Antoni Ivanov,2025-2026,2026-03-27,600000,Asociația Fotbal Club Hermannstadt,RO1,,,,,,,,,True,
283398,Juan Randazzo,2025-2026,2025-12-17,250000,Asociación de Fomento Deportivo Riestra Barrio Colón,ARG1,,,,,,,,,True,
283399,Dany Rosero,2025-2026,2026-03-17,400000,CD América de Cali,COL1,,,,,,,,,True,
283473,Yoel Bárcenas,2025-2026,2025-12-29,700000,Mazatlán Futbol Club,MEX1,,,,,,,,,True,
283624,Jimmy Medranda,2025-2026,2025-11-25,250000,Llaneros FC,COL1,,,,,,,,,True,
283905,Marko Docic,2025-2026,2025-12-11,800000,Fudbalski klub Čukarički Beograd,SER1,,,,,,,,,True,
283917,Vladimir Rodic,2022-2023,2023-06-27,300000,Silkeborg Idrætsforening,DK1,Vladimir Rodic,2022-2023,2023-06-27,300000.0,Östers IF,SE1,0.0,0.0,True,
284120,Gonzalo Piovi,2025-2026,2025-12-29,2200000,Club de Fútbol Cruz Azul S.A. de C.V.,MEX1,,,,,,,,,True,
284736,Morgan Ferrier,2025-2026,2025-12-23,200000,Incheon United Football Club,RSK1,,,,,,,,,True,
284867,Fredrik Pålerud,2025-2026,2025-12-15,200000,Idrettsklubben Start,NO1,,,,,,,,,True,
285077,Alen Grgic,2025-2026,2025-12-09,450000,NK Slaven Belupo Koprivnica,KR1,,,,,,,,,True,
285225,Ben Warland,2025-2026,2026-01-13,200000,Brisbane Roar FC,AUS1,,,,,,,,,True,
285810,Omar Fernández,2025-2026,2026-03-17,600000,Independiente Santa Fe,COL1,,,,,,,,,True,
286007,Benoît Nyssen,2025-2026,2025-12-10,600000,Sportvereniging Zulte Waregem,BE1,,,,,,,,,True,
286339,Henry Martin,2025-2026,2025-12-29,2200000,Club de Futbol América S. A. de C. V.,MEX1,,,,,,,,,True,
286504,Ryosuke Kojima,2025-2026,2025-12-15,1200000,Hitachi Kashiwa Reysol,JAP1,,,,,,,,,True,
286546,Jakob Meierhofer,2025-2026,2026-03-10,200000,Grazer Athletiksport Klub 1902,A1,,,,,,,,,True,
286627,Sandro Ingolitsch,2025-2026,2025-12-22,400000,Sportclub Rheindorf Altach,A1,,,,,,,,,True,
287255,,2025-2026,2025-12-16,2500000,,,,,,,,,,,True,
287418,Lucian Dumitriu,2025-2026,2025-12-19,150000,Fotbal Club Petrolul Ploiești,RO1,,,,,,,,,True,
287995,Manuel Maranda,2025-2026,2026-03-10,500000,Fußballclub Blau-Weiß Linz,A1,,,,,,,,,True,
288210,Ryosuke Shindo,2025-2026,2025-12-15,550000,V-Varen Nagasaki,JAP1,,,,,,,,,True,
288390,Mohammed Qassim,2025-2026,2025-12-18,175000,Al-Qadsiah Saudi Football Club,SA1,,,,,,,,,True,
288431,Léo Pereira,2025-2026,2025-12-10,10000000,Clube de Regatas do Flamengo,BRA1,,,,,,,,,True,
288483,Nikola Simic,2025-2026,2025-12-11,300000,Fudbalski klub TSC Bačka Topola,SER1,,,,,,,,,True,
288609,Sebastián Vegas,2025-2026,2025-12-10,1500000,Club León Fútbol Club,MEX1,,,,,,,,,True,
288611,Ryogo Yamasaki,2025-2026,2025-12-15,125000,V-Varen Nagasaki,JAP1,,,,,,,,,True,
288690,Manprit Sarkaria,2025-2026,2025-12-22,700000,Sportklub Puntigamer Sturm Graz,A1,,,,,,,,,True,
288786,Juan Dinenno,2025-2026,2026-03-17,800000,São Paulo Futebol Clube,BRA1,,,,,,,,,True,
289017,Ovidiu Popescu,2025-2026,2025-12-19,600000,Asociația Fotbal Club UTA Arad,RO1,,,,,,,,,True,
289149,Nicolás Orsini,2025-2026,2025-12-17,400000,Club Atlético Boca Juniors,ARG1,,,,,,,,,True,
289168,Sebastian Kowalczyk,2025-2026,2026-03-26,800000,Zagłębie Lubin Spółka Akcyjna,PL1,,,,,,,,,True,
289186,Iustin Popescu,2025-2026,2025-12-19,500000,SC Oţelul Galaţi,RO1,,,,,,,,,True,
289396,Philipp Pomer,2025-2026,2025-12-22,400000,Sportvereinigung Ried 1912,A1,,,,,,,,,True,
289875,Jan Bamert,2025-2026,2026-03-17,800000,FC Thun,C1,,,,,,,,,True,
290016,Jérémy Guillemenot,2025-2026,2025-12-29,400000,Servette Football Club 1890 SA,C1,,,,,,,,,True,
290040,Dario Ulrich,2025-2026,2025-12-29,250000,Fussballclub Winterthur,C1,,,,,,,,,True,
290085,Rasmus Alm,2025-2026,2026-03-30,900000,Örgryte IS,SE1,,,,,,,,,True,
290171,Kyoung-rok Choi,2025-2026,2025-12-16,450000,Gwangju Football Club,RSK1,,,,,,,,,True,
290559,Anthony Mandréa,2023-2024,2023-10-27,2000000,SM Caen,FR1,Anthony Mandréa,2023-2024,2023-10-27,2000000.0,Angers Sporting Club de l'Ouest,FR1,0.0,0.0,True,Ligue 1
290660,Sho Inagaki,2025-2026,2025-12-15,650000,Nagoya Grampus Eight,JAP1,,,,,,,,,True,
290705,Koya Kitagawa,2025-2026,2025-12-15,1000000,S-Pulse,JAP1,,,,,,,,,True,
290838,Oliver Sail,2025-2026,2026-01-13,250000,Auckland Football Club,AUS1,,,,,,,,,True,
291090,Lukas Fridrikas,2025-2026,2025-12-22,350000,Turn- und Sportverein Egger Glas Hartberg,A1,,,,,,,,,True,
291231,Juraj Chvatal,2025-2026,2026-03-24,225000,FC Hradec Králové a.s.,TS1,,,,,,,,,True,
291262,Eduardo Pérez,2025-2026,2025-12-22,100000,Querétaro Fútbol Club,MEX1,,,,,,,,,True,
291656,Adrian Păun,2025-2026,2025-12-19,500000,Fotbal Club CFR 1907 Cluj SA,RO1,,,,,,,,,True,
291816,Eric Björkander,2022-2023,2023-06-23,500000,Altay SK,TR1,Eric Björkander,2022-2023,2023-06-23,500000.0,Idrottsföreningen  Brommapojkarna,SE1,0.0,0.0,True,
291976,Lóránd Pászka,2025-2026,2026-03-27,400000,Asociația Futball Klub Csíkszereda Miercurea Ciuc,RO1,,,,,,,,,True,
292130,Milosz Trojak,2025-2026,2025-12-16,350000,Ulsan Hyundai Football Club,RSK1,,,,,,,,,True,
292152,Rafael Thyere,2025-2026,2025-12-10,300000,Associação Chapecoense de Futebol,BRA1,,,,,,,,,True,
292264,Tae-heui Lee,2025-2026,2025-12-16,250000,Incheon United Football Club,RSK1,,,,,,,,,True,
292265,Seung-kyum Im,2025-2026,2025-12-16,75000,Gwangju Football Club,RSK1,,,,,,,,,True,
292488,Ely Fernandes,2025-2026,2025-12-19,50000,Fotbal Club Metaloglobus București SA,RO1,,,,,,,,,True,
292520,Petr Kodes,2025-2026,2025-12-22,225000,"FK Teplice, a.s.",TS1,,,,,,,,,True,
292666,Petar Bockaj,2025-2026,2025-12-22,400000,NK Varazdin,KR1,,,,,,,,,True,
292731,Danielzinho,2025-2026,2026-03-12,1000000,São Paulo Futebol Clube,BRA1,,,,,,,,,True,
292779,Lukas Provod,2025-2026,2025-12-22,8000000,"SK Slavia Praha, a.s.",TS1,,,,,,,,,True,
292868,Milijan Ilic,2025-2026,2025-12-11,100000,Fudbalski Klub Radnički Niš,SER1,,,,,,,,,True,
292985,Álvaro Montero,2025-2026,2026-03-18,2500000,Club Atlético Vélez Sársfield,ARG1,,,,,,,,,True,
293084,Johannes Handl,2025-2026,2025-12-22,500000,Fußballklub Austria Wien,A1,,,,,,,,,True,
293185,Ivan Nevistic,2025-2026,2025-12-22,1000000,GNK Dinamo Zagreb,KR1,,,,,,,,,True,
293196,Josip Spoljaric,2025-2026,2025-12-22,200000,HNK Vukovar 1991,KR1,,,,,,,,,True,
293239,Driton Camaj,2025-2026,2025-11-06,325000,Fudbalski Klub Novi Pazar,SER1,,,,,,,,,True,
293355,Michal Hlavaty,2025-2026,2025-12-22,800000,FK Pardubice,TS1,,,,,,,,,True,
293357,Martin Jedlicka,2025-2026,2025-12-22,2500000,FC Baník Ostrava a.s.,TS1,,,,,,,,,True,
293359,Daniel Marecek,2025-2026,2025-12-22,300000,"FK Teplice, a.s.",TS1,,,,,,,,,True,
293360,Jakub Martinec,2025-2026,2025-12-22,850000,"AC Sparta Praha, a. s.",TS1,,,,,,,,,True,
294801,Souleymane Diaby,2025-2026,2025-12-29,400000,Fussballclub Winterthur,C1,,,,,,,,,True,
294843,Thiago Cardozo,2025-2026,2026-03-18,2700000,Club Atlético Belgrano,ARG1,,,,,,,,,True,
294857,Germán Ferreyra,2025-2026,2026-01-13,450000,Melbourne City Football Club,AUS1,,,,,,,,,True,
295086,,2025-2026,2025-12-15,700000,,,,,,,,,,,True,
295091,Ryoma Watanabe,2025-2026,2025-12-15,1300000,Urawa Red Diamonds,JAP1,,,,,,,,,True,
295373,Érick Aguirre,2025-2026,2025-12-29,2200000,Club de Fútbol Monterrey Rayados A.C.,MEX1,,,,,,,,,True,
295424,Ulises Rivas,2025-2026,2025-12-29,1800000,Club Universidad Nacional A. C.,MEX1,,,,,,,,,True,
295426,Osvaldo Rodríguez,2025-2026,2025-12-29,1500000,Club Tigres UANL Sinergia Deportiva S.A. de C.V.,MEX1,,,,,,,,,True,
295495,Mateusz Wdowiak,2025-2026,2026-03-26,350000,GKS GieKSa Katowice Spółka Akcyjna,PL1,,,,,,,,,True,
295509,Moussa Njie,2025-2026,2025-12-15,250000,KFUM-Kameratene Oslo,NO1,,,,,,,,,True,
295572,Stefano Vecchia,2025-2026,2025-11-19,1000000,Malmö Fotbollförening,SE1,,,,,,,,,True,
296454,Ryan Kitto,2025-2026,2026-01-13,400000,Adelaide United Football Club,AUS1,,,,,,,,,True,
296458,Isak Pettersson,2025-2026,2025-11-19,500000,Idrottsföreningen Elfsborg,SE1,,,,,,,,,True,
296471,Koya Yuruki,2025-2026,2025-12-15,750000,Hitachi Kashiwa Reysol,JAP1,,,,,,,,,True,
296499,Grzegorz Rogala,2025-2026,2026-03-26,150000,GKS GieKSa Katowice Spółka Akcyjna,PL1,,,,,,,,,True,
296585,Silviu Balaure,2025-2026,2026-03-27,400000,Asociația Fotbal Club Hermannstadt,RO1,,,,,,,,,True,
296673,Reid Drake,2025-2026,2025-12-16,250000,Auckland Football Club,AUS1,,,,,,,,,True,
296695,Elvir Koljic,2025-2026,2025-12-19,700000,Fotbal Club Rapid 1923 SA,RO1,,,,,,,,,True,
296799,Lucas Acosta,2025-2026,2026-03-18,800000,Club Atlético Lanús,ARG1,,,,,,,,,True,
297234,Mateusz Żyro,2025-2026,2025-12-08,600000,Widzew Łódź Spółka Akcyjna,PL1,,,,,,,,,True,
297680,Filip Zorvan,2025-2026,2026-03-24,700000,FK Jablonec a.s.,TS1,,,,,,,,,True,
297709,Jae-ik Lee,2025-2026,2025-12-16,250000,Ulsan Hyundai Football Club,RSK1,,,,,,,,,True,
297720,Young-wook Cho,2025-2026,2025-12-16,550000,Football Club Seoul,RSK1,,,,,,,,,True,
298410,João Pedro,2025-2026,2026-03-12,800000,Panetolikos Agrinio,GR1,João Pedro,2023-2024,2024-05-30,450000.0,Clube do Remo,BRA1,-350000.0,-0.4375,True,
298603,Miro Muheim,2025-2026,2026-03-20,5000000,Hamburger Sport Verein,L1,,,,,,,,,True,
298671,Arandjel Stojkovic,2025-2026,2025-12-11,400000,Fudbalski Klub Partizan Beograd,SER1,,,,,,,,,True,
298678,Stefan Hagerup,2025-2026,2025-12-15,150000,Lillestrøm Sportsklubb,NO1,,,,,,,,,True,
298796,Érick Gutiérrez,2025-2026,2026-03-26,2000000,Eindhovense Voetbalvereniging Philips Sport Vereniging,NL1,Érick Gutiérrez,2022-2023,2023-06-23,6000000.0,Club Deportivo Guadalajara S. A. de C. V.,MEX1,4000000.0,2.0,True,
298883,Lachlan Jackson,2025-2026,2026-01-13,450000,Melbourne Victory FC,AUS1,,,,,,,,,True,
299394,Charlie Vindehall,2025-2026,2025-11-19,200000,Örgryte IS,SE1,,,,,,,,,True,
299561,Adrian Chovan,2025-2026,2025-12-08,200000,Panserraikos Serres,GR1,Adrian Chovan,2023-2024,2024-05-30,350000.0,Termalica Bruk-Bet Nieciecza Klub Sportowy,PL1,150000.0,0.75,True,
299717,Ahmet Sağat,2025-2026,2026-03-05,250000,Kocaelispor Kulübü,TR1,,,,,,,,,True,
300086,Samuel Leach Holm,2025-2026,2026-03-16,800000,Fredrikstad Fotballklubb,NO1,,,,,,,,,True,
300272,Franco Leys,2025-2026,2025-12-05,150000,Club Atlético Aldosivi,ARG1,,,,,,,,,True,
300308,Leandro Garate,2025-2026,2025-12-12,250000,Athlitiki Enosi Larisas,GR1,,,,,,,,,True,
300536,Erik Lindell,2025-2026,2026-03-30,200000,Degerfors IF,SE1,,,,,,,,,True,
300600,Brad Stuver,2025-2026,2025-12-11,400000,Austin FC,MLS1,,,,,,,,,True,
302139,Elías Gómez,2025-2026,2025-12-17,1300000,Club Atlético Vélez Sársfield,ARG1,,,,,,,,,True,
302319,Daniel Stensson,2025-2026,2026-03-30,650000,Djurgårdens Idrottsförening,SE1,,,,,,,,,True,
303359,Paul Iacob,2025-2026,2025-12-19,900000,SC Oţelul Galaţi,RO1,,,,,,,,,True,
303410,Christopher Ibayi,2025-2026,2025-12-29,800000,FC Thun,C1,,,,,,,,,True,
303420,Anthony Kalik,2025-2026,2025-12-22,800000,HNK Hajduk Split,KR1,,,,,,,,,True,
303440,Laco Takacs,2025-2026,2025-12-22,125000,"FK Teplice, a.s.",TS1,,,,,,,,,True,
303766,Amir Al-Ammari,2025-2026,2026-03-26,850000,Klub Sportowy Cracovia Spółka Akcyjna,PL1,,,,,,,,,True,
304684,Kyeong-min Kim,2025-2026,2025-12-16,375000,Gwangju Football Club,RSK1,,,,,,,,,True,
304866,Sebastián Herrera,2025-2026,2025-11-25,175000,Fortaleza CEIF,COL1,,,,,,,,,True,
304870,Álex Castro,2025-2026,2026-03-17,350000,Millonarios FC,COL1,,,,,,,,,True,
307325,Djordje Crnomarkovic,2025-2026,2025-12-11,300000,Fudbalski Klub Vojvodina,SER1,,,,,,,,,True,
307511,Mirko Kos,2025-2026,2025-12-22,300000,Fußballklub Austria Wien,A1,,,,,,,,,True,
307598,Ammar Helac,2025-2026,2025-12-22,200000,Turn- und Sportverein Egger Glas Hartberg,A1,,,,,,,,,True,
307658,Tin Plavotic,2025-2026,2025-12-22,900000,Fußballklub Austria Wien,A1,,,,,,,,,True,
307664,Marko Raguz,2025-2026,2025-12-22,250000,Fußballklub Austria Wien,A1,,,,,,,,,True,
307667,Dominik Reiter,2025-2026,2025-12-22,250000,Fußballclub Blau-Weiß Linz,A1,,,,,,,,,True,
307817,Valentino Müller,2025-2026,2025-12-22,900000,Wattener Sportgemeinschaft Swarovski Tirol,A1,,,,,,,,,True,
307890,Nick Hagglund,2025-2026,2025-12-11,350000,Football Club Cincinnati,MLS1,,,,,,,,,True,
308118,Kentaro Kakoi,2025-2026,2025-12-15,100000,Kyoto Purple Sanga,JAP1,,,,,,,,,True,
308120,Mohamed Kanno,2025-2026,2025-12-18,900000,Al-Hilal Saudi Football Club,SA1,,,,,,,,,True,
308214,Jun Amano,2025-2026,2025-12-15,450000,Yokohama Marinos,JAP1,,,,,,,,,True,
308243,Tomoya Koyamatsu,2025-2026,2025-12-15,750000,Nagoya Grampus Eight,JAP1,,,,,,,,,True,
308262,Hokuto Shimoda,2025-2026,2025-12-15,200000,Zelvia,JAP1,,,,,,,,,True,
308408,Thorsten Schriebl,2025-2026,2025-12-22,300000,Grazer Athletiksport Klub 1902,A1,,,,,,,,,True,
308441,Caio Lucas,2023-2024,2023-10-12,5000000,,,Caio Lucas,2023-2024,2023-10-12,5000000.0,Sport Lisboa e Benfica,PO1,0.0,0.0,True,Liga Portugal
308444,Eirik Haugan,2025-2026,2025-12-15,600000,Molde Fotballklubb,NO1,,,,,,,,,True,
308628,Michal Bilek,2025-2026,2026-03-24,400000,"FK Teplice, a.s.",TS1,,,,,,,,,True,
308642,,2025-2026,2025-12-15,700000,,,,,,,,,,,True,
308651,Yuji Kajikawa,2025-2026,2025-12-15,100000,Kashima Antlers FC,JAP1,,,,,,,,,True,
308781,Hiroyuki Mae,2025-2026,2025-12-15,900000,Zelvia,JAP1,,,,,,,,,True,
309016,Vlad Muțiu,2025-2026,2025-12-19,100000,Asociația Fotbal Club Hermannstadt,RO1,,,,,,,,,True,
309180,Jan Mlakar,2022-2023,2023-06-06,2800000,Amiens SC,FR1,Jan Mlakar,2022-2023,2023-06-06,2800000.0,HNK Hajduk Split,KR1,0.0,0.0,True,
309193,Jefferson Savarino,2025-2026,2026-03-12,8000000,Fluminense Football Club,BRA1,,,,,,,,,True,
309196,Yohei Takaoka,2025-2026,2025-12-11,3500000,Vancouver Whitecaps FC,MLS1,,,,,,,,,True,
309388,Mauricio Martínez,2025-2026,2025-12-17,450000,Club Atlético Sarmiento,ARG1,,,,,,,,,True,
309439,Leo Väisänen,2025-2026,2026-03-30,1000000,BK Häcken,SE1,,,,,,,,,True,
309464,Takashi Sawada,2025-2026,2025-12-15,100000,V-Varen Nagasaki,JAP1,,,,,,,,,True,
309473,Rikuto Hirose,2025-2026,2025-12-15,500000,Rakuten Vissel Kobe,JAP1,,,,,,,,,True,
309505,Eduard Bello,2025-2026,2026-03-17,550000,Atlético Nacional,COL1,,,,,,,,,True,
309977,Samuel Ballet,2025-2026,2026-03-05,2000000,Antalyaspor,TR1,,,,,,,,,True,
310201,Eiichi Katayama,2025-2026,2025-12-15,100000,Urawa Red Diamonds,JAP1,,,,,,,,,True,
310640,Anderson Julio,2025-2026,2025-12-11,3000000,FC Dallas,MLS1,,,,,,,,,True,
310744,Fernando Gorriarán,2025-2026,2025-12-29,4000000,Club Tigres UANL Sinergia Deportiva S.A. de C.V.,MEX1,,,,,,,,,True,
310916,Shinnosuke Hatanaka,2025-2026,2025-12-15,900000,Cerezo Osaka,JAP1,,,,,,,,,True,
311146,Nikola Sipcic,2025-2026,2025-12-12,400000,A.G.S Asteras Tripolis,GR1,,,,,,,,,True,
311182,,2025-2026,2025-11-24,500000,,,,,,,,,,,True,
311213,Roman Yakuba,2025-2026,2026-03-26,800000,Zagłębie Lubin Spółka Akcyjna,PL1,,,,,,,,,True,
312294,Yeferson Soteldo,2025-2026,2025-12-10,4000000,Fluminense Football Club,BRA1,,,,,,,,,True,
312317,Logan Rogerson,2025-2026,2026-01-13,400000,Auckland Football Club,AUS1,,,,,,,,,True,
312424,Hyeon-mu Kang,2025-2026,2025-12-16,500000,Football Club Seoul,RSK1,,,,,,,,,True,
312562,Iván Villalba,2025-2026,2025-12-17,500000,Club Sportivo Independiente Rivadavia,ARG1,,,,,,,,,True,
312568,Jesús Angulo,2025-2026,2025-12-29,4500000,Club Tigres UANL Sinergia Deportiva S.A. de C.V.,MEX1,,,,,,,,,True,
312575,Daniel Londoño,2025-2026,2025-12-05,500000,Independiente Medellín,COL1,,,,,,,,,True,
312576,Óscar Manzanárez,2025-2026,2025-12-29,700000,Querétaro Fútbol Club,MEX1,,,,,,,,,True,
312771,Niklas Sandberg,2025-2026,2025-12-15,300000,Sarpsborg 08 Fotballforening,NO1,,,,,,,,,True,
313137,Kei Koizumi,2025-2026,2025-12-15,800000,Tokyo Football Club,JAP1,,,,,,,,,True,
313241,Ivan Jukic,2025-2026,2025-12-16,225000,Football Club Anyang,RSK1,,,,,,,,,True,
313286,Michael Barrios,2025-2026,2025-12-05,300000,Once Caldas,COL1,,,,,,,,,True,
313888,Davíd Kristján Ólafsson,2025-2026,2025-12-08,500000,Klub Sportowy Cracovia Spółka Akcyjna,PL1,,,,,,,,,True,
314129,Dean David,2025-2026,2025-12-15,1800000,Yokohama Marinos,JAP1,,,,,,,,,True,
314197,Facundo Boné,2025-2026,2025-12-05,500000,Internacional de Bogotá,COL1,,,,,,,,,True,
314241,Josh Laurent,2025-2026,2025-12-09,2000000,Burnley Football Club,GB1,,,,,,,,,True,
314329,Florin Tănase,2025-2026,2026-03-27,2000000,SC Fotbal Club FCSB SA,RO1,,,,,,,,,True,
314399,Ju-yong Lee,2025-2026,2025-12-16,225000,Incheon United Football Club,RSK1,,,,,,,,,True,
314773,Myung-jae Lee,2025-2026,2025-12-16,450000,Foundation Coorperation Hana Financial Group Inc. Football Club,RSK1,,,,,,,,,True,
315050,Mansour Hamzi,2025-2026,2025-12-18,125000,Al-Khaleej Club (Saihat),SA1,,,,,,,,,True,
315169,Luciano Acosta,2025-2026,2025-12-10,5000000,Fluminense Football Club,BRA1,,,,,,,,,True,
315442,Cătălin Căbuz,2025-2026,2025-12-19,850000,Asociația Clubul Sportiv Campionii Fotbal Club Argeș,RO1,,,,,,,,,True,
315471,Szilard Veres,2025-2026,2025-12-19,350000,Asociația Futball Klub Csíkszereda Miercurea Ciuc,RO1,,,,,,,,,True,
315511,,2025-2026,2025-12-08,250000,,,,,,,,,,,True,
315632,Abdullah Al-Qahtani,2025-2026,2025-12-18,125000,Damac Football Club,SA1,,,,,,,,,True,
315655,Jun Ichimori,2025-2026,2025-12-15,300000,Gamba Osaka,JAP1,,,,,,,,,True,
315666,Ryuta Koike,2025-2026,2025-12-15,600000,Kashima Antlers FC,JAP1,,,,,,,,,True,
315733,Luc Mares,2025-2026,2025-12-15,400000,Hamarkameratene,NO1,,,,,,,,,True,
316202,Marian Tvrdon,2025-2026,2025-12-22,100000,"FC Viktoria Plzeň, a.s.",TS1,,,,,,,,,True,
316261,Júlíus Magnússon,2025-2026,2025-11-19,700000,Idrottsföreningen Elfsborg,SE1,,,,,,,,,True,
316613,Ali Kabacalman,2025-2026,2025-12-29,600000,FC Sion,C1,,,,,,,,,True,
316729,Thomas Turner,2025-2026,2025-12-22,200000,Fußballclub Blau-Weiß Linz,A1,,,,,,,,,True,
317035,Marin Karamarko,2025-2026,2025-12-17,350000,Wisła Płock Spółka Akcyjna,PL1,,,,,,,,,True,
317442,Mark Grosse,2025-2026,2026-03-10,400000,Grazer Athletiksport Klub 1902,A1,,,,,,,,,True,
317764,Eldar Civic,2025-2026,2025-12-16,750000,FK Baltika,RU1,,,,,,,,,True,
317824,,2025-2026,2025-12-22,250000,,,,,,,,,,,True,
318112,Antonin Rusek,2025-2026,2026-03-24,500000,"SK Sigma Olomouc, a.s.",TS1,,,,,,,,,True,
318541,Harrison Delbridge,2025-2026,2025-12-16,325000,Melbourne City Football Club,AUS1,,,,,,,,,True,
318829,Advan Kadusic,2025-2026,2025-12-22,600000,NK Istra 1961,KR1,,,,,,,,,True,
319202,Radu Boboc,2025-2026,2025-12-08,500000,Asociația Sportivă Fotbal Club Universitatea Cluj,RO1,,,,,,,,,True,
319235,Robert Moldoveanu,2025-2026,2026-03-27,500000,Asociația Clubul Sportiv Campionii Fotbal Club Argeș,RO1,,,,,,,,,True,
319282,Chang-moo Shin,2025-2026,2025-12-16,100000,Gwangju Football Club,RSK1,,,,,,,,,True,
319482,Nenad Cvetkovic,2025-2026,2026-03-10,1500000,Sportklub Rapid,A1,,,,,,,,,True,
319552,Ahmed Sharahili,2025-2026,2025-12-18,500000,Al-Ittihad Football Club,SA1,,,,,,,,,True,
319661,Petter Strand,2025-2026,2025-12-15,400000,Vålerengens Idrettsforening,NO1,,,,,,,,,True,
319691,Juan Cruz Komar,2025-2026,2025-12-17,700000,Club Atlético Rosario Central,ARG1,,,,,,,,,True,
319723,Tornike Gaprindashvili,2025-2026,2025-12-08,300000,Morski Związkowy Klub Sportowy Arka Gdynia Spółka Akcyjna,PL1,,,,,,,,,True,
319774,Dong-gyu Baek,2025-2026,2025-12-16,200000,Bucheon Football Club 1995,RSK1,,,,,,,,,True,
320140,Sondre Sørli,2025-2026,2025-12-15,500000,Sarpsborg 08 Fotballforening,NO1,,,,,,,,,True,
320637,Florin Ștefan,2025-2026,2025-12-19,700000,U Craiova 1948 Club Sportiv SA,RO1,,,,,,,,,True,
320722,Zizo,2022-2023,2023-06-29,5000000,,,Zizo,2022-2023,2023-06-29,5000000.0,Moreirense Futebol Clube,PO1,0.0,0.0,True,Liga Portugal
320733,Kacper Chodyna,2025-2026,2025-12-08,400000,Legia Warszawa Spółka Akcyjna,PL1,,,,,,,,,True,
320739,Santiago Mele,2025-2026,2025-12-29,2200000,Club de Fútbol Monterrey Rayados A.C.,MEX1,,,,,,,,,True,
320854,Timi Max Elsnik,2025-2026,2025-12-11,7000000,Fudbalski klub Crvena zvezda Beograd,SER1,,,,,,,,,True,
320859,Dejan Petrovic,2025-2026,2025-12-22,1500000,Hrvatski Nogometni Klub Rijeka,KR1,,,,,,,,,True,
320864,Sven Karic,2025-2026,2025-12-16,1200000,FK Nizhny Novgorod,RU1,,,,,,,,,True,
320961,Tomasz Makowski,2025-2026,2025-12-08,300000,Zagłębie Lubin Spółka Akcyjna,PL1,,,,,,,,,True,
321155,Christopher McVey,2025-2026,2025-12-11,2000000,San Diego Football Club,MLS1,,,,,,,,,True,
321177,Frantisek Cech,2025-2026,2025-12-22,350000,FC Hradec Králové a.s.,TS1,,,,,,,,,True,
321209,Daniel Soucek,2025-2026,2025-12-22,350000,FK Jablonec a.s.,TS1,,,,,,,,,True,
321564,Adam Radwański,2025-2026,2025-12-08,400000,Zagłębie Lubin Spółka Akcyjna,PL1,,,,,,,,,True,
321612,Ezequiel Ham,2025-2026,2025-11-24,800000,Club Atlético Unión,ARG1,,,,,,,,,True,
321644,Kristian Eriksen,2025-2026,2025-12-15,700000,Molde Fotballklubb,NO1,,,,,,,,,True,
321847,Tobias Anselm,2025-2026,2025-12-22,400000,Wattener Sportgemeinschaft Swarovski Tirol,A1,,,,,,,,,True,
321850,David Bumberger,2025-2026,2026-03-10,300000,Fußballclub Blau-Weiß Linz,A1,,,,,,,,,True,
321874,Johannes Naschberger,2025-2026,2025-12-22,500000,Wattener Sportgemeinschaft Swarovski Tirol,A1,,,,,,,,,True,
321946,Dániel Sallói,2025-2026,2025-12-11,3000000,Toronto FC,MLS1,,,,,,,,,True,
321947,Andriy Savenkov,2025-2026,2025-12-18,100000,SK Poltava,UKR1,,,,,,,,,True,
322107,Ismael Diawara,2025-2026,2025-11-19,250000,IK Sirius,SE1,,,,,,,,,True,
322174,David Ramírez,2025-2026,2025-12-29,1000000,Club León Fútbol Club,MEX1,,,,,,,,,True,
322190,Lucas Suárez,2025-2026,2025-12-18,600000,Club Atlético Sarmiento,ARG1,,,,,,,,,True,
322517,Joël Schmied,2025-2026,2025-12-19,3500000,1. Fußball-Club Köln,L1,,,,,,,,,True,
322519,Jasper van der Werff,2025-2026,2026-03-27,300000,Asociația Sportivă Fotbal Club Universitatea Cluj,RO1,,,,,,,,,True,
322610,Luciano Cabral,2025-2026,2026-03-18,1500000,Club Atlético Independiente de Avellaneda,ARG1,,,,,,,,,True,
322696,Facundo Waller,2025-2026,2026-03-18,1200000,Club Atlético Huracán,ARG1,,,,,,,,,True,
322800,Srdjan Plavsic,2025-2026,2026-03-24,300000,FC Baník Ostrava a.s.,TS1,,,,,,,,,True,
322843,Leonel Di Plácido,2025-2026,2025-10-21,275000,Club Atlético Tucumán,ARG1,,,,,,,,,True,
322958,Youstin Salas,2025-2026,2026-01-13,400000,Brisbane Roar FC,AUS1,,,,,,,,,True,
322990,Benjamin Källman,2023-2024,2023-10-06,900000,Hannover 96,L1,Benjamin Källman,2023-2024,2023-10-06,900000.0,Klub Sportowy Cracovia Spółka Akcyjna,PL1,0.0,0.0,True,
322997,Niilo Mäenpää,2025-2026,2025-11-19,225000,Halmstads BK,SE1,,,,,,,,,True,
323325,Leo Bengtsson,2025-2026,2026-03-26,1500000,KKS Lech Poznań Spółka Akcyjna,PL1,,,,,,,,,True,
323403,Dimitar Velkovski,2022-2023,2023-06-09,300000,,,Dimitar Velkovski,2022-2023,2023-06-09,300000.0,Cercle Brugge Koninklijke Sportvereniging,BE1,0.0,0.0,True,Belgian Pro League
323452,Zé Welison,2025-2026,2025-12-10,1500000,Fortaleza Esporte Clube,BRA1,,,,,,,,,True,
323838,Juan Quintero,2025-2026,2026-03-17,300000,Independiente Santa Fe,COL1,,,,,,,,,True,
323918,Nahuel Losada,2025-2026,2025-12-17,3500000,Club Atlético Lanús,ARG1,,,,,,,,,True,
323934,Matheus Pereira,2025-2026,2026-03-12,2000000,Fortaleza Esporte Clube,BRA1,Matheus Pereira,2022-2023,2023-06-14,1200000.0,Sport Club Corinthians Paulista,BRA1,-800000.0,-0.4,True,
324214,Vasile Mogoș,2025-2026,2026-03-27,450000,U Craiova 1948 Club Sportiv SA,RO1,,,,,,,,,True,
324366,Myles Beerman,2023-2024,2023-12-05,250000,Rangers Football Club,SC1,Myles Beerman,2023-2024,2023-12-05,250000.0,,,0.0,0.0,True,
325097,Luis Vásquez,2025-2026,2025-12-05,100000,Atlético Bucaramanga,COL1,,,,,,,,,True,
325124,Mario Jurcevic,2025-2026,2025-12-11,400000,Fudbalski Klub Partizan Beograd,SER1,,,,,,,,,True,
325222,Zan Zuzek,2025-2026,2025-12-17,700000,Gençlerbirliği Spor Kulübü,TR1,,,,,,,,,True,
325448,Sebastian Madejski,2025-2026,2026-03-26,650000,Klub Sportowy Cracovia Spółka Akcyjna,PL1,,,,,,,,,True,
325598,Víctor Guzmán,2025-2026,2025-12-29,2300000,Promotora del Club Pachuca S. A. de C. V.,MEX1,,,,,,,,,True,
325600,Mauro Laínez,2025-2026,2025-12-29,600000,Mazatlán Futbol Club,MEX1,,,,,,,,,True,
325603,Daniel Ríos,2025-2026,2025-12-11,600000,Club de Foot Montréal,MLS1,,,,,,,,,True,
325896,Henrich Ravas,2025-2026,2025-12-08,300000,Klub Sportowy Cracovia Spółka Akcyjna,PL1,,,,,,,,,True,
326011,Fabián Viáfara,2025-2026,2025-12-05,300000,Deportivo Cali,COL1,,,,,,,,,True,
326505,Adam Bergmark Wiberg,2025-2026,2026-03-30,500000,Idrottsföreningen Kamraterna Göteborg,SE1,,,,,,,,,True,
326875,Joachim Soltvedt,2025-2026,2025-12-15,600000,Sportsklubben Brann,NO1,,,,,,,,,True,
327611,Igor Ivanovic,2025-2026,2025-12-09,300000,Fudbalski klub Radnik Surdulica,SER1,,,,,,,,,True,
327756,Jarosław Kubicki,2025-2026,2025-12-08,700000,Klub Sportowy Górnik Zabrze Sportowa Spółka Akcyjna,PL1,,,,,,,,,True,
328003,Robin Wallinder,2025-2026,2026-03-30,1000000,Mjällby Almänna Idrottsförening,SE1,,,,,,,,,True,
328264,Smail Prevljak,2025-2026,2025-12-22,600000,KAS Eupen,BE1,Smail Prevljak,2022-2023,2023-06-09,1200000.0,NK Istra 1961,KR1,600000.0,1.0,True,
328429,Liam Henderson,2025-2026,2025-12-10,100000,Falkirk Football & Athletic Club,SC1,,,,,,,,,True,
328573,Barnabás Varga,2025-2026,2026-03-06,4000000,Athlitiki Enosi Konstantinoupoleos,GR1,,,,,,,,,True,
328609,Derek Cornelius,2025-2026,2026-03-05,3000000,Rangers Football Club,SC1,Derek Cornelius,2025-2026,2025-12-10,4000000.0,Olympique de Marseille,FR1,1000000.0,0.3333333333333333,True,Ligue 1
329401,Rajmund Mikus,2025-2026,2025-12-22,200000,FK Dukla Praha a.s.,TS1,,,,,,,,,True,
329713,Ariel Lassiter,2025-2026,2025-12-11,600000,Portland Timbers,MLS1,,,,,,,,,True,
329720,Pedro Henrique,2025-2026,2026-03-12,4000000,Red Bull Bragantino,BRA1,,,,,,,,,True,
329834,Liam Rose,2025-2026,2026-01-13,350000,Macarthur South West Sydney (A-League),AUS1,,,,,,,,,True,
329843,Neto Moura,2025-2026,2025-12-10,2000000,Mirasol Futebol Clube,BRA1,,,,,,,,,True,
330210,Dawid Gojny,2025-2026,2025-12-08,250000,Morski Związkowy Klub Sportowy Arka Gdynia Spółka Akcyjna,PL1,,,,,,,,,True,
331056,Jeison Angulo,2025-2026,2026-03-17,100000,Independiente Santa Fe,COL1,,,,,,,,,True,
331214,Brice Wembangomo,2025-2026,2025-11-19,1000000,BK Häcken,SE1,,,,,,,,,True,
331245,Juan Franco,2025-2026,2025-12-17,200000,Club Atlético Gimnasia y Esgrima de Mendoza,ARG1,,,,,,,,,True,
331278,Mateusz Marzec,2025-2026,2026-03-26,75000,GKS GieKSa Katowice Spółka Akcyjna,PL1,,,,,,,,,True,
331963,Filip Panák,2025-2026,2026-03-24,1500000,"AC Sparta Praha, a. s.",TS1,,,,,,,,,True,
331971,Iulian Cristea,2025-2026,2025-12-19,1000000,Asociația Sportivă Fotbal Club Universitatea Cluj,RO1,,,,,,,,,True,
332056,James Aguirre,2025-2026,2026-03-17,200000,Once Caldas,COL1,,,,,,,,,True,
332205,Andrei Miron,2025-2026,2025-12-19,600000,Asociația Fotbal Club Botoșani,RO1,,,,,,,,,True,
332259,Franco Cristaldo,2025-2026,2025-12-10,4000000,Club Atlético Talleres,ARG1,,,,,,,,,True,
332274,Omid Noorafkan,2023-2024,2023-11-28,1000000,,,Omid Noorafkan,2023-2024,2023-11-28,1000000.0,Royal Charleroi Sporting Club,BE1,0.0,0.0,True,Belgian Pro League
332340,Yan Dhanda,2025-2026,2025-12-10,500000,Dundee Football Club,SC1,Yan Dhanda,2025-2026,2025-12-10,500000.0,Heart of Midlothian Football Club,SC1,0.0,0.0,True,
332558,Nicolás Giraldo,2025-2026,2025-12-05,100000,Millonarios FC,COL1,,,,,,,,,True,
332764,Jonathan González,2025-2026,2025-12-29,800000,San Jose Earthquakes,MLS1,,,,,,,,,True,
332829,Jordan Sierra,2025-2026,2025-12-29,2200000,Mazatlán Futbol Club,MEX1,,,,,,,,,True,
333012,Andreas Helmersen,2025-2026,2025-12-15,1000000,Fotballklubben Bodø/Glimt,NO1,,,,,,,,,True,
333159,Patrick,2025-2026,2025-11-24,800000,Santos Futebol Clube,BRA1,,,,,,,,,True,
333261,Tomas Petrasek,2025-2026,2025-12-22,200000,FC Hradec Králové a.s.,TS1,,,,,,,,,True,
333355,Milad Mohammadi,2023-2024,2024-05-31,1300000,,,Milad Mohammadi,2023-2024,2024-05-31,1300000.0,Adana Demirspor,TR1,0.0,0.0,True,
333492,Milos Kopecny,2025-2026,2025-12-22,200000,FC Trinity Zlin,TS1,,,,,,,,,True,
333494,Jakub Pokorny,2025-2026,2025-12-12,600000,Athlitiki Enosi Kifisias,GR1,,,,,,,,,True,
333760,Jorge Rodríguez,2025-2026,2025-12-29,3200000,Club de Fútbol Monterrey Rayados A.C.,MEX1,,,,,,,,,True,
333903,Lars Ritzka,2025-2026,2025-12-19,1000000,Fußball-Club St. Pauli von 1910,L1,,,,,,,,,True,
333921,Nicolás Fernández,2025-2026,2025-12-17,3500000,Club Atlético Belgrano,ARG1,,,,,,,,,True,
334055,Nicolás Figal,2025-2026,2025-12-17,350000,Club Atlético Boca Juniors,ARG1,,,,,,,,,True,
334056,Néstor Breitenbruch,2025-2026,2025-12-17,300000,Club Atlético Aldosivi,ARG1,,,,,,,,,True,
334057,Rafael Barrios,2025-2026,2025-12-17,100000,Club Atlético Barracas Central,ARG1,,,,,,,,,True,
334097,Mauricio Tévez,2025-2026,2025-11-26,25000,Asociación Atlética Estudiantes,ARG1,,,,,,,,,True,
334224,Ezequiel Bonifacio,2025-2026,2025-12-17,100000,Club Sportivo Independiente Rivadavia,ARG1,,,,,,,,,True,
334233,Walter Bou,2025-2026,2026-03-18,1000000,Club Atlético Lanús,ARG1,,,,,,,,,True,
334586,Lucas Passerini,2025-2026,2025-12-17,1500000,Club Atlético Belgrano,ARG1,,,,,,,,,True,
334597,Justen Glad,2025-2026,2025-12-11,3000000,Real Salt Lake,MLS1,,,,,,,,,True,
334665,Andrea Padula,2025-2026,2025-12-19,400000,Asociația Fotbal Club UTA Arad,RO1,,,,,,,,,True,
334803,Tomas Ladra,2025-2026,2025-12-22,1000000,"FC Viktoria Plzeň, a.s.",TS1,,,,,,,,,True,
334810,Ludvig Fritzson,2025-2026,2025-12-08,150000,Degerfors IF,SE1,,,,,,,,,True,
334822,David Lischka,2025-2026,2025-12-22,300000,"Bohemians Praha 1905, a.s.",TS1,,,,,,,,,True,
334828,Mateus Castro,2025-2026,2025-12-15,1500000,Nagoya Grampus Eight,JAP1,,,,,,,,,True,
335086,José Esquivel,2025-2026,2025-12-29,1200000,Mazatlán Futbol Club,MEX1,,,,,,,,,True,
335298,Sondre Brunstad Fet,2025-2026,2026-03-16,1800000,Fotballklubben Bodø/Glimt,NO1,,,,,,,,,True,
335548,Arian Kabashi,2025-2026,2026-03-27,300000,Asociația Futball Klub Csíkszereda Miercurea Ciuc,RO1,,,,,,,,,True,
336163,JT Marcinkowski,2025-2026,2025-12-11,200000,Los Angeles Galaxy,MLS1,,,,,,,,,True,
336381,Ranko Veselinović,2025-2026,2025-12-11,3000000,Vancouver Whitecaps FC,MLS1,,,,,,,,,True,
337282,Jake Brimmer,2025-2026,2026-01-13,600000,Auckland Football Club,AUS1,,,,,,,,,True,
337403,Dario Pavkovic,2025-2026,2025-12-11,100000,Fudbalski Klub Spartak Ždrepčeva krv,SER1,,,,,,,,,True,
337600,Ezequiel Unsain,2025-2026,2025-12-29,2500000,Impulsora del Deportivo Necaxa S.A. de C.V.,MEX1,,,,,,,,,True,
337775,Walmer Pacheco,2025-2026,2026-03-17,400000,Deportivo Pereira,COL1,,,,,,,,,True,
337807,Jordan Morris,2025-2026,2025-12-11,3000000,Seattle Sounders FC,MLS1,,,,,,,,,True,
337816,Sinan Karweina,2025-2026,2025-12-29,400000,FC Luzern,C1,,,,,,,,,True,
337921,Francisco Fydriszewski,2025-2026,2025-12-05,450000,Independiente Medellín,COL1,,,,,,,,,True,
338652,Joël Ito,2025-2026,2026-03-13,900000,RAAL La Louvière,BE1,,,,,,,,,True,
338939,Sondre Bjørshol,2025-2026,2025-12-15,350000,Viking Fotballklubb,NO1,,,,,,,,,True,
339041,Hugo Jan Backovsky,2025-2026,2026-03-24,350000,FK Dukla Praha a.s.,TS1,,,,,,,,,True,
339070,Patrik Hellebrand,2025-2026,2025-12-08,3500000,Klub Sportowy Górnik Zabrze Sportowa Spółka Akcyjna,PL1,,,,,,,,,True,
339077,Filip Kubala,2025-2026,2026-03-24,300000,FC Baník Ostrava a.s.,TS1,,,,,,,,,True,
339080,Richard Sedlacek,2025-2026,2025-12-22,800000,FK Jablonec a.s.,TS1,,,,,,,,,True,
339235,Tom McIntyre,2025-2026,2025-11-26,500000,Aberdeen Football Club,SC1,,,,,,,,,True,
339510,Tihomir Kostadinov,2025-2026,2025-12-22,350000,1. FC Slovácko,TS1,,,,,,,,,True,
339693,Erik Jirka,2025-2026,2025-12-08,700000,GKS GieKSa Katowice Spółka Akcyjna,PL1,,,,,,,,,True,
339758,Kevin Balanta,2025-2026,2025-12-29,1800000,Club Santos Laguna S. A. de C. V.,MEX1,,,,,,,,,True,
339826,Julian Gölles,2025-2026,2025-12-22,250000,Turn- und Sportverein Egger Glas Hartberg,A1,,,,,,,,,True,
340031,Frédéric Nsabiyumva,2025-2026,2025-11-19,800000,Västerås Sportklubb FK,SE1,,,,,,,,,True,
340073,Gabriel Debeljuh,2025-2026,2025-10-21,400000,SC Oţelul Galaţi,RO1,,,,,,,,,True,
340323,Savvas Mourgos,2025-2026,2025-12-12,450000,Panserraikos Serres,GR1,Savvas Mourgos,2023-2024,2024-05-30,400000.0,Athlitiki Enosi Larisas,GR1,-50000.0,-0.1111111111111111,True,
340425,Zan Medved,2025-2026,2026-03-24,225000,1. FC Slovácko,TS1,,,,,,,,,True,
340487,Bryan Goncalves,2025-2026,2025-12-10,500000,FC Verbroedering Denderhoutem Denderleeuw Eendracht Hekelgem,BE1,,,,,,,,,True,
340507,Gianluca Ferrari,2025-2026,2025-12-17,400000,Club Atlético Tucumán,ARG1,,,,,,,,,True,
340529,Bubacar Djaló,2025-2026,2026-03-26,200000,Fudbalski Klub Radnički Niš,SER1,,,,,,,,,True,
340775,Frane Maglica,2025-2026,2025-12-22,750000,NK Varazdin,KR1,,,,,,,,,True,
340784,Rasmus Örqvist,2025-2026,2025-11-19,175000,Idrottsföreningen  Brommapojkarna,SE1,,,,,,,,,True,
340840,Benjamín Kuscevic,2025-2026,2025-12-10,2000000,Toronto FC,MLS1,,,,,,,,,True,
340976,Cosmin Dur-Bozoancă,2025-2026,2025-12-19,750000,SC Oţelul Galaţi,RO1,,,,,,,,,True,
340978,Tiberiu Căpușă,2025-2026,2025-12-19,650000,Asociația Fotbal Club Hermannstadt,RO1,,,,,,,,,True,
340980,Andrei Ciobanu,2025-2026,2025-12-19,300000,SC Oţelul Galaţi,RO1,,,,,,,,,True,
341140,Nicolae Carnat,2025-2026,2025-12-09,300000,Asociația Fotbal Club Unirea 04 Slobozia,RO1,,,,,,,,,True,
341141,Răzvan Oaidă,2025-2026,2026-03-27,100000,Asociația Sportivă Fotbal Club Universitatea Cluj,RO1,,,,,,,,,True,
341364,Daniel Popa,2025-2026,2026-03-27,500000,Fotbal Club Metaloglobus București SA,RO1,,,,,,,,,True,
341374,Vlad Pop,2025-2026,2025-12-19,400000,Asociația Fotbal Club Unirea 04 Slobozia,RO1,,,,,,,,,True,
341701,Igor Rabello,2025-2026,2025-12-10,1400000,Fluminense Football Club,BRA1,,,,,,,,,True,
341987,Yassine Zakir,2025-2026,2026-03-27,300000,Fotbal Club Metaloglobus București SA,RO1,,,,,,,,,True,
342063,Silvan Sidler,2025-2026,2025-12-29,350000,Fussballclub Winterthur,C1,,,,,,,,,True,
342129,Jostein Gundersen,2025-2026,2026-03-16,1800000,Fotballklubben Bodø/Glimt,NO1,,,,,,,,,True,
342149,Gabriel Alanís,2025-2026,2025-12-17,500000,Asociación Atlética Estudiantes,ARG1,,,,,,,,,True,
342843,Caju,2025-2026,2025-10-21,600000,Sporting Clube de Braga,PO1,Caju,2022-2023,2023-05-31,600000.0,Fudbalski Klub Spartak Ždrepčeva krv,SER1,0.0,0.0,True,
342989,Levente Szabó,2025-2026,2025-12-16,500000,Zagłębie Lubin Spółka Akcyjna,PL1,,,,,,,,,True,
343044,Payam Niazmand,2023-2024,2023-11-28,750000,,,Payam Niazmand,2023-2024,2023-11-28,750000.0,Portimonense SC,PO1,0.0,0.0,True,Liga Portugal
343049,Max Burgess,2025-2026,2026-01-13,300000,Newcastle United Jets Football Club,AUS1,,,,,,,,,True,
343064,Magnus Grødem,2025-2026,2025-12-15,300000,KFUM-Kameratene Oslo,NO1,,,,,,,,,True,
343158,Fran Tudor,2025-2026,2025-12-08,1500000,RKS Raków Częstochowa SA,PL1,,,,,,,,,True,
343163,Federico Anselmo,2025-2026,2025-12-17,175000,Club Atlético Banfield,ARG1,,,,,,,,,True,
343276,Youssouf Oumarou,2025-2026,2025-12-29,700000,Al-Hazem Sport Club,SA1,,,,,,,,,True,
343334,Noel Caliskan,2025-2026,2025-12-11,800000,Real Salt Lake,MLS1,,,,,,,,,True,
343357,Din Alomerovic,2025-2026,2026-03-27,700000,Asociația Fotbal Club UTA Arad,RO1,,,,,,,,,True,
343359,Yeimar Gómez Andrade,2025-2026,2025-12-11,1200000,Seattle Sounders FC,MLS1,,,,,,,,,True,
343463,Cyle Larin,2025-2026,2025-12-02,3500000,Southampton FC,GB1,Cyle Larin,2025-2026,2025-12-02,3500000.0,Real Club Deportivo Mallorca S.A.D.,ES1,0.0,0.0,True,LaLiga
343558,Ondrej Zmrzly,2025-2026,2025-12-22,1500000,Klub Sportowy Górnik Zabrze Sportowa Spółka Akcyjna,PL1,,,,,,,,,True,
343559,Jakub Kucera,2025-2026,2025-12-22,300000,FC Hradec Králové a.s.,TS1,,,,,,,,,True,
344090,Yoshinori Suzuki,2025-2026,2025-12-15,275000,Kyoto Purple Sanga,JAP1,,,,,,,,,True,
344294,Ramazan Orazov,2025-2026,2025-11-06,450000,,,Ramazan Orazov,2025-2026,2025-11-06,450000.0,Silkeborg Idrætsforening,DK1,0.0,0.0,True,
344312,,2025-2026,2026-03-24,350000,,,,,,,,,,,True,
344421,,2025-2026,2026-03-18,1000000,,,,,,,,,,,True,
344693,Oscar Krusnell,2025-2026,2026-03-30,600000,IK Sirius,SE1,,,,,,,,,True,
344809,Samuel Dancak,2025-2026,2025-12-22,350000,FC Hradec Králové a.s.,TS1,,,,,,,,,True,
344854,Jesús Gallardo,2025-2026,2025-12-29,3000000,"Deportivo Toluca Futbol Club, S. A. de C. V.",MEX1,,,,,,,,,True,
344967,Milos Toseski,2025-2026,2025-12-11,200000,Fudbalski klub Napredak Kruševac,SER1,,,,,,,,,True,
344968,Milan Ristovski,2025-2026,2025-12-22,250000,"Bohemians Praha 1905, a.s.",TS1,,,,,,,,,True,
345311,Justas Lasickas,2025-2026,2025-12-22,500000,Hrvatski Nogometni Klub Rijeka,KR1,,,,,,,,,True,
345326,Teruhito Nakagawa,2025-2026,2025-12-15,500000,Tokyo Football Club,JAP1,,,,,,,,,True,
345412,Ahmed Ahmedov,2025-2026,2025-12-15,400000,S-Pulse,JAP1,,,,,,,,,True,
345452,Bartosz Mrozek,2025-2026,2025-12-08,3000000,KKS Lech Poznań Spółka Akcyjna,PL1,,,,,,,,,True,
345454,Mateusz Skrzypczak,2025-2026,2026-03-26,1000000,KKS Lech Poznań Spółka Akcyjna,PL1,,,,,,,,,True,
345621,Mauricio Pineda,2025-2026,2025-12-11,1200000,Chicago Fire Soccer Club,MLS1,,,,,,,,,True,
345656,Brayan Rovira,2025-2026,2026-03-17,800000,Deportes Tolima,COL1,,,,,,,,,True,
345881,Miguel Silva,2025-2026,2025-12-19,350000,Asociația Sportivă Fotbal Club Universitatea Cluj,RO1,,,,,,,,,True,
345901,Taishi Semba,2025-2026,2025-12-15,200000,Football Club Mito HollyHock,JAP1,,,,,,,,,True,
346065,Keno,2025-2026,2025-12-10,400000,Coritiba Foot Ball Club,BRA1,,,,,,,,,True,
346309,Morgan Faßbender,2025-2026,2025-12-08,300000,Termalica Bruk-Bet Nieciecza Klub Sportowy,PL1,,,,,,,,,True,
346840,Jakub Pesek,2025-2026,2025-12-08,150000,FC Trinity Zlin,TS1,,,,,,,,,True,
346842,Daniel Antosch,2025-2026,2025-12-22,200000,Sportclub Rheindorf Altach,A1,,,,,,,,,True,
346846,Vesel Demaku,2025-2026,2025-12-22,450000,Sportclub Rheindorf Altach,A1,,,,,,,,,True,
346881,Jan Kronig,2025-2026,2025-12-29,700000,FC Sion,C1,,,,,,,,,True,
346898,Alexis Antunes,2025-2026,2026-03-05,1500000,Göztepe Sportif Yatırımlar A.Ş.,TR1,,,,,,,,,True,
346904,Nico Maier,2025-2026,2025-12-22,300000,Fußballclub Blau-Weiß Linz,A1,,,,,,,,,True,
346922,Thiago Santos,2025-2026,2025-12-10,100000,Coritiba Foot Ball Club,BRA1,,,,,,,,,True,
347193,Facundo Mallo,2025-2026,2025-12-17,1500000,Club Atlético Rosario Central,ARG1,,,,,,,,,True,
347268,Omri Glazer,2025-2026,2025-12-11,2500000,Fudbalski klub Crvena zvezda Beograd,SER1,,,,,,,,,True,
347435,Hiroki Noda,2025-2026,2025-12-15,275000,Hitachi Kashiwa Reysol,JAP1,,,,,,,,,True,
347473,Jack Thomson,2025-2026,2025-12-10,250000,Kilmarnock Football Club,SC1,,,,,,,,,True,
347577,Ricardo Chávez,2025-2026,2026-03-26,2500000,Club de Fútbol Monterrey Rayados A.C.,MEX1,,,,,,,,,True,
347748,Lucas Hedlund,2025-2026,2025-11-19,200000,GAIS,SE1,,,,,,,,,True,
347849,Fredrik Pallesen Knudsen,2025-2026,2025-12-15,700000,Sportsklubben Brann,NO1,,,,,,,,,True,
347932,Guillermo Martínez,2025-2026,2025-12-29,1800000,Club Universidad Nacional A. C.,MEX1,,,,,,,,,True,
348262,Gustavo Barreto,2025-2026,2025-12-15,325000,Kyoto Purple Sanga,JAP1,,,,,,,,,True,
348264,Gustavo Ferrareis,2025-2026,2025-12-29,1200000,Club de Futbol Rojinegros S.A. de C.V.,MEX1,,,,,,,,,True,
348273,Emiliano Amor,2025-2026,2025-12-10,450000,Club Social y Deportivo Defensa y Justicia,ARG1,,,,,,,,,True,
348630,Joao Ortiz,2025-2026,2025-12-11,1800000,Portland Timbers,MLS1,,,,,,,,,True,
349150,Fernando Arce,2025-2026,2025-12-29,1200000,"Deportivo Toluca Futbol Club, S. A. de C. V.",MEX1,,,,,,,,,True,
349166,Chico Kim,2025-2026,2025-12-10,200000,Mirasol Futebol Clube,BRA1,,,,,,,,,True,
349707,Jackson Yueill,2025-2026,2025-12-11,1200000,New England Revolution,MLS1,,,,,,,,,True,
349747,Leonardo Landriel,2025-2026,2025-12-17,25000,Asociación de Fomento Deportivo Riestra Barrio Colón,ARG1,,,,,,,,,True,
349884,Lucas Ahijado,2025-2026,2025-12-12,700000,Real Oviedo S.A.D.,ES1,,,,,,,,,True,
350342,Fernando Sobral,2025-2026,2025-12-10,1800000,Coritiba Foot Ball Club,BRA1,,,,,,,,,True,
350709,Sondre Sørløkk,2025-2026,2025-12-15,500000,Fredrikstad Fotballklubb,NO1,,,,,,,,,True,
351181,Yusuf,2025-2026,2026-03-24,225000,"Bohemians Praha 1905, a.s.",TS1,,,,,,,,,True,
351477,Pablo Sisniega,2025-2026,2025-12-11,175000,San Diego Football Club,MLS1,,,,,,,,,True,
351504,John Nelson,2025-2026,2025-12-11,800000,Los Angeles Galaxy,MLS1,,,,,,,,,True,
351505,Álex Zendejas,2025-2026,2026-03-26,10000000,Club de Futbol América S. A. de C. V.,MEX1,,,,,,,,,True,
351524,Eirik Wichne,2025-2026,2025-12-15,400000,Sarpsborg 08 Fotballforening,NO1,,,,,,,,,True,
351563,Yoichi Naganuma,2025-2026,2025-12-15,600000,Urawa Red Diamonds,JAP1,,,,,,,,,True,
351564,Tsukasa Morishima,2025-2026,2025-12-15,850000,Nagoya Grampus Eight,JAP1,,,,,,,,,True,
351566,Takeru Kishimoto,2025-2026,2025-12-15,450000,Gamba Osaka,JAP1,,,,,,,,,True,
351749,Kalvin Phillips,2025-2026,2025-12-09,6000000,Ipswich Town,GB1,Kalvin Phillips,2025-2026,2025-12-09,6000000.0,Manchester City Football Club,GB1,0.0,0.0,True,Premier League
351894,Léo Santos,2025-2026,2025-12-18,1000000,Clube Desportivo Nacional,PO1,,,,,,,,,True,
352324,Agustín Rossi,2025-2026,2025-12-10,10000000,Clube de Regatas do Flamengo,BRA1,,,,,,,,,True,
352552,José Juan Manríquez,2025-2026,2025-12-29,800000,Fútbol Club Juárez,MEX1,,,,,,,,,True,
352566,Déinner Quiñones,2025-2026,2026-03-17,300000,Once Caldas,COL1,,,,,,,,,True,
352596,Otar Kiteishvili,2025-2026,2025-12-22,6000000,Sportklub Puntigamer Sturm Graz,A1,,,,,,,,,True,
353035,Saúl Salcedo,2025-2026,2025-12-17,900000,Club Atlético Newell’s Old Boys,ARG1,,,,,,,,,True,
353271,Konstantinos Apostolakis,2025-2026,2025-12-12,125000,Panetolikos Agrinio,GR1,Konstantinos Apostolakis,2022-2023,2023-05-22,350000.0,Athlitiki Enosi Larisas,GR1,225000.0,1.8,True,
353479,Tyler Miller,2025-2026,2025-11-26,125000,Charlotte Football Club,MLS1,,,,,,,,,True,
353565,Min-tae Kim,2025-2026,2025-12-15,450000,S-Pulse,JAP1,,,,,,,,,True,
353583,Roberto Alvarado,2025-2026,2025-12-29,6000000,Club Deportivo Guadalajara S. A. de C. V.,MEX1,,,,,,,,,True,
353792,Asahi Masuyama,2025-2026,2025-12-15,650000,Zelvia,JAP1,,,,,,,,,True,
353876,Daiki Suga,2025-2026,2025-12-15,650000,Sanfrecce Hiroshima,JAP1,,,,,,,,,True,
353880,Yuto Iwasaki,2025-2026,2025-12-15,800000,V-Varen Nagasaki,JAP1,,,,,,,,,True,
353886,Keigo Tsunemoto,2025-2026,2025-12-29,3000000,FC Basel 1893 AG,C1,,,,,,,,,True,
353900,Toshiki Takahashi,2025-2026,2025-12-15,500000,S-Pulse,JAP1,,,,,,,,,True,
353927,Andrej Todoroski,2025-2026,2025-12-11,1500000,Fudbalski klub TSC Bačka Topola,SER1,,,,,,,,,True,
353969,Kota Watanabe,2025-2026,2025-12-15,800000,Yokohama Marinos,JAP1,,,,,,,,,True,
354022,Dominik Fitz,2025-2026,2025-12-11,3500000,Minnesota United FC,MLS1,,,,,,,,,True,
354106,Kei Chinen,2025-2026,2025-12-15,900000,Kashima Antlers FC,JAP1,,,,,,,,,True,
354136,Vitalie Damascan,2022-2023,2023-06-15,800000,RKC Waalwijk,NL1,Vitalie Damascan,2022-2023,2023-06-15,800000.0,,,0.0,0.0,True,
354198,Alexander Eckmayr,2025-2026,2025-12-22,150000,Wattener Sportgemeinschaft Swarovski Tirol,A1,,,,,,,,,True,
354338,Hakim Abdallah,2025-2026,2025-12-19,550000,Asociația Fotbal Club UTA Arad,RO1,,,,,,,,,True,
354667,Nicholas Hagen,2025-2026,2025-12-11,200000,Columbus Crew,MLS1,,,,,,,,,True,
354737,Tim Parker,2025-2026,2025-12-11,350000,Red Bull New York,MLS1,,,,,,,,,True,
354763,Derrick Etienne Jr.,2025-2026,2025-12-11,800000,Toronto FC,MLS1,,,,,,,,,True,
354792,Cristian Roldán,2025-2026,2025-12-11,3500000,Seattle Sounders FC,MLS1,,,,,,,,,True,
354886,Earl Edwards Jr.,2025-2026,2025-12-11,125000,San Jose Earthquakes,MLS1,,,,,,,,,True,
355155,Sebastián Salazar,2025-2026,2025-12-05,100000,Boyacá Chicó FC,COL1,,,,,,,,,True,
355611,Filippo Berardi,2022-2023,2023-06-27,50000,,,Filippo Berardi,2022-2023,2023-06-27,50000.0,Torino Calcio,IT1,0.0,0.0,True,Serie A
355633,Patrick Kpozo,2025-2026,2026-03-24,200000,FC Baník Ostrava a.s.,TS1,,,,,,,,,True,
355650,Dennys Quintero,2025-2026,2026-03-17,300000,Llaneros FC,COL1,,,,,,,,,True,
355656,Vernon de Marco,2025-2026,2025-12-12,275000,Panserraikos Serres,GR1,,,,,,,,,True,
355692,Nazmi Gripshi,2025-2026,2025-11-06,1500000,FC Rubin Kazan,RU1,,,,,,,,,True,
355709,Kengo Kitazume,2025-2026,2025-12-15,150000,S-Pulse,JAP1,,,,,,,,,True,
355900,Tomás Guidara,2025-2026,2025-12-17,1200000,Club Atlético Lanús,ARG1,,,,,,,,,True,
356042,Carlos Acevedo,2025-2026,2026-03-26,3000000,Club Santos Laguna S. A. de C. V.,MEX1,,,,,,,,,True,
356089,David Barbona,2025-2026,2026-03-18,600000,Club Social y Deportivo Defensa y Justicia,ARG1,,,,,,,,,True,
356098,Edwin Velasco,2025-2026,2025-12-05,125000,Asociación Deportivo Pasto,COL1,,,,,,,,,True,
356102,Juan Roa,2025-2026,2025-12-16,250000,Rionegro Águilas,COL1,,,,,,,,,True,
356145,Ataru Esaka,2025-2026,2025-12-15,600000,Fagiano Okayama Sports Club,JAP1,,,,,,,,,True,
356228,Jurato Ikeda,2025-2026,2025-12-15,150000,Avispa Fukuoka,JAP1,,,,,,,,,True,
356360,John García,2025-2026,2025-12-05,50000,Rionegro Águilas,COL1,,,,,,,,,True,
356455,Jorge Soto,2025-2026,2026-03-17,450000,CD América de Cali,COL1,,,,,,,,,True,
356497,Jeison Palacios,2025-2026,2025-12-11,500000,Nashville SC,MLS1,,,,,,,,,True,
356736,Markus Soomets,2025-2026,2025-12-15,350000,Idrettsklubben Start,NO1,,,,,,,,,True,
357125,Shahriar Moghanlou,2023-2024,2023-11-28,900000,,,Shahriar Moghanlou,2023-2024,2023-11-28,900000.0,Clube Desportivo Santa Clara,PO1,0.0,0.0,True,Liga Portugal
357608,Yan Vorogovskiy,2023-2024,2023-11-15,500000,,,Yan Vorogovskiy,2023-2024,2023-11-15,500000.0,Beerschot VA,BE1,0.0,0.0,True,Belgian Pro League
357622,Alexander Jallow,2025-2026,2025-10-21,700000,Idrottsföreningen Kamraterna Göteborg,SE1,,,,,,,,,True,
357778,Sandro Kulenović,2025-2026,2025-12-22,4000000,Torino Calcio,IT1,,,,,,,,,True,
357858,Marc Tsoungui,2025-2026,2025-10-21,100000,Asociația Fotbal Club Unirea 04 Slobozia,RO1,,,,,,,,,True,
357937,Braian Romero,2025-2026,2026-03-18,700000,Club Atlético Vélez Sársfield,ARG1,,,,,,,,,True,
357956,Federico Fattori,2025-2026,2025-12-17,650000,Asociación Atlética Argentinos Juniors,ARG1,,,,,,,,,True,
358015,Fabián Sambueza,2025-2026,2025-12-05,100000,Atlético Bucaramanga,COL1,,,,,,,,,True,
358165,Yordan Osorio,2022-2023,2023-06-12,2000000,,,Yordan Osorio,2022-2023,2023-06-12,2000000.0,Deportes Tolima,COL1,0.0,0.0,True,
358195,David Nwolokor,2025-2026,2025-12-30,150000,Hrvatski Nogometni Klub Rijeka,KR1,,,,,,,,,True,
358216,Powell Obinna Obi,2025-2026,2025-12-15,100000,Avispa Fukuoka,JAP1,,,,,,,,,True,
358418,Gabriel Ávalos,2025-2026,2025-12-17,800000,Club Atlético Independiente de Avellaneda,ARG1,,,,,,,,,True,
358648,Anton Kryvotsiuk,2025-2026,2025-12-16,700000,Foundation Coorperation Hana Financial Group Inc. Football Club,RSK1,,,,,,,,,True,
358726,Julian Faye Lund,2025-2026,2025-12-15,300000,Fotballklubben Bodø/Glimt,NO1,,,,,,,,,True,
358734,Alexandru Boiciuc,2022-2023,2023-06-23,250000,Karpaty Lviv (-2021),UKR1,Alexandru Boiciuc,2022-2023,2023-06-23,250000.0,,,0.0,0.0,True,
358832,Abdulrahman Al-Khaibary,2025-2026,2025-12-18,50000,Al-Hazem Sport Club,SA1,,,,,,,,,True,
359030,Filip Wójcik,2025-2026,2025-12-08,250000,Motor Lublin Spółka Akcyjna,PL1,,,,,,,,,True,
359238,Kohei Tezuka,2025-2026,2025-12-15,350000,Hitachi Kashiwa Reysol,JAP1,,,,,,,,,True,
359346,Abdulhadi Al-Harajin,2025-2026,2025-12-18,125000,Al-Hazem Sport Club,SA1,,,,,,,,,True,
359409,Dominik Schmid,2025-2026,2025-12-29,3000000,FC Basel 1893 AG,C1,,,,,,,,,True,
360338,Marcos Peano,2025-2026,2025-12-10,1500000,RAAL La Louvière,BE1,,,,,,,,,True,
360526,Emmanuel Martínez,2025-2026,2025-12-10,1200000,Esporte Clube Vitória,BRA1,,,,,,,,,True,
360797,Joaquín Laso,2025-2026,2025-12-17,250000,Club Atlético Tigre,ARG1,,,,,,,,,True,
361001,Matus Hruska,2025-2026,2025-12-22,200000,"SK Sigma Olomouc, a.s.",TS1,,,,,,,,,True,
361433,Jáder Obrian,2025-2026,2025-12-11,1500000,Independiente Santa Fe,COL1,,,,,,,,,True,
361467,Brian Andrada,2025-2026,2025-11-26,200000,Club Atlético Gimnasia y Esgrima de Mendoza,ARG1,,,,,,,,,True,
361772,Dino Besirovic,2025-2026,2025-11-19,450000,Allmänna Idrottsklubben,SE1,,,,,,,,,True,
362358,Facundo Altamirano,2025-2026,2026-03-18,500000,Club Atlético San Lorenzo de Almagro,ARG1,,,,,,,,,True,
362529,Andriy Storchous,2025-2026,2025-12-18,300000,FK Kudrivka-1,UKR1,,,,,,,,,True,
362548,Mario Tadic,2025-2026,2025-12-22,50000,HNK Vukovar 1991,KR1,,,,,,,,,True,
362577,Leonardo Saldaña,2025-2026,2025-12-05,50000,Alianza FC,COL1,,,,,,,,,True,
362694,Rikito Inoue,2025-2026,2025-12-15,325000,Cerezo Osaka,JAP1,,,,,,,,,True,
362779,Masaaki Murakami,2025-2026,2025-12-15,300000,Kyoto Purple Sanga,JAP1,,,,,,,,,True,
362905,Qasem Lajami,2025-2026,2025-12-18,225000,Al-Taawoun Football Club,SA1,,,,,,,,,True,
363173,Carlinhos,2025-2026,2025-12-10,1000000,Clube de Regatas do Flamengo,BRA1,,,,,,,,,True,
363511,António Gomes,2025-2026,2025-12-11,200000,FK Radnički 1923 Kragujevac,SER1,,,,,,,,,True,
364057,Sebastián Acosta,2025-2026,2025-12-05,50000,Deportivo Pereira,COL1,,,,,,,,,True,
364058,Jesús Murillo,2025-2026,2025-12-29,2000000,Fútbol Club Juárez,MEX1,,,,,,,,,True,
364117,Hazzaa Al-Ghamdi,2025-2026,2025-12-18,150000,Damac Football Club,SA1,,,,,,,,,True,
364375,Oliver Wähling,2025-2026,2026-03-10,200000,Fußballclub Blau-Weiß Linz,A1,,,,,,,,,True,
364445,Hamad Al-Jayzani,2025-2026,2025-12-18,150000,Al-Khaleej Club (Saihat),SA1,,,,,,,,,True,
364450,Fawaz Al-Sqoor,2025-2026,2025-12-18,550000,Al-Shabab Club,SA1,,,,,,,,,True,
364467,Khaled Al-Muqaitib,2025-2026,2025-12-18,50000,Al-Najma Sport Club,SA1,,,,,,,,,True,
364586,Danilo Arboleda,2025-2026,2026-03-18,500000,Club Atlético Banfield,ARG1,,,,,,,,,True,
364602,Alexis Castro,2025-2026,2025-12-17,1200000,Club Estudiantes de La Plata,ARG1,,,,,,,,,True,
364696,Chan-yong Park,2025-2026,2025-12-16,750000,Football Club Pohang Steelers,RSK1,,,,,,,,,True,
364697,Sebastian Mailat,2025-2026,2026-03-27,1200000,Asociația Fotbal Club Botoșani,RO1,,,,,,,,,True,
364708,Hatem Al-Juhani,2025-2026,2025-12-18,125000,Al-Okhdood Club,SA1,,,,,,,,,True,
364773,Nader Al-Sharari,2025-2026,2025-12-18,400000,Al-Nassr Football Club,SA1,,,,,,,,,True,
364945,Eric Ramírez,2025-2026,2026-03-18,1000000,Club Atlético Huracán,ARG1,,,,,,,,,True,
364972,Marlon Freitas,2025-2026,2025-12-10,6000000,Sociedade Esportiva Palmeiras,BRA1,,,,,,,,,True,
365107,Anel Husic,2025-2026,2025-12-22,850000,Hrvatski Nogometni Klub Rijeka,KR1,,,,,,,,,True,
365134,Justin Roth,2025-2026,2026-03-17,700000,FC Thun,C1,,,,,,,,,True,
365175,Benson Sakala,2025-2026,2025-12-22,375000,"Bohemians Praha 1905, a.s.",TS1,,,,,,,,,True,
365368,Matheuzinho,2025-2026,2026-03-12,2500000,Esporte Clube Vitória,BRA1,,,,,,,,,True,
365377,Jin-gyu Kim,2025-2026,2025-12-16,1200000,Jeonbuk Hyundai Motors,RSK1,,,,,,,,,True,
365756,Cristian Arrieta,2025-2026,2025-12-05,350000,Deportes Tolima,COL1,,,,,,,,,True,
366213,,2025-2026,2025-12-08,250000,,,,,,,,,,,True,
366287,Danijel Loncar,2025-2026,2025-12-08,500000,Morski Klub Sportowy Pogoń Szczecin,PL1,,,,,,,,,True,
366324,Álvaro Angulo,2025-2026,2025-12-29,2800000,Club Universidad Nacional A. C.,MEX1,,,,,,,,,True,
366458,Kalle Joelsson,2025-2026,2025-11-19,350000,Allmänna Idrottsklubben,SE1,,,,,,,,,True,
366543,Thomas Deng,2025-2026,2025-12-15,550000,Yokohama Marinos,JAP1,,,,,,,,,True,
366711,Israel Alba,2025-2026,2026-03-17,150000,Atlético Bucaramanga,COL1,,,,,,,,,True,
366718,Marcel Cermak,2025-2026,2025-12-22,450000,FK Dukla Praha a.s.,TS1,,,,,,,,,True,
366883,Daniel Tetour,2025-2026,2026-03-24,150000,1. FC Slovácko,TS1,,,,,,,,,True,
367232,Eric Kitolano,2025-2026,2025-12-15,600000,Lillestrøm Sportsklubb,NO1,,,,,,,,,True,
367243,Emil Ødegaard,2025-2026,2025-12-15,350000,KFUM-Kameratene Oslo,NO1,,,,,,,,,True,
367244,Christian Borchgrevink,2025-2026,2025-12-10,450000,Heart of Midlothian Football Club,SC1,,,,,,,,,True,
367250,,2025-2026,2025-12-15,350000,,,,,,,,,,,True,
367274,Felix Horn Myhre,2025-2026,2025-12-15,3500000,Sportsklubben Brann,NO1,,,,,,,,,True,
367429,Raheem Edwards,2025-2026,2025-12-11,800000,Toronto FC,MLS1,,,,,,,,,True,
367436,Greg Ranjitsingh,2025-2026,2025-12-11,100000,New York City Football Club,MLS1,,,,,,,,,True,
367552,Dave Romney,2025-2026,2025-12-11,600000,San Jose Earthquakes,MLS1,,,,,,,,,True,
367653,Antonin Krapka,2025-2026,2026-03-24,175000,"Bohemians Praha 1905, a.s.",TS1,,,,,,,,,True,
367795,Fran Karacic,2025-2026,2025-12-22,750000,NK Osijek s.d.d.,KR1,,,,,,,,,True,
368406,Milan Knobloch,2025-2026,2025-12-22,75000,FC Trinity Zlin,TS1,,,,,,,,,True,
368565,Gustav Henriksson,2025-2026,2025-12-08,900000,Klub Sportowy Cracovia Spółka Akcyjna,PL1,,,,,,,,,True,
368693,Francisco Tinaglini,2025-2026,2025-12-12,400000,Panserraikos Serres,GR1,,,,,,,,,True,
368801,Matías Vera,2025-2026,2025-12-17,350000,Club Atlético Central Córdoba,ARG1,,,,,,,,,True,
368942,Alexandru Mățan,2025-2026,2025-12-12,2000000,Panetolikos Agrinio,GR1,,,,,,,,,True,
368984,Michael Schjönning-Larsen,2025-2026,2025-11-14,350000,Kilmarnock Football Club,SC1,,,,,,,,,True,
369090,Abdullah Al-Ammar,2025-2026,2025-12-18,400000,Al-Hazem Sport Club,SA1,,,,,,,,,True,
369100,Erlend Dahl Reitan,2025-2026,2025-12-15,500000,Idrettsklubben Start,NO1,,,,,,,,,True,
369101,Erlend Segberg,2025-2026,2025-12-17,200000,Idrettsklubben Start,NO1,,,,,,,,,True,
369367,Joackim Fagerjord,2025-2026,2025-11-19,400000,GAIS,SE1,,,,,,,,,True,
369556,Leonardo Godoy,2025-2026,2025-12-17,1700000,Club Atlético Independiente de Avellaneda,ARG1,,,,,,,,,True,
369580,Alem Pasic,2025-2026,2025-12-22,500000,Fußballclub Blau-Weiß Linz,A1,,,,,,,,,True,
369599,Warren Caddy,2025-2026,2025-12-29,600000,Randers Fodbold Club,DK1,,,,,,,,,True,
369653,Daleho Irandust,2022-2023,2023-06-23,700000,Football Club Groningen,NL1,Daleho Irandust,2022-2023,2023-06-23,700000.0,Idrottsföreningen  Brommapojkarna,SE1,0.0,0.0,True,
369675,Magnus Christensen,2022-2023,2023-06-29,400000,Aalborg BK,DK1,Magnus Christensen,2022-2023,2023-06-29,400000.0,Östers IF,SE1,0.0,0.0,True,
369911,Filip Ottosson,2025-2026,2025-12-15,600000,Idrottsföreningen Kamraterna Göteborg,SE1,,,,,,,,,True,
370555,Dawid Błanik,2025-2026,2026-03-26,550000,Miejski Klub Sportowy Korona Kielce Spółka Akcyjna,PL1,,,,,,,,,True,
370561,Sergio Santos,2025-2026,2025-12-11,800000,Atlanta United Football Club,MLS1,,,,,,,,,True,
370678,Jhon Fredy Salazar,2025-2026,2026-03-17,400000,Atlético Bucaramanga,COL1,,,,,,,,,True,
370861,Iván López,2025-2026,2025-12-29,1500000,Club Tigres UANL Sinergia Deportiva S.A. de C.V.,MEX1,,,,,,,,,True,
370864,Roberto Meraz,2025-2026,2025-12-29,2000000,Club Atlético de San Luis,MEX1,,,,,,,,,True,
370868,Efraín Orona,2025-2026,2025-12-29,1000000,Club Santos Laguna S. A. de C. V.,MEX1,,,,,,,,,True,
370869,Daniel Parra,2025-2026,2025-12-22,200000,Querétaro Fútbol Club,MEX1,,,,,,,,,True,
370875,Érick Sánchez,2025-2026,2026-03-26,6000000,Club de Futbol América S. A. de C. V.,MEX1,,,,,,,,,True,
370879,Simen Hestnes,2025-2026,2025-12-15,450000,KFUM-Kameratene Oslo,NO1,,,,,,,,,True,
370894,Tobias Christensen,2025-2026,2026-03-27,2500000,Fotbal Club Rapid 1923 SA,RO1,,,,,,,,,True,
370999,Luka Jelenic,2025-2026,2025-12-22,1000000,NK Osijek s.d.d.,KR1,,,,,,,,,True,
371004,Matej Vuk,2025-2026,2025-12-22,400000,NK Varazdin,KR1,,,,,,,,,True,
371009,Rony,2025-2026,2025-12-10,5000000,Santos Futebol Clube,BRA1,,,,,,,,,True,
371012,Michele Sego,2025-2026,2025-12-22,2000000,HNK Hajduk Split,KR1,,,,,,,,,True,
371013,Ivor Pandur,2023-2024,2024-05-24,2000000,Fortuna Sittardia Combinatie,NL1,Ivor Pandur,2023-2024,2024-05-24,2000000.0,Hull City,GB1,0.0,0.0,True,Premier League
371167,André Alcaráz,2025-2026,2025-12-29,250000,Mazatlán Futbol Club,MEX1,,,,,,,,,True,
371168,Roberto de la Rosa,2025-2026,2026-03-26,2000000,Club de Fútbol Monterrey Rayados A.C.,MEX1,,,,,,,,,True,
371169,Haret Ortega,2025-2026,2025-12-29,1200000,Club Santos Laguna S. A. de C. V.,MEX1,,,,,,,,,True,
371171,Alexis Gutiérrez,2025-2026,2025-12-29,4000000,Club de Futbol América S. A. de C. V.,MEX1,,,,,,,,,True,
371185,Jairo Torres,2025-2026,2025-12-29,2500000,Fútbol Club Juárez,MEX1,,,,,,,,,True,
371231,Jean,2025-2026,2026-03-17,600000,CD América de Cali,COL1,,,,,,,,,True,
371250,Edu Ribeiro,2025-2026,2025-12-10,800000,Esporte Clube Vitória,BRA1,,,,,,,,,True,
371267,Rafael Navarro,2025-2026,2025-12-11,5000000,Colorado Rapids,MLS1,,,,,,,,,True,
371345,Dimitar Sheytanov,2022-2023,2023-06-05,500000,,,Dimitar Sheytanov,2022-2023,2023-06-05,500000.0,Desportivo Aves (- 2020),PO1,0.0,0.0,True,Liga Portugal
371430,Lukas Gütlbauer,2025-2026,2025-12-22,500000,RZ Pellets Wolfsberger Athletiksport Club,A1,,,,,,,,,True,
371864,David Brekalo,2025-2026,2025-12-11,4000000,Orlando City Soccer Club,MLS1,,,,,,,,,True,
371968,Clayton,2025-2026,2025-12-10,800000,Sport Club Internacional,BRA1,,,,,,,,,True,
372046,Lincoln,2025-2026,2025-12-11,350000,Fudbalski Klub Spartak Ždrepčeva krv,SER1,,,,,,,,,True,
372115,Rihards Matrevics,2025-2026,2026-03-24,350000,FK Dukla Praha a.s.,TS1,,,,,,,,,True,
372446,Diogo Batista,2025-2026,2026-03-27,200000,Asociația Fotbal Club Hermannstadt,RO1,,,,,,,,,True,
372450,Bernardo Morgado,2022-2023,2023-06-29,50000,Vitória Setúbal FC,PO1,Bernardo Morgado,2022-2023,2023-06-29,50000.0,Degerfors IF,SE1,0.0,0.0,True,
372468,David Grilo,2025-2026,2025-12-18,100000,Club Football Estrela da Amadora,PO1,,,,,,,,,True,
372908,Alexandru Albu,2025-2026,2025-12-09,275000,Asociația Fotbal Club Unirea 04 Slobozia,RO1,,,,,,,,,True,
373170,Cristian Pavón,2025-2026,2025-12-10,1700000,Grêmio Foot-Ball Porto Alegrense,BRA1,,,,,,,,,True,
373174,Dodi,2025-2026,2025-12-10,700000,Grêmio Foot-Ball Porto Alegrense,BRA1,,,,,,,,,True,
373189,David,2025-2026,2025-12-10,1500000,Club de Regatas Vasco da Gama,BRA1,,,,,,,,,True,
373193,Yuri Lara,2025-2026,2025-12-15,600000,Mirasol Futebol Clube,BRA1,,,,,,,,,True,
373446,David Duarte,2025-2026,2025-12-10,1200000,Esporte Clube Bahia,BRA1,,,,,,,,,True,
373876,Robert Ivanov,2025-2026,2025-12-12,600000,A.G.S Asteras Tripolis,GR1,,,,,,,,,True,
374058,Marko Jevtic,2025-2026,2025-12-11,400000,Fudbalski Klub IMT Novi Beograd,SER1,,,,,,,,,True,
374075,Anes Rusevic,2025-2026,2025-10-21,175000,Fudbalski Klub Novi Pazar,SER1,,,,,,,,,True,
374136,Léo Ortiz,2025-2026,2026-03-12,14000000,Clube de Regatas do Flamengo,BRA1,,,,,,,,,True,
374282,Tah Anunga,2025-2026,2025-12-11,800000,Football Club Cincinnati,MLS1,,,,,,,,,True,
374321,Eman Marković,2025-2026,2026-03-26,450000,GKS GieKSa Katowice Spółka Akcyjna,PL1,,,,,,,,,True,
374554,Joshua Yaro,2025-2026,2025-12-11,500000,St. Louis City Soccer Club,MLS1,,,,,,,,,True,
374561,Takaaki Shichi,2025-2026,2025-12-15,350000,Sanfrecce Hiroshima,JAP1,,,,,,,,,True,
374562,Sebastian Milewski,2025-2026,2026-03-26,400000,GKS GieKSa Katowice Spółka Akcyjna,PL1,,,,,,,,,True,
374984,Sean Mackie,2021-2022,2021-12-31,300000,Hibernian Football Club,SC1,Sean Mackie,2021-2022,2021-12-31,300000.0,Falkirk Football & Athletic Club,SC1,0.0,0.0,True,
375300,Adalberto Carrasquilla,2025-2026,2026-03-26,4000000,Club Universidad Nacional A. C.,MEX1,,,,,,,,,True,
375355,Lukas Sulzbacher,2025-2026,2025-12-22,400000,Wattener Sportgemeinschaft Swarovski Tirol,A1,,,,,,,,,True,
375403,Kristoffer Tønnessen,2025-2026,2025-12-15,400000,Idrettsklubben Start,NO1,,,,,,,,,True,
375564,Evan Louro,2025-2026,2025-12-11,150000,Football Club Cincinnati,MLS1,,,,,,,,,True,
375712,Mihai Butean,2025-2026,2025-12-11,450000,Fudbalski Klub Vojvodina,SER1,,,,,,,,,True,
375821,Lucas Fernandes,2025-2026,2025-12-15,1200000,Cerezo Osaka,JAP1,,,,,,,,,True,
376127,Stefan Kovac,2025-2026,2026-03-25,1200000,FK Baltika,RU1,,,,,,,,,True,
376155,Diego,2025-2026,2025-12-15,500000,Rakuten Vissel Kobe,JAP1,,,,,,,,,True,
376452,Mladen Devetak,2025-2026,2025-12-22,1000000,Hrvatski Nogometni Klub Rijeka,KR1,,,,,,,,,True,
376541,Robi Saarma,2025-2026,2025-12-22,450000,FK Pardubice,TS1,,,,,,,,,True,
376587,Ranko Jokic,2025-2026,2025-12-08,200000,Fudbalski Klub Radnički Niš,SER1,,,,,,,,,True,
376649,Abdelkader Bedrane,2025-2026,2025-12-18,400000,Damac Football Club,SA1,,,,,,,,,True,
376702,Oscar Buch,2025-2026,2025-12-15,450000,Fodbold Club Fredericia,DK1,,,,,,,,,True,
376710,Mauro Pittón,2025-2026,2025-12-17,2500000,Club Atlético Unión,ARG1,,,,,,,,,True,
376853,Fernando Alarcón,2025-2026,2025-12-17,1500000,Instituto Atlético Central Córdoba,ARG1,,,,,,,,,True,
376858,Gabriel Báez,2025-2026,2025-12-17,800000,Club Atlético Talleres,ARG1,,,,,,,,,True,
376859,Jalil Elías,2025-2026,2026-03-18,1800000,Club Atlético Tigre,ARG1,,,,,,,,,True,
377389,Leonardo Flores,2025-2026,2025-12-05,400000,Atlético Bucaramanga,COL1,,,,,,,,,True,
377465,Tim Rönning,2025-2026,2025-11-19,350000,Halmstads BK,SE1,,,,,,,,,True,
377480,York Rafael,2025-2026,2025-11-19,150000,Football Club Anyang,RSK1,,,,,,,,,True,
377729,Martijn Kaars,2025-2026,2026-03-20,3000000,Fußball-Club St. Pauli von 1910,L1,,,,,,,,,True,
378189,Lucas Ramon,2025-2026,2026-03-12,750000,São Paulo Futebol Clube,BRA1,,,,,,,,,True,
378351,Paul Bellón,2025-2026,2025-12-29,1200000,Club León Fútbol Club,MEX1,,,,,,,,,True,
378478,Henry Wingo,2025-2026,2025-12-11,400000,Toronto FC,MLS1,,,,,,,,,True,
378871,Carlos Coronel,2025-2026,2025-12-11,1500000,São Paulo Futebol Clube,BRA1,,,,,,,,,True,
379058,Mohammed Al-Burayk,2025-2026,2025-12-18,400000,Neom Sports Club,SA1,,,,,,,,,True,
379194,Eduard Florescu,2025-2026,2026-03-27,450000,Asociația Fotbal Club Hermannstadt,RO1,,,,,,,,,True,
379409,Young-bin Kim,2025-2026,2025-12-16,400000,Jeonbuk Hyundai Motors,RSK1,,,,,,,,,True,
379411,Hyun-woo Ju,2025-2026,2025-12-16,200000,Football Club Anyang,RSK1,,,,,,,,,True,
379438,Seung-hyun Jung,2025-2026,2025-12-16,1200000,Ulsan Hyundai Football Club,RSK1,,,,,,,,,True,
379444,Tae-hee Lee,2025-2026,2025-12-16,200000,Football Club Anyang,RSK1,,,,,,,,,True,
379604,Snorre Strand Nilsen,2025-2026,2025-12-15,300000,Hamarkameratene,NO1,,,,,,,,,True,
379752,Alexander Barboza,2025-2026,2025-12-10,5000000,S. A. F. Botafogo,BRA1,,,,,,,,,True,
379875,Leandro Antunes,2025-2026,2026-03-30,1500000,Al-Riyadh Saudi Club,SA1,,,,,,,,,True,
380205,Waleed Al-Ahmad,2025-2026,2026-03-30,1400000,Al-Qadsiah Saudi Football Club,SA1,,,,,,,,,True,
380936,Simon Gefvert,2025-2026,2025-11-19,800000,Västerås Sportklubb FK,SE1,,,,,,,,,True,
380974,Horacio Tijanovich,2025-2026,2025-12-17,250000,Club Atlético Central Córdoba,ARG1,,,,,,,,,True,
380996,Lucas Rodríguez,2025-2026,2026-03-26,2000000,Querétaro Fútbol Club,MEX1,,,,,,,,,True,
381004,Vinko Medjimorec,2025-2026,2025-12-22,50000,NK Slaven Belupo Koprivnica,KR1,,,,,,,,,True,
381065,Victorio Ramis,2025-2026,2025-12-17,100000,Club Sportivo Independiente Rivadavia,ARG1,,,,,,,,,True,
381069,Marcus Godinho,2022-2023,2023-06-09,400000,Miejski Klub Sportowy Korona Kielce Spółka Akcyjna,PL1,Marcus Godinho,2022-2023,2023-06-09,400000.0,Degerfors IF,SE1,0.0,0.0,True,
381209,Rober Sierra,2025-2026,2026-03-27,800000,Asociația Clubul Sportiv Campionii Fotbal Club Argeș,RO1,,,,,,,,,True,
381299,Igor Kotsyumaka,2025-2026,2025-12-18,100000,SK Poltava,UKR1,,,,,,,,,True,
381337,Milen Zhelev,2025-2026,2025-12-19,400000,SC Oţelul Galaţi,RO1,,,,,,,,,True,
381349,Nökkvi Thórisson,2025-2026,2025-12-02,500000,Sportclub Telstar,NL1,,,,,,,,,True,
381706,Arvid Brorsson,2025-2026,2025-12-11,500000,AC Monza,IT1,Arvid Brorsson,2025-2026,2025-12-11,500000.0,Mjällby Almänna Idrottsförening,SE1,0.0,0.0,True,
382204,Martin Koscelník,2025-2026,2026-03-24,200000,1. FC Slovácko,TS1,,,,,,,,,True,
382429,Bartosz Slisz,2025-2026,2025-12-11,4000000,Brøndby Idrætsforening,DK1,,,,,,,,,True,
383310,Yasuki Kimoto,2025-2026,2025-12-15,250000,Tokyo Football Club,JAP1,,,,,,,,,True,
383637,Evandro,2025-2026,2025-12-16,200000,FK Radnički 1923 Kragujevac,SER1,,,,,,,,,True,
383758,Vladyslav Danylenko,2025-2026,2025-12-18,150000,SK Poltava,UKR1,,,,,,,,,True,
384129,Adrián Zendejas,2025-2026,2025-12-11,175000,Vancouver Whitecaps FC,MLS1,,,,,,,,,True,
384337,Sebastian Bergier,2025-2026,2026-03-26,2000000,Widzew Łódź Spółka Akcyjna,PL1,,,,,,,,,True,
384368,Bryan Colula,2025-2026,2025-12-29,1200000,Club León Fútbol Club,MEX1,,,,,,,,,True,
384524,Serafin Szota,2025-2026,2026-03-26,400000,Morski Związkowy Klub Sportowy Arka Gdynia Spółka Akcyjna,PL1,,,,,,,,,True,
384568,Stjepan Radeljic,2025-2026,2025-12-22,2800000,Hrvatski Nogometni Klub Rijeka,KR1,,,,,,,,,True,
384580,Diego Herazo,2025-2026,2025-12-17,450000,Club Atlético San Lorenzo de Almagro,ARG1,,,,,,,,,True,
384581,Ever Valencia,2025-2026,2025-12-05,350000,Deportes Tolima,COL1,,,,,,,,,True,
384664,,2025-2026,2026-03-26,300000,,,,,,,,,,,True,
384761,Leonardo Sequeira,2025-2026,2025-12-17,550000,Club Atlético Huracán,ARG1,,,,,,,,,True,
384823,Oskar Repka,2025-2026,2026-03-26,2000000,RKS Raków Częstochowa SA,PL1,,,,,,,,,True,
384844,Mathieu Scalet,2025-2026,2026-03-26,250000,Motor Lublin Spółka Akcyjna,PL1,,,,,,,,,True,
385454,Cristian Dájome,2025-2026,2026-03-26,650000,Club Santos Laguna S. A. de C. V.,MEX1,,,,,,,,,True,
385518,Damian Michalski,2025-2026,2026-03-26,500000,Zagłębie Lubin Spółka Akcyjna,PL1,,,,,,,,,True,
385614,,2025-2026,2026-03-26,200000,,,,,,,,,,,True,
385759,Michał Kaput,2025-2026,2026-03-26,250000,Radomiak S.A.,PL1,,,,,,,,,True,
385986,Juhani Pikkarainen,2025-2026,2025-11-19,600000,Degerfors IF,SE1,,,,,,,,,True,
386091,Cayman Togashi,2025-2026,2025-12-11,150000,Atlanta United Football Club,MLS1,,,,,,,,,True,
386129,Jovan Marinkovic,2025-2026,2025-12-11,500000,Fudbalski Klub Novi Pazar,SER1,,,,,,,,,True,
386224,Milan Pavkov,2025-2026,2025-12-11,350000,Fudbalski klub Čukarički Beograd,SER1,,,,,,,,,True,
386501,Bong-hun Yeo,2025-2026,2025-12-16,50000,Bucheon Football Club 1995,RSK1,,,,,,,,,True,
386659,Jon Ceberio,2025-2026,2025-12-18,250000,Epicentr Dunaivtsi,UKR1,,,,,,,,,True,
386685,Matheo Raab,2025-2026,2025-12-19,600000,1. Fußballclub Union Berlin,L1,,,,,,,,,True,
387502,Go Hatano,2025-2026,2025-12-15,300000,V-Varen Nagasaki,JAP1,,,,,,,,,True,
387529,Jakub Łabojko,2025-2026,2026-03-26,350000,Motor Lublin Spółka Akcyjna,PL1,,,,,,,,,True,
387611,Lima,2025-2026,2025-12-10,2500000,Club de Futbol América S. A. de C. V.,MEX1,,,,,,,,,True,
387925,Ronaldo,2025-2026,2026-03-12,2000000,Esporte Clube Bahia,BRA1,,,,,,,,,True,
387944,Mohamed Réda Halaïmia,2023-2024,2023-07-27,500000,,,Mohamed Réda Halaïmia,2023-2024,2023-07-27,500000.0,Beerschot VA,BE1,0.0,0.0,True,Belgian Pro League
388144,Antonio Borsic,2025-2026,2025-12-22,700000,NK Varazdin,KR1,,,,,,,,,True,
388220,Sayfallah Ltaief,2025-2026,2025-12-02,1300000,SpVgg Greuther Fürth,L1,Sayfallah Ltaief,2025-2026,2025-12-02,1300000.0,Football Club Twente,NL1,0.0,0.0,True,Eredivisie
388287,Yeison Suárez,2025-2026,2025-12-05,800000,Junior FC,COL1,,,,,,,,,True,
388646,Sivert Øverby,2025-2026,2025-11-19,300000,Kalmar Fotbollförening,SE1,,,,,,,,,True,
389010,Jhon Vásquez,2025-2026,2025-12-05,200000,Llaneros FC,COL1,,,,,,,,,True,
389181,Gyu-sung Lee,2025-2026,2025-12-16,500000,Ulsan Hyundai Football Club,RSK1,,,,,,,,,True,
389255,Brandon Vazquez,2025-2026,2025-12-11,6000000,Austin FC,MLS1,,,,,,,,,True,
389621,Kristian Vallo,2025-2026,2025-12-22,350000,MFK Karvina,TS1,,,,,,,,,True,
390038,Felix Jakobsson,2025-2026,2025-11-19,300000,Hammarby IF,SE1,,,,,,,,,True,
390168,Kreshnik Hajrizi,2025-2026,2025-12-29,700000,FC Sion,C1,,,,,,,,,True,
390368,Vitor Bueno,2025-2026,2025-12-15,1200000,Cerezo Osaka,JAP1,Vitor Bueno,2023-2024,2023-07-25,1500000.0,Clube do Remo,BRA1,300000.0,0.25,True,
390926,Jhojan Julio,2025-2026,2025-12-29,1200000,Querétaro Fútbol Club,MEX1,,,,,,,,,True,
391374,Marcin Wasielewski,2025-2026,2025-12-08,350000,GKS GieKSa Katowice Spółka Akcyjna,PL1,,,,,,,,,True,
391445,Marco Dulca,2025-2026,2025-12-19,250000,Fotbal Club Petrolul Ploiești,RO1,,,,,,,,,True,
391529,Daichi Ishikawa,2025-2026,2025-12-15,700000,JEF United,JAP1,,,,,,,,,True,
391547,Shintaro Nago,2025-2026,2025-12-15,900000,Avispa Fukuoka,JAP1,,,,,,,,,True,
391631,Arata Watanabe,2025-2026,2025-12-15,700000,Football Club Mito HollyHock,JAP1,,,,,,,,,True,
391632,Yuya Yamagishi,2025-2026,2025-12-15,600000,Nagoya Grampus Eight,JAP1,,,,,,,,,True,
391887,Yuri Araújo,2025-2026,2025-12-15,300000,Yokohama Marinos,JAP1,,,,,,,,,True,
391926,Nikola Sreckovic,2025-2026,2025-12-11,250000,Fudbalski Klub Radnički Niš,SER1,,,,,,,,,True,
391929,Leon Flach,2025-2026,2026-03-26,1500000,Jagiellonia-Bialystok Sportowa Spólka Akcyjna,PL1,,,,,,,,,True,
392093,Santiago Giordana,2025-2026,2026-03-17,200000,Millonarios FC,COL1,,,,,,,,,True,
392275,Martin Ove Roseth,2025-2026,2025-12-15,900000,Viking Fotballklubb,NO1,,,,,,,,,True,
392306,Ivan Bozic,2025-2026,2025-12-22,300000,NK Slaven Belupo Koprivnica,KR1,,,,,,,,,True,
392743,Jesper Löfgren,2025-2026,2025-12-29,250000,FC Luzern,C1,,,,,,,,,True,
393327,Will Sands,2025-2026,2025-12-11,300000,New England Revolution,MLS1,,,,,,,,,True,
393686,Tobias Lawal,2025-2026,2025-12-10,2500000,Koninklijke Racing Club Genk,BE1,,,,,,,,,True,
393696,Kelvin Osorio,2025-2026,2026-03-17,350000,Llaneros FC,COL1,,,,,,,,,True,
393745,Jusuf Gazibegovic,2025-2026,2025-12-19,2500000,Sportklub Puntigamer Sturm Graz,A1,,,,,,,,,True,
393766,Jonas Auer,2025-2026,2026-03-10,600000,Sportklub Rapid,A1,,,,,,,,,True,
393825,Silvio Gorican,2025-2026,2025-12-22,650000,NK Lokomotiva Zagreb,KR1,,,,,,,,,True,
393964,Stiven Vega,2025-2026,2025-12-05,650000,Millonarios FC,COL1,,,,,,,,,True,
393999,Florian Wiegele,2025-2026,2026-03-24,1800000,"FC Viktoria Plzeň, a.s.",TS1,,,,,,,,,True,
394008,Niklas Geyrhofer,2025-2026,2026-03-10,1000000,Sportklub Puntigamer Sturm Graz,A1,,,,,,,,,True,
394018,Lukas Fadinger,2025-2026,2025-12-10,350000,Motherwell Football Club,SC1,,,,,,,,,True,
394032,Thomas Sabitzer,2025-2026,2026-03-10,400000,Wattener Sportgemeinschaft Swarovski Tirol,A1,,,,,,,,,True,
394435,Sheriff Sinyan,2025-2026,2026-03-27,1000000,Fotbal Club CFR 1907 Cluj SA,RO1,,,,,,,,,True,
394475,Marius Coman,2025-2026,2026-03-27,650000,Asociația Fotbal Club UTA Arad,RO1,,,,,,,,,True,
394481,Costinel Tofan,2025-2026,2026-03-27,150000,Asociația Clubul Sportiv Campionii Fotbal Club Argeș,RO1,,,,,,,,,True,
394733,Ole Kristian Lauvli,2025-2026,2025-12-15,200000,Tromsø Idrettslag,NO1,,,,,,,,,True,
394980,Marat Bystrov,2023-2024,2024-06-26,500000,,,Marat Bystrov,2023-2024,2024-06-26,500000.0,RFK Akhmat Grozny,RU1,0.0,0.0,True,
395107,Joss Didiba,2025-2026,2025-12-22,350000,FC Trinity Zlin,TS1,,,,,,,,,True,
395216,Bruno Pittón,2025-2026,2025-12-17,350000,Club Atlético Unión,ARG1,,,,,,,,,True,
395230,Hakim Guenouche,2025-2026,2026-03-10,300000,Fußballklub Austria Wien,A1,,,,,,,,,True,
395451,Jerome Tibbling Ugwo,2025-2026,2026-03-30,100000,Örgryte IS,SE1,,,,,,,,,True,
395514,Théo Epailly,2025-2026,2025-12-10,400000,HNK Gorica,KR1,,,,,,,,,True,
395589,Miki Yamane,2025-2026,2025-12-11,1200000,Los Angeles Galaxy,MLS1,,,,,,,,,True,
395799,Răzvan Trif,2025-2026,2025-10-21,450000,Asociația Futball Klub Csíkszereda Miercurea Ciuc,RO1,,,,,,,,,True,
395800,Darius Olaru,2025-2026,2026-03-27,5000000,SC Fotbal Club FCSB SA,RO1,,,,,,,,,True,
395867,Akira Fantini,2024-2025,2025-05-29,50000,Kyoto Purple Sanga,JAP1,,,,,,,,,True,
396225,Vaclav Mika,2025-2026,2025-12-19,225000,"FC Viktoria Plzeň, a.s.",TS1,,,,,,,,,True,
396235,Vasil Kusej,2025-2026,2026-03-24,4500000,"SK Slavia Praha, a.s.",TS1,,,,,,,,,True,
396298,Mathias Nilsson,2025-2026,2026-03-30,150000,Örgryte IS,SE1,,,,,,,,,True,
396645,,2025-2026,2026-03-06,350000,,,,,,,,,,,True,
396646,Guy Dahan,2025-2026,2025-12-01,250000,Asociația Fotbal Club Unirea 04 Slobozia,RO1,,,,,,,,,True,
396744,Ikki Arai,2025-2026,2025-12-15,300000,V-Varen Nagasaki,JAP1,,,,,,,,,True,
396749,Ryuji Izumi,2025-2026,2025-12-15,450000,Nagoya Grampus Eight,JAP1,,,,,,,,,True,
396822,Rilind Nivokazi,2025-2026,2025-12-29,1500000,FC Sion,C1,,,,,,,,,True,
397003,Alan Mozo,2025-2026,2025-12-29,2800000,Promotora del Club Pachuca S. A. de C. V.,MEX1,,,,,,,,,True,
397458,Nicolás de la Cruz,2025-2026,2025-12-10,9000000,Clube de Regatas do Flamengo,BRA1,,,,,,,,,True,
397680,Alexis Peña,2025-2026,2025-12-29,2800000,Impulsora del Deportivo Necaxa S.A. de C.V.,MEX1,,,,,,,,,True,
397992,David Machalik,2025-2026,2026-03-24,225000,FC Trinity Zlin,TS1,,,,,,,,,True,
398001,Dominik Kostka,2025-2026,2025-12-22,300000,"FK Mladá Boleslav, a.s.",TS1,,,,,,,,,True,
398015,Josh Cohen,2025-2026,2025-12-11,125000,Chicago Fire Soccer Club,MLS1,,,,,,,,,True,
398802,Miłosz Kałahur,2025-2026,2025-12-08,200000,Klub Sportowy Lechia Gdańsk,PL1,,,,,,,,,True,
399165,Nick D'Agostino,2025-2026,2025-12-15,700000,Brisbane Roar FC,AUS1,,,,,,,,,True,
399348,Vahan Bichakhchyan,2025-2026,2025-12-08,700000,Legia Warszawa Spółka Akcyjna,PL1,,,,,,,,,True,
399350,Nigel Ogidi Nwankwo,2025-2026,2025-12-02,150000,Sportclub Telstar,NL1,,,,,,,,,True,
399925,Haris Hajdarevic,2025-2026,2025-12-11,450000,Fudbalski klub Radnik Surdulica,SER1,,,,,,,,,True,
399981,James Delianov,2025-2026,2026-01-13,300000,Newcastle United Jets Football Club,AUS1,,,,,,,,,True,
400109,Sigurd Kvile,2025-2026,2025-12-15,800000,Fredrikstad Fotballklubb,NO1,,,,,,,,,True,
400121,,2025-2026,2025-12-15,700000,,,,,,,,,,,True,
400171,Eduardo Aguirre,2025-2026,2025-12-29,2200000,Club de Futbol Rojinegros S.A. de C.V.,MEX1,,,,,,,,,True,
400173,Alan Cervantes,2025-2026,2025-12-29,5000000,Club de Futbol América S. A. de C. V.,MEX1,,,,,,,,,True,
400194,Ricardo Marín,2025-2026,2025-12-29,1800000,Club Deportivo Guadalajara S. A. de C. V.,MEX1,,,,,,,,,True,
400203,Ulises Torres,2025-2026,2025-12-22,650000,Club de Futbol Puebla de La Franja,MEX1,,,,,,,,,True,
400208,Francisco Venegas,2025-2026,2025-12-29,1500000,Querétaro Fútbol Club,MEX1,,,,,,,,,True,
400485,Adam Ounas,2023-2024,2024-06-03,4000000,,,Adam Ounas,2023-2024,2024-06-03,4000000.0,Lille Olympique Sporting Club,FR1,0.0,0.0,True,Ligue 1
400653,Jan Matousek,2025-2026,2026-03-24,275000,"Bohemians Praha 1905, a.s.",TS1,,,,,,,,,True,
400661,Agustín Sant'Anna,2025-2026,2025-12-10,3000000,Red Bull Bragantino,BRA1,,,,,,,,,True,
400799,Owen Parker-Price,2025-2026,2026-03-30,450000,Örgryte IS,SE1,,,,,,,,,True,
400871,Kacper Krzepisz,2025-2026,2025-12-08,50000,Morski Związkowy Klub Sportowy Arka Gdynia Spółka Akcyjna,PL1,,,,,,,,,True,
400960,Alan Franco,2025-2026,2026-03-12,4500000,Clube Atlético Mineiro,BRA1,,,,,,,,,True,
401311,Brayan Garnica,2025-2026,2025-12-29,1000000,Club de Futbol Puebla de La Franja,MEX1,,,,,,,,,True,
401340,,2025-2026,2025-12-29,1800000,,,,,,,,,,,True,
401344,Alejandro Mayorga,2025-2026,2025-12-29,1500000,Fútbol Club Juárez,MEX1,,,,,,,,,True,
401349,José Hernández,2025-2026,2025-12-29,300000,Querétaro Fútbol Club,MEX1,,,,,,,,,True,
401355,Jesús Ocejo,2025-2026,2026-03-26,1500000,Club Santos Laguna S. A. de C. V.,MEX1,,,,,,,,,True,
401361,Mason Stajduhar,2025-2026,2025-12-11,175000,Real Salt Lake,MLS1,,,,,,,,,True,
401362,Aarón Herrera,2025-2026,2025-12-11,1800000,D.C. United,MLS1,,,,,,,,,True,
401475,Oscar,2025-2026,2026-03-24,7000000,"SK Slavia Praha, a.s.",TS1,,,,,,,,,True,
401526,Liziero,2025-2026,2026-03-19,1500000,Clube Desportivo Nacional,PO1,,,,,,,,,True,
401571,Tomás Conechny,2025-2026,2026-03-18,2500000,Racing Club Asociación Civil de Avellaneda,ARG1,,,,,,,,,True,
401572,Germán Berterame,2025-2026,2025-12-29,8500000,Club Internacional de Fútbol Miami,MLS1,,,,,,,,,True,
401576,David Martínez,2025-2026,2025-12-02,900000,Club Social y Deportivo Defensa y Justicia,ARG1,,,,,,,,,True,
401580,Pablo Ruiz,2025-2026,2025-12-11,1200000,Real Salt Lake,MLS1,,,,,,,,,True,
401583,Julián Chicco,2025-2026,2025-12-12,500000,A.G.S Asteras Tripolis,GR1,,,,,,,,,True,
401587,Franco Petroli,2025-2026,2026-03-18,2500000,Club Atlético Lanús,ARG1,,,,,,,,,True,
401598,Lukasz Lakomy,2025-2026,2026-03-13,3000000,Oud-Heverlee Leuven,BE1,,,,,,,,,True,
401599,Konrad Matuszewski,2025-2026,2025-12-08,550000,Miejski Klub Sportowy Korona Kielce Spółka Akcyjna,PL1,,,,,,,,,True,
401732,Blas Riveros,2023-2024,2024-06-12,1000000,,,Blas Riveros,2023-2024,2024-06-12,1000000.0,Club Atlético Talleres,ARG1,0.0,0.0,True,
401769,Denil Maldonado,2025-2026,2026-03-25,1800000,FC Rubin Kazan,RU1,,,,,,,,,True,
401913,Ramiro Macagno,2025-2026,2025-12-12,600000,Club Sportivo Independiente Rivadavia,ARG1,,,,,,,,,True,
401932,Christian Ebere,2025-2026,2025-12-18,900000,Club de Fútbol Cruz Azul S.A. de C.V.,MEX1,,,,,,,,,True,
402010,Sékou Koïta,2025-2026,2025-12-17,3000000,Gençlerbirliği Spor Kulübü,TR1,,,,,,,,,True,
402082,Wiston Fernández,2025-2026,2025-12-05,400000,Alianza FC,COL1,,,,,,,,,True,
402135,Jun-su Ahn,2025-2026,2025-12-16,350000,Gimcheon Sangmu Football Club,RSK1,,,,,,,,,True,
402142,Sang-min Lee,2025-2026,2025-12-16,225000,Football Club Seoul,RSK1,,,,,,,,,True,
402151,Sang-heon Lee,2025-2026,2025-12-16,700000,Gimcheon Sangmu Football Club,RSK1,,,,,,,,,True,
402160,Jin-ya Kim,2025-2026,2025-12-16,325000,Foundation Coorperation Hana Financial Group Inc. Football Club,RSK1,,,,,,,,,True,
402163,Jong-gyu Yoon,2025-2026,2025-12-16,450000,Ulsan Hyundai Football Club,RSK1,,,,,,,,,True,
402164,Jun-seo Lee,2025-2026,2025-12-16,175000,Foundation Coorperation Hana Financial Group Inc. Football Club,RSK1,,,,,,,,,True,
402166,Seung-mo Lee,2025-2026,2025-12-16,450000,Football Club Seoul,RSK1,,,,,,,,,True,
402167,Se-hun Oh,2025-2026,2025-12-15,800000,S-Pulse,JAP1,,,,,,,,,True,
402168,Ju-hyeon Lee,2025-2026,2025-12-16,200000,Gimcheon Sangmu Football Club,RSK1,,,,,,,,,True,
402627,José Canale,2025-2026,2026-03-18,1800000,Club Atlético Lanús,ARG1,,,,,,,,,True,
402979,Orlando Mosquera,2025-2026,2025-12-18,650000,Al-Fayha FC,SA1,,,,,,,,,True,
403148,Ángelo Araos,2025-2026,2025-12-29,600000,Club de Futbol Puebla de La Franja,MEX1,,,,,,,,,True,
403184,Maximilian Entrup,2025-2026,2026-03-10,700000,Linzer Athletik-Sport-Klub,A1,,,,,,,,,True,
403296,Léo,2025-2026,2025-11-24,1500000,Clube Atlético Paranaense,BRA1,,,,,,,,,True,
403568,Stephen Welsh,2025-2026,2026-03-05,1500000,Motherwell Football Club,SC1,Stephen Welsh,2025-2026,2025-12-10,800000.0,The Celtic Football Club,SC1,-700000.0,-0.4666666666666667,True,
403723,Hrvoje Babec,2025-2026,2025-12-22,800000,Football Club Seoul,RSK1,,,,,,,,,True,
404321,Renato Kayzer,2025-2026,2025-12-10,1000000,Esporte Clube Vitória,BRA1,,,,,,,,,True,
404345,Frantisek Plach,2025-2026,2025-12-08,250000,Gliwicki Klub Sportowy Piast Spółka Akcyjna,PL1,,,,,,,,,True,
404379,Tetsushi Yamakawa,2025-2026,2025-12-15,1500000,Rakuten Vissel Kobe,JAP1,,,,,,,,,True,
404384,Rabbi Matondo,2025-2026,2025-12-10,1000000,Rangers Football Club,SC1,Rabbi Matondo,2023-2024,2024-05-30,3000000.0,Sportsklubben Brann,NO1,2000000.0,2.0,True,
404604,Patrik Blahut,2025-2026,2026-03-24,350000,1. FC Slovácko,TS1,,,,,,,,,True,
404881,Niklas Hedl,2025-2026,2026-03-10,1200000,Sportklub Rapid,A1,,,,,,,,,True,
405187,Griffin Dorsey,2025-2026,2025-12-11,1500000,Orlando City Soccer Club,MLS1,,,,,,,,,True,
405189,Jack Maher,2025-2026,2025-12-11,2500000,Nashville SC,MLS1,,,,,,,,,True,
405313,Hampus Finndell,2025-2026,2025-11-19,500000,Djurgårdens Idrottsförening,SE1,,,,,,,,,True,
405375,Colin Rösler,2025-2026,2025-11-19,2000000,Malmö Fotbollförening,SE1,,,,,,,,,True,
405381,Issei Ouchi,2024-2025,2024-12-12,200000,Sanfrecce Hiroshima,JAP1,,,,,,,,,True,
405382,Kosei Tani,2025-2026,2025-12-15,1500000,Zelvia,JAP1,,,,,,,,,True,
405388,Toichi Suzuki,2025-2026,2025-12-15,350000,Yokohama Marinos,JAP1,,,,,,,,,True,
405389,Ayumu Seko,2025-2026,2026-03-27,5000000,Le Havre Athletic Club,FR1,,,,,,,,,True,
405390,Shimpei Fukuoka,2025-2026,2025-12-15,750000,Kyoto Purple Sanga,JAP1,,,,,,,,,True,
405391,Hinata Kida,2025-2026,2025-12-15,350000,Cerezo Osaka,JAP1,,,,,,,,,True,
405768,Ronaldo,2025-2026,2026-03-12,2000000,Sport Club Internacional,BRA1,,,,,,,,,True,
405786,Wilhelm Loeper,2025-2026,2025-11-19,500000,Asociația Futball Klub Csíkszereda Miercurea Ciuc,RO1,,,,,,,,,True,
405804,Marko Regza,2025-2026,2026-03-24,450000,FC Hradec Králové a.s.,TS1,,,,,,,,,True,
405855,Mojmír Chytil,2025-2026,2026-03-24,4000000,"SK Slavia Praha, a.s.",TS1,,,,,,,,,True,
405856,David Buchta,2025-2026,2026-03-24,800000,FC Baník Ostrava a.s.,TS1,,,,,,,,,True,
405868,Milos Krunic,2025-2026,2025-12-11,100000,Fudbalski Klub Partizan Beograd,SER1,,,,,,,,,True,
406296,Augusto Lotti,2025-2026,2025-12-17,600000,Club Atlético Platense,ARG1,,,,,,,,,True,
406676,Juninho Capixaba,2025-2026,2026-03-12,6000000,Red Bull Bragantino,BRA1,,,,,,,,,True,
406773,Iván Martos,2025-2026,2026-03-26,300000,Fudbalski Klub IMT Novi Beograd,SER1,,,,,,,,,True,
406791,Andrej Fabry,2025-2026,2025-12-19,500000,Asociația Sportivă Fotbal Club Universitatea Cluj,RO1,,,,,,,,,True,
407398,Carl Björk,2022-2023,2023-06-26,200000,Brøndby Idrætsforening,DK1,Carl Björk,2022-2023,2023-06-26,200000.0,IFK Norrköping,SE1,0.0,0.0,True,
407517,Leonel Mosevich,2025-2026,2026-03-18,500000,Instituto Atlético Central Córdoba,ARG1,,,,,,,,,True,
407663,Onni Valakari,2025-2026,2025-12-11,5000000,San Diego Football Club,MLS1,,,,,,,,,True,
407697,Deni Jurić,2025-2026,2025-12-08,500000,Wisła Płock Spółka Akcyjna,PL1,,,,,,,,,True,
407833,Mutsuki Kato,2025-2026,2025-12-15,850000,Sanfrecce Hiroshima,JAP1,,,,,,,,,True,
408534,Cristian Calderón,2025-2026,2025-12-29,1800000,Impulsora del Deportivo Necaxa S.A. de C.V.,MEX1,,,,,,,,,True,
409114,Tomislav Uskok,2025-2026,2026-01-13,200000,Macarthur South West Sydney (A-League),AUS1,,,,,,,,,True,
409272,Alexis Soto,2025-2026,2025-12-17,1500000,Club Atlético Rosario Central,ARG1,,,,,,,,,True,
410067,Ruon Tongyik,2025-2026,2026-01-13,150000,Western Sydney Wanderers,AUS1,,,,,,,,,True,
410477,Lewis Montsma,2025-2026,2025-11-26,150000,Dundee Football Club,SC1,,,,,,,,,True,
410547,David Hickson,2025-2026,2025-12-15,300000,KFUM-Kameratene Oslo,NO1,,,,,,,,,True,
410557,Niklas Castro,2025-2026,2025-12-15,900000,Sportsklubben Brann,NO1,,,,,,,,,True,
410634,Nias Hefti,2025-2026,2025-12-29,700000,FC Sion,C1,,,,,,,,,True,
410636,Betim Fazliji,2025-2026,2025-12-29,175000,FC St. Gallen 1879,C1,,,,,,,,,True,
410719,Alex Plat,2025-2026,2025-12-02,400000,Football Club Volendam,NL1,,,,,,,,,True,
410787,Joël Monteiro,2025-2026,2026-03-17,4500000,Berner Sport Club Young Boys,C1,,,,,,,,,True,
410897,Lars Kramer,2025-2026,2025-12-19,1500000,Aalborg BK,DK1,Lars Kramer,2025-2026,2025-12-19,1500000.0,Fotbal Club Rapid 1923 SA,RO1,0.0,0.0,True,
411294,Juan Ibiza,2025-2026,2025-12-22,350000,Incheon United Football Club,RSK1,,,,,,,,,True,
411709,Jesús Angulo,2025-2026,2025-12-29,5000000,"Deportivo Toluca Futbol Club, S. A. de C. V.",MEX1,,,,,,,,,True,
412024,Meriton Korenica,2025-2026,2026-03-27,3000000,Fotbal Club CFR 1907 Cluj SA,RO1,,,,,,,,,True,
412365,Helinho,2025-2026,2025-12-29,6500000,"Deportivo Toluca Futbol Club, S. A. de C. V.",MEX1,,,,,,,,,True,
412372,Lucão,2025-2026,2025-12-10,1200000,Gil Vicente Futebol Clube,PO1,,,,,,,,,True,
412594,Paulo Henrique,2025-2026,2025-12-10,6000000,Club de Regatas Vasco da Gama,BRA1,,,,,,,,,True,
412597,John Kitolano,2025-2026,2025-12-15,250000,Lillestrøm Sportsklubb,NO1,,,,,,,,,True,
412610,,2025-2026,2025-11-24,75000,,,,,,,,,,,True,
412696,In-soo Yu,2025-2026,2025-12-16,325000,Jeju SK Football Club,RSK1,,,,,,,,,True,
412741,Ross Sinclair,2023-2024,2024-05-30,50000,St. Johnstone FC,SC1,Ross Sinclair,2023-2024,2024-05-30,50000.0,Saint Mirren Football Club,SC1,0.0,0.0,True,
413111,Jules Gaudin,2025-2026,2025-12-10,600000,Royal Charleroi Sporting Club,BE1,,,,,,,,,True,
413439,Allan Arigoni,2025-2026,2025-12-29,300000,Grasshopper Club Zürich,C1,,,,,,,,,True,
413461,Giotto Morandi,2025-2026,2026-03-17,500000,Servette Football Club 1890 SA,C1,,,,,,,,,True,
413558,Geovanni Banguera,2025-2026,2025-12-05,150000,Asociación Deportivo Pasto,COL1,,,,,,,,,True,
413658,Duván Vergara,2025-2026,2025-12-17,2800000,Racing Club Asociación Civil de Avellaneda,ARG1,,,,,,,,,True,
413690,Alex Muyl,2025-2026,2025-12-11,2000000,Nashville SC,MLS1,,,,,,,,,True,
413983,Diego Valoyes,2025-2026,2025-12-29,2000000,Club Atlético Talleres,ARG1,,,,,,,,,True,
414746,Leonardo Castro,2025-2026,2025-12-05,600000,Millonarios FC,COL1,,,,,,,,,True,
414773,Jorge Obregón,2025-2026,2026-03-17,350000,Rionegro Águilas,COL1,,,,,,,,,True,
414775,Jordy Monroy,2025-2026,2025-12-05,350000,Deportivo Pereira,COL1,,,,,,,,,True,
414926,,2025-2026,2025-12-15,600000,,,,,,,,,,,True,
414956,Bruno Goda,2025-2026,2025-12-22,1300000,GNK Dinamo Zagreb,KR1,,,,,,,,,True,
415033,Yuki Kakita,2025-2026,2025-12-15,750000,Hitachi Kashiwa Reysol,JAP1,,,,,,,,,True,
415034,Taiki Hirato,2025-2026,2025-12-15,850000,Kyoto Purple Sanga,JAP1,,,,,,,,,True,
415209,Satoki Uejo,2025-2026,2025-12-15,375000,Cerezo Osaka,JAP1,,,,,,,,,True,
415521,Keisuke Osako,2025-2026,2025-12-15,2000000,Sanfrecce Hiroshima,JAP1,,,,,,,,,True,
415524,Tomoya Wakahara,2025-2026,2025-12-15,250000,JEF United,JAP1,,,,,,,,,True,
415728,Eduardo,2025-2026,2025-12-15,600000,JEF United,JAP1,,,,,,,,,True,
415843,Walter Clar,2025-2026,2025-11-24,500000,Associação Chapecoense de Futebol,BRA1,,,,,,,,,True,
416083,Diego Barbosa,2025-2026,2025-12-29,2200000,"Deportivo Toluca Futbol Club, S. A. de C. V.",MEX1,,,,,,,,,True,
416090,Julián Quiñones,2025-2026,2025-12-18,12000000,Al-Qadsiah Saudi Football Club,SA1,,,,,,,,,True,
416104,Axel Norén,2025-2026,2025-11-19,2000000,Mjällby Almänna Idrottsförening,SE1,,,,,,,,,True,
416108,Youcef Atal,2023-2024,2024-05-31,4300000,,,Youcef Atal,2023-2024,2024-05-31,4300000.0,Adana Demirspor,TR1,0.0,0.0,True,
416637,Robin Wendin Thomasson,2025-2026,2025-11-19,500000,GAIS,SE1,,,,,,,,,True,
417084,Keiller,2025-2026,2025-12-10,600000,Coritiba Foot Ball Club,BRA1,,,,,,,,,True,
417229,Ivan Zhelizko,2025-2026,2026-03-26,3000000,Klub Sportowy Lechia Gdańsk,PL1,,,,,,,,,True,
417348,Richie Laryea,2025-2026,2025-12-11,1000000,Toronto FC,MLS1,,,,,,,,,True,
417506,Keiya Shiihashi,2025-2026,2025-12-15,700000,Nagoya Grampus Eight,JAP1,,,,,,,,,True,
417609,Hiroto Goya,2025-2026,2025-12-15,300000,JEF United,JAP1,,,,,,,,,True,
417610,Kazunari Ichimi,2025-2026,2025-12-15,450000,Fagiano Okayama Sports Club,JAP1,,,,,,,,,True,
417780,Juan David Ríos,2025-2026,2025-12-05,350000,Junior FC,COL1,,,,,,,,,True,
418235,Jovan Marković,2025-2026,2025-12-19,500000,F.C.V. Farul Constanța SA,RO1,,,,,,,,,True,
418402,Masato Yuzawa,2025-2026,2025-12-15,325000,Avispa Fukuoka,JAP1,,,,,,,,,True,
418556,Mikael Ugland,2025-2026,2025-12-15,350000,Idrettsklubben Start,NO1,,,,,,,,,True,
418567,Markus Solbakken,2025-2026,2025-12-15,2200000,Aarhus Gymnastik Forening,DK1,,,,,,,,,True,
418859,Rodrigo Bogarín,2025-2026,2026-03-18,400000,Club Atlético Barracas Central,ARG1,,,,,,,,,True,
419118,Oleksandr Klymets,2025-2026,2025-12-18,300000,Epicentr Dunaivtsi,UKR1,,,,,,,,,True,
419457,Gaddi Aguirre,2025-2026,2025-12-29,900000,Club de Futbol Rojinegros S.A. de C.V.,MEX1,,,,,,,,,True,
420640,Won-jin Jung,2025-2026,2025-12-16,300000,Incheon United Football Club,RSK1,,,,,,,,,True,
420641,Kang-hyun Yu,2025-2026,2025-12-16,450000,Foundation Coorperation Hana Financial Group Inc. Football Club,RSK1,,,,,,,,,True,
420752,Masaya Tashiro,2025-2026,2025-12-15,350000,Avispa Fukuoka,JAP1,,,,,,,,,True,
420851,Simon Bammens,2025-2026,2025-12-22,500000,FK Pardubice,TS1,,,,,,,,,True,
420921,Vasilios Chatziemmanouil,2023-2024,2024-05-30,200000,PAS Lamia 1964,GR1,Vasilios Chatziemmanouil,2023-2024,2024-05-30,200000.0,A.G.S Asteras Tripolis,GR1,0.0,0.0,True,
421007,Kevin Londoño,2025-2026,2025-12-05,450000,Atlético Bucaramanga,COL1,,,,,,,,,True,
421011,Adrián Parra,2025-2026,2025-12-05,600000,Deportes Tolima,COL1,,,,,,,,,True,
421194,Joaquín Varela,2025-2026,2026-03-17,500000,Rionegro Águilas,COL1,,,,,,,,,True,
421210,Richard Rentería,2025-2026,2025-12-16,50000,Deportivo Pereira,COL1,,,,,,,,,True,
421258,Alexandru Pașcanu,2025-2026,2025-12-19,1300000,Fotbal Club Rapid 1923 SA,RO1,,,,,,,,,True,
421391,Ziyad Al-Sahafi,2025-2026,2025-12-18,300000,Al-Fayha FC,SA1,,,,,,,,,True,
421426,Yota Maejima,2025-2026,2025-12-15,550000,Avispa Fukuoka,JAP1,,,,,,,,,True,
421427,Kosuke Saito,2025-2026,2025-12-15,800000,Tokyo Verdy,JAP1,,,,,,,,,True,
421561,Hiromu Mitsumaru,2025-2026,2025-12-15,250000,Hitachi Kashiwa Reysol,JAP1,,,,,,,,,True,
421637,Frank Onyeka,2025-2026,2025-12-09,7000000,,,Frank Onyeka,2025-2026,2025-12-09,7000000.0,Brentford Football Club,GB1,0.0,0.0,True,Premier League
421758,Danijel Sturm,2025-2026,2026-03-24,1500000,"SK Sigma Olomouc, a.s.",TS1,,,,,,,,,True,
421794,Nino Ziswiler,2025-2026,2025-12-29,200000,FC Thun,C1,,,,,,,,,True,
421807,Maren Haile-Selassie,2025-2026,2025-12-11,1800000,Chicago Fire Soccer Club,MLS1,,,,,,,,,True,
421823,Matteo Di Giusto,2025-2026,2026-03-17,3000000,FC Luzern,C1,,,,,,,,,True,
421824,Yannick Toure,2025-2026,2025-12-22,400000,NK Osijek s.d.d.,KR1,,,,,,,,,True,
421920,Andrés Gudiño,2025-2026,2026-03-26,2500000,Club de Fútbol Cruz Azul S.A. de C.V.,MEX1,,,,,,,,,True,
421927,Adrian Rus,2025-2026,2025-12-19,1200000,U Craiova 1948 Club Sportiv SA,RO1,,,,,,,,,True,
421984,Vaclav Drchal,2025-2026,2026-03-24,225000,"Bohemians Praha 1905, a.s.",TS1,,,,,,,,,True,
422001,Matías García,2025-2026,2025-11-26,300000,Asociación de Fomento Deportivo Riestra Barrio Colón,ARG1,,,,,,,,,True,
422027,Léo Ceará,2025-2026,2025-12-15,2500000,Kashima Antlers FC,JAP1,,,,,,,,,True,
422401,Milton Valenzuela,2025-2026,2025-12-17,650000,Club Atlético Independiente de Avellaneda,ARG1,,,,,,,,,True,
422518,Yusuke Segawa,2025-2026,2025-12-15,500000,Hitachi Kashiwa Reysol,JAP1,,,,,,,,,True,
422593,Daichi Tagami,2025-2026,2025-12-15,225000,Fagiano Okayama Sports Club,JAP1,,,,,,,,,True,
422594,Keita Nakamura,2025-2026,2025-12-15,200000,V-Varen Nagasaki,JAP1,,,,,,,,,True,
422698,Cristian Tarragona,2025-2026,2025-12-17,225000,Club Atlético Unión,ARG1,,,,,,,,,True,
422699,Agustín Bouzat,2025-2026,2025-12-17,700000,Houston Dynamo,MLS1,,,,,,,,,True,
422760,Mathis Suray,2025-2026,2026-03-11,3000000,Go Ahead Eagles,NL1,,,,,,,,,True,
422941,Emil Frederiksen,2025-2026,2025-12-22,800000,Sønderjyske Fodbold,DK1,Emil Frederiksen,2023-2024,2023-09-07,700000.0,NK Istra 1961,KR1,-100000.0,-0.125,True,
422990,Faber Gil,2025-2026,2026-03-17,300000,Atlético Bucaramanga,COL1,,,,,,,,,True,
423112,Takuma Ominami,2025-2026,2026-03-13,1500000,Oud-Heverlee Leuven,BE1,,,,,,,,,True,
423619,Luis Malagón,2025-2026,2026-03-26,6500000,Club de Futbol América S. A. de C. V.,MEX1,,,,,,,,,True,
423678,Meschack Elia,2025-2026,2026-03-05,2000000,Alanyaspor,TR1,,,,,,,,,True,
423705,Luciano Gómez,2025-2026,2026-03-18,600000,Club Sportivo Independiente Rivadavia,ARG1,,,,,,,,,True,
423750,Nicky Hogarth,2025-2026,2025-12-10,150000,Falkirk Football & Athletic Club,SC1,,,,,,,,,True,
424022,Rustam Yatimov,2025-2026,2025-12-16,1800000,FK Rostov,RU1,,,,,,,,,True,
424045,Rodrigo Aliendro,2025-2026,2025-12-17,400000,Club Atlético Vélez Sársfield,ARG1,,,,,,,,,True,
424237,Tomas Zlatohlavek,2025-2026,2025-12-22,325000,"FK Teplice, a.s.",TS1,,,,,,,,,True,
424302,Andrei Vlad,2025-2026,2025-11-06,400000,Morski Związkowy Klub Sportowy Arka Gdynia Spółka Akcyjna,PL1,,,,,,,,,True,
424689,Alexis Vega,2025-2026,2025-12-29,9000000,"Deportivo Toluca Futbol Club, S. A. de C. V.",MEX1,,,,,,,,,True,
424984,Lucas Merolla,2025-2026,2025-12-29,1800000,Mazatlán Futbol Club,MEX1,,,,,,,,,True,
424993,Amar Sejdić,2025-2026,2025-12-11,400000,Columbus Crew,MLS1,,,,,,,,,True,
425399,Raul Palmeș,2025-2026,2025-12-19,350000,Asociația Futball Klub Csíkszereda Miercurea Ciuc,RO1,,,,,,,,,True,
425733,Nikola Stevanovic,2025-2026,2025-12-19,750000,U Craiova 1948 Club Sportiv SA,RO1,,,,,,,,,True,
425739,Aleks Lawniczak,2025-2026,2025-12-08,650000,Zagłębie Lubin Spółka Akcyjna,PL1,,,,,,,,,True,
425780,Jurica Prsir,2025-2026,2025-12-22,1500000,HNK Gorica,KR1,,,,,,,,,True,
425826,Bojan Kovacevic,2025-2026,2025-12-12,300000,FK Radnički 1923 Kragujevac,SER1,,,,,,,,,True,
426124,Han-do Lee,2025-2026,2025-12-16,300000,Football Club Seoul,RSK1,,,,,,,,,True,
426129,Byeong-keun Hwang,2025-2026,2025-12-16,100000,Football Club Anyang,RSK1,,,,,,,,,True,
426198,Gun-hee Kim,2025-2026,2025-12-16,300000,Gangwon Football Club,RSK1,,,,,,,,,True,
426199,Jong-woo Kim,2025-2026,2025-12-16,250000,Bucheon Football Club 1995,RSK1,,,,,,,,,True,
426324,Christian Rivera,2025-2026,2025-12-10,1500000,Promotora del Club Pachuca S. A. de C. V.,MEX1,,,,,,,,,True,
426326,Anderson Arroyo,2025-2026,2026-03-25,1800000,FC Rubin Kazan,RU1,,,,,,,,,True,
426414,Tom Lowery,2025-2026,2025-12-10,175000,Kilmarnock Football Club,SC1,,,,,,,,,True,
426529,Imanol González,2025-2026,2025-11-26,700000,Club Atlético Gimnasia y Esgrima de Mendoza,ARG1,,,,,,,,,True,
426533,Francisco Romero,2025-2026,2025-12-10,500000,Asociación Atlética Estudiantes,ARG1,,,,,,,,,True,
426662,Yoshitake Suzuki,2025-2026,2025-12-15,325000,Fagiano Okayama Sports Club,JAP1,,,,,,,,,True,
426724,Marian Aioani,2025-2026,2026-03-27,1500000,Fotbal Club Rapid 1923 SA,RO1,,,,,,,,,True,
426763,,2025-2026,2025-12-16,325000,,,,,,,,,,,True,
426944,Olivier Mbaizo,2025-2026,2025-12-11,500000,Philadelphia Union,MLS1,,,,,,,,,True,
427203,Édgar Zaldívar,2025-2026,2025-12-29,800000,Club de Futbol Rojinegros S.A. de C.V.,MEX1,,,,,,,,,True,
427446,Alex Tamm,2025-2026,2025-12-10,600000,Livingston Football Club,SC1,,,,,,,,,True,
427829,Michal Kohút,2025-2026,2026-03-24,800000,FC Baník Ostrava a.s.,TS1,,,,,,,,,True,
428302,Anfernee Dijksteel,2025-2026,2025-12-17,1200000,Kocaelispor Kulübü,TR1,,,,,,,,,True,
428444,Peter Therkildsen,2022-2023,2023-06-29,400000,Widzew Łódź Spółka Akcyjna,PL1,Peter Therkildsen,2022-2023,2023-06-29,400000.0,Djurgårdens Idrottsförening,SE1,0.0,0.0,True,
428593,Denis Ciobotariu,2025-2026,2026-03-27,1000000,Fotbal Club Rapid 1923 SA,RO1,,,,,,,,,True,
428652,Min-ki Lee,2025-2026,2025-12-16,225000,Gwangju Football Club,RSK1,,,,,,,,,True,
428671,In-jae Hwang,2025-2026,2025-12-16,500000,Football Club Pohang Steelers,RSK1,,,,,,,,,True,
429217,James Pantemis,2025-2026,2025-12-11,1000000,Portland Timbers,MLS1,,,,,,,,,True,
429271,Kyle Smith,2025-2026,2025-12-11,400000,Football Club Cincinnati,MLS1,,,,,,,,,True,
429390,Elvir Durakovic,2025-2026,2025-12-22,200000,HNK Gorica,KR1,,,,,,,,,True,
429443,Marco Farfán,2025-2026,2025-12-29,2500000,Club Tigres UANL Sinergia Deportiva S.A. de C.V.,MEX1,,,,,,,,,True,
429591,Tomás Molina,2025-2026,2025-12-17,2500000,Asociación Atlética Argentinos Juniors,ARG1,,,,,,,,,True,
429676,Jung-in Moon,2025-2026,2025-12-16,250000,Ulsan Hyundai Football Club,RSK1,,,,,,,,,True,
429677,Tae-wook Jeong,2025-2026,2025-12-16,325000,Incheon United Football Club,RSK1,,,,,,,,,True,
429693,You-hyeon Lee,2025-2026,2025-12-16,375000,Gangwon Football Club,RSK1,,,,,,,,,True,
429695,Chi-in Jeong,2025-2026,2025-12-16,250000,Incheon United Football Club,RSK1,,,,,,,,,True,
429713,Samuel Kozlovský,2025-2026,2026-03-26,600000,Widzew Łódź Spółka Akcyjna,PL1,,,,,,,,,True,
429730,Geon-ung Kim,2025-2026,2025-12-16,450000,Jeju SK Football Club,RSK1,,,,,,,,,True,
430021,Jordi Cortizo,2025-2026,2025-12-29,2000000,Club León Fútbol Club,MEX1,,,,,,,,,True,
430031,Ulrik Mathisen,2025-2026,2025-12-15,700000,Sportsklubben Brann,NO1,,,,,,,,,True,
430054,Michal Sacek,2025-2026,2025-12-08,800000,Klub Sportowy Górnik Zabrze Sportowa Spółka Akcyjna,PL1,,,,,,,,,True,
430339,José Luis Rodríguez,2025-2026,2025-12-10,1500000,Club de Regatas Vasco da Gama,BRA1,,,,,,,,,True,
430540,Artūr Dolžnikov,2025-2026,2025-12-22,400000,"SK Sigma Olomouc, a.s.",TS1,,,,,,,,,True,
430823,Carl Gustafsson,2025-2026,2025-11-19,1000000,Kalmar Fotbollförening,SE1,,,,,,,,,True,
430836,Cristian Neguț,2025-2026,2025-12-19,450000,Asociația Fotbal Club Hermannstadt,RO1,,,,,,,,,True,
431003,Ren Komatsu,2025-2026,2025-12-15,400000,Rakuten Vissel Kobe,JAP1,,,,,,,,,True,
431533,Sebastián Córdova,2025-2026,2025-12-29,2800000,"Deportivo Toluca Futbol Club, S. A. de C. V.",MEX1,,,,,,,,,True,
431703,Miguel Barbieri,2025-2026,2025-12-17,450000,Asociación de Fomento Deportivo Riestra Barrio Colón,ARG1,,,,,,,,,True,
431737,Bautista Merlini,2025-2026,2025-12-17,500000,Club Atlético Platense,ARG1,,,,,,,,,True,
432157,Japa,2025-2026,2025-12-10,500000,Cruzeiro Esporte Clube,BRA1,,,,,,,,,True,
432164,Igor Jesus,2025-2026,2026-03-09,22000000,Nottingham Forest Football Club,GB1,,,,,,,,,True,
432166,Luan Cândido,2025-2026,2025-12-10,3000000,Esporte Clube Vitória,BRA1,,,,,,,,,True,
432215,Kevin Ortega,2025-2026,2025-11-18,75000,Club Atlético de San Luis,MEX1,,,,,,,,,True,
432222,Héctor Holguín,2025-2026,2025-12-29,350000,Club Santos Laguna S. A. de C. V.,MEX1,,,,,,,,,True,
432225,Diego Medina,2025-2026,2025-12-29,1000000,Club Santos Laguna S. A. de C. V.,MEX1,,,,,,,,,True,
432297,Shioki Takayama,2024-2025,2025-06-26,25000,Rakuten Vissel Kobe,JAP1,,,,,,,,,True,
432397,Taichi Yamasaki,2025-2026,2025-12-15,100000,Sanfrecce Hiroshima,JAP1,,,,,,,,,True,
432404,Noah Kenshin Browne,2025-2026,2025-12-15,250000,Fagiano Okayama Sports Club,JAP1,,,,,,,,,True,
432407,Jun Nishikawa,2025-2026,2025-12-15,800000,Fagiano Okayama Sports Club,JAP1,,,,,,,,,True,
432592,Takuya Uchida,2025-2026,2025-12-15,350000,Nagoya Grampus Eight,JAP1,,,,,,,,,True,
432697,Sander Christiansen,2025-2026,2025-12-15,650000,Sarpsborg 08 Fotballforening,NO1,,,,,,,,,True,
432700,Edvard Tagseth,2025-2026,2025-12-11,3000000,Nashville SC,MLS1,,,,,,,,,True,
432742,Jair Tavares,2025-2026,2025-12-19,300000,Asociația Fotbal Club Hermannstadt,RO1,,,,,,,,,True,
432758,Toni Fruk,2025-2026,2025-12-22,9000000,Hrvatski Nogometni Klub Rijeka,KR1,,,,,,,,,True,
432773,Fabrício Bruno,2025-2026,2025-12-10,12000000,Cruzeiro Esporte Clube,BRA1,,,,,,,,,True,
432859,Luka Maric,2025-2026,2025-12-22,100000,Turn- und Sportverein Egger Glas Hartberg,A1,,,,,,,,,True,
432914,John Victor,2025-2026,2025-12-09,7000000,Nottingham Forest Football Club,GB1,,,,,,,,,True,
432953,Raphael Veiga,2025-2026,2025-12-10,10000000,Club de Futbol América S. A. de C. V.,MEX1,,,,,,,,,True,
433164,Joshua Oluwayemi,2025-2026,2026-01-13,400000,Wellington Phoenix Football Club,AUS1,,,,,,,,,True,
433216,Jorge García,2025-2026,2025-12-29,200000,Mazatlán Futbol Club,MEX1,,,,,,,,,True,
433887,Tuomas Ollila,2025-2026,2025-12-15,500000,Paris Football Club,FR1,,,,,,,,,True,
433894,Anssi Suhonen,2025-2026,2025-11-19,550000,Odense Boldklub,DK1,,,,,,,,,True,
433922,Yudai Konishi,2025-2026,2025-12-15,450000,Hitachi Kashiwa Reysol,JAP1,,,,,,,,,True,
433926,Fermín Antonini,2025-2026,2025-11-26,175000,Club Atlético Gimnasia y Esgrima de Mendoza,ARG1,,,,,,,,,True,
433962,Benny Díaz,2025-2026,2025-12-29,700000,Fútbol Club Juárez,MEX1,,,,,,,,,True,
434084,Jakub Kadák,2025-2026,2025-12-22,400000,FK Dukla Praha a.s.,TS1,,,,,,,,,True,
434098,Martin Moormann,2025-2026,2025-12-22,500000,Fußballclub Blau-Weiß Linz,A1,,,,,,,,,True,
434103,Tobias Koch,2025-2026,2025-12-22,600000,Grazer Athletiksport Klub 1902,A1,,,,,,,,,True,
434104,Matthäus Taferner,2025-2026,2025-12-22,800000,Wattener Sportgemeinschaft Swarovski Tirol,A1,,,,,,,,,True,
434195,Gard Simenstad,2025-2026,2025-12-15,450000,Hamarkameratene,NO1,,,,,,,,,True,
434551,Michele Collocolo,2025-2026,2025-12-23,3000000,Unione Sportiva Cremonese S.p.A.,IT1,,,,,,,,,True,
434672,Sami Al-Najei,2025-2026,2025-12-18,400000,Al-Nassr Football Club,SA1,,,,,,,,,True,
434711,Jakov Blagaic,2025-2026,2026-03-27,400000,Asociația Clubul Sportiv Campionii Fotbal Club Argeș,RO1,,,,,,,,,True,
434892,Alexandru Pop,2025-2026,2025-12-19,800000,SC Dinamo 1948 SA,RO1,,,,,,,,,True,
435001,Facundo Cambeses,2025-2026,2025-12-17,5000000,Racing Club Asociación Civil de Avellaneda,ARG1,,,,,,,,,True,
435019,Chovanie Amatkarijo,2022-2023,2023-06-27,350000,GAIS,SE1,Chovanie Amatkarijo,2022-2023,2023-06-27,350000.0,Göteborgs Atlet- och Idrottssällskap,SE1,0.0,0.0,True,
435045,Sultan Al-Ghannam,2025-2026,2025-12-18,1800000,Al-Nassr Football Club,SA1,,,,,,,,,True,
435163,Bruno Pacheco,2025-2026,2025-12-10,250000,Associação Chapecoense de Futebol,BRA1,,,,,,,,,True,
435253,Capixaba,2025-2026,2025-12-15,650000,S-Pulse,JAP1,,,,,,,,,True,
435325,Mehmed Cosic,2025-2026,2025-12-11,600000,FK Radnički 1923 Kragujevac,SER1,,,,,,,,,True,
435488,Artur,2025-2026,2025-12-11,3000000,Houston Dynamo,MLS1,,,,,,,,,True,
435712,Andrei Cordea,2025-2026,2026-03-27,2400000,Fotbal Club CFR 1907 Cluj SA,RO1,,,,,,,,,True,
436072,Mihai Eșanu,2025-2026,2025-12-19,50000,Fotbal Club Petrolul Ploiești,RO1,,,,,,,,,True,
436332,Nouhou,2025-2026,2025-12-11,3500000,Seattle Sounders FC,MLS1,,,,,,,,,True,
436385,Mathías Villasanti,2025-2026,2026-03-12,4000000,Grêmio Foot-Ball Porto Alegrense,BRA1,,,,,,,,,True,
436959,Henrik Udahl,2025-2026,2025-12-15,250000,Hamarkameratene,NO1,,,,,,,,,True,
436960,Motohiko Nakajima,2025-2026,2025-12-15,900000,Cerezo Osaka,JAP1,,,,,,,,,True,
437874,Kevin O'Toole,2025-2026,2025-12-11,1200000,New York City Football Club,MLS1,,,,,,,,,True,
437903,Abdullah Al-Khaibari,2025-2026,2025-12-18,800000,Al-Nassr Football Club,SA1,,,,,,,,,True,
437993,Maximiliano Falcón,2025-2026,2025-12-11,1800000,Club Internacional de Fútbol Miami,MLS1,,,,,,,,,True,
438310,Ion Nicolaescu,2025-2026,2025-12-22,1000000,Sportclub Heerenveen,NL1,Ion Nicolaescu,2025-2026,2025-12-22,1000000.0,,,0.0,0.0,True,
438311,Victor Stina,2023-2024,2024-05-23,300000,Panserraikos Serres,GR1,Victor Stina,2023-2024,2024-05-23,300000.0,,,0.0,0.0,True,
438926,Nicolás Benegas,2025-2026,2025-12-17,500000,Asociación de Fomento Deportivo Riestra Barrio Colón,ARG1,,,,,,,,,True,
438927,Pedro Silva Torrejón,2025-2026,2026-03-18,1000000,Panetolikos Agrinio,GR1,Pedro Silva Torrejón,2025-2026,2025-12-17,800000.0,Club de Gimnasia y Esgrima La Plata,ARG1,-200000.0,-0.2,True,
439088,Yeison Murillo,2025-2026,2025-12-17,25000,Asociación de Fomento Deportivo Riestra Barrio Colón,ARG1,,,,,,,,,True,
439108,Lucas Di Yorio,2025-2026,2026-03-26,1800000,Club Santos Laguna S. A. de C. V.,MEX1,,,,,,,,,True,
439351,Bendegúz Bolla,2025-2026,2025-12-22,2200000,Sportklub Rapid,A1,,,,,,,,,True,
439437,Santiago Rodríguez,2025-2026,2025-12-17,900000,Club Atlético Gimnasia y Esgrima de Mendoza,ARG1,,,,,,,,,True,
439626,Emanuel Reynoso,2025-2026,2026-03-17,1400000,Deportivo Cali,COL1,,,,,,,,,True,
439627,Fernando Juárez,2025-2026,2025-12-17,700000,Club Atlético Central Córdoba,ARG1,,,,,,,,,True,
439629,Nahuel Bustos,2025-2026,2025-12-17,1200000,Independiente Santa Fe,COL1,,,,,,,,,True,
439750,Dayne St. Clair,2025-2026,2025-12-11,3500000,Club Internacional de Fútbol Miami,MLS1,,,,,,,,,True,
440006,Yair Arismendi,2025-2026,2025-12-17,200000,Club Atlético Sarmiento,ARG1,,,,,,,,,True,
440021,Sodai Hasukawa,2025-2026,2025-12-15,500000,S-Pulse,JAP1,,,,,,,,,True,
440135,Nikita Goylo,2025-2026,2025-12-16,200000,AO FK Zenit Sankt-Peterburg,RU1,Nikita Goylo,2025-2026,2025-12-16,200000.0,Dinamo Makhachkala,RU1,0.0,0.0,True,
440146,Facundo Cobos,2025-2026,2025-11-26,225000,Asociación Atlética Estudiantes,ARG1,,,,,,,,,True,
440319,Martin Tangen Vinjor,2025-2026,2025-12-15,300000,KFUM-Kameratene Oslo,NO1,,,,,,,,,True,
440377,Gonzalo Escobar,2025-2026,2025-12-10,1000000,Santos Futebol Clube,BRA1,,,,,,,,,True,
440652,Nathan Silva,2025-2026,2025-12-29,3800000,Club Universidad Nacional A. C.,MEX1,,,,,,,,,True,
440658,Artur,2025-2026,2025-12-10,7000000,S. A. F. Botafogo,BRA1,Artur,2025-2026,2025-12-10,7000000.0,São Paulo Futebol Clube,BRA1,0.0,0.0,True,
440865,Nicolás Talpone,2025-2026,2025-11-26,300000,Asociación Atlética Estudiantes,ARG1,,,,,,,,,True,
440972,Sander Moen Foss,2025-2026,2025-12-15,450000,Lillestrøm Sportsklubb,NO1,,,,,,,,,True,
440988,Martín Ojeda,2025-2026,2025-12-11,8000000,Orlando City Soccer Club,MLS1,,,,,,,,,True,
441098,Lucas Masoero,2025-2026,2026-03-26,300000,Asociația Sportivă Fotbal Club Universitatea Cluj,RO1,Lucas Masoero,2023-2024,2024-06-05,900000.0,Termalica Bruk-Bet Nieciecza Klub Sportowy,PL1,600000.0,2.0,True,
441191,Abdulrahman Al-Oboud,2025-2026,2025-12-18,800000,Al-Ittihad Football Club,SA1,,,,,,,,,True,
441270,Guido Mainero,2025-2026,2025-12-17,1800000,Club Atlético Platense,ARG1,,,,,,,,,True,
441277,Mateo Ramírez,2025-2026,2025-12-17,50000,Asociación de Fomento Deportivo Riestra Barrio Colón,ARG1,,,,,,,,,True,
441341,Nicolás Sansotre,2025-2026,2025-12-17,300000,Asociación de Fomento Deportivo Riestra Barrio Colón,ARG1,,,,,,,,,True,
441408,Claudio Bravo,2025-2026,2025-12-17,800000,Asociación Atlética Argentinos Juniors,ARG1,,,,,,,,,True,
441738,Joel Waterman,2025-2026,2025-12-11,2500000,Chicago Fire Soccer Club,MLS1,,,,,,,,,True,
441864,Filip Krstic,2025-2026,2025-12-11,400000,Fudbalski klub Napredak Kruševac,SER1,,,,,,,,,True,
442118,Erick Otieno,2025-2026,2026-03-26,700000,RKS Raków Częstochowa SA,PL1,,,,,,,,,True,
442192,Matija Jesenovic,2025-2026,2025-12-22,50000,NK Slaven Belupo Koprivnica,KR1,,,,,,,,,True,
442231,Maximiliano Salas,2025-2026,2026-03-18,5000000,Club Atlético River Plate,ARG1,,,,,,,,,True,
442470,Tomas Totland,2025-2026,2025-12-11,1200000,St. Louis City Soccer Club,MLS1,,,,,,,,,True,
442474,Sondre Liseth,2025-2026,2025-12-08,700000,Klub Sportowy Górnik Zabrze Sportowa Spółka Akcyjna,PL1,,,,,,,,,True,
442679,Francisco González Metilli,2025-2026,2025-12-17,2200000,Club Atlético Belgrano,ARG1,,,,,,,,,True,
442885,Kay Tejan,2025-2026,2026-03-11,300000,Sportclub Telstar,NL1,,,,,,,,,True,
443936,David Skubl,2025-2026,2025-12-22,100000,RZ Pellets Wolfsberger Athletiksport Club,A1,,,,,,,,,True,
443937,Alaa Hejji,2025-2026,2025-12-18,150000,Neom Sports Club,SA1,,,,,,,,,True,
444056,Milan Lazarevic,2025-2026,2025-12-11,100000,Fudbalski Klub Partizan Beograd,SER1,,,,,,,,,True,
444100,Alexis Maldonado,2025-2026,2026-03-18,1000000,Club Atlético Belgrano,ARG1,,,,,,,,,True,
444314,Hirokazu Ishihara,2025-2026,2025-12-15,1000000,Urawa Red Diamonds,JAP1,,,,,,,,,True,
444387,Lamin Jawo,2025-2026,2025-12-22,400000,FK Jablonec a.s.,TS1,,,,,,,,,True,
444495,Luciano Sánchez,2025-2026,2025-12-17,75000,Asociación Atlética Argentinos Juniors,ARG1,,,,,,,,,True,
444920,Guilherme,2025-2026,2025-12-10,2500000,Houston Dynamo,MLS1,,,,,,,,,True,
445096,Iker Pozo,2025-2026,2025-12-22,750000,HNK Gorica,KR1,,,,,,,,,True,
445101,Rodrigues,2025-2026,2025-12-11,800000,Mirasol Futebol Clube,BRA1,,,,,,,,,True,
445610,Siyabonga Ngezana,2025-2026,2026-03-27,2600000,SC Fotbal Club FCSB SA,RO1,,,,,,,,,True,
445788,Kevin Csoboth,2025-2026,2026-03-17,500000,FC St. Gallen 1879,C1,,,,,,,,,True,
446573,Erik Prekop,2025-2026,2026-03-24,750000,"SK Slavia Praha, a.s.",TS1,,,,,,,,,True,
446996,Ivan Mamut,2025-2026,2025-12-22,450000,NK Varazdin,KR1,,,,,,,,,True,
447343,Rafał Strączek,2025-2026,2026-03-26,450000,GKS GieKSa Katowice Spółka Akcyjna,PL1,,,,,,,,,True,
447482,Dagur Dan Thórhallsson,2025-2026,2025-12-11,1500000,Club de Foot Montréal,MLS1,,,,,,,,,True,
447495,Raghed Al-Najjar,2025-2026,2025-12-18,200000,Al-Nassr Football Club,SA1,,,,,,,,,True,
447557,Gabriel Simion,2025-2026,2025-12-19,850000,Asociația Sportivă Fotbal Club Universitatea Cluj,RO1,,,,,,,,,True,
448169,Amir Saipi,2025-2026,2025-12-29,2000000,FC Lugano,C1,,,,,,,,,True,
448266,,2025-2026,2026-03-30,250000,,,,,,,,,,,True,
448284,Daniel Håkans,2025-2026,2025-12-08,1500000,KKS Lech Poznań Spółka Akcyjna,PL1,,,,,,,,,True,
448337,Ramy Najjarine,2025-2026,2026-01-13,300000,Wellington Phoenix Football Club,AUS1,,,,,,,,,True,
448414,Alan Medina,2025-2026,2025-12-29,800000,Club Universidad Nacional A. C.,MEX1,,,,,,,,,True,
448696,Michael Lansing,2025-2026,2025-12-15,300000,AC Horsens,DK1,Michael Lansing,2023-2024,2023-09-07,150000.0,Kristiansund Ballklubb,NO1,-150000.0,-0.5,True,
448883,Kristers Tobers,2025-2026,2025-12-10,800000,Aberdeen Football Club,SC1,,,,,,,,,True,
449353,Lucien Dähler,2025-2026,2025-12-29,400000,FC Thun,C1,,,,,,,,,True,
449444,Raul Florucz,2025-2026,2025-12-10,6000000,Royale Union Saint-Gilloise,BE1,,,,,,,,,True,
449453,Marcel Köstenbauer,2022-2023,2023-06-12,75000,Sportvereinigung Ried 1912,A1,,,,,,,,,True,
449526,Loris Mettler,2025-2026,2025-12-15,400000,Hamarkameratene,NO1,,,,,,,,,True,
449590,Josias Lukembila,2025-2026,2025-12-29,600000,FC Sion,C1,,,,,,,,,True,
449597,Isaac Schmidt,2025-2026,2025-12-19,2200000,Sportverein Werder Bremen von 1899,L1,,,,,,,,,True,
450233,Moisés Ramírez,2025-2026,2025-12-12,800000,Athlitiki Enosi Kifisias,GR1,,,,,,,,,True,
450237,Billy Arce,2025-2026,2025-12-05,450000,Mazatlán Futbol Club,MEX1,,,,,,,,,True,
450290,,2025-2026,2025-10-21,600000,,,,,,,,,,,True,
450406,Sebastián Jurado,2025-2026,2026-03-26,2000000,Fútbol Club Juárez,MEX1,,,,,,,,,True,
451040,,2025-2026,2025-12-15,400000,,,,,,,,,,,True,
451125,Bandar Nasser,2025-2026,2025-12-18,50000,Al-Khaleej Club (Saihat),SA1,,,,,,,,,True,
451164,,2025-2026,2025-12-08,400000,,,,,,,,,,,True,
451331,Ionuț Rădescu,2025-2026,2025-12-19,250000,Asociația Clubul Sportiv Campionii Fotbal Club Argeș,RO1,,,,,,,,,True,
451483,Fabian Rohner,2025-2026,2025-12-29,225000,Fussballclub Winterthur,C1,,,,,,,,,True,
451672,Vasilios Grosdis,2025-2026,2025-12-12,250000,Volou Neos Podosferikos Syllogos,GR1,,,,,,,,,True,
452447,,2025-2026,2025-12-08,550000,,,,,,,,,,,True,
452461,Paul Komposch,2025-2026,2025-12-22,800000,Turn- und Sportverein Egger Glas Hartberg,A1,,,,,,,,,True,
452483,David Affengruber,2025-2026,2025-12-12,9000000,Elche Club de Fútbol S.A.D.,ES1,,,,,,,,,True,
452560,Ismajl Beka,2025-2026,2025-12-29,150000,Grasshopper Club Zürich,C1,,,,,,,,,True,
452877,Mehdi Merghem,2025-2026,2025-12-19,450000,SC Bastia,FR1,Mehdi Merghem,2025-2026,2025-12-19,450000.0,SC Farense,PO1,0.0,0.0,True,Liga Portugal
453009,Ibrahim Al-Shuail,2025-2026,2025-12-18,225000,Al-Taawoun Football Club,SA1,,,,,,,,,True,
453121,Koen Kostons,2025-2026,2026-03-11,1500000,Prins Hendrik Ende Desespereert Nimmer Combinatie Zwolle,NL1,,,,,,,,,True,
453156,Wiktor Długosz,2025-2026,2026-03-26,750000,Miejski Klub Sportowy Korona Kielce Spółka Akcyjna,PL1,,,,,,,,,True,
453639,Patryk Makuch,2025-2026,2026-03-22,600000,RKS Raków Częstochowa SA,PL1,,,,,,,,,True,
454181,Gabriel Neves,2025-2026,2026-03-18,1300000,Club Estudiantes de La Plata,ARG1,,,,,,,,,True,
454625,Matías Cóccaro,2025-2026,2025-12-29,2500000,Club Atlético Newell’s Old Boys,ARG1,,,,,,,,,True,
454626,Christian Manrique,2025-2026,2026-03-06,450000,Panetolikos Agrinio,GR1,,,,,,,,,True,
455761,Stefan Jovanovic,2025-2026,2025-12-11,500000,Fudbalski klub TSC Bačka Topola,SER1,,,,,,,,,True,
455769,Milos Spasic,2025-2026,2025-12-11,250000,Fudbalski Klub Radnički Niš,SER1,,,,,,,,,True,
455979,Brandon Servania,2025-2026,2025-12-11,800000,D.C. United,MLS1,,,,,,,,,True,
456113,Enrique Serje,2025-2026,2026-03-17,250000,Asociación Deportivo Pasto,COL1,,,,,,,,,True,
456143,Filip Cihak,2025-2026,2025-12-22,500000,FC Hradec Králové a.s.,TS1,,,,,,,,,True,
456449,Serginho,2025-2026,2025-12-17,600000,Club de Regatas Vasco da Gama,BRA1,Serginho,2022-2023,2023-06-08,1300000.0,Fatih Karagümrük Sportif Faaliyetler San. Tic. A.Ş.,TR1,700000.0,1.1666666666666667,True,
456583,John Koutroumbis,2025-2026,2025-12-10,350000,Motherwell Football Club,SC1,,,,,,,,,True,
456617,Marcelino Moreno,2025-2026,2025-12-17,5000000,Club Atlético Lanús,ARG1,,,,,,,,,True,
456814,Maksim Sidorov,2025-2026,2025-12-16,900000,FC Orenburg,RU1,Maksim Sidorov,2025-2026,2025-12-16,900000.0,RFK Akhmat Grozny,RU1,0.0,0.0,True,
457061,Leonardo Morales,2025-2026,2025-12-17,650000,Club Atlético Belgrano,ARG1,,,,,,,,,True,
457218,Norberto Briasco,2025-2026,2025-12-17,200000,Club Atlético Barracas Central,ARG1,,,,,,,,,True,
457533,Agustín Canobbio,2025-2026,2025-12-10,6000000,Fluminense Football Club,BRA1,,,,,,,,,True,
457666,Renzo Tesuri,2025-2026,2025-12-17,1000000,Club Atlético Tucumán,ARG1,,,,,,,,,True,
457738,Jovo Lukic,2025-2026,2026-03-27,1500000,Asociația Sportivă Fotbal Club Universitatea Cluj,RO1,,,,,,,,,True,
457774,,2025-2026,2025-12-17,300000,,,,,,,,,,,True,
457830,Takahiro Ko,2025-2026,2025-12-15,1200000,Tokyo Football Club,JAP1,,,,,,,,,True,
458047,Rodrigo Fernández Cedrés,2025-2026,2025-12-17,800000,Club Atlético Independiente de Avellaneda,ARG1,,,,,,,,,True,
458065,Jae-woo Kim,2025-2026,2025-12-16,275000,Jeju SK Football Club,RSK1,,,,,,,,,True,
458251,Everton Galdino,2025-2026,2025-12-15,1000000,Mirasol Futebol Clube,BRA1,,,,,,,,,True,
458367,Arbër Hoxha,2025-2026,2025-12-22,2500000,GNK Dinamo Zagreb,KR1,,,,,,,,,True,
458603,Mauro Da Luz,2025-2026,2025-11-06,375000,Club Atlético Aldosivi,ARG1,,,,,,,,,True,
458715,Robson Bambu,2025-2026,2025-12-29,2800000,Sporting Clube de Braga,PO1,Robson Bambu,2025-2026,2025-12-29,2800000.0,Club Atlético de San Luis,MEX1,0.0,0.0,True,
459115,Jan Hurtado,2025-2026,2025-12-17,350000,Volou Neos Podosferikos Syllogos,GR1,,,,,,,,,True,
459209,Markus Johnsgård,2025-2026,2025-12-15,250000,Hamarkameratene,NO1,,,,,,,,,True,
459242,Franco Negri,2025-2026,2025-12-11,500000,Houston Dynamo,MLS1,,,,,,,,,True,
459318,Iván Gómez,2025-2026,2026-03-18,1200000,Club Atlético Platense,ARG1,,,,,,,,,True,
459390,Tore André Sørås,2025-2026,2025-12-15,350000,KFUM-Kameratene Oslo,NO1,,,,,,,,,True,
459466,Eddie Segura,2025-2026,2025-12-11,1800000,Los Angeles Football Club,MLS1,,,,,,,,,True,
459665,Patrizio Masini,2025-2026,2026-03-24,5000000,Genoa Cricket and Football Club,IT1,,,,,,,,,True,
460349,Harrinson Mancilla,2025-2026,2025-12-05,50000,Asociación Deportivo Pasto,COL1,,,,,,,,,True,
460361,Soufiane Jebari,2025-2026,2025-12-19,150000,Asociația Futball Klub Csíkszereda Miercurea Ciuc,RO1,,,,,,,,,True,
460529,Jeremy Ebobisse,2025-2026,2025-12-11,1000000,Los Angeles Football Club,MLS1,,,,,,,,,True,
460601,Matija Malekinusic,2025-2026,2025-12-11,500000,Fudbalski Klub Novi Pazar,SER1,,,,,,,,,True,
460693,Jaen Pineda,2025-2026,2026-03-17,500000,Rionegro Águilas,COL1,,,,,,,,,True,
460800,Ilian Iliev,2023-2024,2024-06-03,600000,,,Ilian Iliev,2023-2024,2024-06-03,600000.0,Athlitiki Enosi Kifisias,GR1,0.0,0.0,True,
460893,Gustavo Torres,2025-2026,2025-12-05,200000,Deportivo Pereira,COL1,,,,,,,,,True,
461461,Uran Bislimi,2025-2026,2025-12-29,2500000,FC Lugano,C1,,,,,,,,,True,
461569,Michał Król,2025-2026,2025-12-08,350000,Motor Lublin Spółka Akcyjna,PL1,,,,,,,,,True,
461607,Estéban Lepaul,2025-2026,2026-03-27,20000000,Stade Rennais Football Club,FR1,,,,,,,,,True,
461608,Iván Morales,2025-2026,2025-12-17,500000,Asociación Atlética Argentinos Juniors,ARG1,,,,,,,,,True,
461644,Tyrone Owusu,2025-2026,2025-12-02,550000,Sportclub Telstar,NL1,,,,,,,,,True,
461670,Bogdan Biloshevskyi,2025-2026,2025-12-18,200000,Chornomorets Odesa,UKR1,Bogdan Biloshevskyi,2025-2026,2025-12-18,200000.0,SK Poltava,UKR1,0.0,0.0,True,
462029,Abdulsamed Abdullahi,2025-2026,2025-12-11,250000,Fudbalski Klub Novi Pazar,SER1,,,,,,,,,True,
462059,Bert Esselink,2025-2026,2025-12-10,350000,Dundee United Football Club,SC1,,,,,,,,,True,
462070,Nicolás Fonseca,2025-2026,2025-12-29,3000000,Real Oviedo S.A.D.,ES1,,,,,,,,,True,
462162,Abdullah Khateeb,2025-2026,2025-12-18,375000,Al-Ettifaq Football Club,SA1,,,,,,,,,True,
462201,Jeider Riquett,2025-2026,2025-12-05,100000,Once Caldas,COL1,,,,,,,,,True,
463320,Joel Graterol,2023-2024,2024-06-11,800000,,,Joel Graterol,2023-2024,2024-06-11,800000.0,Panetolikos Agrinio,GR1,0.0,0.0,True,
463398,Víctor Cabezas,2025-2026,2025-12-05,50000,Unión Magdalena,COL1,,,,,,,,,True,
463666,Antoine Baroan,2025-2026,2025-12-19,600000,AVS Futebol SAD,PO1,,,,,,,,,True,
464190,Lindrit Kamberi,2025-2026,2025-12-29,800000,FC Zürich,C1,,,,,,,,,True,
464271,Vojtech Patrak,2025-2026,2025-12-22,700000,FK Pardubice,TS1,,,,,,,,,True,
464273,Jiri Boula,2025-2026,2026-03-24,1500000,FC Baník Ostrava a.s.,TS1,,,,,,,,,True,
464308,Tommi Jyry,2025-2026,2025-12-19,700000,Fotbal Club Petrolul Ploiești,RO1,,,,,,,,,True,
464365,Diego Sosa,2025-2026,2026-03-18,600000,Instituto Atlético Central Córdoba,ARG1,,,,,,,,,True,
464447,Kolbeinn Thórdarson,2025-2026,2025-11-07,1200000,Idrottsföreningen Kamraterna Göteborg,SE1,,,,,,,,,True,
464454,Stefán Ingi Sigurdarson,2025-2026,2025-12-15,2000000,Go Ahead Eagles,NL1,,,,,,,,,True,
464461,Filip Schyberg,2025-2026,2025-11-19,400000,Halmstads BK,SE1,,,,,,,,,True,
464465,Daniel Dumbravanu,2022-2023,2023-06-12,75000,Genoa Cricket and Football Club,IT1,Daniel Dumbravanu,2022-2023,2023-06-12,75000.0,,,0.0,0.0,True,
464467,Rasmus Sandberg,2025-2026,2025-12-15,300000,Rosenborg Ballklub,NO1,,,,,,,,,True,
464469,Torbjørn Heggem,2025-2026,2025-12-23,14000000,Bologna Football Club 1909,IT1,,,,,,,,,True,
464478,Håkon Butli Hammer,2025-2026,2025-12-15,350000,Aalesunds Fotballklubb,NO1,,,,,,,,,True,
464493,Teodor Berg Haltvik,2025-2026,2025-12-15,275000,KFUM-Kameratene Oslo,NO1,,,,,,,,,True,
464604,Bruno Bogojevic,2025-2026,2025-12-22,350000,HNK Gorica,KR1,,,,,,,,,True,
464741,Manato Shinada,2025-2026,2025-12-15,450000,JEF United,JAP1,,,,,,,,,True,
464816,Daniel Kozma,2025-2026,2025-12-22,200000,FK Dukla Praha a.s.,TS1,,,,,,,,,True,
465105,Tomás Romero,2025-2026,2025-12-11,150000,New York City Football Club,MLS1,,,,,,,,,True,
465316,Ismael Casas,2025-2026,2025-12-11,350000,Fudbalski Klub IMT Novi Beograd,SER1,,,,,,,,,True,
465317,Juande Rivas,2025-2026,2026-03-26,700000,Gliwicki Klub Sportowy Piast Spółka Akcyjna,PL1,,,,,,,,,True,
465557,Luka Zoric,2025-2026,2025-12-17,100000,Fudbalski klub Radnik Surdulica,SER1,,,,,,,,,True,
465593,Stipe Juric,2025-2026,2025-12-12,250000,NK Varazdin,KR1,,,,,,,,,True,
465647,Miguel Ortega,2025-2026,2025-12-05,450000,Llaneros FC,COL1,,,,,,,,,True,
465677,Edgar Elizalde,2025-2026,2025-12-17,200000,Millonarios FC,COL1,,,,,,,,,True,
465682,Mauro Silveira,2025-2026,2025-12-05,900000,Junior FC,COL1,,,,,,,,,True,
465817,Alan Rodríguez,2025-2026,2025-12-10,2300000,Sport Club Internacional,BRA1,,,,,,,,,True,
465818,Brian Rodríguez,2025-2026,2025-12-29,6500000,Club de Futbol América S. A. de C. V.,MEX1,,,,,,,,,True,
465819,Santiago Rodríguez,2025-2026,2026-03-12,6000000,S. A. F. Botafogo,BRA1,,,,,,,,,True,
465822,Facundo Torres,2025-2026,2025-12-10,13000000,Austin FC,MLS1,,,,,,,,,True,
466120,Bojica Nikcevic,2025-2026,2025-12-11,700000,Fudbalski klub Čukarički Beograd,SER1,,,,,,,,,True,
466125,Milutin Vidosavljevic,2025-2026,2026-03-26,1500000,Fudbalski Klub Vojvodina,SER1,,,,,,,,,True,
466722,Andrei Dumiter,2025-2026,2025-12-19,350000,Asociația Fotbal Club Botoșani,RO1,,,,,,,,,True,
467271,Omir Fernandez,2025-2026,2025-12-11,1200000,Portland Timbers,MLS1,,,,,,,,,True,
468022,Miles Robinson,2025-2026,2025-12-11,3500000,Football Club Cincinnati,MLS1,,,,,,,,,True,
468174,Félix Torres,2025-2026,2025-12-10,1000000,Sport Club Internacional,BRA1,,,,,,,,,True,
468192,Daniel Bîrligea,2025-2026,2025-12-19,4500000,SC Fotbal Club FCSB SA,RO1,,,,,,,,,True,
468247,Cleiton,2025-2026,2026-03-12,5000000,Red Bull Bragantino,BRA1,,,,,,,,,True,
468302,Lucas Halter,2025-2026,2025-12-10,2000000,Houston Dynamo,MLS1,,,,,,,,,True,
468304,Rodrigo Nestor,2025-2026,2025-12-10,7000000,Esporte Clube Bahia,BRA1,,,,,,,,,True,
468916,Alvis Jaunzems,2025-2026,2025-12-08,400000,Klub Sportowy Lechia Gdańsk,PL1,,,,,,,,,True,
469135,Eduard Atuesta,2025-2026,2025-12-11,3500000,Orlando City Soccer Club,MLS1,,,,,,,,,True,
469271,Dominik Hasek,2025-2026,2025-12-22,200000,FK Dukla Praha a.s.,TS1,,,,,,,,,True,
469595,Habib Al-Watyan,2025-2026,2025-12-18,25000,Al-Fateh Club,SA1,,,,,,,,,True,
469669,Yvan Neyou,2025-2026,2025-12-12,2500000,CD Leganés,ES1,Yvan Neyou,2025-2026,2025-12-12,2500000.0,Al-Okhdood Club,SA1,0.0,0.0,True,
469686,Žan Kolmanič,2025-2026,2025-12-11,800000,Austin FC,MLS1,,,,,,,,,True,
469695,Tamar Svetlin,2025-2026,2026-03-26,2000000,Miejski Klub Sportowy Korona Kielce Spółka Akcyjna,PL1,,,,,,,,,True,
469726,Nikola Vukajlovic,2025-2026,2025-12-11,500000,Fudbalski klub Napredak Kruševac,SER1,,,,,,,,,True,
469762,Agustín Cardozo,2025-2026,2026-03-18,2500000,Club Atlético Lanús,ARG1,,,,,,,,,True,
469776,Gastón Suso,2025-2026,2025-12-17,300000,Club Atlético Tucumán,ARG1,,,,,,,,,True,
469782,Nicolas Hansen,2025-2026,2025-12-11,300000,Colorado Rapids,MLS1,,,,,,,,,True,
469783,Michael Collodi,2025-2026,2025-12-11,400000,FC Dallas,MLS1,,,,,,,,,True,
469852,Ian Hoffmann,2025-2026,2025-12-15,400000,Hamarkameratene,NO1,,,,,,,,,True,
469855,,2025-2026,2025-12-29,400000,,,,,,,,,,,True,
469918,Philip Aukland,2025-2026,2025-12-15,350000,Aalesunds Fotballklubb,NO1,,,,,,,,,True,
469957,Kastriot Imeri,2025-2026,2026-03-17,1800000,FC Thun,C1,,,,,,,,,True,
470011,Khaled Al-Sumairi,2025-2026,2025-12-18,175000,Damac Football Club,SA1,,,,,,,,,True,
470038,Ransford Königsdörffer,2025-2026,2025-12-19,4000000,Hamburger Sport Verein,L1,,,,,,,,,True,
470130,Teruki Hara,2025-2026,2025-12-15,550000,Nagoya Grampus Eight,JAP1,,,,,,,,,True,
470248,Andreas Katsantonis,2025-2026,2025-12-08,350000,Gliwicki Klub Sportowy Piast Spółka Akcyjna,PL1,,,,,,,,,True,
470324,Juan Bauzá,2025-2026,2026-03-17,550000,Atlético Nacional,COL1,,,,,,,,,True,
470390,Edwuin Cetré,2025-2026,2025-12-17,3000000,Club Estudiantes de La Plata,ARG1,,,,,,,,,True,
470789,Zlatan Sehovic,2025-2026,2025-12-22,450000,FK Dukla Praha a.s.,TS1,,,,,,,,,True,
470800,Radivoj Bosic,2025-2026,2026-03-26,800000,Fudbalski klub TSC Bačka Topola,SER1,,,,,,,,,True,
470811,Neta Lavi,2025-2026,2025-12-15,800000,Zelvia,JAP1,,,,,,,,,True,
470986,Sam Sutton,2025-2026,2026-01-13,350000,Perth Glory Football Club,AUS1,,,,,,,,,True,
471127,Daniel Eid,2025-2026,2025-12-15,550000,Fredrikstad Fotballklubb,NO1,,,,,,,,,True,
471154,Rei Hirakawa,2025-2026,2025-12-15,650000,Tokyo Verdy,JAP1,,,,,,,,,True,
471156,Zakhar Volkov,2025-2026,2025-12-08,900000,,,Zakhar Volkov,2025-2026,2025-12-08,900000.0,FC Khimki (-2025),RU1,0.0,0.0,True,
471494,Noah James,2025-2026,2026-01-13,200000,Newcastle United Jets Football Club,AUS1,,,,,,,,,True,
471639,Gabriel Rojas,2025-2026,2026-03-18,4000000,Racing Club Asociación Civil de Avellaneda,ARG1,,,,,,,,,True,
471640,Nicolás Zalazar,2025-2026,2025-12-17,800000,Club Atlético Aldosivi,ARG1,,,,,,,,,True,
471657,Emmanuel Ojeda,2025-2026,2025-12-17,600000,Club Atlético Huracán,ARG1,,,,,,,,,True,
471988,Brian García,2025-2026,2025-12-29,2500000,Promotora del Club Pachuca S. A. de C. V.,MEX1,,,,,,,,,True,
472873,Logi Tómasson,2025-2026,2025-12-17,2500000,Samsunspor,TR1,,,,,,,,,True,
474249,Jesús Ferreira,2025-2026,2025-12-11,4000000,Seattle Sounders FC,MLS1,,,,,,,,,True,
474615,Juan Diego Giraldo,2025-2026,2025-12-05,100000,Unión Magdalena,COL1,,,,,,,,,True,
474620,José Palacios,2025-2026,2025-12-16,50000,Unión Magdalena,COL1,,,,,,,,,True,
474677,Iván Rojas,2025-2026,2026-03-17,550000,Once Caldas,COL1,,,,,,,,,True,
474678,Santiago Jiménez,2025-2026,2025-12-05,350000,Asociación Deportivo Pasto,COL1,,,,,,,,,True,
474779,Vojtech Smrz,2025-2026,2026-03-24,125000,"Bohemians Praha 1905, a.s.",TS1,,,,,,,,,True,
474909,Sota Mino,2025-2026,2025-12-19,350000,Asociația Fotbal Club UTA Arad,RO1,,,,,,,,,True,
474967,Abdulrahman Al-Dawsari,2025-2026,2025-12-18,150000,Al-Qadsiah Saudi Football Club,SA1,,,,,,,,,True,
475431,Vladimir Nikolov,2025-2026,2025-12-08,350000,Miejski Klub Sportowy Korona Kielce Spółka Akcyjna,PL1,,,,,,,,,True,
476355,Cícero,2025-2026,2025-12-18,500000,Clube Desportivo de Tondela,PO1,,,,,,,,,True,
476360,Marcus Vinicius,2025-2026,2025-12-15,900000,Nagoya Grampus Eight,JAP1,,,,,,,,,True,
476362,Dudu,2025-2026,2025-11-24,900000,Clube Atlético Paranaense,BRA1,,,,,,,,,True,
477136,Nick Suman,2022-2023,2023-04-05,200000,Aberdeen Football Club,SC1,,,,,,,,,True,
477458,Walter Mazzantti,2025-2026,2026-03-18,2700000,Club Atlético Newell’s Old Boys,ARG1,,,,,,,,,True,
477481,Ibrahim Tanko,2025-2026,2025-12-11,400000,Fudbalski Klub Javor Matis Ivanjica,SER1,,,,,,,,,True,
477923,Jug Stanojev,2025-2026,2025-11-06,700000,Asociația Sportivă Fotbal Club Universitatea Cluj,RO1,,,,,,,,,True,
478347,Marian Huja,2025-2026,2025-12-08,1500000,Fotbal Club CFR 1907 Cluj SA,RO1,,,,,,,,,True,
478528,Abdulbasit Hindi,2025-2026,2025-12-18,500000,Al-Ettifaq Football Club,SA1,,,,,,,,,True,
478588,Ramalho,2025-2026,2025-12-19,400000,F.C.V. Farul Constanța SA,RO1,,,,,,,,,True,
478872,Alexis Guendouz,2023-2024,2023-07-27,500000,,,Alexis Guendouz,2023-2024,2023-07-27,500000.0,AS Saint-Étienne,FR1,0.0,0.0,True,Ligue 1
479268,Marco Burch,2025-2026,2026-03-17,700000,Servette Football Club 1890 SA,C1,,,,,,,,,True,
479683,Nabil Dunga,2025-2026,2025-12-01,1200000,Al-Najma Sport Club,SA1,,,,,,,,,True,
479718,Guillermo May,2025-2026,2026-01-13,700000,Auckland Football Club,AUS1,,,,,,,,,True,
479870,Alonso Martínez,2025-2026,2025-12-11,6000000,New York City Football Club,MLS1,,,,,,,,,True,
480139,Nikita Glushkov,2025-2026,2025-12-16,900000,Dinamo Makhachkala,RU1,,,,,,,,,True,
480168,Kaito Chida,2025-2026,2025-12-15,400000,Kashima Antlers FC,JAP1,,,,,,,,,True,
480225,Alesson,2025-2026,2025-12-10,1400000,Mirasol Futebol Clube,BRA1,,,,,,,,,True,
480274,Shaylon,2025-2026,2025-12-10,1000000,Mirasol Futebol Clube,BRA1,,,,,,,,,True,
480422,Guillermo Paiva,2025-2026,2025-12-05,800000,Junior FC,COL1,,,,,,,,,True,
480682,Joan Castro,2025-2026,2025-12-05,450000,Internacional de Bogotá,COL1,,,,,,,,,True,
480684,Leyser Chaverra,2025-2026,2025-12-05,800000,Independiente Medellín,COL1,,,,,,,,,True,
480764,Franco Moyano,2025-2026,2025-12-29,1000000,Instituto Atlético Central Córdoba,ARG1,,,,,,,,,True,
480774,Matías Zaracho,2025-2026,2026-03-18,3500000,Racing Club Asociación Civil de Avellaneda,ARG1,,,,,,,,,True,
480778,Marcelo Torres,2025-2026,2026-03-18,1800000,Club de Gimnasia y Esgrima La Plata,ARG1,,,,,,,,,True,
480874,Dan Edwards,2025-2026,2026-01-13,150000,Wellington Phoenix Football Club,AUS1,,,,,,,,,True,
481272,Rodrigo Piñeiro,2025-2026,2026-03-18,350000,Club Atlético Vélez Sársfield,ARG1,,,,,,,,,True,
481367,Miguel Merentiel,2025-2026,2026-03-18,5500000,Club Atlético Boca Juniors,ARG1,,,,,,,,,True,
482144,Michel Araújo,2025-2026,2025-12-10,2500000,Esporte Clube Bahia,BRA1,,,,,,,,,True,
482364,Leard Sadriu,2025-2026,2026-03-27,1000000,Asociația Clubul Sportiv Campionii Fotbal Club Argeș,RO1,,,,,,,,,True,
482386,Qëndrim Zyba,2025-2026,2025-12-22,400000,FC Slovan Liberec,TS1,,,,,,,,,True,
482611,Lalas Abubakar,2025-2026,2025-12-11,500000,FC Dallas,MLS1,,,,,,,,,True,
482647,Stefan Cleveland,2025-2026,2025-12-11,150000,Sporting Kansas City,MLS1,,,,,,,,,True,
482829,Tomas Nemcik,2025-2026,2025-12-15,2500000,Rosenborg Ballklub,NO1,,,,,,,,,True,
482837,Lukas Letenay,2025-2026,2026-03-24,400000,FC Slovan Liberec,TS1,,,,,,,,,True,
483446,Tomás Belmonte,2025-2026,2025-12-17,3500000,Club Atlético Boca Juniors,ARG1,,,,,,,,,True,
483593,Harry Sawyer,2025-2026,2026-01-13,350000,Macarthur South West Sydney (A-League),AUS1,,,,,,,,,True,
483715,Renato Espinosa,2025-2026,2025-12-19,200000,Asociația Fotbal Club Unirea 04 Slobozia,RO1,,,,,,,,,True,
483954,Samuel Lavrincik,2025-2026,2025-12-22,275000,FK Jablonec a.s.,TS1,,,,,,,,,True,
484818,Santeri Haarala,2025-2026,2025-11-19,450000,Djurgårdens Idrottsförening,SE1,,,,,,,,,True,
484848,Zé Ivaldo,2025-2026,2026-03-12,2000000,Santos Futebol Clube,BRA1,,,,,,,,,True,
484874,Matheus Oliveira,2025-2026,2025-12-16,800000,Football Club Anyang,RSK1,,,,,,,,,True,
485583,Ki-Jana Hoever,2025-2026,2025-12-09,5000000,Association de la Jeunesse auxerroise,FR1,Ki-Jana Hoever,2025-2026,2025-12-09,5000000.0,Wolverhampton Wanderers Football Club,GB1,0.0,0.0,True,Premier League
485731,Marlon Torres,2025-2026,2025-12-05,450000,Deportes Tolima,COL1,,,,,,,,,True,
485792,Christian Theoharous,2025-2026,2026-01-13,300000,Central Coast Mariners Football Club,AUS1,,,,,,,,,True,
485880,Jonathan Herrera,2025-2026,2025-12-17,375000,Asociación de Fomento Deportivo Riestra Barrio Colón,ARG1,,,,,,,,,True,
486030,Gustavo Abregú,2025-2026,2025-11-26,400000,Instituto Atlético Central Córdoba,ARG1,,,,,,,,,True,
486054,Simion Michez,2025-2026,2026-03-24,850000,"SK Slavia Praha, a.s.",TS1,,,,,,,,,True,
486183,Kaito Abe,2025-2026,2025-12-15,400000,Fagiano Okayama Sports Club,JAP1,,,,,,,,,True,
486185,Yuta Goke,2025-2026,2025-12-15,1000000,Rakuten Vissel Kobe,JAP1,,,,,,,,,True,
486196,Takahiro Iida,2025-2026,2025-12-15,300000,Football Club Mito HollyHock,JAP1,,,,,,,,,True,
486197,Yugo Tatsuta,2025-2026,2025-12-15,750000,Fagiano Okayama Sports Club,JAP1,,,,,,,,,True,
486204,Klisman Cake,2025-2026,2026-03-25,900000,RFK Akhmat Grozny,RU1,,,,,,,,,True,
486210,Guzmán Corujo,2025-2026,2025-12-05,200000,Club Atlético San Lorenzo de Almagro,ARG1,,,,,,,,,True,
486236,Iván López,2022-2023,2022-12-16,25000,Asociación de Fomento Deportivo Riestra Barrio Colón,ARG1,,,,,,,,,True,
486601,Yeong-jae Lee,2025-2026,2025-12-16,550000,Jeonbuk Hyundai Motors,RSK1,,,,,,,,,True,
486605,Jakub Markovic,2025-2026,2026-03-24,2800000,"SK Slavia Praha, a.s.",TS1,,,,,,,,,True,
486608,Simon Gabriel,2025-2026,2026-03-24,750000,FC Slovan Liberec,TS1,,,,,,,,,True,
486618,Matej Radosta,2025-2026,2025-12-22,550000,"FK Teplice, a.s.",TS1,,,,,,,,,True,
486628,Nicolas Penner,2025-2026,2025-12-22,250000,"FK Mladá Boleslav, a.s.",TS1,,,,,,,,,True,
486639,Haruki Saruta,2024-2025,2025-05-29,50000,Hitachi Kashiwa Reysol,JAP1,,,,,,,,,True,
486748,Matyas Kozak,2025-2026,2025-12-22,225000,"FK Teplice, a.s.",TS1,,,,,,,,,True,
486838,Miguel Silva,2025-2026,2025-12-05,550000,Fortaleza CEIF,COL1,,,,,,,,,True,
486926,Andrés Vombergar,2023-2024,2023-10-12,3000000,,,Andrés Vombergar,2023-2024,2023-10-12,3000000.0,FK Ufa,RU1,0.0,0.0,True,
486972,Dylan Pierias,2025-2026,2026-01-13,500000,Adelaide United Football Club,AUS1,,,,,,,,,True,
487114,Solomon Owusu,2025-2026,2025-12-15,400000,Fredrikstad Fotballklubb,NO1,,,,,,,,,True,
487346,Ezequiel Piovi,2025-2026,2025-12-17,900000,Club Estudiantes de La Plata,ARG1,,,,,,,,,True,
487417,Liam Millar,2022-2023,2023-06-07,1700000,Hull City,GB1,Liam Millar,2022-2023,2023-06-07,1700000.0,Kilmarnock Football Club,SC1,0.0,0.0,True,
487504,Kamal Miller,2025-2026,2025-12-11,2500000,Portland Timbers,MLS1,,,,,,,,,True,
487505,Thomas Hasal,2025-2026,2025-12-11,200000,Los Angeles Football Club,MLS1,,,,,,,,,True,
488048,Benjamin Böckle,2025-2026,2025-12-22,700000,Wattener Sportgemeinschaft Swarovski Tirol,A1,,,,,,,,,True,
488063,Nikolas Polster,2025-2026,2026-03-10,2000000,RZ Pellets Wolfsberger Athletiksport Club,A1,,,,,,,,,True,
488280,Erko Tougjas,2025-2026,2026-03-30,350000,Halmstads BK,SE1,,,,,,,,,True,
488870,Tomas Solil,2025-2026,2026-03-24,400000,FK Pardubice,TS1,,,,,,,,,True,
488872,Daniel Horak,2025-2026,2025-12-22,650000,FC Hradec Králové a.s.,TS1,,,,,,,,,True,
489047,Towa Yamane,2025-2026,2025-12-15,500000,Fagiano Okayama Sports Club,JAP1,,,,,,,,,True,
489063,Hiroki Abe,2025-2026,2025-12-15,50000,Urawa Red Diamonds,JAP1,,,,,,,,,True,
489072,Taiyo Koga,2025-2026,2025-12-15,1500000,Hitachi Kashiwa Reysol,JAP1,,,,,,,,,True,
489073,Akinari Kawazura,2025-2026,2025-12-15,300000,Nagoya Grampus Eight,JAP1,,,,,,,,,True,
489077,Riku Yamada,2025-2026,2025-12-15,250000,V-Varen Nagasaki,JAP1,,,,,,,,,True,
489078,Taishi Matsumoto,2025-2026,2025-12-15,900000,Sanfrecce Hiroshima,JAP1,,,,,,,,,True,
489081,Daiya Maekawa,2025-2026,2025-12-15,900000,Rakuten Vissel Kobe,JAP1,,,,,,,,,True,
489084,Takuya Yasui,2025-2026,2025-12-15,300000,JEF United,JAP1,,,,,,,,,True,
489359,Ao Tanaka,2025-2026,2025-12-09,10000000,Leeds United Association Football Club,GB1,,,,,,,,,True,
489364,Katsuya Nagato,2025-2026,2025-12-15,900000,Rakuten Vissel Kobe,JAP1,,,,,,,,,True,
489404,Issei Takahashi,2025-2026,2025-12-15,700000,JEF United,JAP1,,,,,,,,,True,
489408,Daiki Sugioka,2025-2026,2025-12-15,550000,Hitachi Kashiwa Reysol,JAP1,,,,,,,,,True,
489409,Masaaki Goto,2025-2026,2025-12-15,600000,V-Varen Nagasaki,JAP1,,,,,,,,,True,
489410,Kyeong-tae Lee,2025-2026,2025-12-16,50000,Foundation Coorperation Hana Financial Group Inc. Football Club,RSK1,,,,,,,,,True,
489415,Keiya Sento,2025-2026,2025-12-15,600000,Zelvia,JAP1,,,,,,,,,True,
489428,Hiroki Mawatari,2025-2026,2025-12-15,50000,Tokyo Verdy,JAP1,,,,,,,,,True,
489440,Hijiri Onaga,2025-2026,2025-12-15,650000,V-Varen Nagasaki,JAP1,,,,,,,,,True,
489824,Vladan Bubanja,2025-2026,2025-12-16,750000,NK Osijek s.d.d.,KR1,,,,,,,,,True,
489854,Ivan Krajcirik,2025-2026,2025-12-22,300000,FC Slovan Liberec,TS1,,,,,,,,,True,
489865,Matus Vojtko,2025-2026,2026-03-26,700000,Klub Sportowy Lechia Gdańsk,PL1,,,,,,,,,True,
490288,Mamadouba Diaby,2025-2026,2025-11-19,225000,Degerfors IF,SE1,,,,,,,,,True,
490362,Jack Elliott,2025-2026,2025-12-11,2500000,Chicago Fire Soccer Club,MLS1,,,,,,,,,True,
490819,Ahmed Abdu,2025-2026,2025-12-18,275000,Neom Sports Club,SA1,,,,,,,,,True,
490840,Lucão,2025-2026,2025-12-15,350000,Fagiano Okayama Sports Club,JAP1,,,,,,,,,True,
490844,Saeed Baattia,2025-2026,2025-12-18,250000,Al-Fateh Club,SA1,,,,,,,,,True,
490951,Tony Stojkovski,2025-2026,2025-12-29,25000,Panserraikos Serres,GR1,,,,,,,,,True,
491198,Naoki Tsubaki,2025-2026,2025-12-15,600000,JEF United,JAP1,,,,,,,,,True,
491533,Kevin Moreno,2025-2026,2026-03-17,150000,Alianza FC,COL1,,,,,,,,,True,
491536,Andrés Perea,2025-2026,2025-12-11,2500000,New York City Football Club,MLS1,,,,,,,,,True,
491542,Kevin Mier,2025-2026,2026-03-26,6500000,Club de Fútbol Cruz Azul S.A. de C.V.,MEX1,,,,,,,,,True,
491546,Fabián Ángel,2025-2026,2025-12-05,300000,Junior FC,COL1,,,,,,,,,True,
491547,Mateo Garavito,2025-2026,2026-03-17,400000,Asociación Deportivo Pasto,COL1,,,,,,,,,True,
491553,Jáminton Campaz,2025-2026,2025-12-17,5500000,Club Atlético Rosario Central,ARG1,,,,,,,,,True,
491578,Neil Farrugia,2025-2026,2025-11-26,125000,Dundee United Football Club,SC1,,,,,,,,,True,
491587,Alexis Duarte,2025-2026,2025-12-10,2000000,,,Alexis Duarte,2025-2026,2025-12-10,2000000.0,Santos Futebol Clube,BRA1,0.0,0.0,True,
491596,Braian Ojeda,2025-2026,2025-12-11,4000000,Orlando City Soccer Club,MLS1,,,,,,,,,True,
491599,Antonio Galeano,2025-2026,2025-12-10,4000000,Mirasol Futebol Clube,BRA1,,,,,,,,,True,
491603,Blas Armoa,2025-2026,2025-12-17,500000,Club Atlético Gimnasia y Esgrima de Mendoza,ARG1,,,,,,,,,True,
491616,Jackson Porozo,2025-2026,2025-12-29,2500000,CD Leganés,ES1,Jackson Porozo,2023-2024,2024-05-31,3300000.0,Club Tijuana Xoloitzcuintles de Caliente,MEX1,800000.0,0.32,True,
491687,Manuel Roffo,2025-2026,2026-03-18,3000000,Instituto Atlético Central Córdoba,ARG1,,,,,,,,,True,
491690,Marcelo Weigandt,2025-2026,2025-12-11,2000000,Club Atlético Boca Juniors,ARG1,,,,,,,,,True,
491698,Agustín Almendra,2025-2026,2025-12-17,4000000,Impulsora del Deportivo Necaxa S.A. de C.V.,MEX1,,,,,,,,,True,
491701,Fausto Vera,2025-2026,2025-12-10,4500000,Clube Atlético Mineiro,BRA1,,,,,,,,,True,
491702,Nacho Pais,2025-2026,2025-12-18,750000,Club Atlético Banfield,ARG1,,,,,,,,,True,
491707,Julián Carranza,2025-2026,2025-12-03,5000000,Impulsora del Deportivo Necaxa S.A. de C.V.,MEX1,,,,,,,,,True,
492104,Abdelrahman Boudah,2025-2026,2025-12-15,900000,Västerås Sportklubb FK,SE1,,,,,,,,,True,
492252,Tai Baribo,2025-2026,2025-12-11,5000000,D.C. United,MLS1,,,,,,,,,True,
492715,Atsuki Ito,2025-2026,2025-12-10,4000000,Koninklijke Atletiek Associatie Gent,BE1,,,,,,,,,True,
492728,Motoki Nagakura,2025-2026,2025-12-15,600000,Tokyo Football Club,JAP1,,,,,,,,,True,
492730,Takuya Ogiwara,2025-2026,2025-12-15,800000,Urawa Red Diamonds,JAP1,,,,,,,,,True,
492932,Koya Okuda,2025-2026,2025-12-15,300000,Football Club Mito HollyHock,JAP1,,,,,,,,,True,
492999,,2025-2026,2026-03-17,250000,,,,,,,,,,,True,
493000,Sebastián Villa,2025-2026,2025-12-17,6000000,Club Sportivo Independiente Rivadavia,ARG1,,,,,,,,,True,
493672,Herman Magnusson,2025-2026,2025-11-19,400000,Västerås Sportklubb FK,SE1,,,,,,,,,True,
493758,David Doudera,2025-2026,2025-12-22,4000000,"SK Slavia Praha, a.s.",TS1,,,,,,,,,True,
493763,David Simek,2025-2026,2025-12-22,200000,FK Pardubice,TS1,,,,,,,,,True,
494219,Brahian Cuello,2025-2026,2025-12-22,250000,Club Atlético Unión,ARG1,,,,,,,,,True,
494295,Dusan Ristic,2025-2026,2025-12-11,200000,Fudbalski Klub Javor Matis Ivanjica,SER1,,,,,,,,,True,
494384,Yusuf Maart,2025-2026,2025-12-22,600000,Sportvereinigung Ried 1912,A1,,,,,,,,,True,
494670,,2025-2026,2025-12-08,400000,,,,,,,,,,,True,
494826,Luca Petrasso,2025-2026,2025-12-11,600000,Club de Foot Montréal,MLS1,,,,,,,,,True,
494830,Anderson,2025-2026,2025-12-22,600000,Fußballclub Blau-Weiß Linz,A1,,,,,,,,,True,
494847,Lovro Majkic,2025-2026,2025-12-12,600000,Aris Thessalonikis,GR1,,,,,,,,,True,
494853,Igor Lepinjica,2025-2026,2025-12-22,300000,NK Slaven Belupo Koprivnica,KR1,,,,,,,,,True,
494982,Kazuki Takahashi,2025-2026,2025-12-16,350000,Bucheon Football Club 1995,RSK1,,,,,,,,,True,
495109,Tobias Ostchega,2025-2026,2025-12-17,300000,Asociación Atlética Estudiantes,ARG1,,,,,,,,,True,
495116,Jair Díaz,2025-2026,2025-12-29,900000,Mazatlán Futbol Club,MEX1,,,,,,,,,True,
495320,Martin Zlomislic,2025-2026,2025-12-22,2000000,Hrvatski Nogometni Klub Rijeka,KR1,,,,,,,,,True,
495438,Kevin Ackermann,2025-2026,2025-11-19,700000,Idrottsföreningen  Brommapojkarna,SE1,,,,,,,,,True,
495689,Julián Millán,2025-2026,2026-03-12,3500000,Fluminense Football Club,BRA1,,,,,,,,,True,
495693,Aldair Gutiérrez,2025-2026,2026-03-17,450000,Atlético Bucaramanga,COL1,,,,,,,,,True,
495709,Fabio Delgado,2025-2026,2025-12-16,200000,Deportivo Pereira,COL1,,,,,,,,,True,
495728,Daniel Mera,2025-2026,2025-12-16,150000,Unión Magdalena,COL1,,,,,,,,,True,
495829,Matus Maly,2025-2026,2026-03-24,700000,"SK Sigma Olomouc, a.s.",TS1,,,,,,,,,True,
495839,Andrias Edmundsson,2025-2026,2026-03-24,2500000,Verona Hellas Football Club,IT1,,,,,,,,,True,
496034,Ka-ram Han,2025-2026,2025-12-16,150000,Football Club Anyang,RSK1,,,,,,,,,True,
496237,Niklas Steffen,2025-2026,2026-03-17,2000000,FC Thun,C1,,,,,,,,,True,
496239,Justin Hammel,2025-2026,2025-12-29,1800000,Grasshopper Club Zürich,C1,,,,,,,,,True,
496268,Joaquín Piquerez,2025-2026,2026-03-12,12000000,Sociedade Esportiva Palmeiras,BRA1,,,,,,,,,True,
496341,Mads Hedenstad,2025-2026,2025-12-15,1000000,Aarhus Gymnastik Forening,DK1,,,,,,,,,True,
496357,Mehdi Boudjemaa,2023-2024,2024-05-31,550000,Al-Wehda FC,SA1,Mehdi Boudjemaa,2023-2024,2024-05-31,550000.0,Hatayspor,TR1,0.0,0.0,True,
496606,Dominick Zator,2025-2026,2026-03-26,150000,Morski Związkowy Klub Sportowy Arka Gdynia Spółka Akcyjna,PL1,,,,,,,,,True,
496631,Stefan Visic,2025-2026,2026-03-27,75000,Fotbal Club Metaloglobus București SA,RO1,,,,,,,,,True,
496655,Louis Thébault-Yamaguchi,2025-2026,2025-12-15,500000,Kawasaki Frontale,JAP1,,,,,,,,,True,
496989,Nino Zugelj,2025-2026,2025-11-19,800000,Djurgårdens Idrottsförening,SE1,,,,,,,,,True,
497132,Hyeon-ug Kim,2025-2026,2025-12-16,400000,Foundation Coorperation Hana Financial Group Inc. Football Club,RSK1,,,,,,,,,True,
497142,George Marks,2025-2026,2025-12-11,100000,Philadelphia Union,MLS1,,,,,,,,,True,
497359,Nikola Bogdanovski,2025-2026,2025-12-11,200000,Fudbalski klub Napredak Kruševac,SER1,,,,,,,,,True,
497439,Dae-won Kim,2025-2026,2025-12-16,700000,Gangwon Football Club,RSK1,,,,,,,,,True,
497440,Seung-won Jeong,2025-2026,2025-12-16,550000,Football Club Seoul,RSK1,,,,,,,,,True,
497543,David Duris,2025-2026,2025-12-15,900000,Rosenborg Ballklub,NO1,,,,,,,,,True,
497574,Sam Rogers,2025-2026,2025-12-11,700000,Chicago Fire Soccer Club,MLS1,,,,,,,,,True,
497575,Trey Muse,2025-2026,2025-12-11,150000,Portland Timbers,MLS1,,,,,,,,,True,
497799,Felix Vá,2025-2026,2025-12-15,550000,Lillestrøm Sportsklubb,NO1,,,,,,,,,True,
497816,Matus Rusnak,2025-2026,2025-12-22,275000,FC Baník Ostrava a.s.,TS1,,,,,,,,,True,
498115,Hussain Al-Eissa,2025-2026,2025-12-18,75000,Al-Khaleej Club (Saihat),SA1,,,,,,,,,True,
498266,Mateo Puerta,2025-2026,2025-12-05,300000,Independiente Santa Fe,COL1,,,,,,,,,True,
498687,Yeison Guzmán,2025-2026,2026-03-17,2200000,Fortaleza Esporte Clube,BRA1,,,,,,,,,True,
498688,Carlos Rojas,2025-2026,2025-12-05,25000,Rionegro Águilas,COL1,,,,,,,,,True,
498867,Takumi Nagura,2025-2026,2025-12-15,250000,V-Varen Nagasaki,JAP1,,,,,,,,,True,
499196,Adrian Durrer,2025-2026,2025-12-29,300000,Fussballclub Winterthur,C1,,,,,,,,,True,
499324,Louis Lurvink,2025-2026,2026-03-24,1500000,"SK Sigma Olomouc, a.s.",TS1,,,,,,,,,True,
499330,Mihailo Stevanovic,2025-2026,2025-12-29,800000,FC St. Gallen 1879,C1,,,,,,,,,True,
499341,Milorad Stajic,2025-2026,2026-01-13,550000,Brisbane Roar FC,AUS1,,,,,,,,,True,
499735,Lachlan Wales,2025-2026,2026-01-13,400000,Perth Glory Football Club,AUS1,,,,,,,,,True,
499759,Ola Brynhildsen,2025-2026,2025-12-15,2500000,Fodbold Club Midtjylland,DK1,Ola Brynhildsen,2025-2026,2025-12-15,2500000.0,Fotballklubben Bodø/Glimt,NO1,0.0,0.0,True,
499990,Babacar Fati,2025-2026,2025-11-20,350000,Livingston Football Club,SC1,,,,,,,,,True,
500053,Pavel Sulc,2025-2026,2026-03-27,20000000,Olympique Lyonnais,FR1,,,,,,,,,True,
500055,Denny Samko,2025-2026,2025-12-22,750000,MFK Karvina,TS1,,,,,,,,,True,
500078,Tariq Abdullah,2025-2026,2025-12-18,175000,Damac Football Club,SA1,,,,,,,,,True,
500099,Fabio Fehr,2025-2026,2026-03-17,1200000,FC Thun,C1,,,,,,,,,True,
500137,Masaru Hidaka,2025-2026,2025-12-15,450000,JEF United,JAP1,,,,,,,,,True,
500138,Daiya Tono,2025-2026,2025-12-15,700000,Yokohama Marinos,JAP1,,,,,,,,,True,
500308,Michal Fukala,2025-2026,2025-12-22,375000,FC Baník Ostrava a.s.,TS1,,,,,,,,,True,
500309,Matt Freese,2025-2026,2025-12-11,2000000,New York City Football Club,MLS1,,,,,,,,,True,
500758,Randy Schneider,2025-2026,2025-12-29,450000,Fussballclub Winterthur,C1,,,,,,,,,True,
500763,Marvin Keller,2025-2026,2026-03-17,7000000,Berner Sport Club Young Boys,C1,,,,,,,,,True,
500924,Kosta Grozos,2025-2026,2026-01-13,500000,Newcastle United Jets Football Club,AUS1,,,,,,,,,True,
501049,Erik Ahlstrand,2025-2026,2025-12-19,500000,Heracles Almelo,NL1,,,,,,,,,True,
501054,Isak Dahlqvist,2025-2026,2026-03-10,600000,Fußballclub Blau-Weiß Linz,A1,,,,,,,,,True,
501065,Noa Williams,2025-2026,2025-12-15,800000,Sarpsborg 08 Fotballforening,NO1,,,,,,,,,True,
501275,Koki Morita,2025-2026,2025-12-15,1000000,Tokyo Verdy,JAP1,,,,,,,,,True,
501454,Noah Christoffersson,2025-2026,2025-11-19,800000,Örgryte IS,SE1,,,,,,,,,True,
501555,Viktor Gustafson,2025-2026,2025-11-19,750000,Mjällby Almänna Idrottsförening,SE1,,,,,,,,,True,
501568,Villiam Granath,2025-2026,2025-11-19,500000,Mjällby Almänna Idrottsförening,SE1,,,,,,,,,True,
501629,Leo Cornic,2025-2026,2025-12-15,800000,Tromsø Idrettslag,NO1,,,,,,,,,True,
501736,Shumpei Naruse,2025-2026,2025-12-15,75000,Hitachi Kashiwa Reysol,JAP1,,,,,,,,,True,
501741,Shota Fujio,2025-2026,2025-12-15,900000,Zelvia,JAP1,,,,,,,,,True,
501742,Taiki Yamada,2024-2025,2025-05-29,100000,Kashima Antlers FC,JAP1,,,,,,,,,True,
501748,Ten Miyagi,2025-2026,2025-12-15,325000,Kawasaki Frontale,JAP1,,,,,,,,,True,
501749,Seiji Kimura,2025-2026,2025-12-10,1300000,Koninklijke Voetbal Club Westerlo,BE1,,,,,,,,,True,
501777,Maksim Saveljev,2025-2026,2026-03-25,700000,FC Orenburg,RU1,,,,,,,,,True,
501818,Johannes Nuñez,2025-2026,2025-12-15,700000,Fredrikstad Fotballklubb,NO1,,,,,,,,,True,
501821,Ayoub Aleesami,2025-2026,2025-12-15,250000,KFUM-Kameratene Oslo,NO1,,,,,,,,,True,
501833,Sebastian Jarl,2025-2026,2025-12-15,600000,Vålerengens Idrettsforening,NO1,,,,,,,,,True,
501877,Nkosi Tafari,2025-2026,2025-12-11,1500000,Los Angeles Football Club,MLS1,,,,,,,,,True,
501989,Ulrik Fredriksen,2025-2026,2025-12-15,900000,Fredrikstad Fotballklubb,NO1,,,,,,,,,True,
502017,Balsa Popovic,2025-2026,2025-12-11,1200000,Omladinski fudbalski klub Beograd,SER1,,,,,,,,,True,
502022,Stefan Milic,2025-2026,2025-12-11,800000,Fudbalski Klub Partizan Beograd,SER1,,,,,,,,,True,
502345,Klemen Mihelak,2025-2026,2026-03-24,600000,FK Jablonec a.s.,TS1,,,,,,,,,True,
502527,Juninho Rocha,2025-2026,2025-12-16,350000,Football Club Pohang Steelers,RSK1,,,,,,,,,True,
502558,Odin Bjørtuft,2025-2026,2026-03-16,4500000,Fotballklubben Bodø/Glimt,NO1,,,,,,,,,True,
502669,Iva Gelashvili,2025-2026,2025-12-12,500000,Panserraikos Serres,GR1,,,,,,,,,True,
502671,Anzor Mekvabishvili,2025-2026,2025-12-19,1500000,U Craiova 1948 Club Sportiv SA,RO1,,,,,,,,,True,
502686,Moris Valincic,2025-2026,2025-12-22,2000000,GNK Dinamo Zagreb,KR1,,,,,,,,,True,
502708,Robin Frej,2025-2026,2026-03-30,550000,GAIS,SE1,,,,,,,,,True,
502907,Eirik Saunes,2025-2026,2025-12-15,350000,KFUM-Kameratene Oslo,NO1,,,,,,,,,True,
503001,Matías Tissera,2025-2026,2025-12-17,900000,Instituto Atlético Central Córdoba,ARG1,,,,,,,,,True,
503052,Tomás Cuello,2025-2026,2025-12-10,6000000,Clube Atlético Mineiro,BRA1,,,,,,,,,True,
503092,Paul Rothrock,2025-2026,2025-12-11,2800000,Seattle Sounders FC,MLS1,,,,,,,,,True,
503236,Jelani Reshaun Sumiyoshi,2025-2026,2025-12-15,550000,S-Pulse,JAP1,,,,,,,,,True,
503256,Sakarias Opsahl,2025-2026,2025-12-15,400000,Sportsklubben Brann,NO1,,,,,,,,,True,
503258,Bilal Njie,2025-2026,2025-12-15,250000,KFUM-Kameratene Oslo,NO1,,,,,,,,,True,
503325,Carl Lange,2025-2026,2025-12-15,650000,Vålerengens Idrettsforening,NO1,,,,,,,,,True,
503329,Ignacio Chicco,2025-2026,2025-12-17,300000,Club Atlético Aldosivi,ARG1,,,,,,,,,True,
503343,Alan Franco,2025-2026,2025-12-10,4000000,São Paulo Futebol Clube,BRA1,,,,,,,,,True,
503348,Lucas Blondel,2025-2026,2025-12-17,1200000,Club Atlético Huracán,ARG1,,,,,,,,,True,
503377,Nahuel Barrios,2025-2026,2026-03-18,600000,Club Atlético San Lorenzo de Almagro,ARG1,,,,,,,,,True,
503486,Won-jae Park,2025-2026,2025-12-16,200000,Gwangju Football Club,RSK1,,,,,,,,,True,
503496,Nikola Vasic,2025-2026,2025-11-19,275000,Hammarby IF,SE1,,,,,,,,,True,
503602,Adam Jakobsen,2022-2023,2023-06-26,250000,Vejle Boldklub,DK1,Adam Jakobsen,2022-2023,2023-06-26,250000.0,Idrottsföreningen  Brommapojkarna,SE1,0.0,0.0,True,
503686,Dan Ballard,2025-2026,2026-03-09,20000000,Sunderland Association Football Club,GB1,,,,,,,,,True,
503781,,2025-2026,2026-03-30,2200000,,,,,,,,,,,True,
503963,Jiri Slama,2025-2026,2025-12-22,650000,"SK Sigma Olomouc, a.s.",TS1,,,,,,,,,True,
504103,,2025-2026,2025-12-29,800000,,,,,,,,,,,True,
504104,Alejandro Gómez,2025-2026,2025-12-29,2500000,Boavista FC,PO1,Alejandro Gómez,2022-2023,2023-06-29,400000.0,Club Tijuana Xoloitzcuintles de Caliente,MEX1,-2100000.0,-0.84,True,
504113,Efraín Álvarez,2025-2026,2025-12-29,6000000,Club Deportivo Guadalajara S. A. de C. V.,MEX1,,,,,,,,,True,
504143,Damian Las,2025-2026,2025-11-25,300000,Austin FC,MLS1,,,,,,,,,True,
504152,Kenny Nielsen,2025-2026,2025-12-11,50000,Los Angeles Football Club,MLS1,,,,,,,,,True,
504189,Conrad Wallem,2025-2026,2025-12-11,2000000,St. Louis City Soccer Club,MLS1,,,,,,,,,True,
504205,Josh Atencio,2025-2026,2025-12-11,2500000,Colorado Rapids,MLS1,,,,,,,,,True,
504208,Peter Stroud,2025-2026,2025-12-11,1200000,Minnesota United FC,MLS1,,,,,,,,,True,
504242,Gabriel Wallentin,2025-2026,2025-11-19,350000,Halmstads BK,SE1,,,,,,,,,True,
504244,Noah Alexandersson,2025-2026,2025-12-15,150000,Hamarkameratene,NO1,,,,,,,,,True,
504254,Enzo Copetti,2025-2026,2025-12-17,2500000,Club Atlético Rosario Central,ARG1,,,,,,,,,True,
504258,Rodrigo Schlegel,2025-2026,2025-12-11,2500000,Club de Futbol Rojinegros S.A. de C.V.,MEX1,,,,,,,,,True,
504518,Kofi Balmer,2022-2023,2022-11-03,200000,,,Kofi Balmer,2022-2023,2022-11-03,200000.0,Motherwell Football Club,SC1,0.0,0.0,True,
504601,Jakub Sypek,2025-2026,2025-12-08,350000,Zagłębie Lubin Spółka Akcyjna,PL1,,,,,,,,,True,
504809,Dominik Plestil,2025-2026,2025-12-22,200000,"Bohemians Praha 1905, a.s.",TS1,,,,,,,,,True,
505324,Agon Elezi,2025-2026,2025-12-17,650000,,,Agon Elezi,2025-2026,2025-12-17,650000.0,HNK Gorica,KR1,0.0,0.0,True,
505466,Kaito Taniguchi,2025-2026,2025-12-15,500000,Central Coast Mariners Football Club,AUS1,,,,,,,,,True,
505639,Shogo Asada,2025-2026,2025-12-15,400000,Kyoto Purple Sanga,JAP1,,,,,,,,,True,
505640,Koki Fukui,2025-2026,2025-12-15,250000,Cerezo Osaka,JAP1,,,,,,,,,True,
505654,Mateja Zuvic,2025-2026,2025-12-11,250000,Fudbalski Klub Javor Matis Ivanjica,SER1,,,,,,,,,True,
505999,Monday Etim,2025-2026,2025-12-19,550000,U Craiova 1948 Club Sportiv SA,RO1,,,,,,,,,True,
506658,Ladislav Krobot,2025-2026,2025-12-22,300000,FK Pardubice,TS1,,,,,,,,,True,
507115,Lachlan Brook,2025-2026,2026-01-13,550000,Auckland Football Club,AUS1,,,,,,,,,True,
507309,Jens Husebø,2025-2026,2025-12-15,250000,Tromsø Idrettslag,NO1,,,,,,,,,True,
507407,Théo Golliard,2025-2026,2025-12-29,450000,Fussballclub Winterthur,C1,,,,,,,,,True,
507412,Nils Reichmuth,2025-2026,2025-12-29,1000000,FC Thun,C1,,,,,,,,,True,
507454,Ashvin Balaruban,2025-2026,2025-12-29,125000,FC Thun,C1,,,,,,,,,True,
507455,Lewin Blum,2025-2026,2025-12-10,2000000,Royal Charleroi Sporting Club,BE1,,,,,,,,,True,
507467,Stéphane Cueni,2025-2026,2025-12-29,300000,Fussballclub Winterthur,C1,,,,,,,,,True,
507477,Bledian Krasniqi,2025-2026,2025-12-29,1500000,FC Zürich,C1,,,,,,,,,True,
507484,Ilan Sauter,2025-2026,2025-12-29,500000,FC Zürich,C1,,,,,,,,,True,
507488,Nicolas Vouilloz,2025-2026,2025-12-29,2000000,FC Basel 1893 AG,C1,,,,,,,,,True,
507490,Christian Witzig,2025-2026,2025-12-29,3000000,FC St. Gallen 1879,C1,,,,,,,,,True,
507608,Sang-ki Lee,2025-2026,2025-12-16,175000,Incheon United Football Club,RSK1,,,,,,,,,True,
507630,Boubacari Doucouré,2025-2026,2025-12-11,600000,Fudbalski Klub Javor Matis Ivanjica,SER1,,,,,,,,,True,
507901,Jackson Ragen,2025-2026,2025-12-11,3000000,Seattle Sounders FC,MLS1,,,,,,,,,True,
508134,Juan Ignacio Méndez,2025-2026,2025-12-17,500000,Instituto Atlético Central Córdoba,ARG1,,,,,,,,,True,
508135,Marcelo Miño,2025-2026,2025-12-17,400000,Club Atlético Barracas Central,ARG1,,,,,,,,,True,
508237,Bum-keun Song,2025-2026,2025-12-16,1000000,Jeonbuk Hyundai Motors,RSK1,,,,,,,,,True,
508238,Seung-un Ha,2025-2026,2025-12-16,125000,Gwangju Football Club,RSK1,,,,,,,,,True,
508366,Tae-hyeon Kim,2025-2026,2025-12-16,750000,Jeonbuk Hyundai Motors,RSK1,,,,,,,,,True,
508376,Soon-min Lee,2025-2026,2025-12-16,500000,Foundation Coorperation Hana Financial Group Inc. Football Club,RSK1,,,,,,,,,True,
508381,Sang-ho Na,2025-2026,2025-12-15,800000,Zelvia,JAP1,,,,,,,,,True,
509390,Miguel Navarro,2025-2026,2025-12-17,2000000,Colorado Rapids,MLS1,,,,,,,,,True,
509438,Milos Ristic,2025-2026,2025-12-11,400000,FK Radnički 1923 Kragujevac,SER1,,,,,,,,,True,
509452,Kazuki Tanaka,2025-2026,2025-12-15,900000,JEF United,JAP1,,,,,,,,,True,
509575,Daiki Miya,2025-2026,2025-12-15,350000,Nagoya Grampus Eight,JAP1,,,,,,,,,True,
509599,Alec Smir,2025-2026,2025-12-11,150000,Minnesota United FC,MLS1,,,,,,,,,True,
509800,Togo Umeda,2025-2026,2025-12-15,150000,S-Pulse,JAP1,,,,,,,,,True,
509875,Amin Al-Bukhari,2025-2026,2025-12-18,125000,Al-Fateh Club,SA1,,,,,,,,,True,
509893,Awn Al-Saluli,2025-2026,2025-12-18,275000,Neom Sports Club,SA1,,,,,,,,,True,
509894,Abdulelah Al-Amri,2025-2026,2025-12-18,1000000,Al-Nassr Football Club,SA1,,,,,,,,,True,
509897,Hassan Tambakti,2025-2026,2025-12-18,1800000,Al-Hilal Saudi Football Club,SA1,,,,,,,,,True,
509898,Ali Al-Asmari,2025-2026,2025-12-18,300000,Al-Shabab Club,SA1,,,,,,,,,True,
509900,Abdullah Hassoun,2025-2026,2025-12-18,150000,Al-Riyadh Saudi Club,SA1,,,,,,,,,True,
509911,Nasser Al-Dawsari,2025-2026,2025-12-18,800000,Al-Hilal Saudi Football Club,SA1,,,,,,,,,True,
509912,Fahad Al-Rashidi,2025-2026,2025-12-18,275000,Al-Taawoun Football Club,SA1,,,,,,,,,True,
509914,Mohammed Al-Yami,2025-2026,2025-12-18,350000,Al-Hilal Saudi Football Club,SA1,,,,,,,,,True,
509916,Tom Barlow,2025-2026,2025-12-11,300000,Football Club Cincinnati,MLS1,,,,,,,,,True,
510103,Tomas Bobcek,2025-2026,2026-03-26,7000000,Klub Sportowy Lechia Gdańsk,PL1,,,,,,,,,True,
510244,Chang-rae Ha,2025-2026,2025-12-16,800000,Foundation Coorperation Hana Financial Group Inc. Football Club,RSK1,,,,,,,,,True,
510388,Lucas Anacker,2025-2026,2025-12-12,300000,APO Levadiakos Football Club,GR1,,,,,,,,,True,
510545,Jesús Jiménez,2025-2026,2026-03-26,300000,Omilos Filathlon Irakliou FC,GR1,Jesús Jiménez,2025-2026,2025-12-08,400000.0,Termalica Bruk-Bet Nieciecza Klub Sportowy,PL1,100000.0,0.3333333333333333,True,
510898,,2025-2026,2025-12-08,150000,,,,,,,,,,,True,
510963,Miguel Muñoz,2025-2026,2025-12-19,200000,Asociația Fotbal Club Botoșani,RO1,,,,,,,,,True,
511175,Robert Neacșu,2025-2026,2025-12-19,75000,Fotbal Club Metaloglobus București SA,RO1,,,,,,,,,True,
511436,Matías Sepúlveda,2025-2026,2025-12-10,1200000,Club Atlético Lanús,ARG1,,,,,,,,,True,
511448,Ryo Germain,2025-2026,2025-12-15,800000,Sanfrecce Hiroshima,JAP1,,,,,,,,,True,
511801,Alban Ajdini,2025-2026,2025-12-29,700000,Football Club Lausanne-Sport,C1,,,,,,,,,True,
511852,Anthony Olusanya,2025-2026,2025-11-19,400000,Kalmar Fotbollförening,SE1,,,,,,,,,True,
511885,Marinos Tzionis,2025-2026,2025-12-19,900000,Asociația Fotbal Club UTA Arad,RO1,,,,,,,,,True,
512160,Mike Vestergård,2025-2026,2025-12-15,300000,Vejle Boldklub,DK1,,,,,,,,,True,
512699,Yasuto Wakizaka,2025-2026,2025-12-15,1500000,Kawasaki Frontale,JAP1,,,,,,,,,True,
512916,Panutche Camara,2025-2026,2025-12-10,350000,Dundee United Football Club,SC1,,,,,,,,,True,
513124,Alexander Hofleitner,2025-2026,2025-12-22,400000,Grazer Athletiksport Klub 1902,A1,,,,,,,,,True,
514281,Malik Dijksteel,2025-2026,2025-12-10,75000,Saint Mirren Football Club,SC1,,,,,,,,,True,
514500,Marcinho,2025-2026,2026-03-12,750000,Associação Chapecoense de Futebol,BRA1,,,,,,,,,True,
514623,Mauro Rodrigues,2025-2026,2025-12-29,300000,FC Oleksandriya,UKR1,,,,,,,,,True,
514674,Conrado,2025-2026,2025-12-19,650000,SC Oţelul Galaţi,RO1,,,,,,,,,True,
514889,Frederik Christensen,2022-2023,2023-06-26,200000,Viborg Fodsports Forening,DK1,Frederik Christensen,2022-2023,2023-06-26,200000.0,Idrottsföreningen  Brommapojkarna,SE1,0.0,0.0,True,
514927,Ahmed Bamsaud,2025-2026,2025-12-18,650000,Al-Fayha FC,SA1,,,,,,,,,True,
515132,Yannick Oberleitner,2025-2026,2025-12-22,200000,Grazer Athletiksport Klub 1902,A1,,,,,,,,,True,
515254,André Bernardini,2025-2026,2025-11-19,150000,Västerås Sportklubb FK,SE1,,,,,,,,,True,
515458,Daiki Sakata,2024-2025,2025-05-29,50000,Hitachi Kashiwa Reysol,JAP1,,,,,,,,,True,
515480,Benjamin Markus,2025-2026,2025-12-22,900000,Turn- und Sportverein Egger Glas Hartberg,A1,,,,,,,,,True,
515496,Mailson,2025-2026,2025-12-18,3500000,Al-Taawoun Football Club,SA1,,,,,,,,,True,
515544,Trai Hume,2025-2026,2026-03-09,22000000,Sunderland Association Football Club,GB1,,,,,,,,,True,
515650,Takumu Kawamura,2025-2026,2025-12-22,1500000,Fußballclub Red Bull Salzburg,A1,,,,,,,,,True,
515653,Daiju Sasaki,2025-2026,2025-12-15,1200000,Rakuten Vissel Kobe,JAP1,,,,,,,,,True,
515654,,2025-2026,2025-12-15,500000,,,,,,,,,,,True,
515925,Sachiro Toshima,2025-2026,2025-12-15,400000,Hitachi Kashiwa Reysol,JAP1,,,,,,,,,True,
517126,Adam Zadrazil,2025-2026,2025-12-22,2000000,FC Hradec Králové a.s.,TS1,,,,,,,,,True,
517378,Brahima Doukansy,2025-2026,2025-12-19,250000,Fotbal Club Petrolul Ploiești,RO1,,,,,,,,,True,
517811,Shaqueel van Persie,2025-2026,2026-03-11,1500000,Feyenoord Rotterdam,NL1,,,,,,,,,True,
518354,Alfio Oviedo,2025-2026,2025-12-17,350000,Club Atlético Tigre,ARG1,,,,,,,,,True,
518451,Assad Al-Hamlawi,2025-2026,2025-12-19,1400000,U Craiova 1948 Club Sportiv SA,RO1,,,,,,,,,True,
518471,Dennis Owusu,2025-2026,2026-03-24,275000,FC Baník Ostrava a.s.,TS1,,,,,,,,,True,
518583,Noah Ganaus,2025-2026,2025-12-15,1200000,Odense Boldklub,DK1,,,,,,,,,True,
519011,Luca Kronberger,2025-2026,2025-12-22,150000,Sportclub Rheindorf Altach,A1,,,,,,,,,True,
519056,Yoshiaki Arai,2025-2026,2025-12-15,50000,Zelvia,JAP1,,,,,,,,,True,
519184,Amar Dedić,2025-2026,2025-12-18,15000000,Sport Lisboa e Benfica,PO1,,,,,,,,,True,
519291,Stian Kristiansen,2025-2026,2025-12-15,700000,Sandefjord Fotball,NO1,,,,,,,,,True,
519872,Livan Burcu,2025-2026,2025-12-19,4000000,1. Fußballclub Union Berlin,L1,,,,,,,,,True,
519879,Guilherme Romão,2025-2026,2025-11-24,400000,Clube Desportivo Santa Clara,PO1,,,,,,,,,True,
519882,Markus Karlsbakk,2025-2026,2025-12-15,1200000,Lillestrøm Sportsklubb,NO1,,,,,,,,,True,
520081,Marcinho,2025-2026,2025-12-15,1000000,Kawasaki Frontale,JAP1,,,,,,,,,True,
520084,Guilherme Garutti,2025-2026,2025-12-19,200000,Asociația Clubul Sportiv Campionii Fotbal Club Argeș,RO1,,,,,,,,,True,
520093,Raul,2025-2026,2026-03-12,400000,S. A. F. Botafogo,BRA1,,,,,,,,,True,
520438,Abdelmounaim Boutouil,2025-2026,2025-12-18,450000,Al-Hazem Sport Club,SA1,,,,,,,,,True,
520480,Igor Cariús,2025-2026,2025-12-10,250000,Mirasol Futebol Clube,BRA1,,,,,,,,,True,
521122,Taiki Watanabe,2025-2026,2025-12-15,300000,Yokohama Marinos,JAP1,,,,,,,,,True,
521442,Michael Heule,2025-2026,2026-03-17,1500000,FC Thun,C1,,,,,,,,,True,
522204,Lucas Carrizo,2025-2026,2026-03-18,800000,Club Atlético Huracán,ARG1,,,,,,,,,True,
522223,Connor Metcalfe,2025-2026,2025-12-19,2000000,Fußball-Club St. Pauli von 1910,L1,,,,,,,,,True,
522329,Artur Dumanyuk,2025-2026,2025-12-18,300000,FK Kudrivka-1,UKR1,,,,,,,,,True,
523052,Håkon Helland Hoseth,2025-2026,2025-12-15,400000,KFUM-Kameratene Oslo,NO1,,,,,,,,,True,
523201,Martin Sjølstad,2025-2026,2025-12-15,250000,Randers Fodbold Club,DK1,,,,,,,,,True,
523506,Patrik Vizek,2025-2026,2025-12-22,50000,FC Hradec Králové a.s.,TS1,,,,,,,,,True,
523507,Robert Jukl,2025-2026,2025-12-22,300000,"FK Teplice, a.s.",TS1,,,,,,,,,True,
523509,Michal Surzyn,2025-2026,2025-12-22,200000,FK Pardubice,TS1,,,,,,,,,True,
523870,Angelo Gattermayer,2025-2026,2026-03-10,600000,RZ Pellets Wolfsberger Athletiksport Club,A1,,,,,,,,,True,
523895,Paul Koller,2025-2026,2026-03-10,1200000,Sportklub Puntigamer Sturm Graz,A1,,,,,,,,,True,
523915,Hyeong-keun Kim,2025-2026,2025-12-16,250000,Bucheon Football Club 1995,RSK1,,,,,,,,,True,
524163,Ionuț Coadă,2025-2026,2025-12-19,250000,Asociația Fotbal Club Unirea 04 Slobozia,RO1,,,,,,,,,True,
524446,Kanu,2025-2026,2025-12-10,3000000,Esporte Clube Bahia,BRA1,,,,,,,,,True,
524487,Thomas Geris,2025-2026,2025-12-22,200000,Wattener Sportgemeinschaft Swarovski Tirol,A1,,,,,,,,,True,
524539,David Riegler,2025-2026,2026-03-10,300000,Fußballclub Blau-Weiß Linz,A1,,,,,,,,,True,
524592,Moon-hwan Kim,2025-2026,2025-12-16,800000,Foundation Coorperation Hana Financial Group Inc. Football Club,RSK1,,,,,,,,,True,
524710,Dejan Djokic,2025-2026,2025-12-08,250000,FC Sion,C1,,,,,,,,,True,
524743,Temma Matsuda,2025-2026,2025-12-15,550000,Kyoto Purple Sanga,JAP1,,,,,,,,,True,
524808,D.J. Taylor,2025-2026,2025-12-11,400000,Minnesota United FC,MLS1,,,,,,,,,True,
524932,Yulián Gómez,2025-2026,2025-12-05,450000,Internacional de Bogotá,COL1,,,,,,,,,True,
525731,Yaw Paintsil,2025-2026,2025-12-15,500000,Lillestrøm Sportsklubb,NO1,,,,,,,,,True,
525828,Ezequiel,2025-2026,2026-03-26,400000,Fudbalski Klub Spartak Ždrepčeva krv,SER1,,,,,,,,,True,
526032,Moritz Oswald,2025-2026,2025-12-22,400000,Sportclub Rheindorf Altach,A1,,,,,,,,,True,
526050,Kervin Arriaga,2025-2026,2025-12-12,1500000,Levante Unión Deportiva S.A.D.,ES1,,,,,,,,,True,
526434,Tor Erik Larsen,2025-2026,2025-12-15,200000,Aalesunds Fotballklubb,NO1,,,,,,,,,True,
526489,Fredrik Berglie,2025-2026,2025-12-15,400000,KFUM-Kameratene Oslo,NO1,,,,,,,,,True,
526566,Darko Nejasmic,2025-2026,2026-03-11,3000000,Nijmegen Eendracht Combinatie,NL1,,,,,,,,,True,
526785,Claudy Mbuyi,2025-2026,2026-03-10,1500000,Sportklub Rapid,A1,,,,,,,,,True,
526895,Matthias Seidl,2025-2026,2025-12-22,2500000,Sportklub Rapid,A1,,,,,,,,,True,
527336,Dennis Collander,2025-2026,2025-11-19,275000,Hammarby IF,SE1,,,,,,,,,True,
527340,Lucas Kåhed,2025-2026,2025-11-07,300000,Idrottsföreningen Kamraterna Göteborg,SE1,,,,,,,,,True,
527341,Aleksander Damnjanovic Nilsson,2025-2026,2025-11-19,350000,Halmstads BK,SE1,,,,,,,,,True,
527343,Tom Strannegård,2025-2026,2025-12-15,400000,Idrettsklubben Start,NO1,,,,,,,,,True,
527347,Tim Prica,2023-2024,2023-09-19,550000,Aalborg BK,DK1,Tim Prica,2023-2024,2023-09-19,550000.0,IFK Norrköping,SE1,0.0,0.0,True,
527589,Christoph Lang,2025-2026,2025-12-22,800000,Linzer Athletik-Sport-Klub,A1,,,,,,,,,True,
527597,Simon Spari,2025-2026,2025-12-19,350000,Fußball-Club St. Pauli von 1910,L1,,,,,,,,,True,
527858,Leon McCann,2025-2026,2025-12-10,100000,Falkirk Football & Athletic Club,SC1,,,,,,,,,True,
527972,Mourad El Ghezouani,2025-2026,2025-12-29,1400000,Elche Club de Fútbol S.A.D.,ES1,Mourad El Ghezouani,2022-2023,2023-06-14,700000.0,Club Tijuana Xoloitzcuintles de Caliente,MEX1,-700000.0,-0.5,True,
528021,Juljan Shehu,2025-2026,2025-12-08,3500000,Widzew Łódź Spółka Akcyjna,PL1,,,,,,,,,True,
528022,Dejan Zukic,2025-2026,2026-03-10,4000000,RZ Pellets Wolfsberger Athletiksport Club,A1,,,,,,,,,True,
528025,Won-cheol Choe,2025-2026,2025-12-16,175000,Bucheon Football Club 1995,RSK1,,,,,,,,,True,
528052,Jae-hyeon Mo,2025-2026,2025-12-16,750000,Gangwon Football Club,RSK1,,,,,,,,,True,
528211,Tino Jukic,2025-2026,2025-12-22,500000,NK Lokomotiva Zagreb,KR1,,,,,,,,,True,
528402,Filip Majchrowicz,2025-2026,2026-03-26,600000,Radomiak S.A.,PL1,,,,,,,,,True,
528414,Michael Ameyaw,2025-2026,2025-12-08,1500000,RKS Raków Częstochowa SA,PL1,,,,,,,,,True,
528835,Niko Galesic,2025-2026,2025-12-22,2500000,GNK Dinamo Zagreb,KR1,,,,,,,,,True,
528965,Yun-sung Kang,2025-2026,2025-12-16,400000,Foundation Coorperation Hana Financial Group Inc. Football Club,RSK1,,,,,,,,,True,
529149,Daniel Șerbănică,2025-2026,2025-12-19,400000,Asociația Fotbal Club Unirea 04 Slobozia,RO1,,,,,,,,,True,
529251,Ahmet Sivri,2025-2026,2025-12-17,250000,Fatih Karagümrük Sportif Faaliyetler San. Tic. A.Ş.,TR1,,,,,,,,,True,
529548,Michał Rakoczy,2025-2026,2025-12-08,300000,Klub Sportowy Górnik Zabrze Sportowa Spółka Akcyjna,PL1,,,,,,,,,True,
529712,Min-kwang Jeon,2025-2026,2025-12-16,350000,Football Club Pohang Steelers,RSK1,,,,,,,,,True,
529759,Yeison Tolosa,2025-2026,2026-03-17,50000,Asociación Deportivo Pasto,COL1,,,,,,,,,True,
529895,Daniel Elfadli,2025-2026,2025-12-19,3500000,Hamburger Sport Verein,L1,,,,,,,,,True,
530038,Aleksa Latkovic,2025-2026,2025-12-22,800000,NK Varazdin,KR1,,,,,,,,,True,
530421,Daniel,2025-2026,2025-12-11,800000,San Jose Earthquakes,MLS1,,,,,,,,,True,
530447,Tae-hyun An,2025-2026,2025-12-16,225000,Bucheon Football Club 1995,RSK1,,,,,,,,,True,
530527,Merchas Doski,2025-2026,2026-03-24,1000000,"FC Viktoria Plzeň, a.s.",TS1,,,,,,,,,True,
530675,George Caramalău,2025-2026,2025-12-19,250000,Fotbal Club Metaloglobus București SA,RO1,,,,,,,,,True,
530750,Jae-hee Jeong,2025-2026,2025-12-16,275000,Foundation Coorperation Hana Financial Group Inc. Football Club,RSK1,,,,,,,,,True,
531038,Ji-hwan Mun,2025-2026,2025-12-16,250000,Incheon United Football Club,RSK1,,,,,,,,,True,
531040,Min-kyu Kim,2025-2026,2025-12-16,250000,Gimcheon Sangmu Football Club,RSK1,,,,,,,,,True,
531289,Fabian Wohlmuth,2025-2026,2025-12-22,500000,RZ Pellets Wolfsberger Athletiksport Club,A1,,,,,,,,,True,
531404,Marc Aguado,2025-2026,2026-03-16,3500000,Elche Club de Fútbol S.A.D.,ES1,,,,,,,,,True,
531411,Esteban Orozco,2025-2026,2025-12-19,250000,Asociația Fotbal Club Unirea 04 Slobozia,RO1,,,,,,,,,True,
531538,Jędrzej Grobelny,2025-2026,2025-12-08,150000,Morski Związkowy Klub Sportowy Arka Gdynia Spółka Akcyjna,PL1,,,,,,,,,True,
531604,Thomas Schiestl,2025-2026,2026-03-10,200000,Grazer Athletiksport Klub 1902,A1,,,,,,,,,True,
531634,Alexander Briedl,2025-2026,2026-03-10,600000,Fußballclub Blau-Weiß Linz,A1,,,,,,,,,True,
531840,Elvis Bwomono,2025-2026,2025-12-08,125000,,,Elvis Bwomono,2025-2026,2025-12-08,125000.0,Aberdeen Football Club,SC1,0.0,0.0,True,
531873,Mladjan Stevanovic,2025-2026,2025-12-11,150000,Fudbalski klub Radnik Surdulica,SER1,,,,,,,,,True,
531890,Uros Stojanovic,2025-2026,2025-12-11,250000,Omladinski fudbalski klub Beograd,SER1,,,,,,,,,True,
532053,Seiya Baba,2025-2026,2025-12-15,450000,Hitachi Kashiwa Reysol,JAP1,,,,,,,,,True,
532054,Riku Handa,2025-2026,2025-12-15,1400000,Gamba Osaka,JAP1,,,,,,,,,True,
532055,Kohei Okuno,2025-2026,2025-12-15,500000,Avispa Fukuoka,JAP1,,,,,,,,,True,
532096,CJ dos Santos,2025-2026,2025-12-11,1500000,San Diego Football Club,MLS1,,,,,,,,,True,
532107,Ben Folami,2025-2026,2026-01-13,300000,Adelaide United Football Club,AUS1,,,,,,,,,True,
532240,Ricardo Monreal,2025-2026,2025-12-29,1500000,Impulsora del Deportivo Necaxa S.A. de C.V.,MEX1,,,,,,,,,True,
532350,Gabriel Risso Patrón,2025-2026,2025-11-24,250000,Club Atlético Newell’s Old Boys,ARG1,,,,,,,,,True,
532389,Sebastián Cáceres,2025-2026,2025-12-29,4500000,Club de Futbol América S. A. de C. V.,MEX1,,,,,,,,,True,
532557,Juan Espínola,2025-2026,2025-12-17,700000,Club Atlético Barracas Central,ARG1,,,,,,,,,True,
532938,Luis Romo,2025-2026,2025-12-29,3500000,Club Deportivo Guadalajara S. A. de C. V.,MEX1,,,,,,,,,True,
532965,David Edvardsson,2025-2026,2025-12-15,1200000,Tromsø Idrettslag,NO1,,,,,,,,,True,
533350,Quincy Butler,2025-2026,2025-12-22,500000,Wattener Sportgemeinschaft Swarovski Tirol,A1,,,,,,,,,True,
533354,Facundo Garcés,2025-2026,2026-02-11,1000000,Deportivo Alavés S. A. D.,ES1,,,,,,,,,True,
533565,Tomás Chancalay,2025-2026,2025-12-11,2500000,Minnesota United FC,MLS1,,,,,,,,,True,
533569,Fernando Bersano,2025-2026,2025-11-06,325000,Asociación Atlética Estudiantes,ARG1,,,,,,,,,True,
533680,Hisashi Appiah Tawiah,2025-2026,2025-12-15,225000,Kyoto Purple Sanga,JAP1,,,,,,,,,True,
533762,Stanley Kanu,2025-2026,2025-12-22,500000,FC Trinity Zlin,TS1,,,,,,,,,True,
534037,Nicolás Guerra,2025-2026,2025-12-10,400000,Instituto Atlético Central Córdoba,ARG1,,,,,,,,,True,
534360,Donat Rrudhani,2025-2026,2025-12-29,1200000,FC Sion,C1,,,,,,,,,True,
534474,Nil Coch,2025-2026,2025-12-18,350000,Epicentr Dunaivtsi,UKR1,,,,,,,,,True,
534568,Tomas Vlcek,2025-2026,2026-03-24,4500000,"SK Slavia Praha, a.s.",TS1,,,,,,,,,True,
534615,Juan Pablo Álvarez,2025-2026,2025-12-18,500000,Club Atlético Gimnasia y Esgrima de Mendoza,ARG1,,,,,,,,,True,
534616,Nicolás Linares,2025-2026,2025-11-24,400000,Club Atlético Gimnasia y Esgrima de Mendoza,ARG1,,,,,,,,,True,
534620,Carlos Rodríguez,2025-2026,2025-12-29,5500000,Club de Fútbol Cruz Azul S.A. de C.V.,MEX1,,,,,,,,,True,
534625,Tomás Durso,2025-2026,2026-03-18,1000000,Club Atlético Tucumán,ARG1,,,,,,,,,True,
535029,Matías Ruiz Díaz,2025-2026,2025-11-26,175000,Asociación Atlética Estudiantes,ARG1,,,,,,,,,True,
535033,Alejandro Maciel,2025-2026,2025-12-02,275000,Club Atlético Central Córdoba,ARG1,,,,,,,,,True,
535037,Erick Farias,2025-2026,2025-12-16,1300000,Ulsan Hyundai Football Club,RSK1,,,,,,,,,True,
535820,Isak Jansson,2025-2026,2025-12-15,5000000,Olympique Gymnaste Club Nice Côte d'Azur,FR1,,,,,,,,,True,
536129,Andrei Dragu,2025-2026,2026-03-27,400000,Asociația Fotbal Club Unirea 04 Slobozia,RO1,,,,,,,,,True,
536130,Răzvan Onea,2025-2026,2025-12-19,700000,Fotbal Club Rapid 1923 SA,RO1,,,,,,,,,True,
536653,,2025-2026,2025-12-05,100000,,,,,,,,,,,True,
536697,Amel Mujanic,2025-2026,2025-11-19,1000000,Allmänna Idrottsklubben,SE1,,,,,,,,,True,
537121,Mohammed Al-Baqawi,2025-2026,2025-12-18,250000,Al-Fayha FC,SA1,,,,,,,,,True,
537221,Victor Larsson,2025-2026,2025-11-16,800000,Kalmar Fotbollförening,SE1,,,,,,,,,True,
537257,Nicolás Demartini,2025-2026,2025-12-17,1000000,Club Atlético Barracas Central,ARG1,,,,,,,,,True,
537439,Giannis Satsias,2025-2026,2025-12-23,500000,Panetolikos Agrinio,GR1,,,,,,,,,True,
537863,Chihiro Kato,2025-2026,2025-12-15,350000,Football Club Mito HollyHock,JAP1,,,,,,,,,True,
537979,Faisal Darsi,2025-2026,2025-12-18,175000,Al-Fateh Club,SA1,,,,,,,,,True,
538050,Yuya Oki,2025-2026,2025-12-15,450000,S-Pulse,JAP1,,,,,,,,,True,
538230,Bruno Melo,2025-2026,2025-11-24,300000,Coritiba Foot Ball Club,BRA1,,,,,,,,,True,
538367,Leonardo Heredia,2025-2026,2025-12-17,1500000,Club Atlético Platense,ARG1,,,,,,,,,True,
538374,Sebastián Valdez,2025-2026,2025-12-17,1500000,Club Atlético Independiente de Avellaneda,ARG1,,,,,,,,,True,
538530,Jonás Acevedo,2025-2026,2025-12-17,600000,Instituto Atlético Central Córdoba,ARG1,,,,,,,,,True,
538608,Gabriel Compagnucci,2025-2026,2025-12-17,200000,Club Atlético Belgrano,ARG1,,,,,,,,,True,
538611,Nicolás Caro Torres,2025-2026,2025-12-17,300000,Asociación de Fomento Deportivo Riestra Barrio Colón,ARG1,,,,,,,,,True,
538670,Emil Breivik,2025-2026,2025-12-15,2800000,Molde Fotballklubb,NO1,,,,,,,,,True,
538770,Luciano Pons,2025-2026,2025-12-05,250000,Atlético Bucaramanga,COL1,,,,,,,,,True,
538880,Facundo Bruera,2025-2026,2025-12-17,2000000,Club Atlético Barracas Central,ARG1,,,,,,,,,True,
538970,Ryan Merlen,2025-2026,2025-12-10,750000,Koninklijke Sint-Truidense Voetbalvereniging,BE1,,,,,,,,,True,
539008,Alex Douglas,2025-2026,2026-03-26,1000000,KKS Lech Poznań Spółka Akcyjna,PL1,,,,,,,,,True,
539067,Nicolás Díaz,2025-2026,2025-12-29,1500000,Club de Futbol Puebla de La Franja,MEX1,,,,,,,,,True,
539197,Matej Rynes,2025-2026,2026-03-24,4500000,"AC Sparta Praha, a. s.",TS1,,,,,,,,,True,
539287,Callum Timmins,2025-2026,2026-01-13,400000,Perth Glory Football Club,AUS1,,,,,,,,,True,
539377,Tom Ulbrich,2025-2026,2026-03-24,275000,FC Trinity Zlin,TS1,,,,,,,,,True,
539469,Thomas Galdames,2025-2026,2025-12-16,1500000,PFK Krylya Sovetov Samara,RU1,,,,,,,,,True,
539662,Brage Skaret,2025-2026,2025-12-15,500000,KFUM-Kameratene Oslo,NO1,,,,,,,,,True,
539795,Bryan Okoh,2025-2026,2026-03-27,2500000,Association de la Jeunesse auxerroise,FR1,,,,,,,,,True,
539797,Mauricio Willimann,2025-2026,2025-12-29,150000,FC Luzern,C1,,,,,,,,,True,
539809,Miguel Reichmuth,2025-2026,2025-12-29,500000,FC Zürich,C1,,,,,,,,,True,
539811,Carmine Chiappetta,2025-2026,2025-12-29,150000,Fussballclub Winterthur,C1,,,,,,,,,True,
539822,Muharrem Cinan,2025-2026,2025-12-17,500000,Kocaelispor Kulübü,TR1,,,,,,,,,True,
539836,Seth Clark,2018-2019,2019-05-15,200000,Central Coast Mariners Football Club,AUS1,,,,,,,,,True,
539961,Yazan Al-Arab,2025-2026,2025-12-16,900000,Football Club Seoul,RSK1,,,,,,,,,True,
540109,Ólafur Gudmundsson,2025-2026,2025-12-15,200000,Aalesunds Fotballklubb,NO1,,,,,,,,,True,
540305,,2025-2026,2025-12-29,500000,,,,,,,,,,,True,
540306,César Ramos,2025-2026,2025-12-29,200000,Club de Futbol Rojinegros S.A. de C.V.,MEX1,,,,,,,,,True,
540329,Tomas Frühwald,2025-2026,2025-12-22,300000,"Bohemians Praha 1905, a.s.",TS1,,,,,,,,,True,
540458,Enzo Díaz,2025-2026,2026-03-12,3000000,São Paulo Futebol Clube,BRA1,,,,,,,,,True,
540599,Michal Cupak,2025-2026,2025-12-22,350000,FC Trinity Zlin,TS1,,,,,,,,,True,
540935,Jon Mersinaj,2025-2026,2025-12-22,400000,NK Osijek s.d.d.,KR1,,,,,,,,,True,
540963,Yuri Sena,2023-2024,2023-11-27,50000,Esporte Clube Vitória,BRA1,,,,,,,,,True,
541188,Davíd Jóhannsson,2025-2026,2025-12-15,250000,Aalesunds Fotballklubb,NO1,,,,,,,,,True,
541448,Oisin McEntee,2025-2026,2025-12-10,200000,Heart of Midlothian Football Club,SC1,,,,,,,,,True,
541568,Ítalo Montaño,2025-2026,2026-03-17,350000,Boyacá Chicó FC,COL1,,,,,,,,,True,
541594,Felix Winther,2025-2026,2025-12-15,500000,Fodbold Club Fredericia,DK1,,,,,,,,,True,
542138,Emanuel Iñiguez,2025-2026,2025-12-05,175000,Club Atlético Aldosivi,ARG1,,,,,,,,,True,
542327,Marko Alcevski,2025-2026,2025-12-11,200000,Omladinski fudbalski klub Beograd,SER1,,,,,,,,,True,
542334,Vladan Novevski,2025-2026,2025-12-11,100000,Fudbalski Klub Vojvodina,SER1,,,,,,,,,True,
542452,Jonathan Fischer,2025-2026,2025-12-15,3000000,Football Club de Metz,FR1,,,,,,,,,True,
542511,Paul Ngongo,2025-2026,2025-12-15,600000,Aalesunds Fotballklubb,NO1,,,,,,,,,True,
542526,Arbnor Prenqi,2025-2026,2025-12-22,150000,Grazer Athletiksport Klub 1902,A1,,,,,,,,,True,
542598,Breno Lopes,2025-2026,2026-03-12,3000000,Coritiba Foot Ball Club,BRA1,,,,,,,,,True,
542819,Milutin Osmajic,2023-2024,2024-05-24,2000000,,,Milutin Osmajic,2023-2024,2024-05-24,2000000.0,Cádiz CF,ES1,0.0,0.0,True,LaLiga
543098,Josip Silic,2025-2026,2025-12-22,150000,NK Varazdin,KR1,,,,,,,,,True,
543302,Jeppe Erenbjerg,2025-2026,2025-12-10,3000000,Sportvereniging Zulte Waregem,BE1,,,,,,,,,True,
543379,Abdoulaye Diaby,2025-2026,2025-12-29,800000,Grasshopper Club Zürich,C1,,,,,,,,,True,
543411,Abdullahi Tanko,2025-2026,2025-12-22,400000,FK Pardubice,TS1,,,,,,,,,True,
543467,Deiber Caicedo,2025-2026,2026-03-17,800000,Junior FC,COL1,,,,,,,,,True,
543494,Abdul Yusif,2025-2026,2025-12-11,700000,Železničar Pančevo,SER1,,,,,,,,,True,
543513,Elmin Rastoder,2025-2026,2026-03-17,3000000,FC Thun,C1,,,,,,,,,True,
543776,Szabolcs Szalay,2025-2026,2025-12-19,250000,Asociația Futball Klub Csíkszereda Miercurea Ciuc,RO1,,,,,,,,,True,
544171,Bence Végh,2025-2026,2025-12-19,400000,Asociația Futball Klub Csíkszereda Miercurea Ciuc,RO1,,,,,,,,,True,
544259,Ademir,2025-2026,2025-12-10,1500000,Esporte Clube Bahia,BRA1,,,,,,,,,True,
545375,Tiago Orobó,2025-2026,2025-12-16,700000,Jeonbuk Hyundai Motors,RSK1,,,,,,,,,True,
545501,Ho-jae Lee,2025-2026,2025-12-16,800000,Football Club Pohang Steelers,RSK1,,,,,,,,,True,
545546,Narek Grigoryan,2025-2026,2025-12-19,900000,F.C.V. Farul Constanța SA,RO1,,,,,,,,,True,
545648,Lars Ranger,2025-2026,2025-12-15,600000,Lillestrøm Sportsklubb,NO1,,,,,,,,,True,
545810,Jacob Italiano,2025-2026,2025-12-22,400000,Grazer Athletiksport Klub 1902,A1,,,,,,,,,True,
546000,Diego Pituca,2025-2026,2025-12-15,800000,V-Varen Nagasaki,JAP1,,,,,,,,,True,
546033,Sabino,2025-2026,2026-03-12,1000000,São Paulo Futebol Clube,BRA1,,,,,,,,,True,
546172,Nonato,2025-2026,2025-12-10,1200000,Fluminense Football Club,BRA1,,,,,,,,,True,
546530,Raniele,2025-2026,2026-03-12,4000000,Sport Club Corinthians Paulista,BRA1,,,,,,,,,True,
546712,Anis Ben Slimane,2023-2024,2024-05-27,2500000,Norwich City,GB1,Anis Slimane,2023-2024,2024-05-27,2500000.0,Sheffield United,GB1,0.0,0.0,True,Premier League
546819,Lubomir Belko,2025-2026,2025-12-19,2000000,Viking Fotballklubb,NO1,,,,,,,,,True,
546825,Sebastian Nebyla,2025-2026,2025-12-22,1300000,FK Jablonec a.s.,TS1,,,,,,,,,True,
546979,Oleg Nikiforenko,2025-2026,2025-12-08,500000,Fudbalski Klub Radnički Niš,SER1,,,,,,,,,True,
547312,Xander Lambrix,2025-2026,2025-12-16,350000,Sandefjord Fotball,NO1,,,,,,,,,True,
547443,Pedro Raul,2025-2026,2026-03-12,3000000,Sport Club Corinthians Paulista,BRA1,,,,,,,,,True,
547754,Ianis Stoica,2025-2026,2025-12-18,1500000,Club Football Estrela da Amadora,PO1,,,,,,,,,True,
547812,Andres Dumitrescu,2025-2026,2025-12-22,300000,Fotbal Club Petrolul Ploiești,RO1,,,,,,,,,True,
547820,Dragoș Albu,2025-2026,2025-12-19,550000,Asociația Fotbal Club Hermannstadt,RO1,,,,,,,,,True,
547822,Alexi Pitu,2025-2026,2025-12-15,400000,Vejle Boldklub,DK1,,,,,,,,,True,
548037,Tobias Hedl,2025-2026,2025-12-10,500000,Sportvereniging Zulte Waregem,BE1,,,,,,,,,True,
548468,Cristian Ferreira,2025-2026,2025-12-17,300000,Asociación Atlética Argentinos Juniors,ARG1,,,,,,,,,True,
548653,Kaya Makosso,2025-2026,2025-12-05,200000,FK Kudrivka-1,UKR1,,,,,,,,,True,
548671,Nasiru Moro,2025-2026,2025-11-19,175000,Degerfors IF,SE1,,,,,,,,,True,
549014,Diego Esteban,2025-2026,2026-03-06,400000,Panetolikos Agrinio,GR1,,,,,,,,,True,
549016,Iuri Tavares,2025-2026,2025-12-22,1200000,NK Varazdin,KR1,,,,,,,,,True,
549038,Rodrigo Pinheiro,2025-2026,2025-12-18,3500000,Futebol Clube de Famalicão,PO1,,,,,,,,,True,
549294,Fernando Beltrán,2025-2026,2026-03-26,2500000,Club León Fútbol Club,MEX1,,,,,,,,,True,
549312,Kryspin Szcześniak,2025-2026,2026-03-26,400000,Klub Sportowy Górnik Zabrze Sportowa Spółka Akcyjna,PL1,,,,,,,,,True,
549361,José Rodríguez,2025-2026,2025-12-29,800000,Club León Fútbol Club,MEX1,,,,,,,,,True,
549378,Sander Tangvik,2025-2026,2025-12-15,3000000,Hamburger Sport Verein,L1,,,,,,,,,True,
549405,Malcolm Stolt,2025-2026,2025-11-19,300000,Kalmar Fotbollförening,SE1,,,,,,,,,True,
549419,Óscar Macías,2025-2026,2025-12-29,900000,Club Atlético de San Luis,MEX1,,,,,,,,,True,
549553,Marko Tuci,2025-2026,2025-12-16,600000,Gangwon Football Club,RSK1,,,,,,,,,True,
549982,Rafał Adamski,2025-2026,2025-12-08,400000,Legia Warszawa Spółka Akcyjna,PL1,,,,,,,,,True,
550492,Giorgi Gagua,2023-2024,2024-06-24,250000,,,Giorgi Gagua,2023-2024,2024-06-24,250000.0,NK Istra 1961,KR1,0.0,0.0,True,
550581,Yuya Fukuda,2025-2026,2025-12-15,375000,Tokyo Verdy,JAP1,,,,,,,,,True,
550755,Marlon Sierra,2025-2026,2025-12-05,50000,Llaneros FC,COL1,,,,,,,,,True,
550978,,2025-2026,2025-12-16,400000,,,,,,,,,,,True,
551275,Marco Túlio,2025-2026,2025-12-15,700000,Kyoto Purple Sanga,JAP1,,,,,,,,,True,
552035,Adam Stejskal,2025-2026,2025-12-22,700000,Wattener Sportgemeinschaft Swarovski Tirol,A1,,,,,,,,,True,
552036,Josef Kozeluh,2025-2026,2025-12-22,500000,FC Slovan Liberec,TS1,,,,,,,,,True,
552055,David Pech,2025-2026,2025-12-22,350000,"FK Mladá Boleslav, a.s.",TS1,,,,,,,,,True,
552185,Malcom Braida,2025-2026,2026-03-18,2500000,Club Atlético Boca Juniors,ARG1,,,,,,,,,True,
552240,Igor Vinícius,2025-2026,2025-12-10,2000000,Santos Futebol Clube,BRA1,,,,,,,,,True,
552241,Rodrigo Bassani,2025-2026,2025-12-16,600000,Bucheon Football Club 1995,RSK1,,,,,,,,,True,
552242,Baralhas,2025-2026,2025-12-10,1700000,Esporte Clube Vitória,BRA1,,,,,,,,,True,
552474,Andrés Felipe Román,2025-2026,2025-12-05,1000000,Atlético Nacional,COL1,,,,,,,,,True,
552511,Aldaír Ferreira,2025-2026,2025-12-19,650000,Asociația Fotbal Club Botoșani,RO1,,,,,,,,,True,
552541,Soo-il Park,2025-2026,2025-12-16,450000,Football Club Seoul,RSK1,,,,,,,,,True,
552629,Nahuel Arena,2025-2026,2025-12-22,500000,Club Sportivo Independiente Rivadavia,ARG1,,,,,,,,,True,
552635,Ignacio Vázquez,2025-2026,2025-12-17,2800000,Club Atlético Platense,ARG1,,,,,,,,,True,
552636,Luis Ingolotti,2025-2026,2025-12-17,700000,Club Atlético Tucumán,ARG1,,,,,,,,,True,
552638,Matías Tagliamonte,2025-2026,2025-12-17,1800000,Racing Club Asociación Civil de Avellaneda,ARG1,,,,,,,,,True,
552948,,2025-2026,2025-12-22,800000,,,,,,,,,,,True,
552958,Rafael Durán,2025-2026,2026-01-13,550000,Macarthur South West Sydney (A-League),AUS1,,,,,,,,,True,
552960,,2025-2026,2025-12-29,1200000,,,,,,,,,,,True,
552981,Taylor Silverholt,2025-2026,2026-03-30,600000,Idrottsföreningen Elfsborg,SE1,,,,,,,,,True,
553399,Jeff Gal,2025-2026,2025-12-11,100000,Chicago Fire Soccer Club,MLS1,,,,,,,,,True,
553422,Carlos Rotondi,2025-2026,2025-12-29,3000000,Club de Fútbol Cruz Azul S.A. de C.V.,MEX1,,,,,,,,,True,
553459,Igor Gomes,2025-2026,2025-12-10,3000000,Clube Atlético Mineiro,BRA1,,,,,,,,,True,
553469,Gabriel Sara,2025-2026,2026-03-05,22000000,Galatasaray Spor Kulübü,TR1,,,,,,,,,True,
553562,Karol Struski,2025-2026,2026-03-26,1500000,RKS Raków Częstochowa SA,PL1,,,,,,,,,True,
553816,Juan José Purata,2025-2026,2025-12-29,4000000,Club Tigres UANL Sinergia Deportiva S.A. de C.V.,MEX1,,,,,,,,,True,
553818,Riku Matsuda,2025-2026,2025-12-15,125000,Tokyo Verdy,JAP1,,,,,,,,,True,
553854,Yonatan Goitía,2025-2026,2025-12-17,375000,Asociación de Fomento Deportivo Riestra Barrio Colón,ARG1,,,,,,,,,True,
553905,Kerim Calhanoglu,2025-2026,2025-12-22,350000,FC Schalke 04,L1,Kerim Calhanoglu,2023-2024,2023-10-20,500000.0,HNK Vukovar 1991,KR1,150000.0,0.42857142857142855,True,
554278,Krzysztof Bakowski,2025-2026,2025-12-08,350000,KFUM-Kameratene Oslo,NO1,,,,,,,,,True,
554282,Szymon Wlodarczyk,2025-2026,2026-03-11,750000,Excelsior Rotterdam,NL1,,,,,,,,,True,
554288,Ariel Mosór,2025-2026,2026-03-26,700000,RKS Raków Częstochowa SA,PL1,,,,,,,,,True,
554404,Giannis Niarchos,2025-2026,2025-12-08,350000,Wisła Płock Spółka Akcyjna,PL1,,,,,,,,,True,
554495,Boniface Nduka,2025-2026,2025-12-15,500000,Rakuten Vissel Kobe,JAP1,,,,,,,,,True,
554726,Jacob Bergström,2025-2026,2025-11-19,500000,Mjällby Almänna Idrottsförening,SE1,,,,,,,,,True,
554799,Kevin Gutiérrez,2025-2026,2025-12-17,3500000,Impulsora del Deportivo Necaxa S.A. de C.V.,MEX1,,,,,,,,,True,
554819,Jakob Kindberg,2025-2026,2025-11-19,150000,Kalmar Fotbollförening,SE1,,,,,,,,,True,
554972,Filip Szymczak,2025-2026,2025-12-10,800000,Royal Charleroi Sporting Club,BE1,,,,,,,,,True,
554975,Marcel Wędrychowski,2025-2026,2025-12-08,300000,GKS GieKSa Katowice Spółka Akcyjna,PL1,,,,,,,,,True,
555057,Antoni Kozubal,2025-2026,2026-03-26,5000000,KKS Lech Poznań Spółka Akcyjna,PL1,,,,,,,,,True,
555062,Tomasz Pieńko,2025-2026,2026-03-26,2500000,RKS Raków Częstochowa SA,PL1,,,,,,,,,True,
555074,Oliwier Zych,2025-2026,2026-03-26,2000000,Aston Villa Football Club,GB1,Oliwier Zych,2025-2026,2025-12-08,1000000.0,RKS Raków Częstochowa SA,PL1,-1000000.0,-0.5,True,
555110,Nikodem Niski,2025-2026,2025-12-08,300000,Miejski Klub Sportowy Korona Kielce Spółka Akcyjna,PL1,,,,,,,,,True,
555201,Ygor Vinhas,2025-2026,2025-11-24,50000,Clube do Remo,BRA1,,,,,,,,,True,
555310,Caíque Gonçalves,2025-2026,2025-12-10,500000,Esporte Clube Vitória,BRA1,,,,,,,,,True,
555392,Shuhei Tokumoto,2025-2026,2025-12-15,450000,Nagoya Grampus Eight,JAP1,,,,,,,,,True,
556047,Sergio Barreto,2025-2026,2025-12-29,2800000,Promotora del Club Pachuca S. A. de C. V.,MEX1,,,,,,,,,True,
556050,Mauro Molina,2023-2024,2024-06-26,75000,Asociación Atlética Estudiantes,ARG1,,,,,,,,,True,
556116,Dorinel Oancea,2025-2026,2026-03-27,850000,Asociația Clubul Sportiv Campionii Fotbal Club Argeș,RO1,,,,,,,,,True,
556745,Vladimir Vitorovic,2025-2026,2025-12-11,300000,Fudbalski Klub Spartak Ždrepčeva krv,SER1,,,,,,,,,True,
556949,Mikael Marqués,2025-2026,2025-11-19,300000,Djurgårdens Idrottsförening,SE1,,,,,,,,,True,
557057,Roger Brugué,2025-2026,2025-12-12,2000000,Levante Unión Deportiva S.A.D.,ES1,,,,,,,,,True,
557070,Salvador Reyes,2025-2026,2025-12-29,1500000,Club León Fútbol Club,MEX1,,,,,,,,,True,
557101,Shunya Yoneda,2025-2026,2025-12-15,500000,V-Varen Nagasaki,JAP1,,,,,,,,,True,
558086,Dong-gyeong Lee,2025-2026,2025-12-16,1600000,Ulsan Hyundai Football Club,RSK1,,,,,,,,,True,
558269,Gustav Ludwigson,2025-2026,2025-12-16,850000,Foundation Coorperation Hana Financial Group Inc. Football Club,RSK1,,,,,,,,,True,
558473,Daniel Vasulin,2025-2026,2026-03-24,850000,"FC Viktoria Plzeň, a.s.",TS1,,,,,,,,,True,
558533,Ho-yeong Park,2025-2026,2025-12-16,200000,Gangwon Football Club,RSK1,,,,,,,,,True,
558542,Jun-beom Kim,2025-2026,2025-12-16,350000,Foundation Coorperation Hana Financial Group Inc. Football Club,RSK1,,,,,,,,,True,
558683,Ji-hun Kang,2025-2026,2025-12-16,225000,Football Club Anyang,RSK1,,,,,,,,,True,
558684,Chang-jun Park,2025-2026,2025-12-16,325000,Jeju SK Football Club,RSK1,,,,,,,,,True,
559325,Gibson Yah,2025-2026,2025-12-02,1000000,Football Club Volendam,NL1,,,,,,,,,True,
559334,Rio Hillen,2025-2026,2026-03-11,800000,Nooit Opgeven Altijd Doorzetten Aangenaam Door Vermaak En Nuttig Door Ontspanning Combinatie Breda,NL1,,,,,,,,,True,
559464,Angus Thurgate,2025-2026,2026-01-13,650000,Western Sydney Wanderers,AUS1,,,,,,,,,True,
559602,Chico da Costa,2025-2026,2025-12-10,1200000,Cruzeiro Esporte Clube,BRA1,,,,,,,,,True,
559998,Gabriel Kobylak,2025-2026,2025-12-08,300000,Legia Warszawa Spółka Akcyjna,PL1,,,,,,,,,True,
560312,Jorge Díaz Price,2025-2026,2026-03-26,1500000,"Deportivo Toluca Futbol Club, S. A. de C. V.",MEX1,,,,,,,,,True,
560325,Carlos Baltazar,2025-2026,2025-12-29,1000000,Club de Futbol Puebla de La Franja,MEX1,,,,,,,,,True,
560417,Alemão,2025-2026,2026-03-16,3000000,Rayo Vallecano de Madrid S. A. D.,ES1,,,,,,,,,True,
560452,Sung-wook Jo,2025-2026,2025-12-16,100000,Football Club Pohang Steelers,RSK1,,,,,,,,,True,
560705,Álex Sancris,2025-2026,2025-12-12,2000000,Getafe Club de Fútbol S. A. D. Team Dubai,ES1,,,,,,,,,True,
560763,Henry Hore,2025-2026,2026-01-13,375000,Brisbane Roar FC,AUS1,,,,,,,,,True,
560827,Walter Scott,2025-2026,2026-01-13,250000,Macarthur South West Sydney (A-League),AUS1,,,,,,,,,True,
561049,Tass Mourdoukoutas,2024-2025,2025-06-03,250000,Auckland Football Club,AUS1,,,,,,,,,True,
561078,Yudai Tanaka,2024-2025,2025-05-29,125000,Sanfrecce Hiroshima,JAP1,,,,,,,,,True,
561213,Byeong-chan Choe,2025-2026,2025-12-16,200000,Gangwon Football Club,RSK1,,,,,,,,,True,
561403,Hyun-woo Kim,2025-2026,2025-12-16,350000,Gimcheon Sangmu Football Club,RSK1,,,,,,,,,True,
561484,Matt Sutton,2025-2026,2026-01-13,400000,Perth Glory Football Club,AUS1,,,,,,,,,True,
561650,Louis D'Arrigo,2025-2026,2026-01-13,350000,Melbourne Victory FC,AUS1,,,,,,,,,True,
562284,Nemanja Tekijaski,2025-2026,2026-03-24,700000,FK Jablonec a.s.,TS1,,,,,,,,,True,
562357,Hyeon-sik Lee,2025-2026,2025-12-16,450000,Foundation Coorperation Hana Financial Group Inc. Football Club,RSK1,,,,,,,,,True,
562383,Tristan Blackmon,2025-2026,2025-12-11,3500000,Vancouver Whitecaps FC,MLS1,,,,,,,,,True,
562389,Brandon Bye,2025-2026,2025-12-11,1800000,Portland Timbers,MLS1,,,,,,,,,True,
562391,Ema Twumasi,2025-2026,2025-12-08,600000,Gliwicki Klub Sportowy Piast Spółka Akcyjna,PL1,,,,,,,,,True,
562409,Afeez Aremu,2025-2026,2025-12-16,600000,Aberdeen Football Club,SC1,,,,,,,,,True,
562494,Danny Musovski,2025-2026,2025-12-11,2500000,Seattle Sounders FC,MLS1,,,,,,,,,True,
562555,Brian White,2025-2026,2025-12-11,5000000,Vancouver Whitecaps FC,MLS1,,,,,,,,,True,
562560,Álex Roldán,2025-2026,2025-12-11,3500000,Seattle Sounders FC,MLS1,,,,,,,,,True,
563033,Pavel Bucha,2025-2026,2025-12-11,4000000,Football Club Cincinnati,MLS1,,,,,,,,,True,
563089,Cristopher Fiermarín,2025-2026,2025-12-05,1500000,Club Social y Deportivo Defensa y Justicia,ARG1,,,,,,,,,True,
563614,Tidiane Keita,2025-2026,2025-12-19,650000,Fotbal Club CFR 1907 Cluj SA,RO1,,,,,,,,,True,
563734,Mamadou Fofana,2025-2026,2025-12-22,400000,Fußballclub Blau-Weiß Linz,A1,,,,,,,,,True,
563878,Gastón Lodico,2025-2026,2025-12-17,3800000,Instituto Atlético Central Córdoba,ARG1,,,,,,,,,True,
564001,Gastón Verón,2025-2026,2026-03-18,1500000,Asociación Atlética Argentinos Juniors,ARG1,,,,,,,,,True,
564006,Abdulquddus Atiah,2025-2026,2025-12-18,275000,Al-Taawoun Football Club,SA1,,,,,,,,,True,
564120,Marek Bartos,2025-2026,2026-03-26,500000,Motor Lublin Spółka Akcyjna,PL1,,,,,,,,,True,
564216,Matías Melluso,2025-2026,2025-12-17,250000,Club de Gimnasia y Esgrima La Plata,ARG1,,,,,,,,,True,
564546,Eduardo,2025-2026,2025-12-10,900000,Red Bull Bragantino,BRA1,,,,,,,,,True,
564621,Santeri Väänänen,2025-2026,2025-12-15,1000000,Rosenborg Ballklub,NO1,,,,,,,,,True,
564915,Dong-hyeon Kim,2025-2026,2025-12-16,800000,Gangwon Football Club,RSK1,,,,,,,,,True,
565000,Jesús Bueno,2025-2026,2025-12-11,800000,Philadelphia Union,MLS1,,,,,,,,,True,
565001,Miguel Pernía,2025-2026,2026-03-17,300000,Fortaleza CEIF,COL1,,,,,,,,,True,
565009,Rodrigo Garro,2025-2026,2026-03-12,11000000,Sport Club Corinthians Paulista,BRA1,,,,,,,,,True,
565014,Jordan Farr,2025-2026,2025-12-11,175000,D.C. United,MLS1,,,,,,,,,True,
565045,Victor Olatunji,2025-2026,2025-12-11,2500000,Real Salt Lake,MLS1,,,,,,,,,True,
565171,Vadim Pigas,2025-2026,2025-12-16,800000,FK Nizhny Novgorod,RU1,,,,,,,,,True,
565194,Emanuel Coronel,2025-2026,2025-12-17,2700000,Club Atlético Rosario Central,ARG1,,,,,,,,,True,
565523,Edu Espiau,2025-2026,2026-03-26,300000,Morski Związkowy Klub Sportowy Arka Gdynia Spółka Akcyjna,PL1,,,,,,,,,True,
565766,Francisco Álvarez,2025-2026,2025-12-17,4000000,Asociación Atlética Argentinos Juniors,ARG1,,,,,,,,,True,
565774,Mahala Opoku,2025-2026,2025-12-11,600000,Club de Foot Montréal,MLS1,,,,,,,,,True,
565818,Martín Rea,2025-2026,2025-12-18,800000,Atlético Bucaramanga,COL1,,,,,,,,,True,
565981,Martín Barrios,2025-2026,2025-12-17,400000,Club Atlético Platense,ARG1,,,,,,,,,True,
565999,Shinya Nakano,2025-2026,2025-12-15,300000,Gamba Osaka,JAP1,,,,,,,,,True,
566010,Kakeru Yamauchi,2025-2026,2025-12-15,175000,Rakuten Vissel Kobe,JAP1,,,,,,,,,True,
566011,Ryotaro Araki,2025-2026,2025-12-15,900000,Kashima Antlers FC,JAP1,,,,,,,,,True,
566068,Jonathan Cissé,2025-2026,2025-12-19,500000,Asociația Sportivă Fotbal Club Universitatea Cluj,RO1,,,,,,,,,True,
566155,Kornél Szűcs,2025-2026,2025-11-26,550000,Fudbalski Klub Vojvodina,SER1,,,,,,,,,True,
566342,Kamil Lukoszek,2025-2026,2026-03-26,300000,Klub Sportowy Górnik Zabrze Sportowa Spółka Akcyjna,PL1,,,,,,,,,True,
566355,Jan Biegański,2025-2026,2025-12-08,400000,Morski Klub Sportowy Pogoń Szczecin,PL1,,,,,,,,,True,
566410,Elias Hagen,2025-2026,2025-12-15,650000,Aalesunds Fotballklubb,NO1,,,,,,,,,True,
566626,Elias Havel,2025-2026,2025-12-22,2000000,Turn- und Sportverein Egger Glas Hartberg,A1,,,,,,,,,True,
566630,Romeo Vucic,2025-2026,2025-12-22,250000,Grazer Athletiksport Klub 1902,A1,,,,,,,,,True,
566712,Lautaro Chávez,2025-2026,2025-12-17,100000,Club Atlético Aldosivi,ARG1,,,,,,,,,True,
566875,Rafinha,2025-2026,2025-12-19,150000,Fotbal Club Petrolul Ploiești,RO1,,,,,,,,,True,
567115,Andy Winter,2022-2023,2023-06-26,225000,Hamilton Academical FC,SC1,Andy Winter,2022-2023,2023-06-26,225000.0,Livingston Football Club,SC1,0.0,0.0,True,
567249,Giuliano Galoppo,2025-2026,2026-03-18,4000000,Club Atlético River Plate,ARG1,,,,,,,,,True,
567309,Naatan Skyttä,2025-2026,2025-12-16,5000000,,,Naatan Skyttä,2025-2026,2025-12-16,5000000.0,Toulouse Football Club,FR1,0.0,0.0,True,Ligue 1
567347,Nicolás Gil,2025-2026,2026-03-17,450000,Asociación Deportivo Pasto,COL1,,,,,,,,,True,
567479,Alberto Simoni,2025-2026,2025-12-29,200000,PAS Lamia 1964,GR1,Alberto Simoni,2025-2026,2025-12-29,200000.0,A.G.S Asteras Tripolis,GR1,0.0,0.0,True,
567663,Darío Cáceres,2025-2026,2025-12-02,300000,Club Social y Deportivo Defensa y Justicia,ARG1,,,,,,,,,True,
567736,Ronaldo Martínez,2025-2026,2025-12-17,4000000,Club Atlético Talleres,ARG1,,,,,,,,,True,
567737,Junior Marabel,2025-2026,2026-03-18,1200000,Club Atlético Sarmiento,ARG1,,,,,,,,,True,
567738,Igoh Ogbu,2025-2026,2026-03-24,7000000,"SK Slavia Praha, a.s.",TS1,,,,,,,,,True,
568179,Dante Sealy,2025-2026,2025-12-11,1000000,Colorado Rapids,MLS1,,,,,,,,,True,
568540,Victor Dican,2025-2026,2025-12-19,700000,F.C.V. Farul Constanța SA,RO1,,,,,,,,,True,
568544,Ștefan Târnovanu,2025-2026,2026-03-27,3800000,SC Fotbal Club FCSB SA,RO1,,,,,,,,,True,
568546,Tomás Badaloni,2025-2026,2026-03-26,3000000,Impulsora del Deportivo Necaxa S.A. de C.V.,MEX1,,,,,,,,,True,
568551,Santiago Moyano,2025-2026,2025-12-17,600000,Club Atlético Central Córdoba,ARG1,,,,,,,,,True,
568578,Constantin Grameni,2025-2026,2026-03-27,1300000,Fotbal Club Rapid 1923 SA,RO1,,,,,,,,,True,
568579,Botond Szondi,2024-2025,2025-06-16,10000,Asociația Futball Klub Csíkszereda Miercurea Ciuc,RO1,,,,,,,,,True,
568585,Oliver Heidarsson,2025-2026,2025-12-08,75000,NK Lokomotiva Zagreb,KR1,,,,,,,,,True,
568618,Robert Popa,2025-2026,2026-03-27,150000,Asociația Fotbal Club Unirea 04 Slobozia,RO1,,,,,,,,,True,
568633,Ju-sung Kim,2025-2026,2025-12-15,750000,Sanfrecce Hiroshima,JAP1,,,,,,,,,True,
568644,Jong-beom Baek,2025-2026,2025-12-16,350000,Gimcheon Sangmu Football Club,RSK1,,,,,,,,,True,
568659,Han-min Jung,2025-2026,2025-12-16,125000,Football Club Pohang Steelers,RSK1,,,,,,,,,True,
568661,Sung-yun Kwon,2025-2026,2025-12-16,125000,Gwangju Football Club,RSK1,,,,,,,,,True,
568663,Joon-hyuck Kang,2025-2026,2025-12-16,350000,Gangwon Football Club,RSK1,,,,,,,,,True,
568728,Pape Sy,2025-2026,2025-12-15,300000,Football Club de Metz,FR1,,,,,,,,,True,
569088,Enzo Giménez,2025-2026,2026-03-18,1500000,Club Atlético Rosario Central,ARG1,,,,,,,,,True,
569219,Stiwart Acuña,2025-2026,2025-12-05,200000,Envigado FC,COL1,,,,,,,,,True,
569222,Luis Sandoval,2025-2026,2026-03-17,500000,Deportes Tolima,COL1,,,,,,,,,True,
569268,,2025-2026,2026-03-17,500000,,,,,,,,,,,True,
569944,Giannis Sourdis,2025-2026,2025-12-12,50000,PAS Lamia 1964,GR1,Giannis Sourdis,2025-2026,2025-12-12,50000.0,APO Levadiakos Football Club,GR1,0.0,0.0,True,
570165,Jader Valencia,2025-2026,2025-12-05,300000,Deportes Tolima,COL1,,,,,,,,,True,
570420,Agustín Heredia,2025-2026,2025-11-25,150000,Club Atlético Boca Juniors,ARG1,,,,,,,,,True,
570431,Alfonso Alvarado,2025-2026,2025-12-29,2000000,Club León Fútbol Club,MEX1,,,,,,,,,True,
570470,Juan Pablo Cozzani,2025-2026,2025-12-18,3500000,Al-Kholood Club,SA1,,,,,,,,,True,
570521,Juan Felipe Aguirre,2025-2026,2025-11-24,800000,Clube Atlético Paranaense,BRA1,,,,,,,,,True,
570522,Sebastián Gómez,2025-2026,2025-11-24,1500000,Coritiba Foot Ball Club,BRA1,,,,,,,,,True,
570531,Anderson Angulo,2025-2026,2025-12-05,650000,Deportes Tolima,COL1,,,,,,,,,True,
570547,Brian Rubio,2025-2026,2025-12-30,700000,Mazatlán Futbol Club,MEX1,,,,,,,,,True,
570550,Edyairth Ortega,2023-2024,2024-06-14,100000,Club de Futbol Rojinegros S.A. de C.V.,MEX1,,,,,,,,,True,
570560,Daniel Lajud,2025-2026,2025-12-16,450000,Roda JC Kerkrade,NL1,Daniel Lajud,2025-2026,2025-12-16,450000.0,Panetolikos Agrinio,GR1,0.0,0.0,True,
570572,Taiga Hata,2025-2026,2026-03-13,2500000,Koninklijke Sint-Truidense Voetbalvereniging,BE1,,,,,,,,,True,
570582,Darlan,2025-2026,2025-12-17,700000,Clube Desportivo Santa Clara,PO1,,,,,,,,,True,
570721,Roko Jurisic,2025-2026,2025-12-22,1000000,NK Osijek s.d.d.,KR1,,,,,,,,,True,
570784,Brent Stevens,2025-2026,2025-12-10,50000,Koninklijke Racing Club Genk,BE1,,,,,,,,,True,
570787,Mario Mladenovski,2025-2026,2025-12-22,250000,NK Varazdin,KR1,,,,,,,,,True,
571150,Jayden Candelaria,2025-2026,2025-12-02,150000,Nooit Opgeven Altijd Doorzetten Aangenaam Door Vermaak En Nuttig Door Ontspanning Combinatie Breda,NL1,,,,,,,,,True,
571219,Carlos Palacios,2025-2026,2026-03-18,3500000,Club Atlético Boca Juniors,ARG1,,,,,,,,,True,
571587,Tomas Digana,2025-2026,2025-12-22,50000,"SK Sigma Olomouc, a.s.",TS1,,,,,,,,,True,
571694,Kashif Bangnagande,2025-2026,2025-12-15,400000,Tokyo Football Club,JAP1,,,,,,,,,True,
571709,Yuji Kitajima,2025-2026,2025-12-15,250000,Avispa Fukuoka,JAP1,,,,,,,,,True,
571896,Johan Caballero,2025-2026,2026-03-17,350000,Internacional de Bogotá,COL1,,,,,,,,,True,
571908,Neyder Moreno,2025-2026,2025-12-05,550000,Club Atlético Banfield,ARG1,,,,,,,,,True,
571912,Daniel Mantilla,2025-2026,2026-03-17,300000,Llaneros FC,COL1,,,,,,,,,True,
572041,Sebastián Palma,2025-2026,2026-03-17,250000,Boyacá Chicó FC,COL1,,,,,,,,,True,
572042,Johan Carbonero,2025-2026,2025-12-10,4000000,Sport Club Internacional,BRA1,,,,,,,,,True,
572044,José Ortiz,2025-2026,2026-03-17,900000,Independiente Medellín,COL1,,,,,,,,,True,
572065,Un Kim,2025-2026,2025-12-16,150000,Football Club Anyang,RSK1,,,,,,,,,True,
572076,Jean Carlos Pestaña,2025-2026,2025-12-05,900000,Junior FC,COL1,,,,,,,,,True,
572077,Edwar López,2025-2026,2025-12-05,300000,Deportes Tolima,COL1,,,,,,,,,True,
572079,Andrés Amaya,2025-2026,2026-03-17,400000,Fortaleza CEIF,COL1,,,,,,,,,True,
572166,Jae-hyun Go,2025-2026,2025-12-16,600000,Gimcheon Sangmu Football Club,RSK1,,,,,,,,,True,
572240,Matej Valenta,2025-2026,2026-03-24,1700000,"FC Viktoria Plzeň, a.s.",TS1,,,,,,,,,True,
572705,Kevin Álvarez,2025-2026,2025-12-29,2500000,Club de Futbol América S. A. de C. V.,MEX1,,,,,,,,,True,
572792,Jakub Cernin,2025-2026,2025-12-22,325000,FC Trinity Zlin,TS1,,,,,,,,,True,
572815,Jhon Balanta,2025-2026,2025-12-05,450000,Fortaleza CEIF,COL1,,,,,,,,,True,
572817,,2025-2026,2026-03-17,450000,,,,,,,,,,,True,
572867,Jader Quiñónes,2025-2026,2025-12-05,400000,Once Caldas,COL1,,,,,,,,,True,
573420,Vladimir Radocaj,2025-2026,2025-12-11,600000,Fudbalski Klub IMT Novi Beograd,SER1,,,,,,,,,True,
573442,Jared Stroud,2025-2026,2025-12-11,1500000,D.C. United,MLS1,,,,,,,,,True,
573941,John Montaño,2025-2026,2025-12-16,350000,Bucheon Football Club 1995,RSK1,,,,,,,,,True,
573968,Krzysztof Kubica,2025-2026,2025-12-08,500000,Motor Lublin Spółka Akcyjna,PL1,,,,,,,,,True,
574085,Karlo Isasegi,2025-2026,2025-12-22,100000,NK Slaven Belupo Koprivnica,KR1,,,,,,,,,True,
574229,Nikita Fedotov,2025-2026,2025-12-18,100000,Epicentr Dunaivtsi,UKR1,,,,,,,,,True,
574303,Marino Bulat,2025-2026,2025-12-22,300000,HNK Vukovar 1991,KR1,,,,,,,,,True,
574656,Dragoljub Savic,2025-2026,2025-12-11,700000,Fudbalski klub TSC Bačka Topola,SER1,,,,,,,,,True,
574658,Borisav Burmaz,2025-2026,2025-12-19,700000,Fotbal Club Rapid 1923 SA,RO1,,,,,,,,,True,
574659,Martin Novakovic,2025-2026,2025-12-11,400000,Fudbalski klub Radnik Surdulica,SER1,,,,,,,,,True,
574758,Garcia,2025-2026,2025-12-18,2000000,Futebol Clube de Famalicão,PO1,,,,,,,,,True,
574765,Praxedes,2025-2026,2025-12-10,1500000,Red Bull Bragantino,BRA1,,,,,,,,,True,
574774,Wesley Pomba,2025-2026,2025-12-18,500000,NK Veres Rivne,UKR1,,,,,,,,,True,
574904,Luan,2025-2026,2026-03-12,1000000,São Paulo Futebol Clube,BRA1,,,,,,,,,True,
575049,Richard Ludha,2025-2026,2025-12-22,250000,"FK Teplice, a.s.",TS1,,,,,,,,,True,
575084,Kwaku Bonsu Osei,2025-2026,2025-12-11,350000,Fudbalski Klub Spartak Ždrepčeva krv,SER1,,,,,,,,,True,
575368,Frankie Amaya,2025-2026,2025-12-11,1800000,"Deportivo Toluca Futbol Club, S. A. de C. V.",MEX1,,,,,,,,,True,
575999,Aarón Molinas,2025-2026,2025-12-17,3000000,Club Social y Deportivo Defensa y Justicia,ARG1,,,,,,,,,True,
576026,Santiago Sosa,2025-2026,2026-03-18,8000000,Racing Club Asociación Civil de Avellaneda,ARG1,,,,,,,,,True,
576188,Seung-sub Kim,2025-2026,2025-12-16,550000,Jeonbuk Hyundai Motors,RSK1,,,,,,,,,True,
576346,Dylan Scicluna,2025-2026,2026-01-13,350000,Western Sydney Wanderers,AUS1,,,,,,,,,True,
576454,Shinnosuke Fukuda,2025-2026,2025-12-15,750000,Kyoto Purple Sanga,JAP1,,,,,,,,,True,
576712,Nicky Clescenco,2025-2026,2025-12-01,150000,Kilmarnock Football Club,SC1,,,,,,,,,True,
577216,Shunki Higashi,2025-2026,2025-12-15,1400000,Sanfrecce Hiroshima,JAP1,,,,,,,,,True,
577217,Kai Shibato,2025-2026,2025-12-15,300000,Urawa Red Diamonds,JAP1,,,,,,,,,True,
577222,Henry Sletsjøe,2025-2026,2025-12-15,350000,GAIS,SE1,,,,,,,,,True,
577405,Mathías Laborda,2025-2026,2025-12-11,3500000,Vancouver Whitecaps FC,MLS1,,,,,,,,,True,
577489,Emiliano Gómez,2025-2026,2026-03-26,2500000,Club de Futbol Puebla de La Franja,MEX1,,,,,,,,,True,
577515,Teodor Lungu,2025-2026,2025-12-01,400000,Asociația Fotbal Club Unirea 04 Slobozia,RO1,,,,,,,,,True,
577714,Egor Lyubakov,2025-2026,2025-12-16,400000,FK Baltika,RU1,,,,,,,,,True,
577816,Oscar Pettersson,2025-2026,2025-12-02,400000,GAIS,SE1,Oscar Pettersson,2025-2026,2025-12-02,400000.0,Göteborgs Atlet- och Idrottssällskap,SE1,0.0,0.0,True,
577832,Jesper Ceesay,2025-2026,2025-12-17,1200000,Antalyaspor,TR1,,,,,,,,,True,
577858,John Pulskamp,2025-2026,2025-12-11,600000,Sporting Kansas City,MLS1,,,,,,,,,True,
578419,Federico Viñas,2025-2026,2025-12-12,4000000,Real Oviedo S.A.D.,ES1,,,,,,,,,True,
578547,Christopher Cheng,2025-2026,2025-12-15,1000000,Widzew Łódź Spółka Akcyjna,PL1,,,,,,,,,True,
578703,Fredrik Kristensen Dahl,2025-2026,2025-12-15,700000,Molde Fotballklubb,NO1,,,,,,,,,True,
578928,Mathias Grundetjern,2025-2026,2025-12-15,800000,Vålerengens Idrettsforening,NO1,,,,,,,,,True,
578992,Faris Abdi,2025-2026,2025-12-18,500000,Neom Sports Club,SA1,,,,,,,,,True,
579280,,2025-2026,2026-03-30,325000,,,,,,,,,,,True,
579292,Noel Milleskog,2025-2026,2026-03-30,1000000,IK Sirius,SE1,,,,,,,,,True,
579429,Marko Bjekovic,2025-2026,2025-12-11,500000,Fudbalski Klub Javor Matis Ivanjica,SER1,,,,,,,,,True,
579448,Konrad Gruszkowski,2025-2026,2025-12-08,150000,GKS GieKSa Katowice Spółka Akcyjna,PL1,,,,,,,,,True,
579459,Albian Hajdari,2025-2026,2026-03-20,20000000,Turn- und Sportgemeinschaft 1899 Hoffenheim Fußball-Spielbetriebs,L1,,,,,,,,,True,
579628,Leonard Owusu,2025-2026,2025-12-15,800000,Fredrikstad Fotballklubb,NO1,,,,,,,,,True,
579975,Cletus Nombil,2025-2026,2025-12-22,450000,FC Trinity Zlin,TS1,,,,,,,,,True,
579977,Iván Erquiaga,2025-2026,2025-11-10,250000,Instituto Atlético Central Córdoba,ARG1,,,,,,,,,True,
580117,Filip Lehky,2025-2026,2025-12-22,325000,"FK Mladá Boleslav, a.s.",TS1,,,,,,,,,True,
580120,David Tkac,2025-2026,2025-12-22,300000,"SK Sigma Olomouc, a.s.",TS1,,,,,,,,,True,
580129,Vojtech Sychra,2025-2026,2026-03-24,400000,FC Slovan Liberec,TS1,,,,,,,,,True,
580134,Jakub Jerabek,2025-2026,2026-03-24,25000,FK Dukla Praha a.s.,TS1,,,,,,,,,True,
580135,David Kozel,2025-2026,2026-03-24,350000,"FK Mladá Boleslav, a.s.",TS1,,,,,,,,,True,
580150,Samuel Simek,2025-2026,2026-03-24,750000,FK Pardubice,TS1,,,,,,,,,True,
580154,Sebastian Bohac,2025-2026,2025-12-22,400000,MFK Karvina,TS1,,,,,,,,,True,
580422,Sebastián Guzmán,2025-2026,2026-03-17,400000,Deportes Tolima,COL1,,,,,,,,,True,
580427,Efraín Navarro,2025-2026,2025-12-05,150000,Once Caldas,COL1,,,,,,,,,True,
580443,Ivan Cubelic,2025-2026,2025-12-22,400000,NK Slaven Belupo Koprivnica,KR1,,,,,,,,,True,
580451,Martin Baturina,2025-2026,2026-03-24,24000000,Calcio Como,IT1,,,,,,,,,True,
580461,Kevin Viveros,2025-2026,2026-03-12,4000000,Clube Atlético Paranaense,BRA1,,,,,,,,,True,
580482,Tomislav Duvnjak,2025-2026,2025-12-22,500000,NK Varazdin,KR1,,,,,,,,,True,
580613,Jakob Knollmüller,2025-2026,2025-12-22,200000,Fußballclub Blau-Weiß Linz,A1,,,,,,,,,True,
580623,Elias Scherf,2025-2026,2026-03-10,100000,Sportclub Rheindorf Altach,A1,,,,,,,,,True,
580978,Christos Zafeiris,2025-2026,2025-12-22,11000000,Panthessalonikios Athlitikos Omilos Konstantinoupoliton,GR1,,,,,,,,,True,
581011,Mykola Buzhyn,2025-2026,2025-12-18,300000,SK Poltava,UKR1,,,,,,,,,True,
581109,Odin Holm,2025-2026,2025-12-11,1000000,The Celtic Football Club,SC1,Odin Thiago Holm,2025-2026,2025-12-11,1000000.0,Vålerengens Idrettsforening,NO1,0.0,0.0,True,
581112,Sondre Auklend,2025-2026,2025-12-15,2700000,Fotballklubben Bodø/Glimt,NO1,,,,,,,,,True,
581321,Juan Gutiérrez,2025-2026,2026-03-18,1500000,Club Social y Deportivo Defensa y Justicia,ARG1,,,,,,,,,True,
581326,Ville Koski,2025-2026,2025-12-22,1500000,Deportivo Alavés S. A. D.,ES1,,,,,,,,,True,
581636,Altin Ujkani,2025-2026,2025-12-15,250000,Idrettsklubben Start,NO1,,,,,,,,,True,
581671,Yimy Gómez,2025-2026,2025-12-05,150000,Deportivo Pereira,COL1,,,,,,,,,True,
581879,Julian Halwachs,2025-2026,2025-12-22,125000,Turn- und Sportverein Egger Glas Hartberg,A1,,,,,,,,,True,
581880,Justin Omoregie,2025-2026,2025-12-22,500000,Fußballclub Red Bull Salzburg,A1,,,,,,,,,True,
581977,Min-kyu Song,2025-2026,2025-12-16,900000,Football Club Seoul,RSK1,,,,,,,,,True,
582031,Santiago Noreña,2025-2026,2025-12-05,50000,Envigado FC,COL1,,,,,,,,,True,
582100,Marcus Melchior,2025-2026,2025-12-15,450000,Sandefjord Fotball,NO1,,,,,,,,,True,
582133,Samir Ben Sallam,2025-2026,2026-03-06,200000,Panserraikos Serres,GR1,,,,,,,,,True,
582923,Jakob Dunsby,2025-2026,2025-12-15,900000,Sandefjord Fotball,NO1,,,,,,,,,True,
582982,Hayen Palacios,2025-2026,2026-03-17,500000,Independiente Medellín,COL1,,,,,,,,,True,
582995,Andrés Reyes,2025-2026,2025-12-11,1200000,San Diego Football Club,MLS1,,,,,,,,,True,
583011,Andrin Hunziker,2025-2026,2026-03-17,800000,Fussballclub Winterthur,C1,,,,,,,,,True,
583026,Severin Ottiger,2025-2026,2025-12-29,500000,FC Luzern,C1,,,,,,,,,True,
583038,Pascal Loretz,2025-2026,2026-03-17,2500000,FC Luzern,C1,,,,,,,,,True,
583039,Rúben Dantas Fernandes,2025-2026,2026-03-17,700000,FC Luzern,C1,,,,,,,,,True,
583054,Loïc Lüthi,2025-2026,2026-03-17,600000,Fussballclub Winterthur,C1,,,,,,,,,True,
583055,Tyron Owusu,2025-2026,2025-12-29,1500000,FC Luzern,C1,,,,,,,,,True,
583058,Alvyn Sanches,2025-2026,2025-12-29,9000000,Berner Sport Club Young Boys,C1,,,,,,,,,True,
583641,Antonee Burke-Gilroy,2025-2026,2026-01-13,200000,Brisbane Roar FC,AUS1,,,,,,,,,True,
583754,Louay Ben Hassine,2025-2026,2025-12-11,800000,FK Radnički 1923 Kragujevac,SER1,,,,,,,,,True,
583755,Samuel Kopasek,2025-2026,2025-12-19,800000,FK Pardubice,TS1,,,,,,,,,True,
583812,Andrey Estupiñán,2025-2026,2025-12-05,400000,Asociación Deportivo Pasto,COL1,,,,,,,,,True,
583822,Agustín Ocampo,2025-2026,2025-12-18,300000,Club Atlético Platense,ARG1,,,,,,,,,True,
583901,Yannick Cappelle,2025-2026,2025-12-10,800000,Sportvereniging Zulte Waregem,BE1,,,,,,,,,True,
583919,Keano Vanrafelghem,2025-2026,2026-03-13,1500000,Yellow-Red Koninklijke Voetbalclub Mechelen,BE1,,,,,,,,,True,
584105,Marko Gjorgjievski,2025-2026,2025-12-19,300000,Asociația Fotbal Club Hermannstadt,RO1,,,,,,,,,True,
584112,Muhamed Sahinovic,2025-2026,2025-12-10,400000,HNK Gorica,KR1,,,,,,,,,True,
584228,Fredrik Holmé,2025-2026,2025-12-15,350000,Fredrikstad Fotballklubb,NO1,,,,,,,,,True,
584275,Petr Hodous,2025-2026,2025-12-22,600000,FC Slovan Liberec,TS1,,,,,,,,,True,
584287,Petr Julis,2025-2026,2026-03-24,300000,FC Slovan Liberec,TS1,,,,,,,,,True,
584490,Giannis Tsivelekidis,2025-2026,2025-12-12,300000,APO Levadiakos Football Club,GR1,,,,,,,,,True,
584936,Filip Jovic,2025-2026,2025-12-17,400000,NK Slaven Belupo Koprivnica,KR1,,,,,,,,,True,
585055,Nemanja Stojic,2025-2026,2025-12-16,2500000,FK Sochi,RU1,,,,,,,,,True,
585080,Marcel Pięczek,2025-2026,2025-12-08,550000,Miejski Klub Sportowy Korona Kielce Spółka Akcyjna,PL1,,,,,,,,,True,
585334,Oscar Uddenäs,2023-2024,2024-05-31,650000,Excelsior Rotterdam,NL1,Oscar Uddenäs,2023-2024,2024-05-31,650000.0,Östers IF,SE1,0.0,0.0,True,
585346,Baltazar,2025-2026,2025-12-29,1200000,FC Sion,C1,,,,,,,,,True,
585358,Yéiler Góez,2025-2026,2026-03-17,450000,Asociación Deportivo Pasto,COL1,,,,,,,,,True,
585419,Carlos Romaña,2025-2026,2026-03-17,300000,Atlético Bucaramanga,COL1,,,,,,,,,True,
585420,Bryan Castrillón,2025-2026,2026-03-17,700000,Junior FC,COL1,,,,,,,,,True,
585747,Juan Portilla,2025-2026,2026-03-12,4000000,Clube Atlético Paranaense,BRA1,,,,,,,,,True,
585795,Igor Jelicic,2025-2026,2025-12-15,300000,Fudbalski klub Napredak Kruševac,SER1,,,,,,,,,True,
585858,Kresimir Krizmanic,2025-2026,2025-12-12,1000000,Omilos Filathlon Irakliou FC,GR1,,,,,,,,,True,
585876,Gabriel Taliari,2025-2026,2025-12-10,1500000,Esporte Clube Juventude,BRA1,,,,,,,,,True,
586023,Max Watters,2025-2026,2025-12-10,400000,Dundee United Football Club,SC1,,,,,,,,,True,
586944,Tae-joon Park,2025-2026,2025-12-16,375000,Gimcheon Sangmu Football Club,RSK1,,,,,,,,,True,
586948,Ye-sung Kim,2025-2026,2025-12-16,300000,Football Club Pohang Steelers,RSK1,,,,,,,,,True,
586960,Jordan Harrison,2024-2025,2025-05-27,25000,Al-Fateh Club,SA1,,,,,,,,,True,
587094,Jeremy Rafanello,2025-2026,2025-12-11,200000,Philadelphia Union,MLS1,,,,,,,,,True,
587278,Jason Noslin,2025-2026,2026-03-24,450000,FK Pardubice,TS1,,,,,,,,,True,
587296,Cristian Barrios,2025-2026,2026-03-17,1400000,Junior FC,COL1,,,,,,,,,True,
587297,Dion Vlak,2025-2026,2025-12-02,25000,Football Club Volendam,NL1,,,,,,,,,True,
587328,Rafael Elias,2025-2026,2025-12-15,3200000,Kyoto Purple Sanga,JAP1,,,,,,,,,True,
587505,Nikola Cavlina,2025-2026,2025-12-23,750000,Calcio Como,IT1,,,,,,,,,True,
587539,Humberto Acevedo,2025-2026,2025-11-28,50000,Unión Magdalena,COL1,,,,,,,,,True,
587660,Florian Haxha,2025-2026,2025-12-08,250000,Motor Lublin Spółka Akcyjna,PL1,,,,,,,,,True,
587688,Zdravko Dimitrov,2025-2026,2025-12-29,600000,,,Zdravko Dimitrov,2025-2026,2025-12-29,600000.0,Bodrum FK,TR1,0.0,0.0,True,
587786,Felipe Jonatan,2025-2026,2025-12-10,2000000,Coritiba Foot Ball Club,BRA1,,,,,,,,,True,
588095,André Duarte,2025-2026,2025-12-08,800000,SC Fotbal Club FCSB SA,RO1,,,,,,,,,True,
588478,Yuki Yamamoto,2025-2026,2025-12-15,1200000,Kawasaki Frontale,JAP1,,,,,,,,,True,
588989,Jhon Arias,2025-2026,2025-12-09,15000000,Sociedade Esportiva Palmeiras,BRA1,,,,,,,,,True,
589006,Mathieu Choinière,2025-2026,2025-12-11,800000,Los Angeles Football Club,MLS1,,,,,,,,,True,
589273,Maxence Maisonneuve,2025-2026,2025-12-10,500000,RAAL La Louvière,BE1,,,,,,,,,True,
589363,Agustín Oliveros,2025-2026,2025-12-29,2800000,Impulsora del Deportivo Necaxa S.A. de C.V.,MEX1,,,,,,,,,True,
589753,Ilija Masic,2025-2026,2025-12-17,300000,Fotbal Club CFR 1907 Cluj SA,RO1,,,,,,,,,True,
589813,Tojiro Kubo,2025-2026,2025-12-15,1200000,Hitachi Kashiwa Reysol,JAP1,,,,,,,,,True,
590091,Hiroto Yamami,2025-2026,2025-12-15,400000,Tokyo Verdy,JAP1,,,,,,,,,True,
590410,Josh Clarke,2025-2026,2025-12-10,125000,Partick Thistle FC,SC1,Josh Clarke,2025-2026,2025-12-10,125000.0,The Celtic Football Club,SC1,0.0,0.0,True,
590648,Kennedy Egbus Mikuni,2025-2026,2025-12-15,700000,Nagoya Grampus Eight,JAP1,,,,,,,,,True,
590651,Takumi Nakamura,2025-2026,2025-12-15,225000,Cerezo Osaka,JAP1,,,,,,,,,True,
590654,Solomon Sakuragawa,2025-2026,2025-12-15,650000,Cerezo Osaka,JAP1,,,,,,,,,True,
590655,Hiroto Taniguchi,2025-2026,2025-12-15,1000000,Kawasaki Frontale,JAP1,,,,,,,,,True,
590777,Guus Offerhaus,2025-2026,2025-12-02,600000,Sportclub Telstar,NL1,,,,,,,,,True,
590841,Migouel Alfarela,2025-2026,2025-12-12,700000,Aris Thessalonikis,GR1,,,,,,,,,True,
591007,Savo Raskovic,2025-2026,2025-12-11,150000,Fudbalski klub Radnik Surdulica,SER1,,,,,,,,,True,
591032,Enrique Lofolomo,2025-2026,2026-03-13,800000,Sportvereniging Zulte Waregem,BE1,,,,,,,,,True,
591797,Dimitrios Tsopouroglou,2025-2026,2025-12-29,350000,Panthessalonikios Athlitikos Omilos Konstantinoupoliton,GR1,,,,,,,,,True,
591843,Jan Knapik,2025-2026,2026-03-24,250000,FC Slovan Liberec,TS1,,,,,,,,,True,
591848,Jonathan Marulanda,2025-2026,2026-03-17,300000,Fortaleza CEIF,COL1,,,,,,,,,True,
591865,,2025-2026,2026-03-30,250000,,,,,,,,,,,True,
592084,Victor Eriksson,2025-2026,2025-11-19,3000000,Hammarby IF,SE1,,,,,,,,,True,
592163,Oliver Petersen,2025-2026,2025-12-15,100000,Molde Fotballklubb,NO1,,,,,,,,,True,
592340,Willian Machado,2025-2026,2026-03-12,1500000,Mirasol Futebol Clube,BRA1,,,,,,,,,True,
592344,Guga,2025-2026,2025-12-10,2000000,Fluminense Football Club,BRA1,,,,,,,,,True,
592346,,2025-2026,2025-11-24,500000,,,,,,,,,,,True,
592347,Júnior Santos,2025-2026,2026-03-12,3000000,S. A. F. Botafogo,BRA1,,,,,,,,,True,
592363,Nathan Fogaça,2025-2026,2026-03-12,1000000,Mirasol Futebol Clube,BRA1,,,,,,,,,True,
592373,Lucas Oliveira,2025-2026,2025-12-10,1000000,Mirasol Futebol Clube,BRA1,,,,,,,,,True,
592379,Matti Peltola,2025-2026,2025-12-11,800000,D.C. United,MLS1,,,,,,,,,True,
592427,Matías Borgogno,2025-2026,2026-03-18,2800000,Club Atlético Platense,ARG1,,,,,,,,,True,
592867,Lazar Micic,2025-2026,2025-12-11,500000,Fudbalski Klub Javor Matis Ivanjica,SER1,,,,,,,,,True,
593205,Julimar,2025-2026,2026-03-12,2000000,Clube Atlético Paranaense,BRA1,,,,,,,,,True,
593286,Owen Maës,2025-2026,2025-12-10,600000,RAAL La Louvière,BE1,,,,,,,,,True,
593334,Ibrahim Mohannashi,2025-2026,2025-12-18,400000,Al-Qadsiah Saudi Football Club,SA1,,,,,,,,,True,
593337,Hamed Al-Ghamdi,2025-2026,2025-12-18,200000,Al-Ittihad Football Club,SA1,,,,,,,,,True,
593382,Jacy,2025-2026,2026-03-12,1500000,Coritiba Foot Ball Club,BRA1,,,,,,,,,True,
593411,Patriot Sejdiu,2025-2026,2025-11-19,350000,Asociația Fotbal Club UTA Arad,RO1,,,,,,,,,True,
593412,Ilyas Chaira,2025-2026,2025-12-12,4000000,Real Oviedo S.A.D.,ES1,,,,,,,,,True,
593432,Mehdi Moubarik,2025-2026,2025-12-16,900000,Dinamo Makhachkala,RU1,,,,,,,,,True,
594006,Marcos Vinícius,2025-2026,2025-11-24,400000,Associação Chapecoense de Futebol,BRA1,,,,,,,,,True,
594104,Gonzalo Goñi,2025-2026,2025-12-17,400000,Club Atlético Platense,ARG1,,,,,,,,,True,
594226,Matheuzinho,2025-2026,2026-03-12,7000000,Sport Club Corinthians Paulista,BRA1,,,,,,,,,True,
594364,Hampus Gustafsson,2025-2026,2025-11-19,500000,Örgryte IS,SE1,,,,,,,,,True,
595247,Shiloh 't Zand,2025-2026,2026-03-11,300000,Feyenoord Rotterdam,NL1,,,,,,,,,True,
595519,Luka Radotic,2025-2026,2025-12-15,50000,V-Varen Nagasaki,JAP1,,,,,,,,,True,
595594,Casper Øyvann,2025-2026,2025-12-15,800000,Molde Fotballklubb,NO1,,,,,,,,,True,
596055,Mihailo Orescanin,2025-2026,2025-12-11,500000,Fudbalski Klub Mladost Lučani,SER1,,,,,,,,,True,
596150,Ayouba Kosiah,2025-2026,2025-12-18,250000,Fudbalski klub Radnik Surdulica,SER1,,,,,,,,,True,
596400,Djenairo Daniels,2025-2026,2025-12-10,200000,Kilmarnock Football Club,SC1,,,,,,,,,True,
596906,Alan Torres,2025-2026,2025-12-29,650000,Mazatlán Futbol Club,MEX1,,,,,,,,,True,
596909,Tomás Marchiori,2025-2026,2026-03-18,2500000,Club Atlético Vélez Sársfield,ARG1,,,,,,,,,True,
596929,Gilberto Sepúlveda,2025-2026,2025-12-29,2800000,Club Deportivo Guadalajara S. A. de C. V.,MEX1,,,,,,,,,True,
597092,Iván Moreno,2025-2026,2025-12-29,1800000,Club León Fútbol Club,MEX1,,,,,,,,,True,
597165,Samuel Teles,2025-2026,2025-12-19,800000,U Craiova 1948 Club Sportiv SA,RO1,,,,,,,,,True,
597231,Kacper Smoliński,2025-2026,2025-12-08,200000,Morski Klub Sportowy Pogoń Szczecin,PL1,,,,,,,,,True,
597289,Serxho Ujka,2025-2026,2025-12-10,400000,Sportvereniging Zulte Waregem,BE1,,,,,,,,,True,
597424,Marco Hoffmann,2025-2026,2025-12-22,450000,Turn- und Sportverein Egger Glas Hartberg,A1,,,,,,,,,True,
597727,Daniel Gutiérrez,2025-2026,2025-12-29,700000,Club de Futbol Puebla de La Franja,MEX1,,,,,,,,,True,
597728,Marcel Ruiz,2025-2026,2026-03-26,10000000,"Deportivo Toluca Futbol Club, S. A. de C. V.",MEX1,,,,,,,,,True,
598148,Marios Pourzitidis,2025-2026,2025-12-22,350000,FK Dukla Praha a.s.,TS1,,,,,,,,,True,
598392,Mansour Sinyan,2025-2026,2025-12-15,200000,KFUM-Kameratene Oslo,NO1,,,,,,,,,True,
598541,Paul Mensah,2025-2026,2025-12-22,250000,Fußballclub Blau-Weiß Linz,A1,,,,,,,,,True,
598587,Szabolcs Mezei,2025-2026,2025-12-11,700000,Fudbalski klub TSC Bačka Topola,SER1,,,,,,,,,True,
598769,Adrián Martínez,2025-2026,2025-12-17,3200000,Racing Club Asociación Civil de Avellaneda,ARG1,,,,,,,,,True,
598838,Adonis Frías,2025-2026,2025-12-10,3000000,Santos Futebol Clube,BRA1,,,,,,,,,True,
598925,Stefan Vilotic,2025-2026,2025-12-11,400000,Fudbalski Klub Javor Matis Ivanjica,SER1,,,,,,,,,True,
598974,Anderson,2025-2026,2025-11-24,450000,Associação Chapecoense de Futebol,BRA1,,,,,,,,,True,
599023,Takumi Kamijima,2025-2026,2025-12-15,600000,Avispa Fukuoka,JAP1,,,,,,,,,True,
599224,Ángel Torres,2025-2026,2025-12-18,300000,Eyüp Spor Kulübü,TR1,Ángel Torres,2025-2026,2025-12-18,300000.0,Futbolniy Klub Dynamo Kyiv,UKR1,0.0,0.0,True,
599329,Novak Mićović,2025-2026,2025-12-11,600000,Los Angeles Galaxy,MLS1,,,,,,,,,True,
599331,,2025-2026,2025-12-29,2500000,,,,,,,,,,,True,
599339,Veljko Kijevcanin,2025-2026,2025-12-11,300000,Fudbalski Klub Mladost Lučani,SER1,,,,,,,,,True,
599489,Peter Reinhardsen,2025-2026,2025-12-15,300000,Sarpsborg 08 Fotballforening,NO1,,,,,,,,,True,
599552,Williams Alarcón,2025-2026,2025-12-17,4000000,Club Atlético Boca Juniors,ARG1,,,,,,,,,True,
599569,Vladímir Loroña,2025-2026,2025-12-29,500000,Club Santos Laguna S. A. de C. V.,MEX1,,,,,,,,,True,
599574,Stefan Ilic,2025-2026,2025-12-11,50000,Fudbalski klub Radnik Surdulica,SER1,,,,,,,,,True,
599628,Tómas Bent Magnússon,2025-2026,2026-03-05,500000,Heart of Midlothian Football Club,SC1,,,,,,,,,True,
599707,Ederson Moreno,2025-2026,2025-12-05,50000,Deportivo Pereira,COL1,,,,,,,,,True,
599732,Kevin Castañeda,2025-2026,2026-03-26,4500000,Club Tijuana Xoloitzcuintles de Caliente,MEX1,,,,,,,,,True,
599733,Arkadiusz Pyrka,2025-2026,2026-03-20,3500000,Fußball-Club St. Pauli von 1910,L1,,,,,,,,,True,
600170,Sean Zawadzki,2025-2026,2025-12-11,1800000,Columbus Crew,MLS1,,,,,,,,,True,
600549,Zé Ricardo,2025-2026,2025-12-15,200000,Clube do Remo,BRA1,,,,,,,,,True,
600616,Rogerio Caicedo,2025-2026,2025-12-05,50000,Boyacá Chicó FC,COL1,,,,,,,,,True,
600693,Milan Ilic,2025-2026,2025-12-11,350000,Fudbalski Klub Javor Matis Ivanjica,SER1,,,,,,,,,True,
600732,August Mikkelsen,2025-2026,2025-12-15,650000,Fotballklubben Bodø/Glimt,NO1,,,,,,,,,True,
600857,Kevin Velasco,2025-2026,2026-03-26,1000000,Club de Futbol Puebla de La Franja,MEX1,,,,,,,,,True,
600905,Raymundo Fulgencio,2025-2026,2025-12-29,2200000,Fútbol Club Juárez,MEX1,,,,,,,,,True,
600956,Francisco Nevárez,2025-2026,2025-12-29,500000,Fútbol Club Juárez,MEX1,,,,,,,,,True,
601011,Caio Paulista,2025-2026,2025-12-10,2000000,Grêmio Foot-Ball Porto Alegrense,BRA1,,,,,,,,,True,
601044,Lucas Pellegrini,2025-2026,2026-03-27,300000,F.C.V. Farul Constanța SA,RO1,,,,,,,,,True,
601089,Dominik Weixelbraun,2025-2026,2025-12-22,500000,Sportklub Rapid,A1,,,,,,,,,True,
601456,Ruslan Kul,2025-2026,2025-12-03,400000,FC Orenburg,RU1,,,,,,,,,True,
601872,Andrés Álvarez,2025-2026,2026-03-17,200000,Rionegro Águilas,COL1,,,,,,,,,True,
602314,Hayato Araki,2025-2026,2025-12-15,1800000,Sanfrecce Hiroshima,JAP1,,,,,,,,,True,
602324,Érik Lira,2025-2026,2026-03-26,12000000,Club de Fútbol Cruz Azul S.A. de C.V.,MEX1,,,,,,,,,True,
602391,Dario Kreiker,2025-2026,2026-03-24,300000,FK Dukla Praha a.s.,TS1,,,,,,,,,True,
602792,Florian Wustinger,2025-2026,2025-12-22,200000,Fußballklub Austria Wien,A1,,,,,,,,,True,
602804,David Jaunegg,2025-2026,2025-12-22,250000,Wattener Sportgemeinschaft Swarovski Tirol,A1,,,,,,,,,True,
602906,Blaz Boskovic,2025-2026,2025-12-22,350000,NK Lokomotiva Zagreb,KR1,,,,,,,,,True,
603122,Cacá,2025-2026,2026-03-12,1500000,Esporte Clube Vitória,BRA1,,,,,,,,,True,
603327,Florin Borța,2025-2026,2026-03-27,600000,Asociația Clubul Sportiv Campionii Fotbal Club Argeș,RO1,,,,,,,,,True,
603368,Svit Seslar,2025-2026,2025-12-17,2500000,,,Svit Seslar,2025-2026,2025-12-17,2500000.0,Eyüp Spor Kulübü,TR1,0.0,0.0,True,
603384,Arsentiy Doroshenko,2025-2026,2025-12-18,150000,SK Poltava,UKR1,,,,,,,,,True,
603423,Mayk,2025-2026,2025-11-24,500000,Grêmio Foot-Ball Porto Alegrense,BRA1,,,,,,,,,True,
603675,Francesco Folino,2025-2026,2025-12-23,700000,Unione Sportiva Cremonese S.p.A.,IT1,,,,,,,,,True,
603696,Alberto Reina,2025-2026,2026-03-16,2000000,Real Oviedo S.A.D.,ES1,,,,,,,,,True,
603937,Callum Jones,2025-2026,2025-12-10,300000,Dundee Football Club,SC1,,,,,,,,,True,
604008,Emam Ashour,2022-2023,2023-06-26,2000000,,,Emam Ashour,2022-2023,2023-06-26,2000000.0,Fodbold Club Midtjylland,DK1,0.0,0.0,True,
604069,Lawrence Ennali,2025-2026,2025-12-11,2000000,Houston Dynamo,MLS1,,,,,,,,,True,
604113,Jamil Siebert,2025-2026,2026-03-24,4500000,Unione Sportiva Lecce,IT1,,,,,,,,,True,
604293,Steve Kingue,2025-2026,2026-03-26,900000,Radomiak S.A.,PL1,,,,,,,,,True,
604324,Behar Neziri,2025-2026,2025-12-29,1500000,FC St. Gallen 1879,C1,,,,,,,,,True,
604366,Ionuț Dinu,2025-2026,2025-12-19,450000,Asociația Fotbal Club Unirea 04 Slobozia,RO1,,,,,,,,,True,
604504,Marco Sulzner,2025-2026,2026-03-10,500000,RZ Pellets Wolfsberger Athletiksport Club,A1,,,,,,,,,True,
604780,Liam Chipperfield,2025-2026,2025-12-29,800000,FC Sion,C1,,,,,,,,,True,
604817,Tim Spycher,2025-2026,2026-03-17,300000,FC Thun,C1,,,,,,,,,True,
604859,Abdussalam Magashy,2025-2026,2025-11-19,200000,Kalmar Fotbollförening,SE1,,,,,,,,,True,
605017,Yuto Yamada,2025-2026,2025-12-15,900000,Hitachi Kashiwa Reysol,JAP1,,,,,,,,,True,
605265,Louis Oppie,2025-2026,2026-03-20,2500000,Fußball-Club St. Pauli von 1910,L1,,,,,,,,,True,
605426,Melker Ellborg,2025-2026,2026-03-09,3000000,Sunderland Association Football Club,GB1,,,,,,,,,True,
605543,Daniel Paraschiv,2025-2026,2025-12-30,800000,Fotbal Club Rapid 1923 SA,RO1,,,,,,,,,True,
605547,Dorin Codrea,2025-2026,2025-12-19,750000,Asociația Sportivă Fotbal Club Universitatea Cluj,RO1,,,,,,,,,True,
605571,Viktor Zentrich,2025-2026,2025-10-21,100000,FC Hradec Králové a.s.,TS1,,,,,,,,,True,
605580,Ebrar Aydın,2025-2026,2025-12-17,50000,Gençlerbirliği Spor Kulübü,TR1,,,,,,,,,True,
605648,Armando Méndez,2025-2026,2025-12-17,900000,Club Atlético Newell’s Old Boys,ARG1,,,,,,,,,True,
605746,Aleksander Paluszek,2025-2026,2026-03-26,250000,GKS GieKSa Katowice Spółka Akcyjna,PL1,,,,,,,,,True,
605757,Zan Luk Leban,2025-2026,2025-12-10,600000,,,Zan-Luk Leban,2025-2026,2025-12-10,600000.0,Everton Football Club,GB1,0.0,0.0,True,Premier League
605780,Dawid Kocyla,2025-2026,2025-12-08,350000,Morski Związkowy Klub Sportowy Arka Gdynia Spółka Akcyjna,PL1,,,,,,,,,True,
606136,Danilo Boza,2025-2026,2025-12-15,1500000,Urawa Red Diamonds,JAP1,,,,,,,,,True,
606267,Matías Pellegrini,2025-2026,2026-03-18,1500000,Club Atlético Vélez Sársfield,ARG1,,,,,,,,,True,
606389,Nikolaj Möller,2025-2026,2025-12-10,450000,Sandefjord Fotball,NO1,,,,,,,,,True,
606816,Nawaf Al-Habashi,2025-2026,2025-12-18,200000,Al-Hazem Sport Club,SA1,,,,,,,,,True,
606850,Lucas Braga,2025-2026,2025-12-10,900000,Esporte Clube Vitória,BRA1,,,,,,,,,True,
606893,Ermal Krasniqi,2025-2026,2025-12-08,1000000,Legia Warszawa Spółka Akcyjna,PL1,,,,,,,,,True,
607057,Juergen Elitim,2025-2026,2025-12-08,2500000,Legia Warszawa Spółka Akcyjna,PL1,,,,,,,,,True,
607093,Sávio,2023-2024,2024-06-06,200000,Clube do Remo,BRA1,Sávio,2023-2024,2024-06-06,200000.0,Rio Ave Futebol Clube,PO1,0.0,0.0,True,Liga Portugal
607435,Norbert Wojtuszek,2025-2026,2026-03-26,2500000,Jagiellonia-Bialystok Sportowa Spólka Akcyjna,PL1,,,,,,,,,True,
607811,Jeison Quiñónes,2025-2026,2025-12-15,1200000,Yokohama Marinos,JAP1,,,,,,,,,True,
607817,Camutanga,2025-2026,2025-12-10,300000,Esporte Clube Vitória,BRA1,,,,,,,,,True,
607922,Dragan Bojat,2025-2026,2025-12-11,750000,Fudbalski klub Napredak Kruševac,SER1,,,,,,,,,True,
608160,Théo Berdayes,2025-2026,2025-12-29,1500000,FC Sion,C1,,,,,,,,,True,
608212,Daniel Dos Santos,2025-2026,2025-12-29,1500000,FC Lugano,C1,,,,,,,,,True,
608216,Gabriel Menino,2025-2026,2026-03-12,7000000,Santos Futebol Clube,BRA1,,,,,,,,,True,
608448,Ștefan Bodișteanu,2025-2026,2025-12-19,850000,Asociația Fotbal Club Botoșani,RO1,,,,,,,,,True,
608487,Luca Mihai,2025-2026,2025-12-19,250000,Asociația Fotbal Club UTA Arad,RO1,,,,,,,,,True,
609255,Willer Ditta,2025-2026,2025-12-29,5500000,Club de Fútbol Cruz Azul S.A. de C.V.,MEX1,,,,,,,,,True,
609651,Alexandros Tereziou,2025-2026,2025-12-29,200000,PAS Lamia 1964,GR1,Alexandros Tereziou,2025-2026,2025-12-29,200000.0,A.G.S Asteras Tripolis,GR1,0.0,0.0,True,
609691,Wilguens Paugain,2025-2026,2025-12-10,600000,Sportvereniging Zulte Waregem,BE1,,,,,,,,,True,
610228,Mateo Bajamich,2025-2026,2025-12-17,800000,Asociación Atlética Estudiantes,ARG1,,,,,,,,,True,
610248,Fabio Pereyra,2025-2026,2025-12-17,175000,Club Atlético Huracán,ARG1,,,,,,,,,True,
610266,Marcelo Estigarribia,2025-2026,2025-12-17,1000000,Club Atlético Unión,ARG1,,,,,,,,,True,
610405,Maurits Kjaergaard,2025-2026,2025-12-22,8000000,Fußballclub Red Bull Salzburg,A1,,,,,,,,,True,
610414,Saeed Issah,2025-2026,2025-12-19,150000,Asociația Fotbal Club Hermannstadt,RO1,,,,,,,,,True,
610479,Bafodé Dansoko,2025-2026,2025-12-29,400000,Fussballclub Winterthur,C1,,,,,,,,,True,
610566,Joan Parra,2025-2026,2026-03-17,550000,Once Caldas,COL1,,,,,,,,,True,
610590,Agustín Palavecino,2025-2026,2026-03-26,4500000,Club de Fútbol Cruz Azul S.A. de C.V.,MEX1,,,,,,,,,True,
610607,Jakub Surovcik,2025-2026,2026-03-24,900000,"AC Sparta Praha, a. s.",TS1,,,,,,,,,True,
610612,Nikola Marjanovic,2025-2026,2025-12-11,300000,FK Radnički 1923 Kragujevac,SER1,,,,,,,,,True,
610616,Germán Guiffrey,2025-2026,2025-12-10,650000,Club Atlético Tigre,ARG1,,,,,,,,,True,
610622,Urko Izeta,2025-2026,2025-12-12,1500000,Athletic Club Bilbao,ES1,,,,,,,,,True,
610627,Nathan Harriel,2025-2026,2025-12-11,1500000,Philadelphia Union,MLS1,,,,,,,,,True,
610628,Justin Haak,2025-2026,2025-12-11,2500000,Los Angeles Galaxy,MLS1,,,,,,,,,True,
610629,Gabriel Segal,2025-2026,2025-12-11,200000,D.C. United,MLS1,,,,,,,,,True,
610637,Edmund Addo,2025-2026,2025-12-11,1200000,Omladinski fudbalski klub Beograd,SER1,,,,,,,,,True,
610651,Jesús Rivas,2025-2026,2025-12-05,900000,Junior FC,COL1,,,,,,,,,True,
610795,Tomoya Ando,2025-2026,2026-03-20,3000000,Fußball-Club St. Pauli von 1910,L1,,,,,,,,,True,
611018,Francisco Reyes,2025-2026,2025-12-22,450000,Club Tigres UANL Sinergia Deportiva S.A. de C.V.,MEX1,,,,,,,,,True,
611049,Lukas Cerv,2025-2026,2025-12-22,6000000,"FC Viktoria Plzeň, a.s.",TS1,,,,,,,,,True,
611855,Sidny Lopes Cabral,2025-2026,2026-03-19,5000000,Sport Lisboa e Benfica,PO1,,,,,,,,,True,
612041,Jamal Harkass,2025-2026,2025-12-18,1200000,Damac Football Club,SA1,,,,,,,,,True,
612140,Nikola Kuveljic,2025-2026,2025-12-11,350000,Fudbalski klub TSC Bačka Topola,SER1,,,,,,,,,True,
612479,,2025-2026,2026-03-12,600000,,,,,,,,,,,True,
612873,Renzo Bacchia,2025-2026,2025-12-18,450000,Asociación Atlética Estudiantes,ARG1,,,,,,,,,True,
613093,Raúl Lozano,2025-2026,2025-12-17,250000,Asociación Atlética Estudiantes,ARG1,,,,,,,,,True,
613095,Cristian Zabala,2025-2026,2026-03-18,700000,Club Atlético Sarmiento,ARG1,,,,,,,,,True,
613173,Brian Benítez,2025-2026,2026-03-17,200000,Llaneros FC,COL1,,,,,,,,,True,
613201,Edwin Mosquera,2025-2026,2025-12-05,400000,Independiente Santa Fe,COL1,,,,,,,,,True,
613364,Tomás Fernández,2025-2026,2025-12-17,450000,Club Atlético Aldosivi,ARG1,,,,,,,,,True,
613708,Sebastián Prieto,2025-2026,2025-12-17,300000,Asociación Atlética Argentinos Juniors,ARG1,,,,,,,,,True,
613873,Álvaro Barreal,2025-2026,2025-12-10,7000000,Santos Futebol Clube,BRA1,,,,,,,,,True,
613983,Stavros Gavriel,2025-2026,2025-12-10,800000,Sportvereniging Zulte Waregem,BE1,,,,,,,,,True,
614030,Jordan Adebayo-Smith,2025-2026,2025-11-25,150000,Minnesota United FC,MLS1,,,,,,,,,True,
614303,Adrián Mora,2025-2026,2025-12-29,600000,Club de Futbol Rojinegros S.A. de C.V.,MEX1,,,,,,,,,True,
614328,Eric Ramires,2025-2026,2026-03-12,3500000,Red Bull Bragantino,BRA1,,,,,,,,,True,
614516,Bruno Carvalho,2025-2026,2026-03-27,100000,Fotbal Club Metaloglobus București SA,RO1,,,,,,,,,True,
614800,David Miculescu,2025-2026,2025-12-19,2500000,SC Fotbal Club FCSB SA,RO1,,,,,,,,,True,
615107,,2025-2026,2025-12-22,250000,,,,,,,,,,,True,
615234,Amar Dzevlan,2022-2023,2023-06-27,25000,Mjällby Almänna Idrottsförening,SE1,,,,,,,,,True,
615235,Emin Hasic,2025-2026,2025-12-22,300000,NK Osijek s.d.d.,KR1,,,,,,,,,True,
615253,Nicolás Morgantini,2025-2026,2025-12-17,300000,Club Atlético Lanús,ARG1,,,,,,,,,True,
615255,Juan Infante,2025-2026,2025-12-17,500000,Club Atlético Tucumán,ARG1,,,,,,,,,True,
615296,Kaito Yasui,2025-2026,2025-12-15,1000000,Urawa Red Diamonds,JAP1,,,,,,,,,True,
615599,Vuk Bogdanovic,2025-2026,2025-12-11,175000,Fudbalski klub Čukarički Beograd,SER1,,,,,,,,,True,
615602,Ilija Babic,2025-2026,2025-12-11,700000,Fudbalski Klub Spartak Ždrepčeva krv,SER1,,,,,,,,,True,
615639,Milos Pantovic,2025-2026,2025-12-12,3000000,Panathinaikos Athlitikos Omilos,GR1,,,,,,,,,True,
615650,Valentin Paltsev,2025-2026,2025-12-16,3000000,FK Krasnodar,RU1,,,,,,,,,True,
615653,William Milovanovic,2025-2026,2025-11-19,800000,GAIS,SE1,,,,,,,,,True,
615667,Prestige Mboungou,2025-2026,2025-12-11,1500000,Fudbalski klub TSC Bačka Topola,SER1,,,,,,,,,True,
616948,Péter Baráth,2025-2026,2026-03-24,2000000,"SK Sigma Olomouc, a.s.",TS1,,,,,,,,,True,
617009,Alex Paulsen,2025-2026,2025-12-08,750000,Klub Sportowy Lechia Gdańsk,PL1,,,,,,,,,True,
617015,Nathan Lobo,2025-2026,2025-12-16,200000,Auckland Football Club,AUS1,,,,,,,,,True,
617376,Seiichiro Kubo,2025-2026,2025-12-15,400000,Football Club Mito HollyHock,JAP1,,,,,,,,,True,
617377,Taishi Brandon Nozawa,2025-2026,2026-03-13,2500000,Royal Antwerp Football Club,BE1,,,,,,,,,True,
617407,Rui Sueyoshi,2025-2026,2025-12-15,200000,Fagiano Okayama Sports Club,JAP1,,,,,,,,,True,
617576,Hunter Sulte,2025-2026,2025-11-25,150000,Portland Timbers,MLS1,,,,,,,,,True,
617687,Matheus Alexandre,2025-2026,2025-12-10,1200000,Sport Club do Recife,BRA1,,,,,,,,,True,
617699,Caleb Zady Sery,2025-2026,2025-12-15,1500000,Molde Fotballklubb,NO1,,,,,,,,,True,
617910,Esneyder Mena,2025-2026,2025-12-05,650000,Independiente Medellín,COL1,,,,,,,,,True,
618022,Mirko Milikic,2025-2026,2026-03-26,1000000,Železničar Pančevo,SER1,,,,,,,,,True,
618080,Tayrell Wouter,2025-2026,2025-11-10,375000,Omladinski fudbalski klub Beograd,SER1,,,,,,,,,True,
618353,Jakov-Anton Vasilj,2025-2026,2025-12-22,200000,NK Lokomotiva Zagreb,KR1,,,,,,,,,True,
618417,Filip Luberecki,2025-2026,2026-03-26,2500000,Motor Lublin Spółka Akcyjna,PL1,,,,,,,,,True,
618424,Wojciech Urbański,2025-2026,2025-12-08,1000000,Legia Warszawa Spółka Akcyjna,PL1,,,,,,,,,True,
618487,Hussayn Touati,2025-2026,2025-12-18,350000,FC Oleksandriya,UKR1,,,,,,,,,True,
618984,Pedro de la Vega,2025-2026,2025-12-11,3500000,Seattle Sounders FC,MLS1,,,,,,,,,True,
618986,Alexander Díaz,2025-2026,2025-12-17,900000,Asociación de Fomento Deportivo Riestra Barrio Colón,ARG1,,,,,,,,,True,
619276,Bruno Unusic,2025-2026,2026-03-24,275000,FK Dukla Praha a.s.,TS1,,,,,,,,,True,
619277,Luka Skaricic,2025-2026,2025-12-22,800000,NK Varazdin,KR1,,,,,,,,,True,
619279,Veldin Hodza,2025-2026,2025-12-16,3500000,FC Rubin Kazan,RU1,,,,,,,,,True,
619295,Marko Lukovic,2025-2026,2025-12-11,500000,Fudbalski Klub IMT Novi Beograd,SER1,,,,,,,,,True,
619297,Stefan Despotovski,2025-2026,2025-12-11,1000000,Omladinski fudbalski klub Beograd,SER1,,,,,,,,,True,
619298,Vukasin Krstic,2025-2026,2025-12-11,900000,Fudbalski klub TSC Bačka Topola,SER1,,,,,,,,,True,
619300,Dario Grgic,2025-2026,2026-03-24,1500000,"SK Sigma Olomouc, a.s.",TS1,,,,,,,,,True,
619303,Nikola Petković,2025-2026,2025-12-11,1200000,Seattle Sounders FC,MLS1,,,,,,,,,True,
619305,Srdjan Hrstic,2025-2026,2025-12-22,600000,Sportclub Rheindorf Altach,A1,,,,,,,,,True,
619657,Tobias Gulliksen,2025-2026,2026-03-10,3000000,Sportklub Rapid,A1,,,,,,,,,True,
619884,Emil Engqvist,2025-2026,2025-11-19,450000,Aalesunds Fotballklubb,NO1,,,,,,,,,True,
620015,Tenton Yenne,2025-2026,2025-12-16,600000,FK Baltika,RU1,,,,,,,,,True,
620070,Stefan Randjelovic,2025-2026,2025-12-11,750000,Fudbalski klub Radnik Surdulica,SER1,,,,,,,,,True,
620156,Denis Vala,2025-2026,2025-12-22,75000,"Bohemians Praha 1905, a.s.",TS1,,,,,,,,,True,
620496,Simon Seidl,2025-2026,2025-12-22,1000000,Fußballclub Blau-Weiß Linz,A1,,,,,,,,,True,
620696,Ibrahim Diabate,2025-2026,2025-11-19,1500000,Deportivo Alavés S. A. D.,ES1,,,,,,,,,True,
620730,Yilson Rosales,2025-2026,2025-12-05,400000,Alianza FC,COL1,,,,,,,,,True,
620767,Strahinja Manojlovic,2025-2026,2025-12-11,1200000,Fudbalski Klub Radnički Niš,SER1,,,,,,,,,True,
620893,Nikola Milicevic,2025-2026,2025-11-27,75000,Železničar Pančevo,SER1,,,,,,,,,True,
620963,Riad Suta,2025-2026,2026-03-27,400000,Asociația Fotbal Club Botoșani,RO1,,,,,,,,,True,
621369,Andrés Herrera,2025-2026,2025-12-11,1500000,Columbus Crew,MLS1,,,,,,,,,True,
621403,Mauro Valiente,2025-2026,2025-11-26,200000,Asociación Atlética Estudiantes,ARG1,,,,,,,,,True,
621436,Daniil Khlusevich,2025-2026,2026-03-25,2500000,FK Spartak Moskva,RU1,Daniil Khlusevich,2025-2026,2025-12-16,2800000.0,RFK Akhmat Grozny,RU1,300000.0,0.12,True,
621603,Metehan Altunbaş,2025-2026,2026-03-05,300000,Eyüp Spor Kulübü,TR1,,,,,,,,,True,
621670,Jakub Lapes,2025-2026,2026-03-24,500000,MFK Karvina,TS1,,,,,,,,,True,
622023,Noah Rupp,2025-2026,2026-03-17,300000,FC Thun,C1,,,,,,,,,True,
622212,Jiri Spacil,2025-2026,2026-03-24,500000,"SK Sigma Olomouc, a.s.",TS1,,,,,,,,,True,
622254,Jachym Sip,2025-2026,2026-03-24,750000,"SK Sigma Olomouc, a.s.",TS1,,,,,,,,,True,
622421,Sander Risan Mørk,2025-2026,2025-12-15,400000,Sandefjord Fotball,NO1,,,,,,,,,True,
622454,Razhab Magomedov,2025-2026,2025-12-16,600000,Dinamo Makhachkala,RU1,,,,,,,,,True,
622871,Karol Czubak,2025-2026,2026-03-26,1500000,Motor Lublin Spółka Akcyjna,PL1,,,,,,,,,True,
623420,Valentin Țicu,2025-2026,2025-12-19,300000,SC Dinamo 1948 SA,RO1,,,,,,,,,True,
623424,Claudiu Petrila,2025-2026,2026-03-27,2700000,Fotbal Club Rapid 1923 SA,RO1,,,,,,,,,True,
623425,Ovidiu Perianu,2025-2026,2026-03-27,250000,Fotbal Club CFR 1907 Cluj SA,RO1,,,,,,,,,True,
623444,Danny Leyva,2025-2026,2025-12-11,1000000,Impulsora del Deportivo Necaxa S.A. de C.V.,MEX1,,,,,,,,,True,
623495,Jakob Nyland Ørsahl,2025-2026,2025-12-15,300000,Aalesunds Fotballklubb,NO1,,,,,,,,,True,
623623,Juan Montoya,2025-2026,2025-12-05,300000,Envigado FC,COL1,,,,,,,,,True,
623745,Kacper Karasek,2025-2026,2026-03-26,300000,Motor Lublin Spółka Akcyjna,PL1,,,,,,,,,True,
623825,Marko Soldo,2025-2026,2025-12-22,1300000,GNK Dinamo Zagreb,KR1,,,,,,,,,True,
623962,Carlo Armiento,2025-2026,2026-01-13,350000,Wellington Phoenix Football Club,AUS1,,,,,,,,,True,
623965,João Paulo,2025-2026,2025-12-19,700000,SC Fotbal Club FCSB SA,RO1,,,,,,,,,True,
624087,Yunusa Muritala,2025-2026,2026-03-24,175000,"SK Sigma Olomouc, a.s.",TS1,,,,,,,,,True,
624095,Nicolás Romano,2025-2026,2025-11-26,175000,Club Atlético Gimnasia y Esgrima de Mendoza,ARG1,,,,,,,,,True,
624291,Ignácio,2025-2026,2025-12-10,2000000,Fluminense Football Club,BRA1,,,,,,,,,True,
624300,Daniel Smekal,2025-2026,2025-12-22,450000,FK Pardubice,TS1,,,,,,,,,True,
624353,Milan Vukotic,2025-2026,2025-12-11,3500000,Fudbalski Klub Partizan Beograd,SER1,,,,,,,,,True,
624751,Lyall Cameron,2025-2026,2025-12-10,1500000,Aberdeen Football Club,SC1,Lyall Cameron,2025-2026,2025-12-10,1500000.0,Rangers Football Club,SC1,0.0,0.0,True,
624898,Hayato Teruyama,2025-2026,2025-12-15,600000,V-Varen Nagasaki,JAP1,,,,,,,,,True,
624900,Keita Takahata,2025-2026,2025-12-15,450000,V-Varen Nagasaki,JAP1,,,,,,,,,True,
624967,Kion Etete,2025-2026,2025-11-26,900000,Saint Mirren Football Club,SC1,,,,,,,,,True,
624999,Kevin Holmén,2025-2026,2026-03-30,800000,GAIS,SE1,,,,,,,,,True,
625203,Julián López,2025-2026,2025-12-17,1200000,Club Social y Deportivo Defensa y Justicia,ARG1,,,,,,,,,True,
625206,Adrian Leon Barisic,2025-2026,2025-12-29,4000000,Sporting Clube de Braga,PO1,,,,,,,,,True,
625345,Caetano,2025-2026,2025-12-15,1200000,Rakuten Vissel Kobe,JAP1,,,,,,,,,True,
625569,Nicolás Acevedo,2025-2026,2025-12-10,4000000,Esporte Clube Bahia,BRA1,,,,,,,,,True,
625617,Rafael Santos,2025-2026,2025-12-11,800000,St. Louis City Soccer Club,MLS1,,,,,,,,,True,
625653,,2025-2026,2025-12-30,800000,,,,,,,,,,,True,
625768,Damian Kelvin,2025-2026,2026-03-17,800000,FC Lugano,C1,,,,,,,,,True,
626110,João Victor,2025-2026,2025-12-10,1500000,Mirasol Futebol Clube,BRA1,,,,,,,,,True,
626472,Krisztián Keresztes,2025-2026,2025-12-10,350000,Dundee United Football Club,SC1,,,,,,,,,True,
626675,Víctor Moreno,2025-2026,2025-12-05,450000,Independiente Santa Fe,COL1,,,,,,,,,True,
626693,Andrés Llinás,2025-2026,2025-12-05,1400000,Millonarios FC,COL1,,,,,,,,,True,
626854,Kevin Höög Jansson,2025-2026,2025-11-19,400000,Club Football Estrela da Amadora,PO1,,,,,,,,,True,
626899,Baba Alhassan,2025-2026,2025-12-19,900000,SC Fotbal Club FCSB SA,RO1,,,,,,,,,True,
626917,Ezequiel Centurión,2025-2026,2026-03-18,2200000,Club Sportivo Independiente Rivadavia,ARG1,,,,,,,,,True,
626953,Álvaro Núñez,2025-2026,2025-12-12,6000000,Real Club Celta de Vigo S. A. D.,ES1,,,,,,,,,True,
627141,Calvin Harris,2025-2026,2025-12-11,600000,Sporting Kansas City,MLS1,,,,,,,,,True,
627143,Ronan Wynne,2019-2020,2020-01-09,100000,Auckland Football Club,AUS1,,,,,,,,,True,
627200,Tayvon Gray,2025-2026,2025-12-11,2500000,New York City Football Club,MLS1,,,,,,,,,True,
627211,David Rodríguez,2025-2026,2025-11-18,275000,Club Atlético de San Luis,MEX1,,,,,,,,,True,
627212,Antino Lopez,2025-2026,2026-03-13,250000,Seattle Sounders FC,MLS1,,,,,,,,,True,
627219,Will Reilly,2025-2026,2025-12-11,300000,Atlanta United Football Club,MLS1,,,,,,,,,True,
627227,Peglow,2025-2026,2025-12-11,1000000,Radomiak S.A.,PL1,Peglow,2023-2024,2023-11-27,1500000.0,D.C. United,MLS1,500000.0,0.5,True,
627230,Fabinho,2025-2026,2025-12-10,5000000,Red Bull Bragantino,BRA1,,,,,,,,,True,
627237,Manuel Insaurralde,2025-2026,2025-12-17,150000,Club Atlético San Lorenzo de Almagro,ARG1,,,,,,,,,True,
627248,Lewis Dobbin,2023-2024,2024-05-27,2500000,Everton Football Club,GB1,Lewis Dobbin,2023-2024,2024-05-27,2500000.0,Aston Villa Football Club,GB1,0.0,0.0,True,Premier League
627329,Jordi Liongola,2025-2026,2025-12-10,1200000,RAAL La Louvière,BE1,,,,,,,,,True,
627361,Clément Lhernault,2025-2026,2025-10-21,100000,Železničar Pančevo,SER1,,,,,,,,,True,
627472,Gianni Stensness,2025-2026,2025-12-15,800000,Viking Fotballklubb,NO1,,,,,,,,,True,
627717,Pau Resta,2025-2026,2026-03-26,1000000,Miejski Klub Sportowy Korona Kielce Spółka Akcyjna,PL1,,,,,,,,,True,
628049,Emil Tsenov,2025-2026,2026-03-25,900000,FC Orenburg,RU1,,,,,,,,,True,
628301,Hugo Vallejo,2025-2026,2026-03-26,550000,Gliwicki Klub Sportowy Piast Spółka Akcyjna,PL1,,,,,,,,,True,
628365,Gabriele Piccinini,2025-2026,2026-03-24,3500000,Pisa Sporting Club,IT1,,,,,,,,,True,
628443,Jorge Cardona,2025-2026,2025-12-05,500000,Once Caldas,COL1,,,,,,,,,True,
628750,Juan Pablo Freytes,2025-2026,2025-12-10,5000000,Fluminense Football Club,BRA1,,,,,,,,,True,
628806,Carlos Harvey,2025-2026,2025-12-11,600000,Minnesota United FC,MLS1,,,,,,,,,True,
628879,Jhon Córdoba,2025-2026,2025-12-17,900000,Instituto Atlético Central Córdoba,ARG1,,,,,,,,,True,
628953,Fabián Cantillo,2025-2026,2026-03-17,350000,Alianza FC,COL1,,,,,,,,,True,
629002,Erkin Yalcin,2025-2026,2025-12-22,250000,Sportclub Rheindorf Altach,A1,,,,,,,,,True,
629005,Dijon Kameri,2025-2026,2025-12-08,1000000,Klub Sportowy Cracovia Spółka Akcyjna,PL1,,,,,,,,,True,
629006,Ozziel Herrera,2025-2026,2026-03-26,6000000,Club Tigres UANL Sinergia Deportiva S.A. de C.V.,MEX1,,,,,,,,,True,
629011,Lukas Jungwirth,2025-2026,2025-12-22,2000000,Linzer Athletik-Sport-Klub,A1,,,,,,,,,True,
629040,Nicolas Bajlicz,2025-2026,2026-03-10,500000,Sportvereinigung Ried 1912,A1,,,,,,,,,True,
629077,Matheus Mendes,2025-2026,2025-12-18,300000,Futebol Clube de Alverca,PO1,,,,,,,,,True,
629641,Shogo Sasaki,2025-2026,2025-12-15,225000,Gamba Osaka,JAP1,,,,,,,,,True,
629853,Kosei Suwama,2025-2026,2025-12-15,325000,Yokohama Marinos,JAP1,,,,,,,,,True,
629879,Uros Ignjatovic,2025-2026,2025-12-11,600000,Fudbalski klub Napredak Kruševac,SER1,,,,,,,,,True,
630095,Matija Gocmanac,2025-2026,2025-12-11,350000,Fudbalski Klub Vojvodina,SER1,,,,,,,,,True,
630167,Jun Choi,2025-2026,2025-12-16,650000,Football Club Seoul,RSK1,,,,,,,,,True,
630267,Ho-jin Jeong,2025-2026,2025-12-16,200000,Bucheon Football Club 1995,RSK1,,,,,,,,,True,
630269,Won-sang Um,2025-2026,2025-12-16,800000,Foundation Coorperation Hana Financial Group Inc. Football Club,RSK1,,,,,,,,,True,
630753,Ísak Andri Sigurgeirsson,2025-2026,2025-11-19,700000,Viborg Fodsports Forening,DK1,,,,,,,,,True,
630924,Mateo García,2025-2026,2026-03-17,1000000,Millonarios FC,COL1,,,,,,,,,True,
631049,Gonzalo Crettaz,2025-2026,2026-03-11,3000000,Nijmegen Eendracht Combinatie,NL1,,,,,,,,,True,
631103,Macklin Freke,2025-2026,2026-01-13,200000,Brisbane Roar FC,AUS1,,,,,,,,,True,
631447,Jakub Kolan,2025-2026,2026-03-26,500000,Zagłębie Lubin Spółka Akcyjna,PL1,,,,,,,,,True,
631917,Muteb Al-Mufarrij,2025-2026,2026-03-30,400000,Al-Taawoun Football Club,SA1,,,,,,,,,True,
631922,Firas Al-Buraikan,2025-2026,2025-12-18,4000000,Al-Ahli Saudi Football Club,SA1,,,,,,,,,True,
631923,Khalid Al-Ghannam,2025-2026,2026-03-30,900000,Al-Ettifaq Football Club,SA1,,,,,,,,,True,
631928,Khalifah Al-Dawsari,2025-2026,2025-12-18,175000,Neom Sports Club,SA1,,,,,,,,,True,
631930,Makhir Al-Rashidi,2025-2026,2025-12-18,275000,Al-Fayha FC,SA1,,,,,,,,,True,
632131,Federico Navarro,2025-2026,2025-12-17,2200000,Club Atlético Rosario Central,ARG1,,,,,,,,,True,
632246,Alejandro García,2025-2026,2025-12-05,700000,Clube Atlético Paranaense,BRA1,,,,,,,,,True,
632266,Eduard Banguero,2025-2026,2025-12-05,150000,Alianza FC,COL1,,,,,,,,,True,
632290,Juan Díaz,2025-2026,2026-03-17,300000,Boyacá Chicó FC,COL1,,,,,,,,,True,
632372,Maaya Sako,2025-2026,2025-12-15,50000,Tokyo Verdy,JAP1,,,,,,,,,True,
632731,Hikaru Nakahara,2025-2026,2025-12-15,600000,S-Pulse,JAP1,,,,,,,,,True,
632797,Matko Miljevic,2025-2026,2025-12-17,5000000,Racing Club Asociación Civil de Avellaneda,ARG1,,,,,,,,,True,
632896,Alejandro Francés,2025-2026,2025-12-12,3000000,Girona Fútbol Club S. A. D.,ES1,,,,,,,,,True,
633048,Ramiro Ruiz Rodríguez,2025-2026,2026-03-18,600000,Club Atlético Tucumán,ARG1,,,,,,,,,True,
633212,Erick,2025-2026,2025-12-10,4000000,Esporte Clube Bahia,BRA1,,,,,,,,,True,
633428,José Enamorado,2025-2026,2026-03-12,2500000,Grêmio Foot-Ball Porto Alegrense,BRA1,,,,,,,,,True,
633447,Martin Cedidla,2025-2026,2025-12-22,1000000,FK Jablonec a.s.,TS1,,,,,,,,,True,
633480,Yuya Asano,2025-2026,2025-12-15,500000,Nagoya Grampus Eight,JAP1,,,,,,,,,True,
633517,Yuta Higuchi,2025-2026,2025-12-15,900000,Kashima Antlers FC,JAP1,,,,,,,,,True,
633546,Aaron Kiil Olsen,2025-2026,2025-12-15,900000,Vålerengens Idrettsforening,NO1,,,,,,,,,True,
633728,Bryan Castillo,2025-2026,2025-12-18,400000,FC Oleksandriya,UKR1,,,,,,,,,True,
633785,Conner Antley,2025-2026,2025-12-11,350000,D.C. United,MLS1,,,,,,,,,True,
633850,Artur Ryabov,2025-2026,2025-12-18,900000,FK Karpaty Lviv,UKR1,Artur Ryabov,2025-2026,2025-12-18,900000.0,LNZ Cherkasy,UKR1,0.0,0.0,True,
633870,Ilir Kukleci,2025-2026,2025-12-15,200000,Hamarkameratene,NO1,,,,,,,,,True,
634145,Viktor Popov,2025-2026,2026-03-26,500000,Miejski Klub Sportowy Korona Kielce Spółka Akcyjna,PL1,,,,,,,,,True,
634692,Yannick Bright,2025-2026,2025-12-11,1500000,Club Internacional de Fútbol Miami,MLS1,,,,,,,,,True,
634815,Anderson Ceará,2025-2026,2026-03-27,650000,Asociația Futball Klub Csíkszereda Miercurea Ciuc,RO1,,,,,,,,,True,
634859,Sho Fukuda,2025-2026,2025-12-15,1200000,Brøndby Idrætsforening,DK1,,,,,,,,,True,
634972,Nikola Stankovic,2025-2026,2025-12-11,1500000,Fudbalski klub Crvena zvezda Beograd,SER1,,,,,,,,,True,
635021,Katsuhiro Nakayama,2025-2026,2025-12-15,450000,Nagoya Grampus Eight,JAP1,,,,,,,,,True,
635107,Javier Ferreira,2025-2026,2025-11-26,50000,Asociación Atlética Estudiantes,ARG1,,,,,,,,,True,
635146,,2025-2026,2025-12-22,250000,,,,,,,,,,,True,
635445,Jayden Nelson,2025-2026,2025-12-11,2500000,Austin FC,MLS1,,,,,,,,,True,
635660,Tanner Beason,2025-2026,2025-12-11,1000000,New England Revolution,MLS1,,,,,,,,,True,
635673,Andrew Thomas,2025-2026,2025-12-11,400000,Seattle Sounders FC,MLS1,,,,,,,,,True,
635864,Jonathan Dean,2025-2026,2025-12-11,700000,Chicago Fire Soccer Club,MLS1,,,,,,,,,True,
635888,Matej Koubek,2025-2026,2025-12-22,225000,FC Trinity Zlin,TS1,,,,,,,,,True,
636066,Daniel Aguirre,2025-2026,2026-03-26,1500000,Club Deportivo Guadalajara S. A. de C. V.,MEX1,,,,,,,,,True,
636081,Hassani Dotson,2025-2026,2025-12-11,3000000,Seattle Sounders FC,MLS1,,,,,,,,,True,
636185,Ethan Bartlow,2025-2026,2025-12-11,500000,Sporting Kansas City,MLS1,,,,,,,,,True,
636207,Ryan Sailor,2025-2026,2025-12-11,200000,Seattle Sounders FC,MLS1,,,,,,,,,True,
636507,Victor Caetano,2025-2026,2026-03-12,700000,Associação Chapecoense de Futebol,BRA1,,,,,,,,,True,
636567,Vukasin Bogdanovic,2025-2026,2025-12-11,1000000,Fudbalski klub Radnik Surdulica,SER1,,,,,,,,,True,
636783,Alexis Cuello,2025-2026,2026-03-18,5000000,Club Atlético San Lorenzo de Almagro,ARG1,,,,,,,,,True,
636784,Luca Orellano,2025-2026,2026-03-26,8000000,Club de Fútbol Monterrey Rayados A.C.,MEX1,,,,,,,,,True,
636800,Ian Murphy,2025-2026,2025-12-11,1200000,Colorado Rapids,MLS1,,,,,,,,,True,
637146,DeJuan Jones,2025-2026,2025-12-11,3000000,San Jose Earthquakes,MLS1,,,,,,,,,True,
637225,Jack Skahan,2025-2026,2025-12-11,200000,San Jose Earthquakes,MLS1,,,,,,,,,True,
637359,Josh Bauer,2025-2026,2025-12-11,400000,Nashville SC,MLS1,,,,,,,,,True,
637451,Isaiah Parente,2025-2026,2025-12-11,450000,Los Angeles Galaxy,MLS1,,,,,,,,,True,
637506,Luis Miranda,2025-2026,2025-12-05,300000,Llaneros FC,COL1,,,,,,,,,True,
637632,Jacob Shaffelburg,2025-2026,2025-12-11,4000000,Los Angeles Football Club,MLS1,,,,,,,,,True,
637733,Philip Quinton,2025-2026,2025-12-11,600000,Real Salt Lake,MLS1,,,,,,,,,True,
637744,Hu-seong Oh,2025-2026,2025-12-16,225000,Incheon United Football Club,RSK1,,,,,,,,,True,
638124,Manu Fernández,2025-2026,2025-12-12,1500000,Real Club Celta de Vigo S. A. D.,ES1,,,,,,,,,True,
638187,Cristian Blanco,2025-2026,2026-03-17,100000,Rionegro Águilas,COL1,,,,,,,,,True,
638188,Yilmar Velásquez,2025-2026,2025-12-05,900000,Independiente Santa Fe,COL1,,,,,,,,,True,
638216,Samuel Velásquez,2025-2026,2026-03-17,800000,Atlético Nacional,COL1,,,,,,,,,True,
638217,Ewil Murillo,2025-2026,2026-03-17,800000,Independiente Santa Fe,COL1,,,,,,,,,True,
638262,Rodrigo Rodrigues,2025-2026,2025-11-24,700000,Coritiba Foot Ball Club,BRA1,,,,,,,,,True,
638269,Rhaldney,2025-2026,2025-12-17,1000000,Futebol Clube de Alverca,PO1,,,,,,,,,True,
638279,Diego Ruíz,2024-2025,2025-06-20,200000,Boyacá Chicó FC,COL1,,,,,,,,,True,
638385,Dylan Nealis,2025-2026,2025-12-11,1500000,Red Bull New York,MLS1,,,,,,,,,True,
638408,Andrew Gutman,2025-2026,2025-12-11,1500000,Chicago Fire Soccer Club,MLS1,,,,,,,,,True,
638416,Daniel Munie,2025-2026,2025-12-11,1000000,San Jose Earthquakes,MLS1,,,,,,,,,True,
638535,Ryun-sung Kim,2025-2026,2025-12-16,325000,Jeju SK Football Club,RSK1,,,,,,,,,True,
638546,Seung-hwan Lee,2025-2026,2025-12-16,125000,Football Club Pohang Steelers,RSK1,,,,,,,,,True,
638567,Jae-min Seo,2025-2026,2025-12-16,300000,Incheon United Football Club,RSK1,,,,,,,,,True,
638570,Min-hyuk Lee,2025-2026,2025-12-16,175000,Ulsan Hyundai Football Club,RSK1,,,,,,,,,True,
638571,Sang-bin Jeong,2025-2026,2025-12-11,1800000,St. Louis City Soccer Club,MLS1,,,,,,,,,True,
638573,Jin-ho Jo,2025-2026,2025-12-17,800000,Konyaspor,TR1,,,,,,,,,True,
638623,Jherson Mosquera,2025-2026,2025-12-17,350000,Deportes Tolima,COL1,,,,,,,,,True,
638692,Donovan Pines,2025-2026,2025-12-22,500000,Grazer Athletiksport Klub 1902,A1,,,,,,,,,True,
638732,Henry Kessler,2025-2026,2025-12-11,1800000,Charlotte Football Club,MLS1,,,,,,,,,True,
638733,Aboubacar Keita,2025-2026,2025-11-19,550000,Kalmar Fotbollförening,SE1,,,,,,,,,True,
638798,Ryan Raposo,2025-2026,2025-12-11,500000,Los Angeles Football Club,MLS1,,,,,,,,,True,
638954,Zoárd Nagy,2025-2026,2025-12-08,300000,Asociația Futball Klub Csíkszereda Miercurea Ciuc,RO1,,,,,,,,,True,
638990,Amar Memić,2025-2026,2026-03-24,4500000,"FC Viktoria Plzeň, a.s.",TS1,,,,,,,,,True,
639027,Tae-seok Lee,2025-2026,2026-03-10,1500000,Fußballklub Austria Wien,A1,,,,,,,,,True,
639040,Yun-sang Hong,2025-2026,2025-12-16,550000,Gimcheon Sangmu Football Club,RSK1,,,,,,,,,True,
639058,Ilyas Chouaref,2025-2026,2025-12-29,3000000,FC Sion,C1,,,,,,,,,True,
639090,,2025-2026,2025-12-16,400000,,,,,,,,,,,True,
639120,Jin-yong Lee,2025-2026,2025-12-16,400000,Football Club Anyang,RSK1,,,,,,,,,True,
639133,Jin-seong Park,2025-2026,2025-12-16,175000,Gimcheon Sangmu Football Club,RSK1,,,,,,,,,True,
639152,José Paradela,2025-2026,2026-03-26,9000000,Club de Fútbol Cruz Azul S.A. de C.V.,MEX1,,,,,,,,,True,
639240,Kyu-hyun Park,2025-2026,2025-12-16,375000,Foundation Coorperation Hana Financial Group Inc. Football Club,RSK1,,,,,,,,,True,
639242,Sang-jun Kim,2025-2026,2025-12-16,150000,Bucheon Football Club 1995,RSK1,,,,,,,,,True,
639244,Jae-hwan Hwang,2025-2026,2025-12-16,50000,Football Club Pohang Steelers,RSK1,,,,,,,,,True,
639245,Young-jun Goh,2025-2026,2025-12-08,450000,Gangwon Football Club,RSK1,,,,,,,,,True,
639327,Vetle Skjærvik,2025-2026,2025-12-15,700000,Tromsø Idrettslag,NO1,,,,,,,,,True,
639354,Kazuki Fujita,2025-2026,2025-12-15,225000,Avispa Fukuoka,JAP1,,,,,,,,,True,
639384,Tomás Ortiz,2025-2026,2025-11-26,200000,Club Atlético Gimnasia y Esgrima de Mendoza,ARG1,,,,,,,,,True,
639390,Facundo Almada,2025-2026,2025-12-29,1800000,Mazatlán Futbol Club,MEX1,,,,,,,,,True,
639411,Masahito Ono,2025-2026,2025-12-15,200000,Nagoya Grampus Eight,JAP1,,,,,,,,,True,
639414,Young-woo Seol,2025-2026,2026-03-26,5000000,Fudbalski klub Crvena zvezda Beograd,SER1,,,,,,,,,True,
639457,Takashi Kawano,2025-2026,2025-12-15,450000,JEF United,JAP1,,,,,,,,,True,
639533,Ryuho Kikuchi,2025-2026,2025-12-15,250000,Zelvia,JAP1,,,,,,,,,True,
639698,Jae-won Shin,2025-2026,2025-12-16,275000,Bucheon Football Club 1995,RSK1,,,,,,,,,True,
639722,Daihachi Okamura,2025-2026,2025-12-15,900000,Zelvia,JAP1,,,,,,,,,True,
639751,Neto Pessoa,2025-2026,2025-11-24,350000,Associação Chapecoense de Futebol,BRA1,,,,,,,,,True,
639928,Matej Polidar,2025-2026,2025-12-22,600000,FK Jablonec a.s.,TS1,,,,,,,,,True,
640044,Yoshio Koizumi,2025-2026,2025-12-15,1000000,Hitachi Kashiwa Reysol,JAP1,,,,,,,,,True,
640260,Shohei Aihara,2025-2026,2025-12-15,100000,Football Club Mito HollyHock,JAP1,,,,,,,,,True,
640322,Yusei Egawa,2025-2026,2025-12-15,400000,V-Varen Nagasaki,JAP1,,,,,,,,,True,
640464,Milan Vidakov,2025-2026,2025-12-11,200000,FK Radnički 1923 Kragujevac,SER1,,,,,,,,,True,
640466,Miljan Momcilovic,2025-2026,2025-12-11,1000000,Omladinski fudbalski klub Beograd,SER1,,,,,,,,,True,
640852,Jahkeele Marshall-Rutty,2025-2026,2025-12-11,1500000,Red Bull New York,MLS1,,,,,,,,,True,
641029,Keisuke Kurokawa,2025-2026,2025-12-15,1000000,D.C. United,MLS1,,,,,,,,,True,
641122,Marco Espíndola,2025-2026,2025-12-05,50000,Deportivo Cali,COL1,,,,,,,,,True,
641208,Nanasei Iino,2025-2026,2025-12-15,350000,Rakuten Vissel Kobe,JAP1,,,,,,,,,True,
641646,Soo-bin Lee,2025-2026,2025-12-16,300000,Gimcheon Sangmu Football Club,RSK1,,,,,,,,,True,
641765,Denis Hrezdac,2025-2026,2025-12-19,450000,Asociația Fotbal Club UTA Arad,RO1,,,,,,,,,True,
641929,Wataru Harada,2025-2026,2025-12-15,750000,Hitachi Kashiwa Reysol,JAP1,,,,,,,,,True,
641989,Denis Radu,2025-2026,2025-12-19,400000,Eyüp Spor Kulübü,TR1,,,,,,,,,True,
642004,Hui-gyun Lee,2025-2026,2025-12-16,300000,Ulsan Hyundai Football Club,RSK1,,,,,,,,,True,
642521,Leonardo Marchi,2025-2026,2025-12-17,25000,Club Atlético Central Córdoba,ARG1,,,,,,,,,True,
642561,Shun Yoshida,2025-2026,2025-12-15,50000,Urawa Red Diamonds,JAP1,,,,,,,,,True,
642589,Fabri,2025-2026,2026-03-12,900000,Esporte Clube Vitória,BRA1,,,,,,,,,True,
642591,Maranhão,2025-2026,2025-12-18,1500000,Clube Desportivo de Tondela,PO1,,,,,,,,,True,
642721,Matías Lacava,2023-2024,2024-06-06,700000,FC Vizela,PO1,Matías Lacava,2023-2024,2024-06-06,700000.0,Ulsan Hyundai Football Club,RSK1,0.0,0.0,True,
642757,Francesco Lo Celso,2025-2026,2025-12-17,25000,Asociación Atlética Estudiantes,ARG1,,,,,,,,,True,
642758,Aníbal Moreno,2025-2026,2026-03-18,8000000,Club Atlético River Plate,ARG1,,,,,,,,,True,
642759,Facundo Mura,2025-2026,2025-12-17,2000000,Club Internacional de Fútbol Miami,MLS1,,,,,,,,,True,
642869,Tuğbey Akgün,2025-2026,2025-12-17,100000,Fatih Karagümrük Sportif Faaliyetler San. Tic. A.Ş.,TR1,,,,,,,,,True,
642983,Mateus Brunetti,2025-2026,2025-12-15,600000,S-Pulse,JAP1,,,,,,,,,True,
643088,Samuel Adeniran,2025-2026,2025-12-22,1500000,Linzer Athletik-Sport-Klub,A1,,,,,,,,,True,
643119,Riquelme,2025-2026,2026-03-06,1000000,Panserraikos Serres,GR1,,,,,,,,,True,
643242,Bruno Mota,2025-2026,2025-12-16,600000,Jeonbuk Hyundai Motors,RSK1,,,,,,,,,True,
643259,Orlando Gill,2025-2026,2025-12-17,5000000,Club Atlético San Lorenzo de Almagro,ARG1,,,,,,,,,True,
643325,Deok-geun Lim,2025-2026,2025-12-16,275000,Gimcheon Sangmu Football Club,RSK1,,,,,,,,,True,
643327,Jin-su Seo,2025-2026,2025-12-16,325000,Foundation Coorperation Hana Financial Group Inc. Football Club,RSK1,,,,,,,,,True,
643328,Dong-ryul Lee,2025-2026,2025-12-16,225000,Incheon United Football Club,RSK1,,,,,,,,,True,
643750,Nicolás Hernández,2025-2026,2026-03-17,500000,CD América de Cali,COL1,,,,,,,,,True,
644157,Hugo Moura,2025-2026,2026-03-12,1000000,Club de Regatas Vasco da Gama,BRA1,,,,,,,,,True,
644204,José Aldo,2025-2026,2026-03-12,1500000,Mirasol Futebol Clube,BRA1,,,,,,,,,True,
644271,Fernando Monárrez,2025-2026,2025-12-29,1000000,Club de Futbol Puebla de La Franja,MEX1,,,,,,,,,True,
644272,Alejandro Organista,2025-2026,2025-12-29,1000000,Club de Futbol Puebla de La Franja,MEX1,,,,,,,,,True,
644607,Ole Didrik Blomberg,2025-2026,2026-03-16,3500000,Fotballklubben Bodø/Glimt,NO1,,,,,,,,,True,
644726,Yuya Nagasawa,2025-2026,2025-12-15,50000,Tokyo Verdy,JAP1,,,,,,,,,True,
644781,Sam Junqua,2025-2026,2025-12-11,650000,Real Salt Lake,MLS1,,,,,,,,,True,
644782,Luis Barraza,2025-2026,2025-12-11,400000,Club Internacional de Fútbol Miami,MLS1,,,,,,,,,True,
644798,Sean Nealis,2025-2026,2025-12-11,2000000,D.C. United,MLS1,,,,,,,,,True,
645602,Lucas Arcanjo,2025-2026,2025-12-10,2500000,Esporte Clube Vitória,BRA1,,,,,,,,,True,
645764,Ahmed Kendouci,2025-2026,2026-03-17,1200000,FC Lugano,C1,,,,,,,,,True,
645842,Chan-gi An,2025-2026,2025-12-16,150000,Jeju SK Football Club,RSK1,,,,,,,,,True,
645846,Min-gyu Jang,2025-2026,2025-12-16,500000,Jeju SK Football Club,RSK1,,,,,,,,,True,
645847,Tae-hyeon Kim,2025-2026,2025-12-15,700000,Kashima Antlers FC,JAP1,,,,,,,,,True,
645850,Jeong-in Park,2025-2026,2025-12-16,175000,Gwangju Football Club,RSK1,,,,,,,,,True,
645955,Rick,2025-2026,2025-12-17,2500000,Club Atlético Talleres,ARG1,,,,,,,,,True,
646297,Iván Tona,2025-2026,2025-12-29,1500000,Club Tijuana Xoloitzcuintles de Caliente,MEX1,,,,,,,,,True,
646357,Tae-hwan Kim,2025-2026,2025-12-16,350000,Gimcheon Sangmu Football Club,RSK1,,,,,,,,,True,
646361,Renan Guedes,2025-2026,2025-12-22,350000,NK Osijek s.d.d.,KR1,,,,,,,,,True,
646432,Higor Meritão,2025-2026,2025-11-24,900000,Associação Chapecoense de Futebol,BRA1,,,,,,,,,True,
646700,Nassef Chourak,2025-2026,2026-03-30,350000,Kalmar Fotbollförening,SE1,,,,,,,,,True,
646824,Manuel Ángel,2025-2026,2026-03-18,5000000,Real Madrid Club de Fútbol,ES1,,,,,,,,,True,
647172,Alagy Oliveira,2025-2026,2026-03-23,150000,Epicentr Dunaivtsi,UKR1,,,,,,,,,True,
647235,Cade Cowell,2025-2026,2025-12-29,3800000,Red Bull New York,MLS1,,,,,,,,,True,
647384,Thelo Aasgaard,2025-2026,2025-12-10,2800000,Rangers Football Club,SC1,,,,,,,,,True,
647435,Tyrhys Dolan,2025-2026,2025-12-12,10000000,Reial Club Deportiu Espanyol de Barcelona S.A.D.,ES1,,,,,,,,,True,
647456,Jay Barnett,2025-2026,2026-01-13,350000,Adelaide United Football Club,AUS1,,,,,,,,,True,
647958,Ibrahim Aliyu,2025-2026,2025-12-11,1800000,Houston Dynamo,MLS1,,,,,,,,,True,
648076,Jovanny Bolívar,2025-2026,2025-12-05,350000,,,Jovanny Bolívar,2025-2026,2025-12-05,350000.0,Internacional de Bogotá,COL1,0.0,0.0,True,
648260,Alexis Serna,2025-2026,2026-03-17,450000,Independiente Medellín,COL1,,,,,,,,,True,
648309,Andrés Colorado,2025-2026,2025-12-05,450000,Deportivo Cali,COL1,,,,,,,,,True,
648483,Luis Sánchez,2025-2026,2026-03-17,550000,Once Caldas,COL1,,,,,,,,,True,
648520,Alex Vigo,2025-2026,2025-12-17,600000,Club Atlético Talleres,ARG1,,,,,,,,,True,
649055,Gabriel Novaes,2025-2026,2025-11-24,700000,Red Bull Bragantino,BRA1,,,,,,,,,True,
649184,Carlos Terán,2025-2026,2025-11-24,1500000,Clube Atlético Paranaense,BRA1,,,,,,,,,True,
649330,Steven Rodríguez,2025-2026,2026-03-17,800000,Deportivo Cali,COL1,,,,,,,,,True,
649397,Patrick Schulte,2025-2026,2025-12-11,3500000,Columbus Crew,MLS1,,,,,,,,,True,
649400,Jansen Miller,2025-2026,2025-12-11,800000,Sporting Kansas City,MLS1,,,,,,,,,True,
649453,Pierre Landry Kabore,2025-2026,2025-12-10,300000,Heart of Midlothian Football Club,SC1,,,,,,,,,True,
649459,Salifou Diarrassouba,2025-2026,2025-12-29,250000,Grasshopper Club Zürich,C1,,,,,,,,,True,
649568,Pavel Juroska,2025-2026,2025-12-22,275000,1. FC Slovácko,TS1,,,,,,,,,True,
649672,Nicolás Capaldo,2025-2026,2026-03-20,5000000,Hamburger Sport Verein,L1,,,,,,,,,True,
649794,Jimmy Congo,2025-2026,2025-12-05,150000,Unión Magdalena,COL1,,,,,,,,,True,
649998,Alejo Montero,2025-2026,2025-12-17,800000,Club Atlético Newell’s Old Boys,ARG1,,,,,,,,,True,
650795,Jesús Figueroa,2025-2026,2025-12-05,150000,Alianza FC,COL1,,,,,,,,,True,
650822,Juan David Cuesta,2025-2026,2025-12-05,700000,Once Caldas,COL1,,,,,,,,,True,
650824,Jhon Meléndez,2025-2026,2026-03-17,250000,Independiente Santa Fe,COL1,,,,,,,,,True,
650832,Daniel Rivera,2025-2026,2026-03-17,450000,Junior FC,COL1,,,,,,,,,True,
650833,Daniel Ruiz,2025-2026,2025-12-16,1200000,PFK CSKA Moskva,RU1,,,,,,,,,True,
650861,Díber Cambindo,2025-2026,2026-03-26,5000000,Club León Fútbol Club,MEX1,,,,,,,,,True,
651080,Martins Toutou,2025-2026,2026-03-27,50000,Fotbal Club Metaloglobus București SA,RO1,,,,,,,,,True,
651218,Naoto Arai,2025-2026,2025-12-15,800000,Sanfrecce Hiroshima,JAP1,,,,,,,,,True,
651376,Moonga Simba,2025-2026,2025-11-19,400000,Asociația Fotbal Club Hermannstadt,RO1,,,,,,,,,True,
651477,César Haydar,2025-2026,2025-12-05,550000,Atlético Nacional,COL1,,,,,,,,,True,
651480,Rubén Manjarrés,2025-2026,2026-03-17,400000,Internacional de Bogotá,COL1,,,,,,,,,True,
651567,Iván Scarpeta,2025-2026,2026-03-17,300000,Independiente Santa Fe,COL1,,,,,,,,,True,
651569,Daniel Mosquera,2025-2026,2025-12-23,2500000,Verona Hellas Football Club,IT1,,,,,,,,,True,
651657,Felix Charrupí,2025-2026,2026-03-17,500000,Atlético Bucaramanga,COL1,,,,,,,,,True,
651731,Michal Sevcik,2025-2026,2025-12-22,750000,"FK Mladá Boleslav, a.s.",TS1,,,,,,,,,True,
652047,Krystof Danek,2025-2026,2025-12-22,2000000,Linzer Athletik-Sport-Klub,A1,,,,,,,,,True,
652048,Filip Urica,2025-2026,2026-03-24,100000,"SK Sigma Olomouc, a.s.",TS1,,,,,,,,,True,
652049,Matej Naprstek,2025-2026,2025-12-22,225000,"FK Teplice, a.s.",TS1,,,,,,,,,True,
652050,Matej Hadas,2025-2026,2026-03-24,1000000,"SK Sigma Olomouc, a.s.",TS1,,,,,,,,,True,
652051,Filip Vecheta,2025-2026,2026-03-24,450000,FK Pardubice,TS1,,,,,,,,,True,
652054,Martin Vitík,2025-2026,2025-12-23,10000000,Bologna Football Club 1909,IT1,,,,,,,,,True,
652059,Michal Cernak,2025-2026,2025-12-22,300000,FK Dukla Praha a.s.,TS1,,,,,,,,,True,
652060,Denis Visinsky,2025-2026,2026-03-24,1800000,"FC Viktoria Plzeň, a.s.",TS1,,,,,,,,,True,
652061,Adam Karabec,2025-2026,2025-12-15,8000000,Olympique Lyonnais,FR1,,,,,,,,,True,
652272,Ari Sigurpálsson,2025-2026,2025-11-19,400000,Idrottsföreningen Elfsborg,SE1,,,,,,,,,True,
652333,Carlos Esparragoza,2025-2026,2025-12-05,500000,Alianza FC,COL1,,,,,,,,,True,
652349,Edison López,2025-2026,2025-12-05,400000,Envigado FC,COL1,,,,,,,,,True,
652402,Juan Loaiza,2025-2026,2025-12-05,50000,Llaneros FC,COL1,,,,,,,,,True,
652470,Edwin Cerrillo,2025-2026,2025-12-11,3500000,Los Angeles Galaxy,MLS1,,,,,,,,,True,
652486,Thomas Aquilina,2025-2026,2026-01-13,375000,Newcastle United Jets Football Club,AUS1,,,,,,,,,True,
652487,Yaya Dukuly,2025-2026,2026-01-13,500000,Adelaide United Football Club,AUS1,,,,,,,,,True,
652527,Min-duk Kim,2025-2026,2025-12-16,600000,Foundation Coorperation Hana Financial Group Inc. Football Club,RSK1,,,,,,,,,True,
652530,Dong-heon Kim,2025-2026,2025-12-16,550000,Incheon United Football Club,RSK1,,,,,,,,,True,
652618,Luka Gojkovic,2025-2026,2025-12-19,500000,Asociația Fotbal Club UTA Arad,RO1,,,,,,,,,True,
652633,Lewis Neilson,2025-2026,2025-12-10,700000,Falkirk Football & Athletic Club,SC1,Lewis Neilson,2025-2026,2025-12-10,700000.0,Heart of Midlothian Football Club,SC1,0.0,0.0,True,
652707,Harlen Castillo,2025-2026,2025-12-05,350000,Atlético Nacional,COL1,,,,,,,,,True,
652758,Silvio Ilinkovic,2025-2026,2025-12-22,150000,NK Varazdin,KR1,,,,,,,,,True,
652948,Nicolás Cordero,2025-2026,2025-12-17,375000,Club Atlético Aldosivi,ARG1,,,,,,,,,True,
652968,Carlos Villalba,2025-2026,2025-12-17,550000,Club Atlético Sarmiento,ARG1,,,,,,,,,True,
653017,Andreja Stojanovic,2025-2026,2025-12-11,350000,Fudbalski klub Čukarički Beograd,SER1,,,,,,,,,True,
653097,Yuma Obata,2025-2026,2025-12-15,300000,Avispa Fukuoka,JAP1,,,,,,,,,True,
653152,Manuel Capasso,2025-2026,2025-12-02,600000,Club de Futbol Rojinegros S.A. de C.V.,MEX1,,,,,,,,,True,
653158,Weimar Asprilla,2025-2026,2025-12-05,250000,Independiente Santa Fe,COL1,,,,,,,,,True,
653161,Yesid Díaz,2025-2026,2025-12-05,500000,Fortaleza CEIF,COL1,,,,,,,,,True,
653349,,2025-2026,2025-11-24,300000,,,,,,,,,,,True,
653408,Jhon Alex Palacios,2025-2026,2026-03-25,600000,FC Orenburg,RU1,,,,,,,,,True,
653437,Roameth Romaña,2025-2026,2025-12-05,25000,Llaneros FC,COL1,,,,,,,,,True,
653441,Carlos de las Salas,2025-2026,2026-03-17,200000,Atlético Bucaramanga,COL1,,,,,,,,,True,
653457,Josy Pérez,2025-2026,2026-03-17,50000,Alianza FC,COL1,,,,,,,,,True,
653596,Camilo Mena,2025-2026,2026-03-26,4000000,Klub Sportowy Lechia Gdańsk,PL1,,,,,,,,,True,
653667,Mateo Rodas,2025-2026,2026-03-17,300000,Internacional de Bogotá,COL1,,,,,,,,,True,
653681,Bojan Dimoski,2025-2026,2025-12-11,400000,Fudbalski klub TSC Bačka Topola,SER1,,,,,,,,,True,
653779,,2025-2026,2025-12-22,1200000,,,,,,,,,,,True,
654144,Eduardo Armenta,2025-2026,2025-12-29,600000,Querétaro Fútbol Club,MEX1,,,,,,,,,True,
654257,Ryan Naderi,2025-2026,2026-03-05,4500000,Rangers Football Club,SC1,,,,,,,,,True,
654312,Seong-ung Maeng,2025-2026,2025-12-16,600000,Jeonbuk Hyundai Motors,RSK1,,,,,,,,,True,
654313,Tae-hoon Kim,2025-2026,2025-12-16,150000,Football Club Anyang,RSK1,,,,,,,,,True,
654326,Salim Hernández,2024-2025,2025-05-26,500000,Querétaro Fútbol Club,MEX1,,,,,,,,,True,
654348,Kazuya Konno,2025-2026,2025-12-15,900000,Kawasaki Frontale,JAP1,,,,,,,,,True,
654412,Abdoullah Ba,2025-2026,2025-12-09,2000000,Sunderland Association Football Club,GB1,,,,,,,,,True,
654591,Temirkan Sundukov,2025-2026,2025-12-16,1000000,Dinamo Makhachkala,RU1,,,,,,,,,True,
654693,Min-seo Park,2025-2026,2025-12-16,375000,Gimcheon Sangmu Football Club,RSK1,,,,,,,,,True,
654733,Franco Watson,2025-2026,2025-12-17,600000,Club Atlético Lanús,ARG1,,,,,,,,,True,
654766,Santiago Moreno,2025-2026,2025-12-10,3000000,FC Dallas,MLS1,,,,,,,,,True,
654813,Santiago López García,2025-2026,2026-03-18,1000000,Club Atlético Banfield,ARG1,,,,,,,,,True,
654814,Ulises Ortegoza,2025-2026,2025-12-17,2000000,Club Atlético Talleres,ARG1,,,,,,,,,True,
654902,Aurelio Oehlers,2025-2026,2025-12-02,500000,Football Club Volendam,NL1,,,,,,,,,True,
654991,Samuel Mbangula,2025-2026,2026-03-20,10000000,Sportverein Werder Bremen von 1899,L1,,,,,,,,,True,
655217,Samson Baidoo,2025-2026,2026-03-27,25000000,Racing Club de Lens,FR1,,,,,,,,,True,
655247,Moritz Wels,2025-2026,2025-12-22,700000,Wattener Sportgemeinschaft Swarovski Tirol,A1,,,,,,,,,True,
655300,Patrik Vydra,2025-2026,2026-03-24,7000000,"AC Sparta Praha, a. s.",TS1,,,,,,,,,True,
655335,Yani Quintero,2025-2026,2025-12-05,500000,Deportivo Cali,COL1,,,,,,,,,True,
655420,Jordan Kadiri,2025-2026,2025-12-10,300000,FC Verbroedering Denderhoutem Denderleeuw Eendracht Hekelgem,BE1,,,,,,,,,True,
655427,Edwin Laszo,2025-2026,2025-11-25,175000,Llaneros FC,COL1,,,,,,,,,True,
655470,Manolis Pavlis,2021-2022,2022-06-27,50000,Panserraikos Serres,GR1,,,,,,,,,True,
655631,Andrés Salazar,2025-2026,2025-11-28,75000,Rionegro Águilas,COL1,,,,,,,,,True,
655637,Brayan Sánchez,2025-2026,2025-12-05,50000,Asociación Deportivo Pasto,COL1,,,,,,,,,True,
656112,Matías Giménez,2025-2026,2025-12-17,1800000,Asociación Atlética Argentinos Juniors,ARG1,,,,,,,,,True,
656141,Salieu Drammeh,2025-2026,2025-12-15,900000,Lillestrøm Sportsklubb,NO1,,,,,,,,,True,
656179,,2025-2026,2025-12-18,100000,,,,,,,,,,,True,
656344,Homer Martínez,2025-2026,2025-12-29,750000,Fútbol Club Juárez,MEX1,,,,,,,,,True,
656389,Adonis Preciado,2025-2026,2025-12-29,1500000,Club Tijuana Xoloitzcuintles de Caliente,MEX1,,,,,,,,,True,
656565,Ikuma Sekigawa,2025-2026,2025-12-15,1200000,Kashima Antlers FC,JAP1,,,,,,,,,True,
656922,Aldair Zárate,2025-2026,2025-12-05,500000,Atlético Bucaramanga,COL1,,,,,,,,,True,
657009,Misael Martínez,2025-2026,2025-12-05,150000,Unión Magdalena,COL1,,,,,,,,,True,
657043,Eduar Esteban,2025-2026,2025-12-05,200000,Alianza FC,COL1,,,,,,,,,True,
657050,Léider Berrío,2025-2026,2026-03-17,700000,Independiente Medellín,COL1,,,,,,,,,True,
657053,Jair Castillo,2025-2026,2026-03-17,400000,Alianza FC,COL1,,,,,,,,,True,
657092,Francisco Chaverra,2025-2026,2026-03-17,1200000,Independiente Medellín,COL1,,,,,,,,,True,
657225,Joseph Rosales,2025-2026,2025-12-11,2000000,Austin FC,MLS1,,,,,,,,,True,
657271,Ralph Priso,2025-2026,2025-12-11,800000,Vancouver Whitecaps FC,MLS1,,,,,,,,,True,
657385,Guilherme,2025-2026,2025-12-19,400000,Fotbal Club Petrolul Ploiești,RO1,,,,,,,,,True,
657429,Vasco Moreira,2025-2026,2026-03-19,1000000,Futebol Clube de Alverca,PO1,,,,,,,,,True,
657575,Abubakr Barry,2025-2026,2026-03-10,2500000,Fußballklub Austria Wien,A1,,,,,,,,,True,
657616,Yuto Nagao,2025-2026,2025-12-15,500000,Football Club Mito HollyHock,JAP1,,,,,,,,,True,
657625,Takuro Kaneko,2025-2026,2025-12-15,1300000,Urawa Red Diamonds,JAP1,,,,,,,,,True,
657743,Pedro Milans,2025-2026,2025-12-18,1500000,Sport Club Corinthians Paulista,BRA1,,,,,,,,,True,
657746,Cristian Olivera,2025-2026,2025-12-10,5000000,Esporte Clube Bahia,BRA1,,,,,,,,,True,
657784,Carlos Vivas,2025-2026,2025-12-05,1200000,Internacional de Bogotá,COL1,,,,,,,,,True,
657797,Kevin Caicedo,2025-2026,2026-03-17,300000,Llaneros FC,COL1,,,,,,,,,True,
657940,Lukas MacNaughton,2025-2026,2025-12-11,1000000,St. Louis City Soccer Club,MLS1,,,,,,,,,True,
658051,Brooks Thompson,2025-2026,2025-11-25,125000,FC Dallas,MLS1,,,,,,,,,True,
658053,Jake Davis,2025-2026,2025-12-11,1800000,Sporting Kansas City,MLS1,,,,,,,,,True,
658111,Kacper Tobiasz,2025-2026,2026-03-26,1000000,Legia Warszawa Spółka Akcyjna,PL1,,,,,,,,,True,
658130,Laurenz Orgler,2025-2026,2025-12-22,250000,Sportklub Rapid,A1,,,,,,,,,True,
658674,Luan Patrick,2025-2026,2026-03-19,2000000,Club Football Estrela da Amadora,PO1,,,,,,,,,True,
658678,Christian,2025-2026,2025-12-10,10000000,Cruzeiro Esporte Clube,BRA1,,,,,,,,,True,
658713,Tornike Morchiladze,2025-2026,2025-12-19,350000,Hrvatski Nogometni Klub Rijeka,KR1,,,,,,,,,True,
658730,Kajetan Szmyt,2025-2026,2026-03-26,600000,Jagiellonia-Bialystok Sportowa Spólka Akcyjna,PL1,,,,,,,,,True,
658776,Seung-wook Park,2025-2026,2025-12-16,900000,S-Pulse,JAP1,,,,,,,,,True,
658815,Nodar Lominadze,2025-2026,2025-12-18,700000,Grupo Desportivo Estoril Praia,PO1,,,,,,,,,True,
658848,Jesús Castillo,2025-2026,2025-11-06,1000000,,,Jesús Castillo,2025-2026,2025-11-06,1000000.0,Gil Vicente Futebol Clube,PO1,0.0,0.0,True,Liga Portugal
658873,Filip Matousek,2025-2026,2026-03-24,325000,"FK Mladá Boleslav, a.s.",TS1,,,,,,,,,True,
658874,Seung-bin Kim,2025-2026,2025-12-22,250000,Bucheon Football Club 1995,RSK1,,,,,,,,,True,
659264,Juan Sforza,2025-2026,2025-12-10,1500000,Club Atlético Talleres,ARG1,,,,,,,,,True,
659311,Laurent Seji,2025-2026,2025-12-29,150000,Grasshopper Club Zürich,C1,,,,,,,,,True,
659326,Ledjan Sahitaj,2025-2026,2025-12-29,200000,Fussballclub Winterthur,C1,,,,,,,,,True,
659352,Dion Kacuri,2025-2026,2026-03-17,700000,FC Basel 1893 AG,C1,,,,,,,,,True,
659375,Paul Schermer,2025-2026,2025-12-22,100000,Wattener Sportgemeinschaft Swarovski Tirol,A1,,,,,,,,,True,
659398,Simone Stroscio,2025-2026,2026-03-17,900000,Grasshopper Club Zürich,C1,,,,,,,,,True,
659589,Rodrigo González,2025-2026,2025-12-17,350000,Club Atlético Aldosivi,ARG1,,,,,,,,,True,
659622,Kristian Popovic,2025-2026,2026-01-13,100000,Macarthur South West Sydney (A-League),AUS1,,,,,,,,,True,
659693,Juan Zapata,2025-2026,2026-03-17,1200000,Atlético Nacional,COL1,,,,,,,,,True,
659802,Patrickson Delgado,2025-2026,2025-12-11,3000000,FC Dallas,MLS1,,,,,,,,,True,
659806,Pedro Vite,2025-2026,2026-03-26,5500000,Club Universidad Nacional A. C.,MEX1,,,,,,,,,True,
659826,Juan Mosquera,2025-2026,2025-12-11,3000000,Portland Timbers,MLS1,,,,,,,,,True,
659838,Jimer Fory,2025-2026,2025-12-11,1800000,Portland Timbers,MLS1,,,,,,,,,True,
660000,Juan Camilo Castillo,2025-2026,2025-12-16,400000,FK Nizhny Novgorod,RU1,,,,,,,,,True,
660140,Facundo Zabala,2025-2026,2026-03-18,1800000,Club Atlético Independiente de Avellaneda,ARG1,,,,,,,,,True,
660145,Daniel Wilmering,2025-2026,2026-01-13,400000,Newcastle United Jets Football Club,AUS1,,,,,,,,,True,
660198,Lucas González,2025-2026,2025-11-26,300000,Asociación Atlética Estudiantes,ARG1,,,,,,,,,True,
660280,Nelson Insfrán,2025-2026,2025-12-17,2000000,Club de Gimnasia y Esgrima La Plata,ARG1,,,,,,,,,True,
660298,Josef Svanda,2025-2026,2025-12-22,275000,"FK Teplice, a.s.",TS1,,,,,,,,,True,
660338,Gonzalo Lencina,2025-2026,2025-12-05,700000,Club Atlético Platense,ARG1,,,,,,,,,True,
660342,Gabriel Charpentier,2025-2026,2026-03-26,500000,Klub Sportowy Cracovia Spółka Akcyjna,PL1,,,,,,,,,True,
660514,Marc Gutbub,2025-2026,2025-12-29,250000,FC Thun,C1,,,,,,,,,True,
660521,Yi-seok Kim,2025-2026,2025-12-16,300000,Gimcheon Sangmu Football Club,RSK1,,,,,,,,,True,
660734,Brian Bustos,2025-2026,2025-12-22,700000,Club Atlético Platense,ARG1,,,,,,,,,True,
660989,Mathias Christensen,2025-2026,2025-12-15,400000,Aalesunds Fotballklubb,NO1,,,,,,,,,True,
660990,Benjamín Galdames,2025-2026,2025-12-29,2200000,Club Atlético de San Luis,MEX1,,,,,,,,,True,
661094,David Ayala,2025-2026,2025-12-11,4000000,Club Internacional de Fútbol Miami,MLS1,,,,,,,,,True,
661126,Rocco Ríos Novo,2025-2026,2025-12-11,600000,Club Internacional de Fútbol Miami,MLS1,,,,,,,,,True,
661128,Julián Aude,2025-2026,2025-12-11,2000000,Los Angeles Galaxy,MLS1,,,,,,,,,True,
661131,Santiago Simón,2024-2025,2025-06-02,4500000,"Deportivo Toluca Futbol Club, S. A. de C. V.",MEX1,,,,,,,,,True,
661132,Exequiel Zeballos,2025-2026,2025-12-17,7000000,Club Atlético Boca Juniors,ARG1,,,,,,,,,True,
661133,Cristian Medina,2025-2026,2025-12-17,9000000,S. A. F. Botafogo,BRA1,,,,,,,,,True,
661136,Kevin Lomónaco,2025-2026,2026-03-18,9000000,Club Atlético Independiente de Avellaneda,ARG1,,,,,,,,,True,
661147,Wikelman Carmona,2025-2026,2025-12-11,1800000,Club de Foot Montréal,MLS1,,,,,,,,,True,
661154,Alan Velasco,2025-2026,2026-03-18,2800000,Club Atlético Boca Juniors,ARG1,,,,,,,,,True,
661206,Seedy Jatta,2025-2026,2026-03-10,1000000,Sportklub Puntigamer Sturm Graz,A1,,,,,,,,,True,
661212,Mathias Løvik,2025-2026,2025-12-23,4000000,Trabzonspor Kulübü,TR1,,,,,,,,,True,
661243,Diego Duarte,2025-2026,2025-12-18,250000,AVS Futebol SAD,PO1,,,,,,,,,True,
661269,Matías Galarza,2025-2026,2025-12-17,3000000,Atlanta United Football Club,MLS1,,,,,,,,,True,
661368,Marcel Krajewski,2025-2026,2026-03-26,1500000,Widzew Łódź Spółka Akcyjna,PL1,,,,,,,,,True,
661481,Carlos Moreno,2025-2026,2025-12-29,3500000,Promotora del Club Pachuca S. A. de C. V.,MEX1,,,,,,,,,True,
661677,Rio Omori,2025-2026,2025-12-15,450000,Tokyo Football Club,JAP1,,,,,,,,,True,
661678,Teppei Oka,2025-2026,2025-12-15,450000,Avispa Fukuoka,JAP1,,,,,,,,,True,
662070,Aleksandr Shestyuk,2025-2026,2025-12-08,600000,Fudbalski Klub Radnički Niš,SER1,,,,,,,,,True,
662335,Cristian,2025-2026,2025-12-18,75000,Clube Desportivo Santa Clara,PO1,,,,,,,,,True,
662446,Juan Castillo,2025-2026,2026-03-19,700000,Vitória Sport Clube,PO1,,,,,,,,,True,
662451,José Caicedo,2025-2026,2025-12-29,4000000,Portland Timbers,MLS1,,,,,,,,,True,
662453,Dylan Borrero,2025-2026,2026-03-17,1400000,Fortaleza Esporte Clube,BRA1,,,,,,,,,True,
662458,Andrés Arroyo,2025-2026,2026-03-17,800000,Fortaleza CEIF,COL1,,,,,,,,,True,
662609,Rajmund Molnár,2025-2026,2025-12-08,1200000,Morski Klub Sportowy Pogoń Szczecin,PL1,,,,,,,,,True,
662701,Joao Grimaldo,2025-2026,2025-11-10,700000,"AC Sparta Praha, a. s.",TS1,,,,,,,,,True,
662739,Gonzalo Tapia,2025-2026,2026-03-12,4000000,São Paulo Futebol Clube,BRA1,,,,,,,,,True,
662740,Vicente Pizarro,2025-2026,2026-03-18,3500000,Club Atlético Rosario Central,ARG1,,,,,,,,,True,
662742,Alexander Aravena,2025-2026,2025-12-10,4000000,Portland Timbers,MLS1,,,,,,,,,True,
662746,César Pérez,2025-2026,2025-12-17,3000000,Club Social y Deportivo Defensa y Justicia,ARG1,,,,,,,,,True,
662756,Mariano Bracamonte,2025-2026,2025-12-17,100000,Asociación de Fomento Deportivo Riestra Barrio Colón,ARG1,,,,,,,,,True,
663077,,2025-2026,2025-12-17,3000000,,,,,,,,,,,True,
663093,André Boman,2025-2026,2025-11-19,650000,Halmstads BK,SE1,,,,,,,,,True,
663118,Martín Ortega,2025-2026,2025-12-17,1200000,Club Atlético Tigre,ARG1,,,,,,,,,True,
663186,Juan Patiño,2025-2026,2025-12-18,500000,Once Caldas,COL1,,,,,,,,,True,
663187,Jhon Solís,2025-2026,2025-12-05,100000,Fortaleza CEIF,COL1,,,,,,,,,True,
663257,Sander Sjøkvist,2025-2026,2025-12-15,300000,KFUM-Kameratene Oslo,NO1,,,,,,,,,True,
663290,Raúl Castillo,2025-2026,2025-12-29,1000000,Club de Futbol Puebla de La Franja,MEX1,,,,,,,,,True,
663319,Marino Hinestroza,2025-2026,2025-12-05,4800000,Club de Regatas Vasco da Gama,BRA1,,,,,,,,,True,
663514,Mao Hosoya,2025-2026,2025-12-15,1800000,Hitachi Kashiwa Reysol,JAP1,,,,,,,,,True,
663897,Vinko Rozic,2025-2026,2025-12-22,600000,NK Istra 1961,KR1,,,,,,,,,True,
663899,Franko Kolic,2025-2026,2025-12-22,400000,NK Istra 1961,KR1,,,,,,,,,True,
663961,Tyrick Bodak,2025-2026,2025-12-02,25000,Sportclub Telstar,NL1,,,,,,,,,True,
664349,Leon Hien,2025-2026,2025-11-19,600000,Djurgårdens Idrottsförening,SE1,,,,,,,,,True,
664456,Michal Beran,2025-2026,2025-12-22,2500000,"SK Sigma Olomouc, a.s.",TS1,,,,,,,,,True,
664521,Ole Sæter,2025-2026,2025-12-15,700000,Vålerengens Idrettsforening,NO1,,,,,,,,,True,
664708,Equi Fernández,2025-2026,2026-03-20,22000000,Bayer 04 Leverkusen Fußball,L1,,,,,,,,,True,
665101,Leandro Lozano,2025-2026,2025-12-17,4000000,Asociación Atlética Argentinos Juniors,ARG1,,,,,,,,,True,
665266,Luka Stojkovic,2025-2026,2025-12-22,3000000,GNK Dinamo Zagreb,KR1,,,,,,,,,True,
665275,Mateo Lisica,2025-2026,2025-12-22,1300000,GNK Dinamo Zagreb,KR1,,,,,,,,,True,
665277,Gastón Hernández,2025-2026,2025-12-17,3700000,Club Atlético San Lorenzo de Almagro,ARG1,,,,,,,,,True,
665309,Hernán López Muñoz,2025-2026,2025-12-17,5000000,Asociación Atlética Argentinos Juniors,ARG1,,,,,,,,,True,
665402,Brandon Caicedo,2025-2026,2026-03-17,150000,Atlético Bucaramanga,COL1,,,,,,,,,True,
665525,Jayson Papeau,2025-2026,2025-12-19,450000,Asociația Fotbal Club Unirea 04 Slobozia,RO1,,,,,,,,,True,
665551,Petr Jaron,2025-2026,2025-12-22,200000,FC Baník Ostrava a.s.,TS1,,,,,,,,,True,
665571,Denis Donat,2025-2026,2025-12-22,200000,"FK Mladá Boleslav, a.s.",TS1,,,,,,,,,True,
665582,David Seger,2025-2026,2025-12-08,400000,BK Häcken,SE1,,,,,,,,,True,
666109,Gun-hee Lee,2025-2026,2025-12-16,175000,Gimcheon Sangmu Football Club,RSK1,,,,,,,,,True,
666434,Gabriel Dănuleasă,2025-2026,2025-12-09,100000,F.C.V. Farul Constanța SA,RO1,,,,,,,,,True,
666463,Dan Sîrbu,2025-2026,2025-12-19,650000,F.C.V. Farul Constanța SA,RO1,,,,,,,,,True,
666526,Sturla Ottesen,2025-2026,2025-10-21,300000,Lillestrøm Sportsklubb,NO1,,,,,,,,,True,
666613,Samson Tijani,2025-2026,2026-03-24,375000,FK Dukla Praha a.s.,TS1,,,,,,,,,True,
666632,Jakub Hodek,2025-2026,2025-12-22,175000,FC Hradec Králové a.s.,TS1,,,,,,,,,True,
666821,Bryang Kayo,2025-2026,2025-12-10,350000,Oud-Heverlee Leuven,BE1,,,,,,,,,True,
666929,Sekou Bangoura,2025-2026,2025-12-22,900000,Columbus Crew,MLS1,,,,,,,,,True,
666951,Saidou Alioum,2025-2026,2026-03-30,900000,Idrottsföreningen Kamraterna Göteborg,SE1,,,,,,,,,True,
666971,Souleymane Faye,2025-2026,2026-03-19,4000000,Sporting Clube de Portugal,PO1,,,,,,,,,True,
667157,Elijah Wynder,2025-2026,2025-12-11,500000,Los Angeles Galaxy,MLS1,,,,,,,,,True,
667249,Otto Rosengren,2025-2026,2025-11-19,2500000,Malmö Fotbollförening,SE1,,,,,,,,,True,
667251,Hugo Bolin,2025-2026,2025-11-19,6000000,Borussia Verein für Leibesübungen 1900 Mönchengladbach,L1,,,,,,,,,True,
667375,Juan Antonini,2025-2026,2025-11-26,275000,Asociación Atlética Estudiantes,ARG1,,,,,,,,,True,
667378,Kristian Strømland Lien,2025-2026,2025-12-15,600000,Djurgårdens Idrottsförening,SE1,,,,,,,,,True,
667457,Leon Avdullahu,2025-2026,2026-03-20,25000000,Turn- und Sportgemeinschaft 1899 Hoffenheim Fußball-Spielbetriebs,L1,,,,,,,,,True,
667464,Elias Maluvunu,2025-2026,2025-12-29,300000,Fussballclub Winterthur,C1,,,,,,,,,True,
667497,Zac Williams,2025-2026,2025-12-10,450000,Kilmarnock Football Club,SC1,,,,,,,,,True,
667506,Cameron Congreve,2025-2026,2025-12-10,450000,Dundee Football Club,SC1,,,,,,,,,True,
667516,Joel Cotterill,2025-2026,2025-11-26,150000,Dundee Football Club,SC1,,,,,,,,,True,
667653,Lautaro Petruchi,2025-2026,2025-11-26,175000,Club Atlético Gimnasia y Esgrima de Mendoza,ARG1,,,,,,,,,True,
667869,Johan Karlsson,2025-2026,2025-11-19,500000,Malmö Fotbollförening,SE1,,,,,,,,,True,
667870,Jamie Roche,2025-2026,2025-12-29,4000000,Football Club Lausanne-Sport,C1,,,,,,,,,True,
667974,El Mehdi Maouhoub,2025-2026,2025-12-16,1200000,FK Dinamo Moskva,RU1,,,,,,,,,True,
668167,Samir Chergui,2025-2026,2025-12-15,3000000,Paris Football Club,FR1,,,,,,,,,True,
668228,Matheus Martins,2025-2026,2025-12-10,6000000,S. A. F. Botafogo,BRA1,,,,,,,,,True,
668259,Hamza Abdallah,2025-2026,2025-12-29,400000,Football Club Lausanne-Sport,C1,,,,,,,,,True,
668295,Adam Jagrik,2025-2026,2025-12-22,200000,FK Dukla Praha a.s.,TS1,,,,,,,,,True,
668311,Vladimir Neuman,2025-2026,2026-03-24,250000,MFK Karvina,TS1,,,,,,,,,True,
668323,Jakub Kolar,2025-2026,2025-12-22,275000,FC Trinity Zlin,TS1,,,,,,,,,True,
668487,Juan Robles,2025-2026,2025-12-29,700000,Querétaro Fútbol Club,MEX1,,,,,,,,,True,
668496,Isaías Violante,2025-2026,2026-03-26,5000000,Club de Futbol América S. A. de C. V.,MEX1,,,,,,,,,True,
668512,David Romero,2025-2026,2026-03-18,5000000,Club Atlético Tigre,ARG1,,,,,,,,,True,
668513,Elías Cabrera,2025-2026,2025-12-17,1800000,Club Atlético Tigre,ARG1,,,,,,,,,True,
668514,Agustín Hausch,2025-2026,2025-12-17,250000,Club Social y Deportivo Defensa y Justicia,ARG1,,,,,,,,,True,
668549,Brian Aguirre,2025-2026,2025-12-17,3800000,Club Estudiantes de La Plata,ARG1,,,,,,,,,True,
668550,Luis Sequeira,2025-2026,2026-03-18,700000,Club Sportivo Independiente Rivadavia,ARG1,,,,,,,,,True,
668571,Daniel Kerl,2025-2026,2025-12-22,200000,"AC Sparta Praha, a. s.",TS1,,,,,,,,,True,
668673,Yuan Matsuhashi,2025-2026,2025-12-15,375000,Tokyo Verdy,JAP1,,,,,,,,,True,
668676,Aviel Zargari,2025-2026,2025-12-22,200000,Asociația Fotbal Club Hermannstadt,RO1,,,,,,,,,True,
668684,Konstantinos Lampsias,2025-2026,2025-12-12,50000,Athlitiki Enosi Kifisias,GR1,,,,,,,,,True,
668731,Áki Samuelsen,2025-2026,2026-03-30,700000,Mjällby Almänna Idrottsförening,SE1,,,,,,,,,True,
668941,Sékou Fofana,2025-2026,2025-12-29,800000,Football Club Lausanne-Sport,C1,,,,,,,,,True,
668949,Andreas Troelsen,2025-2026,2025-12-18,650000,Idrottsföreningen  Brommapojkarna,SE1,,,,,,,,,True,
668953,José Herrera,2025-2026,2025-12-10,2500000,Red Bull Bragantino,BRA1,,,,,,,,,True,
669166,Marco Boras,2025-2026,2025-12-22,700000,Wattener Sportgemeinschaft Swarovski Tirol,A1,,,,,,,,,True,
669202,Bongokuhle Hlongwane,2025-2026,2025-12-11,3500000,Minnesota United FC,MLS1,,,,,,,,,True,
669445,Christoffer Styffe,2025-2026,2026-03-30,350000,Örgryte IS,SE1,,,,,,,,,True,
669632,Nikolas Sattlberger,2025-2026,2026-03-13,2500000,Koninklijke Racing Club Genk,BE1,,,,,,,,,True,
669677,Alan Marinelli,2025-2026,2025-12-22,275000,1. FC Slovácko,TS1,,,,,,,,,True,
670021,Matheus Bidu,2025-2026,2026-03-12,6000000,Sport Club Corinthians Paulista,BRA1,,,,,,,,,True,
670061,Santiago Córdoba,2025-2026,2026-03-17,350000,Asociación Deportivo Pasto,COL1,,,,,,,,,True,
670098,Storm Strand-Kolbjørnsen,2025-2026,2025-12-15,100000,Idrettsklubben Start,NO1,,,,,,,,,True,
670105,Alwande Roaldsøy,2025-2026,2025-12-15,1000000,Sparta Rotterdam,NL1,,,,,,,,,True,
670111,Dennis Gjengaar,2025-2026,2025-12-11,1500000,Red Bull New York,MLS1,,,,,,,,,True,
670168,Emeka Eneli,2025-2026,2025-12-11,2500000,Real Salt Lake,MLS1,,,,,,,,,True,
670185,Luis Sánchez,2025-2026,2025-12-29,1000000,Club de Fútbol Monterrey Rayados A.C.,MEX1,,,,,,,,,True,
670201,Lucas Piton,2025-2026,2025-12-10,7000000,Club de Regatas Vasco da Gama,BRA1,,,,,,,,,True,
670566,Augusto Schott,2025-2026,2025-12-17,700000,Club Atlético Talleres,ARG1,,,,,,,,,True,
670800,Mauricio Cuevas,2025-2026,2025-12-11,500000,Los Angeles Galaxy,MLS1,,,,,,,,,True,
670828,Alexandru Pantea,2025-2026,2025-12-19,850000,SC Fotbal Club FCSB SA,RO1,,,,,,,,,True,
670851,Sam Mather,2025-2026,2026-01-29,100000,Kayserispor Kulübü,TR1,,,,,,,,,True,
670880,Jadel Katongo,2025-2026,2026-03-05,400000,Kayserispor Kulübü,TR1,,,,,,,,,True,
670883,Dane Scarlett,2025-2026,2025-12-09,2000000,Hibernian Football Club,SC1,Dane Scarlett,2025-2026,2025-12-09,2000000.0,Tottenham Hotspur Football Club,GB1,0.0,0.0,True,Premier League
670987,Tawanda Maswanhise,2025-2026,2026-03-05,3500000,Motherwell Football Club,SC1,,,,,,,,,True,
671043,Ahmed Al-Ghamdi,2025-2026,2025-12-18,600000,Al-Ittihad Football Club,SA1,,,,,,,,,True,
671101,Ismet Lushaku,2025-2026,2025-11-19,700000,Västerås Sportklubb FK,SE1,,,,,,,,,True,
671106,,2022-2023,2023-01-06,25000,,,,,,,,,,,True,
671107,Yuta Ueda,2025-2026,2025-12-15,50000,JEF United,JAP1,,,,,,,,,True,
671108,Kota Takai,2025-2026,2025-12-09,5000000,Borussia Verein für Leibesübungen 1900 Mönchengladbach,L1,,,,,,,,,True,
671114,Sota Kitano,2025-2026,2025-12-22,4500000,Fußballclub Red Bull Salzburg,A1,,,,,,,,,True,
671115,Rui Osako,2024-2025,2025-06-26,175000,Cerezo Osaka,JAP1,,,,,,,,,True,
671292,Bruno Matias,2025-2026,2025-11-24,600000,Associação Chapecoense de Futebol,BRA1,,,,,,,,,True,
671479,Federico Pereira,2025-2026,2025-12-29,6500000,"Deportivo Toluca Futbol Club, S. A. de C. V.",MEX1,,,,,,,,,True,
671499,David Krcik,2025-2026,2026-03-24,1000000,"FC Viktoria Plzeň, a.s.",TS1,,,,,,,,,True,
671518,Albert Labik,2025-2026,2025-12-22,900000,MFK Karvina,TS1,,,,,,,,,True,
671519,Lukas Masek,2025-2026,2026-03-24,1700000,FC Slovan Liberec,TS1,,,,,,,,,True,
671538,Alfonso Barco,2025-2026,2025-12-22,500000,Hrvatski Nogometni Klub Rijeka,KR1,,,,,,,,,True,
671590,Daouda Guindo,2025-2026,2026-03-27,3000000,Stade brestois 29,FR1,,,,,,,,,True,
671593,Mamady Diambou,2025-2026,2026-03-10,2000000,Fußballclub Red Bull Salzburg,A1,,,,,,,,,True,
671669,Noah Saviolo,2025-2026,2026-03-19,2000000,Vitória Sport Clube,PO1,,,,,,,,,True,
671677,Maksim Kireev,2025-2026,2025-12-10,700000,Yellow-Red Koninklijke Voetbalclub Mechelen,BE1,,,,,,,,,True,
671799,Rui Modesto,2025-2026,2025-12-23,1800000,Udinese Calcio,IT1,Rui Modesto,2025-2026,2025-12-23,1800000.0,Allmänna Idrottsklubben,SE1,0.0,0.0,True,
671806,Valmir Matoshi,2025-2026,2026-03-17,1200000,FC Thun,C1,,,,,,,,,True,
671895,Alejandro Cabrera,2025-2026,2025-11-26,325000,Asociación Atlética Estudiantes,ARG1,,,,,,,,,True,
671951,Gustavo del Prete,2025-2026,2025-12-29,1200000,Club de Futbol Rojinegros S.A. de C.V.,MEX1,,,,,,,,,True,
671959,Fabricio Sanguinetti,2025-2026,2026-03-17,500000,Internacional de Bogotá,COL1,,,,,,,,,True,
672055,Alexandru Ișfan,2025-2026,2026-03-27,750000,Fotbal Club Petrolul Ploiești,RO1,,,,,,,,,True,
672100,Darius Johnson,2023-2024,2024-05-31,275000,Football Club Volendam,NL1,Darius Johnson,2023-2024,2024-05-31,275000.0,San Jose Earthquakes,MLS1,0.0,0.0,True,
672287,Filip Borowski,2025-2026,2025-12-08,150000,Gliwicki Klub Sportowy Piast Spółka Akcyjna,PL1,,,,,,,,,True,
672292,João Lucas,2025-2026,2025-12-10,1500000,Clube do Remo,BRA1,,,,,,,,,True,
672382,Mansor Al-Beshe,2025-2026,2025-12-18,225000,Al-Fayha FC,SA1,,,,,,,,,True,
672388,Radhi Al-Otaibi,2025-2026,2025-12-18,400000,Al-Ettifaq Football Club,SA1,,,,,,,,,True,
672391,Ali Majrashi,2025-2026,2025-12-18,1200000,Al-Ahli Saudi Football Club,SA1,,,,,,,,,True,
672502,Sunusi Ibrahim,2025-2026,2025-12-11,600000,Club de Foot Montréal,MLS1,,,,,,,,,True,
672620,Fuchi Honda,2025-2026,2025-12-15,250000,Kyoto Purple Sanga,JAP1,,,,,,,,,True,
673069,Isak Bjerkebo,2025-2026,2026-03-30,800000,IK Sirius,SE1,,,,,,,,,True,
673426,Veljko Mirosavic,2025-2026,2025-12-11,200000,Fudbalski Klub Novi Pazar,SER1,,,,,,,,,True,
673430,Mateja Bubanj,2025-2026,2026-03-26,700000,Fudbalski klub Napredak Kruševac,SER1,,,,,,,,,True,
673434,Mateja Radonjic,2025-2026,2025-12-11,300000,Fudbalski Klub Radnički Niš,SER1,,,,,,,,,True,
673435,Vojin Serafimovic,2025-2026,2025-12-11,400000,Futebol Clube de Famalicão,PO1,,,,,,,,,True,
673436,Jovan Sljivic,2025-2026,2025-12-11,1000000,Omladinski fudbalski klub Beograd,SER1,,,,,,,,,True,
673450,Jakub Elbel,2025-2026,2026-03-24,700000,"SK Sigma Olomouc, a.s.",TS1,,,,,,,,,True,
673513,Mohamed Belhadj Mahmoud,2025-2026,2026-03-17,2500000,FC Lugano,C1,,,,,,,,,True,
673626,Tucker Lepley,2025-2026,2025-12-11,200000,Los Angeles Galaxy,MLS1,,,,,,,,,True,
673858,Shunta Tanaka,2025-2026,2025-12-15,1200000,Cerezo Osaka,JAP1,,,,,,,,,True,
673933,Yahya Naji,2025-2026,2025-12-18,150000,Damac Football Club,SA1,,,,,,,,,True,
674013,Mohamed Farsi,2025-2026,2025-12-11,2500000,Columbus Crew,MLS1,,,,,,,,,True,
674089,Hayato Okuda,2025-2026,2025-12-15,450000,Cerezo Osaka,JAP1,,,,,,,,,True,
674169,Luka Lijeskic,2025-2026,2025-12-11,500000,FK Radnički 1923 Kragujevac,SER1,,,,,,,,,True,
674288,Herman Haugen,2025-2026,2025-12-15,500000,Viking Fotballklubb,NO1,,,,,,,,,True,
674391,César Ibáñez,2025-2026,2025-12-17,2500000,Club Atlético Huracán,ARG1,,,,,,,,,True,
675178,Isidro Pitta,2025-2026,2025-12-10,7500000,Red Bull Bragantino,BRA1,,,,,,,,,True,
675219,Erik Ansok Frøysa,2025-2026,2025-12-15,150000,Aalesunds Fotballklubb,NO1,,,,,,,,,True,
675285,Ludvig Svanberg,2025-2026,2025-11-19,500000,Mjällby Almänna Idrottsförening,SE1,,,,,,,,,True,
675468,Mauro Méndez,2025-2026,2026-03-18,2000000,Club Atlético Banfield,ARG1,,,,,,,,,True,
675500,Rareș Gal,2025-2026,2025-12-19,50000,Fotbal Club CFR 1907 Cluj SA,RO1,,,,,,,,,True,
675505,Cristian Chira,2025-2026,2025-12-19,50000,SC Oţelul Galaţi,RO1,,,,,,,,,True,
675506,Alin Fică,2025-2026,2026-03-27,1000000,Fotbal Club CFR 1907 Cluj SA,RO1,,,,,,,,,True,
675622,Damienus Reverson,2025-2026,2026-03-17,800000,FC Zürich,C1,,,,,,,,,True,
675657,Joakim Persson,2025-2026,2025-11-19,2500000,IK Sirius,SE1,,,,,,,,,True,
675742,Yuto Yamashita,2025-2026,2025-12-15,600000,Football Club Mito HollyHock,JAP1,,,,,,,,,True,
675801,Melker Jonsson,2025-2026,2025-11-19,350000,Silkeborg Idrætsforening,DK1,,,,,,,,,True,
675823,Patric Åslund,2025-2026,2025-11-19,900000,Djurgårdens Idrottsförening,SE1,,,,,,,,,True,
675844,Adam Carlén,2025-2026,2026-03-11,500000,Excelsior Rotterdam,NL1,,,,,,,,,True,
675857,Indrit Tuci,2025-2026,2026-03-05,700000,Kayserispor Kulübü,TR1,,,,,,,,,True,
675868,Saleh Al-Abbas,2025-2026,2025-12-18,175000,Al-Okhdood Club,SA1,,,,,,,,,True,
675946,Marin Petkov,2025-2026,2025-12-08,3500000,Al-Taawoun Football Club,SA1,,,,,,,,,True,
675981,Stan Henderikx,2025-2026,2025-12-02,450000,Excelsior Rotterdam,NL1,,,,,,,,,True,
676035,Luciano Juba,2025-2026,2025-12-10,11000000,Esporte Clube Bahia,BRA1,,,,,,,,,True,
676115,Héliton,2025-2026,2025-12-17,1000000,Göztepe Sportif Yatırımlar A.Ş.,TR1,,,,,,,,,True,
676266,Mauro Perkovic,2025-2026,2025-12-08,3000000,Klub Sportowy Cracovia Spółka Akcyjna,PL1,,,,,,,,,True,
676363,Min-jun Kim,2025-2026,2025-12-16,300000,Bucheon Football Club 1995,RSK1,,,,,,,,,True,
676411,Dailon Livramento,2025-2026,2025-12-18,800000,Casa Pia Atlético Clube,PO1,,,,,,,,,True,
676476,Taofeek Ismaheel,2025-2026,2025-12-08,1500000,KKS Lech Poznań Spółka Akcyjna,PL1,,,,,,,,,True,
677057,Giorgi Abuashvili,2025-2026,2025-12-15,1200000,Football Club de Metz,FR1,,,,,,,,,True,
677152,Andrei Gorcea,2025-2026,2026-03-27,350000,Asociația Fotbal Club UTA Arad,RO1,,,,,,,,,True,
677278,Ibrahim Adel,2025-2026,2025-11-28,3200000,Fodbold Club Nordsjælland,DK1,,,,,,,,,True,
677329,Je-ho Yu,2025-2026,2025-12-16,200000,Gwangju Football Club,RSK1,,,,,,,,,True,
677469,Hyun-taek Cho,2025-2026,2025-12-16,500000,Ulsan Hyundai Football Club,RSK1,,,,,,,,,True,
677470,Yool Heo,2025-2026,2025-12-16,450000,Ulsan Hyundai Football Club,RSK1,,,,,,,,,True,
677471,Jae-joon An,2025-2026,2025-12-16,225000,Football Club Pohang Steelers,RSK1,,,,,,,,,True,
677477,Jae-min Jung,2025-2026,2025-12-16,175000,Gimcheon Sangmu Football Club,RSK1,,,,,,,,,True,
677509,Jesse Randall,2025-2026,2026-01-13,600000,Auckland Football Club,AUS1,,,,,,,,,True,
677510,Keegan Jelacic,2025-2026,2026-01-13,400000,Melbourne Victory FC,AUS1,,,,,,,,,True,
677512,Talles Magno,2025-2026,2025-12-10,4500000,New York City Football Club,MLS1,,,,,,,,,True,
677706,Juan Sebastián Pedroza,2025-2026,2025-12-18,800000,Al-Okhdood Club,SA1,,,,,,,,,True,
677832,Theodore Ku-DiPietro,2025-2026,2025-12-11,1500000,Colorado Rapids,MLS1,,,,,,,,,True,
677935,Ricky-Jade Jones,2025-2026,2026-03-20,1200000,Fußball-Club St. Pauli von 1910,L1,,,,,,,,,True,
678035,Jay Enem,2025-2026,2026-03-26,2500000,Fudbalski klub Crvena zvezda Beograd,SER1,,,,,,,,,True,
678076,Kyota Tokiwa,2025-2026,2025-12-15,100000,Tokyo Football Club,JAP1,,,,,,,,,True,
678101,Loué Bayere Junior,2025-2026,2025-12-11,500000,Fudbalski Klub Javor Matis Ivanjica,SER1,,,,,,,,,True,
678360,Marius Andresen,2025-2026,2025-12-15,300000,Aalesunds Fotballklubb,NO1,,,,,,,,,True,
678439,Mauricio,2025-2026,2026-03-12,14000000,Sociedade Esportiva Palmeiras,BRA1,,,,,,,,,True,
678655,Philip Otele,2025-2026,2025-12-29,5000000,Hamburger Sport Verein,L1,,,,,,,,,True,
679113,Yuta Matsumura,2025-2026,2025-12-15,750000,Kashima Antlers FC,JAP1,,,,,,,,,True,
679709,Steve Kapuadi,2025-2026,2026-03-26,2500000,Widzew Łódź Spółka Akcyjna,PL1,,,,,,,,,True,
679754,Niklas Pyyhtiä,2023-2024,2024-06-03,1200000,,,Niklas Pyyhtiä,2023-2024,2024-06-03,1200000.0,Bologna Football Club 1909,IT1,0.0,0.0,True,Serie A
679865,Dominic Vincze,2025-2026,2025-12-22,800000,Turn- und Sportverein Egger Glas Hartberg,A1,,,,,,,,,True,
679904,Tsuyoshi Ogashiwa,2025-2026,2025-12-15,375000,Tokyo Football Club,JAP1,,,,,,,,,True,
679907,Hidehiro Sugai,2025-2026,2025-12-15,750000,Kyoto Purple Sanga,JAP1,,,,,,,,,True,
680075,Goki Yamada,2025-2026,2025-12-15,200000,Tokyo Verdy,JAP1,,,,,,,,,True,
680170,Ramzi Solan,2025-2026,2025-12-18,250000,Damac Football Club,SA1,,,,,,,,,True,
680506,José Andrés Hurtado,2025-2026,2025-12-10,3000000,Red Bull Bragantino,BRA1,,,,,,,,,True,
680681,Negueba,2025-2026,2025-12-10,3000000,Mirasol Futebol Clube,BRA1,,,,,,,,,True,
681494,,2025-2026,2025-11-24,600000,,,,,,,,,,,True,
681679,Kazuki Fujimoto,2025-2026,2025-12-15,550000,Avispa Fukuoka,JAP1,,,,,,,,,True,
681692,Léo Borges,2025-2026,2026-03-26,1200000,Morski Klub Sportowy Pogoń Szczecin,PL1,,,,,,,,,True,
681814,Allan Godói,2025-2026,2025-12-17,100000,Göztepe Sportif Yatırımlar A.Ş.,TR1,,,,,,,,,True,
681947,Kento Tachibanada,2025-2026,2025-12-15,1200000,Kawasaki Frontale,JAP1,,,,,,,,,True,
681948,Zain Issaka,2025-2026,2025-12-15,600000,JEF United,JAP1,,,,,,,,,True,
681954,Shimon Teranuma,2025-2026,2025-12-15,175000,Tokyo Verdy,JAP1,,,,,,,,,True,
682015,Vladimir Savic,2025-2026,2025-12-11,300000,Fudbalski klub Napredak Kruševac,SER1,,,,,,,,,True,
682321,Kristers Penkevics,2025-2026,2025-11-10,225000,FC Trinity Zlin,TS1,,,,,,,,,True,
682568,Cedric Hatenboer,2025-2026,2025-12-10,1000000,Sportclub Telstar,NL1,,,,,,,,,True,
682719,Simão Rocha,2025-2026,2025-12-19,1000000,Fotbal Club CFR 1907 Cluj SA,RO1,,,,,,,,,True,
682933,Morris Duggan,2025-2026,2025-12-11,800000,Minnesota United FC,MLS1,,,,,,,,,True,
683014,Itsuki Someno,2025-2026,2025-12-15,800000,Tokyo Verdy,JAP1,,,,,,,,,True,
683268,Yota Sato,2025-2026,2025-12-15,650000,Nagoya Grampus Eight,JAP1,,,,,,,,,True,
683270,Hotaka Nakamura,2025-2026,2025-12-15,125000,Zelvia,JAP1,,,,,,,,,True,
683271,Tomoki Hayakawa,2025-2026,2025-12-15,1500000,Kashima Antlers FC,JAP1,,,,,,,,,True,
683321,Haruto Usui,2025-2026,2025-12-15,25000,JEF United,JAP1,,,,,,,,,True,
683324,Asahi Sasaki,2025-2026,2025-12-15,1000000,Kawasaki Frontale,JAP1,,,,,,,,,True,
683325,Taichi Kikuchi,2025-2026,2025-12-15,325000,Nagoya Grampus Eight,JAP1,,,,,,,,,True,
683327,Makoto Mitsuta,2025-2026,2025-12-15,1000000,Gamba Osaka,JAP1,,,,,,,,,True,
683328,Yuta Miyamoto,2025-2026,2025-12-15,750000,Urawa Red Diamonds,JAP1,,,,,,,,,True,
683331,Kyo Sato,2025-2026,2025-12-15,750000,Kyoto Purple Sanga,JAP1,,,,,,,,,True,
683517,Ryo Nemoto,2025-2026,2025-12-15,150000,Football Club Mito HollyHock,JAP1,,,,,,,,,True,
683545,Wojciech Kamiński,2025-2026,2025-12-08,250000,Miejski Klub Sportowy Korona Kielce Spółka Akcyjna,PL1,,,,,,,,,True,
683549,Yoshiki Torikai,2025-2026,2025-12-15,700000,Football Club Mito HollyHock,JAP1,,,,,,,,,True,
683554,Yuki Hayasaka,2025-2026,2025-12-15,200000,Kawasaki Frontale,JAP1,,,,,,,,,True,
683625,Jacen Russell-Rowe,2025-2026,2025-12-11,3500000,Toulouse Football Club,FR1,,,,,,,,,True,
684058,Tomoya Miki,2025-2026,2025-12-15,1200000,Avispa Fukuoka,JAP1,,,,,,,,,True,
684316,,2025-2026,2025-12-08,50000,,,,,,,,,,,True,
684606,Levin Winkler,2025-2026,2025-12-29,700000,FC Luzern,C1,,,,,,,,,True,
684880,Tomoaki Okubo,2025-2026,2025-12-15,550000,Hitachi Kashiwa Reysol,JAP1,,,,,,,,,True,
685011,Masahiro Sekiguchi,2025-2026,2025-12-15,500000,V-Varen Nagasaki,JAP1,,,,,,,,,True,
685036,Motoki Hasegawa,2025-2026,2025-12-15,1000000,V-Varen Nagasaki,JAP1,,,,,,,,,True,
685064,Kaito Ioka,2025-2026,2025-12-15,25000,V-Varen Nagasaki,JAP1,,,,,,,,,True,
685179,Mateo Coronel,2025-2026,2025-12-29,2500000,Querétaro Fútbol Club,MEX1,,,,,,,,,True,
685375,Kai Cipot,2025-2026,2025-12-18,700000,NK Veres Rivne,UKR1,,,,,,,,,True,
685445,Bartłomiej Smolarczyk,2025-2026,2025-12-08,650000,Miejski Klub Sportowy Korona Kielce Spółka Akcyjna,PL1,,,,,,,,,True,
685526,Shoji Toyama,2025-2026,2025-12-15,250000,Gamba Osaka,JAP1,,,,,,,,,True,
685795,Marius Ștefănescu,2025-2026,2026-03-05,700000,Konyaspor,TR1,,,,,,,,,True,
685805,João Gonçalves,2025-2026,2025-12-18,700000,Boavista FC,PO1,João Gonçalves,2025-2026,2025-12-18,700000.0,U Craiova 1948 Club Sportiv SA,RO1,0.0,0.0,True,
686005,Jonas Lange Hjorth,2025-2026,2025-12-15,350000,KFUM-Kameratene Oslo,NO1,,,,,,,,,True,
686019,Abdulrahman Al-Safari,2025-2026,2025-12-18,175000,Al-Kholood Club,SA1,,,,,,,,,True,
686225,Marko Konatar,2025-2026,2025-12-11,400000,Železničar Pančevo,SER1,,,,,,,,,True,
686232,Ștefan Baiaram,2025-2026,2025-12-19,4500000,U Craiova 1948 Club Sportiv SA,RO1,,,,,,,,,True,
686441,Ryuma Nakano,2025-2026,2025-12-15,125000,Kyoto Purple Sanga,JAP1,,,,,,,,,True,
686444,Víctor Guzmán,2025-2026,2025-12-29,5000000,Club de Fútbol Monterrey Rayados A.C.,MEX1,,,,,,,,,True,
686445,Luis Gabriel Rey,2025-2026,2025-12-29,1200000,Club de Futbol Puebla de La Franja,MEX1,,,,,,,,,True,
686447,Jair González,2025-2026,2025-12-29,350000,Club Santos Laguna S. A. de C. V.,MEX1,,,,,,,,,True,
686449,Emilio Lara,2025-2026,2026-03-26,2500000,Impulsora del Deportivo Necaxa S.A. de C.V.,MEX1,,,,,,,,,True,
686462,Jakob Tranziska,2025-2026,2025-12-23,175000,Football Club Pohang Steelers,RSK1,,,,,,,,,True,
686597,Calegari,2025-2026,2026-03-05,2500000,Eyüp Spor Kulübü,TR1,,,,,,,,,True,
686602,Djordje Jovanovic,2025-2026,2025-12-11,700000,Fudbalski klub Radnik Surdulica,SER1,,,,,,,,,True,
686680,Ensar Bruncevic,2025-2026,2025-12-11,200000,Fudbalski Klub Novi Pazar,SER1,,,,,,,,,True,
686717,Denis Pintol,2025-2026,2025-12-10,100000,HNK Vukovar 1991,KR1,,,,,,,,,True,
686718,Johan Beltrán,2025-2026,2025-12-05,250000,Once Caldas,COL1,,,,,,,,,True,
686806,Sampson Dweh,2025-2026,2026-03-24,5000000,"FC Viktoria Plzeň, a.s.",TS1,,,,,,,,,True,
687241,Altin Shala,2025-2026,2025-12-29,150000,FC Sion,C1,,,,,,,,,True,
687347,Emerson Deocleciano,2025-2026,2025-12-15,700000,V-Varen Nagasaki,JAP1,,,,,,,,,True,
687354,Eduardo Zapata,2025-2026,2025-10-21,100000,Envigado FC,COL1,,,,,,,,,True,
687359,Rômulo,2025-2026,2025-12-29,5000000,Club Tigres UANL Sinergia Deportiva S.A. de C.V.,MEX1,,,,,,,,,True,
687361,Welinton Torrão,2025-2026,2025-11-24,350000,Clube Desportivo Santa Clara,PO1,,,,,,,,,True,
687558,Israel Reyes,2025-2026,2025-12-29,5000000,Club de Futbol América S. A. de C. V.,MEX1,,,,,,,,,True,
687559,Rivaldo Lozano,2025-2026,2025-12-29,1500000,Club de Futbol Rojinegros S.A. de C.V.,MEX1,,,,,,,,,True,
687622,Elliot Stroud,2025-2026,2025-11-19,3000000,Mjällby Almänna Idrottsförening,SE1,,,,,,,,,True,
687671,Dominik Piła,2025-2026,2025-12-08,500000,Klub Sportowy Cracovia Spółka Akcyjna,PL1,,,,,,,,,True,
687674,Alejandro Moralez,2025-2026,2026-03-17,350000,Llaneros FC,COL1,,,,,,,,,True,
687970,,2024-2025,2025-06-26,125000,,,,,,,,,,,True,
688042,Markus Karlsson,2025-2026,2025-11-19,4500000,Hammarby IF,SE1,,,,,,,,,True,
688207,Nazareno Colombo,2025-2026,2025-12-17,3500000,Racing Club Asociación Civil de Avellaneda,ARG1,,,,,,,,,True,
688604,Antonio Spagnoli,2025-2026,2025-12-29,100000,Fussballclub Winterthur,C1,,,,,,,,,True,
688605,Tim Pfeiffer,2025-2026,2025-12-29,100000,FC Basel 1893 AG,C1,,,,,,,,,True,
688614,Noah Streit,2025-2026,2025-12-29,300000,Club de Foot Montréal,MLS1,,,,,,,,,True,
688668,Lucas Esteves,2025-2026,2025-12-10,1800000,Club Atlético de San Luis,MEX1,,,,,,,,,True,
688684,Ronald,2025-2026,2025-12-10,700000,Esporte Clube Vitória,BRA1,,,,,,,,,True,
688739,Luke Pruter,2025-2026,2025-11-25,25000,Columbus Crew,MLS1,,,,,,,,,True,
688778,Lucas González,2025-2026,2025-12-17,1500000,Club Atlético Central Córdoba,ARG1,,,,,,,,,True,
689017,Ferreirinha,2025-2026,2026-03-12,5000000,São Paulo Futebol Clube,BRA1,,,,,,,,,True,
689052,Gastón González,2025-2026,2025-12-17,1000000,Club Atlético Sarmiento,ARG1,,,,,,,,,True,
689080,Omar Bully,2025-2026,2025-12-15,200000,Vålerengens Idrettsforening,NO1,,,,,,,,,True,
689207,Gasper Tratnik,2025-2026,2025-12-08,250000,Motor Lublin Spółka Akcyjna,PL1,,,,,,,,,True,
689211,Juan Nardoni,2025-2026,2025-12-17,10000000,Grêmio Foot-Ball Porto Alegrense,BRA1,,,,,,,,,True,
689230,Lucas Abascia,2025-2026,2025-12-17,1700000,Querétaro Fútbol Club,MEX1,,,,,,,,,True,
689268,Garrison Tubbs,2025-2026,2025-11-25,200000,D.C. United,MLS1,,,,,,,,,True,
689271,Ziad El Sheiwi,2025-2026,2025-12-22,150000,Fußballklub Austria Wien,A1,,,,,,,,,True,
689837,Luis Gutiérrez,2025-2026,2025-12-29,350000,Querétaro Fútbol Club,MEX1,,,,,,,,,True,
690024,Aldo López,2025-2026,2026-03-26,1500000,Club Santos Laguna S. A. de C. V.,MEX1,,,,,,,,,True,
690124,Daniel Rivas,2025-2026,2025-12-18,500000,AVS Futebol SAD,PO1,,,,,,,,,True,
690469,Amaury García,2025-2026,2025-12-29,700000,Club de Fútbol Cruz Azul S.A. de C.V.,MEX1,,,,,,,,,True,
690533,César Araújo,2025-2026,2025-12-11,3500000,Club Tigres UANL Sinergia Deportiva S.A. de C.V.,MEX1,,,,,,,,,True,
690681,José Raúl Zúñiga,2025-2026,2025-12-29,2200000,Club de Futbol América S. A. de C. V.,MEX1,,,,,,,,,True,
690718,Bruno Sepúlveda,2025-2026,2025-12-17,300000,Club Atlético Banfield,ARG1,,,,,,,,,True,
690727,Rodrigo Auzmendi,2025-2026,2025-12-17,2000000,Club Atlético San Lorenzo de Almagro,ARG1,,,,,,,,,True,
690743,Jasper Silva Torkildsen,2025-2026,2025-12-15,300000,Idrettsklubben Start,NO1,,,,,,,,,True,
691075,Jesús Garza,2025-2026,2025-12-29,2500000,Club Tigres UANL Sinergia Deportiva S.A. de C.V.,MEX1,,,,,,,,,True,
691325,Jordan Courtney-Perkins,2025-2026,2026-01-13,350000,Sydney Football Club,AUS1,,,,,,,,,True,
691326,Kai Trewin,2025-2026,2026-01-13,1000000,New York City Football Club,MLS1,,,,,,,,,True,
691356,Selmin Hodza,2025-2026,2025-12-29,100000,FC Zürich,C1,,,,,,,,,True,
691811,Dudu,2025-2026,2026-03-12,600000,Esporte Clube Vitória,BRA1,,,,,,,,,True,
691906,Bento,2025-2026,2025-12-18,9000000,Al-Nassr Football Club,SA1,,,,,,,,,True,
691958,Noah Cadiou,2025-2026,2026-03-27,2500000,Football Club Lorient-Bretagne Sud,FR1,,,,,,,,,True,
692187,Daniel Denoon,2025-2026,2025-12-23,500000,Pisa Sporting Club,IT1,,,,,,,,,True,
692320,Trent Ostler,2025-2026,2026-01-13,300000,Perth Glory Football Club,AUS1,,,,,,,,,True,
692321,Gabriel Popovic,2025-2026,2026-01-13,50000,Perth Glory Football Club,AUS1,,,,,,,,,True,
692368,Younes Ebnoutalib,2025-2026,2026-03-20,8000000,Eintracht Frankfurt Fußball AG,L1,,,,,,,,,True,
692440,Al Hassan Touré,2025-2026,2026-01-13,500000,Sydney Football Club,AUS1,,,,,,,,,True,
692474,Zeteny Jano,2025-2026,2025-12-22,450000,Grazer Athletiksport Klub 1902,A1,,,,,,,,,True,
692598,Furkan Demir,2025-2026,2025-12-22,1000000,Sportklub Rapid,A1,,,,,,,,,True,
692605,,2025-2026,2025-12-22,200000,,,,,,,,,,,True,
692609,Imam Jagne,2025-2026,2025-11-07,450000,Idrottsföreningen Kamraterna Göteborg,SE1,,,,,,,,,True,
692612,Agustín Rodríguez,2025-2026,2025-12-18,1500000,Club de Futbol Rojinegros S.A. de C.V.,MEX1,,,,,,,,,True,
692755,Jonas Karner,2025-2026,2025-12-22,125000,Turn- und Sportverein Egger Glas Hartberg,A1,,,,,,,,,True,
692756,Peter Kiedl,2025-2026,2025-12-22,400000,Sportvereinigung Ried 1912,A1,,,,,,,,,True,
692807,Ivan Gutesa,2025-2026,2025-12-11,1000000,Fudbalski klub Crvena zvezda Beograd,SER1,,,,,,,,,True,
693037,Ayumu Ohata,2025-2026,2025-12-15,400000,Cerezo Osaka,JAP1,,,,,,,,,True,
693092,Belmin Beganovic,2025-2026,2026-03-10,1000000,Sportklub Puntigamer Sturm Graz,A1,,,,,,,,,True,
693101,Jonas Mayer,2025-2026,2025-12-22,800000,Sportvereinigung Ried 1912,A1,,,,,,,,,True,
693357,Hugo Vandermersch,2025-2026,2025-12-29,1000000,FC St. Gallen 1879,C1,,,,,,,,,True,
694156,Raúl Martínez,2025-2026,2025-12-29,800000,Impulsora del Deportivo Necaxa S.A. de C.V.,MEX1,,,,,,,,,True,
694157,Diego Abreu,2025-2026,2026-03-26,2000000,Club Tijuana Xoloitzcuintles de Caliente,MEX1,,,,,,,,,True,
694158,Jonathan Pérez,2025-2026,2025-12-11,800000,Nashville SC,MLS1,,,,,,,,,True,
694428,Kacper Łukasiak,2025-2026,2026-03-26,250000,GKS GieKSa Katowice Spółka Akcyjna,PL1,,,,,,,,,True,
694512,Hisham Layous,2025-2026,2025-12-12,600000,Karpaty Lviv (-2021),UKR1,Hisham Layous,2022-2023,2023-05-29,700000.0,APO Levadiakos Football Club,GR1,100000.0,0.16666666666666666,True,
694561,Valentin Oelz,2025-2026,2025-12-22,100000,Fußballclub Blau-Weiß Linz,A1,,,,,,,,,True,
694598,Damjan Kovacevic,2025-2026,2026-03-10,500000,Turn- und Sportverein Egger Glas Hartberg,A1,,,,,,,,,True,
694606,Thiago Andrade,2025-2026,2025-12-15,1000000,Cerezo Osaka,JAP1,,,,,,,,,True,
694949,,2025-2026,2025-12-15,200000,,,,,,,,,,,True,
695671,Ryo Tabei,2025-2026,2025-12-15,550000,Fagiano Okayama Sports Club,JAP1,,,,,,,,,True,
696142,David Kubatta,2025-2026,2025-12-22,500000,Wattener Sportgemeinschaft Swarovski Tirol,A1,,,,,,,,,True,
696246,Patrik Mijic,2025-2026,2025-12-22,500000,Athlitiki Enosi Kifisias,GR1,,,,,,,,,True,
696361,Luka Subotic,2025-2026,2025-12-11,800000,Fudbalski Klub Spartak Ždrepčeva krv,SER1,,,,,,,,,True,
696362,Uros Lazic,2025-2026,2025-12-11,400000,Omladinski fudbalski klub Beograd,SER1,,,,,,,,,True,
696363,Vladimir Miletic,2025-2026,2025-12-11,500000,Fudbalski klub Napredak Kruševac,SER1,,,,,,,,,True,
696504,Pedro Rosas,2025-2026,2025-12-22,450000,Casa Pia Atlético Clube,PO1,,,,,,,,,True,
696604,Airton Moisés,2025-2026,2025-11-24,300000,Football Club Anyang,RSK1,,,,,,,,,True,
696719,Gastón Benavídez,2025-2026,2026-03-12,2500000,Clube Atlético Paranaense,BRA1,,,,,,,,,True,
696728,Rodrigo Sayavedra,2025-2026,2025-12-17,50000,Asociación de Fomento Deportivo Riestra Barrio Colón,ARG1,,,,,,,,,True,
696729,José María Ingratti,2022-2023,2022-12-16,75000,Asociación de Fomento Deportivo Riestra Barrio Colón,ARG1,,,,,,,,,True,
696730,Martín Garay,2025-2026,2025-12-17,900000,Club Atlético Tigre,ARG1,,,,,,,,,True,
696764,Abu Kamara,2025-2026,2026-03-16,3000000,Getafe Club de Fútbol S. A. D. Team Dubai,ES1,,,,,,,,,True,
697030,Jovan Ilic,2025-2026,2025-12-11,500000,Fudbalski klub Napredak Kruševac,SER1,,,,,,,,,True,
697041,Nahuel Banegas,2025-2026,2025-12-17,1000000,Club Atlético Tigre,ARG1,,,,,,,,,True,
697045,Nicolás Watson,2025-2026,2025-12-17,300000,Asociación de Fomento Deportivo Riestra Barrio Colón,ARG1,,,,,,,,,True,
697056,Valentín Depietri,2025-2026,2025-12-17,700000,Club Atlético Talleres,ARG1,,,,,,,,,True,
697065,Santiago Longo,2025-2026,2026-03-18,2500000,Club Atlético Belgrano,ARG1,,,,,,,,,True,
697080,Mihael Mlinaric,2025-2026,2026-03-26,450000,Zagłębie Lubin Spółka Akcyjna,PL1,,,,,,,,,True,
697144,Burak İnce,2025-2026,2025-12-18,350000,Slask Wroclaw,PL1,Burak İnce,2022-2023,2023-06-28,500000.0,Al-Okhdood Club,SA1,150000.0,0.42857142857142855,True,
697351,Lazar Stojanovic,2025-2026,2025-12-11,50000,Fudbalski klub Radnik Surdulica,SER1,,,,,,,,,True,
697402,Carlos Arce,2025-2026,2025-11-26,25000,Club Atlético Barracas Central,ARG1,,,,,,,,,True,
697405,Iván Tapia,2025-2026,2025-12-17,1200000,Club Atlético Barracas Central,ARG1,,,,,,,,,True,
697437,Bartłomiej Kłudka,2025-2026,2026-03-26,350000,Klub Sportowy Lechia Gdańsk,PL1,,,,,,,,,True,
697468,Mariusz Fornalczyk,2025-2026,2026-03-26,900000,Widzew Łódź Spółka Akcyjna,PL1,,,,,,,,,True,
697511,Ante Suto,2025-2026,2026-03-05,700000,Hibernian Football Club,SC1,,,,,,,,,True,
697520,Santos,2025-2026,2026-01-13,450000,Melbourne Victory FC,AUS1,,,,,,,,,True,
697842,Nikola Glisic,2025-2026,2025-12-11,800000,Fudbalski Klub IMT Novi Beograd,SER1,,,,,,,,,True,
697845,Claudinho,2025-2026,2025-12-10,1700000,Esporte Clube Vitória,BRA1,,,,,,,,,True,
697846,Nikola Djuricic,2025-2026,2025-12-11,750000,Železničar Pančevo,SER1,,,,,,,,,True,
697880,Jakub Burek,2025-2026,2025-12-08,100000,Wisła Płock Spółka Akcyjna,PL1,,,,,,,,,True,
697898,Vieiri Kotzebue,2025-2026,2025-12-16,175000,Fudbalski Klub Novi Pazar,SER1,,,,,,,,,True,
698323,Oscar Salomón,2025-2026,2026-03-18,2000000,Club Atlético Newell’s Old Boys,ARG1,,,,,,,,,True,
698536,Viktor Radojević,2025-2026,2025-12-11,1500000,Chicago Fire Soccer Club,MLS1,,,,,,,,,True,
698537,Vukasin Djurdjevic,2025-2026,2025-12-11,800000,Fudbalski Klub Partizan Beograd,SER1,,,,,,,,,True,
698539,Mateja Stjepanović,2025-2026,2026-03-19,3000000,Moreirense Futebol Clube,PO1,,,,,,,,,True,
698540,Matija Gluscevic,2025-2026,2025-12-18,800000,Al-Ettifaq Football Club,SA1,,,,,,,,,True,
698542,Mihajlo Petkovic,2025-2026,2025-12-11,1500000,Fudbalski Klub Novi Pazar,SER1,,,,,,,,,True,
698544,Marko Velickovic,2025-2026,2026-03-26,700000,Fudbalski Klub Vojvodina,SER1,,,,,,,,,True,
698550,Lazar Kalicanin,2025-2026,2025-12-11,700000,Fudbalski klub Čukarički Beograd,SER1,,,,,,,,,True,
698551,Agustín Lagos,2025-2026,2025-12-17,500000,Club Atlético Platense,ARG1,,,,,,,,,True,
698597,Luka Drobnjak,2025-2026,2026-03-26,1200000,Fudbalski klub Napredak Kruševac,SER1,,,,,,,,,True,
698784,Doma,2025-2026,2026-03-12,900000,Associação Chapecoense de Futebol,BRA1,,,,,,,,,True,
698812,Ahmad Ghali,2025-2026,2025-12-22,1300000,"SK Sigma Olomouc, a.s.",TS1,,,,,,,,,True,
698880,Jannik Wanner,2025-2026,2025-12-10,200000,Livingston Football Club,SC1,,,,,,,,,True,
698902,Filip Backulja,2025-2026,2025-12-11,350000,Fudbalski Klub Novi Pazar,SER1,,,,,,,,,True,
698931,Nikita Karabashev,2025-2026,2025-12-16,150000,Dinamo Makhachkala,RU1,,,,,,,,,True,
698969,Max Williamsen,2025-2026,2025-12-15,450000,Kristiansund Ballklubb,NO1,,,,,,,,,True,
699208,Jovan Lukić,2025-2026,2025-12-11,2500000,Philadelphia Union,MLS1,,,,,,,,,True,
699227,Dragan Cubra,2025-2026,2025-12-11,200000,Fudbalski klub Napredak Kruševac,SER1,,,,,,,,,True,
699400,Xavier Dziekoński,2025-2026,2026-03-26,2000000,Miejski Klub Sportowy Korona Kielce Spółka Akcyjna,PL1,,,,,,,,,True,
699488,Dominik Marczuk,2025-2026,2025-12-11,1500000,Real Salt Lake,MLS1,,,,,,,,,True,
699501,Clau Mendes,2025-2026,2025-12-18,100000,Casa Pia Atlético Clube,PO1,,,,,,,,,True,
699585,Kacper Sezonienko,2025-2026,2026-03-26,900000,Klub Sportowy Lechia Gdańsk,PL1,,,,,,,,,True,
699679,Bernardo Schappo,2025-2026,2025-12-18,750000,Club Football Estrela da Amadora,PO1,,,,,,,,,True,
699688,Franco Pulicastro,2025-2026,2026-03-17,50000,Fortaleza CEIF,COL1,,,,,,,,,True,
699689,Lucas Souto,2025-2026,2025-12-17,375000,Club Social y Deportivo Defensa y Justicia,ARG1,,,,,,,,,True,
699797,Ramón Juárez,2025-2026,2026-03-26,5000000,Club de Futbol América S. A. de C. V.,MEX1,,,,,,,,,True,
699886,Marco Iacobellis,2025-2026,2025-12-17,200000,Club Atlético Central Córdoba,ARG1,,,,,,,,,True,
700003,Yannick Vötter,2025-2026,2025-12-22,250000,Wattener Sportgemeinschaft Swarovski Tirol,A1,,,,,,,,,True,
700053,Edoardo Iannoni,2025-2026,2025-12-23,800000,Unione Sportiva Sassuolo Calcio,IT1,,,,,,,,,True,
700479,Roméo Beney,2025-2026,2025-12-18,1500000,Futebol Clube de Famalicão,PO1,,,,,,,,,True,
700503,Santiago Naveda,2025-2026,2025-12-29,800000,Club de Futbol América S. A. de C. V.,MEX1,,,,,,,,,True,
700673,Claus Niyukuri,2025-2026,2025-12-15,400000,Sarpsborg 08 Fotballforening,NO1,,,,,,,,,True,
700755,Marat Bokoev,2025-2026,2025-12-16,1000000,Akron Togliatti,RU1,,,,,,,,,True,
701043,Leon Nozawa,2025-2026,2025-12-15,250000,Tokyo Football Club,JAP1,,,,,,,,,True,
701114,William Madsen,2025-2026,2025-12-15,500000,Fodbold Club Fredericia,DK1,,,,,,,,,True,
701224,Abdullah Iqbal,2025-2026,2026-03-30,2200000,Mjällby Almänna Idrottsförening,SE1,,,,,,,,,True,
701226,Yousef Salech,2023-2024,2024-06-13,1800000,Brøndby Idrætsforening,DK1,Yousef Salech,2023-2024,2024-06-13,1800000.0,IK Sirius,SE1,0.0,0.0,True,
701491,Juan Barinaga,2025-2026,2025-12-17,3500000,Club Atlético Boca Juniors,ARG1,,,,,,,,,True,
702149,Idar Shumakhov,2025-2026,2025-12-16,1000000,Dinamo Makhachkala,RU1,,,,,,,,,True,
702259,Facundo Suárez,2025-2026,2025-12-17,500000,Instituto Atlético Central Córdoba,ARG1,,,,,,,,,True,
702317,Karel Pojezny,2025-2026,2026-03-24,600000,FC Baník Ostrava a.s.,TS1,,,,,,,,,True,
702419,Dragan Kokanovic,2025-2026,2025-12-11,600000,Fudbalski Klub Vojvodina,SER1,,,,,,,,,True,
702481,David Stojanovic,2025-2026,2025-12-11,350000,Fudbalski klub Radnik Surdulica,SER1,,,,,,,,,True,
702487,Stefan Stanisavljevic,2025-2026,2025-12-11,700000,Fudbalski Klub Novi Pazar,SER1,,,,,,,,,True,
702561,Roman Didyk,2025-2026,2026-03-23,1000000,FC Rukh Lviv,UKR1,Roman Didyk,2025-2026,2025-12-18,800000.0,LNZ Cherkasy,UKR1,-200000.0,-0.2,True,
702692,Dawid Bugaj,2025-2026,2025-12-11,400000,Club de Foot Montréal,MLS1,,,,,,,,,True,
702785,Ousmane Diawara,2025-2026,2025-12-22,700000,Sportclub Rheindorf Altach,A1,,,,,,,,,True,
702798,Asahi Uenaka,2025-2026,2025-12-15,750000,Gamba Osaka,JAP1,,,,,,,,,True,
703321,Gabriel Pec,2025-2026,2025-12-11,7000000,Los Angeles Galaxy,MLS1,,,,,,,,,True,
703322,Bruno Gomes,2025-2026,2025-12-10,5000000,Sport Club Internacional,BRA1,,,,,,,,,True,
703324,Figueiredo,2025-2026,2025-12-18,1000000,Futebol Clube de Alverca,PO1,,,,,,,,,True,
703460,Dor Turgeman,2025-2026,2025-12-11,4500000,New England Revolution,MLS1,,,,,,,,,True,
703624,Michael Ruhs,2025-2026,2026-01-13,250000,Brisbane Roar FC,AUS1,,,,,,,,,True,
703638,,2025-2026,2026-01-18,150000,,,,,,,,,,,True,
703655,Noah Botic,2025-2026,2025-12-22,700000,Fußballklub Austria Wien,A1,,,,,,,,,True,
703657,Zachary Sapsford,2025-2026,2025-12-10,700000,Dundee United Football Club,SC1,,,,,,,,,True,
703658,Joshua Rawlins,2025-2026,2026-01-13,350000,Melbourne Victory FC,AUS1,,,,,,,,,True,
703660,Luke Duzel,2025-2026,2026-01-13,350000,Adelaide United Football Club,AUS1,,,,,,,,,True,
703710,Charles Petro,2025-2026,2025-12-19,800000,Asociația Fotbal Club Botoșani,RO1,,,,,,,,,True,
704072,Abdallah Hleihel,2025-2026,2025-12-19,125000,Gangwon Football Club,RSK1,,,,,,,,,True,
704155,Andréas Hountondji,2025-2026,2025-12-19,5000000,Fußball-Club St. Pauli von 1910,L1,,,,,,,,,True,
704156,Nicholas Gioacchini,2025-2026,2026-03-06,700000,A.G.S Asteras Tripolis,GR1,Nicholas Gioacchini,2025-2026,2025-12-12,800000.0,Calcio Como,IT1,100000.0,0.14285714285714285,True,Serie A
704499,Nicksoen Gomis,2025-2026,2025-12-11,500000,Toronto FC,MLS1,,,,,,,,,True,
704554,Santiago Muñóz,2025-2026,2026-03-26,1500000,Club Atlético de San Luis,MEX1,,,,,,,,,True,
704555,Israel Luna,2025-2026,2025-12-29,800000,Promotora del Club Pachuca S. A. de C. V.,MEX1,,,,,,,,,True,
704556,Bryan González,2025-2026,2026-03-26,6000000,Club Deportivo Guadalajara S. A. de C. V.,MEX1,,,,,,,,,True,
704557,Alí Ávila,2025-2026,2026-03-26,1800000,Querétaro Fútbol Club,MEX1,,,,,,,,,True,
704558,Fabinho,2025-2026,2025-11-24,1000000,Coritiba Foot Ball Club,BRA1,,,,,,,,,True,
704593,Galymzhan Kenzhebek,2025-2026,2025-11-06,600000,RFK Akhmat Grozny,RU1,,,,,,,,,True,
704868,Pedro Pedraza,2025-2026,2025-12-29,3000000,Promotora del Club Pachuca S. A. de C. V.,MEX1,,,,,,,,,True,
704970,Igor Drapiński,2025-2026,2026-03-26,1500000,Gliwicki Klub Sportowy Piast Spółka Akcyjna,PL1,,,,,,,,,True,
705016,Finn van Breemen,2025-2026,2026-03-17,2000000,FC Basel 1893 AG,C1,,,,,,,,,True,
705395,Gerard Martín,2025-2026,2026-03-16,25000000,Futbol Club Barcelona,ES1,,,,,,,,,True,
705416,Samuel Gueulette,2025-2026,2025-12-10,500000,RAAL La Louvière,BE1,,,,,,,,,True,
705970,Stefan Tomovic,2025-2026,2025-12-11,1000000,Fudbalski Klub Spartak Ždrepčeva krv,SER1,,,,,,,,,True,
706176,Abdul Awudu,2025-2026,2026-03-23,500000,FC Vizela,PO1,,,,,,,,,True,
706237,Zeljko Samcovic,2025-2026,2025-12-11,1000000,Fudbalski Klub Novi Pazar,SER1,,,,,,,,,True,
706239,Filip Zunic,2025-2026,2025-12-11,700000,Fudbalski Klub Mladost Lučani,SER1,,,,,,,,,True,
706245,Nemanja Zunic,2025-2026,2025-12-11,300000,Fudbalski Klub Mladost Lučani,SER1,,,,,,,,,True,
706253,Vladimir Lucic,2025-2026,2026-03-26,2000000,Fudbalski klub Crvena zvezda Beograd,SER1,,,,,,,,,True,
706553,Marko Curic,2025-2026,2025-12-11,500000,Železničar Pančevo,SER1,,,,,,,,,True,
706554,Nikola Mituljikic,2025-2026,2025-12-10,600000,Sportvereniging Zulte Waregem,BE1,,,,,,,,,True,
706555,Aleksandar Vulic,2025-2026,2025-12-11,800000,Fudbalski Klub Spartak Ždrepčeva krv,SER1,,,,,,,,,True,
706560,Andrej Djuric,2025-2026,2025-11-19,600000,Malmö Fotbollförening,SE1,,,,,,,,,True,
706562,Damián Fernández,2025-2026,2026-03-18,1800000,Club Social y Deportivo Defensa y Justicia,ARG1,,,,,,,,,True,
706965,Sung-wook Hong,2025-2026,2025-12-16,225000,Bucheon Football Club 1995,RSK1,,,,,,,,,True,
706966,Seung-hyun Yu,2025-2026,2025-12-16,75000,Bucheon Football Club 1995,RSK1,,,,,,,,,True,
707153,Matías Fernández,2025-2026,2026-03-18,2000000,Club Sportivo Independiente Rivadavia,ARG1,,,,,,,,,True,
707217,Alban Taipi,2025-2026,2026-03-23,250000,FK Kudrivka-1,UKR1,,,,,,,,,True,
707327,Martin Suchomel,2025-2026,2026-03-24,750000,FC Hradec Králové a.s.,TS1,,,,,,,,,True,
707347,Christophe Kabongo,2025-2026,2026-03-24,750000,"FK Mladá Boleslav, a.s.",TS1,,,,,,,,,True,
707530,Ardian Bajrami,2025-2026,2026-03-17,100000,Berner Sport Club Young Boys,C1,,,,,,,,,True,
707548,Bela Dumrath,2025-2026,2025-12-19,100000,FC St. Gallen 1879,C1,,,,,,,,,True,
707657,Karim Sow,2025-2026,2025-12-29,5000000,Football Club Lausanne-Sport,C1,,,,,,,,,True,
707731,Jakub Kristan,2025-2026,2026-03-24,300000,MFK Karvina,TS1,,,,,,,,,True,
707759,Lars Villiger,2025-2026,2026-03-17,1500000,FC Luzern,C1,,,,,,,,,True,
708005,Tyrese Noslin,2025-2026,2025-12-02,750000,Sportclub Telstar,NL1,,,,,,,,,True,
708063,Nemanja Djokic,2025-2026,2025-12-11,300000,Fudbalski Klub Javor Matis Ivanjica,SER1,,,,,,,,,True,
708099,Kusini Yengi,2025-2026,2025-12-10,400000,Cerezo Osaka,JAP1,,,,,,,,,True,
708300,Vladimir Zeman,2025-2026,2026-03-24,300000,"Bohemians Praha 1905, a.s.",TS1,,,,,,,,,True,
708375,Rion Zejnullahu,2024-2025,2025-04-04,50000,Fotbal Club CFR 1907 Cluj SA,RO1,,,,,,,,,True,
708723,Matheus Donelli,2025-2026,2025-12-10,1500000,Sport Club Corinthians Paulista,BRA1,,,,,,,,,True,
708799,Hyeon-woo Kim,2023-2024,2024-06-14,50000,Jeju SK Football Club,RSK1,,,,,,,,,True,
708801,Sang-eun Shin,2025-2026,2025-12-16,150000,Jeju SK Football Club,RSK1,,,,,,,,,True,
708989,Deveron Fonville,2025-2026,2026-03-11,1000000,Nijmegen Eendracht Combinatie,NL1,,,,,,,,,True,
709155,Jae-hyeok Oh,2025-2026,2025-12-16,275000,Jeju SK Football Club,RSK1,,,,,,,,,True,
709158,Jae-min Ahn,2025-2026,2025-12-16,150000,Football Club Seoul,RSK1,,,,,,,,,True,
709159,Seong-hun Park,2025-2026,2025-12-16,250000,Football Club Seoul,RSK1,,,,,,,,,True,
709161,Min-jun Kang,2025-2026,2025-12-16,275000,Football Club Pohang Steelers,RSK1,,,,,,,,,True,
709166,Hyun-ju Lee,2025-2026,2025-12-18,1500000,Futebol Clube de Arouca,PO1,,,,,,,,,True,
709742,Man-ho Park,2025-2026,2025-12-16,100000,Gimcheon Sangmu Football Club,RSK1,,,,,,,,,True,
709769,Do-hyun Kim,2025-2026,2025-12-16,150000,Gangwon Football Club,RSK1,,,,,,,,,True,
710030,Nabil Makni,2025-2026,2025-12-12,200000,Volou Neos Podosferikos Syllogos,GR1,,,,,,,,,True,
710063,Ștefan Pănoiu,2025-2026,2025-12-19,150000,Asociația Fotbal Club Botoșani,RO1,,,,,,,,,True,
710076,Kevin Ciubotaru,2025-2026,2025-12-19,400000,Asociația Fotbal Club Hermannstadt,RO1,,,,,,,,,True,
710079,Cătălin Vulturar,2025-2026,2026-03-27,700000,Fotbal Club Rapid 1923 SA,RO1,,,,,,,,,True,
710407,Matyas Vagner,2025-2026,2025-12-22,125000,FC Hradec Králové a.s.,TS1,,,,,,,,,True,
710409,Daniel Langhamer,2025-2026,2026-03-24,650000,"FK Mladá Boleslav, a.s.",TS1,,,,,,,,,True,
710671,Adama Boiro,2025-2026,2025-12-12,3000000,Athletic Club Bilbao,ES1,,,,,,,,,True,
710885,Mario Sauer,2025-2026,2025-12-15,1800000,Toulouse Football Club,FR1,,,,,,,,,True,
710969,Samed Bazdar,2025-2026,2025-12-30,1500000,Jagiellonia-Bialystok Sportowa Spólka Akcyjna,PL1,,,,,,,,,True,
711166,Mihajlo Milosavic,2025-2026,2025-12-11,200000,Fudbalski klub TSC Bačka Topola,SER1,,,,,,,,,True,
711374,Jon Gorrotxategi,2025-2026,2026-03-16,25000000,Real Sociedad de Fútbol S.A.D.,ES1,,,,,,,,,True,
711600,Bruno Zapelli,2025-2026,2025-11-24,4500000,Clube Atlético Paranaense,BRA1,,,,,,,,,True,
711708,Sang-yun Kang,2025-2026,2025-12-16,550000,Jeonbuk Hyundai Motors,RSK1,,,,,,,,,True,
711710,Jang Han-gyeol Park,2025-2026,2025-12-16,50000,Football Club Seoul,RSK1,,,,,,,,,True,
711715,Jung-hoon Kim,2025-2026,2025-12-16,100000,Gangwon Football Club,RSK1,,,,,,,,,True,
712088,Solomon John,2025-2026,2026-03-24,750000,"FK Mladá Boleslav, a.s.",TS1,,,,,,,,,True,
712127,İbrahim Kaya,2025-2026,2025-12-17,1000000,Alanyaspor,TR1,,,,,,,,,True,
712378,Albert Posiadala,2025-2026,2025-12-17,800000,Molde Fotballklubb,NO1,,,,,,,,,True,
712473,Kaito Suzuki,2025-2026,2025-12-15,300000,Tokyo Verdy,JAP1,,,,,,,,,True,
712880,Johan Bakke,2025-2026,2025-12-15,500000,Rosenborg Ballklub,NO1,,,,,,,,,True,
713071,Maksim Samorodov,2025-2026,2025-12-16,2500000,RFK Akhmat Grozny,RU1,,,,,,,,,True,
714272,Stefan Colakovski,2025-2026,2025-10-21,250000,Perth Glory Football Club,AUS1,,,,,,,,,True,
715083,Andrej Stojcevski,2025-2026,2025-12-22,500000,1. FC Slovácko,TS1,,,,,,,,,True,
715339,Grigoriy Lovtsov,2025-2026,2025-11-18,100000,FK Krasnodar,RU1,,,,,,,,,True,
715428,Rafael Inzunza,2025-2026,2025-12-29,2500000,Club Tijuana Xoloitzcuintles de Caliente,MEX1,,,,,,,,,True,
715508,Magnus Riisnæs,2025-2026,2025-12-15,2500000,Fotballklubben Bodø/Glimt,NO1,,,,,,,,,True,
715653,Besfort Zeneli,2025-2026,2025-11-19,4500000,Royale Union Saint-Gilloise,BE1,,,,,,,,,True,
715893,Jakob Schöller,2025-2026,2025-12-22,700000,Sportklub Rapid,A1,,,,,,,,,True,
715956,Damir Redzic,2025-2026,2026-03-10,4000000,Fußballclub Red Bull Salzburg,A1,,,,,,,,,True,
716054,Cristian Ignat,2025-2026,2026-03-27,850000,Fotbal Club Petrolul Ploiești,RO1,,,,,,,,,True,
716435,Kang-hyun Lee,2025-2026,2025-12-16,325000,Gimcheon Sangmu Football Club,RSK1,,,,,,,,,True,
716750,Jesús Rivas,2025-2026,2026-03-26,1000000,Club Universidad Nacional A. C.,MEX1,,,,,,,,,True,
716897,Rony Jansson,2025-2026,2025-11-19,350000,Kalmar Fotbollförening,SE1,,,,,,,,,True,
716903,Altti Hellemaa,2025-2026,2026-03-30,125000,Idrottsföreningen Elfsborg,SE1,,,,,,,,,True,
717063,João Luiz,2025-2026,2025-12-22,150000,Fußballclub Blau-Weiß Linz,A1,,,,,,,,,True,
717329,Nicolò Tresoldi,2025-2026,2026-03-13,13000000,Club Brugge Koninklijke Voetbalvereniging,BE1,,,,,,,,,True,
717604,Luc Marijnissen,2025-2026,2025-12-10,1200000,FC Verbroedering Denderhoutem Denderleeuw Eendracht Hekelgem,BE1,,,,,,,,,True,
717685,Emanuel Sittaro,2023-2024,2024-06-12,25000,Instituto Atlético Central Córdoba,ARG1,,,,,,,,,True,
718086,Kobe Franklin,2025-2026,2025-12-11,400000,Toronto FC,MLS1,,,,,,,,,True,
718098,Deandre Kerr,2025-2026,2025-12-11,1200000,Toronto FC,MLS1,,,,,,,,,True,
718206,Lucas Varaldo,2025-2026,2025-12-17,275000,Club Atlético Central Córdoba,ARG1,,,,,,,,,True,
718462,Hlynur Freyr Karlsson,2025-2026,2025-11-19,400000,Idrottsföreningen  Brommapojkarna,SE1,,,,,,,,,True,
718577,Álvaro Martínez,2025-2026,2025-12-18,400000,Moreirense Futebol Clube,PO1,,,,,,,,,True,
718760,Yaroslav Krashevskiy,2025-2026,2025-12-16,300000,FK Nizhny Novgorod,RU1,,,,,,,,,True,
718967,Jong-min Kim,2025-2026,2025-12-16,75000,Bucheon Football Club 1995,RSK1,,,,,,,,,True,
719356,Stepan Bachurek,2024-2025,2024-12-20,25000,FC Trinity Zlin,TS1,,,,,,,,,True,
719646,Bernardo,2025-2026,2026-03-19,3500000,Clube Desportivo de Tondela,PO1,,,,,,,,,True,
719685,Finn Yeats,2025-2026,2026-03-05,400000,Falkirk Football & Athletic Club,SC1,,,,,,,,,True,
719926,Áron Csongvai,2025-2026,2025-11-19,1500000,Allmänna Idrottsklubben,SE1,,,,,,,,,True,
719999,Andrés Castrín,2025-2026,2025-12-12,1500000,Sevilla Fútbol Club S.A.D.,ES1,,,,,,,,,True,
720120,Kacper Trelowski,2025-2026,2026-03-26,2500000,RKS Raków Częstochowa SA,PL1,,,,,,,,,True,
720294,Lautaro Díaz,2025-2026,2025-12-10,1500000,Santos Futebol Clube,BRA1,,,,,,,,,True,
720518,Roberto Fernández,2025-2026,2025-12-12,10000000,Reial Club Deportiu Espanyol de Barcelona S.A.D.,ES1,,,,,,,,,True,
720716,Franco Pardo,2025-2026,2025-12-17,2300000,Racing Club Asociación Civil de Avellaneda,ARG1,,,,,,,,,True,
721235,Rodrigo Insúa,2025-2026,2025-12-17,1800000,Club Atlético Barracas Central,ARG1,,,,,,,,,True,
721631,Michael Pavlovic,2025-2026,2026-03-27,850000,Asociația Fotbal Club Botoșani,RO1,,,,,,,,,True,
721784,Fredrik Carson Pedersen,2025-2026,2025-12-15,600000,Sandefjord Fotball,NO1,,,,,,,,,True,
721879,Eui-hyeong Lee,2025-2026,2025-12-16,150000,Bucheon Football Club 1995,RSK1,,,,,,,,,True,
722133,Carvalheira,2025-2026,2026-03-12,2000000,Associação Chapecoense de Futebol,BRA1,,,,,,,,,True,
722457,Fabrício,2025-2026,2025-12-10,100000,Red Bull Bragantino,BRA1,,,,,,,,,True,
722510,Byron Vásquez,2025-2026,2025-12-15,300000,Zelvia,JAP1,,,,,,,,,True,
722650,Serhat Öztaşdelen,2025-2026,2025-12-17,200000,Kocaelispor Kulübü,TR1,,,,,,,,,True,
723084,Kota Kawano,2025-2026,2025-12-15,275000,Fagiano Okayama Sports Club,JAP1,,,,,,,,,True,
723240,Fidel Ambríz,2025-2026,2025-12-29,4500000,Club de Fútbol Monterrey Rayados A.C.,MEX1,,,,,,,,,True,
723386,Emmanuel Ochoa,2025-2026,2025-12-29,1000000,Club de Fútbol Cruz Azul S.A. de C.V.,MEX1,,,,,,,,,True,
723500,Jaroslav Harustak,2025-2026,2026-03-24,350000,"FK Teplice, a.s.",TS1,,,,,,,,,True,
723528,Jan Fiala,2025-2026,2025-12-22,200000,MFK Karvina,TS1,,,,,,,,,True,
723561,Drake Callender,2025-2026,2025-12-11,1800000,Minnesota United FC,MLS1,,,,,,,,,True,
723826,Andrei Borza,2025-2026,2025-12-19,2500000,Fotbal Club Rapid 1923 SA,RO1,,,,,,,,,True,
723836,Adrian Caragea,2025-2026,2025-12-19,300000,SC Dinamo 1948 SA,RO1,,,,,,,,,True,
723853,Erick Noriega,2025-2026,2026-03-12,4000000,Grêmio Foot-Ball Porto Alegrense,BRA1,,,,,,,,,True,
724023,Ondrej Kukucka,2025-2026,2025-12-22,400000,"Bohemians Praha 1905, a.s.",TS1,,,,,,,,,True,
724025,Matej Sin,2025-2026,2025-12-02,4000000,Alkmaar Zaanstreek,NL1,,,,,,,,,True,
724036,Apostolos Christopoulos,2025-2026,2026-03-06,250000,Athlitiki Enosi Kifisias,GR1,,,,,,,,,True,
724057,Armin Haider,2025-2026,2025-12-22,150000,Linzer Athletik-Sport-Klub,A1,,,,,,,,,True,
724169,Filip Slavicek,2025-2026,2026-03-24,850000,"SK Sigma Olomouc, a.s.",TS1,,,,,,,,,True,
724219,Martín Garnerone,2025-2026,2025-11-26,350000,Asociación Atlética Estudiantes,ARG1,,,,,,,,,True,
724220,Ulises Sánchez,2025-2026,2025-12-17,2000000,Club Atlético Gimnasia y Esgrima de Mendoza,ARG1,,,,,,,,,True,
724254,Stylianos Vrontis,2025-2026,2025-12-18,250000,Al-Fayha FC,SA1,,,,,,,,,True,
724273,Roko Brajkovic,2025-2026,2025-12-22,400000,HNK Hajduk Split,KR1,,,,,,,,,True,
724413,Daniel Edelman,2025-2026,2025-12-11,2000000,St. Louis City Soccer Club,MLS1,,,,,,,,,True,
724414,Sam Sarver,2025-2026,2025-12-11,400000,FC Dallas,MLS1,,,,,,,,,True,
724439,Jalen Neal,2025-2026,2025-12-11,800000,Club de Foot Montréal,MLS1,,,,,,,,,True,
724443,Brian Gutiérrez,2025-2026,2026-03-26,5500000,Club Deportivo Guadalajara S. A. de C. V.,MEX1,,,,,,,,,True,
724547,Jack McGlynn,2025-2026,2025-12-11,5000000,Houston Dynamo,MLS1,,,,,,,,,True,
724573,Attila Csürös,2025-2026,2025-12-19,150000,Asociația Futball Klub Csíkszereda Miercurea Ciuc,RO1,,,,,,,,,True,
724664,Lazar Mijovic,2025-2026,2025-12-19,100000,Fudbalski klub Čukarički Beograd,SER1,,,,,,,,,True,
724702,Marcelo Ryan,2025-2026,2025-12-15,1000000,Tokyo Football Club,JAP1,,,,,,,,,True,
724726,Zac Zoricich,2023-2024,2024-01-08,100000,Auckland Football Club,AUS1,,,,,,,,,True,
724770,Matthew Ellis,2025-2026,2025-12-16,175000,Auckland Football Club,AUS1,,,,,,,,,True,
724809,Finn Surman,2025-2026,2025-12-11,1500000,Portland Timbers,MLS1,,,,,,,,,True,
724843,Bujar Pllana,2025-2026,2026-03-26,600000,Klub Sportowy Lechia Gdańsk,PL1,,,,,,,,,True,
724866,Tomás Sultani,2025-2026,2025-12-17,75000,Club Atlético Tigre,ARG1,,,,,,,,,True,
724940,Luka Kharatishvili,2025-2026,2025-12-22,550000,FK Pardubice,TS1,,,,,,,,,True,
724965,Gizo Mamageishvili,2025-2026,2025-12-19,800000,Sportklub Puntigamer Sturm Graz,A1,,,,,,,,,True,
725049,Roni,2025-2026,2025-12-10,1000000,AVS Futebol SAD,PO1,,,,,,,,,True,
726005,Guilherme Castilho,2025-2026,2025-12-29,2500000,Fútbol Club Juárez,MEX1,,,,,,,,,True,
726033,Pavlo Isenko,2025-2026,2026-03-27,1200000,Vorskla Poltava,UKR1,Pavlo Isenko,2025-2026,2025-12-19,1300000.0,U Craiova 1948 Club Sportiv SA,RO1,100000.0,0.08333333333333333,True,
726036,Artur Mykytyshyn,2025-2026,2025-12-18,800000,FK Kryvbas Kryvyi Rig,UKR1,Artur Mykytyshyn,2025-2026,2025-12-18,800000.0,LNZ Cherkasy,UKR1,0.0,0.0,True,
726092,,2025-2026,2025-11-24,600000,,,,,,,,,,,True,
726397,Szczepan Mucha,2025-2026,2025-12-02,100000,Gliwicki Klub Sportowy Piast Spółka Akcyjna,PL1,,,,,,,,,True,
726446,Daniil Motorin,2025-2026,2025-12-03,600000,FC Rubin Kazan,RU1,,,,,,,,,True,
726672,Adrian Fiala,2025-2026,2025-12-19,275000,1. FC Slovácko,TS1,,,,,,,,,True,
727088,Benoit De Jaegere,2025-2026,2026-03-13,500000,Sportvereniging Zulte Waregem,BE1,,,,,,,,,True,
727119,Szymon Weirauch,2025-2026,2026-03-26,400000,Klub Sportowy Lechia Gdańsk,PL1,,,,,,,,,True,
727318,Rafał Mamla,2025-2026,2025-12-08,400000,Miejski Klub Sportowy Korona Kielce Spółka Akcyjna,PL1,,,,,,,,,True,
727480,Jaden Slory,2025-2026,2025-12-02,800000,Go Ahead Eagles,NL1,,,,,,,,,True,
727751,Caio Alexandre,2025-2026,2025-12-10,7000000,Esporte Clube Bahia,BRA1,,,,,,,,,True,
728122,Yong-jun Hong,2025-2026,2025-12-16,25000,Gwangju Football Club,RSK1,,,,,,,,,True,
728133,Sang-hyeok Lee,2025-2026,2025-12-16,225000,Bucheon Football Club 1995,RSK1,,,,,,,,,True,
728221,Facundo Farías,2025-2026,2026-03-18,2500000,Club Estudiantes de La Plata,ARG1,,,,,,,,,True,
728256,Luca Andrada,2025-2026,2025-12-12,200000,Athlitiki Enosi Larisas,GR1,,,,,,,,,True,
728312,Oliver Larraz,2025-2026,2025-12-11,1200000,Vancouver Whitecaps FC,MLS1,,,,,,,,,True,
728478,Gavin Molloy,2025-2026,2025-12-10,600000,Aberdeen Football Club,SC1,,,,,,,,,True,
728583,David Ludvicek,2025-2026,2026-03-24,400000,FC Hradec Králové a.s.,TS1,,,,,,,,,True,
728602,Juan Elordi,2025-2026,2026-03-18,400000,Club Sportivo Independiente Rivadavia,ARG1,,,,,,,,,True,
728609,Vojtech Stransky,2025-2026,2025-12-22,1500000,FC Slovan Liberec,TS1,,,,,,,,,True,
728615,Martin Subert,2025-2026,2026-03-24,400000,"FK Mladá Boleslav, a.s.",TS1,,,,,,,,,True,
728626,Dalibor Vecerka,2025-2026,2026-03-24,750000,"FK Teplice, a.s.",TS1,,,,,,,,,True,
728635,Filip Prebsl,2025-2026,2026-03-24,1000000,MFK Karvina,TS1,,,,,,,,,True,
728649,Tadeas Stoppen,2025-2026,2025-12-22,200000,"SK Sigma Olomouc, a.s.",TS1,,,,,,,,,True,
728703,Krystof Lichtenberg,2025-2026,2025-12-22,75000,"FK Teplice, a.s.",TS1,,,,,,,,,True,
728722,Julius Lindberg,2025-2026,2025-11-19,1200000,BK Häcken,SE1,,,,,,,,,True,
728733,Brooke Norton-Cuffy,2025-2026,2025-12-23,16000000,Genoa Cricket and Football Club,IT1,,,,,,,,,True,
729011,Roy Steur,2025-2026,2025-12-02,125000,Football Club Volendam,NL1,,,,,,,,,True,
729048,Renta Higashi,2024-2025,2025-06-26,50000,Tokyo Football Club,JAP1,,,,,,,,,True,
729051,Harumi Minamino,2025-2026,2025-12-15,325000,Gamba Osaka,JAP1,,,,,,,,,True,
729353,Nicolás Morro,2025-2026,2025-11-26,175000,Asociación Atlética Estudiantes,ARG1,,,,,,,,,True,
729356,Alejandro Martínez,2025-2026,2025-11-24,1000000,Club Atlético Huracán,ARG1,,,,,,,,,True,
729587,Bruno Leonardo,2025-2026,2025-11-24,400000,Associação Chapecoense de Futebol,BRA1,,,,,,,,,True,
729880,Nikola Jovanovic,2025-2026,2026-03-26,500000,Železničar Pančevo,SER1,,,,,,,,,True,
730142,Min-woo Seo,2025-2026,2025-12-16,650000,Gangwon Football Club,RSK1,,,,,,,,,True,
730364,Gyu-hyeon Choe,2025-2026,2025-12-16,150000,Football Club Anyang,RSK1,,,,,,,,,True,
730531,Noel Törnqvist,2025-2026,2025-11-19,2000000,Calcio Como,IT1,,,,,,,,,True,
730708,Hugo,2025-2026,2026-03-12,1000000,Sport Club Corinthians Paulista,BRA1,,,,,,,,,True,
730779,Milton Giménez,2025-2026,2026-03-18,2700000,Club Atlético Boca Juniors,ARG1,,,,,,,,,True,
730802,Luciano Herrera,2025-2026,2025-12-17,1200000,Club Atlético Newell’s Old Boys,ARG1,,,,,,,,,True,
730874,Andriy Lipovuz,2025-2026,2025-12-18,150000,Epicentr Dunaivtsi,UKR1,,,,,,,,,True,
731518,,2025-2026,2025-12-19,500000,,,,,,,,,,,True,
731522,Eduard Radaslavescu,2025-2026,2025-12-19,700000,SC Fotbal Club FCSB SA,RO1,,,,,,,,,True,
731722,Matías Mansilla,2025-2026,2025-12-17,2800000,Club Atlético Unión,ARG1,,,,,,,,,True,
731771,Taha Ali,2025-2026,2026-03-30,1200000,Malmö Fotbollförening,SE1,,,,,,,,,True,
732442,Agustín Auzmendi,2025-2026,2025-12-17,1200000,Club de Gimnasia y Esgrima La Plata,ARG1,,,,,,,,,True,
732443,,2025-2026,2025-12-22,700000,,,,,,,,,,,True,
732576,Kaina Tanimura,2025-2026,2025-12-15,900000,Yokohama Marinos,JAP1,,,,,,,,,True,
732899,Guzmán Rodríguez,2025-2026,2025-12-10,4000000,Red Bull Bragantino,BRA1,,,,,,,,,True,
732990,Kenta Matsumoto,2024-2025,2025-05-29,550000,Hitachi Kashiwa Reysol,JAP1,,,,,,,,,True,
733101,So Kawahara,2025-2026,2025-12-15,1000000,Kawasaki Frontale,JAP1,,,,,,,,,True,
733234,Kees Sims,2025-2026,2026-03-30,300000,GAIS,SE1,,,,,,,,,True,
733371,Sota Kawasaki,2025-2026,2025-12-19,1500000,1. Fußball- und Sportverein Mainz 05,L1,,,,,,,,,True,
733642,Kai Matsuzaki,2025-2026,2025-12-15,800000,S-Pulse,JAP1,,,,,,,,,True,
733904,Michalis Patiras,2025-2026,2026-03-06,150000,Athlitiki Enosi Kifisias,GR1,,,,,,,,,True,
734054,Dion Krasniqi,2025-2026,2025-11-19,250000,Idrottsföreningen Elfsborg,SE1,,,,,,,,,True,
734395,Kang-hee Lee,2025-2026,2025-12-22,500000,Fußballklub Austria Wien,A1,,,,,,,,,True,
734676,Jonas Adjetey,2025-2026,2025-12-29,7000000,Verein für Leibesübungen Wolfsburg,L1,,,,,,,,,True,
734761,Sebastian Berhalter,2025-2026,2025-12-11,5000000,Vancouver Whitecaps FC,MLS1,,,,,,,,,True,
735339,Lampros Smyrlis,2025-2026,2025-12-12,200000,Panetolikos Agrinio,GR1,,,,,,,,,True,
735438,Jakob Jessen,2025-2026,2025-12-15,700000,Fodbold Club Fredericia,DK1,,,,,,,,,True,
735573,Richard Ríos,2025-2026,2025-12-18,22000000,Sport Lisboa e Benfica,PO1,,,,,,,,,True,
735654,In-gyun Kim,2025-2026,2025-12-16,375000,Gimcheon Sangmu Football Club,RSK1,,,,,,,,,True,
735811,Jon Bell,2025-2026,2025-12-11,300000,Austin FC,MLS1,,,,,,,,,True,
735815,Ayman Yahya,2025-2026,2025-12-18,1400000,Al-Nassr Football Club,SA1,,,,,,,,,True,
736202,Brayan Gil,2025-2026,2026-03-25,3500000,FK Baltika,RU1,,,,,,,,,True,
736652,João Paulo,2025-2026,2026-03-12,800000,Associação Chapecoense de Futebol,BRA1,,,,,,,,,True,
736722,Adi Chică-Roșă,2025-2026,2025-12-19,550000,Fotbal Club Petrolul Ploiești,RO1,,,,,,,,,True,
736752,Benji Kikanović,2025-2026,2025-12-11,600000,San Jose Earthquakes,MLS1,,,,,,,,,True,
736962,Simen Vidtun Nilsen,2025-2026,2026-03-16,400000,Sportsklubben Brann,NO1,,,,,,,,,True,
737125,Jeremy Márquez,2025-2026,2026-03-26,5500000,Club de Fútbol Cruz Azul S.A. de C.V.,MEX1,,,,,,,,,True,
737821,Patrick de Paula,2025-2026,2025-12-18,3000000,Clube do Remo,BRA1,,,,,,,,,True,
737892,Renzo Orihuela,2025-2026,2025-12-17,700000,Club Atlético Sarmiento,ARG1,,,,,,,,,True,
737920,Bruno Barticciotto,2025-2026,2025-12-29,2800000,Club Atlético Talleres,ARG1,,,,,,,,,True,
738475,Oualid Agougil,2025-2026,2026-03-18,450000,Football Club Utrecht,NL1,,,,,,,,,True,
738503,,2025-2026,2025-11-24,75000,,,,,,,,,,,True,
738516,Mike Kleijn,2025-2026,2025-12-02,250000,Sparta Rotterdam,NL1,,,,,,,,,True,
739439,Alexandre Jesus,2025-2026,2026-03-25,600000,FC Orenburg,RU1,,,,,,,,,True,
739675,Bryce Duke,2025-2026,2025-12-11,1500000,San Diego Football Club,MLS1,,,,,,,,,True,
740102,Mateja Djordjević,2025-2026,2025-12-11,1200000,Austin FC,MLS1,,,,,,,,,True,
740164,Oscar Mason,2025-2026,2025-12-16,200000,Auckland Football Club,AUS1,,,,,,,,,True,
740272,Fintelman,2025-2026,2025-12-10,100000,Esporte Clube Vitória,BRA1,,,,,,,,,True,
740293,Guilherme Biro,2025-2026,2025-12-11,2000000,Austin FC,MLS1,,,,,,,,,True,
740295,Natanael,2025-2026,2026-03-12,5000000,Clube Atlético Mineiro,BRA1,,,,,,,,,True,
740501,Gabriel Xavier,2025-2026,2025-12-10,4000000,Esporte Clube Bahia,BRA1,,,,,,,,,True,
740555,Matej Cechal,2025-2026,2026-03-10,100000,Sportvereinigung Ried 1912,A1,,,,,,,,,True,
740558,Roman Horak,2025-2026,2025-12-22,350000,1. FC Slovácko,TS1,,,,,,,,,True,
740574,Jordán Carrillo,2025-2026,2026-03-26,3000000,Club Universidad Nacional A. C.,MEX1,,,,,,,,,True,
740584,Pavel Gaszczyk,2025-2026,2025-12-22,175000,FK Dukla Praha a.s.,TS1,,,,,,,,,True,
740585,Stepan Misek,2025-2026,2026-03-24,450000,FK Pardubice,TS1,,,,,,,,,True,
740596,Cláudio Braga,2025-2026,2026-03-05,6000000,Heart of Midlothian Football Club,SC1,,,,,,,,,True,
740671,Tomás Escalante,2025-2026,2025-12-17,125000,Club Social y Deportivo Defensa y Justicia,ARG1,,,,,,,,,True,
740789,Carlos Mora,2025-2026,2026-03-27,1300000,U Craiova 1948 Club Sportiv SA,RO1,,,,,,,,,True,
740986,Zoran Mitrov,2025-2026,2025-12-19,900000,Asociația Fotbal Club Botoșani,RO1,,,,,,,,,True,
741021,Matheus Bahia,2025-2026,2025-12-10,3000000,Sport Club Internacional,BRA1,,,,,,,,,True,
741039,Malek Al-Abdulmenem,2025-2026,2025-12-18,75000,Al-Fayha FC,SA1,,,,,,,,,True,
741044,Belal Halbouni,2025-2026,2025-12-11,300000,Vancouver Whitecaps FC,MLS1,,,,,,,,,True,
741045,Ifeanyi Eze,2025-2026,2026-01-13,450000,Wellington Phoenix Football Club,AUS1,,,,,,,,,True,
741105,Natanael Guzmán,2025-2026,2025-12-17,175000,Club Atlético Aldosivi,ARG1,,,,,,,,,True,
741124,Anteo Fetahu,2025-2026,2025-12-22,250000,Sportclub Rheindorf Altach,A1,,,,,,,,,True,
741258,Sergi Domínguez,2025-2026,2025-12-22,2500000,GNK Dinamo Zagreb,KR1,,,,,,,,,True,
741501,Leonardo Barroso,2025-2026,2025-12-11,1000000,Chicago Fire Soccer Club,MLS1,,,,,,,,,True,
741507,Alfa Baldé,2025-2026,2025-12-11,400000,FK Radnički 1923 Kragujevac,SER1,,,,,,,,,True,
741546,Lauri Laine,2025-2026,2025-11-20,150000,FC Baník Ostrava a.s.,TS1,,,,,,,,,True,
741580,Dario Naamo,2025-2026,2026-03-05,300000,Dundee United Football Club,SC1,,,,,,,,,True,
741685,Franco Ibarra,2025-2026,2026-03-18,5000000,Club Atlético Rosario Central,ARG1,,,,,,,,,True,
741963,Jhohan Romaña,2025-2026,2025-12-17,6000000,Club Atlético San Lorenzo de Almagro,ARG1,,,,,,,,,True,
741965,José Florentín,2025-2026,2025-12-17,1800000,Club Sportivo Independiente Rivadavia,ARG1,,,,,,,,,True,
742012,Diego Madritsch,2025-2026,2025-12-22,100000,Sportclub Rheindorf Altach,A1,,,,,,,,,True,
742014,Tim Paumgartner,2025-2026,2025-12-22,150000,Grazer Athletiksport Klub 1902,A1,,,,,,,,,True,
742018,Dejan Radonjic,2025-2026,2025-12-22,600000,Fußballklub Austria Wien,A1,,,,,,,,,True,
742034,Léo Linck,2025-2026,2025-12-10,3000000,S. A. F. Botafogo,BRA1,,,,,,,,,True,
742407,Ryan Mahuta,2025-2026,2026-03-24,700000,FK Pardubice,TS1,,,,,,,,,True,
742454,Jorge Meireles,2025-2026,2025-12-18,600000,Club Football Estrela da Amadora,PO1,,,,,,,,,True,
742515,Málcom Palacios,2025-2026,2025-12-16,250000,Independiente Medellín,COL1,,,,,,,,,True,
742516,Daniel Pedrozo,2023-2024,2024-06-03,10000,Deportes Tolima,COL1,,,,,,,,,True,
742519,Luis Segura,2025-2026,2025-12-05,25000,Boyacá Chicó FC,COL1,,,,,,,,,True,
742825,Josias King Furaha,2023-2024,2023-12-13,25000,MFK Karvina,TS1,,,,,,,,,True,
742858,Eduardo Anderson,2025-2026,2025-12-05,350000,FK Baltika,RU1,,,,,,,,,True,
743024,Ibrahim Buhari,2025-2026,2025-11-19,1500000,Idrottsföreningen Elfsborg,SE1,,,,,,,,,True,
743088,Henrik Falchener,2025-2026,2025-12-15,4000000,Viking Fotballklubb,NO1,,,,,,,,,True,
743523,Nathan Buayi-Kiala,2025-2026,2025-12-15,100000,Association de la Jeunesse auxerroise,FR1,,,,,,,,,True,
743556,Connor Allan,2025-2026,2026-03-05,250000,Falkirk Football & Athletic Club,SC1,,,,,,,,,True,
743567,Gabriel Rukavina,2025-2026,2025-12-22,600000,Hrvatski Nogometni Klub Rijeka,KR1,,,,,,,,,True,
743586,Mycael,2025-2026,2025-11-24,2500000,Clube Atlético Paranaense,BRA1,,,,,,,,,True,
743593,Rodriguinho,2025-2026,2025-12-10,6000000,Red Bull Bragantino,BRA1,,,,,,,,,True,
743594,Matheus Nascimento,2025-2026,2025-12-11,2500000,Los Angeles Galaxy,MLS1,,,,,,,,,True,
743667,Enzo López,2025-2026,2025-12-19,400000,Asociația Fotbal Club Botoșani,RO1,,,,,,,,,True,
743948,Moataz Al-Baqaawi,2025-2026,2025-12-18,200000,Damac Football Club,SA1,,,,,,,,,True,
743951,Thiago Borbas,2025-2026,2025-12-10,4000000,Real Oviedo S.A.D.,ES1,,,,,,,,,True,
744075,Otto Hindrich,2025-2026,2025-12-19,1300000,Legia Warszawa Spółka Akcyjna,PL1,,,,,,,,,True,
744200,Seung-min Um,2025-2026,2025-12-16,50000,Jeonbuk Hyundai Motors,RSK1,,,,,,,,,True,
744279,Adrián Sánchez,2025-2026,2026-03-18,2500000,Club Atlético Belgrano,ARG1,,,,,,,,,True,
744324,Gastón Martirena,2025-2026,2026-03-18,4500000,Racing Club Asociación Civil de Avellaneda,ARG1,,,,,,,,,True,
744586,Ian Fray,2025-2026,2025-12-11,500000,Club Internacional de Fútbol Miami,MLS1,,,,,,,,,True,
744698,Kenta Inoue,2025-2026,2025-12-15,450000,S-Pulse,JAP1,,,,,,,,,True,
744853,Herman Johansson,2025-2026,2025-11-19,1800000,FC Dallas,MLS1,,,,,,,,,True,
744880,Rafael Garutti,2025-2026,2025-12-19,50000,Asociația Fotbal Club Unirea 04 Slobozia,RO1,,,,,,,,,True,
744917,Ryoya Yamashita,2025-2026,2025-12-15,1000000,Gamba Osaka,JAP1,,,,,,,,,True,
745248,Ante Orec,2025-2026,2025-12-22,1500000,Hrvatski Nogometni Klub Rijeka,KR1,,,,,,,,,True,
745284,Vadim Rakov,2025-2026,2025-12-16,3000000,PFK Krylya Sovetov Samara,RU1,Vadim Rakov,2023-2024,2024-06-04,500000.0,"Футбольный клуб ""Локомотив"" Москва",RU1,-2500000.0,-0.8333333333333334,True,
745416,Ethan Cox,2025-2026,2026-01-13,150000,Adelaide United Football Club,AUS1,,,,,,,,,True,
745451,Brandan Craig,2025-2026,2025-12-11,450000,Club de Foot Montréal,MLS1,,,,,,,,,True,
745454,Tony Leone,2025-2026,2025-12-29,300000,Club Universidad Nacional A. C.,MEX1,,,,,,,,,True,
745927,Kevin Serna,2025-2026,2025-12-10,5000000,Fluminense Football Club,BRA1,,,,,,,,,True,
745937,Sebastián Navarro,2025-2026,2026-03-17,700000,Fortaleza CEIF,COL1,,,,,,,,,True,
746156,Kevin Radulovic,2025-2026,2025-12-22,75000,Fußballclub Blau-Weiß Linz,A1,,,,,,,,,True,
746209,Michael Carcelén,2025-2026,2025-12-29,1000000,Querétaro Fútbol Club,MEX1,,,,,,,,,True,
746410,Hidemasa Koda,2025-2026,2025-12-15,400000,Nagoya Grampus Eight,JAP1,,,,,,,,,True,
746415,Daiki Fukazawa,2025-2026,2025-12-15,350000,Tokyo Verdy,JAP1,,,,,,,,,True,
746579,Junior Hernández,2025-2026,2026-03-17,650000,Deportes Tolima,COL1,,,,,,,,,True,
746582,Kevin Pérez,2025-2026,2026-03-17,550000,Junior FC,COL1,,,,,,,,,True,
746583,Léider Riascos,2025-2026,2026-03-17,350000,Llaneros FC,COL1,,,,,,,,,True,
746584,Cristian Trujillo,2025-2026,2026-03-17,400000,Deportes Tolima,COL1,,,,,,,,,True,
746604,Isak Helstad Amundsen,2025-2026,2025-12-15,700000,Molde Fotballklubb,NO1,,,,,,,,,True,
746642,Isaac James,2025-2026,2025-12-18,350000,Futebol Clube de Alverca,PO1,,,,,,,,,True,
746780,Young-hun Kang,2025-2026,2025-12-16,175000,Incheon United Football Club,RSK1,,,,,,,,,True,
746830,Kobi Henry,2025-2026,2025-12-11,100000,Real Salt Lake,MLS1,,,,,,,,,True,
746832,Efraín Morales,2025-2026,2025-12-11,400000,Club de Foot Montréal,MLS1,,,,,,,,,True,
746834,Thomas Williams,2025-2026,2025-12-11,175000,Nashville SC,MLS1,,,,,,,,,True,
746837,Darren Yapi,2025-2026,2025-12-11,2500000,Colorado Rapids,MLS1,,,,,,,,,True,
746973,Mannou Berger,2024-2025,2025-06-09,75000,Feyenoord Rotterdam,NL1,,,,,,,,,True,
747148,Emerson Batalla,2025-2026,2026-03-17,2500000,Atlético Bucaramanga,COL1,,,,,,,,,True,
747407,Seong-min Kim,2025-2026,2025-12-16,175000,Incheon United Football Club,RSK1,,,,,,,,,True,
747417,Dusan Vukovic,2025-2026,2025-12-22,800000,NK Lokomotiva Zagreb,KR1,,,,,,,,,True,
747444,Samuel Sigut,2025-2026,2026-03-24,900000,MFK Karvina,TS1,,,,,,,,,True,
747820,Diogo Oliveira,2025-2026,2025-11-24,900000,Foundation Coorperation Hana Financial Group Inc. Football Club,RSK1,,,,,,,,,True,
747953,Dimitris Rallis,2025-2026,2026-03-26,800000,Jagiellonia-Bialystok Sportowa Spólka Akcyjna,PL1,,,,,,,,,True,
748065,Ivo Mammini,2025-2026,2025-12-17,375000,Club de Gimnasia y Esgrima La Plata,ARG1,,,,,,,,,True,
748080,Abdulaziz Al-Aliwa,2025-2026,2025-12-18,300000,Al-Ettifaq Football Club,SA1,,,,,,,,,True,
748264,Jacobo Pimentel,2025-2026,2025-12-05,50000,Boyacá Chicó FC,COL1,,,,,,,,,True,
748604,Devon Koswal,2025-2026,2025-12-02,500000,Sportclub Telstar,NL1,,,,,,,,,True,
748795,Franklin Tebo Uchenna,2025-2026,2026-03-26,2000000,Fudbalski klub Crvena zvezda Beograd,SER1,,,,,,,,,True,
748808,Nail Moutha-Sebtaoui,2025-2026,2025-12-10,300000,FC Verbroedering Denderhoutem Denderleeuw Eendracht Hekelgem,BE1,,,,,,,,,True,
749016,Franco Paredes,2025-2026,2025-12-17,600000,Asociación Atlética Argentinos Juniors,ARG1,,,,,,,,,True,
749070,Takumi Mase,2025-2026,2025-12-15,600000,Football Club Mito HollyHock,JAP1,,,,,,,,,True,
749273,Jarrod Carluccio,2025-2026,2026-01-13,300000,Western Sydney Wanderers,AUS1,,,,,,,,,True,
749407,Jonathan Sirois,2025-2026,2025-12-11,1000000,FC Dallas,MLS1,,,,,,,,,True,
749936,Jeong-won Eo,2025-2026,2025-12-16,375000,Football Club Pohang Steelers,RSK1,,,,,,,,,True,
750003,Aleksa Todorovic,2025-2026,2025-12-22,50000,Hrvatski Nogometni Klub Rijeka,KR1,,,,,,,,,True,
750200,Geon-joo Choi,2025-2026,2025-12-16,350000,Football Club Anyang,RSK1,,,,,,,,,True,
750537,Wilfredo Rivera,2024-2025,2025-04-04,100000,Club Atlético Barracas Central,ARG1,,,,,,,,,True,
750771,Sadick Abubakar,2025-2026,2025-12-11,450000,Fudbalski klub Radnik Surdulica,SER1,,,,,,,,,True,
750807,Javier Otero,2025-2026,2025-12-11,150000,Orlando City Soccer Club,MLS1,,,,,,,,,True,
750878,Obed Nkambadio,2025-2026,2025-12-15,6000000,Paris Football Club,FR1,,,,,,,,,True,
751099,Artem Kasimov,2025-2026,2025-12-16,800000,FC Orenburg,RU1,,,,,,,,,True,
751104,,2025-2026,2025-12-23,500000,,,,,,,,,,,True,
751105,Eggert Aron Gudmundsson,2025-2026,2025-12-15,1800000,Sportsklubben Brann,NO1,,,,,,,,,True,
751474,Syver Skeide,2025-2026,2025-12-15,400000,Kristiansund Ballklubb,NO1,,,,,,,,,True,
751681,Matej Mikulenka,2025-2026,2025-12-22,1000000,"SK Sigma Olomouc, a.s.",TS1,,,,,,,,,True,
751990,Delio Ramírez,2025-2026,2026-03-17,300000,Boyacá Chicó FC,COL1,,,,,,,,,True,
754142,Marek Icha,2025-2026,2025-12-22,800000,FC Slovan Liberec,TS1,,,,,,,,,True,
754608,Shuto Nakano,2025-2026,2025-12-15,1500000,Sanfrecce Hiroshima,JAP1,,,,,,,,,True,
755164,Baton Zabergja,2025-2026,2026-03-23,1000000,TOV FK Metalist 1925 Kharkiv,UKR1,,,,,,,,,True,
755211,German Barkovskiy,2025-2026,2025-12-08,500000,Gliwicki Klub Sportowy Piast Spółka Akcyjna,PL1,,,,,,,,,True,
755355,Jin-ho Kim,2025-2026,2025-12-16,400000,Gwangju Football Club,RSK1,,,,,,,,,True,
755457,Tiago Palacios,2025-2026,2025-12-17,4500000,Club Estudiantes de La Plata,ARG1,,,,,,,,,True,
756096,Benjamin Acquah,2025-2026,2025-12-11,150000,Fudbalski Klub Javor Matis Ivanjica,SER1,,,,,,,,,True,
756809,Nicolás Laméndola,2025-2026,2026-03-18,800000,Club Atlético Tucumán,ARG1,,,,,,,,,True,
756981,Cristián Cañozales,2025-2026,2025-12-05,350000,Rionegro Águilas,COL1,,,,,,,,,True,
756993,Florián Monzón,2025-2026,2025-12-17,1800000,Club Atlético Vélez Sársfield,ARG1,,,,,,,,,True,
757175,Maximiliano Zalazar,2025-2026,2026-03-18,500000,Club de Gimnasia y Esgrima La Plata,ARG1,,,,,,,,,True,
759866,Bojan Adzic,2025-2026,2025-12-11,600000,FK Radnički 1923 Kragujevac,SER1,,,,,,,,,True,
760493,Viktor Djukanovic,2025-2026,2025-12-19,2000000,,,Viktor Djukanovic,2025-2026,2025-12-19,2000000.0,Royal Standard Club de Liège,BE1,0.0,0.0,True,Belgian Pro League
762583,Jung-taek Lee,2025-2026,2025-12-16,350000,Gimcheon Sangmu Football Club,RSK1,,,,,,,,,True,
763090,Mukhammadali Urinboev,2025-2026,2025-12-10,450000,Royal Antwerp Football Club,BE1,,,,,,,,,True,
763349,Gi-hyuk Lee,2025-2026,2025-12-16,600000,Gangwon Football Club,RSK1,,,,,,,,,True,
763648,Tyler Wolff,2025-2026,2025-12-11,400000,Real Salt Lake,MLS1,,,,,,,,,True,
763768,Bode Hidalgo,2025-2026,2025-12-11,1500000,Club de Foot Montréal,MLS1,,,,,,,,,True,
763948,Ayodele Thomas,2025-2026,2026-03-20,1000000,RasenBallsport Leipzig,L1,,,,,,,,,True,
764386,Islam Chesnokov,2025-2026,2025-11-06,1200000,Heart of Midlothian Football Club,SC1,,,,,,,,,True,
764863,Richie Omorowa,2023-2024,2024-05-31,400000,Excelsior Rotterdam,NL1,Richie Omorowa,2023-2024,2024-05-31,400000.0,Degerfors IF,SE1,0.0,0.0,True,
765077,Marek Havran,2025-2026,2026-03-24,1000000,FC Baník Ostrava a.s.,TS1,,,,,,,,,True,
765094,Mikulas Konecny,2025-2026,2025-12-22,2200000,FK Pardubice,TS1,,,,,,,,,True,
765108,Daniel Rus,2025-2026,2025-12-22,500000,FC Slovan Liberec,TS1,,,,,,,,,True,
765467,Jozhua Vertrouwd,2025-2026,2026-03-16,2500000,Rayo Vallecano de Madrid S. A. D.,ES1,,,,,,,,,True,
765504,Chris Brady,2025-2026,2025-12-11,2500000,Chicago Fire Soccer Club,MLS1,,,,,,,,,True,
765944,Si-hoo Hong,2025-2026,2025-12-16,175000,Gimcheon Sangmu Football Club,RSK1,,,,,,,,,True,
765975,Hussein Carneil,2025-2026,2025-12-30,200000,Halmstads BK,SE1,,,,,,,,,True,
766258,Kaio César,2025-2026,2025-12-18,4500000,Al-Hilal Saudi Football Club,SA1,Kaio César,2025-2026,2025-12-18,4500000.0,Sport Club Corinthians Paulista,BRA1,0.0,0.0,True,
766706,Stanislav Krystin,2025-2026,2025-12-18,200000,Epicentr Dunaivtsi,UKR1,,,,,,,,,True,
768378,Nikola Curcija,2025-2026,2025-12-22,100000,NK Osijek s.d.d.,KR1,,,,,,,,,True,
770325,Milos Mladenovic,2025-2026,2025-12-11,100000,FK Radnički 1923 Kragujevac,SER1,,,,,,,,,True,
771292,Carlos Cortés,2025-2026,2026-03-17,400000,Llaneros FC,COL1,,,,,,,,,True,
772843,Jersson González,2025-2026,2025-12-05,800000,Deportes Tolima,COL1,,,,,,,,,True,
772978,Cheol-woo Park,2025-2026,2025-12-16,325000,Gimcheon Sangmu Football Club,RSK1,,,,,,,,,True,
773062,Robin Dzabic,2025-2026,2025-12-15,400000,Sandefjord Fotball,NO1,,,,,,,,,True,
775044,Nesto Groen,2025-2026,2025-12-02,125000,Excelsior Rotterdam,NL1,,,,,,,,,True,
775257,Aymen Sliti,2025-2026,2025-12-02,3000000,Feyenoord Rotterdam,NL1,,,,,,,,,True,
775723,Ivan Bendera,2025-2026,2025-12-18,250000,Epicentr Dunaivtsi,UKR1,,,,,,,,,True,
777484,Min-geu Kang,2025-2026,2025-12-16,300000,Gimcheon Sangmu Football Club,RSK1,,,,,,,,,True,
779752,Soufiane Hetli,2025-2026,2025-12-02,450000,Sportclub Telstar,NL1,,,,,,,,,True,
779970,Nikola Skrobonja,2025-2026,2025-12-11,200000,Fudbalski klub Napredak Kruševac,SER1,,,,,,,,,True,
780297,Taiyo Hiraoka,2025-2026,2025-12-15,700000,Kyoto Purple Sanga,JAP1,,,,,,,,,True,
781270,Lasse Nordås,2025-2026,2026-03-11,2500000,Sportclub Heerenveen,NL1,,,,,,,,,True,
781812,Matties Volckaert,2025-2026,2026-03-13,1500000,Koninklijke Atletiek Associatie Gent,BE1,,,,,,,,,True,
781906,Masaki Yumiba,2025-2026,2025-12-15,400000,S-Pulse,JAP1,,,,,,,,,True,
782180,Dominik Kirnbauer,2025-2026,2025-12-22,200000,Sportvereinigung Ried 1912,A1,,,,,,,,,True,
782763,Bong-soo Kim,2025-2026,2025-12-16,1000000,Foundation Coorperation Hana Financial Group Inc. Football Club,RSK1,,,,,,,,,True,
782935,Amin Cherni,2025-2026,2026-03-05,2500000,Göztepe Sportif Yatırımlar A.Ş.,TR1,,,,,,,,,True,
783094,Benjamin Bouchouari,2025-2026,2026-03-05,5000000,Trabzonspor Kulübü,TR1,,,,,,,,,True,
783178,Melker Heier,2025-2026,2025-11-19,2000000,IK Sirius,SE1,,,,,,,,,True,
783257,Kenta Matsuyama,2025-2026,2025-12-15,50000,Avispa Fukuoka,JAP1,,,,,,,,,True,
783526,Jermein Peña,2025-2026,2026-03-17,900000,Junior FC,COL1,,,,,,,,,True,
784335,Jun-soo Byeon,2025-2026,2025-12-16,500000,Gimcheon Sangmu Football Club,RSK1,,,,,,,,,True,
785208,Kento Hashimoto,2025-2026,2025-12-15,400000,Tokyo Football Club,JAP1,,,,,,,,,True,
785579,Axel Urie,2025-2026,2025-12-29,400000,Fudbalski klub Radnik Surdulica,SER1,,,,,,,,,True,
786000,Pável Pérez,2025-2026,2026-03-26,3000000,"Deportivo Toluca Futbol Club, S. A. de C. V.",MEX1,,,,,,,,,True,
786187,Mihai Udrea,2025-2026,2025-12-19,50000,SC Fotbal Club FCSB SA,RO1,,,,,,,,,True,
786613,Gustav Friberg,2025-2026,2025-11-19,250000,Halmstads BK,SE1,,,,,,,,,True,
786708,Johnson Nsumoh,2025-2026,2025-12-19,100000,Asociación de Fomento Deportivo Riestra Barrio Colón,ARG1,,,,,,,,,True,
786983,Shuto Tanabe,2025-2026,2025-12-15,175000,Tokyo Verdy,JAP1,,,,,,,,,True,
786986,Takumi Tsukui,2025-2026,2025-12-15,900000,JEF United,JAP1,,,,,,,,,True,
786987,Yota Komi,2025-2026,2025-12-15,650000,Hitachi Kashiwa Reysol,JAP1,,,,,,,,,True,
786989,Ryota Kamihashi,2025-2026,2025-12-15,75000,Kawasaki Frontale,JAP1,,,,,,,,,True,
786990,Kaito Fujii,2025-2026,2025-12-15,125000,Fagiano Okayama Sports Club,JAP1,,,,,,,,,True,
786991,Kanta Chiba,2025-2026,2025-12-15,250000,S-Pulse,JAP1,,,,,,,,,True,
788361,Moisés,2025-2026,2026-03-12,2000000,Santos Futebol Clube,BRA1,,,,,,,,,True,
788522,Zac McGraw,2025-2026,2025-12-11,600000,Portland Timbers,MLS1,,,,,,,,,True,
789059,Naoki Hayashi,2025-2026,2025-12-15,400000,Tokyo Verdy,JAP1,,,,,,,,,True,
789094,Bilal Brahimi,2025-2026,2025-12-15,1200000,Viborg Fodsports Forening,DK1,,,,,,,,,True,
789856,Caio Roque,2025-2026,2025-11-24,400000,S. A. F. Botafogo,BRA1,,,,,,,,,True,
790238,Bo De Kerf,2025-2026,2025-12-18,600000,FC Verbroedering Denderhoutem Denderleeuw Eendracht Hekelgem,BE1,,,,,,,,,True,
790281,Ivan Gulko,2025-2026,2025-12-08,100000,FC Orenburg,RU1,,,,,,,,,True,
790518,Jan Krzywański,2025-2026,2025-12-08,50000,Widzew Łódź Spółka Akcyjna,PL1,,,,,,,,,True,
790524,Wiktor Koptas,2025-2026,2025-12-08,25000,Radomiak S.A.,PL1,,,,,,,,,True,
790733,Emil Gazdov,2025-2026,2025-11-18,175000,Fußball-Club St. Pauli von 1910,L1,,,,,,,,,True,
790889,Ondrej Mrozek,2022-2023,2023-06-20,25000,MFK Karvina,TS1,,,,,,,,,True,
790965,Elias Hansborg,2025-2026,2025-12-15,100000,Fodbold Club Fredericia,DK1,,,,,,,,,True,
792155,Aydarus Abukar,2025-2026,2025-11-19,150000,Örgryte IS,SE1,,,,,,,,,True,
792335,Érik Dueñas,2025-2026,2025-12-11,400000,Querétaro Fútbol Club,MEX1,,,,,,,,,True,
792345,Raul Gustavo,2025-2026,2025-12-11,1500000,New York City Football Club,MLS1,,,,,,,,,True,
792523,Marius Olsen,2025-2026,2025-12-15,600000,GKS GieKSa Katowice Spółka Akcyjna,PL1,,,,,,,,,True,
793133,Alin Boțogan,2025-2026,2025-12-19,200000,Fotbal Club Petrolul Ploiești,RO1,,,,,,,,,True,
793359,Matthew Edwards,2025-2026,2025-12-11,450000,Atlanta United Football Club,MLS1,,,,,,,,,True,
793361,Ajani Fortune,2025-2026,2025-12-11,1200000,Atlanta United Football Club,MLS1,,,,,,,,,True,
793957,Reed Baker-Whiting,2025-2026,2025-12-11,800000,Nashville SC,MLS1,,,,,,,,,True,
794116,Ayoub Jabbari,2025-2026,2025-12-11,400000,Football Club Cincinnati,MLS1,,,,,,,,,True,
794337,Jorge Teixeira,2025-2026,2025-12-16,350000,Football Club Pohang Steelers,RSK1,,,,,,,,,True,
794437,Jake Young,2025-2026,2025-11-26,225000,Saint Mirren Football Club,SC1,,,,,,,,,True,
794456,Magnus Sjøeng,2025-2026,2025-12-15,700000,Vålerengens Idrettsforening,NO1,,,,,,,,,True,
794495,Nemanja Krsmanovic,2025-2026,2025-12-11,250000,Fudbalski Klub Spartak Ždrepčeva krv,SER1,,,,,,,,,True,
794530,Cameron Cook,2025-2026,2026-01-13,150000,Perth Glory Football Club,AUS1,,,,,,,,,True,
794749,Cheveyo Tsawa,2025-2026,2025-12-29,5000000,FC Zürich,C1,,,,,,,,,True,
794757,Mikkel Konradsen Ceide,2025-2026,2025-12-15,800000,Rosenborg Ballklub,NO1,,,,,,,,,True,
794777,Nicolas Milanovic,2025-2026,2025-12-10,600000,Aberdeen Football Club,SC1,,,,,,,,,True,
795232,Quinn Sullivan,2025-2026,2025-12-11,5000000,Philadelphia Union,MLS1,,,,,,,,,True,
795253,Lucas Mauragis,2025-2026,2026-01-13,400000,Central Coast Mariners Football Club,AUS1,,,,,,,,,True,
795430,Ethan Amundsen-Day,2025-2026,2025-12-15,900000,Hamarkameratene,NO1,,,,,,,,,True,
795724,Emin Kujovic,2025-2026,2026-03-10,300000,RZ Pellets Wolfsberger Athletiksport Club,A1,,,,,,,,,True,
795918,Ousmane Diallo,2025-2026,2025-12-15,100000,Idrettsklubben Start,NO1,,,,,,,,,True,
796216,Emmanuel Gyamfi,2025-2026,2025-12-10,200000,Aberdeen Football Club,SC1,,,,,,,,,True,
796528,Isaiah LeFlore,2025-2026,2025-11-25,25000,Nashville SC,MLS1,,,,,,,,,True,
796610,Taiki Amagasa,2025-2026,2025-12-15,400000,JEF United,JAP1,,,,,,,,,True,
796742,Vitinho,2025-2026,2025-11-24,275000,Clube Desportivo Santa Clara,PO1,,,,,,,,,True,
796803,Haitham Asiri,2025-2026,2025-12-18,250000,Al-Qadsiah Saudi Football Club,SA1,,,,,,,,,True,
796865,Lamine Sy,2025-2026,2026-03-27,2500000,Association de la Jeunesse auxerroise,FR1,,,,,,,,,True,
796893,Vicky Kiankaulua,2025-2026,2025-12-11,400000,Fudbalski Klub IMT Novi Beograd,SER1,,,,,,,,,True,
796895,Baptiste Roux,2025-2026,2025-12-11,800000,Fudbalski klub TSC Bačka Topola,SER1,,,,,,,,,True,
796973,Lucas Monzón,2025-2026,2026-03-17,550000,Junior FC,COL1,,,,,,,,,True,
797100,Octavian Popescu,2025-2026,2026-03-27,600000,SC Fotbal Club FCSB SA,RO1,,,,,,,,,True,
797414,Owen Wolff,2025-2026,2025-12-11,4000000,Austin FC,MLS1,,,,,,,,,True,
797570,Veljko Ilić,2025-2026,2026-03-26,1500000,Widzew Łódź Spółka Akcyjna,PL1,,,,,,,,,True,
797594,Timur Abdrashitov,2025-2026,2025-11-18,150000,FK Krasnodar,RU1,,,,,,,,,True,
797623,Matteo de Brienne,2025-2026,2025-11-19,500000,GAIS,SE1,,,,,,,,,True,
797702,Esteban Lozano,2025-2026,2026-03-26,2000000,Club de Futbol Puebla de La Franja,MEX1,,,,,,,,,True,
797824,Nail Omerovic,2025-2026,2025-12-22,2500000,NK Osijek s.d.d.,KR1,,,,,,,,,True,
797864,Filip Samurovic,2025-2026,2025-12-11,100000,Fudbalski klub Radnik Surdulica,SER1,,,,,,,,,True,
797867,Ibrahim Mustapha,2025-2026,2025-12-11,350000,Fudbalski Klub Radnički Niš,SER1,,,,,,,,,True,
797945,Ruben Alte,2025-2026,2025-12-15,1000000,Viking Fotballklubb,NO1,,,,,,,,,True,
798114,Calebe,2025-2026,2025-12-12,2000000,Deportivo Alavés S. A. D.,ES1,,,,,,,,,True,
798248,,2025-2026,2025-12-19,900000,,,,,,,,,,,True,
798288,Savo Susic,2025-2026,2025-12-11,100000,Fudbalski Klub Javor Matis Ivanjica,SER1,,,,,,,,,True,
798507,Ángel Zapata,2025-2026,2025-12-29,1000000,Querétaro Fútbol Club,MEX1,,,,,,,,,True,
798819,Jesper Grundt,2025-2026,2025-12-15,500000,Tromsø Idrettslag,NO1,,,,,,,,,True,
798972,Issouf Macalou,2025-2026,2026-03-27,900000,Asociația Sportivă Fotbal Club Universitatea Cluj,RO1,,,,,,,,,True,
799594,Gonzalo Pérez,2025-2026,2025-12-17,1300000,Club Atlético Lanús,ARG1,,,,,,,,,True,
799682,Warren Madrigal,2025-2026,2025-12-30,600000,Nashville SC,MLS1,,,,,,,,,True,
799707,Mauricio Isaís,2025-2026,2025-12-29,1200000,"Deportivo Toluca Futbol Club, S. A. de C. V.",MEX1,,,,,,,,,True,
799819,Tomasz Neugebauer,2025-2026,2026-03-26,900000,Klub Sportowy Lechia Gdańsk,PL1,,,,,,,,,True,
799987,Marcus Baggesen,2025-2026,2025-11-19,400000,Västerås Sportklubb FK,SE1,,,,,,,,,True,
799993,Ayoube Amaimouni-Echghouyab,2025-2026,2026-03-20,7000000,Eintracht Frankfurt Fußball AG,L1,,,,,,,,,True,
800015,Vlad Raileanu,2025-2026,2025-12-18,500000,FC Rukh Lviv,UKR1,,,,,,,,,True,
800026,Viktor Rumyantsev,2025-2026,2025-12-12,300000,Panserraikos Serres,GR1,,,,,,,,,True,
800230,Viktor Ekblom,2025-2026,2026-03-16,300000,Tromsø Idrettslag,NO1,,,,,,,,,True,
800364,Hatim Es-Saoubi,2025-2026,2025-12-10,1000000,Koninklijke Atletiek Associatie Gent,BE1,,,,,,,,,True,
800664,Karol Knap,2025-2026,2025-12-08,200000,Klub Sportowy Cracovia Spółka Akcyjna,PL1,,,,,,,,,True,
800697,Kodai Nagata,2025-2026,2025-12-15,50000,Kyoto Purple Sanga,JAP1,,,,,,,,,True,
800720,Leonard Costa,2025-2026,2026-03-18,600000,Club Sportivo Independiente Rivadavia,ARG1,,,,,,,,,True,
800732,Diego Hernández,2025-2026,2025-11-24,1800000,S. A. F. Botafogo,BRA1,,,,,,,,,True,
800995,Ro-Zangelo Daal,2025-2026,2026-03-11,2000000,Alkmaar Zaanstreek,NL1,,,,,,,,,True,
801161,,2025-2026,2025-11-18,200000,,,,,,,,,,,True,
801328,Emmanuel Danso,2025-2026,2025-12-15,400000,Livingston Football Club,SC1,,,,,,,,,True,
801427,Marlee Francois,2025-2026,2026-01-13,250000,Auckland Football Club,AUS1,,,,,,,,,True,
801961,Janus Seehusen,2025-2026,2025-12-15,350000,Aalesunds Fotballklubb,NO1,,,,,,,,,True,
802143,Isaac Boehmer,2025-2026,2025-12-11,250000,Vancouver Whitecaps FC,MLS1,,,,,,,,,True,
802221,Brooklyn Kabongolo,2025-2026,2025-12-10,25000,Livingston Football Club,SC1,,,,,,,,,True,
802715,Mads Eriksen,2025-2026,2025-12-15,25000,Fodbold Club Fredericia,DK1,,,,,,,,,True,
802809,Maurício Garcez,2025-2026,2025-11-24,1000000,Associação Chapecoense de Futebol,BRA1,,,,,,,,,True,
802836,Dominik Hollý,2025-2026,2025-12-22,750000,FK Jablonec a.s.,TS1,,,,,,,,,True,
802855,Raúl Rangel,2025-2026,2026-03-26,6000000,Club Deportivo Guadalajara S. A. de C. V.,MEX1,,,,,,,,,True,
802857,,2025-2026,2026-03-26,3500000,,,,,,,,,,,True,
803018,Joaquín Valiente,2025-2026,2025-12-22,1800000,FC Dallas,MLS1,,,,,,,,,True,
803029,Hassan Al-Ali,2025-2026,2025-12-18,250000,Neom Sports Club,SA1,,,,,,,,,True,
803045,Furkan Dursun,2025-2026,2026-03-17,400000,FC Thun,C1,,,,,,,,,True,
803046,Amin-Elias Gröller,2025-2026,2025-12-22,400000,Sportklub Rapid,A1,,,,,,,,,True,
803049,Ermin Mahmic,2025-2026,2025-12-22,2500000,FC Slovan Liberec,TS1,,,,,,,,,True,
803052,Nikolaus Wurmbrand,2025-2026,2025-12-22,5000000,Sportklub Rapid,A1,,,,,,,,,True,
803401,Ryan Andrews,2025-2026,2025-12-29,2500000,Berner Sport Club Young Boys,C1,,,,,,,,,True,
803552,Abraham Bass,2025-2026,2025-12-22,300000,Club de Futbol Rojinegros S.A. de C.V.,MEX1,,,,,,,,,True,
803608,Carlos Sánchez,2025-2026,2026-03-26,2000000,Promotora del Club Pachuca S. A. de C. V.,MEX1,,,,,,,,,True,
803933,Luca Pazourek,2025-2026,2025-12-22,300000,Turn- und Sportverein Egger Glas Hartberg,A1,,,,,,,,,True,
803951,Luka Izderic,2025-2026,2025-12-11,350000,Fudbalski Klub Radnički Niš,SER1,,,,,,,,,True,
803967,Sanel Saljic,2025-2026,2026-03-10,1500000,Fußballklub Austria Wien,A1,,,,,,,,,True,
804034,Valentin Sulzbacher,2025-2026,2025-12-22,1200000,Fußballclub Red Bull Salzburg,A1,,,,,,,,,True,
804035,Tim Trummer,2025-2026,2025-12-22,1500000,Fußballclub Red Bull Salzburg,A1,,,,,,,,,True,
804282,Alek Álvarez,2025-2026,2025-12-29,400000,"Deportivo Toluca Futbol Club, S. A. de C. V.",MEX1,,,,,,,,,True,
804553,Jakub Uhrincat,2025-2026,2025-12-22,300000,FC Hradec Králové a.s.,TS1,,,,,,,,,True,
804708,Brandon Dominguès,2025-2026,2025-12-12,600000,Klub Sportowy Górnik Zabrze Sportowa Spółka Akcyjna,PL1,Brandon Dominguès,2022-2023,2023-06-07,350000.0,Real Oviedo S.A.D.,ES1,-250000.0,-0.4166666666666667,True,LaLiga
804793,Brian Ramírez,2025-2026,2025-12-11,250000,Fudbalski Klub Spartak Ždrepčeva krv,SER1,,,,,,,,,True,
804936,Eskil Edh,2025-2026,2026-03-30,1800000,Allmänna Idrottsklubben,SE1,,,,,,,,,True,
804938,Daniel Ihendu,2025-2026,2026-03-17,250000,FC Zürich,C1,,,,,,,,,True,
804954,Lukas Bergquist,2025-2026,2025-11-19,500000,Allmänna Idrottsklubben,SE1,,,,,,,,,True,
805065,Iyad Mohamed,2025-2026,2025-12-18,400000,Casa Pia Atlético Clube,PO1,,,,,,,,,True,
805123,Konstantin Schopp,2025-2026,2025-12-19,400000,Turn- und Sportverein Egger Glas Hartberg,A1,,,,,,,,,True,
805126,Paul Bratschko,2025-2026,2025-12-22,125000,Turn- und Sportverein Egger Glas Hartberg,A1,,,,,,,,,True,
805190,Sebastian Clemmensen,2025-2026,2025-11-07,500000,Idrottsföreningen Kamraterna Göteborg,SE1,,,,,,,,,True,
805215,Tobias Gruber,2025-2026,2025-12-22,300000,RZ Pellets Wolfsberger Athletiksport Club,A1,,,,,,,,,True,
805451,Maas Willemsen,2025-2026,2025-12-02,1500000,Sportclub Heerenveen,NL1,,,,,,,,,True,
805503,Fabian Rossdorfer,2025-2026,2025-12-22,350000,Sportvereinigung Ried 1912,A1,,,,,,,,,True,
805534,Arjan Malic,2025-2026,2025-12-22,1800000,Sportklub Puntigamer Sturm Graz,A1,,,,,,,,,True,
805544,Philip Weissenbacher,2025-2026,2025-12-22,75000,Sportvereinigung Ried 1912,A1,,,,,,,,,True,
805763,Maxime Dubosson,2025-2026,2026-03-17,125000,FC Sion,C1,,,,,,,,,True,
805834,Sławomir Abramowicz,2025-2026,2025-12-08,4000000,Jagiellonia-Bialystok Sportowa Spólka Akcyjna,PL1,,,,,,,,,True,
805889,Max Dean,2025-2026,2026-03-13,2500000,Koninklijke Atletiek Associatie Gent,BE1,,,,,,,,,True,
806015,Adriano Onyegbule,2025-2026,2025-12-29,200000,FC Basel 1893 AG,C1,,,,,,,,,True,
806037,Yassin Sbai,2025-2026,2025-12-29,100000,FC Lugano,C1,,,,,,,,,True,
806043,Matthis Riou,2025-2026,2025-12-10,400000,RAAL La Louvière,BE1,,,,,,,,,True,
806170,Aboubacar Camara,2025-2026,2025-12-19,150000,Fotbal Club Metaloglobus București SA,RO1,,,,,,,,,True,
806245,Irakli Yegoian,2025-2026,2026-03-11,1500000,Excelsior Rotterdam,NL1,,,,,,,,,True,
806477,Filip Milojevic,2025-2026,2026-03-10,800000,Sportclub Rheindorf Altach,A1,,,,,,,,,True,
807124,Alioune Ndoye,2025-2026,2026-03-19,1000000,Vitória Sport Clube,PO1,,,,,,,,,True,
807247,Samuli Miettinen,2025-2026,2025-11-20,500000,NK Istra 1961,KR1,,,,,,,,,True,
807309,Max Nielsen,2025-2026,2026-03-30,400000,Mjällby Almänna Idrottsförening,SE1,,,,,,,,,True,
807417,Emmanuel Fernandez,2025-2026,2026-03-05,9000000,Rangers Football Club,SC1,,,,,,,,,True,
807731,Artem Machelyuk,2025-2026,2025-12-18,400000,FK Kudrivka-1,UKR1,,,,,,,,,True,
807782,Maciej Kikolski,2025-2026,2025-12-08,500000,Widzew Łódź Spółka Akcyjna,PL1,,,,,,,,,True,
807784,Jocelin Behiratche,2025-2026,2025-12-18,400000,FC Oleksandriya,UKR1,,,,,,,,,True,
807941,Tim Meyer,2025-2026,2025-12-29,1200000,Grasshopper Club Zürich,C1,,,,,,,,,True,
808070,Novak Tepsic,2025-2026,2025-12-22,200000,NK Varazdin,KR1,,,,,,,,,True,
808128,Nolan Gillot,2025-2026,2026-03-13,500000,RAAL La Louvière,BE1,,,,,,,,,True,
808445,Adriel,2025-2026,2025-11-24,800000,AVS Futebol SAD,PO1,,,,,,,,,True,
808465,Ardit Tahiri,2025-2026,2025-11-20,250000,FK Kolos Kovalivka,UKR1,,,,,,,,,True,
808507,Denilson,2025-2026,2025-11-24,2000000,Mirasol Futebol Clube,BRA1,,,,,,,,,True,
808711,Matthias Wetschka,2025-2026,2025-12-22,100000,Fußballclub Blau-Weiß Linz,A1,,,,,,,,,True,
809157,Luka Dajcer,2025-2026,2025-12-22,350000,NK Lokomotiva Zagreb,KR1,,,,,,,,,True,
809240,Robert Sălceanu,2025-2026,2025-12-19,300000,ASFC Buzau (2016-2025),RO1,,,,,,,,,True,
809242,Yann Massombo,2025-2026,2025-12-22,600000,Sportclub Rheindorf Altach,A1,,,,,,,,,True,
809682,Jona Niemiec,2025-2026,2025-12-15,500000,Odense Boldklub,DK1,,,,,,,,,True,
810100,Taylan Bulut,2025-2026,2026-03-05,5000000,Beşiktaş Jimnastik Kulübü,TR1,,,,,,,,,True,
810285,Mateo Biondic,2025-2026,2026-03-13,400000,Royale Union Saint-Gilloise,BE1,,,,,,,,,True,
810710,Juan Pablo Gómez,2025-2026,2025-12-29,50000,Club de Futbol Puebla de La Franja,MEX1,,,,,,,,,True,
811169,Andreas Hermansen,2025-2026,2026-03-30,275000,GAIS,SE1,Andreas Hermansen,2022-2023,2023-06-26,150000.0,Göteborgs Atlet- och Idrottssällskap,SE1,-125000.0,-0.45454545454545453,True,
811219,Newton,2025-2026,2025-12-10,3000000,S. A. F. Botafogo,BRA1,,,,,,,,,True,
811373,José Castillo,2025-2026,2026-03-26,4000000,Club Deportivo Guadalajara S. A. de C. V.,MEX1,,,,,,,,,True,
812010,David Latal,2025-2026,2026-03-24,225000,FC Baník Ostrava a.s.,TS1,,,,,,,,,True,
812726,Andriy Bezhenar,2025-2026,2025-12-18,125000,Epicentr Dunaivtsi,UKR1,,,,,,,,,True,
812981,Dimitrije Stevanovic,2025-2026,2025-12-11,300000,Fudbalski Klub Javor Matis Ivanjica,SER1,,,,,,,,,True,
813044,Elias Manoel,2025-2026,2025-12-18,1500000,Clube Desportivo Santa Clara,PO1,,,,,,,,,True,
813063,Joran Gerbet,2025-2026,2025-12-11,500000,Orlando City Soccer Club,MLS1,,,,,,,,,True,
813107,Gabriel Pirani,2025-2026,2025-12-11,2000000,D.C. United,MLS1,,,,,,,,,True,
813108,Vinicius Balieiro,2025-2026,2025-11-24,400000,Associação Chapecoense de Futebol,BRA1,,,,,,,,,True,
813296,Mark Natta,2025-2026,2026-01-13,400000,Newcastle United Jets Football Club,AUS1,,,,,,,,,True,
814089,Shu Morooka,2025-2026,2025-12-15,300000,Kashima Antlers FC,JAP1,,,,,,,,,True,
814178,Reon Yamahara,2025-2026,2025-12-15,750000,Kawasaki Frontale,JAP1,,,,,,,,,True,
814476,Lorenzo Dellavalle,2025-2026,2025-12-11,100000,Los Angeles Football Club,MLS1,,,,,,,,,True,
814489,Taisei Abe,2025-2026,2026-03-17,2000000,FC Luzern,C1,,,,,,,,,True,
814830,Mykola Myronyuk,2025-2026,2025-12-18,300000,Epicentr Dunaivtsi,UKR1,,,,,,,,,True,
814970,Enzo Roldán,2025-2026,2025-12-17,350000,Club Atlético Unión,ARG1,,,,,,,,,True,
814992,Runar Norheim,2025-2026,2025-12-15,2000000,Fodbold Club Nordsjælland,DK1,,,,,,,,,True,
815017,Samet Karakoç,2025-2026,2026-03-05,500000,Antalyaspor,TR1,,,,,,,,,True,
815039,Gentrit Salihu,2025-2026,2025-12-23,175000,NK Lokomotiva Zagreb,KR1,,,,,,,,,True,
815041,Ron Raci,2025-2026,2025-12-22,450000,HNK Hajduk Split,KR1,,,,,,,,,True,
815219,Ivan Mandić,2025-2026,2025-12-18,300000,Casa Pia Atlético Clube,PO1,,,,,,,,,True,
815316,Osman Addo,2025-2026,2025-12-18,400000,Viborg Fodsports Forening,DK1,,,,,,,,,True,
815558,Martinelli,2025-2026,2026-03-12,16000000,Fluminense Football Club,BRA1,,,,,,,,,True,
815673,Fernando Henrique,2025-2026,2026-03-23,600000,FC Oleksandriya,UKR1,,,,,,,,,True,
816129,Vanderlan,2025-2026,2025-12-10,3500000,Red Bull Bragantino,BRA1,,,,,,,,,True,
816135,Pedro Lima,2025-2026,2025-12-18,400000,AVS Futebol SAD,PO1,,,,,,,,,True,
816144,Lucas Barbosa,2025-2026,2025-12-10,5000000,Red Bull Bragantino,BRA1,,,,,,,,,True,
816777,Dairon Valencia,2025-2026,2025-12-05,100000,Envigado FC,COL1,,,,,,,,,True,
816843,Martín Río,2025-2026,2025-12-17,2500000,Club Atlético Talleres,ARG1,,,,,,,,,True,
816875,Denis Halinsky,2025-2026,2025-12-22,1500000,"FK Teplice, a.s.",TS1,,,,,,,,,True,
816946,Matei Moraru,2024-2025,2025-06-16,50000,Asociația Sportivă Fotbal Club Universitatea Cluj,RO1,,,,,,,,,True,
817355,Matvey Urvantsev,2025-2026,2026-03-25,500000,FK Nizhny Novgorod,RU1,,,,,,,,,True,
817386,Yuriy Koledin,2025-2026,2025-12-16,500000,FK Nizhny Novgorod,RU1,,,,,,,,,True,
817502,Daniel Pandula,2025-2026,2026-03-24,25000,FK Pardubice,TS1,,,,,,,,,True,
817554,Yun-gu Kang,2025-2026,2025-12-16,175000,Gangwon Football Club,RSK1,,,,,,,,,True,
817822,Stanislav Poroykov,2025-2026,2025-12-16,300000,FC Orenburg,RU1,,,,,,,,,True,
817830,Ilya Zhbanov,2025-2026,2025-12-16,300000,FK Rostov,RU1,,,,,,,,,True,
818445,Milan Zonneveld,2025-2026,2025-12-02,300000,Sparta Rotterdam,NL1,,,,,,,,,True,
818924,Mass Sise,2025-2026,2026-03-26,150000,Fudbalski Klub Javor Matis Ivanjica,SER1,,,,,,,,,True,
819183,,2025-2026,2025-12-02,500000,,,,,,,,,,,True,
819382,Nojus Audinis,2025-2026,2025-12-22,400000,"FK Teplice, a.s.",TS1,,,,,,,,,True,
819392,Anton Ekeroth,2025-2026,2025-12-15,750000,Hamarkameratene,NO1,,,,,,,,,True,
819603,Noah Allen,2025-2026,2025-12-11,1800000,Club Internacional de Fútbol Miami,MLS1,,,,,,,,,True,
819840,Alessandro Lopane,2025-2026,2026-01-13,350000,Melbourne City Football Club,AUS1,,,,,,,,,True,
819874,Fernando Tapia,2025-2026,2025-12-29,2000000,Club de Futbol América S. A. de C. V.,MEX1,,,,,,,,,True,
820227,Ricardo Rodríguez,2025-2026,2025-12-29,100000,Mazatlán Futbol Club,MEX1,,,,,,,,,True,
820371,Andrian Kraev,2025-2026,2025-12-22,1500000,,,Andrian Kraev,2025-2026,2025-12-22,1500000.0,Casa Pia Atlético Clube,PO1,0.0,0.0,True,Liga Portugal
820540,Filip Kocaba,2025-2026,2026-03-26,1500000,Zagłębie Lubin Spółka Akcyjna,PL1,,,,,,,,,True,
821032,Jaziel Orozco,2025-2026,2025-12-11,250000,St. Louis City Soccer Club,MLS1,,,,,,,,,True,
821190,Yu Funabashi,2025-2026,2025-12-15,750000,Kashima Antlers FC,JAP1,,,,,,,,,True,
821350,Oskar Wójcik,2025-2026,2026-03-26,3000000,Klub Sportowy Cracovia Spółka Akcyjna,PL1,,,,,,,,,True,
821377,Nawaf Boushal,2025-2026,2025-12-18,1400000,Al-Nassr Football Club,SA1,,,,,,,,,True,
821378,Marwan Al-Haidari,2025-2026,2025-12-18,125000,Al-Khaleej Club (Saihat),SA1,,,,,,,,,True,
821382,Saad Balobaid,2025-2026,2025-12-18,600000,Al-Shabab Club,SA1,,,,,,,,,True,
822051,Lukas Pesl,2025-2026,2026-03-24,50000,FC Slovan Liberec,TS1,,,,,,,,,True,
822074,Mitja Ilenic,2025-2026,2026-03-26,1500000,RKS Raków Częstochowa SA,PL1,,,,,,,,,True,
822079,Nino Milic,2025-2026,2025-12-10,300000,MFK Karvina,TS1,,,,,,,,,True,
822103,Isak Vådebu,2025-2026,2025-12-15,500000,Tromsø Idrettslag,NO1,,,,,,,,,True,
822126,Hyun-tae Jo,2025-2026,2025-12-16,125000,Gangwon Football Club,RSK1,,,,,,,,,True,
822132,Chang-hoon Kim,2025-2026,2025-12-16,25000,Jeonbuk Hyundai Motors,RSK1,,,,,,,,,True,
822141,Martín Fernández,2025-2026,2025-12-18,450000,Gil Vicente Futebol Clube,PO1,,,,,,,,,True,
822164,Aarón Mejía,2025-2026,2025-12-29,1800000,Club de Futbol América S. A. de C. V.,MEX1,,,,,,,,,True,
822601,Leon Grgic,2025-2026,2025-12-22,2500000,Sportklub Puntigamer Sturm Graz,A1,,,,,,,,,True,
824040,Mihăiță Lemnaru,2025-2026,2025-12-19,50000,Asociația Fotbal Club Unirea 04 Slobozia,RO1,,,,,,,,,True,
824077,,2025-2026,2025-12-15,300000,,,,,,,,,,,True,
824658,Hayato Tanaka,2025-2026,2025-12-15,900000,Cerezo Osaka,JAP1,,,,,,,,,True,
824915,Mihai Lixandru,2025-2026,2025-12-19,1000000,SC Fotbal Club FCSB SA,RO1,,,,,,,,,True,
825588,Hubert Zwoźny,2025-2026,2025-12-08,300000,Miejski Klub Sportowy Korona Kielce Spółka Akcyjna,PL1,,,,,,,,,True,
825780,Zé Vitor,2024-2025,2025-06-06,100000,Esporte Clube Vitória,BRA1,,,,,,,,,True,
825960,Gísli Thórdarson,2025-2026,2025-12-08,700000,KKS Lech Poznań Spółka Akcyjna,PL1,,,,,,,,,True,
825994,Jakub Jezierski,2025-2026,2026-03-24,600000,"SK Sigma Olomouc, a.s.",TS1,,,,,,,,,True,
826103,Alexandr Sojka,2025-2026,2026-03-24,1000000,"FC Viktoria Plzeň, a.s.",TS1,,,,,,,,,True,
826462,Antonio Carrera,2025-2026,2025-12-29,25000,Club Tigres UANL Sinergia Deportiva S.A. de C.V.,MEX1,,,,,,,,,True,
826527,Felipe Zenobio,2025-2026,2025-12-17,3500000,Club Atlético Tigre,ARG1,,,,,,,,,True,
826528,Federico Gomes Gerth,2025-2026,2025-12-17,100000,Club Atlético Unión,ARG1,,,,,,,,,True,
826719,Fally Mayulu,2025-2026,2025-12-03,2000000,Futebol Clube de Arouca,PO1,,,,,,,,,True,
827285,Mayer Gil,2025-2026,2026-03-17,350000,Asociación Deportivo Pasto,COL1,,,,,,,,,True,
827734,Ange-Yoan Bonny,2025-2026,2025-12-23,35000000,Football Club Internazionale Milano S.p.A.,IT1,,,,,,,,,True,
828045,Miguel Monsalve,2025-2026,2025-12-10,4000000,Grêmio Foot-Ball Porto Alegrense,BRA1,,,,,,,,,True,
828257,Luis Villegas,2025-2026,2025-12-29,50000,Querétaro Fútbol Club,MEX1,,,,,,,,,True,
828385,Masaya Shibayama,2025-2026,2025-12-15,600000,Cerezo Osaka,JAP1,,,,,,,,,True,
828467,Paul Tabinas,2025-2026,2025-12-22,200000,GNK Dinamo Zagreb,KR1,,,,,,,,,True,
829063,Ángel Estrada,2025-2026,2025-12-29,800000,Club León Fútbol Club,MEX1,,,,,,,,,True,
829159,Pocholo Bugas,2025-2026,2025-12-22,25000,HNK Vukovar 1991,KR1,,,,,,,,,True,
829299,Max Weiß,2025-2026,2025-12-09,4000000,Burnley Football Club,GB1,,,,,,,,,True,
829343,George Onaiwu,2025-2026,2025-12-15,300000,Yokohama Marinos,JAP1,,,,,,,,,True,
829378,Braian Aguirre,2025-2026,2025-12-10,2500000,Sport Club Internacional,BRA1,,,,,,,,,True,
829381,Lucas Besozzi,2025-2026,2025-12-17,300000,Club Atlético Lanús,ARG1,,,,,,,,,True,
829410,Ethan Brooks,2025-2026,2026-03-06,700000,Panserraikos Serres,GR1,,,,,,,,,True,
829433,Joaquín García,2025-2026,2025-12-17,2700000,Club Atlético Vélez Sársfield,ARG1,,,,,,,,,True,
829681,Hiroshi Omori,2024-2025,2025-06-26,150000,Fagiano Okayama Sports Club,JAP1,,,,,,,,,True,
829966,Kevin Zenón,2025-2026,2026-03-18,4500000,Club Atlético Boca Juniors,ARG1,,,,,,,,,True,
829967,Federico Vera,2025-2026,2025-12-17,1300000,Club Atlético Independiente de Avellaneda,ARG1,,,,,,,,,True,
829968,Imanol Machuca,2025-2026,2026-02-11,1500000,Club Atlético Vélez Sársfield,ARG1,,,,,,,,,True,
829969,Lucas Esquivel,2025-2026,2026-03-12,4000000,Clube Atlético Paranaense,BRA1,,,,,,,,,True,
830112,Ramiro Sordo,2025-2026,2025-12-29,2500000,Club Santos Laguna S. A. de C. V.,MEX1,,,,,,,,,True,
830113,Steven Nsimba,2025-2026,2025-12-19,800000,U Craiova 1948 Club Sportiv SA,RO1,,,,,,,,,True,
830280,Jan Paus-Kunst,2025-2026,2025-12-22,50000,NK Istra 1961,KR1,,,,,,,,,True,
830365,Alisson Santos,2025-2026,2026-03-24,13000000,Società Sportiva Calcio Napoli,IT1,,,,,,,,,True,
830602,Nolan Norris,2025-2026,2025-12-11,250000,FC Dallas,MLS1,,,,,,,,,True,
830604,Sergio Oregel,2025-2026,2025-12-11,1000000,Chicago Fire Soccer Club,MLS1,,,,,,,,,True,
830842,Juan Carlos Portillo,2025-2026,2025-12-17,3500000,Club Atlético River Plate,ARG1,,,,,,,,,True,
830855,Stefano Moreyra,2025-2026,2025-12-17,800000,Club Sportivo Independiente Rivadavia,ARG1,,,,,,,,,True,
830857,Eric Meza,2025-2026,2026-03-18,2200000,Club Estudiantes de La Plata,ARG1,,,,,,,,,True,
831110,Luca Martínez Dupuy,2025-2026,2026-03-26,1000000,Fútbol Club Juárez,MEX1,,,,,,,,,True,
831492,Matías González,2025-2026,2026-03-06,200000,Volou Neos Podosferikos Syllogos,GR1,,,,,,,,,True,
832088,Pedro Ramírez,2025-2026,2025-12-17,750000,Asociación de Fomento Deportivo Riestra Barrio Colón,ARG1,,,,,,,,,True,
832162,Carlos Lucumí,2025-2026,2026-03-17,600000,Alianza FC,COL1,,,,,,,,,True,
832308,Miguel Gómez,2025-2026,2025-12-29,1200000,Club Deportivo Guadalajara S. A. de C. V.,MEX1,,,,,,,,,True,
832340,Robert Morales,2025-2026,2026-03-26,3500000,Club Universidad Nacional A. C.,MEX1,,,,,,,,,True,
833115,Franco Romero,2025-2026,2026-03-26,5000000,"Deportivo Toluca Futbol Club, S. A. de C. V.",MEX1,,,,,,,,,True,
833130,Ignacio Russo,2025-2026,2026-03-18,4000000,Club Atlético Tigre,ARG1,,,,,,,,,True,
833268,Alonso Aceves,2025-2026,2026-03-26,2500000,Club de Fútbol Monterrey Rayados A.C.,MEX1,,,,,,,,,True,
833269,René López,2025-2026,2025-12-22,450000,Promotora del Club Pachuca S. A. de C. V.,MEX1,,,,,,,,,True,
833271,Antonio Sánchez,2025-2026,2025-12-29,400000,Club de Futbol Rojinegros S.A. de C.V.,MEX1,,,,,,,,,True,
833313,Toni Silic,2025-2026,2025-12-22,500000,HNK Hajduk Split,KR1,,,,,,,,,True,
833592,Daniel Hall,2025-2026,2026-01-13,500000,Auckland Football Club,AUS1,,,,,,,,,True,
833603,Patrick Wood,2025-2026,2026-01-13,300000,Sydney Football Club,AUS1,,,,,,,,,True,
833783,Facundo Mansilla,2025-2026,2026-03-18,350000,Club Atlético Central Córdoba,ARG1,,,,,,,,,True,
833817,Ahmed Qasem,2025-2026,2025-12-11,3500000,Nashville SC,MLS1,,,,,,,,,True,
833886,Franco Catarozzi,2025-2026,2025-12-18,350000,Clube do Remo,BRA1,,,,,,,,,True,
833893,Enzo Larrosa,2025-2026,2025-12-18,700000,Independiente Medellín,COL1,,,,,,,,,True,
834443,Tiago Cóser,2025-2026,2026-03-12,800000,Coritiba Foot Ball Club,BRA1,,,,,,,,,True,
834444,Victor Gabriel,2025-2026,2025-12-10,5000000,Sport Club Internacional,BRA1,,,,,,,,,True,
834744,Antoniu Roca,2025-2026,2025-12-12,1800000,Reial Club Deportiu Espanyol de Barcelona S.A.D.,ES1,,,,,,,,,True,
835325,Aidan Carey,2025-2026,2025-12-16,225000,Auckland Football Club,AUS1,,,,,,,,,True,
835546,Hasip Korkmazyürek,2025-2026,2025-12-02,50000,Fortuna Sittardia Combinatie,NL1,,,,,,,,,True,
835677,Manuel Romero,2025-2026,2025-12-17,450000,Instituto Atlético Central Córdoba,ARG1,,,,,,,,,True,
835775,Ayumu Yokoyama,2025-2026,2025-12-10,900000,Koninklijke Racing Club Genk,BE1,,,,,,,,,True,
836196,Matyas Vojta,2025-2026,2026-03-24,3000000,"AC Sparta Praha, a. s.",TS1,,,,,,,,,True,
836251,Fernando Román,2025-2026,2025-12-17,450000,Club Atlético Aldosivi,ARG1,,,,,,,,,True,
836252,Manuel Panaro,2025-2026,2025-12-17,2000000,Club de Gimnasia y Esgrima La Plata,ARG1,,,,,,,,,True,
836253,Siro Rosané,2025-2026,2025-12-17,900000,Asociación Atlética Estudiantes,ARG1,,,,,,,,,True,
836282,Williams Barlasina,2025-2026,2025-12-17,150000,Club Atlético Newell’s Old Boys,ARG1,,,,,,,,,True,
836493,Gonzalo Abrego,2025-2026,2025-12-17,1700000,Club Atlético San Lorenzo de Almagro,ARG1,,,,,,,,,True,
836662,Emiliano Álvarez,2025-2026,2025-12-17,350000,Club Atlético Unión,ARG1,,,,,,,,,True,
836775,Riku Yamane,2025-2026,2025-12-15,800000,Yokohama Marinos,JAP1,,,,,,,,,True,
836892,Abdi Sabriye,2025-2026,2025-11-19,100000,Kalmar Fotbollförening,SE1,,,,,,,,,True,
837239,Mario Tudose,2025-2026,2026-03-27,1500000,Asociația Clubul Sportiv Campionii Fotbal Club Argeș,RO1,,,,,,,,,True,
837240,Rareș Pop,2025-2026,2025-12-19,500000,Fotbal Club Petrolul Ploiești,RO1,,,,,,,,,True,
837534,Luiz Filipe,2025-2026,2025-11-24,100000,Mirasol Futebol Clube,BRA1,,,,,,,,,True,
837619,Armando González,2025-2026,2026-03-26,15000000,Club Deportivo Guadalajara S. A. de C. V.,MEX1,,,,,,,,,True,
838405,Renzo Giampaoli,2025-2026,2026-03-18,2000000,Club de Gimnasia y Esgrima La Plata,ARG1,,,,,,,,,True,
838925,Álex Alcalá,2022-2023,2022-11-29,25000,Querétaro Fútbol Club,MEX1,,,,,,,,,True,
838928,Emilio Martínez,2025-2026,2025-12-29,1500000,Impulsora del Deportivo Necaxa S.A. de C.V.,MEX1,,,,,,,,,True,
839029,Marco Di Césare,2025-2026,2025-12-17,6000000,Racing Club Asociación Civil de Avellaneda,ARG1,,,,,,,,,True,
839030,Sebastián Meza,2025-2026,2025-12-17,600000,Club Atlético Huracán,ARG1,,,,,,,,,True,
839031,Leonel Pérez,2025-2026,2025-12-17,6000000,Grêmio Foot-Ball Porto Alegrense,BRA1,,,,,,,,,True,
839444,Seung-ho Park,2025-2026,2025-12-16,350000,Incheon United Football Club,RSK1,,,,,,,,,True,
839460,Seung-won Lee,2025-2026,2025-12-16,450000,Gangwon Football Club,RSK1,,,,,,,,,True,
839533,Stepan Beran,2025-2026,2025-12-22,200000,1. FC Slovácko,TS1,,,,,,,,,True,
839537,Matej Zitny,2025-2026,2025-12-22,400000,FK Dukla Praha a.s.,TS1,,,,,,,,,True,
839549,Jan Tredl,2025-2026,2025-12-22,350000,FK Pardubice,TS1,,,,,,,,,True,
839551,Ondrej Kricfalusi,2025-2026,2026-03-24,4000000,FC Baník Ostrava a.s.,TS1,,,,,,,,,True,
839554,Eric Hunal,2025-2026,2025-12-22,600000,FK Dukla Praha a.s.,TS1,,,,,,,,,True,
839682,Obilor Denzel Okeke,2025-2026,2026-03-25,550000,Idrottsföreningen  Brommapojkarna,SE1,,,,,,,,,True,
840008,Lachlan Rose,2025-2026,2026-01-13,400000,Newcastle United Jets Football Club,AUS1,,,,,,,,,True,
840362,Naohiro Sugiyama,2025-2026,2025-12-15,400000,JEF United,JAP1,,,,,,,,,True,
840431,Gustavo,2024-2025,2025-05-29,500000,Coritiba Foot Ball Club,BRA1,,,,,,,,,True,
840538,Christ Afalna,2025-2026,2025-12-19,550000,Asociația Fotbal Club Hermannstadt,RO1,,,,,,,,,True,
840687,Luís Semedo,2025-2026,2025-12-18,400000,Moreirense Futebol Clube,PO1,,,,,,,,,True,
840764,,2025-2026,2025-12-10,900000,,,,,,,,,,,True,
840768,,2025-2026,2025-12-17,300000,,,,,,,,,,,True,
840774,Sebastián Medina,2025-2026,2025-12-17,350000,Club Atlético Tigre,ARG1,,,,,,,,,True,
840778,Alejo Dramisino,2025-2026,2025-11-24,350000,Asociación de Fomento Deportivo Riestra Barrio Colón,ARG1,,,,,,,,,True,
840860,Tomás Bottari,2025-2026,2025-12-17,1200000,Club Sportivo Independiente Rivadavia,ARG1,,,,,,,,,True,
840865,Nicolás Ferreyra,2025-2026,2025-11-26,500000,Club Atlético Gimnasia y Esgrima de Mendoza,ARG1,,,,,,,,,True,
841108,David Virgili,2025-2026,2025-12-22,250000,NK Lokomotiva Zagreb,KR1,,,,,,,,,True,
841184,Diego Chávez,2025-2026,2025-12-05,250000,Asociación Deportivo Pasto,COL1,,,,,,,,,True,
841207,Ayrton Portillo,2025-2026,2026-03-18,700000,Club Social y Deportivo Defensa y Justicia,ARG1,,,,,,,,,True,
841238,Luka Laban,2025-2026,2025-12-11,100000,Fudbalski klub Napredak Kruševac,SER1,,,,,,,,,True,
841263,Pedro Rangel,2025-2026,2025-11-24,500000,Coritiba Foot Ball Club,BRA1,,,,,,,,,True,
842074,Imourane Hassane,2025-2026,2025-12-29,1000000,Grasshopper Club Zürich,C1,,,,,,,,,True,
842141,Rodrigo Herrera,2025-2026,2025-12-17,1700000,Club Atlético Newell’s Old Boys,ARG1,,,,,,,,,True,
842187,Dominik Stöger,2025-2026,2025-12-22,10000,Sportvereinigung Ried 1912,A1,,,,,,,,,True,
842218,Paul Piffer,2025-2026,2025-12-22,75000,Sportclub Rheindorf Altach,A1,,,,,,,,,True,
842229,Kyung-ho Roh,2025-2026,2025-12-16,250000,Gimcheon Sangmu Football Club,RSK1,,,,,,,,,True,
842272,Christian Huetz,2025-2026,2025-12-22,150000,Wattener Sportgemeinschaft Swarovski Tirol,A1,,,,,,,,,True,
842342,José Caldera,2025-2026,2026-03-17,400000,Deportivo Cali,COL1,,,,,,,,,True,
842343,Alex Moreno,2025-2026,2025-12-05,50000,Millonarios FC,COL1,,,,,,,,,True,
842357,Nelson Palacio,2025-2026,2025-12-29,1500000,FC Zürich,C1,,,,,,,,,True,
842420,Nathan-Dylan Saliba,2025-2026,2026-03-13,6000000,Royal Sporting Club Anderlecht,BE1,,,,,,,,,True,
842453,Kwaku Karikari,2025-2026,2026-03-26,1200000,Železničar Pančevo,SER1,,,,,,,,,True,
842589,Joaquín Gho,2025-2026,2025-12-17,2000000,Asociación Atlética Argentinos Juniors,ARG1,,,,,,,,,True,
842808,Agustín Colazo,2025-2026,2025-12-17,500000,Club Atlético Unión,ARG1,,,,,,,,,True,
843027,Konosuke Nishikawa,2025-2026,2025-12-15,900000,Football Club Mito HollyHock,JAP1,,,,,,,,,True,
843126,Alex Luna,2025-2026,2026-03-18,4000000,Instituto Atlético Central Córdoba,ARG1,,,,,,,,,True,
843156,Gastón Benedetti,2025-2026,2026-03-18,2000000,Club Estudiantes de La Plata,ARG1,,,,,,,,,True,
843286,Felipe Loyola,2025-2026,2025-12-17,8000000,Pisa Sporting Club,IT1,,,,,,,,,True,
843401,Callum Talbot,2025-2026,2026-01-13,375000,Macarthur South West Sydney (A-League),AUS1,,,,,,,,,True,
843472,Pedrinho,2025-2026,2025-12-16,275000,Ulsan Hyundai Football Club,RSK1,,,,,,,,,True,
843876,Takaya Kimura,2025-2026,2025-12-15,500000,Fagiano Okayama Sports Club,JAP1,,,,,,,,,True,
843877,Yuya Kuwasaki,2025-2026,2025-12-15,750000,Rakuten Vissel Kobe,JAP1,,,,,,,,,True,
844242,Gonzalo Maffini,2025-2026,2025-11-26,175000,Asociación Atlética Estudiantes,ARG1,,,,,,,,,True,
844375,Leon Belcar,2025-2026,2025-12-22,500000,NK Lokomotiva Zagreb,KR1,,,,,,,,,True,
844534,,2025-2026,2025-12-16,75000,,,,,,,,,,,True,
844566,Aziz Kayondo,2025-2026,2025-12-22,900000,FC Slovan Liberec,TS1,,,,,,,,,True,
844725,Josué Ovalle,2025-2026,2025-11-25,225000,Mazatlán Futbol Club,MEX1,,,,,,,,,True,
844790,Lautaro Amadé,2025-2026,2025-12-18,400000,Club Social y Deportivo Defensa y Justicia,ARG1,,,,,,,,,True,
844791,Ezequiel Cannavo,2025-2026,2026-03-18,2500000,Racing Club Asociación Civil de Avellaneda,ARG1,,,,,,,,,True,
844797,José Manuel López,2025-2026,2026-03-12,22000000,Sociedade Esportiva Palmeiras,BRA1,,,,,,,,,True,
844800,Antony Alonso,2025-2026,2025-12-17,750000,Asociación de Fomento Deportivo Riestra Barrio Colón,ARG1,,,,,,,,,True,
844946,Moreno Zivkovic,2025-2026,2025-12-22,250000,HNK Vukovar 1991,KR1,,,,,,,,,True,
845277,Dominik Biniek,2025-2026,2025-12-08,100000,Termalica Bruk-Bet Nieciecza Klub Sportowy,PL1,,,,,,,,,True,
845559,Nemanja Vidojevic,2025-2026,2026-03-26,500000,Železničar Pančevo,SER1,,,,,,,,,True,
845560,Aleksej Vukicevic,2025-2026,2025-12-11,1200000,Omladinski fudbalski klub Beograd,SER1,,,,,,,,,True,
845857,Stefan Pirgic,2025-2026,2026-03-26,800000,Železničar Pančevo,SER1,,,,,,,,,True,
846254,Petar Ratkov,2025-2026,2026-03-24,10000000,Società Sportiva Lazio S.p.A.,IT1,,,,,,,,,True,
846367,Miguel Ramírez,2025-2026,2025-12-29,50000,Club de Futbol Puebla de La Franja,MEX1,,,,,,,,,True,
846545,Lukas Kacavenda,2025-2026,2025-12-22,800000,Linzer Athletik-Sport-Klub,A1,,,,,,,,,True,
846708,Mateja Gasic,2025-2026,2025-12-11,1000000,Fudbalski klub Radnik Surdulica,SER1,,,,,,,,,True,
846745,Andreja Ristic,2025-2026,2025-12-17,100000,Fudbalski Klub Javor Matis Ivanjica,SER1,,,,,,,,,True,
846826,Bouke Boersma,2025-2026,2026-03-13,1000000,Yellow-Red Koninklijke Voetbalclub Mechelen,BE1,,,,,,,,,True,
846899,,2025-2026,2025-12-11,800000,,,,,,,,,,,True,
847023,Agustín Sández,2025-2026,2025-12-17,2500000,Club Atlético Rosario Central,ARG1,,,,,,,,,True,
847074,Ronaldo Dejesús,2025-2026,2026-03-18,1500000,Club Atlético Lanús,ARG1,,,,,,,,,True,
847256,Dimitri Legbo,2025-2026,2025-11-20,400000,Hrvatski Nogometni Klub Rijeka,KR1,,,,,,,,,True,
847257,Ange Ahoussou,2025-2026,2025-12-22,2000000,Sportklub Rapid,A1,,,,,,,,,True,
847262,Seydou Traoré,2025-2026,2026-03-17,500000,Football Club Lausanne-Sport,C1,,,,,,,,,True,
847278,Karim Konaté,2025-2026,2026-03-10,12000000,Fußballclub Red Bull Salzburg,A1,,,,,,,,,True,
847283,Juan Carlos Gauto,2025-2026,2026-03-18,1000000,Club Atlético Platense,ARG1,,,,,,,,,True,
847293,Luciano Cingolani,2025-2026,2025-11-26,100000,Club Atlético Gimnasia y Esgrima de Mendoza,ARG1,,,,,,,,,True,
847436,Igor Strzałek,2025-2026,2026-03-26,300000,Legia Warszawa Spółka Akcyjna,PL1,,,,,,,,,True,
847484,Pedro Bondo,2025-2026,2025-12-18,2000000,Futebol Clube de Famalicão,PO1,,,,,,,,,True,
847526,Koshi Osaki,2025-2026,2025-12-15,600000,Football Club Mito HollyHock,JAP1,,,,,,,,,True,
847934,Ignacio Sabatini,2025-2026,2025-11-26,200000,Club Atlético Gimnasia y Esgrima de Mendoza,ARG1,,,,,,,,,True,
847999,Mamane Amadou Sabo,2025-2026,2025-12-11,500000,Fudbalski Klub Javor Matis Ivanjica,SER1,,,,,,,,,True,
848124,Adam Nygaard,2025-2026,2025-12-15,300000,Fodbold Club Fredericia,DK1,,,,,,,,,True,
848267,Eiji Miyamoto,2025-2026,2025-12-15,450000,Fagiano Okayama Sports Club,JAP1,,,,,,,,,True,
848561,Yeferson Rodallega,2025-2026,2025-12-05,200000,Once Caldas,COL1,,,,,,,,,True,
848656,David Djuric,2025-2026,2025-12-11,150000,RZ Pellets Wolfsberger Athletiksport Club,A1,,,,,,,,,True,
848660,Nemanja Trifunovic,2025-2026,2026-03-26,3000000,Fudbalski Klub Partizan Beograd,SER1,,,,,,,,,True,
848661,Janko Jevremovic,2025-2026,2026-03-26,700000,Železničar Pančevo,SER1,,,,,,,,,True,
848682,Kosta Nedeljkovic,2025-2026,2026-03-20,6000000,RasenBallsport Leipzig,L1,,,,,,,,,True,
848856,Junnosuke Suzuki,2025-2026,2025-12-15,2000000,Football Club København,DK1,,,,,,,,,True,
849323,Nikola Krstic,2025-2026,2025-12-11,1000000,Fudbalski Klub IMT Novi Beograd,SER1,,,,,,,,,True,
849404,Furkan Gedik,2025-2026,2025-12-17,250000,Kocaelispor Kulübü,TR1,,,,,,,,,True,
849428,Max Balard,2025-2026,2026-03-11,1000000,Nooit Opgeven Altijd Doorzetten Aangenaam Door Vermaak En Nuttig Door Ontspanning Combinatie Breda,NL1,,,,,,,,,True,
849429,Tete Yengi,2025-2026,2025-12-10,250000,Livingston Football Club,SC1,Tete Yengi,2023-2024,2024-05-30,400000.0,Zelvia,JAP1,150000.0,0.6,True,
849534,Tobías Rubio,2025-2026,2025-12-17,400000,Racing Club Asociación Civil de Avellaneda,ARG1,,,,,,,,,True,
849582,Agustín Giay,2025-2026,2026-03-12,10000000,Sociedade Esportiva Palmeiras,BRA1,,,,,,,,,True,
849858,Milos Popovic,2025-2026,2026-03-26,500000,Fudbalski klub Radnik Surdulica,SER1,,,,,,,,,True,
850132,Montader Madjed,2025-2026,2025-11-19,3000000,Hammarby IF,SE1,,,,,,,,,True,
850341,Ever Meza,2025-2026,2026-03-17,200000,Alianza FC,COL1,,,,,,,,,True,
850433,Mateo Seoane,2025-2026,2025-12-17,500000,Club de Gimnasia y Esgrima La Plata,ARG1,,,,,,,,,True,
850785,Jae-woo Kang,2025-2026,2025-12-16,100000,Bucheon Football Club 1995,RSK1,,,,,,,,,True,
851220,Amine Sbaï,2025-2026,2026-03-27,2500000,Angers Sporting Club de l'Ouest,FR1,,,,,,,,,True,
851543,Uros Miladinovic,2025-2026,2025-12-11,1200000,Fudbalski klub Čukarički Beograd,SER1,,,,,,,,,True,
851548,Boris Matic,2025-2026,2026-03-10,1200000,RZ Pellets Wolfsberger Athletiksport Club,A1,,,,,,,,,True,
851553,Bogdan Marinkovic,2025-2026,2025-12-11,50000,FK Radnički 1923 Kragujevac,SER1,,,,,,,,,True,
851595,Jefté,2025-2026,2025-12-10,4000000,Sociedade Esportiva Palmeiras,BRA1,,,,,,,,,True,
851699,Jusef Erabi,2025-2026,2026-03-13,3500000,Koninklijke Racing Club Genk,BE1,,,,,,,,,True,
851803,Lautaro Giaccone,2025-2026,2025-12-17,1200000,Asociación Atlética Argentinos Juniors,ARG1,,,,,,,,,True,
852747,Rodrigo Gallo,2025-2026,2025-12-17,250000,Asociación de Fomento Deportivo Riestra Barrio Colón,ARG1,,,,,,,,,True,
852760,Francisco Galván,2025-2026,2025-11-26,75000,Asociación Atlética Estudiantes,ARG1,,,,,,,,,True,
852761,Bautista Barros Schelotto,2025-2026,2025-12-17,175000,Club de Gimnasia y Esgrima La Plata,ARG1,,,,,,,,,True,
852858,Mbaye Ndiaye,2025-2026,2026-03-26,2000000,Motor Lublin Spółka Akcyjna,PL1,,,,,,,,,True,
853118,Sang-hyeok Park,2025-2026,2025-12-16,450000,Gangwon Football Club,RSK1,,,,,,,,,True,
853119,Seung-ho Kim,2025-2026,2025-12-16,325000,Football Club Pohang Steelers,RSK1,,,,,,,,,True,
853197,Nelson Okeke,2025-2026,2026-03-24,500000,FK Jablonec a.s.,TS1,,,,,,,,,True,
853278,Ignacio Maestro Puch,2025-2026,2025-12-17,650000,Club de Futbol Puebla de La Franja,MEX1,,,,,,,,,True,
854038,Yusuke Ishida,2025-2026,2025-12-15,600000,Kyoto Purple Sanga,JAP1,,,,,,,,,True,
854085,Ivan Mensah,2025-2026,2025-12-22,300000,"AC Sparta Praha, a. s.",TS1,,,,,,,,,True,
854360,Jorge Rodríguez,2025-2026,2025-12-29,600000,Club de Futbol Rojinegros S.A. de C.V.,MEX1,,,,,,,,,True,
854382,Monsef Bakrar,2025-2026,2025-12-22,2000000,GNK Dinamo Zagreb,KR1,,,,,,,,,True,
854454,Omar Campos,2025-2026,2026-03-26,4500000,Club de Fútbol Cruz Azul S.A. de C.V.,MEX1,,,,,,,,,True,
854668,Haruki Arai,2025-2026,2025-12-15,700000,Kyoto Purple Sanga,JAP1,,,,,,,,,True,
854686,Jahaziel Marchand,2025-2026,2025-12-29,600000,Club Atlético de San Luis,MEX1,,,,,,,,,True,
854746,Marin Dulic,2025-2026,2025-12-11,200000,Fudbalski Klub Spartak Ždrepčeva krv,SER1,,,,,,,,,True,
854761,Danijel Kolaric,2025-2026,2025-12-11,600000,Fudbalski Klub Spartak Ždrepčeva krv,SER1,,,,,,,,,True,
854787,Nikola Zecevic,2025-2026,2025-12-11,800000,Železničar Pančevo,SER1,,,,,,,,,True,
854803,Nikola Bukumira,2025-2026,2025-12-11,400000,FK Radnički 1923 Kragujevac,SER1,,,,,,,,,True,
854804,Nikola Milicic,2025-2026,2025-12-11,500000,FK Radnički 1923 Kragujevac,SER1,,,,,,,,,True,
855145,Preston Judd,2025-2026,2025-12-11,800000,San Jose Earthquakes,MLS1,,,,,,,,,True,
855457,Strahinja Ristic,2025-2026,2025-12-11,100000,Fudbalski klub Napredak Kruševac,SER1,,,,,,,,,True,
855614,Mody Boune,2025-2026,2025-12-22,50000,NK Lokomotiva Zagreb,KR1,,,,,,,,,True,
856047,Mateo Ponte,2025-2026,2025-12-10,2000000,S. A. F. Botafogo,BRA1,,,,,,,,,True,
856056,Assane Seck,2025-2026,2026-03-23,250000,FK Kryvbas Kryvyi Rig,UKR1,,,,,,,,,True,
856068,Jeyland Mitchell,2025-2026,2025-12-22,1800000,Sportklub Puntigamer Sturm Graz,A1,,,,,,,,,True,
856085,John Kennedy,2025-2026,2026-03-12,7000000,Fluminense Football Club,BRA1,,,,,,,,,True,
856087,Mohammad Ghorbani,2023-2024,2024-06-04,800000,,,Mohammad Ghorbani,2023-2024,2024-06-04,800000.0,FC Orenburg,RU1,0.0,0.0,True,
856143,Luciano Rodríguez,2025-2026,2025-12-18,10000000,Neom Sports Club,SA1,,,,,,,,,True,
856184,Tomás Ángel,2025-2026,2025-12-11,600000,San Diego Football Club,MLS1,,,,,,,,,True,
856284,Charles Nduka,2025-2026,2026-02-06,125000,Melbourne Victory FC,AUS1,,,,,,,,,True,
856423,João Costa,2025-2026,2025-12-18,400000,Clube Desportivo Santa Clara,PO1,,,,,,,,,True,
856498,Daniel Pereira,2025-2026,2025-12-11,3000000,Austin FC,MLS1,,,,,,,,,True,
856530,Mateo Pellegrino,2025-2026,2026-03-24,15000000,Parma Calcio 1913,IT1,,,,,,,,,True,
856593,Tomás Porra,2025-2026,2026-03-18,500000,Club Atlético Barracas Central,ARG1,,,,,,,,,True,
856791,Ender Echenique,2025-2026,2025-12-11,1200000,Football Club Cincinnati,MLS1,,,,,,,,,True,
856990,Everton,2025-2026,2025-11-24,300000,Associação Chapecoense de Futebol,BRA1,,,,,,,,,True,
857060,Jonny Yull,2025-2026,2026-01-13,400000,Adelaide United Football Club,AUS1,,,,,,,,,True,
857065,Jorge Bermúdez,2025-2026,2026-03-17,300000,Deportivo Pereira,COL1,,,,,,,,,True,
857076,,2021-2022,2021-12-26,75000,,,,,,,,,,,True,
857491,Edgar Guerra,2025-2026,2026-03-26,2000000,Club de Futbol Puebla de La Franja,MEX1,,,,,,,,,True,
857859,Vladyslav Krystin,2025-2026,2025-12-18,100000,Epicentr Dunaivtsi,UKR1,,,,,,,,,True,
857897,Alan Vega,2025-2026,2025-12-29,1000000,Club Tijuana Xoloitzcuintles de Caliente,MEX1,,,,,,,,,True,
857953,Dánnovi Quiñónes,2025-2026,2026-03-17,450000,Internacional de Bogotá,COL1,,,,,,,,,True,
857968,Fin Roa Conchie,2025-2026,2026-01-13,275000,Wellington Phoenix Football Club,AUS1,,,,,,,,,True,
858213,,2025-2026,2025-12-15,1500000,,,,,,,,,,,True,
858330,,2025-2026,2025-12-11,300000,,,,,,,,,,,True,
858331,Bogdan Matijasevic,2025-2026,2025-12-11,50000,Fudbalski Klub Mladost Lučani,SER1,,,,,,,,,True,
858495,Emerson Negueba,2025-2026,2025-11-24,1000000,Jeju SK Football Club,RSK1,,,,,,,,,True,
858644,Si-young Jang,2025-2026,2025-12-16,225000,Ulsan Hyundai Football Club,RSK1,,,,,,,,,True,
858645,Jae-won Lee,2025-2026,2025-12-16,150000,Bucheon Football Club 1995,RSK1,,,,,,,,,True,
858660,José Eulogio,2025-2026,2025-12-29,200000,Promotora del Club Pachuca S. A. de C. V.,MEX1,,,,,,,,,True,
858766,Byung-kwan Jeon,2025-2026,2025-12-16,600000,Gimcheon Sangmu Football Club,RSK1,,,,,,,,,True,
858821,Leontije Vasic,2025-2026,2025-12-11,225000,Fudbalski Klub IMT Novi Beograd,SER1,,,,,,,,,True,
858886,Georgios Charalampoglou,2025-2026,2025-12-12,250000,A.G.S Asteras Tripolis,GR1,,,,,,,,,True,
859182,Musah Mohammed,2025-2026,2025-12-29,900000,Göztepe Sportif Yatırımlar A.Ş.,TR1,,,,,,,,,True,
859214,Jhonier Blanco,2025-2026,2026-03-17,150000,Llaneros FC,COL1,,,,,,,,,True,
859923,Cédric Nuozzi,2025-2026,2025-12-18,800000,Futebol Clube de Alverca,PO1,,,,,,,,,True,
860053,Ismaël Guerti,2025-2026,2026-03-27,300000,Football Club de Metz,FR1,,,,,,,,,True,
860857,Joaquim,2025-2026,2025-12-29,6000000,Club Tigres UANL Sinergia Deportiva S.A. de C.V.,MEX1,,,,,,,,,True,
861221,Ebenezer Annan,2022-2023,2023-06-20,50000,AS Saint-Étienne,FR1,Ebenezer Annan,2022-2023,2023-06-20,50000.0,Fudbalski klub Crvena zvezda Beograd,SER1,0.0,0.0,True,
861568,Noah Åstrand John,2025-2026,2026-03-30,300000,Malmö Fotbollförening,SE1,,,,,,,,,True,
861852,Damián Bobadilla,2025-2026,2026-03-12,5000000,São Paulo Futebol Clube,BRA1,,,,,,,,,True,
862094,Jun-seok Song,2025-2026,2025-12-16,350000,Gangwon Football Club,RSK1,,,,,,,,,True,
862297,Nasser Djiga,2025-2026,2025-12-10,6000000,Rangers Football Club,SC1,Nasser Djiga,2025-2026,2025-12-10,6000000.0,Wolverhampton Wanderers Football Club,GB1,0.0,0.0,True,Premier League
862574,Mateus Carvalho,2025-2026,2025-12-10,1400000,Club de Regatas Vasco da Gama,BRA1,,,,,,,,,True,
862606,Nesta Elphege,2025-2026,2026-03-24,2000000,Parma Calcio 1913,IT1,,,,,,,,,True,
862698,Samuel Salter,2025-2026,2026-03-30,300000,GAIS,SE1,,,,,,,,,True,
862746,Samuel Krasniqi,2025-2026,2026-03-17,500000,Grasshopper Club Zürich,C1,,,,,,,,,True,
862748,Silas Huber,2025-2026,2026-03-17,800000,FC Zürich,C1,,,,,,,,,True,
862786,Patryk Kukulski,2023-2024,2024-01-14,25000,Motor Lublin Spółka Akcyjna,PL1,,,,,,,,,True,
862787,Hee-dong Roh,2025-2026,2025-12-16,100000,Gwangju Football Club,RSK1,,,,,,,,,True,
862924,João Pedro,2025-2026,2025-12-15,325000,Kyoto Purple Sanga,JAP1,,,,,,,,,True,
862996,Hervé Touré,2025-2026,2025-12-11,150000,Fudbalski Klub Javor Matis Ivanjica,SER1,,,,,,,,,True,
863139,,2025-2026,2026-03-30,4000000,,,,,,,,,,,True,
863140,Ignacio Galván,2025-2026,2025-12-17,150000,Club Atlético Tucumán,ARG1,,,,,,,,,True,
863144,Nicolás Romero,2025-2026,2025-12-11,2800000,Minnesota United FC,MLS1,,,,,,,,,True,
863204,Maxi Oyedele,2025-2026,2025-12-15,4000000,Racing Club de Strasbourg Alsace,FR1,,,,,,,,,True,
863556,Antonio Bordușanu,2025-2026,2025-12-19,100000,SC Dinamo 1948 SA,RO1,,,,,,,,,True,
863557,Omar El Sawy,2025-2026,2025-12-19,550000,Asociația Sportivă Fotbal Club Universitatea Cluj,RO1,,,,,,,,,True,
863564,Austin Ayoubi,2025-2026,2026-01-13,200000,Adelaide United Football Club,AUS1,,,,,,,,,True,
863734,Filip Lissah,2025-2026,2025-12-10,250000,Falkirk Football & Athletic Club,SC1,,,,,,,,,True,
863745,Emmanuel Essiam,2025-2026,2025-12-18,300000,Fussballclub Winterthur,C1,,,,,,,,,True,
863901,Fidel Brice Ambina,2025-2026,2025-12-15,2500000,Vålerengens Idrettsforening,NO1,,,,,,,,,True,
863911,Kevin-Prince Milla,2025-2026,2025-12-22,500000,FK Dukla Praha a.s.,TS1,,,,,,,,,True,
864120,,2025-2026,2025-12-15,250000,,,,,,,,,,,True,
864621,Dmitriy Aleksandrov,2025-2026,2025-12-16,350000,FK Dinamo Moskva,RU1,,,,,,,,,True,
864665,Henry Atola Meja,2025-2026,2026-03-30,50000,Allmänna Idrottsklubben,SE1,,,,,,,,,True,
864682,Semir Alic,2025-2026,2026-03-26,800000,Fudbalski Klub Novi Pazar,SER1,,,,,,,,,True,
865028,Lenny Lobato,2025-2026,2026-03-06,1000000,Panetolikos Agrinio,GR1,,,,,,,,,True,
865104,Abbas Al-Hassan,2025-2026,2025-12-18,600000,Neom Sports Club,SA1,,,,,,,,,True,
865201,Leandro Mamut,2025-2026,2025-12-17,75000,Club de Gimnasia y Esgrima La Plata,ARG1,,,,,,,,,True,
865300,Yacouba Silue,2025-2026,2026-03-26,300000,Omladinski fudbalski klub Beograd,SER1,,,,,,,,,True,
865442,Facundo Miño,2025-2026,2025-12-17,650000,Asociación de Fomento Deportivo Riestra Barrio Colón,ARG1,,,,,,,,,True,
865491,Alan Barrionuevo,2025-2026,2026-03-18,1500000,Club Atlético Tigre,ARG1,,,,,,,,,True,
865587,Young-whan Kim,2025-2026,2025-12-16,200000,Jeonbuk Hyundai Motors,RSK1,,,,,,,,,True,
865590,Archie Goodwin,2025-2026,2025-12-11,750000,Charlotte Football Club,MLS1,,,,,,,,,True,
865591,Jee-won Kim,2025-2026,2025-12-16,50000,Football Club Seoul,RSK1,,,,,,,,,True,
865595,Seung-beom Son,2025-2026,2025-12-16,100000,Football Club Pohang Steelers,RSK1,,,,,,,,,True,
865641,Kenji Cabrera,2025-2026,2025-12-11,1600000,Vancouver Whitecaps FC,MLS1,,,,,,,,,True,
865677,Do-yoon Hwang,2025-2026,2025-12-16,350000,Football Club Seoul,RSK1,,,,,,,,,True,
865793,Nariman Akhundzada,2025-2026,2025-12-23,2500000,Columbus Crew,MLS1,,,,,,,,,True,
866059,Santiago Solari,2025-2026,2025-12-17,3500000,Racing Club Asociación Civil de Avellaneda,ARG1,,,,,,,,,True,
866061,Juan Bisanz,2025-2026,2026-03-18,1500000,Club Atlético Huracán,ARG1,,,,,,,,,True,
866082,Danilo Al-Saed,2025-2026,2025-11-19,700000,BK Häcken,SE1,,,,,,,,,True,
866094,Juan Ignacio Saborido,2025-2026,2026-03-18,1700000,Club Atlético Platense,ARG1,,,,,,,,,True,
866219,Cosimo Fiorini,2024-2025,2025-06-10,100000,FC Zürich,C1,,,,,,,,,True,
866282,Souleymane N'Diaye,2025-2026,2025-12-29,300000,Football Club Lausanne-Sport,C1,,,,,,,,,True,
867137,Alessandro Circati,2025-2026,2026-03-24,10000000,Parma Calcio 1913,IT1,,,,,,,,,True,
867174,Rikuto Hashimoto,2025-2026,2025-12-15,75000,Rakuten Vissel Kobe,JAP1,,,,,,,,,True,
867382,Oberdan,2025-2026,2025-12-16,1200000,Football Club Pohang Steelers,RSK1,,,,,,,,,True,
867466,Julián Angulo,2025-2026,2025-12-05,600000,Millonarios FC,COL1,,,,,,,,,True,
867467,Ryusei Haruna,2025-2026,2025-12-15,50000,Football Club Mito HollyHock,JAP1,,,,,,,,,True,
867483,Geovane Jesus,2025-2026,2025-12-11,500000,FC Dallas,MLS1,,,,,,,,,True,
867589,Samuel Marques,2025-2026,2025-12-29,500000,Grasshopper Club Zürich,C1,,,,,,,,,True,
867621,Sasha Marcich,2025-2026,2025-12-17,3000000,Club Atlético Lanús,ARG1,,,,,,,,,True,
867674,Noah Persson,2025-2026,2025-11-19,1300000,Hammarby IF,SE1,,,,,,,,,True,
867691,Rassa Rahmani,2025-2026,2026-03-10,400000,Sportclub Rheindorf Altach,A1,,,,,,,,,True,
867754,Jaiden Kucharski,2025-2026,2026-01-13,400000,Perth Glory Football Club,AUS1,,,,,,,,,True,
867755,Oscar Priestman,2025-2026,2025-12-10,300000,Motherwell Football Club,SC1,,,,,,,,,True,
867761,Jake Girdwood-Reich,2025-2026,2026-01-13,800000,Auckland Football Club,AUS1,,,,,,,,,True,
867762,Patrick Yazbek,2025-2026,2025-12-11,3500000,Nashville SC,MLS1,,,,,,,,,True,
867763,Aidan Simmons,2025-2026,2026-01-13,350000,Western Sydney Wanderers,AUS1,,,,,,,,,True,
867847,Micael,2025-2026,2025-12-10,4000000,Club Internacional de Fútbol Miami,MLS1,,,,,,,,,True,
867873,Jefferson Díaz,2025-2026,2025-12-11,1500000,Minnesota United FC,MLS1,,,,,,,,,True,
867947,Moses Abbey,2025-2026,2025-12-19,150000,Fotbal Club Metaloglobus București SA,RO1,,,,,,,,,True,
868074,Kalazán Suárez,2025-2026,2025-12-05,300000,Internacional de Bogotá,COL1,,,,,,,,,True,
868378,Agustín Irazoque,2025-2026,2026-03-17,300000,Internacional de Bogotá,COL1,,,,,,,,,True,
868503,Agustín Bravo,2025-2026,2025-12-17,50000,Instituto Atlético Central Córdoba,ARG1,,,,,,,,,True,
869007,Renan Viana,2025-2026,2025-11-24,225000,Clube Atlético Paranaense,BRA1,,,,,,,,,True,
869280,Kota Kudo,2025-2026,2025-12-15,500000,Fagiano Okayama Sports Club,JAP1,,,,,,,,,True,
869437,Anthoni,2025-2026,2025-12-10,4000000,Sport Club Internacional,BRA1,,,,,,,,,True,
869462,Yassine Khalifi,2025-2026,2026-03-13,800000,Royal Charleroi Sporting Club,BE1,,,,,,,,,True,
869463,Gustavo Marins,2025-2026,2025-12-19,600000,F.C.V. Farul Constanța SA,RO1,,,,,,,,,True,
869509,Moteb Al-Harbi,2025-2026,2025-12-18,1200000,Al-Hilal Saudi Football Club,SA1,,,,,,,,,True,
869511,Mohammed Marran,2025-2026,2025-12-18,150000,Al-Nassr Football Club,SA1,,,,,,,,,True,
869885,Adam Wikman,2025-2026,2025-11-19,600000,Silkeborg Idrætsforening,DK1,,,,,,,,,True,
869941,Manuel García,2025-2026,2025-12-17,700000,Club Atlético Sarmiento,ARG1,,,,,,,,,True,
869952,Dorian Hanza,2025-2026,2025-12-15,250000,Viborg Fodsports Forening,DK1,,,,,,,,,True,
869975,Szabolcs Dusinszki,2025-2026,2025-12-19,100000,Asociația Futball Klub Csíkszereda Miercurea Ciuc,RO1,,,,,,,,,True,
869978,,2025-2026,2025-12-19,150000,,,,,,,,,,,True,
870032,Facundo Sanguinetti,2025-2026,2025-12-17,2000000,Club Atlético Banfield,ARG1,,,,,,,,,True,
870177,Vladyslav Moroz,2025-2026,2025-12-18,400000,Epicentr Dunaivtsi,UKR1,,,,,,,,,True,
870219,Matías Recalde,2025-2026,2025-11-26,175000,Club Atlético Gimnasia y Esgrima de Mendoza,ARG1,,,,,,,,,True,
870284,Lazar Radojicic,2025-2026,2026-03-26,50000,Fudbalski klub Radnik Surdulica,SER1,,,,,,,,,True,
870285,Dusan Pavlovic,2025-2026,2026-03-26,1000000,Fudbalski Klub Radnički Niš,SER1,,,,,,,,,True,
870390,César Augusto,2025-2026,2025-12-18,100000,Clube Desportivo Nacional,PO1,,,,,,,,,True,
870414,Danilo Cardoso,2025-2026,2025-12-15,400000,Football Club Mito HollyHock,JAP1,,,,,,,,,True,
870778,Mateusinho,2025-2026,2025-11-24,800000,Esporte Clube Vitória,BRA1,,,,,,,,,True,
870891,Maximilian Fillafer,2025-2026,2025-12-22,400000,Turn- und Sportverein Egger Glas Hartberg,A1,,,,,,,,,True,
871201,Michał Głogowski,2025-2026,2025-12-08,200000,Klub Sportowy Lechia Gdańsk,PL1,,,,,,,,,True,
871265,Dimitrije Jankovic,2025-2026,2025-12-11,500000,Fudbalski Klub Partizan Beograd,SER1,,,,,,,,,True,
871269,Stefan Nikolic,2025-2026,2026-03-26,700000,Fudbalski Klub Radnički Niš,SER1,,,,,,,,,True,
871324,Djordje Glavinic,2025-2026,2025-12-11,200000,Železničar Pančevo,SER1,,,,,,,,,True,
871493,Ștefan Ciupercă,2023-2024,2024-05-30,10000,Asociația Fotbal Club Unirea 04 Slobozia,RO1,,,,,,,,,True,
871650,Mancha,2025-2026,2025-11-24,550000,Associação Chapecoense de Futebol,BRA1,,,,,,,,,True,
871655,Piero Quispe,2025-2026,2026-01-13,2000000,Sydney Football Club,AUS1,,,,,,,,,True,
871983,Seiya Inoue,2025-2026,2025-12-15,250000,Football Club Mito HollyHock,JAP1,,,,,,,,,True,
872123,Moussa Kyabou,2025-2026,2025-12-17,400000,Gençlerbirliği Spor Kulübü,TR1,,,,,,,,,True,
872380,Felix Afena-Gyan,2023-2024,2023-10-11,4200000,,,Felix Afena-Gyan,2023-2024,2023-10-11,4200000.0,Unione Sportiva Cremonese S.p.A.,IT1,0.0,0.0,True,Serie A
873097,Seok-hyeon Choi,2025-2026,2025-12-16,250000,Ulsan Hyundai Football Club,RSK1,,,,,,,,,True,
873233,Mariano Bettini,2025-2026,2025-11-26,100000,Asociația Futball Klub Csíkszereda Miercurea Ciuc,RO1,,,,,,,,,True,
873243,Samuel Portillo,2025-2026,2025-11-26,25000,Asociación de Fomento Deportivo Riestra Barrio Colón,ARG1,,,,,,,,,True,
873452,Young-jun Lee,2025-2026,2026-03-17,500000,Grasshopper Club Zürich,C1,,,,,,,,,True,
873755,Anthony Pantazopoulos,2025-2026,2026-01-13,450000,Western Sydney Wanderers,AUS1,,,,,,,,,True,
873981,Diego González,2025-2026,2026-03-26,5000000,Club de Futbol Rojinegros S.A. de C.V.,MEX1,Diego González,2023-2024,2024-06-05,1000000.0,Club Santos Laguna S. A. de C. V.,MEX1,-4000000.0,-0.8,True,
874223,Gustavo Martins,2025-2026,2025-12-10,3000000,Grêmio Foot-Ball Porto Alegrense,BRA1,,,,,,,,,True,
874307,,2025-2026,2025-11-24,400000,,,,,,,,,,,True,
874844,Lucas Villalba,2025-2026,2025-12-18,1500000,S. A. F. Botafogo,BRA1,,,,,,,,,True,
874967,Ernestas Lysionok,2025-2026,2025-12-23,200000,Genoa Cricket and Football Club,IT1,,,,,,,,,True,
875035,Tomasz Wójtowicz,2025-2026,2026-03-26,500000,Klub Sportowy Lechia Gdańsk,PL1,,,,,,,,,True,
875252,Enes Sali,2025-2026,2025-12-11,1000000,Al-Riyadh Saudi Club,SA1,,,,,,,,,True,
875264,Ji-ho Lee,2025-2026,2025-12-16,275000,Gangwon Football Club,RSK1,,,,,,,,,True,
875294,Konstantinos Goumas,2025-2026,2025-12-12,400000,APO Levadiakos Football Club,GR1,,,,,,,,,True,
875795,Sang-hyeok Cho,2025-2026,2025-12-16,175000,Football Club Pohang Steelers,RSK1,,,,,,,,,True,
875799,Ho-jin Kim,2025-2026,2025-12-16,25000,Football Club Pohang Steelers,RSK1,,,,,,,,,True,
875800,Seo-woong Hwang,2025-2026,2025-12-16,125000,Football Club Pohang Steelers,RSK1,,,,,,,,,True,
875804,Seo-jin Kim,2025-2026,2025-12-16,125000,Gimcheon Sangmu Football Club,RSK1,,,,,,,,,True,
876290,Kyung-sub Park,2025-2026,2025-12-16,300000,Incheon United Football Club,RSK1,,,,,,,,,True,
876295,Ma-ho Chung,2025-2026,2025-12-16,250000,Gimcheon Sangmu Football Club,RSK1,,,,,,,,,True,
876739,Matheus Cunha,2025-2026,2025-12-10,2000000,Cruzeiro Esporte Clube,BRA1,,,,,,,,,True,
876809,Bernard Kamungo,2025-2026,2025-12-11,1000000,FC Dallas,MLS1,,,,,,,,,True,
876856,Chan-wook Lee,2025-2026,2025-12-16,225000,Gimcheon Sangmu Football Club,RSK1,,,,,,,,,True,
876874,Vini Paulista,2025-2026,2026-03-12,1000000,Coritiba Foot Ball Club,BRA1,,,,,,,,,True,
876889,Yuber Quiñones,2025-2026,2025-12-05,450000,Deportivo Pereira,COL1,,,,,,,,,True,
877118,Martin Georgiev,2025-2026,2026-03-06,2000000,Athlitiki Enosi Konstantinoupoleos,GR1,,,,,,,,,True,
877139,Alberto Costa,2025-2026,2025-12-18,15000000,Futebol Clube do Porto,PO1,,,,,,,,,True,
877208,Adrián Fernández,2025-2026,2025-12-17,500000,Racing Club Asociación Civil de Avellaneda,ARG1,,,,,,,,,True,
877260,Markus Haaland,2025-2026,2025-12-15,800000,Sportsklubben Brann,NO1,,,,,,,,,True,
877280,Alby Kelly-Heald,2025-2026,2026-01-13,150000,Wellington Phoenix Football Club,AUS1,,,,,,,,,True,
877290,Lukas Kelly-Heald,2025-2026,2026-01-13,500000,Wellington Phoenix Football Club,AUS1,,,,,,,,,True,
877294,Matthew Sheridan,2025-2026,2026-01-13,450000,Wellington Phoenix Football Club,AUS1,,,,,,,,,True,
877320,Aksel Baran Potur,2025-2026,2025-12-15,500000,Hamarkameratene,NO1,,,,,,,,,True,
877337,Jacob Hanstad,2025-2026,2025-12-15,300000,Sandefjord Fotball,NO1,,,,,,,,,True,
877339,Bjørn Martin Kristensen,2025-2026,2025-12-15,300000,KFUM-Kameratene Oslo,NO1,,,,,,,,,True,
877672,Ali Jasim,2025-2026,2025-12-18,550000,Al-Najma Sport Club,SA1,,,,,,,,,True,
877787,Ryan Guilherme,2025-2026,2025-12-10,700000,Rio Ave Futebol Clube,PO1,,,,,,,,,True,
877833,Harrison Devenish-Meares,2025-2026,2026-01-13,300000,Sydney Football Club,AUS1,,,,,,,,,True,
878037,Gabriel Grando,2025-2026,2025-12-10,1500000,Grêmio Foot-Ball Porto Alegrense,BRA1,,,,,,,,,True,
878050,Shin-jin Kim,2025-2026,2025-12-16,175000,Jeju SK Football Club,RSK1,,,,,,,,,True,
878220,Lautaro Ríos,2025-2026,2025-12-17,650000,Club Atlético Banfield,ARG1,,,,,,,,,True,
878242,Liam Gillion,2025-2026,2026-01-13,300000,Auckland Football Club,AUS1,,,,,,,,,True,
878416,Michalis Voriazidis,2025-2026,2025-12-12,200000,Aris Thessalonikis,GR1,,,,,,,,,True,
879217,Kaiki,2025-2026,2026-03-12,12000000,Cruzeiro Esporte Clube,BRA1,,,,,,,,,True,
879236,Zé Vítor,2025-2026,2026-03-19,2500000,Clube Desportivo Nacional,PO1,,,,,,,,,True,
880025,Fernando Martínez,2025-2026,2025-12-17,225000,Club Atlético Central Córdoba,ARG1,,,,,,,,,True,
880131,Adama Coulibaly,2025-2026,2026-01-13,150000,Auckland Football Club,AUS1,,,,,,,,,True,
880217,Alix,2025-2026,2026-03-12,2000000,Red Bull Bragantino,BRA1,,,,,,,,,True,
880626,Diego Luna,2025-2026,2025-12-11,8000000,Real Salt Lake,MLS1,,,,,,,,,True,
880840,Andrei Gheorghiță,2025-2026,2025-12-19,500000,Asociația Sportivă Fotbal Club Universitatea Cluj,RO1,,,,,,,,,True,
881009,Gino Santilli,2025-2026,2025-12-18,1000000,Club Atlético Banfield,ARG1,,,,,,,,,True,
881010,Aarón Quirós,2025-2026,2026-03-18,2200000,Club Atlético Vélez Sársfield,ARG1,,,,,,,,,True,
881014,Ignacio Rodríguez,2025-2026,2026-03-18,1200000,Racing Club Asociación Civil de Avellaneda,ARG1,,,,,,,,,True,
881064,Alexandru Musi,2025-2026,2025-12-19,1300000,SC Dinamo 1948 SA,RO1,,,,,,,,,True,
881090,CJ Fodrey,2025-2026,2025-12-11,350000,Austin FC,MLS1,,,,,,,,,True,
881221,Tze-Xuan Loke,2025-2026,2026-01-13,150000,Wellington Phoenix Football Club,AUS1,,,,,,,,,True,
881350,Cristian Jiménez,2025-2026,2025-12-29,100000,Club de Fútbol Cruz Azul S.A. de C.V.,MEX1,,,,,,,,,True,
881423,Noor Al-Rashidi,2025-2026,2025-12-18,100000,Damac Football Club,SA1,,,,,,,,,True,
881425,Islam Hawsawi,2025-2026,2025-12-18,350000,Neom Sports Club,SA1,,,,,,,,,True,
881438,Sulaiman Hazazi,2025-2026,2025-12-18,200000,Al-Riyadh Saudi Club,SA1,,,,,,,,,True,
881645,Ignacio Sosa,2025-2026,2026-03-12,5000000,Red Bull Bragantino,BRA1,,,,,,,,,True,
882089,Adam Yakubu,2025-2026,2026-03-23,600000,LNZ Cherkasy,UKR1,,,,,,,,,True,
882657,Noel Buck,2025-2026,2025-12-11,1800000,San Jose Earthquakes,MLS1,,,,,,,,,True,
883045,Enoch Owusu,2025-2026,2025-12-29,400000,FC St. Gallen 1879,C1,,,,,,,,,True,
883168,Aaron Essel,2025-2026,2025-12-03,250000,,,Aaron Essel,2025-2026,2025-12-03,250000.0,St. Johnstone FC,SC1,0.0,0.0,True,
883217,Bernardo Oliveira,2025-2026,2026-01-13,300000,Macarthur South West Sydney (A-League),AUS1,,,,,,,,,True,
883265,Andrés Micolta,2025-2026,2025-12-29,2000000,Promotora del Club Pachuca S. A. de C. V.,MEX1,,,,,,,,,True,
883411,Lautaro Villegas,2025-2026,2025-11-26,225000,Club Atlético Banfield,ARG1,,,,,,,,,True,
883539,Charlie Crew,2025-2026,2025-11-26,150000,Leeds United Association Football Club,GB1,,,,,,,,,True,
883540,Callum Osmand,2025-2026,2025-12-10,500000,The Celtic Football Club,SC1,,,,,,,,,True,
883623,Renan Peixoto,2025-2026,2025-11-24,1500000,Clube Atlético Paranaense,BRA1,,,,,,,,,True,
883670,Martín Luciano,2025-2026,2025-12-17,100000,Club Atlético Newell’s Old Boys,ARG1,,,,,,,,,True,
884051,Malcolm Fry,2025-2026,2025-12-11,50000,New England Revolution,MLS1,,,,,,,,,True,
884069,Gustavo Ramalho,2024-2025,2025-06-06,100000,Fluminense Football Club,BRA1,,,,,,,,,True,
884070,Felipe Andrade,2025-2026,2025-12-11,1500000,Houston Dynamo,MLS1,,,,,,,,,True,
884244,AJ Marcucci,2025-2026,2025-12-11,250000,Red Bull New York,MLS1,,,,,,,,,True,
884897,Abdullah Al-Shanqiti,2025-2026,2025-12-18,175000,Al-Hazem Sport Club,SA1,,,,,,,,,True,
885175,Cristhoper Zambrano,2025-2026,2025-12-18,300000,Al-Taawoun Football Club,SA1,,,,,,,,,True,
885226,Riyad Idrissi,2025-2026,2026-03-24,4000000,Cagliari Calcio,IT1,,,,,,,,,True,
885233,Emmanuel Agyemang,2025-2026,2026-03-10,1000000,RZ Pellets Wolfsberger Athletiksport Club,A1,,,,,,,,,True,
885445,Hamza Igamane,2025-2026,2025-12-15,18000000,Lille Olympique Sporting Club,FR1,,,,,,,,,True,
885621,Santiago Moya,2025-2026,2025-12-17,350000,Club Atlético Aldosivi,ARG1,,,,,,,,,True,
886152,Thomas Gillier,2025-2026,2025-12-11,1800000,Club de Foot Montréal,MLS1,,,,,,,,,True,
886183,Nawaf Al-Aqidi,2025-2026,2025-12-18,700000,Al-Nassr Football Club,SA1,,,,,,,,,True,
886290,Salvador Rodríguez,2025-2026,2025-12-29,300000,Mazatlán Futbol Club,MEX1,,,,,,,,,True,
886304,Salvador Mariscal,2025-2026,2025-12-29,1200000,Club Santos Laguna S. A. de C. V.,MEX1,,,,,,,,,True,
886501,Wiktor Bogacz,2025-2026,2025-12-11,1800000,Klub Sportowy Cracovia Spółka Akcyjna,PL1,,,,,,,,,True,
886613,Julián Palacios,2025-2026,2025-12-05,700000,Envigado FC,COL1,,,,,,,,,True,
886632,Juan Tello,2025-2026,2025-12-05,150000,Deportivo Cali,COL1,,,,,,,,,True,
886747,Matthew Corcoran,2025-2026,2025-12-11,300000,Nashville SC,MLS1,,,,,,,,,True,
886749,Roald Mitchell,2025-2026,2025-12-11,50000,Red Bull New York,MLS1,,,,,,,,,True,
886841,Mohammed Al-Kunaydiri,2025-2026,2025-12-18,200000,Al-Najma Sport Club,SA1,,,,,,,,,True,
887792,Justin Reynolds,2025-2026,2025-12-11,150000,Sporting Kansas City,MLS1,,,,,,,,,True,
887801,Nathan Mendes,2025-2026,2025-12-10,1000000,Esporte Clube Vitória,BRA1,,,,,,,,,True,
887816,Rokas Pukstas,2025-2026,2025-12-22,5000000,HNK Hajduk Split,KR1,,,,,,,,,True,
887859,Joseph Knowles,2025-2026,2026-01-13,100000,Auckland Football Club,AUS1,,,,,,,,,True,
888140,Nishan Velupillay,2025-2026,2026-01-13,550000,Melbourne Victory FC,AUS1,,,,,,,,,True,
888190,Domagoj Jelavic,2025-2026,2025-12-17,300000,FC Zorya Lugansk,UKR1,,,,,,,,,True,
888215,William Svensson,2025-2026,2026-03-30,400000,Örgryte IS,SE1,,,,,,,,,True,
888398,Cristian Licsandru,2025-2026,2025-12-19,100000,SC Dinamo 1948 SA,RO1,,,,,,,,,True,
888453,Maximiliano Puig,2025-2026,2025-12-17,50000,Club Atlético Barracas Central,ARG1,,,,,,,,,True,
888545,Eros Mancuso,2025-2026,2026-03-18,3200000,Club Estudiantes de La Plata,ARG1,,,,,,,,,True,
888602,Corban Piper,2025-2026,2026-01-13,400000,Wellington Phoenix Football Club,AUS1,,,,,,,,,True,
888626,Raed Ozaybi,2025-2026,2025-12-18,100000,Neom Sports Club,SA1,,,,,,,,,True,
888633,Abdullah Radif,2025-2026,2025-12-18,400000,Al-Fayha FC,SA1,,,,,,,,,True,
888634,Saad Al-Nasser,2025-2026,2025-12-18,600000,Al-Nassr Football Club,SA1,,,,,,,,,True,
888761,Facundo Lencioni,2025-2026,2026-03-18,1200000,Club Atlético Gimnasia y Esgrima de Mendoza,ARG1,,,,,,,,,True,
889093,David Ramírez,2025-2026,2025-12-05,150000,Fortaleza CEIF,COL1,,,,,,,,,True,
889193,AZ Jackson,2025-2026,2025-12-08,1500000,Vancouver Whitecaps FC,MLS1,,,,,,,,,True,
889425,Cody Baker,2025-2026,2025-11-25,275000,Seattle Sounders FC,MLS1,,,,,,,,,True,
889435,Obed Vargas,2025-2026,2025-12-11,8000000,Club Atlético de Madrid S.A.D.,ES1,,,,,,,,,True,
889437,Adam Kadlec,2025-2026,2026-03-24,800000,"FC Viktoria Plzeň, a.s.",TS1,,,,,,,,,True,
889505,Max Andersson,2025-2026,2026-03-30,150000,GAIS,SE1,,,,,,,,,True,
889540,Mohammad Al-Salkhadi,2025-2026,2025-11-16,300000,Damac Football Club,SA1,,,,,,,,,True,
890050,Momodou Lion Njie,2025-2026,2025-12-15,700000,KFUM-Kameratene Oslo,NO1,,,,,,,,,True,
890186,Corey Hollman,2025-2026,2026-01-13,350000,Sydney Football Club,AUS1,,,,,,,,,True,
890362,Darije Markocevic,2025-2026,2025-12-11,100000,Fudbalski klub Radnik Surdulica,SER1,,,,,,,,,True,
890368,Djé D'Avilla,2025-2026,2025-12-11,2500000,Chicago Fire Soccer Club,MLS1,,,,,,,,,True,
890532,Fayssal Harchaoui,2025-2026,2025-12-19,200000,1. Fußball-Club Köln,L1,,,,,,,,,True,
890557,Óscar Rivas,2025-2026,2025-12-18,1000000,Vitória Sport Clube,PO1,,,,,,,,,True,
890617,Tobias Guddal,2025-2026,2025-12-15,3500000,Tromsø Idrettslag,NO1,,,,,,,,,True,
891070,Stanislav Petruța,2025-2026,2026-03-24,500000,FC Trinity Zlin,TS1,,,,,,,,,True,
891353,Cuiabano,2025-2026,2025-12-10,8000000,Club de Regatas Vasco da Gama,BRA1,,,,,,,,,True,
891575,Filip Taraba,2025-2026,2025-12-22,400000,NK Istra 1961,KR1,,,,,,,,,True,
891681,Tiago Cravero,2025-2026,2025-11-26,250000,Club Atlético Central Córdoba,ARG1,,,,,,,,,True,
891757,William Hofvander,2025-2026,2026-03-30,200000,Örgryte IS,SE1,,,,,,,,,True,
891804,Manuel Duarte,2025-2026,2025-12-17,300000,Club Atlético Barracas Central,ARG1,,,,,,,,,True,
891853,David Voute,2025-2026,2025-12-02,100000,Prins Hendrik Ende Desespereert Nimmer Combinatie Zwolle,NL1,,,,,,,,,True,
892004,Griffin Dillon,2025-2026,2026-03-08,200000,Real Salt Lake,MLS1,,,,,,,,,True,
892045,Niklas Jensen Wassberg,2025-2026,2025-12-15,800000,Sportsklubben Brann,NO1,,,,,,,,,True,
892082,Alejandro Rodríguez,2025-2026,2026-03-17,800000,Deportivo Cali,COL1,,,,,,,,,True,
892087,Kazper Karlsson,2025-2026,2025-11-19,650000,Degerfors IF,SE1,,,,,,,,,True,
892089,Pablo Maia,2025-2026,2026-03-12,6000000,São Paulo Futebol Clube,BRA1,,,,,,,,,True,
892105,Lindon Emërllahu,2025-2026,2026-03-23,1800000,FK Polissya Zhytomyr,UKR1,,,,,,,,,True,
892142,Jan Hlapcic,2025-2026,2025-12-22,50000,NK Osijek s.d.d.,KR1,,,,,,,,,True,
892168,Luka Hodak,2025-2026,2025-12-22,1000000,HNK Hajduk Split,KR1,,,,,,,,,True,
892171,Vigo Vujanic,2023-2024,2024-06-04,50000,NK Istra 1961,KR1,,,,,,,,,True,
892172,Duje Reic,2025-2026,2025-12-30,50000,NK Lokomotiva Zagreb,KR1,,,,,,,,,True,
892174,Didier Dawson,2025-2026,2025-12-05,100000,Envigado FC,COL1,,,,,,,,,True,
892175,Rafael Mosquera,2025-2026,2025-12-11,250000,Red Bull New York,MLS1,,,,,,,,,True,
892185,Bartol Kardum,2025-2026,2025-12-30,250000,NK Lokomotiva Zagreb,KR1,,,,,,,,,True,
892417,Uba Charles,2025-2026,2025-11-19,800000,Aalesunds Fotballklubb,NO1,,,,,,,,,True,
892926,Leandro Antonetti,2025-2026,2025-12-18,200000,Club Football Estrela da Amadora,PO1,,,,,,,,,True,
892932,Miguel Román,2025-2026,2026-03-16,15000000,Real Club Celta de Vigo S. A. D.,ES1,,,,,,,,,True,
893148,Kosi Thompson,2025-2026,2025-12-11,850000,Toronto FC,MLS1,,,,,,,,,True,
893187,Reshat Ramadani,2023-2024,2024-05-22,300000,,,Reshat Ramadani,2023-2024,2024-05-22,300000.0,Futbolniy Klub Dynamo Kyiv,UKR1,0.0,0.0,True,
893547,Simen Kvia-Egeskog,2025-2026,2025-12-15,1500000,Viking Fotballklubb,NO1,,,,,,,,,True,
893664,Marcos Zambrano,2025-2026,2025-12-11,150000,Real Salt Lake,MLS1,,,,,,,,,True,
893787,Halvor Rødølen Opsahl,2025-2026,2025-12-15,400000,Hamarkameratene,NO1,,,,,,,,,True,
893850,Tomás Galván,2025-2026,2026-03-18,3000000,Club Atlético River Plate,ARG1,,,,,,,,,True,
893929,Erik Flataker,2025-2026,2025-11-19,600000,Allmänna Idrottsklubben,SE1,,,,,,,,,True,
894194,Felipe Peña Biafore,2025-2026,2026-03-18,1700000,Club Atlético Lanús,ARG1,,,,,,,,,True,
894372,Henrik Skogvold,2025-2026,2025-12-15,800000,Fredrikstad Fotballklubb,NO1,,,,,,,,,True,
894382,Vetle Walle Egeli,2025-2026,2025-12-15,800000,Sandefjord Fotball,NO1,,,,,,,,,True,
894532,Young,2025-2026,2025-12-10,100000,São Paulo Futebol Clube,BRA1,,,,,,,,,True,
894668,Stefan Bukinac,2025-2026,2026-03-17,4000000,Berner Sport Club Young Boys,C1,,,,,,,,,True,
894692,Hannes Hermann,2025-2026,2025-12-19,150000,Hamburger Sport Verein,L1,,,,,,,,,True,
895096,Sinisa Popovic,2025-2026,2025-12-11,400000,Fudbalski Klub IMT Novi Beograd,SER1,,,,,,,,,True,
895138,Stefan Petkoski Cimbaljevic,2025-2026,2025-12-11,150000,FK Radnički 1923 Kragujevac,SER1,,,,,,,,,True,
895298,Dawid Drachal,2025-2026,2026-03-26,600000,Jagiellonia-Bialystok Sportowa Spólka Akcyjna,PL1,,,,,,,,,True,
895484,Zoran Alilovic,2025-2026,2026-03-26,700000,Fudbalski Klub Novi Pazar,SER1,,,,,,,,,True,
895515,Simun Mikolcic,2025-2026,2025-12-22,300000,NK Osijek s.d.d.,KR1,,,,,,,,,True,
895578,Yudai Kimura,2025-2026,2025-12-15,550000,Nagoya Grampus Eight,JAP1,,,,,,,,,True,
895581,Dusan Jovanovic,2025-2026,2025-12-11,700000,Železničar Pančevo,SER1,,,,,,,,,True,
895606,Ognjen Ugresic,2025-2026,2026-03-26,8000000,Fudbalski Klub Partizan Beograd,SER1,,,,,,,,,True,
895615,Haruka Motoyama,2025-2026,2025-12-15,250000,Fagiano Okayama Sports Club,JAP1,,,,,,,,,True,
895616,Rin Mito,2025-2026,2025-12-15,325000,Gamba Osaka,JAP1,,,,,,,,,True,
895679,Santiago Homenchenko,2025-2026,2025-12-29,1500000,Querétaro Fútbol Club,MEX1,,,,,,,,,True,
895697,Tibault Citherlet,2025-2026,2026-03-17,400000,Fussballclub Winterthur,C1,,,,,,,,,True,
895728,Diego Mina,2025-2026,2025-12-29,100000,FC Lugano,C1,,,,,,,,,True,
895884,Noah Cobb,2025-2026,2025-12-11,1000000,Colorado Rapids,MLS1,,,,,,,,,True,
895926,Joaquín Lavega,2025-2026,2026-03-12,3000000,Coritiba Foot Ball Club,BRA1,,,,,,,,,True,
896370,Atanas Trică,2025-2026,2025-12-19,300000,Asociația Sportivă Fotbal Club Universitatea Cluj,RO1,,,,,,,,,True,
896536,Gonzalo Luján,2025-2026,2025-12-11,2000000,Club Internacional de Fútbol Miami,MLS1,,,,,,,,,True,
897346,Ștefan Georgescu,2024-2025,2025-06-10,25000,Fotbal Club Petrolul Ploiești,RO1,,,,,,,,,True,
897409,Maximilian Hennig,2025-2026,2025-12-22,800000,Turn- und Sportverein Egger Glas Hartberg,A1,,,,,,,,,True,
897424,Assan Ouédraogo,2025-2026,2025-12-19,28000000,RasenBallsport Leipzig,L1,,,,,,,,,True,
897461,Tiemoko Ouattara,2025-2026,2026-03-17,600000,FC St. Gallen 1879,C1,,,,,,,,,True,
897480,Noah Darvich,2025-2026,2026-03-19,3000000,Verein für Bewegungsspiele Stuttgart 1893,L1,,,,,,,,,True,
897505,Lazar Jovanovic,2025-2026,2026-03-20,3500000,Verein für Bewegungsspiele Stuttgart 1893,L1,,,,,,,,,True,
897508,Andrej Petrovic,2025-2026,2026-03-26,100000,Fudbalski klub TSC Bačka Topola,SER1,,,,,,,,,True,
897509,Luka Djordjevic,2025-2026,2025-12-11,100000,Fudbalski klub Čukarički Beograd,SER1,,,,,,,,,True,
897510,Mihajlo Cvetkovic,2025-2026,2025-12-10,6000000,Royal Sporting Club Anderlecht,BE1,,,,,,,,,True,
897511,Uros Sremcevic,2025-2026,2025-12-11,1000000,Fudbalski klub Napredak Kruševac,SER1,,,,,,,,,True,
898140,Antonio Van Wyk,2025-2026,2025-12-22,600000,Sportvereinigung Ried 1912,A1,,,,,,,,,True,
898350,Facundo Bernal,2025-2026,2025-12-10,6000000,Fluminense Football Club,BRA1,,,,,,,,,True,
898352,Sebastián Boselli,2025-2026,2025-12-17,2800000,Getafe Club de Fútbol S. A. D. Team Dubai,ES1,,,,,,,,,True,
899093,Kenta Nemoto,2025-2026,2025-12-15,75000,Urawa Red Diamonds,JAP1,,,,,,,,,True,
899466,Takuro Iwai,2025-2026,2025-12-15,125000,JEF United,JAP1,,,,,,,,,True,
899856,Eli Adams,2025-2026,2026-01-13,450000,Newcastle United Jets Football Club,AUS1,,,,,,,,,True,
899868,Max Caputo,2025-2026,2026-01-13,750000,Melbourne City Football Club,AUS1,,,,,,,,,True,
900040,Raul Bălbărău,2025-2026,2025-12-19,350000,Fotbal Club Petrolul Ploiești,RO1,,,,,,,,,True,
900072,Philip Brittijn,2025-2026,2025-12-02,1300000,Fortuna Sittardia Combinatie,NL1,,,,,,,,,True,
900199,Gustav Lindgren,2025-2026,2025-11-26,600000,BK Häcken,SE1,,,,,,,,,True,
900480,Giorgi Tabatadze,2025-2026,2025-12-15,350000,Vejle Boldklub,DK1,,,,,,,,,True,
900486,Gabriel Sigua,2025-2026,2025-12-29,2500000,Football Club Lausanne-Sport,C1,,,,,,,,,True,
900794,Peder Hoel Lervik,2025-2026,2025-12-15,100000,Molde Fotballklubb,NO1,,,,,,,,,True,
900895,Gonzalo Flores,2025-2026,2025-11-26,150000,Asociación de Fomento Deportivo Riestra Barrio Colón,ARG1,,,,,,,,,True,
900938,Junior Olaitan,2025-2026,2026-03-05,5000000,Beşiktaş Jimnastik Kulübü,TR1,,,,,,,,,True,
901072,Nawaf Al-Harthi,2025-2026,2025-12-18,200000,Al-Fayha FC,SA1,,,,,,,,,True,
901076,Bassam Al-Hurayji,2025-2026,2025-12-18,350000,Al-Taawoun Football Club,SA1,,,,,,,,,True,
901079,Ziyad Al-Johani,2025-2026,2026-03-30,800000,Al-Ahli Saudi Football Club,SA1,,,,,,,,,True,
901082,Faisal Al-Ghamdi,2025-2026,2025-12-18,1300000,Al-Ittihad Football Club,SA1,,,,,,,,,True,
901083,Sanousi Al-Hawsawi,2025-2026,2025-12-18,125000,Damac Football Club,SA1,,,,,,,,,True,
901090,Hussain Qasim,2025-2026,2025-12-18,150000,Al-Fateh Club,SA1,,,,,,,,,True,
901095,Bader Munshi,2025-2026,2025-12-18,150000,Al-Khaleej Club (Saihat),SA1,,,,,,,,,True,
901096,Mohammed Al-Mahasneh,2025-2026,2025-12-18,175000,Al-Shabab Club,SA1,,,,,,,,,True,
901111,Ahmed Bahusayn,2025-2026,2025-12-18,225000,Al-Taawoun Football Club,SA1,,,,,,,,,True,
901129,Saleh Abu Al-Shamat,2025-2026,2025-12-18,375000,Al-Ahli Saudi Football Club,SA1,,,,,,,,,True,
901132,Nawaf Al-Saadi,2025-2026,2025-12-18,300000,Damac Football Club,SA1,,,,,,,,,True,
901135,Mohanad Al-Qaydhi,2025-2026,2025-12-18,200000,Al-Okhdood Club,SA1,,,,,,,,,True,
901153,Othman Al-Othman,2025-2026,2025-12-18,150000,Al-Fateh Club,SA1,,,,,,,,,True,
901162,Hassan Al-Asmari,2025-2026,2025-12-18,100000,Al-Kholood Club,SA1,,,,,,,,,True,
901163,Awad Al-Nashri,2025-2026,2025-12-18,200000,Al-Ittihad Football Club,SA1,,,,,,,,,True,
901180,Mohammed Al-Khaibari,2025-2026,2025-12-18,200000,Al-Riyadh Saudi Club,SA1,,,,,,,,,True,
901181,Musab Al-Juwayr,2025-2026,2026-03-30,4500000,Al-Qadsiah Saudi Football Club,SA1,,,,,,,,,True,
901211,Ziyad Al-Jari,2025-2026,2026-03-30,225000,Al-Fateh Club,SA1,,,,,,,,,True,
901250,Basil Al-Sayyali,2025-2026,2025-12-18,350000,Al-Shabab Club,SA1,,,,,,,,,True,
901253,Khalil Al-Absi,2025-2026,2025-12-18,200000,Al-Riyadh Saudi Club,SA1,,,,,,,,,True,
901257,Ahmed Al-Nakhli,2025-2026,2025-12-18,200000,Al-Hazem Sport Club,SA1,,,,,,,,,True,
901307,Abdulbasit Hawsawi,2025-2026,2025-12-18,75000,Al-Ettifaq Football Club,SA1,,,,,,,,,True,
901310,Arif Al-Haydar,2025-2026,2025-12-18,100000,Al-Khaleej Club (Saihat),SA1,,,,,,,,,True,
901334,Jehad Thakri,2025-2026,2025-12-18,900000,Al-Qadsiah Saudi Football Club,SA1,,,,,,,,,True,
901347,Mohammed Mazyad Al-Shammari,2025-2026,2025-12-18,75000,Al-Kholood Club,SA1,,,,,,,,,True,
901511,Ionuț Cojocaru,2025-2026,2025-12-19,300000,F.C.V. Farul Constanța SA,RO1,,,,,,,,,True,
901544,Håkon Krogelien,2025-2026,2026-03-16,100000,Sandefjord Fotball,NO1,,,,,,,,,True,
901766,Henrik Melland,2025-2026,2025-12-15,500000,Aalesunds Fotballklubb,NO1,,,,,,,,,True,
901767,Meshary Sanyor,2025-2026,2025-12-18,375000,Al-Raed SFC,SA1,,,,,,,,,True,
902401,Jakob Napoleon Romsaas,2025-2026,2025-12-10,1500000,Royal Charleroi Sporting Club,BE1,,,,,,,,,True,
902444,Maximiliano Zelaya,2021-2022,2021-12-22,10000,Club Atlético San Lorenzo de Almagro,ARG1,,,,,,,,,True,
902487,Aleksander Andresen,2025-2026,2025-12-15,800000,Fredrikstad Fotballklubb,NO1,,,,,,,,,True,
902507,Werik Popó,2025-2026,2025-12-15,275000,Fagiano Okayama Sports Club,JAP1,,,,,,,,,True,
902987,Mats Seiler,2024-2025,2025-06-10,100000,Berner Sport Club Young Boys,C1,,,,,,,,,True,
903106,Ho-min Park,2025-2026,2025-12-16,125000,Incheon United Football Club,RSK1,,,,,,,,,True,
903121,Sung-gwon Cho,2025-2026,2025-12-16,300000,Foundation Coorperation Hana Financial Group Inc. Football Club,RSK1,,,,,,,,,True,
903166,Tomoki Kondo,2025-2026,2025-12-15,800000,Yokohama Marinos,JAP1,,,,,,,,,True,
903359,Marius Broholm,2025-2026,2025-12-15,6000000,Lille Olympique Sporting Club,FR1,,,,,,,,,True,
903366,Rio Nitta,2025-2026,2025-12-15,225000,Urawa Red Diamonds,JAP1,,,,,,,,,True,
903556,Aleksander Hammer Kjelsen,2025-2026,2025-12-15,500000,Aalesunds Fotballklubb,NO1,,,,,,,,,True,
903706,Albion Rrahmani,2025-2026,2026-03-24,7000000,"AC Sparta Praha, a. s.",TS1,,,,,,,,,True,
903951,Haruki Yoshida,2025-2026,2025-12-15,400000,Nagoya Grampus Eight,JAP1,,,,,,,,,True,
904068,Dong-jin Kim,2025-2026,2025-12-16,350000,Football Club Pohang Steelers,RSK1,,,,,,,,,True,
904309,Alexandar Popovic,2025-2026,2026-01-13,300000,Sydney Football Club,AUS1,,,,,,,,,True,
904414,Eythor Bjørgolfsson,2025-2026,2025-11-19,400000,Motherwell Football Club,SC1,,,,,,,,,True,
904795,Juan Vásquez,2025-2026,2025-12-05,50000,Unión Magdalena,COL1,,,,,,,,,True,
905013,Chilohem Onuoha,2025-2026,2025-12-23,200000,Club Football Estrela da Amadora,PO1,,,,,,,,,True,
905220,Leander Øy,2025-2026,2025-12-15,200000,Sarpsborg 08 Fotballforening,NO1,,,,,,,,,True,
905252,Lucas Monteiro,2025-2026,2025-12-10,100000,RAAL La Louvière,BE1,,,,,,,,,True,
905378,Håkon Røsten,2025-2026,2025-12-15,400000,Rosenborg Ballklub,NO1,,,,,,,,,True,
905417,Héctor Bobadilla,2025-2026,2025-12-11,650000,Club Atlético Platense,ARG1,,,,,,,,,True,
905760,Stefan Vidakovic,2025-2026,2025-12-11,100000,Fudbalski klub Radnik Surdulica,SER1,,,,,,,,,True,
906393,Brayam Palacios,2025-2026,2025-12-05,50000,Boyacá Chicó FC,COL1,,,,,,,,,True,
906428,Kyrell Wilson,2025-2026,2025-12-10,100000,Falkirk Football & Athletic Club,SC1,,,,,,,,,True,
906451,Dominik Kudelcik,2025-2026,2025-12-22,175000,FC Slovan Liberec,TS1,,,,,,,,,True,
906636,Diego Mendoza,2025-2026,2025-12-05,100000,Deportivo Pereira,COL1,,,,,,,,,True,
906676,Sebastian Lagerlund,2025-2026,2026-03-30,400000,Örgryte IS,SE1,,,,,,,,,True,
906696,Leandro Angulo,2025-2026,2025-12-05,50000,Envigado FC,COL1,,,,,,,,,True,
906748,Vicente Taborda,2025-2026,2025-12-12,3500000,Panathinaikos Athlitikos Omilos,GR1,,,,,,,,,True,
906775,Kevin Palacios,2025-2026,2025-12-29,800000,Club Santos Laguna S. A. de C. V.,MEX1,,,,,,,,,True,
906791,Ronaldo Pájaro,2025-2026,2025-12-05,800000,Fortaleza CEIF,COL1,,,,,,,,,True,
906924,David Celic,2025-2026,2026-03-30,500000,IK Sirius,SE1,,,,,,,,,True,
906940,Gabriel Díaz,2025-2026,2025-12-17,600000,Club Atlético Sarmiento,ARG1,,,,,,,,,True,
906961,Manuel Mónaco,2025-2026,2025-12-05,400000,Club Atlético Sarmiento,ARG1,,,,,,,,,True,
907004,Matías Morello,2025-2026,2025-11-26,100000,Club Atlético Aldosivi,ARG1,,,,,,,,,True,
907131,Agustín Ojeda,2025-2026,2025-12-11,4000000,New York City Football Club,MLS1,,,,,,,,,True,
907313,Emiliano Viveros,2025-2026,2025-12-17,700000,Asociación Atlética Argentinos Juniors,ARG1,,,,,,,,,True,
907356,Santiago Aguilar,2025-2026,2025-12-05,300000,Deportivo Pereira,COL1,,,,,,,,,True,
907359,Diógenes,2025-2026,2025-12-10,200000,Santos Futebol Clube,BRA1,,,,,,,,,True,
907559,Nelson Deossa,2025-2026,2025-12-12,9000000,Real Betis Balompié S.A.D.,ES1,,,,,,,,,True,
907566,Jhojan Escobar,2025-2026,2026-03-17,200000,Llaneros FC,COL1,,,,,,,,,True,
907596,Juan Pablo Arcila,2025-2026,2025-12-16,150000,Alianza FC,COL1,,,,,,,,,True,
907630,Matej Riznic,2025-2026,2025-12-22,400000,"FK Teplice, a.s.",TS1,,,,,,,,,True,
907649,Kerwin Vargas,2025-2026,2025-12-11,3000000,Charlotte Football Club,MLS1,,,,,,,,,True,
907664,Agustín Morales,2025-2026,2025-11-26,50000,Asociación Atlética Estudiantes,ARG1,,,,,,,,,True,
907834,Gonzalo Ríos,2025-2026,2025-12-17,2000000,Club Sportivo Independiente Rivadavia,ARG1,,,,,,,,,True,
907835,Mateo Cáceres,2025-2026,2025-12-17,550000,Club Atlético Talleres,ARG1,,,,,,,,,True,
908102,Esteban Fernández,2025-2026,2025-11-26,175000,Club Atlético Gimnasia y Esgrima de Mendoza,ARG1,,,,,,,,,True,
908293,Alexis Manyoma,2025-2026,2025-12-11,1500000,Colorado Rapids,MLS1,,,,,,,,,True,
908300,Gregorio Rodríguez,2025-2026,2025-11-06,500000,Club Atlético San Lorenzo de Almagro,ARG1,,,,,,,,,True,
908383,Howell Mena,2025-2026,2025-12-05,100000,Llaneros FC,COL1,,,,,,,,,True,
908390,Moisés Brandán,2025-2026,2025-12-17,150000,Club Atlético Tucumán,ARG1,,,,,,,,,True,
908521,Sota Koshimichi,2025-2026,2025-12-15,450000,Sanfrecce Hiroshima,JAP1,,,,,,,,,True,
908661,Yuto Ozeki,2025-2026,2025-12-15,750000,Kawasaki Frontale,JAP1,,,,,,,,,True,
908662,Yuto Matsunagane,2024-2025,2025-06-26,125000,Kawasaki Frontale,JAP1,,,,,,,,,True,
908728,Si-woo Jin,2025-2026,2025-12-16,225000,Football Club Pohang Steelers,RSK1,,,,,,,,,True,
908807,Yomar Rocha,2025-2026,2025-12-16,900000,Akron Togliatti,RU1,,,,,,,,,True,
908982,Barış Kalaycı,2025-2026,2026-03-05,600000,Fatih Karagümrük Sportif Faaliyetler San. Tic. A.Ş.,TR1,,,,,,,,,True,
909017,Richard King,2025-2026,2025-12-10,250000,Saint Mirren Football Club,SC1,,,,,,,,,True,
909020,Lamonth Rochester,2025-2026,2025-12-22,50000,Fudbalski Klub Radnički Niš,SER1,,,,,,,,,True,
909127,Kyu-min Kim,2025-2026,2025-12-16,200000,Bucheon Football Club 1995,RSK1,,,,,,,,,True,
909170,Gonzalo Errecalde,2025-2026,2025-11-26,225000,Club de Gimnasia y Esgrima La Plata,ARG1,,,,,,,,,True,
909254,Macaulay Tait,2025-2026,2025-12-10,400000,Livingston Football Club,SC1,Macaulay Tait,2025-2026,2025-12-10,400000.0,Heart of Midlothian Football Club,SC1,0.0,0.0,True,
909314,Ezequiel Naya,2025-2026,2025-11-06,400000,Club Atlético Central Córdoba,ARG1,,,,,,,,,True,
909349,Franco Zapiola,2025-2026,2025-12-17,900000,Club Atlético Platense,ARG1,,,,,,,,,True,
909360,,2025-2026,2025-12-05,500000,,,,,,,,,,,True,
909663,Heine Gikling Bruseth,2025-2026,2025-12-15,900000,Sarpsborg 08 Fotballforening,NO1,,,,,,,,,True,
909673,Ole Langbråten,2025-2026,2025-12-15,100000,Fredrikstad Fotballklubb,NO1,,,,,,,,,True,
909689,Marius Söderbäck,2025-2026,2025-11-20,400000,Kalmar Fotbollförening,SE1,,,,,,,,,True,
909735,Rodrigo Márquez,2025-2026,2025-12-17,125000,Club Atlético Aldosivi,ARG1,,,,,,,,,True,
909736,Román Riquelme,2025-2026,2025-12-17,400000,Asociación Atlética Argentinos Juniors,ARG1,,,,,,,,,True,
909758,Federico Redondo,2025-2026,2026-03-16,3500000,Elche Club de Fútbol S.A.D.,ES1,,,,,,,,,True,
909789,Franco Torres,2025-2026,2025-12-17,300000,Club de Gimnasia y Esgrima La Plata,ARG1,,,,,,,,,True,
909853,Hyeon-ho Moon,2025-2026,2025-12-16,100000,Gimcheon Sangmu Football Club,RSK1,,,,,,,,,True,
909860,Jannik Robatsch,2025-2026,2025-12-19,600000,Fußball-Club St. Pauli von 1910,L1,,,,,,,,,True,
909961,Jumpei Hayakawa,2025-2026,2025-12-15,225000,Urawa Red Diamonds,JAP1,,,,,,,,,True,
909977,Kosei Ogura,2025-2026,2025-09-25,25000,Fagiano Okayama Sports Club,JAP1,,,,,,,,,True,
909991,Kota Yui,2024-2025,2025-06-26,50000,Kawasaki Frontale,JAP1,,,,,,,,,True,
909998,Homare Tokuda,2025-2026,2025-12-15,175000,Kashima Antlers FC,JAP1,,,,,,,,,True,
910181,Juzo Ura,2025-2026,2025-12-15,100000,Rakuten Vissel Kobe,JAP1,,,,,,,,,True,
910291,Hyeon-yeob Kim,2025-2026,2025-12-16,100000,Bucheon Football Club 1995,RSK1,,,,,,,,,True,
910311,Kotaro Uchino,2025-2026,2025-12-15,100000,Rakuten Vissel Kobe,JAP1,,,,,,,,,True,
910331,Luis Marquinez,2025-2026,2025-12-05,350000,Deportes Tolima,COL1,,,,,,,,,True,
910457,Nelson Quiñónes,2025-2026,2025-12-11,500000,Houston Dynamo,MLS1,,,,,,,,,True,
910541,Fábio Baldé,2025-2026,2025-12-19,3000000,Hamburger Sport Verein,L1,,,,,,,,,True,
910582,Omar Megeed,2025-2026,2025-12-15,150000,Hamburger Sport Verein,L1,,,,,,,,,True,
910641,Bruno Leyes,2025-2026,2026-03-18,2000000,Club Atlético Tigre,ARG1,,,,,,,,,True,
910647,Eber Moreno,2025-2026,2026-03-17,300000,Deportivo Pereira,COL1,,,,,,,,,True,
910740,Zakhar Fedorov,2025-2026,2025-12-16,400000,FK Sochi,RU1,,,,,,,,,True,
910848,,2025-2026,2025-12-16,50000,,,,,,,,,,,True,
910851,,2025-2026,2025-12-16,50000,,,,,,,,,,,True,
910855,Hyeon-seo Han,2025-2026,2025-12-16,325000,Football Club Pohang Steelers,RSK1,,,,,,,,,True,
910903,Alex Souza,2025-2026,2025-12-23,900000,Kyoto Purple Sanga,JAP1,,,,,,,,,True,
911027,Yaliston Martínez,2025-2026,2025-12-05,50000,Boyacá Chicó FC,COL1,,,,,,,,,True,
911120,Jhildrey Lasso,2025-2026,2026-03-17,250000,Alianza FC,COL1,,,,,,,,,True,
911245,Yannick Bettkober,2025-2026,2025-12-29,100000,Grasshopper Club Zürich,C1,,,,,,,,,True,
911286,Myung-soon Kim,2025-2026,2025-12-16,350000,Incheon United Football Club,RSK1,,,,,,,,,True,
911337,Fernando Álvarez,2025-2026,2026-03-17,1000000,Deportivo Cali,COL1,,,,,,,,,True,
911482,Amin Boudri,2025-2026,2025-11-19,900000,Los Angeles Football Club,MLS1,,,,,,,,,True,
911581,Lautaro Maldonado,2023-2024,2023-12-04,10000,Instituto Atlético Central Córdoba,ARG1,,,,,,,,,True,
911736,Sverre Nypan,2025-2026,2025-12-03,15000000,Manchester City Football Club,GB1,,,,,,,,,True,
911946,Jorge Hurtado,2025-2026,2026-03-17,400000,Millonarios FC,COL1,,,,,,,,,True,
911960,Agustín Lastra,2025-2026,2026-03-18,100000,Asociación Atlética Estudiantes,ARG1,,,,,,,,,True,
911997,Érik Bodencer,2025-2026,2025-12-05,100000,Llaneros FC,COL1,,,,,,,,,True,
912009,Simón Rivero,2025-2026,2025-12-17,400000,Club Atlético Tigre,ARG1,,,,,,,,,True,
912072,Bo Hegland,2025-2026,2025-11-19,800000,Djurgårdens Idrottsförening,SE1,,,,,,,,,True,
912091,Robert Bădescu,2025-2026,2025-12-19,250000,Fotbal Club Metaloglobus București SA,RO1,,,,,,,,,True,
912098,Jackson Hopkins,2025-2026,2025-12-11,1500000,D.C. United,MLS1,,,,,,,,,True,
912165,Laurențiu Vlăsceanu,2025-2026,2025-12-19,150000,Asociația Fotbal Club Unirea 04 Slobozia,RO1,,,,,,,,,True,
912306,Alessandro Riep,2025-2026,2025-12-10,500000,Club Sportivo Independiente Rivadavia,ARG1,,,,,,,,,True,
912392,Lucas Cepeda,2025-2026,2026-03-16,3500000,Elche Club de Fútbol S.A.D.,ES1,,,,,,,,,True,
912480,Rasmus Eggen Vinge,2025-2026,2025-12-15,600000,KFUM-Kameratene Oslo,NO1,,,,,,,,,True,
912504,Nicolás Palavecino,2025-2026,2025-12-17,225000,Club Atlético Unión,ARG1,,,,,,,,,True,
912571,Min-seo Moon,2025-2026,2025-12-16,225000,Gwangju Football Club,RSK1,,,,,,,,,True,
912572,Hui-su Kang,2025-2026,2025-12-16,125000,Gwangju Football Club,RSK1,,,,,,,,,True,
912579,Hyeok-joo An,2025-2026,2025-12-16,100000,Gwangju Football Club,RSK1,,,,,,,,,True,
912588,Dong-hwa Kim,2025-2026,2025-12-16,50000,Gwangju Football Club,RSK1,,,,,,,,,True,
912696,Juan Cardozo,2025-2026,2025-12-17,175000,Club Atlético Central Córdoba,ARG1,,,,,,,,,True,
912703,Alan Núñez,2025-2026,2025-12-18,800000,Clube Desportivo Nacional,PO1,,,,,,,,,True,
912834,Julian Bock,2025-2026,2025-12-29,100000,FC Luzern,C1,,,,,,,,,True,
912959,Fredrik Sjøvold,2025-2026,2026-03-16,10000000,Fotballklubben Bodø/Glimt,NO1,,,,,,,,,True,
913164,Tae-ho Jin,2025-2026,2025-12-16,175000,Jeonbuk Hyundai Motors,RSK1,,,,,,,,,True,
913289,Tyrique Mercera,2025-2026,2025-12-02,600000,Football Club Groningen,NL1,,,,,,,,,True,
913412,Isak Hagen Aalberg,2025-2026,2025-12-15,50000,Kristiansund Ballklubb,NO1,,,,,,,,,True,
913833,Min-kyu Cho,2025-2026,2025-12-16,25000,Gangwon Football Club,RSK1,,,,,,,,,True,
913979,Dan Neicu,2025-2026,2025-12-19,10000,SC Oţelul Galaţi,RO1,,,,,,,,,True,
913994,Shuhei Mizoguchi,2025-2026,2025-12-15,125000,Kashima Antlers FC,JAP1,,,,,,,,,True,
913997,Tetsuyuki Inami,2025-2026,2025-12-15,275000,Tokyo Verdy,JAP1,,,,,,,,,True,
914004,Akito Suzuki,2025-2026,2025-12-15,1000000,Sanfrecce Hiroshima,JAP1,,,,,,,,,True,
914195,Yutaka Michiwaki,2025-2026,2025-12-18,200000,Avispa Fukuoka,JAP1,,,,,,,,,True,
914681,David Ruíz,2025-2026,2025-12-11,2000000,Club Internacional de Fútbol Miami,MLS1,,,,,,,,,True,
914855,Charalampos Georgiadis,2025-2026,2025-12-12,100000,Panserraikos Serres,GR1,,,,,,,,,True,
914949,Niklas Ødegård,2025-2026,2025-12-15,650000,Kristiansund Ballklubb,NO1,,,,,,,,,True,
915016,Juan Domínguez,2025-2026,2025-12-29,2500000,Club León Fútbol Club,MEX1,,,,,,,,,True,
915026,Nelson Ishiwatari,2025-2026,2025-12-15,500000,Cerezo Osaka,JAP1,,,,,,,,,True,
915094,Aolin Zhang,2024-2025,2025-05-29,50000,Gamba Osaka,JAP1,,,,,,,,,True,
915097,Yuki Yoshihara,2022-2023,2023-01-06,50000,Gamba Osaka,JAP1,,,,,,,,,True,
915155,Jesús Orozco Chiquete,2025-2026,2025-12-29,6000000,Club de Fútbol Cruz Azul S.A. de C.V.,MEX1,,,,,,,,,True,
915265,Niina Tominaga,2025-2026,2025-12-15,75000,Rakuten Vissel Kobe,JAP1,,,,,,,,,True,
915418,Jannik Schuster,2025-2026,2025-12-22,3500000,Fußballclub Red Bull Salzburg,A1,,,,,,,,,True,
915421,Christian Zawieschitzky,2025-2026,2025-12-22,1000000,Fußballclub Red Bull Salzburg,A1,,,,,,,,,True,
915537,David Tufekcic,2025-2026,2025-12-15,750000,Kristiansund Ballklubb,NO1,,,,,,,,,True,
915896,Oliver Lukic,2025-2026,2025-12-15,1000000,Fußballclub Red Bull Salzburg,A1,,,,,,,,,True,
915899,,2025-2026,2025-12-15,300000,,,,,,,,,,,True,
915904,Marijan Österreicher,2025-2026,2026-03-10,300000,Fußballklub Austria Wien,A1,,,,,,,,,True,
916122,Elias Barsoum,2025-2026,2025-11-19,400000,Degerfors IF,SE1,,,,,,,,,True,
916129,Jonathan Karlsson,2025-2026,2025-11-19,275000,Västerås Sportklubb FK,SE1,,,,,,,,,True,
916226,Zurab Rukhadze,2025-2026,2025-12-18,200000,FK Kolos Kovalivka,UKR1,,,,,,,,,True,
916386,Jae-min Kim,2025-2026,2025-12-16,50000,Jeju SK Football Club,RSK1,,,,,,,,,True,
916389,Joon-seob Im,2025-2026,2025-12-16,25000,Football Club Seoul,RSK1,,,,,,,,,True,
916430,Edoardo Motta,2025-2026,2026-03-24,4000000,Società Sportiva Lazio S.p.A.,IT1,,,,,,,,,True,
916461,Rhys Bozinovski,2025-2026,2026-01-13,400000,Heracles Almelo,NL1,,,,,,,,,True,
916599,Alexandre Pisano,2025-2026,2025-12-15,275000,Nagoya Grampus Eight,JAP1,,,,,,,,,True,
916601,Ryoga Kida,2025-2026,2026-03-18,100000,Asociación Atlética Argentinos Juniors,ARG1,,,,,,,,,True,
916611,Haruto Suzuki,2025-2026,2025-12-15,50000,Nagoya Grampus Eight,JAP1,,,,,,,,,True,
916623,Keisuke Goto,2025-2026,2026-03-13,8000000,Koninklijke Sint-Truidense Voetbalvereniging,BE1,,,,,,,,,True,
916750,Endri Celaj,2025-2026,2025-12-19,25000,Fotbal Club Metaloglobus București SA,RO1,,,,,,,,,True,
917287,Vadym Pidlepych,2025-2026,2025-12-18,200000,SK Poltava,UKR1,,,,,,,,,True,
917402,Dzhamalutdin Abdulkadyrov,2025-2026,2025-12-16,1000000,RFK Akhmat Grozny,RU1,,,,,,,,,True,
917422,Yordy Bedoya,2021-2022,2022-06-06,50000,Boyacá Chicó FC,COL1,,,,,,,,,True,
917457,Nikita Bazilevskiy,2025-2026,2025-12-16,300000,Akron Togliatti,RU1,,,,,,,,,True,
917594,Diego García,2025-2026,2025-12-11,50000,FC Dallas,MLS1,,,,,,,,,True,
917826,Ulises Ciccioli,2025-2026,2025-12-22,1000000,Club Atlético Rosario Central,ARG1,,,,,,,,,True,
918365,Levi Smans,2025-2026,2025-12-02,2000000,Sportclub Heerenveen,NL1,,,,,,,,,True,
918368,Ivan Davidovic,2025-2026,2025-12-11,400000,Fudbalski Klub Novi Pazar,SER1,,,,,,,,,True,
918445,Emirhan Demircan,2025-2026,2025-12-02,600000,Football Club Utrecht,NL1,,,,,,,,,True,
918449,Matteo Schablas,2025-2026,2025-12-22,300000,Fußballklub Austria Wien,A1,,,,,,,,,True,
918474,Luka Klanac,2025-2026,2025-12-22,50000,HNK Vukovar 1991,KR1,,,,,,,,,True,
918494,Benjamin Faraas,2025-2026,2025-12-15,350000,Fredrikstad Fotballklubb,NO1,,,,,,,,,True,
918615,Stepan Grygorashchuk,2025-2026,2025-12-18,300000,Epicentr Dunaivtsi,UKR1,,,,,,,,,True,
918824,Ruslan Bart,2025-2026,2025-12-16,400000,FK Sochi,RU1,,,,,,,,,True,
918931,Paskal Meyer,2025-2026,2026-03-26,100000,Motor Lublin Spółka Akcyjna,PL1,,,,,,,,,True,
919006,Woobens Pacius,2025-2026,2025-11-25,300000,Nashville SC,MLS1,,,,,,,,,True,
919358,Renat Golybin,2025-2026,2025-12-03,250000,FC Orenburg,RU1,,,,,,,,,True,
919675,Rasmus Holten,2025-2026,2025-12-15,350000,Sportsklubben Brann,NO1,,,,,,,,,True,
919693,Andrei Rus,2025-2026,2025-12-19,200000,SC Oţelul Galaţi,RO1,,,,,,,,,True,
920209,Krzysztof Koton,2025-2026,2025-12-10,300000,FC Verbroedering Denderhoutem Denderleeuw Eendracht Hekelgem,BE1,,,,,,,,,True,
920272,Ludwig Malachowski Thorell,2025-2026,2026-03-30,550000,Mjällby Almänna Idrottsförening,SE1,,,,,,,,,True,
920297,Gottfrid Rapp,2025-2026,2025-11-19,500000,Idrottsföreningen Elfsborg,SE1,,,,,,,,,True,
920307,Elis Bishesari,2025-2026,2025-11-19,1800000,Idrottsföreningen Kamraterna Göteborg,SE1,,,,,,,,,True,
920308,Elison Makolli,2025-2026,2025-12-18,1000000,Aalborg BK,DK1,Elison Makolli,2025-2026,2025-12-18,1000000.0,Malmö Fotbollförening,SE1,0.0,0.0,True,
920309,Fredrik Nissen,2025-2026,2025-11-19,250000,Allmänna Idrottsklubben,SE1,,,,,,,,,True,
920310,Taha Ayari,2025-2026,2025-11-19,1500000,Allmänna Idrottsklubben,SE1,,,,,,,,,True,
920456,Sivert Sira Hansen,2025-2026,2026-03-16,1000000,Molde Fotballklubb,NO1,,,,,,,,,True,
920470,Tochukwu Nnadi,2025-2026,2026-03-27,3000000,Olympique de Marseille,FR1,,,,,,,,,True,
921111,Abdullah Matuq,2025-2026,2025-12-18,175000,Al-Shabab Club,SA1,,,,,,,,,True,
921112,Abdulelah Al-Shammari,2025-2026,2025-12-18,250000,Al-Najma Sport Club,SA1,,,,,,,,,True,
921224,Abdulrahman Al-Dakheel,2025-2026,2025-12-18,250000,Al-Hazem Sport Club,SA1,,,,,,,,,True,
921251,Domagoj Bukvic,2025-2026,2025-12-22,800000,NK Osijek s.d.d.,KR1,,,,,,,,,True,
921306,Eus Waayers,2025-2026,2025-12-16,350000,Go Ahead Eagles,NL1,,,,,,,,,True,
921431,Adam Kölle,2025-2026,2025-12-19,1000000,1. Fußballclub Heidenheim 1846,L1,,,,,,,,,True,
921533,Dominik Prpić,2025-2026,2025-12-18,5000000,Futebol Clube do Porto,PO1,,,,,,,,,True,
921552,Filip Cuic,2025-2026,2025-12-22,650000,Morski Klub Sportowy Pogoń Szczecin,PL1,,,,,,,,,True,
921553,Simun Hrgovic,2025-2026,2025-12-22,3000000,HNK Hajduk Split,KR1,,,,,,,,,True,
921790,Luka Mamic,2025-2026,2025-12-22,600000,NK Varazdin,KR1,,,,,,,,,True,
922103,Mohamed Al-Thani,2025-2026,2025-12-18,800000,Al-Shabab Club,SA1,,,,,,,,,True,
922125,Abdulaziz Al-Harabi,2025-2026,2025-12-18,125000,Al-Najma Sport Club,SA1,,,,,,,,,True,
922291,Nevio Di Giusto,2025-2026,2026-03-17,400000,FC Zürich,C1,,,,,,,,,True,
922459,Mohammed Al-Aqel,2025-2026,2025-12-18,125000,Al-Najma Sport Club,SA1,,,,,,,,,True,
922497,Abdullah Al-Hawsawi,2025-2026,2025-12-18,175000,Al-Najma Sport Club,SA1,,,,,,,,,True,
922536,Rayan Hamed,2025-2026,2026-03-30,700000,Al-Ahli Saudi Football Club,SA1,,,,,,,,,True,
922621,Ryan Kessler,2025-2026,2025-12-29,350000,FC Sion,C1,,,,,,,,,True,
922709,Florent Hajdini,2025-2026,2025-12-22,150000,RZ Pellets Wolfsberger Athletiksport Club,A1,,,,,,,,,True,
922711,Erik Kojzek,2025-2026,2025-12-22,2500000,RZ Pellets Wolfsberger Athletiksport Club,A1,,,,,,,,,True,
922788,Axel Kayombo,2025-2026,2025-12-22,2000000,Sportklub Puntigamer Sturm Graz,A1,,,,,,,,,True,
922791,Bung Meng Freimann,2025-2026,2025-12-29,2500000,FC Luzern,C1,,,,,,,,,True,
922792,Mouhamed El Bachir Ngom,2025-2026,2025-11-10,700000,Grasshopper Club Zürich,C1,,,,,,,,,True,
922892,Baran Moğultay,2025-2026,2025-12-17,250000,Alanyaspor,TR1,,,,,,,,,True,
922977,Petr Mirvald,2025-2026,2025-12-22,175000,"Bohemians Praha 1905, a.s.",TS1,,,,,,,,,True,
923213,Pablo Bennevendo,2025-2026,2025-12-29,3000000,Club Universidad Nacional A. C.,MEX1,,,,,,,,,True,
923299,Felipe Lima,2025-2026,2026-03-19,200000,Futebol Clube de Alverca,PO1,,,,,,,,,True,
923408,Ognjen Abramusic,2025-2026,2025-12-11,50000,Fudbalski klub Čukarički Beograd,SER1,,,,,,,,,True,
923459,Facundo Altamira,2025-2026,2025-12-17,1000000,Club Social y Deportivo Defensa y Justicia,ARG1,,,,,,,,,True,
923505,Troy Nyhammer,2025-2026,2025-12-15,800000,Tromsø Idrettslag,NO1,,,,,,,,,True,
923512,Sergiy Sten,2025-2026,2025-12-18,150000,NK Veres Rivne,UKR1,,,,,,,,,True,
923527,Gustav Nyheim,2025-2026,2025-12-15,200000,Lillestrøm Sportsklubb,NO1,,,,,,,,,True,
923530,Julian Gonstad,2025-2026,2025-12-15,700000,Hamarkameratene,NO1,,,,,,,,,True,
923531,Oliver Jordan Hagen,2025-2026,2025-12-15,500000,Hammarby IF,SE1,,,,,,,,,True,
923532,William Osnes-Ringen,2025-2026,2025-12-15,300000,Hamarkameratene,NO1,,,,,,,,,True,
923535,Jens Hjertø-Dahl,2025-2026,2025-12-15,7000000,Tromsø Idrettslag,NO1,,,,,,,,,True,
923538,Jonas Torsvik,2025-2026,2025-12-15,450000,Sportsklubben Brann,NO1,,,,,,,,,True,
923667,Joeri Heerkens,2025-2026,2025-12-02,1000000,AFC Ajax Amsterdam,NL1,,,,,,,,,True,
923668,Stefan Jovanoski,2025-2026,2025-12-22,25000,"FK Mladá Boleslav, a.s.",TS1,,,,,,,,,True,
923671,Lukas Branecky,2025-2026,2025-12-22,175000,FC Trinity Zlin,TS1,,,,,,,,,True,
923688,Santiago Trigos,2025-2026,2025-12-29,1200000,Club Universidad Nacional A. C.,MEX1,,,,,,,,,True,
923809,Dircssi Ngonzo,2025-2026,2025-12-29,400000,Football Club Lausanne-Sport,C1,,,,,,,,,True,
923940,Nicolás Sumavil,2025-2026,2025-11-26,450000,Club Atlético Platense,ARG1,,,,,,,,,True,
924858,Dylan Lobban,2025-2026,2026-03-05,250000,Aberdeen Football Club,SC1,,,,,,,,,True,
924859,Rory Wilson,2025-2026,2026-03-02,300000,Sportklub Puntigamer Sturm Graz,A1,,,,,,,,,True,
925101,In-jung Jo,2025-2026,2025-12-16,25000,Jeju SK Football Club,RSK1,,,,,,,,,True,
925199,Junior Zé,2025-2026,2025-12-29,1500000,Fodbold Club Midtjylland,DK1,,,,,,,,,True,
925209,Jung-woo Jang,2025-2026,2025-12-16,25000,Football Club Anyang,RSK1,,,,,,,,,True,
925216,Demir Xhemalija,2025-2026,2025-12-29,200000,FC Luzern,C1,,,,,,,,,True,
925357,Kota Tawaratsumida,2025-2026,2025-12-15,1000000,Tokyo Football Club,JAP1,,,,,,,,,True,
925371,Kanta Doi,2025-2026,2025-12-15,750000,Tokyo Football Club,JAP1,,,,,,,,,True,
925384,Masataka Kobayashi,2024-2025,2025-05-29,50000,Tokyo Football Club,JAP1,,,,,,,,,True,
925394,Denys Golub,2024-2025,2024-12-17,10000,Epicentr Dunaivtsi,UKR1,,,,,,,,,True,
925418,Ramiz Harakaté,2025-2026,2025-12-22,1000000,Grazer Athletiksport Klub 1902,A1,,,,,,,,,True,
925688,David Ilie,2025-2026,2025-12-19,25000,Fotbal Club Petrolul Ploiești,RO1,,,,,,,,,True,
925762,Justin Homma,2024-2025,2025-06-26,75000,Rakuten Vissel Kobe,JAP1,,,,,,,,,True,
925838,Francesco Coppola,2025-2026,2026-03-24,3500000,Pisa Sporting Club,IT1,,,,,,,,,True,
926365,Luis Díaz,2025-2026,2025-12-05,700000,Envigado FC,COL1,,,,,,,,,True,
926366,William Hurtado,2025-2026,2025-12-05,300000,Envigado FC,COL1,,,,,,,,,True,
926381,Jaime Diaz,2025-2026,2025-12-05,100000,Boyacá Chicó FC,COL1,,,,,,,,,True,
926389,Noé Lebreton,2025-2026,2026-03-11,2000000,Nijmegen Eendracht Combinatie,NL1,,,,,,,,,True,
926453,Dewar Victoria,2025-2026,2026-03-17,200000,Millonarios FC,COL1,,,,,,,,,True,
926953,Oskar Øhlenschlæger,2025-2026,2025-12-15,2800000,Fredrikstad Fotballklubb,NO1,,,,,,,,,True,
926991,Jonatan Lindekilde,2025-2026,2025-12-15,400000,Fodbold Club Fredericia,DK1,,,,,,,,,True,
927094,Daníel Gudjohnsen,2025-2026,2025-11-19,600000,Malmö Fotbollförening,SE1,,,,,,,,,True,
927107,Ni,2025-2026,2025-12-18,100000,Club Football Estrela da Amadora,PO1,,,,,,,,,True,
927306,Fran Topic,2025-2026,2025-12-22,1000000,GNK Dinamo Zagreb,KR1,,,,,,,,,True,
927331,Ante Matej Juric,2025-2026,2025-12-22,700000,Hrvatski Nogometni Klub Rijeka,KR1,,,,,,,,,True,
927463,Róbert Frosti Thorkelsson,2025-2026,2025-11-19,250000,GAIS,SE1,,,,,,,,,True,
927635,Carlos Garcés,2025-2026,2025-12-11,700000,Los Angeles Galaxy,MLS1,,,,,,,,,True,
927734,Martim Marques,2025-2026,2025-12-29,5000000,FC Lugano,C1,,,,,,,,,True,
927834,Noel Bodetic,2025-2026,2025-12-22,400000,Hrvatski Nogometni Klub Rijeka,KR1,,,,,,,,,True,
927847,Bruno Burcul,2025-2026,2025-12-30,400000,Hrvatski Nogometni Klub Rijeka,KR1,,,,,,,,,True,
927970,Juho Lähteenmäki,2025-2026,2025-12-15,3500000,Fodbold Club Nordsjælland,DK1,,,,,,,,,True,
927982,Ștefan Duțu,2025-2026,2025-12-19,150000,F.C.V. Farul Constanța SA,RO1,,,,,,,,,True,
928023,Alexandr Buzek,2025-2026,2025-12-22,1000000,"SK Slavia Praha, a.s.",TS1,,,,,,,,,True,
928038,Tom Sloncik,2025-2026,2025-12-22,2000000,"FC Viktoria Plzeň, a.s.",TS1,,,,,,,,,True,
928359,Myron Mau-Asam,2025-2026,2025-12-02,50000,Football Club Volendam,NL1,,,,,,,,,True,
928478,Costel Avram,2024-2025,2025-06-10,50000,Fotbal Club CFR 1907 Cluj SA,RO1,,,,,,,,,True,
928499,Saad Al-Mousa,2025-2026,2025-12-18,1200000,Al-Ittihad Football Club,SA1,,,,,,,,,True,
928647,Matías Abaldo,2025-2026,2025-12-17,3500000,Club Atlético Independiente de Avellaneda,ARG1,,,,,,,,,True,
928648,Anderson Duarte,2025-2026,2025-12-29,2000000,Club Atlético de San Luis,MEX1,,,,,,,,,True,
928758,Charly Keita,2025-2026,2025-12-11,500000,Fudbalski Klub IMT Novi Beograd,SER1,,,,,,,,,True,
928873,Alexis Mirbach,2025-2026,2025-12-15,50000,Football Club de Nantes,FR1,,,,,,,,,True,
929007,Jun-ha Kim,2025-2026,2025-12-16,350000,Jeju SK Football Club,RSK1,,,,,,,,,True,
929012,Soo-ah Lee,2025-2026,2025-12-16,75000,Football Club Pohang Steelers,RSK1,,,,,,,,,True,
929014,Byung-wook Choi,2025-2026,2025-12-16,175000,Jeju SK Football Club,RSK1,,,,,,,,,True,
929263,David Ciurel,2022-2023,2023-06-23,10000,Asociația Fotbal Club Botoșani,RO1,,,,,,,,,True,
929423,Jakub Lewicki,2025-2026,2026-03-26,500000,Gliwicki Klub Sportowy Piast Spółka Akcyjna,PL1,,,,,,,,,True,
929438,Franco Fagúndez,2025-2026,2026-03-17,900000,Independiente Santa Fe,COL1,,,,,,,,,True,
929467,Kamil Jakubczyk,2025-2026,2026-03-26,1000000,Morski Związkowy Klub Sportowy Arka Gdynia Spółka Akcyjna,PL1,,,,,,,,,True,
929866,João Moreira,2025-2026,2026-03-12,1000000,São Paulo Futebol Clube,BRA1,,,,,,,,,True,
929887,Adam Sevinsky,2025-2026,2026-03-24,4500000,"AC Sparta Praha, a. s.",TS1,,,,,,,,,True,
929899,Rahim Alhassane,2025-2026,2025-12-12,2000000,Real Oviedo S.A.D.,ES1,,,,,,,,,True,
930389,Martin Ryzek,2025-2026,2025-12-22,50000,FC Slovan Liberec,TS1,,,,,,,,,True,
930571,Oscar Gloukh,2025-2026,2026-03-11,15000000,AFC Ajax Amsterdam,NL1,,,,,,,,,True,
930998,Yannick Eduardo,2025-2026,2026-03-19,2500000,Turn- und Sportgemeinschaft 1899 Hoffenheim Fußball-Spielbetriebs,L1,,,,,,,,,True,
931007,Evertton Araújo,2025-2026,2025-12-10,5000000,Clube de Regatas do Flamengo,BRA1,,,,,,,,,True,
931416,Ivan Lima,2025-2026,2025-12-22,500000,Gliwicki Klub Sportowy Piast Spółka Akcyjna,PL1,,,,,,,,,True,
931426,Jan Paluska,2025-2026,2025-12-22,3500000,"FC Viktoria Plzeň, a.s.",TS1,,,,,,,,,True,
931428,David Planka,2025-2026,2026-03-24,2500000,FC Baník Ostrava a.s.,TS1,,,,,,,,,True,
931525,Wout Asselman,2025-2026,2025-12-18,400000,Koninklijke Atletiek Associatie Gent,BE1,,,,,,,,,True,
931677,Miguel Carvalho,2025-2026,2025-12-18,350000,Al-Hazem Sport Club,SA1,,,,,,,,,True,
931834,Felix Eriksson,2025-2026,2025-11-19,350000,Idrottsföreningen Kamraterna Göteborg,SE1,,,,,,,,,True,
932021,Reiju Tsuruno,2025-2026,2025-12-15,250000,Avispa Fukuoka,JAP1,,,,,,,,,True,
932187,Sascha Britschgi,2025-2026,2026-03-24,10000000,Parma Calcio 1913,IT1,,,,,,,,,True,
932537,Shin Seong,2025-2026,2025-12-16,50000,Bucheon Football Club 1995,RSK1,,,,,,,,,True,
932622,Juan Camilo Mosquera,2025-2026,2026-03-17,500000,Atlético Bucaramanga,COL1,,,,,,,,,True,
932800,Flavius Iacob,2025-2026,2025-12-19,350000,Asociația Fotbal Club UTA Arad,RO1,,,,,,,,,True,
932837,Erwin Bloj,2025-2026,2025-12-19,150000,Asociația Futball Klub Csíkszereda Miercurea Ciuc,RO1,,,,,,,,,True,
932920,Stefan Gudelj,2025-2026,2026-03-26,500000,Fudbalski klub Crvena zvezda Beograd,SER1,,,,,,,,,True,
932960,Tobias Solheim Dahl,2025-2026,2025-12-15,300000,Rosenborg Ballklub,NO1,,,,,,,,,True,
933403,Takaya Numata,2025-2026,2025-12-15,250000,Zelvia,JAP1,,,,,,,,,True,
933835,Heine Åsen Larsen,2025-2026,2025-12-15,350000,Tromsø Idrettslag,NO1,,,,,,,,,True,
933908,Ángel Ortiz,2025-2026,2025-12-12,4000000,Real Betis Balompié S.A.D.,ES1,,,,,,,,,True,
934031,Kiko,2025-2026,2025-12-18,1500000,Moreirense Futebol Clube,PO1,,,,,,,,,True,
934519,Elione Fernandes Neto,2025-2026,2025-12-15,300000,FC Hradec Králové a.s.,TS1,,,,,,,,,True,
934529,Kelven Frees,2025-2026,2025-12-23,300000,Turn- und Sportgemeinschaft 1899 Hoffenheim Fußball-Spielbetriebs,L1,,,,,,,,,True,
934722,Viktor Andersson,2025-2026,2025-11-16,400000,Idrottsföreningen Kamraterna Göteborg,SE1,,,,,,,,,True,
934991,Giannis Doiranlis,2025-2026,2025-12-12,350000,Panserraikos Serres,GR1,,,,,,,,,True,
935015,Ștefan Lefter,2025-2026,2025-12-19,400000,Asociația Sportivă Fotbal Club Universitatea Cluj,RO1,,,,,,,,,True,
935082,Ethan Williams,2025-2026,2026-03-05,400000,Falkirk Football & Athletic Club,SC1,,,,,,,,,True,
935106,Marko Podolyak,2025-2026,2025-12-18,50000,LNZ Cherkasy,UKR1,,,,,,,,,True,
935231,Víctor Muñoz,2025-2026,2026-03-16,20000000,Club Atlético Osasuna,ES1,,,,,,,,,True,
935232,Aitor Mañas,2025-2026,2026-03-16,600000,Deportivo Alavés S. A. D.,ES1,,,,,,,,,True,
935245,Raúl Asencio,2025-2026,2026-03-16,25000000,Real Madrid Club de Fútbol,ES1,,,,,,,,,True,
935447,Jan Koutny,2025-2026,2026-03-24,4000000,"SK Sigma Olomouc, a.s.",TS1,,,,,,,,,True,
935518,Dorian Paloschi,2025-2026,2025-12-29,800000,Grasshopper Club Zürich,C1,,,,,,,,,True,
935760,Rafiu Durosinmi,2025-2026,2025-12-22,7500000,Pisa Sporting Club,IT1,,,,,,,,,True,
935842,Alexandr Urban,2025-2026,2025-12-19,50000,1. FC Slovácko,TS1,,,,,,,,,True,
935978,João Vitor,2025-2026,2026-03-12,400000,Associação Chapecoense de Futebol,BRA1,,,,,,,,,True,
936234,Ren Kato,2025-2026,2025-12-15,500000,Yokohama Marinos,JAP1,,,,,,,,,True,
936235,Takumi Tsuchiya,2025-2026,2025-12-15,500000,Hitachi Kashiwa Reysol,JAP1,,,,,,,,,True,
936238,Yuya Tsuboi,2025-2026,2025-12-15,50000,Yokohama Marinos,JAP1,,,,,,,,,True,
936271,Ryosuke Shirai,2025-2026,2025-12-15,100000,Tokyo Verdy,JAP1,,,,,,,,,True,
936294,Rion Ichihara,2025-2026,2025-12-15,1500000,Alkmaar Zaanstreek,NL1,,,,,,,,,True,
936439,Camil Jebara,2025-2026,2025-11-19,600000,Lillestrøm Sportsklubb,NO1,,,,,,,,,True,
936544,Erick Pulga,2025-2026,2025-12-10,11000000,Esporte Clube Bahia,BRA1,,,,,,,,,True,
936581,Cherrion Valerius,2025-2026,2025-12-02,700000,Nooit Opgeven Altijd Doorzetten Aangenaam Door Vermaak En Nuttig Door Ontspanning Combinatie Breda,NL1,,,,,,,,,True,
936956,Sebastián Pérez-Bouquet,2025-2026,2026-03-26,1500000,Club Atlético de San Luis,MEX1,,,,,,,,,True,
937037,Rafael Munteanu,2025-2026,2026-03-27,250000,F.C.V. Farul Constanța SA,RO1,,,,,,,,,True,
937066,Luca Băsceanu,2025-2026,2025-12-19,500000,U Craiova 1948 Club Sportiv SA,RO1,,,,,,,,,True,
937111,Lucas Mbamba,2025-2026,2025-12-10,600000,Koninklijke Voetbal Club Westerlo,BE1,,,,,,,,,True,
937727,Gil Martins,2025-2026,2025-12-22,200000,Gil Vicente Futebol Clube,PO1,,,,,,,,,True,
937840,Harrison Jones,2025-2026,2025-12-09,150000,Sunderland Association Football Club,GB1,,,,,,,,,True,
937845,Joe Westley,2025-2026,2025-12-10,150000,Dundee Football Club,SC1,,,,,,,,,True,
937850,Makar Chirkov,2025-2026,2025-12-03,175000,FK Sochi,RU1,,,,,,,,,True,
937917,Dmytro Ledviy,2025-2026,2025-12-18,500000,FC Rukh Lviv,UKR1,Dmytro Ledviy,2025-2026,2025-12-18,500000.0,LNZ Cherkasy,UKR1,0.0,0.0,True,
937941,Thierno Barry,2025-2026,2025-12-09,30000000,Everton Football Club,GB1,,,,,,,,,True,
937973,Lovro Banovec,2025-2026,2025-12-22,600000,HNK Vukovar 1991,KR1,,,,,,,,,True,
938076,Georgios Agapakis,2025-2026,2025-12-12,75000,Panetolikos Agrinio,GR1,,,,,,,,,True,
938123,Nicolás Rodríguez,2025-2026,2025-12-11,1000000,Atlético Nacional,COL1,,,,,,,,,True,
938160,Ianis Tarbă,2025-2026,2025-12-30,50000,SC Dinamo 1948 SA,RO1,,,,,,,,,True,
938313,Luka Puzovic,2025-2026,2025-12-11,150000,Fudbalski klub Radnik Surdulica,SER1,,,,,,,,,True,
938388,Panagiotis Tsantilas,2025-2026,2026-03-06,500000,APS Atromitos Athinon,GR1,,,,,,,,,True,
938591,Antonio Dumitru,2025-2026,2025-12-19,200000,Asociația Fotbal Club Botoșani,RO1,,,,,,,,,True,
938901,Jan Buryan,2025-2026,2026-03-24,400000,"FK Mladá Boleslav, a.s.",TS1,,,,,,,,,True,
939217,Victor Halvorsen,2025-2026,2025-12-15,800000,Sarpsborg 08 Fotballforening,NO1,,,,,,,,,True,
939246,Casper Andersson,2023-2024,2023-12-08,100000,Kalmar Fotbollförening,SE1,,,,,,,,,True,
939479,Mohamed Nasraoui,2025-2026,2025-12-22,500000,NK Istra 1961,KR1,,,,,,,,,True,
939565,Edvard Sundbø Pettersen,2025-2026,2025-12-15,600000,Sandefjord Fotball,NO1,,,,,,,,,True,
939751,Matej Kadlec,2025-2026,2026-03-24,250000,"Bohemians Praha 1905, a.s.",TS1,,,,,,,,,True,
939942,Walid Al-Enezi,2025-2026,2025-12-18,75000,Al-Najma Sport Club,SA1,,,,,,,,,True,
940016,Brooklyn Raines,2025-2026,2025-12-11,600000,New England Revolution,MLS1,,,,,,,,,True,
940095,Nordin Bukala,2025-2026,2025-12-02,600000,Football Club Volendam,NL1,,,,,,,,,True,
940220,Beno Selan,2025-2026,2025-12-10,500000,Klub Sportowy Cracovia Spółka Akcyjna,PL1,,,,,,,,,True,
940366,Andrei Dorobanțu,2025-2026,2025-12-19,300000,Asociația Fotbal Club Unirea 04 Slobozia,RO1,,,,,,,,,True,
940548,Bogdan Mirčetić,2025-2026,2026-03-26,1200000,RKS Raków Częstochowa SA,PL1,,,,,,,,,True,
940599,Luka Krstovic,2025-2026,2025-12-11,100000,Fudbalski Klub IMT Novi Beograd,SER1,,,,,,,,,True,
940628,Gabriel Ursu,2023-2024,2024-06-05,25000,SC Oţelul Galaţi,RO1,,,,,,,,,True,
940645,Lazar Stojanovic,2025-2026,2026-03-26,650000,Fudbalski klub Čukarički Beograd,SER1,,,,,,,,,True,
940652,Veljko Radosavljevic,2025-2026,2025-12-11,450000,Fudbalski klub Čukarički Beograd,SER1,,,,,,,,,True,
940653,Stefan Mitrovic,2025-2026,2025-12-11,50000,Železničar Pančevo,SER1,,,,,,,,,True,
940793,David Nykrin,2025-2026,2025-12-22,75000,FK Jablonec a.s.,TS1,,,,,,,,,True,
940800,Franjo Posavac,2025-2026,2025-12-17,300000,NK Lokomotiva Zagreb,KR1,,,,,,,,,True,
941029,Dominik Mares,2025-2026,2025-12-22,150000,"FK Mladá Boleslav, a.s.",TS1,,,,,,,,,True,
941037,Filip Brdicka,2025-2026,2026-03-24,50000,FK Pardubice,TS1,,,,,,,,,True,
941236,Stefan Bastaja,2025-2026,2025-12-11,300000,Fudbalski Klub IMT Novi Beograd,SER1,,,,,,,,,True,
941357,Ethan Alagich,2025-2026,2026-01-13,700000,Adelaide United Football Club,AUS1,,,,,,,,,True,
941456,Antonio Jakir,2025-2026,2025-12-22,200000,NK Slaven Belupo Koprivnica,KR1,,,,,,,,,True,
941457,Luka Posinkovic,2025-2026,2025-12-17,350000,NK Varazdin,KR1,,,,,,,,,True,
941511,Nicolás Meriano,2025-2026,2025-12-17,450000,Club Atlético Banfield,ARG1,,,,,,,,,True,
941815,Ognjen Krsmanovic,2025-2026,2025-12-11,700000,Fudbalski Klub Javor Matis Ivanjica,SER1,,,,,,,,,True,
941839,Pavle Mihajlovic,2025-2026,2025-12-11,100000,Fudbalski klub Napredak Kruševac,SER1,,,,,,,,,True,
942034,Petar Petrovic,2025-2026,2026-03-26,1500000,Fudbalski Klub Javor Matis Ivanjica,SER1,,,,,,,,,True,
942037,Mohammed Al-Yami,2025-2026,2025-12-18,125000,Al-Hazem Sport Club,SA1,,,,,,,,,True,
942103,Lapo Siviero,2025-2026,2025-12-23,300000,Torino Calcio,IT1,,,,,,,,,True,
942475,Reynaldiño Verley,2025-2026,2025-12-12,200000,FC Zorya Lugansk,UKR1,,,,,,,,,True,
942544,Pavel Svatek,2025-2026,2026-03-24,225000,"FK Teplice, a.s.",TS1,,,,,,,,,True,
942738,Milan Aleksic,2025-2026,2025-12-08,700000,Sunderland Association Football Club,GB1,,,,,,,,,True,
943160,Art Smakaj,2025-2026,2025-12-22,700000,Linzer Athletik-Sport-Klub,A1,,,,,,,,,True,
943237,Cleiton,2025-2026,2025-12-10,800000,Verein für Leibesübungen Wolfsburg,L1,,,,,,,,,True,
943458,Mirko Stevanovic,2025-2026,2025-12-11,50000,Železničar Pančevo,SER1,,,,,,,,,True,
943473,Milos Jovic,2025-2026,2025-12-11,700000,Fudbalski Klub IMT Novi Beograd,SER1,,,,,,,,,True,
943577,Tsubasa Kasayanagi,2025-2026,2025-12-15,600000,V-Varen Nagasaki,JAP1,,,,,,,,,True,
943592,Jelani Seedorf,2025-2026,2026-03-11,200000,Sportclub Telstar,NL1,,,,,,,,,True,
943604,Diego Hernández,2025-2026,2026-03-17,700000,Rionegro Águilas,COL1,,,,,,,,,True,
943834,Joi Yamamoto,2025-2026,2025-12-15,75000,Tokyo Verdy,JAP1,,,,,,,,,True,
943889,Lazar Balevic,2025-2026,2026-03-26,1500000,Fudbalski klub Napredak Kruševac,SER1,,,,,,,,,True,
943910,Luke Brennan,2025-2026,2025-12-11,400000,Atlanta United Football Club,MLS1,,,,,,,,,True,
943969,Agustín Palavecino,2025-2026,2025-12-17,250000,Club Atlético Aldosivi,ARG1,,,,,,,,,True,
944086,César Bustos,2025-2026,2025-12-29,100000,Club de Fútbol Monterrey Rayados A.C.,MEX1,,,,,,,,,True,
944095,Olle Samuelsson,2025-2026,2025-11-19,400000,BK Häcken,SE1,,,,,,,,,True,
944140,Trent Kone-Doherty,2025-2026,2026-03-16,600000,Molde Fotballklubb,NO1,,,,,,,,,True,
944141,Alexander Gurendal,2025-2026,2026-03-16,100000,Idrettsklubben Start,NO1,,,,,,,,,True,
944181,Hugo Picard,2025-2026,2025-12-11,3000000,Columbus Crew,MLS1,,,,,,,,,True,
944202,Liam Filip Andersson,2025-2026,2025-11-19,50000,Örgryte IS,SE1,,,,,,,,,True,
944208,Motoki Ohara,2025-2026,2025-12-15,300000,Sanfrecce Hiroshima,JAP1,,,,,,,,,True,
944289,Vanja Dragojevic,2025-2026,2026-03-26,6000000,Fudbalski Klub Partizan Beograd,SER1,,,,,,,,,True,
944331,Youssoupha Niang,2025-2026,2026-03-20,2000000,1. Fußball-Club Köln,L1,,,,,,,,,True,
944446,Jesper Reitan-Sunde,2025-2026,2025-12-15,1200000,Rosenborg Ballklub,NO1,,,,,,,,,True,
944536,Aleksa Cvetkovic,2025-2026,2025-12-11,2500000,Omladinski fudbalski klub Beograd,SER1,,,,,,,,,True,
944538,Uros Ilic,2025-2026,2025-12-11,150000,Fudbalski klub Radnik Surdulica,SER1,,,,,,,,,True,
944581,Milan Roganovic,2025-2026,2026-03-26,3500000,Fudbalski Klub Partizan Beograd,SER1,,,,,,,,,True,
944724,Ali Youssif,2025-2026,2026-03-27,1500000,Football Club de Nantes,FR1,,,,,,,,,True,
944800,Daniel Schneider,2025-2026,2025-12-15,300000,KFUM-Kameratene Oslo,NO1,,,,,,,,,True,
944803,Håkon Sjåtil,2025-2026,2025-12-15,500000,Vålerengens Idrettsforening,NO1,,,,,,,,,True,
944822,Marcus Rafferty,2025-2026,2026-03-30,650000,Degerfors IF,SE1,,,,,,,,,True,
944827,Stepan Chaloupek,2025-2026,2026-03-24,8000000,"SK Slavia Praha, a.s.",TS1,,,,,,,,,True,
945017,Ilay Feingold,2025-2026,2025-12-11,3000000,New England Revolution,MLS1,,,,,,,,,True,
945134,Alberto Herrera,2025-2026,2025-12-29,700000,Mazatlán Futbol Club,MEX1,,,,,,,,,True,
945274,Ismael Cortéz,2025-2026,2025-11-26,150000,Club Atlético Gimnasia y Esgrima de Mendoza,ARG1,,,,,,,,,True,
945345,Marin Soticek,2025-2026,2025-12-29,2000000,FC Basel 1893 AG,C1,,,,,,,,,True,
945348,Kristijan Cabrajic,2025-2026,2025-12-22,200000,NK Lokomotiva Zagreb,KR1,,,,,,,,,True,
945489,Antonio Mauric,2025-2026,2025-12-22,800000,NK Istra 1961,KR1,,,,,,,,,True,
945556,Matous Krulich,2025-2026,2026-03-24,125000,"FK Mladá Boleslav, a.s.",TS1,,,,,,,,,True,
945935,Ettson Ayón,2025-2026,2025-12-29,1000000,Fútbol Club Juárez,MEX1,,,,,,,,,True,
946000,Adrian Sæther,2025-2026,2025-12-15,250000,Kristiansund Ballklubb,NO1,,,,,,,,,True,
946045,Jovan Milosavljevic,2025-2026,2025-12-11,2000000,Malmö Fotbollförening,SE1,,,,,,,,,True,
946093,Sho Omori,2025-2026,2025-12-15,700000,Football Club Mito HollyHock,JAP1,,,,,,,,,True,
946413,Ruslan Myalkovskiy,2025-2026,2025-12-16,400000,"Футбольный клуб ""Локомотив"" Москва",RU1,,,,,,,,,True,
946837,Motoki Nishihara,2025-2026,2025-12-15,250000,S-Pulse,JAP1,,,,,,,,,True,
946957,Matija Ruskovacki,2024-2025,2025-06-09,50000,GNK Dinamo Zagreb,KR1,,,,,,,,,True,
946959,Luka Vrbancic,2025-2026,2025-12-22,1000000,NK Osijek s.d.d.,KR1,,,,,,,,,True,
946963,Filip Mazar,2025-2026,2025-12-30,200000,NK Slaven Belupo Koprivnica,KR1,,,,,,,,,True,
946964,Viktor Damjanic,2025-2026,2025-12-10,400000,Oud-Heverlee Leuven,BE1,,,,,,,,,True,
946971,Marin Prekodravac,2025-2026,2025-12-18,325000,Al-Najma Sport Club,SA1,,,,,,,,,True,
946974,Fabijan Krivak,2025-2026,2025-12-22,1500000,"SK Sigma Olomouc, a.s.",TS1,,,,,,,,,True,
947134,Hussain Al-Sibyani,2025-2026,2026-03-30,225000,Al-Shabab Club,SA1,,,,,,,,,True,
947143,Abdulmalik Al-Oyayari,2025-2026,2025-12-18,800000,Neom Sports Club,SA1,,,,,,,,,True,
947145,Majed Al-Ghamdi,2023-2024,2024-06-04,25000,Al-Hazem Sport Club,SA1,,,,,,,,,True,
947166,Henry Addo,2025-2026,2025-12-11,500000,Omladinski fudbalski klub Beograd,SER1,,,,,,,,,True,
947362,Owen Gene,2025-2026,2025-12-11,1500000,Minnesota United FC,MLS1,,,,,,,,,True,
947363,Djibril Lamego,2025-2026,2026-03-13,1800000,RAAL La Louvière,BE1,,,,,,,,,True,
947404,Diogo Bezerra,2025-2026,2025-12-11,1800000,Rio Ave Futebol Clube,PO1,,,,,,,,,True,
947411,Chris Rigg,2025-2026,2025-12-09,25000000,Sunderland Association Football Club,GB1,,,,,,,,,True,
947524,Viktor Baier,2025-2026,2025-12-22,700000,"FC Viktoria Plzeň, a.s.",TS1,,,,,,,,,True,
948025,Jørgen Bøe,2025-2026,2025-12-15,50000,Aalesunds Fotballklubb,NO1,,,,,,,,,True,
948133,Salko Hamzic,2025-2026,2025-12-22,400000,Fußballclub Red Bull Salzburg,A1,,,,,,,,,True,
948135,Elias Lorenz,2025-2026,2025-12-22,175000,Sportklub Puntigamer Sturm Graz,A1,,,,,,,,,True,
948169,Ryunosuke Sato,2025-2026,2025-12-15,1200000,Tokyo Football Club,JAP1,,,,,,,,,True,
948211,Toshikazu Teruuchi,2025-2026,2025-12-15,50000,Urawa Red Diamonds,JAP1,,,,,,,,,True,
948363,Danila Godyaev,2025-2026,2025-12-16,1200000,"Футбольный клуб ""Локомотив"" Москва",RU1,,,,,,,,,True,
948736,Corsin Konietzke,2025-2026,2026-03-17,1800000,FC St. Gallen 1879,C1,,,,,,,,,True,
948938,Mitchel Frame,2025-2026,2026-03-05,100000,Aberdeen Football Club,SC1,,,,,,,,,True,
949114,Babacar Mboup,2025-2026,2025-12-11,450000,Fudbalski Klub Radnički Niš,SER1,,,,,,,,,True,
949173,Fanuel Ghebreyohannes,2025-2026,2025-12-15,300000,Fredrikstad Fotballklubb,NO1,,,,,,,,,True,
949477,Jacob Farrell,2025-2026,2025-12-03,500000,Western Sydney Wanderers,AUS1,,,,,,,,,True,
949874,Mark Hoekstra,2025-2026,2025-12-02,75000,Football Club Groningen,NL1,,,,,,,,,True,
949973,Carlo Matekovic,2024-2025,2025-06-27,100000,NK Lokomotiva Zagreb,KR1,,,,,,,,,True,
950131,Tomás Jacob,2025-2026,2025-12-29,1500000,Atlanta United Football Club,MLS1,,,,,,,,,True,
950393,Viery,2025-2026,2026-03-12,3000000,Grêmio Foot-Ball Porto Alegrense,BRA1,,,,,,,,,True,
950400,Ahmad Faqa,2025-2026,2025-12-08,200000,Allmänna Idrottsklubben,SE1,,,,,,,,,True,
950442,Or Israelov,2025-2026,2025-12-18,200000,Grupo Desportivo Estoril Praia,PO1,,,,,,,,,True,
950443,Idan Toklomati,2025-2026,2025-12-11,4500000,Charlotte Football Club,MLS1,,,,,,,,,True,
950528,Saleh Al-Harthi,2025-2026,2025-12-18,100000,Al-Okhdood Club,SA1,,,,,,,,,True,
950839,Dylan Lozano,2025-2026,2025-12-05,300000,Rionegro Águilas,COL1,,,,,,,,,True,
950872,Daniel Hernández,2025-2026,2025-12-29,800000,Mazatlán Futbol Club,MEX1,,,,,,,,,True,
950873,Jorge Ruvalcaba,2025-2026,2025-12-29,4000000,Red Bull New York,MLS1,,,,,,,,,True,
950918,João Barros,2023-2024,2024-06-19,50000,Gil Vicente Futebol Clube,PO1,João Barros,2023-2024,2024-06-19,50000.0,Hamarkameratene,NO1,0.0,0.0,True,
951217,Lukas Penxa,2025-2026,2025-12-22,400000,FK Dukla Praha a.s.,TS1,,,,,,,,,True,
951296,Christos Almyras,2025-2026,2025-12-29,250000,A.G.S Asteras Tripolis,GR1,,,,,,,,,True,
951398,Neville Ogidi Nwankwo,2025-2026,2026-03-11,500000,Sportclub Telstar,NL1,,,,,,,,,True,
951628,Abdulrahman Al-Sanbi,2025-2026,2025-12-18,300000,Al-Ahli Saudi Football Club,SA1,,,,,,,,,True,
951659,Osvald Søe,2025-2026,2025-12-18,400000,San Diego Football Club,MLS1,,,,,,,,,True,
951682,Mohammed Al-Qahtani,2025-2026,2025-12-18,300000,Al-Taawoun Football Club,SA1,,,,,,,,,True,
951958,James Bayliss,2022-2023,2023-04-05,50000,Auckland Football Club,AUS1,,,,,,,,,True,
951960,Amine Daali,2025-2026,2026-03-13,100000,FC Verbroedering Denderhoutem Denderleeuw Eendracht Hekelgem,BE1,,,,,,,,,True,
952115,Musibau Aziz,2025-2026,2026-03-10,125000,Turn- und Sportverein Egger Glas Hartberg,A1,,,,,,,,,True,
952210,Frank Junior Adjei,2025-2026,2025-11-19,800000,Hammarby IF,SE1,,,,,,,,,True,
952768,Vuk Draskic,2025-2026,2025-12-11,200000,Fudbalski klub Crvena zvezda Beograd,SER1,,,,,,,,,True,
952771,Adem Avdic,2025-2026,2026-03-26,4000000,Fudbalski klub Crvena zvezda Beograd,SER1,,,,,,,,,True,
952776,Andrej Bacanin,2025-2026,2025-12-29,2000000,FC Basel 1893 AG,C1,,,,,,,,,True,
952779,Andrija Maksimovic,2025-2026,2026-03-20,12000000,RasenBallsport Leipzig,L1,,,,,,,,,True,
952783,Bogdan Kostic,2025-2026,2026-03-26,2000000,Fudbalski Klub Partizan Beograd,SER1,,,,,,,,,True,
952979,Timothy Ouma,2025-2026,2026-03-26,1200000,KKS Lech Poznań Spółka Akcyjna,PL1,,,,,,,,,True,
952989,Lucas Sibelius,2025-2026,2025-11-19,400000,Västerås Sportklubb FK,SE1,,,,,,,,,True,
953067,Villads Nielsen,2025-2026,2025-12-15,2300000,Fotballklubben Bodø/Glimt,NO1,,,,,,,,,True,
953150,Hazem Mastouri,2025-2026,2025-12-16,700000,Dinamo Makhachkala,RU1,,,,,,,,,True,
953397,Kian Donkers,2025-2026,2025-12-16,175000,Auckland Football Club,AUS1,,,,,,,,,True,
953522,Ime Ndon,2025-2026,2025-12-01,350000,Asociația Fotbal Club UTA Arad,RO1,,,,,,,,,True,
953947,José Gómez,2025-2026,2025-11-26,200000,Club Atlético Central Córdoba,ARG1,,,,,,,,,True,
953953,Isaac Hughes,2025-2026,2026-01-13,450000,Wellington Phoenix Football Club,AUS1,,,,,,,,,True,
953990,Guillermo Enrique,2025-2026,2026-03-18,1000000,Club Atlético Aldosivi,ARG1,,,,,,,,,True,
954027,Shalom Ekong,2025-2026,2026-03-30,100000,GAIS,SE1,,,,,,,,,True,
954104,Jayden Meghoma,2025-2026,2026-03-05,2000000,Rangers Football Club,SC1,Jayden Meghoma,2025-2026,2025-12-10,750000.0,Brentford Football Club,GB1,-1250000.0,-0.625,True,Premier League
954121,Ognjen Alempijevic,2025-2026,2025-12-11,250000,Fudbalski Klub Mladost Lučani,SER1,,,,,,,,,True,
954360,Diego Rossi,2023-2024,2024-06-20,10000,NK Istra 1961,KR1,,,,,,,,,True,
954515,José Bernal,2025-2026,2025-12-05,100000,Asociación Deportivo Pasto,COL1,,,,,,,,,True,
954792,Jesper Gregersen,2025-2026,2025-12-15,300000,Sarpsborg 08 Fotballforening,NO1,,,,,,,,,True,
955191,Adam Binar,2025-2026,2026-03-24,200000,FC Hradec Králové a.s.,TS1,,,,,,,,,True,
955223,Hugo Camberos,2025-2026,2026-03-26,3000000,Club Deportivo Guadalajara S. A. de C. V.,MEX1,,,,,,,,,True,
955283,Ángel Rico,2025-2026,2025-12-29,600000,Club Universidad Nacional A. C.,MEX1,,,,,,,,,True,
955285,Davyd Fesyuk,2025-2026,2025-12-22,50000,HNK Hajduk Split,KR1,,,,,,,,,True,
955298,Diego Ochoa,2025-2026,2025-12-29,100000,Fútbol Club Juárez,MEX1,,,,,,,,,True,
955303,Everardo López,2025-2026,2025-12-29,1500000,"Deportivo Toluca Futbol Club, S. A. de C. V.",MEX1,,,,,,,,,True,
955338,Alexéi Domínguez,2025-2026,2026-03-26,4500000,Promotora del Club Pachuca S. A. de C. V.,MEX1,,,,,,,,,True,
955354,Dan Sinaté,2025-2026,2026-03-27,100000,Angers Sporting Club de l'Ouest,FR1,,,,,,,,,True,
955389,Martin Børsheim,2025-2026,2025-12-15,800000,Fredrikstad Fotballklubb,NO1,,,,,,,,,True,
955448,Tidiam Gomis,2025-2026,2026-03-20,5000000,RasenBallsport Leipzig,L1,,,,,,,,,True,
955756,Yael Padilla,2025-2026,2025-12-29,1800000,Club Deportivo Guadalajara S. A. de C. V.,MEX1,,,,,,,,,True,
955776,Pablo Lara,2025-2026,2025-12-29,500000,Club Universidad Nacional A. C.,MEX1,,,,,,,,,True,
956518,Jiri Hamza,2025-2026,2025-12-22,250000,FK Pardubice,TS1,,,,,,,,,True,
956588,Alessandro Nunziante,2025-2026,2025-12-23,1800000,Udinese Calcio,IT1,,,,,,,,,True,
956604,Miguel Chaiwa,2025-2026,2025-12-10,1200000,Hibernian Football Club,SC1,,,,,,,,,True,
957230,Alex Badolato,2025-2026,2026-01-13,600000,Newcastle United Jets Football Club,AUS1,,,,,,,,,True,
957480,Hayate Tanaka,2025-2026,2025-12-15,600000,Tokyo Football Club,JAP1,,,,,,,,,True,
957519,Sota Miura,2025-2026,2025-12-15,1200000,Kawasaki Frontale,JAP1,,,,,,,,,True,
957526,Zento Uno,2025-2026,2025-12-15,750000,S-Pulse,JAP1,,,,,,,,,True,
957874,Rômulo,2025-2026,2025-12-19,30000000,RasenBallsport Leipzig,L1,,,,,,,,,True,
958457,José García,2025-2026,2026-03-17,500000,Atlético Bucaramanga,COL1,,,,,,,,,True,
958473,Édier Ocampo,2025-2026,2025-12-11,3000000,Vancouver Whitecaps FC,MLS1,,,,,,,,,True,
959106,Weslley Patati,2025-2026,2026-03-11,6000000,Alkmaar Zaanstreek,NL1,,,,,,,,,True,
959193,Dagoberto Espinoza,2025-2026,2025-12-29,3000000,Club de Futbol América S. A. de C. V.,MEX1,,,,,,,,,True,
959197,Román Torres,2025-2026,2025-12-29,700000,Club Atlético de San Luis,MEX1,,,,,,,,,True,
959208,Santiago Núñez,2025-2026,2026-03-18,2000000,Club Estudiantes de La Plata,ARG1,,,,,,,,,True,
959614,Harrison Steele,2025-2026,2026-01-13,350000,Central Coast Mariners Football Club,AUS1,,,,,,,,,True,
959905,Ianis Gândilă,2025-2026,2025-12-19,25000,Asociația Fotbal Club Hermannstadt,RO1,,,,,,,,,True,
959969,Sinisa Tanjga,2025-2026,2026-03-26,300000,Fudbalski Klub Vojvodina,SER1,,,,,,,,,True,
959979,Matija Mitrović,2025-2026,2025-12-18,2000000,Vitória Sport Clube,PO1,,,,,,,,,True,
960057,Juan Córdoba,2025-2026,2025-12-22,850000,GNK Dinamo Zagreb,KR1,,,,,,,,,True,
960062,Emmanuel Agyei,2025-2026,2025-12-22,250000,Dundee United Football Club,SC1,,,,,,,,,True,
960109,Milan Djokovic,2025-2026,2025-12-11,350000,Fudbalski klub Čukarički Beograd,SER1,,,,,,,,,True,
960164,Lilian Njoh,2025-2026,2025-12-29,1500000,Servette Football Club 1890 SA,C1,,,,,,,,,True,
960444,Oliver Sorg,2025-2026,2025-12-19,400000,Fußball-Club Augsburg 1907,L1,,,,,,,,,True,
960458,Konstantin Aleksa,2025-2026,2025-12-22,600000,Fußballklub Austria Wien,A1,,,,,,,,,True,
960463,Jacob Peter Hödl,2025-2026,2026-03-10,3000000,Sportklub Puntigamer Sturm Graz,A1,,,,,,,,,True,
960571,Jones El-Abdellaoui,2025-2026,2026-03-16,8000000,Real Club Celta de Vigo S. A. D.,ES1,,,,,,,,,True,
960572,Stian Sjøvold,2025-2026,2025-12-15,450000,Vålerengens Idrettsforening,NO1,,,,,,,,,True,
961046,Matheus Gonçalves,2025-2026,2025-12-18,9000000,Al-Ahli Saudi Football Club,SA1,,,,,,,,,True,
961297,Rodrigo Mendoza,2025-2026,2026-03-16,20000000,Club Atlético de Madrid S.A.D.,ES1,,,,,,,,,True,
961642,Chris Donnell,2025-2026,2026-01-18,150000,Central Coast Mariners Football Club,AUS1,,,,,,,,,True,
961786,Santiago Quirós,2025-2026,2026-03-18,800000,Club Atlético Platense,ARG1,,,,,,,,,True,
961937,Romeo Amane,2025-2026,2025-12-22,4000000,Sportklub Rapid,A1,,,,,,,,,True,
962515,Hassan Rabei,2025-2026,2025-12-18,150000,Damac Football Club,SA1,,,,,,,,,True,
963084,Max Larsson,2025-2026,2025-11-19,1000000,Djurgårdens Idrottsförening,SE1,,,,,,,,,True,
963314,Abdihakim Ali,2025-2026,2025-11-19,300000,Allmänna Idrottsklubben,SE1,,,,,,,,,True,
963510,Matthias Nartey,2025-2026,2025-11-19,300000,IK Sirius,SE1,,,,,,,,,True,
963699,Willian Ordóñez,2025-2026,2025-12-05,50000,Asociación Deportivo Pasto,COL1,,,,,,,,,True,
963720,Aleksandr Tarasov,2025-2026,2025-12-16,300000,FK Rostov,RU1,,,,,,,,,True,
963964,Ștefan Bană,2025-2026,2025-12-19,350000,SC Oţelul Galaţi,RO1,,,,,,,,,True,
964105,Adrian Helm,2025-2026,2025-11-19,100000,Allmänna Idrottsklubben,SE1,,,,,,,,,True,
964171,Ervin Bakos,2025-2026,2025-12-19,150000,Asociația Futball Klub Csíkszereda Miercurea Ciuc,RO1,,,,,,,,,True,
964562,Magnus Andersen,2025-2026,2025-12-15,25000,Odense Boldklub,DK1,,,,,,,,,True,
964580,Wesley,2025-2026,2026-03-24,40000000,Associazione Sportiva Roma,IT1,,,,,,,,,True,
964582,Jhon Jhon,2025-2026,2026-03-25,16000000,AO FK Zenit Sankt-Peterburg,RU1,,,,,,,,,True,
964591,Naves,2025-2026,2026-03-19,3000000,Futebol Clube de Alverca,PO1,,,,,,,,,True,
965043,Miłosz Piekutowski,2025-2026,2025-12-08,1000000,Jagiellonia-Bialystok Sportowa Spólka Akcyjna,PL1,,,,,,,,,True,
965164,Dragan Tegeltija,2025-2026,2026-03-26,100000,Fudbalski klub TSC Bačka Topola,SER1,,,,,,,,,True,
965323,Maximiliano Gutiérrez,2025-2026,2025-12-10,1000000,Club Atlético Independiente de Avellaneda,ARG1,,,,,,,,,True,
965604,Matt Dench,2025-2026,2025-12-22,100000,Brisbane Roar FC,AUS1,,,,,,,,,True,
965864,Mohammed Al-Jahif,2025-2026,2025-12-18,125000,Al-Okhdood Club,SA1,,,,,,,,,True,
965924,Kai Andrews,2025-2026,2025-12-03,400000,Hibernian Football Club,SC1,,,,,,,,,True,
965947,Evan Eghosa Aisowieren,2025-2026,2025-12-15,300000,Sportvereinigung Ried 1912,A1,,,,,,,,,True,
965992,Hussain Al-Zabdani,2025-2026,2025-12-18,125000,Al-Okhdood Club,SA1,,,,,,,,,True,
966074,Elias Myrlid,2025-2026,2025-12-15,300000,Aalesunds Fotballklubb,NO1,,,,,,,,,True,
966295,Filip Loftesnes-Bjune,2025-2026,2025-12-15,600000,Sandefjord Fotball,NO1,,,,,,,,,True,
966314,Marcos Portillo,2025-2026,2026-03-18,400000,Club Atlético Platense,ARG1,,,,,,,,,True,
966316,Ezequiel Herrera,2025-2026,2026-03-18,2300000,Club Atlético San Lorenzo de Almagro,ARG1,,,,,,,,,True,
967000,Kristian Fletcher,2025-2026,2025-12-11,800000,Football Club Cincinnati,MLS1,,,,,,,,,True,
968445,Abdallah Gning,2025-2026,2026-03-24,750000,FC Baník Ostrava a.s.,TS1,,,,,,,,,True,
968496,Elias Mokwana,2025-2026,2025-12-18,700000,Al-Hazem Sport Club,SA1,,,,,,,,,True,
968728,Kyeong-hyeon Min,2025-2026,2025-12-16,350000,Gimcheon Sangmu Football Club,RSK1,,,,,,,,,True,
968921,Alexandru Roșca,2025-2026,2025-12-19,450000,SC Dinamo 1948 SA,RO1,,,,,,,,,True,
969494,Kento Nishiya,2025-2026,2025-12-15,600000,Football Club Pohang Steelers,RSK1,,,,,,,,,True,
970137,Beyatt Lekoueiry,2025-2026,2025-12-29,1500000,Football Club Lausanne-Sport,C1,,,,,,,,,True,
970518,Álex Arce,2025-2026,2026-03-18,3000000,Club Sportivo Independiente Rivadavia,ARG1,,,,,,,,,True,
970663,Abdullah Al-Anazi,2025-2026,2025-12-18,100000,Al-Fateh Club,SA1,,,,,,,,,True,
970665,Ali Al-Masoud,2025-2026,2025-12-18,100000,Al-Fateh Club,SA1,,,,,,,,,True,
970671,Faisal Al-Abdulwahed,2025-2026,2025-12-18,50000,Al-Fateh Club,SA1,,,,,,,,,True,
970673,Salem Al-Najdi,2025-2026,2025-12-18,600000,Al-Nassr Football Club,SA1,,,,,,,,,True,
970765,Seung-won Yeo,2025-2026,2025-12-16,175000,Incheon United Football Club,RSK1,,,,,,,,,True,
971302,Rakan Kaabi,2025-2026,2026-03-30,450000,Al-Fayha FC,SA1,,,,,,,,,True,
971423,Giuliano Cerato,2025-2026,2026-03-18,800000,Instituto Atlético Central Córdoba,ARG1,,,,,,,,,True,
971529,Gastón Arturia,2025-2026,2025-12-22,300000,Club Atlético Sarmiento,ARG1,,,,,,,,,True,
971570,Endrick,2025-2026,2026-03-27,35000000,Olympique Lyonnais,FR1,,,,,,,,,True,
971630,Rafael Guerrero,2025-2026,2025-12-29,600000,Club Tigres UANL Sinergia Deportiva S.A. de C.V.,MEX1,,,,,,,,,True,
971631,Mauro Zaleta,2025-2026,2025-12-29,200000,Mazatlán Futbol Club,MEX1,,,,,,,,,True,
971663,Jeremy Arévalo,2025-2026,2025-12-30,7000000,Verein für Bewegungsspiele Stuttgart 1893,L1,,,,,,,,,True,
972143,Ben Bender,2025-2026,2025-12-11,300000,Philadelphia Union,MLS1,,,,,,,,,True,
972353,Ebrima Singhateh,2025-2026,2025-12-22,850000,FK Jablonec a.s.,TS1,,,,,,,,,True,
972439,Alexandru Iamandache,2025-2026,2025-12-09,200000,U Craiova 1948 Club Sportiv SA,RO1,,,,,,,,,True,
972453,Ousseni Bouda,2025-2026,2025-12-11,800000,San Jose Earthquakes,MLS1,,,,,,,,,True,
972454,Roman Celentano,2025-2026,2025-12-11,2500000,Football Club Cincinnati,MLS1,,,,,,,,,True,
972456,Lucas Bartlett,2025-2026,2025-12-11,1500000,D.C. United,MLS1,,,,,,,,,True,
972463,Oskar Ågren,2025-2026,2026-03-30,700000,GAIS,SE1,,,,,,,,,True,
972465,Tani Oluwaseyi,2025-2026,2025-12-12,8000000,Villarreal Club de Fútbol S.A.D.,ES1,,,,,,,,,True,
972467,Anthony Markanich Jr.,2025-2026,2025-12-11,2000000,Minnesota United FC,MLS1,,,,,,,,,True,
972535,Ermir Rashica,2025-2026,2025-12-18,800000,TOV FK Metalist 1925 Kharkiv,UKR1,,,,,,,,,True,
972552,Taro Hamada,2025-2026,2025-12-15,200000,Fagiano Okayama Sports Club,JAP1,,,,,,,,,True,
972764,Nick Markanich,2025-2026,2025-12-30,500000,Houston Dynamo,MLS1,,,,,,,,,True,
972875,Luka Gavran,2025-2026,2025-12-11,150000,Toronto FC,MLS1,,,,,,,,,True,
973018,Liviu Pancișin,2024-2025,2025-06-16,10000,Fotbal Club Metaloglobus București SA,RO1,,,,,,,,,True,
973249,Jalen Blesa,2025-2026,2025-12-11,750000,Rio Ave Futebol Clube,PO1,,,,,,,,,True,
973315,Dominik Tapaj,2025-2026,2025-12-19,400000,"FC Viktoria Plzeň, a.s.",TS1,,,,,,,,,True,
973420,Niko Tsakiris,2025-2026,2025-12-11,1500000,San Jose Earthquakes,MLS1,,,,,,,,,True,
973449,Rogers Mato,2025-2026,2025-12-18,700000,Heart of Midlothian Football Club,SC1,,,,,,,,,True,
973527,Jonathan Perlaza,2025-2026,2026-03-17,100000,Asociación Deportivo Pasto,COL1,,,,,,,,,True,
973707,Miqueias,2025-2026,2025-11-24,250000,Esporte Clube Bahia,BRA1,,,,,,,,,True,
973949,Adama Camara,2025-2026,2025-12-15,2500000,Paris Football Club,FR1,,,,,,,,,True,
974251,Lass Kourouma,2025-2026,2025-12-12,500000,Girona Fútbol Club S. A. D.,ES1,,,,,,,,,True,
974331,Bogdan Marian,2025-2026,2025-12-19,100000,Fotbal Club Petrolul Ploiești,RO1,,,,,,,,,True,
974336,Santiago Montiel,2025-2026,2025-12-17,4000000,Club Atlético Independiente de Avellaneda,ARG1,,,,,,,,,True,
974365,Filip Rózga,2025-2026,2025-12-22,2800000,Sportklub Puntigamer Sturm Graz,A1,,,,,,,,,True,
974488,Pedro Morisco,2025-2026,2026-03-12,5000000,Coritiba Foot Ball Club,BRA1,,,,,,,,,True,
974652,Johan Rojas,2025-2026,2025-12-29,3800000,Club de Regatas Vasco da Gama,BRA1,,,,,,,,,True,
974722,Cristian Mihai,2025-2026,2025-12-19,900000,SC Dinamo 1948 SA,RO1,,,,,,,,,True,
975131,Nicolás Lara,2025-2026,2025-12-05,50000,Rionegro Águilas,COL1,,,,,,,,,True,
975132,Juan Avalo,2025-2026,2026-03-17,200000,Rionegro Águilas,COL1,,,,,,,,,True,
975134,Felipe Mosquera,2025-2026,2025-12-05,100000,Deportivo Pereira,COL1,,,,,,,,,True,
975151,Joider Micolta,2025-2026,2026-03-17,250000,Asociación Deportivo Pasto,COL1,,,,,,,,,True,
975191,Henry Mosquera,2025-2026,2026-03-12,3500000,Red Bull Bragantino,BRA1,,,,,,,,,True,
975321,Mohamed Yasser,2025-2026,2026-03-24,450000,"SK Sigma Olomouc, a.s.",TS1,,,,,,,,,True,
975383,Mohammed Al-Absi,2025-2026,2025-12-18,125000,Al-Ittihad Football Club,SA1,,,,,,,,,True,
976123,Sam Klein,2025-2026,2026-01-13,450000,Brisbane Roar FC,AUS1,,,,,,,,,True,
976234,Martin Ndzie,2025-2026,2026-03-10,1500000,Sportklub Rapid,A1,,,,,,,,,True,
976495,Laurențiu Liș,2025-2026,2026-03-27,100000,Fotbal Club Metaloglobus București SA,RO1,,,,,,,,,True,
976522,,2025-2026,2025-11-24,400000,,,,,,,,,,,True,
976561,Janderson,2025-2026,2026-03-05,4500000,Göztepe Sportif Yatırımlar A.Ş.,TR1,,,,,,,,,True,
976840,Charles-André Raux-Yao,2025-2026,2026-03-05,250000,Eyüp Spor Kulübü,TR1,,,,,,,,,True,
976856,Gabriel David,2025-2026,2025-12-19,250000,Asociația Fotbal Club Botoșani,RO1,,,,,,,,,True,
977089,Beckham Castro,2025-2026,2025-12-05,900000,Millonarios FC,COL1,,,,,,,,,True,
977339,Luis Escorcia,2025-2026,2025-12-05,200000,Independiente Medellín,COL1,,,,,,,,,True,
977367,Jhon Largacha,2025-2026,2025-12-05,300000,Deportivo Pereira,COL1,,,,,,,,,True,
977382,Yeiner Londoño,2025-2026,2025-12-16,150000,Alianza FC,COL1,,,,,,,,,True,
977615,Joan Cajares,2025-2026,2026-03-17,350000,Fortaleza CEIF,COL1,,,,,,,,,True,
977739,Luis Palacios,2025-2026,2026-03-17,500000,Independiente Santa Fe,COL1,,,,,,,,,True,
978121,Gabriel Delfim,2025-2026,2025-12-10,300000,Clube Atlético Mineiro,BRA1,,,,,,,,,True,
978150,Ageu,2025-2026,2026-03-05,1300000,Heart of Midlothian Football Club,SC1,,,,,,,,,True,
978480,Breno Herculano,2025-2026,2025-11-24,1000000,Football Club Anyang,RSK1,,,,,,,,,True,
978615,Mateus Pivô,2025-2026,2026-03-19,200000,AVS Futebol SAD,PO1,,,,,,,,,True,
978949,Cristian Santander,2025-2026,2025-12-05,150000,Fortaleza CEIF,COL1,,,,,,,,,True,
978950,Jhonier Guerrero,2025-2026,2025-12-05,700000,Junior FC,COL1,,,,,,,,,True,
978952,Jhon Navia,2025-2026,2025-12-05,50000,Junior FC,COL1,,,,,,,,,True,
978953,Alberto Higgins,2025-2026,2025-12-16,150000,Rionegro Águilas,COL1,,,,,,,,,True,
978967,Julián Contrera,2025-2026,2025-12-17,450000,Club Atlético Sarmiento,ARG1,,,,,,,,,True,
978970,Fabrizio Sartori,2025-2026,2026-03-18,1500000,Club Sportivo Independiente Rivadavia,ARG1,,,,,,,,,True,
978973,Marcelo Esponda,2025-2026,2025-12-17,275000,Club Atlético Newell’s Old Boys,ARG1,,,,,,,,,True,
979025,Jordi Valadon,2025-2026,2026-01-13,600000,Melbourne Victory FC,AUS1,,,,,,,,,True,
979625,Paulo Vitor,2025-2026,2025-12-18,500000,AVS Futebol SAD,PO1,,,,,,,,,True,
979761,Mathys Silistrie,2025-2026,2026-03-27,200000,Stade Rennais Football Club,FR1,,,,,,,,,True,
979773,Téo Barišić,2025-2026,2025-12-15,100000,Hrvatski Nogometni Klub Rijeka,KR1,,,,,,,,,True,
980081,Demirel Hodzic,2025-2026,2025-11-12,100000,Örgryte IS,SE1,,,,,,,,,True,
980190,Emmanuel Dzigbah,2025-2026,2025-12-11,75000,Fudbalski klub Čukarički Beograd,SER1,,,,,,,,,True,
980463,Marcos Victor,2025-2026,2025-12-10,450000,Esporte Clube Bahia,BRA1,,,,,,,,,True,
980575,Oumar Ngom,2025-2026,2026-03-24,2500000,Unione Sportiva Lecce,IT1,,,,,,,,,True,
980632,Sergiu Perciun,2025-2026,2025-12-23,1500000,Torino Calcio,IT1,,,,,,,,,True,
980773,Alexis Cantero,2025-2026,2025-12-02,1000000,FC Orenburg,RU1,,,,,,,,,True,
980787,Edvin Austbø,2025-2026,2025-12-15,7000000,Viking Fotballklubb,NO1,,,,,,,,,True,
980793,Alcides Benítez,2025-2026,2026-03-18,1800000,Club Atlético Belgrano,ARG1,,,,,,,,,True,
980825,Matheus Belém,2025-2026,2025-12-10,800000,São Paulo Futebol Clube,BRA1,,,,,,,,,True,
980837,Felipe Negrucci,2025-2026,2025-12-10,800000,São Paulo Futebol Clube,BRA1,,,,,,,,,True,
980854,Ythallo,2025-2026,2026-03-12,300000,S. A. F. Botafogo,BRA1,,,,,,,,,True,
981054,Mathías De Ritis,2025-2026,2025-12-18,700000,Club Atlético San Lorenzo de Almagro,ARG1,,,,,,,,,True,
981083,Rene Hrvatin,2025-2026,2025-12-10,150000,NK Istra 1961,KR1,,,,,,,,,True,
981118,Christ Souanga,2025-2026,2025-12-10,200000,Oud-Heverlee Leuven,BE1,,,,,,,,,True,
981181,Nicolás Arévalo,2025-2026,2025-12-05,1000000,TOV FK Metalist 1925 Kharkiv,UKR1,,,,,,,,,True,
981189,Kevin Cortés,2025-2026,2026-03-17,100000,Boyacá Chicó FC,COL1,,,,,,,,,True,
981479,Ezequiel Forclaz,2025-2026,2025-12-18,300000,Asociación Atlética Estudiantes,ARG1,,,,,,,,,True,
981532,Emile Doucouré,2025-2026,2026-03-13,500000,Koninklijke Racing Club Genk,BE1,,,,,,,,,True,
981539,Noah Makembo-Ntemo,2025-2026,2025-12-10,100000,RAAL La Louvière,BE1,,,,,,,,,True,
981712,Tijn Van Ingelgom,2025-2026,2025-12-10,100000,Yellow-Red Koninklijke Voetbalclub Mechelen,BE1,,,,,,,,,True,
982081,Oluwaseun Adewumi,2025-2026,2025-12-10,600000,Cercle Brugge Koninklijke Sportvereniging,BE1,,,,,,,,,True,
982123,Sebastián Valencia,2025-2026,2026-03-17,700000,Millonarios FC,COL1,,,,,,,,,True,
982126,Juan Ostos,2025-2026,2025-12-05,50000,Boyacá Chicó FC,COL1,,,,,,,,,True,
982366,Vito Caic,2025-2026,2025-12-22,200000,HNK Vukovar 1991,KR1,,,,,,,,,True,
982519,Kyle Hiebert,2025-2026,2025-12-11,1500000,St. Louis City Soccer Club,MLS1,,,,,,,,,True,
982524,Célio Pompeu,2025-2026,2025-12-11,1000000,St. Louis City Soccer Club,MLS1,,,,,,,,,True,
982567,Nikita Stoinov,2025-2026,2025-12-19,1000000,SC Dinamo 1948 SA,RO1,,,,,,,,,True,
982582,Miguel Perez,2025-2026,2025-12-11,300000,St. Louis City Soccer Club,MLS1,,,,,,,,,True,
982617,Hércules,2025-2026,2025-12-10,12000000,Fluminense Football Club,BRA1,,,,,,,,,True,
982633,Leandro Brey,2025-2026,2025-12-17,1300000,Club Atlético Boca Juniors,ARG1,,,,,,,,,True,
982829,Ivan Canjuga,2025-2026,2025-12-22,150000,NK Varazdin,KR1,,,,,,,,,True,
983198,Godswill Vadze,2025-2026,2025-12-11,200000,Fudbalski klub Čukarički Beograd,SER1,,,,,,,,,True,
983500,David Kaiki,2025-2026,2025-12-18,350000,Damac Football Club,SA1,,,,,,,,,True,
983539,Jhon Lerma,2025-2026,2025-12-05,200000,Unión Magdalena,COL1,,,,,,,,,True,
983553,Guilherme Peixoto,2025-2026,2025-12-02,200000,Football Club Twente,NL1,,,,,,,,,True,
983577,Albin Valencia,2025-2026,2025-12-05,50000,Boyacá Chicó FC,COL1,,,,,,,,,True,
983578,Patrick Beach,2025-2026,2026-01-13,900000,Melbourne City Football Club,AUS1,,,,,,,,,True,
983609,Jordan García,2025-2026,2026-03-26,2500000,Club León Fútbol Club,MEX1,,,,,,,,,True,
983840,Ajak Riak,2025-2026,2026-01-13,100000,Adelaide United Football Club,AUS1,,,,,,,,,True,
983867,David Zalazar,2025-2026,2025-12-17,225000,Club Atlético Banfield,ARG1,,,,,,,,,True,
983943,Yuta Arai,2025-2026,2025-12-15,300000,Tokyo Football Club,JAP1,,,,,,,,,True,
983944,Șerban Tomache,2022-2023,2023-06-15,25000,Asociația Fotbal Club Botoșani,RO1,,,,,,,,,True,
984053,Julián Fernández,2025-2026,2025-12-11,4000000,Club Atlético Rosario Central,ARG1,,,,,,,,,True,
984072,Tomás Silva,2025-2026,2026-03-18,1500000,Club Atlético Platense,ARG1,,,,,,,,,True,
984079,Kevin Ortiz,2025-2026,2025-12-17,1700000,Club Atlético Tucumán,ARG1,,,,,,,,,True,
984093,Thiago Balieiro,2025-2026,2026-03-19,1000000,Vitória Sport Clube,PO1,,,,,,,,,True,
984096,Jair Cunha,2025-2026,2025-12-09,12000000,Nottingham Forest Football Club,GB1,,,,,,,,,True,
984107,Johan Caicedo,2025-2026,2026-03-17,750000,Asociación Deportivo Pasto,COL1,,,,,,,,,True,
984416,Rodrigo Castillo,2025-2026,2026-03-12,6000000,Fluminense Football Club,BRA1,,,,,,,,,True,
984480,Mateo Sanabria,2025-2026,2026-03-12,1000000,Esporte Clube Bahia,BRA1,,,,,,,,,True,
984529,Mateo Del Blanco,2025-2026,2026-03-18,4500000,Club Atlético Unión,ARG1,,,,,,,,,True,
984628,Júlíus Mar Júlíusson,2025-2026,2026-03-16,200000,Kristiansund Ballklubb,NO1,,,,,,,,,True,
984692,Matías Reali,2025-2026,2026-03-18,1700000,Club Atlético San Lorenzo de Almagro,ARG1,,,,,,,,,True,
984882,Juan Pablo Pignani,2025-2026,2025-12-17,125000,Club Atlético Central Córdoba,ARG1,,,,,,,,,True,
984904,Kevin Mantilla,2025-2026,2026-03-17,1500000,Independiente Medellín,COL1,,,,,,,,,True,
984912,Kresimir Vrbanac,2025-2026,2025-12-30,200000,NK Osijek s.d.d.,KR1,,,,,,,,,True,
984971,Ran Binyamin,2025-2026,2025-12-22,700000,FC Dallas,MLS1,,,,,,,,,True,
985061,Jakov Gurlica,2025-2026,2025-12-22,300000,HNK Gorica,KR1,,,,,,,,,True,
985103,Matej Momcilovski,2024-2025,2025-05-27,50000,Hrvatski Nogometni Klub Rijeka,KR1,,,,,,,,,True,
985172,David Ricardo,2025-2026,2025-12-10,7000000,FK Dinamo Moskva,RU1,,,,,,,,,True,
985269,Ignacio Abraham,2025-2026,2025-12-17,750000,Club Atlético Banfield,ARG1,,,,,,,,,True,
985274,Hugo Fagerberg,2023-2024,2023-12-08,25000,Mjällby Almänna Idrottsförening,SE1,,,,,,,,,True,
985351,Renato Marques,2025-2026,2026-03-12,1000000,Coritiba Foot Ball Club,BRA1,,,,,,,,,True,
985383,Valentín Gómez,2025-2026,2025-12-12,12000000,Real Betis Balompié S.A.D.,ES1,,,,,,,,,True,
985544,Ben Broggio,2025-2026,2026-03-05,250000,Falkirk Football & Athletic Club,SC1,,,,,,,,,True,
985755,Luciano Giménez,2025-2026,2026-03-18,500000,Club Atlético Huracán,ARG1,,,,,,,,,True,
985797,Luca Tevere,2025-2026,2026-02-13,100000,Perth Glory Football Club,AUS1,,,,,,,,,True,
985806,Alex Freeman,2025-2026,2025-12-11,3500000,Villarreal Club de Fútbol S.A.D.,ES1,,,,,,,,,True,
985825,Chibuike Nwaiwu,2025-2026,2026-03-05,7000000,Trabzonspor Kulübü,TR1,,,,,,,,,True,
985844,Emmanuel Ayaosi,2025-2026,2025-12-22,2000000,MFK Karvina,TS1,,,,,,,,,True,
986186,Drilon Hazrollaj,2025-2026,2026-03-27,500000,Fotbal Club Rapid 1923 SA,RO1,,,,,,,,,True,
986285,Nordan Mukiele,2025-2026,2026-03-27,1000000,Stade Rennais Football Club,FR1,,,,,,,,,True,
986291,Andrija Bulatovic,2025-2026,2026-03-27,5000000,Racing Club de Lens,FR1,,,,,,,,,True,
986786,Salifou Soumah,2025-2026,2025-11-19,1200000,Radomiak S.A.,PL1,,,,,,,,,True,
986794,David Poreba,2025-2026,2025-12-11,50000,Chicago Fire Soccer Club,MLS1,,,,,,,,,True,
987013,Albert Kotlin,2025-2026,2025-12-22,25000,FK Jablonec a.s.,TS1,,,,,,,,,True,
987126,Emmanuel Gómez Riga,2025-2026,2025-11-26,150000,Club Sportivo Independiente Rivadavia,ARG1,,,,,,,,,True,
987195,Jens Magnusson,2025-2026,2025-11-19,150000,Västerås Sportklubb FK,SE1,,,,,,,,,True,
987198,Franco Lorenzon,2025-2026,2025-11-26,300000,Club Atlético San Lorenzo de Almagro,ARG1,,,,,,,,,True,
987325,Gustav Lundgren,2025-2026,2025-11-19,1300000,GAIS,SE1,,,,,,,,,True,
987331,Seif Ali Hindi,2025-2026,2026-03-24,150000,FK Dukla Praha a.s.,TS1,,,,,,,,,True,
987376,Joël van den Berg,2025-2026,2026-03-18,1000000,Eindhovense Voetbalvereniging Philips Sport Vereniging,NL1,,,,,,,,,True,
987568,Italo,2025-2026,2025-12-16,450000,Jeju SK Football Club,RSK1,,,,,,,,,True,
987672,Andrej Kostic,2025-2026,2026-03-26,5000000,Fudbalski Klub Partizan Beograd,SER1,,,,,,,,,True,
987719,Filip Kruselj,2025-2026,2025-12-22,350000,NK Slaven Belupo Koprivnica,KR1,,,,,,,,,True,
987770,Alessandro Vogt,2025-2026,2026-03-17,7000000,FC St. Gallen 1879,C1,,,,,,,,,True,
987849,Mateo Clemente,2023-2024,2024-06-12,25000,Club Atlético San Lorenzo de Almagro,ARG1,,,,,,,,,True,
988222,David Martínez,2025-2026,2025-12-11,4000000,Los Angeles Football Club,MLS1,,,,,,,,,True,
988408,Kevin Cataño,2025-2026,2025-12-16,550000,Atlético Nacional,COL1,,,,,,,,,True,
988419,Bogdan Petrovic,2025-2026,2025-12-11,500000,Fudbalski klub TSC Bačka Topola,SER1,,,,,,,,,True,
988440,Abraham Villegas,2025-2026,2025-12-22,100000,Club León Fútbol Club,MEX1,,,,,,,,,True,
988711,Halil Özdemir,2025-2026,2026-03-13,400000,Yellow-Red Koninklijke Voetbalclub Mechelen,BE1,,,,,,,,,True,
988734,Ángel Stringa,2025-2026,2025-12-17,25000,Asociación de Fomento Deportivo Riestra Barrio Colón,ARG1,,,,,,,,,True,
988917,Filip Spatenka,2025-2026,2025-12-22,400000,FC Slovan Liberec,TS1,,,,,,,,,True,
989112,Veljko Milosavljevic,2025-2026,2025-12-09,20000000,Association Football Club Bournemouth,GB1,,,,,,,,,True,
989271,Bryan Ramírez,2025-2026,2025-12-22,3000000,Football Club Cincinnati,MLS1,,,,,,,,,True,
989329,Yannick Bujard,2022-2023,2022-12-29,10000,FC St. Gallen 1879,C1,,,,,,,,,True,
989455,Alan Saldivia,2025-2026,2025-12-10,1200000,Club de Regatas Vasco da Gama,BRA1,,,,,,,,,True,
989508,Victor Gonçalves Andersson,2025-2026,2025-11-19,500000,Allmänna Idrottsklubben,SE1,,,,,,,,,True,
989574,Santiago Hidalgo,2025-2026,2026-03-27,4000000,Toulouse Football Club,FR1,,,,,,,,,True,
989579,Tomás González,2025-2026,2025-11-26,275000,Club Atlético Unión,ARG1,,,,,,,,,True,
989926,Kevin Parra,2025-2026,2026-03-17,900000,Internacional de Bogotá,COL1,,,,,,,,,True,
989929,Brayan Medina,2025-2026,2026-03-19,4000000,Clube Desportivo de Tondela,PO1,,,,,,,,,True,
989937,Juan Jose Arias,2025-2026,2025-12-05,1200000,Real Salt Lake,MLS1,,,,,,,,,True,
989968,Máximo Carrizo,2025-2026,2025-12-11,400000,New York City Football Club,MLS1,,,,,,,,,True,
989980,Xavier Valdez,2025-2026,2025-12-11,75000,Nashville SC,MLS1,,,,,,,,,True,
990008,Wassim Bouziane,2025-2026,2025-12-16,450000,Alkmaar Zaanstreek,NL1,,,,,,,,,True,
990110,David Mejía,2025-2026,2025-12-22,300000,NK Osijek s.d.d.,KR1,,,,,,,,,True,
990202,Lucas Román,2025-2026,2025-12-17,250000,Club Atlético Independiente de Avellaneda,ARG1,,,,,,,,,True,
990262,Taxiarchis Filon,2025-2026,2025-12-12,350000,APO Levadiakos Football Club,GR1,,,,,,,,,True,
990429,Maximiliano Amarfil,2025-2026,2025-12-17,2000000,Club Atlético Platense,ARG1,,,,,,,,,True,
990550,Alejo Osella,2025-2026,2026-03-18,1200000,Club Sportivo Independiente Rivadavia,ARG1,,,,,,,,,True,
990585,Jordan Knight,2025-2026,2026-02-18,100000,Nashville SC,MLS1,,,,,,,,,True,
990637,Zachary Athekame,2025-2026,2026-03-24,10000000,Associazione Calcio Milan,IT1,,,,,,,,,True,
990785,Matías Gallardo,2025-2026,2025-12-17,25000,Instituto Atlético Central Córdoba,ARG1,,,,,,,,,True,
990810,Jackson Travis,2025-2026,2025-11-25,350000,Colorado Rapids,MLS1,,,,,,,,,True,
990983,Tobias Moi,2025-2026,2025-12-15,100000,Viking Fotballklubb,NO1,,,,,,,,,True,
990996,,2025-2026,2025-12-11,150000,,,,,,,,,,,True,
991054,Terry Yegbe,2025-2026,2025-12-15,3000000,Football Club de Metz,FR1,,,,,,,,,True,
991132,Nicolás Paz,2025-2026,2026-03-18,500000,Club Atlético Unión,ARG1,,,,,,,,,True,
991134,Alan Lescano,2025-2026,2025-12-17,7500000,Asociación Atlética Argentinos Juniors,ARG1,,,,,,,,,True,
991408,Kenroy Campbell,2025-2026,2025-12-11,300000,Fudbalski Klub IMT Novi Beograd,SER1,,,,,,,,,True,
991421,Petar Sukacev,2025-2026,2025-12-11,300000,Fudbalski Klub Vojvodina,SER1,,,,,,,,,True,
991454,Igor Orlikowski,2025-2026,2026-03-26,1000000,Zagłębie Lubin Spółka Akcyjna,PL1,,,,,,,,,True,
991455,Filip Rejczyk,2025-2026,2026-03-26,200000,GKS GieKSa Katowice Spółka Akcyjna,PL1,,,,,,,,,True,
991458,Mateusz Skoczylas,2025-2026,2025-12-08,250000,Klub Sportowy Cracovia Spółka Akcyjna,PL1,,,,,,,,,True,
991476,Mattias Hellisdal,2025-2026,2025-11-19,200000,Västerås Sportklubb FK,SE1,,,,,,,,,True,
991540,Jesús Muñoz,2025-2026,2025-12-05,300000,Alianza FC,COL1,,,,,,,,,True,
991751,Lovro Golic,2025-2026,2025-12-10,400000,Yellow-Red Koninklijke Voetbalclub Mechelen,BE1,,,,,,,,,True,
991773,Abiel Osorio,2025-2026,2025-12-17,1800000,Club Social y Deportivo Defensa y Justicia,ARG1,,,,,,,,,True,
991779,Michał Gurgul,2025-2026,2025-12-08,3000000,KKS Lech Poznań Spółka Akcyjna,PL1,,,,,,,,,True,
991849,Nicolás Retamar,2025-2026,2026-03-18,450000,Club Atlético Platense,ARG1,,,,,,,,,True,
992528,Franco Saavedra,2025-2026,2025-11-26,350000,Club Atlético Gimnasia y Esgrima de Mendoza,ARG1,,,,,,,,,True,
992530,Yong-hui Park,2025-2026,2025-12-16,100000,Gimcheon Sangmu Football Club,RSK1,,,,,,,,,True,
992569,Massimo Pessina,2025-2026,2025-12-23,1000000,Bologna Football Club 1909,IT1,,,,,,,,,True,
992605,Pablo Monje,2025-2026,2025-12-17,450000,Asociación de Fomento Deportivo Riestra Barrio Colón,ARG1,,,,,,,,,True,
992818,Nicolás Capraro,2025-2026,2025-12-17,450000,Club Atlético Barracas Central,ARG1,,,,,,,,,True,
992820,Mihai Toma,2025-2026,2025-12-19,500000,SC Fotbal Club FCSB SA,RO1,,,,,,,,,True,
992822,Yanis Pîrvu,2025-2026,2026-03-27,450000,Asociația Clubul Sportiv Campionii Fotbal Club Argeș,RO1,,,,,,,,,True,
992823,Alexandru Stoian,2025-2026,2025-12-19,650000,SC Fotbal Club FCSB SA,RO1,,,,,,,,,True,
992832,David Popa,2025-2026,2025-12-19,50000,SC Fotbal Club FCSB SA,RO1,,,,,,,,,True,
992843,Narcis Ilaș,2025-2026,2025-12-19,300000,Asociația Fotbal Club Botoșani,RO1,,,,,,,,,True,
992869,Yeicar Perlaza,2025-2026,2025-12-05,200000,Independiente Santa Fe,COL1,,,,,,,,,True,
993063,Max Arfsten,2025-2026,2025-12-11,4500000,Columbus Crew,MLS1,,,,,,,,,True,
993090,Devin Padelford,2025-2026,2025-12-11,500000,Minnesota United FC,MLS1,,,,,,,,,True,
993687,Lorenzo Biliboc,2025-2026,2026-03-27,1200000,Fotbal Club CFR 1907 Cluj SA,RO1,,,,,,,,,True,
993703,Daniel Braut,2025-2026,2025-12-15,500000,Tromsø Idrettslag,NO1,,,,,,,,,True,
993704,Anders Hiim,2025-2026,2025-12-15,700000,Sarpsborg 08 Fotballforening,NO1,,,,,,,,,True,
993722,Andrés Montaño,2025-2026,2026-03-26,1500000,Club de Fútbol Cruz Azul S.A. de C.V.,MEX1,,,,,,,,,True,
994004,Bryan Romero,2025-2026,2025-12-29,100000,Fútbol Club Juárez,MEX1,,,,,,,,,True,
994121,Gael García,2025-2026,2025-12-29,500000,Club León Fútbol Club,MEX1,,,,,,,,,True,
994254,Tyler Hall,2025-2026,2025-12-11,100000,Club Internacional de Fútbol Miami,MLS1,,,,,,,,,True,
994256,Stuart Hawkins,2025-2026,2025-12-11,175000,Seattle Sounders FC,MLS1,,,,,,,,,True,
994258,Oscar Verhoeven,2025-2026,2025-12-11,500000,San Diego Football Club,MLS1,,,,,,,,,True,
994266,Pedro Soma,2025-2026,2025-12-11,200000,San Diego Football Club,MLS1,,,,,,,,,True,
994267,Fidel Barajas,2025-2026,2025-12-29,1800000,Club Atlético de San Luis,MEX1,,,,,,,,,True,
994277,Gavin Turner,2025-2026,2026-03-22,75000,D.C. United,MLS1,,,,,,,,,True,
994389,Winsley Boteli,2025-2026,2025-12-29,1000000,FC Sion,C1,,,,,,,,,True,
994391,Jhon Gamboa,2025-2026,2025-12-05,450000,Envigado FC,COL1,,,,,,,,,True,
994536,Claudio Echeverri,2025-2026,2025-12-19,15000000,Girona Fútbol Club S. A. D.,ES1,,,,,,,,,True,
994598,Nathan Ordaz,2025-2026,2025-12-11,2000000,Los Angeles Football Club,MLS1,,,,,,,,,True,
995525,Pavel Kacor,2025-2026,2026-03-24,800000,MFK Karvina,TS1,,,,,,,,,True,
995585,Santiago Toloza,2025-2026,2026-03-18,400000,Club Social y Deportivo Defensa y Justicia,ARG1,,,,,,,,,True,
995638,,2025-2026,2025-11-24,700000,,,,,,,,,,,True,
996140,Georgi Minoungou,2025-2026,2025-12-11,800000,Seattle Sounders FC,MLS1,,,,,,,,,True,
996391,Marcel Lorber,2025-2026,2025-12-22,300000,NK Lokomotiva Zagreb,KR1,,,,,,,,,True,
996691,Kawan,2025-2026,2025-11-24,100000,S. A. F. Botafogo,BRA1,,,,,,,,,True,
997056,Alonso Ramírez,2025-2026,2025-12-29,50000,Club de Futbol Puebla de La Franja,MEX1,,,,,,,,,True,
997057,Denzell García,2025-2026,2026-03-26,4500000,Fútbol Club Juárez,MEX1,,,,,,,,,True,
997070,Juan Fedorco,2025-2026,2025-12-29,800000,Club Atlético Independiente de Avellaneda,ARG1,,,,,,,,,True,
997076,Andrey,2025-2026,2025-11-24,200000,Clube Desportivo Santa Clara,PO1,,,,,,,,,True,
997374,Juan Luis Alfaro,2025-2026,2025-12-17,275000,Club Atlético Banfield,ARG1,,,,,,,,,True,
997424,Franco García,2025-2026,2025-11-26,500000,Club Atlético Newell’s Old Boys,ARG1,,,,,,,,,True,
997465,Rubens,2025-2026,2025-11-24,100000,Associação Chapecoense de Futebol,BRA1,,,,,,,,,True,
997714,Alexsander,2025-2026,2025-12-10,6000000,Clube Atlético Mineiro,BRA1,,,,,,,,,True,
997947,Otávio Costa,2025-2026,2026-03-12,500000,Cruzeiro Esporte Clube,BRA1,,,,,,,,,True,
998101,Alex Tóth,2025-2026,2026-03-09,12000000,Association Football Club Bournemouth,GB1,,,,,,,,,True,
998204,Tahir Reid-Brown,2025-2026,2025-12-11,75000,Orlando City Soccer Club,MLS1,,,,,,,,,True,
998205,Alejandro Granados,2025-2026,2025-12-10,700000,Club Brugge Koninklijke Voetbalvereniging,BE1,,,,,,,,,True,
998481,Jakub Jakubko,2025-2026,2026-03-24,325000,"FK Teplice, a.s.",TS1,,,,,,,,,True,
999057,Dusan Zagar,2025-2026,2025-12-11,250000,Fudbalski Klub IMT Novi Beograd,SER1,,,,,,,,,True,
999072,Agustín Moreira,2025-2026,2025-12-18,700000,Gil Vicente Futebol Clube,PO1,,,,,,,,,True,
999090,Axel Holewiński,2025-2026,2025-12-08,350000,Morski Klub Sportowy Pogoń Szczecin,PL1,,,,,,,,,True,
999127,Benja Cremaschi,2025-2026,2025-12-23,4500000,Parma Calcio 1913,IT1,,,,,,,,,True,
999129,Nolan Miller,2025-2026,2026-03-03,200000,Orlando City Soccer Club,MLS1,,,,,,,,,True,
999299,Frankie Westfield,2025-2026,2025-12-11,800000,Philadelphia Union,MLS1,,,,,,,,,True,
999302,Gerardo Valenzuela,2025-2026,2025-12-11,750000,Football Club Cincinnati,MLS1,,,,,,,,,True,
999364,Cabral Carter,2021-2022,2022-06-10,25000,Los Angeles Football Club,MLS1,,,,,,,,,True,
999379,Luis Rivera,2025-2026,2025-12-11,50000,Real Salt Lake,MLS1,,,,,,,,,True,
999382,Snyder Brunell,2025-2026,2025-12-11,400000,Seattle Sounders FC,MLS1,,,,,,,,,True,
999688,Reiya Sakata,2025-2026,2025-12-15,275000,Cerezo Osaka,JAP1,,,,,,,,,True,
999886,Loun Srdanovic,2025-2026,2025-12-29,1200000,Servette Football Club 1890 SA,C1,,,,,,,,,True,
1000273,Nimfasha Berchimas,2025-2026,2025-12-11,300000,Charlotte Football Club,MLS1,,,,,,,,,True,
1000274,Brian Romero,2025-2026,2025-12-11,150000,Charlotte Football Club,MLS1,,,,,,,,,True,
1000284,Jed Drew,2025-2026,2025-12-22,550000,Turn- und Sportverein Egger Glas Hartberg,A1,,,,,,,,,True,
1000301,Ethan Kohler,2025-2026,2025-12-23,200000,New England Revolution,MLS1,,,,,,,,,True,
1000668,Octavio Ontivero,2025-2026,2025-12-17,200000,Club Atlético Lanús,ARG1,,,,,,,,,True,
1000671,Camilo Rey Domenech,2025-2026,2025-12-17,400000,Club Atlético Boca Juniors,ARG1,,,,,,,,,True,
1000684,Tobías Ramírez,2025-2026,2025-12-17,2500000,Asociación Atlética Argentinos Juniors,ARG1,,,,,,,,,True,
1000685,Valente Pierani,2025-2026,2025-12-17,200000,Club Estudiantes de La Plata,ARG1,,,,,,,,,True,
1000686,Juan Giménez,2025-2026,2026-03-18,2000000,Club Atlético Rosario Central,ARG1,,,,,,,,,True,
1000687,Santiago López,2025-2026,2025-12-17,2000000,Club Atlético Tigre,ARG1,,,,,,,,,True,
1000688,Agustín Ruberto,2025-2026,2025-12-17,2000000,Club Atlético River Plate,ARG1,,,,,,,,,True,
1000691,Bautista Dadín,2025-2026,2025-12-17,250000,Club Sportivo Independiente Rivadavia,ARG1,,,,,,,,,True,
1000700,Andrés Carreño,2025-2026,2025-12-16,100000,Unión Magdalena,COL1,,,,,,,,,True,
1000701,José Mercado,2025-2026,2025-12-05,250000,Unión Magdalena,COL1,,,,,,,,,True,
1000777,Mitsuki Hidaka,2025-2026,2025-12-15,100000,Rakuten Vissel Kobe,JAP1,,,,,,,,,True,
1000925,Ralph Rutherford,2025-2026,2025-12-16,150000,Auckland Football Club,AUS1,,,,,,,,,True,
1001305,David Moses,2025-2026,2025-12-22,9000000,MFK Karvina,TS1,,,,,,,,,True,
1001354,Brad Tapp,2025-2026,2026-01-13,400000,Central Coast Mariners Football Club,AUS1,,,,,,,,,True,
1001362,Max Vartuli,2025-2026,2026-01-13,100000,Adelaide United Football Club,AUS1,,,,,,,,,True,
1001531,Gilberto Flores,2025-2026,2025-12-11,1300000,Football Club Cincinnati,MLS1,,,,,,,,,True,
1001554,Berkay Aslan,2025-2026,2026-03-05,400000,İstanbul Başakşehir Futbol Kulübü,TR1,,,,,,,,,True,
1001785,Yvan Ikia Dimi,2025-2026,2025-12-11,500000,Klub Sportowy Górnik Zabrze Sportowa Spółka Akcyjna,PL1,,,,,,,,,True,
1001839,Luke Graham,2025-2026,2026-03-05,1200000,Dundee Football Club,SC1,,,,,,,,,True,
1001938,Alonso Coello,2025-2026,2025-12-11,800000,Toronto FC,MLS1,,,,,,,,,True,
1002038,Sander Håvik Innvær,2025-2026,2025-12-15,350000,Tromsø Idrettslag,NO1,,,,,,,,,True,
1002127,Íker Moreno,2025-2026,2026-03-26,1000000,Club de Futbol Puebla de La Franja,MEX1,,,,,,,,,True,
1002223,Omar Valencia,2025-2026,2025-12-11,1200000,Red Bull New York,MLS1,,,,,,,,,True,
1002283,Max Anchor,2025-2026,2025-12-11,150000,Seattle Sounders FC,MLS1,,,,,,,,,True,
1002288,Tiago Coimbra,2025-2026,2025-11-18,200000,Idrottsföreningen Kamraterna Göteborg,SE1,,,,,,,,,True,
1002305,Sondre Ørjasæter,2025-2026,2025-12-02,6000000,Football Club Twente,NL1,,,,,,,,,True,
1003352,Gabriel Elias Ersoy,2025-2026,2026-03-30,150000,Idrottsföreningen Kamraterna Göteborg,SE1,,,,,,,,,True,
1003534,Marwin Schmitz,2025-2026,2025-12-19,200000,Fußball-Club St. Pauli von 1910,L1,,,,,,,,,True,
1003583,Rakan Al-Tulayhi,2025-2026,2025-12-18,150000,Al-Najma Sport Club,SA1,,,,,,,,,True,
1003622,Moses Usor,2025-2026,2025-12-22,2500000,Linzer Athletik-Sport-Klub,A1,,,,,,,,,True,
1004203,Keiber Lamadrid,2025-2026,2025-12-05,1200000,West Ham United Football Club,GB1,,,,,,,,,True,
1004274,Victor Svensson,2025-2026,2025-11-19,300000,IK Sirius,SE1,,,,,,,,,True,
1004324,In-woo Back,2025-2026,2025-12-16,250000,Ulsan Hyundai Football Club,RSK1,,,,,,,,,True,
1004326,Ju-hyeok Kang,2025-2026,2025-12-16,125000,Gimcheon Sangmu Football Club,RSK1,,,,,,,,,True,
1004330,,2025-2026,2025-12-16,50000,,,,,,,,,,,True,
1004333,Sung-min Hong,2025-2026,2025-12-16,75000,Football Club Pohang Steelers,RSK1,,,,,,,,,True,
1004336,Sung-hoon Kwak,2023-2024,2023-12-19,50000,Gwangju Football Club,RSK1,,,,,,,,,True,
1004495,Nikola Popovic,2025-2026,2025-12-11,25000,Fudbalski Klub Mladost Lučani,SER1,,,,,,,,,True,
1004728,Dudu,2025-2026,2025-11-24,2000000,Clube Atlético Paranaense,BRA1,,,,,,,,,True,
1004738,João Cruz,2025-2026,2026-03-12,2000000,Clube Atlético Paranaense,BRA1,,,,,,,,,True,
1005165,Giovane,2025-2026,2025-12-23,12000000,Società Sportiva Calcio Napoli,IT1,,,,,,,,,True,
1005166,Santiago Luján,2025-2026,2025-11-26,150000,Club Atlético Huracán,ARG1,,,,,,,,,True,
1005338,Jack Warshawsky,2025-2026,2026-01-13,100000,Melbourne Victory FC,AUS1,,,,,,,,,True,
1005510,Tate Johnson,2025-2026,2025-12-11,1500000,Vancouver Whitecaps FC,MLS1,,,,,,,,,True,
1005583,Alysson,2025-2026,2026-03-09,10000000,Aston Villa Football Club,GB1,,,,,,,,,True,
1005650,Tchoca,2025-2026,2026-03-12,4000000,Sport Club Corinthians Paulista,BRA1,,,,,,,,,True,
1005656,Felipe Longo,2025-2026,2025-12-10,500000,Sport Club Corinthians Paulista,BRA1,,,,,,,,,True,
1005800,Juan Villalba,2025-2026,2025-12-17,300000,Club Atlético Tigre,ARG1,,,,,,,,,True,
1005802,Ulises Giménez,2023-2024,2024-06-12,25000,Club Atlético River Plate,ARG1,,,,,,,,,True,
1005946,Lucky Ezeh,2025-2026,2026-03-24,400000,MFK Karvina,TS1,,,,,,,,,True,
1006054,Daniel Arcila,2025-2026,2025-12-29,600000,Club León Fútbol Club,MEX1,,,,,,,,,True,
1006058,Andrés Tovar,2025-2026,2025-12-05,250000,Envigado FC,COL1,,,,,,,,,True,
1006077,Javier Suárez,2025-2026,2025-12-29,500000,Club Atlético de San Luis,MEX1,,,,,,,,,True,
1006239,Pablo Ferreira,2025-2026,2025-11-26,250000,Club Atlético Platense,ARG1,,,,,,,,,True,
1006467,Borislav Rupanov,2025-2026,2026-03-26,900000,Klub Sportowy Górnik Zabrze Sportowa Spółka Akcyjna,PL1,,,,,,,,,True,
1006569,Rafael Juninho,2025-2026,2026-03-26,500000,Fudbalski Klub IMT Novi Beograd,SER1,,,,,,,,,True,
1006609,Aidan Stokes,2025-2026,2025-12-11,50000,Red Bull New York,MLS1,,,,,,,,,True,
1006612,Andrew Rick,2025-2026,2025-12-11,400000,Philadelphia Union,MLS1,,,,,,,,,True,
1006799,Martin Gjone,2025-2026,2025-12-15,600000,Hamarkameratene,NO1,,,,,,,,,True,
1006916,Jonathan Norbye,2025-2026,2025-12-16,300000,RasenBallsport Leipzig,L1,Jonathan Norbye,2025-2026,2025-12-16,300000.0,Fredrikstad Fotballklubb,NO1,0.0,0.0,True,
1006923,Adil Lechkar,2025-2026,2025-12-02,150000,Sportclub Telstar,NL1,,,,,,,,,True,
1006939,Adrian Kurd Rønning,2025-2026,2025-12-15,250000,Kristiansund Ballklubb,NO1,,,,,,,,,True,
1007020,Joaquinete,2025-2026,2025-12-18,400000,Epicentr Dunaivtsi,UKR1,,,,,,,,,True,
1007138,Sami Jalal,2025-2026,2025-12-15,750000,Viborg Fodsports Forening,DK1,,,,,,,,,True,
1007295,Wojciech Mońka,2025-2026,2026-03-26,4000000,KKS Lech Poznań Spółka Akcyjna,PL1,,,,,,,,,True,
1007378,Wesley,2025-2026,2025-12-18,5000000,Real Sociedad de Fútbol S.A.D.,ES1,,,,,,,,,True,
1007381,Rubén Ramos,2025-2026,2025-12-11,175000,Los Angeles Galaxy,MLS1,,,,,,,,,True,
1007383,Zavier Gozo,2025-2026,2025-12-11,1500000,Real Salt Lake,MLS1,,,,,,,,,True,
1007384,Caden Glover,2025-2026,2025-12-11,150000,St. Louis City Soccer Club,MLS1,,,,,,,,,True,
1007387,Santiago Morales,2025-2026,2025-12-11,125000,Club Internacional de Fútbol Miami,MLS1,,,,,,,,,True,
1007573,Ognjen Bondzulic,2025-2026,2025-12-11,1000000,Fudbalski Klub Mladost Lučani,SER1,,,,,,,,,True,
1007664,Uros Tegeltija,2025-2026,2026-03-26,450000,Železničar Pančevo,SER1,,,,,,,,,True,
1007783,Néider Ospina,2025-2026,2025-12-05,150000,Llaneros FC,COL1,,,,,,,,,True,
1007816,Jesper Eikrem,2025-2026,2025-12-15,100000,Sportsklubben Brann,NO1,,,,,,,,,True,
1007817,Oskar Spiten-Nysæter,2025-2026,2025-12-15,4500000,Molde Fotballklubb,NO1,,,,,,,,,True,
1008049,Mate Simon,2025-2026,2026-03-27,150000,Asociația Futball Klub Csíkszereda Miercurea Ciuc,RO1,,,,,,,,,True,
1008431,Stiven Jimenez,2025-2026,2025-12-11,100000,Football Club Cincinnati,MLS1,,,,,,,,,True,
1008456,Israel Boatwright,2025-2026,2025-12-11,50000,Club Internacional de Fútbol Miami,MLS1,,,,,,,,,True,
1009026,Nasser Al-Bishi,2025-2026,2025-12-18,100000,Al-Riyadh Saudi Club,SA1,,,,,,,,,True,
1009030,Lorran,2025-2026,2026-03-24,6000000,Pisa Sporting Club,IT1,,,,,,,,,True,
1009164,Juan José Mera,2025-2026,2026-03-17,450000,Deportes Tolima,COL1,,,,,,,,,True,
1009438,Florian Hellstern,2025-2026,2026-03-19,2500000,Verein für Bewegungsspiele Stuttgart 1893,L1,,,,,,,,,True,
1009439,Leon Klanac,2025-2026,2025-12-19,150000,FC Bayern München,L1,,,,,,,,,True,
1009441,Felipe Chávez,2025-2026,2026-03-20,2000000,1. Fußball-Club Köln,L1,,,,,,,,,True,
1009485,Branko Pavic,2025-2026,2025-12-30,400000,Hrvatski Nogometni Klub Rijeka,KR1,,,,,,,,,True,
1009490,Fabian Wilfinger,2025-2026,2025-12-22,800000,Turn- und Sportverein Egger Glas Hartberg,A1,,,,,,,,,True,
1009494,Ante Utrobicic,2025-2026,2025-12-30,250000,NK Lokomotiva Zagreb,KR1,,,,,,,,,True,
1009730,Drew Baiera,2025-2026,2025-12-11,75000,New York City Football Club,MLS1,,,,,,,,,True,
1009732,Cavan Sullivan,2025-2026,2025-12-11,3500000,Philadelphia Union,MLS1,,,,,,,,,True,
1010044,Dylan Ourega,2025-2026,2026-03-13,1000000,Koninklijke Voetbal Club Westerlo,BE1,,,,,,,,,True,
1010240,Sung-dong Kim,2025-2026,2025-12-16,50000,Football Club Anyang,RSK1,,,,,,,,,True,
1010277,Bork Bang-Kittilsen,2025-2026,2025-11-19,500000,Mjällby Almänna Idrottsförening,SE1,,,,,,,,,True,
1010300,David Vazquez,2025-2026,2025-12-11,100000,San Diego Football Club,MLS1,,,,,,,,,True,
1010577,Lorenzo Scipioni,2025-2026,2025-12-12,3500000,Olympiakos Syndesmos Filathlon Peiraios,GR1,,,,,,,,,True,
1010640,Adrian Wibowo,2025-2026,2025-12-11,100000,Los Angeles Football Club,MLS1,,,,,,,,,True,
1010818,Sahmkou Camara,2025-2026,2025-12-22,1200000,MFK Karvina,TS1,,,,,,,,,True,
1010854,Mathis Amougou,2025-2026,2025-12-15,10000000,Racing Club de Strasbourg Alsace,FR1,,,,,,,,,True,
1010856,Ryan Rodin,2025-2026,2026-03-27,300000,Association de la Jeunesse auxerroise,FR1,,,,,,,,,True,
1010896,Oliver Middleton,2025-2026,2026-01-13,150000,Auckland Football Club,AUS1,,,,,,,,,True,
1010899,Lazar Stefanović,2025-2026,2025-12-11,300000,Toronto FC,MLS1,,,,,,,,,True,
1010906,Harbor Miller,2025-2026,2025-12-11,350000,Los Angeles Galaxy,MLS1,,,,,,,,,True,
1010912,Markus Cimermancic,2025-2026,2025-12-11,300000,Toronto FC,MLS1,,,,,,,,,True,
1011115,Leonardo Flores,2025-2026,2026-03-26,1000000,Club Atlético de San Luis,MEX1,,,,,,,,,True,
1011147,Mikey Moore,2025-2026,2025-12-10,16000000,Rangers Football Club,SC1,,,,,,,,,True,
1011262,Gonzalo Piñeiro,2025-2026,2025-12-17,250000,Club Atlético Tigre,ARG1,,,,,,,,,True,
1011492,Gabriel Gheorghe,2025-2026,2025-12-19,50000,Fotbal Club Rapid 1923 SA,RO1,,,,,,,,,True,
1011580,Nikola Simic,2025-2026,2026-03-26,5000000,Fudbalski Klub Partizan Beograd,SER1,,,,,,,,,True,
1012052,Samuel Akere,2025-2026,2025-12-08,1000000,NK Osijek s.d.d.,KR1,,,,,,,,,True,
1012174,Iago Teodoro,2025-2026,2025-09-25,1000000,Orlando City Soccer Club,MLS1,,,,,,,,,True,
1012564,Rayan,2025-2026,2026-03-09,40000000,Association Football Club Bournemouth,GB1,,,,,,,,,True,
1012731,Luis Balbo,2025-2026,2026-03-24,500000,Associazione Calcio Fiorentina,IT1,,,,,,,,,True,
1012838,Sebastian Holm Mathisen,2025-2026,2025-12-15,300000,Sandefjord Fotball,NO1,,,,,,,,,True,
1013044,Ryoya Kimura,2025-2026,2025-12-15,50000,Yokohama Marinos,JAP1,,,,,,,,,True,
1013087,Matej Malensek,2025-2026,2026-03-24,350000,FK Jablonec a.s.,TS1,,,,,,,,,True,
1013231,Hrannar Snær Magnússon,2025-2026,2026-03-16,200000,Kristiansund Ballklubb,NO1,,,,,,,,,True,
1013240,Alex Bonetig,2025-2026,2026-01-13,1000000,Portland Timbers,MLS1,,,,,,,,,True,
1013797,Ondrej Penxa,2025-2026,2026-03-24,650000,"AC Sparta Praha, a. s.",TS1,,,,,,,,,True,
1013804,Jiri Panos,2025-2026,2025-12-22,1800000,"FC Viktoria Plzeň, a.s.",TS1,,,,,,,,,True,
1013847,Dhari Al-Anazi,2025-2026,2025-12-18,350000,Damac Football Club,SA1,,,,,,,,,True,
1013913,Alexis Segovia,2025-2026,2025-12-17,300000,Club Atlético Lanús,ARG1,,,,,,,,,True,
1013922,Rodrigo Atencio,2025-2026,2025-12-10,2000000,Club Sportivo Independiente Rivadavia,ARG1,,,,,,,,,True,
1013929,Jae-seok Hong,2025-2026,2025-12-16,100000,Football Club Anyang,RSK1,,,,,,,,,True,
1013931,Seong-woo Moon,2025-2026,2025-12-16,175000,Football Club Anyang,RSK1,,,,,,,,,True,
1013932,Joo-chan Kim,2025-2026,2025-12-16,250000,Gimcheon Sangmu Football Club,RSK1,,,,,,,,,True,
1014014,Kyota Sakakibara,2025-2026,2025-12-15,100000,Nagoya Grampus Eight,JAP1,,,,,,,,,True,
1014142,Léyder Morán,2025-2026,2025-12-05,50000,Once Caldas,COL1,,,,,,,,,True,
1014363,Elías Torres,2025-2026,2025-12-17,1200000,Racing Club Asociación Civil de Avellaneda,ARG1,,,,,,,,,True,
1014574,Khaled Al-Lazam,2025-2026,2026-03-30,400000,Al-Okhdood Club,SA1,,,,,,,,,True,
1015245,Daniel Bassi,2025-2026,2025-12-15,1000000,Fotballklubben Bodø/Glimt,NO1,,,,,,,,,True,
1015246,Baltasar Rodríguez,2025-2026,2025-12-11,4500000,Racing Club Asociación Civil de Avellaneda,ARG1,,,,,,,,,True,
1015612,Daniel Daga,2025-2026,2025-12-15,900000,Molde Fotballklubb,NO1,,,,,,,,,True,
1015626,Franco Nicola,2025-2026,2025-12-17,250000,Club Atlético Tucumán,ARG1,,,,,,,,,True,
1015639,Nick Fernandez,2025-2026,2025-12-11,100000,San Jose Earthquakes,MLS1,,,,,,,,,True,
1015772,Mio Zimmermann,2025-2026,2025-12-29,250000,FC Luzern,C1,,,,,,,,,True,
1015812,Ilija Maslarov,2025-2026,2025-12-29,250000,FC Lugano,C1,,,,,,,,,True,
1015818,Mardochée Miguel,2025-2026,2026-03-17,250000,Servette Football Club 1890 SA,C1,,,,,,,,,True,
1015822,Eman Košpo,2025-2026,2025-12-23,1500000,Associazione Calcio Fiorentina,IT1,,,,,,,,,True,
1015823,Marvin Akahomen,2025-2026,2025-12-29,500000,FC Basel 1893 AG,C1,,,,,,,,,True,
1015824,Neil Volken,2025-2026,2025-12-29,500000,FC Zürich,C1,,,,,,,,,True,
1015874,Kjartan Már Kjartansson,2025-2026,2025-12-10,150000,Aberdeen Football Club,SC1,,,,,,,,,True,
1015898,Francisco Gualtieri,2023-2024,2023-07-04,25000,Asociación Atlética Estudiantes,ARG1,,,,,,,,,True,
1015957,Chang-woo Lee,2025-2026,2025-12-16,175000,Football Club Pohang Steelers,RSK1,,,,,,,,,True,
1016312,William Andersson,2025-2026,2026-03-30,175000,Kalmar Fotbollförening,SE1,,,,,,,,,True,
1016375,Amin Al-Hamawi,2025-2026,2025-12-15,250000,Randers Fodbold Club,DK1,,,,,,,,,True,
1016716,Jonty Bidois,2025-2026,2026-01-13,200000,Auckland Football Club,AUS1,,,,,,,,,True,
1016857,Jalmaro Calvin,2025-2026,2025-12-10,100000,Saint Mirren Football Club,SC1,,,,,,,,,True,
1016863,Benjamin Nyarko,2025-2026,2026-03-24,250000,"FK Teplice, a.s.",TS1,,,,,,,,,True,
1016904,David Vujevic,2025-2026,2026-03-17,1000000,FC Zürich,C1,,,,,,,,,True,
1016918,Peyton Miller,2025-2026,2025-12-11,3000000,New England Revolution,MLS1,,,,,,,,,True,
1017317,Giovani Ghimfus,2025-2026,2025-12-09,100000,Fotbal Club Metaloglobus București SA,RO1,,,,,,,,,True,
1017320,Mihnea Rădulescu,2025-2026,2025-12-19,750000,U Craiova 1948 Club Sportiv SA,RO1,,,,,,,,,True,
1017813,Shosei Usui,2025-2026,2025-12-15,350000,Avispa Fukuoka,JAP1,,,,,,,,,True,
1018035,Matias Siltanen,2025-2026,2025-11-19,3500000,Djurgårdens Idrottsförening,SE1,,,,,,,,,True,
1018118,Sebastián Urrea,2025-2026,2025-12-05,50000,Deportivo Pereira,COL1,,,,,,,,,True,
1018205,Yuma Tsujioka,2024-2025,2025-06-26,200000,Avispa Fukuoka,JAP1,,,,,,,,,True,
1018224,Wiktor Nowak,2025-2026,2026-03-26,1500000,Wisła Płock Spółka Akcyjna,PL1,,,,,,,,,True,
1018353,Mateusz Pruchniewski,2025-2026,2025-12-08,200000,KKS Lech Poznań Spółka Akcyjna,PL1,,,,,,,,,True,
1018354,Abdulaziz Al-Harbi,2025-2026,2025-12-18,175000,Al-Hazem Sport Club,SA1,,,,,,,,,True,
1018395,Adrian Przyborek,2025-2026,2025-12-08,7000000,Società Sportiva Lazio S.p.A.,IT1,,,,,,,,,True,
1018754,Samuel Gidi,2025-2026,2025-12-11,1800000,Football Club Cincinnati,MLS1,,,,,,,,,True,
1018755,Ryota Inoue,2025-2026,2025-12-15,200000,Tokyo Verdy,JAP1,,,,,,,,,True,
1018782,Keisuke Tada,2025-2026,2025-12-15,200000,Football Club Mito HollyHock,JAP1,,,,,,,,,True,
1018784,Adrian Svanbäck,2025-2026,2026-03-30,1200000,BK Häcken,SE1,,,,,,,,,True,
1018920,Marc Bernal,2025-2026,2026-03-16,30000000,Futbol Club Barcelona,ES1,,,,,,,,,True,
1019468,Dantaye Gilbert,2025-2026,2026-03-24,325000,FK Dukla Praha a.s.,TS1,,,,,,,,,True,
1019470,Wayne Frederick,2025-2026,2025-12-11,175000,Colorado Rapids,MLS1,,,,,,,,,True,
1019485,Miguel Vázquez,2025-2026,2026-03-26,1000000,Club de Futbol América S. A. de C. V.,MEX1,,,,,,,,,True,
1019744,Lautaro Di Lollo,2025-2026,2025-12-17,6000000,Club Atlético Boca Juniors,ARG1,,,,,,,,,True,
1019988,Khaled Al-Asbahi,2025-2026,2025-12-18,125000,Al-Riyadh Saudi Club,SA1,,,,,,,,,True,
1020507,Theo Bergvall,2025-2026,2026-03-17,800000,Football Club Lausanne-Sport,C1,,,,,,,,,True,
1020837,Kevin Jappert,2025-2026,2025-12-17,2500000,Club Atlético Barracas Central,ARG1,,,,,,,,,True,
1020838,Walter Núñez,2025-2026,2025-12-18,750000,Club Atlético Newell’s Old Boys,ARG1,,,,,,,,,True,
1020850,Mohammed Barnawi,2025-2026,2025-12-18,225000,Al-Ittihad Football Club,SA1,,,,,,,,,True,
1020852,Abdulmalik Al-Jaber,2025-2026,2025-12-18,900000,Al-Nassr Football Club,SA1,,,,,,,,,True,
1020855,Osama Al-Mermesh,2025-2026,2025-12-18,50000,Al-Ittihad Football Club,SA1,,,,,,,,,True,
1020859,Mohammed Sulaiman,2025-2026,2025-12-18,700000,Al-Ahli Saudi Football Club,SA1,,,,,,,,,True,
1021017,Tenmu Matsumoto,2025-2026,2025-12-15,500000,V-Varen Nagasaki,JAP1,,,,,,,,,True,
1021132,Kaoru Yamawaki,2024-2025,2024-12-12,75000,Avispa Fukuoka,JAP1,,,,,,,,,True,
1021818,Isaac Pappoe,2025-2026,2025-12-10,250000,Dundee United Football Club,SC1,,,,,,,,,True,
1021819,Alex Opoku Sarfo,2025-2026,2026-03-25,1000000,FK Nizhny Novgorod,RU1,,,,,,,,,True,
1021867,Alf Lukas Grønneberg,2025-2026,2025-12-15,100000,Sandefjord Fotball,NO1,,,,,,,,,True,
1022130,David Korherr,2025-2026,2025-12-22,75000,Turn- und Sportverein Egger Glas Hartberg,A1,,,,,,,,,True,
1022347,Facundo De La Vega,2025-2026,2025-12-17,125000,Club Atlético Aldosivi,ARG1,,,,,,,,,True,
1022383,Luca Langoni,2025-2026,2025-12-11,4000000,New England Revolution,MLS1,,,,,,,,,True,
1022385,Fabricio Oviedo,2025-2026,2025-12-17,275000,Club Atlético Rosario Central,ARG1,,,,,,,,,True,
1022398,Hinata Yamauchi,2025-2026,2025-12-15,200000,Hitachi Kashiwa Reysol,JAP1,,,,,,,,,True,
1022584,Robin González,2025-2026,2025-12-22,850000,HNK Vukovar 1991,KR1,,,,,,,,,True,
1022746,Mathias Tønnessen,2025-2026,2025-12-15,1000000,Tromsø Idrettslag,NO1,,,,,,,,,True,
1022814,Eddy Davis III,2025-2026,2025-12-11,75000,Philadelphia Union,MLS1,,,,,,,,,True,
1022997,Lucas Kubr,2025-2026,2025-12-22,175000,FC Hradec Králové a.s.,TS1,,,,,,,,,True,
1023268,Nathanael Blair,2025-2026,2026-01-13,125000,Central Coast Mariners Football Club,AUS1,,,,,,,,,True,
1023915,Kevin Balanta,2025-2026,2026-03-17,400000,Fortaleza CEIF,COL1,,,,,,,,,True,
1024050,Shungo Sugiura,2025-2026,2025-12-15,125000,Nagoya Grampus Eight,JAP1,,,,,,,,,True,
1024077,Yotaro Nakajima,2025-2026,2025-12-15,700000,Sanfrecce Hiroshima,JAP1,,,,,,,,,True,
1024189,Erik Ridjan,2025-2026,2025-12-22,25000,NK Slaven Belupo Koprivnica,KR1,,,,,,,,,True,
1024198,Luka Jurak,2025-2026,2025-12-22,50000,HNK Hajduk Split,KR1,,,,,,,,,True,
1024266,Riku Gunji,2025-2026,2025-12-15,75000,S-Pulse,JAP1,,,,,,,,,True,
1024285,Adriano Jagusic,2025-2026,2026-03-06,5000000,Panathinaikos Athlitikos Omilos,GR1,,,,,,,,,True,
1024533,Jayden Reid,2025-2026,2025-12-11,300000,Sporting Kansas City,MLS1,,,,,,,,,True,
1024605,André Henrique,2025-2026,2025-12-10,3000000,Grêmio Foot-Ball Porto Alegrense,BRA1,,,,,,,,,True,
1024661,David Falkner,2025-2026,2026-03-10,75000,Wattener Sportgemeinschaft Swarovski Tirol,A1,,,,,,,,,True,
1024721,Se-jin Park,2025-2026,2025-12-16,350000,Gimcheon Sangmu Football Club,RSK1,,,,,,,,,True,
1024926,Kanta Sekitomi,2025-2026,2025-12-15,75000,Yokohama Marinos,JAP1,,,,,,,,,True,
1025001,Yudai Shimamoto,2025-2026,2025-12-15,150000,S-Pulse,JAP1,,,,,,,,,True,
1025037,Toya Myogan,2025-2026,2025-12-15,125000,Kawasaki Frontale,JAP1,,,,,,,,,True,
1025089,Keisuke Nakamura,2025-2026,2025-12-15,50000,Tokyo Verdy,JAP1,,,,,,,,,True,
1025096,Soma Kanda,2025-2026,2025-12-15,100000,Kawasaki Frontale,JAP1,,,,,,,,,True,
1025234,Antonio Verinac,2025-2026,2026-03-17,250000,FC St. Gallen 1879,C1,,,,,,,,,True,
1025989,Stefan Smarkalev,2025-2026,2025-12-15,150000,Sportverein Werder Bremen von 1899,L1,,,,,,,,,True,
1026053,Jannenson Sarmiento,2025-2026,2026-03-17,800000,Junior FC,COL1,,,,,,,,,True,
1026127,Karl Gunnarsson,2025-2026,2025-11-19,650000,Västerås Sportklubb FK,SE1,,,,,,,,,True,
1026246,Anes Cardaklija,2025-2026,2025-11-19,500000,GAIS,SE1,,,,,,,,,True,
1026588,Julius Berthel Askou,2025-2026,2025-12-15,1000000,Odense Boldklub,DK1,,,,,,,,,True,
1026597,Vitus Friis,2025-2026,2025-12-15,25000,Odense Boldklub,DK1,,,,,,,,,True,
1027026,Maik,2025-2026,2025-12-10,2000000,São Paulo Futebol Clube,BRA1,,,,,,,,,True,
1027042,Răzvan Creț,2025-2026,2026-03-27,300000,Asociația Fotbal Club Botoșani,RO1,,,,,,,,,True,
1027076,Miguel García,2025-2026,2025-12-29,2200000,Club Atlético de San Luis,MEX1,,,,,,,,,True,
1027128,Daniel Danihel,2025-2026,2025-12-22,250000,"FK Teplice, a.s.",TS1,,,,,,,,,True,
1027253,Geoffrey Kondo,2025-2026,2026-03-13,2000000,Cercle Brugge Koninklijke Sportvereniging,BE1,,,,,,,,,True,
1027438,Valentín Gauthier,2025-2026,2025-12-29,1200000,Club León Fútbol Club,MEX1,,,,,,,,,True,
1027444,Tristan Panduro,2025-2026,2026-03-13,100000,Sportvereniging Zulte Waregem,BE1,,,,,,,,,True,
1027625,Artem Lyegostayev,2025-2026,2025-12-18,250000,FK Kudrivka-1,UKR1,,,,,,,,,True,
1027708,Jakob Segadal Hansen,2025-2026,2025-12-15,1800000,Viking Fotballklubb,NO1,,,,,,,,,True,
1027880,Tomás O'Connor,2025-2026,2026-03-18,1000000,Club Atlético Gimnasia y Esgrima de Mendoza,ARG1,,,,,,,,,True,
1027881,,2025-2026,2026-03-18,1500000,,,,,,,,,,,True,
1028313,Friday Adams,2025-2026,2025-12-19,400000,Asociația Fotbal Club Botoșani,RO1,,,,,,,,,True,
1028828,,2025-2026,2025-12-16,300000,,,,,,,,,,,True,
1029002,Juan Manuel Cabrera,2025-2026,2025-11-26,200000,Club Atlético Sarmiento,ARG1,,,,,,,,,True,
1029227,Breno Bidon,2025-2026,2026-03-12,22000000,Sport Club Corinthians Paulista,BRA1,,,,,,,,,True,
1029299,Gonzalo González,2023-2024,2024-06-12,25000,Club de Gimnasia y Esgrima La Plata,ARG1,,,,,,,,,True,
1029496,Matías Hernández,2025-2026,2025-12-17,25000,Club Atlético San Lorenzo de Almagro,ARG1,,,,,,,,,True,
1029788,Sondre Granaas,2025-2026,2025-12-15,1200000,Molde Fotballklubb,NO1,,,,,,,,,True,
1029814,Tobías Cervera,2025-2026,2025-12-17,350000,Club Atlético Gimnasia y Esgrima de Mendoza,ARG1,,,,,,,,,True,
1029949,Jake Najdovski,2025-2026,2026-01-13,100000,Adelaide United Football Club,AUS1,,,,,,,,,True,
1030003,Rodrigo López,2025-2026,2026-03-26,2000000,Club Universidad Nacional A. C.,MEX1,,,,,,,,,True,
1030359,Alan Bród,2025-2026,2025-12-08,50000,GKS GieKSa Katowice Spółka Akcyjna,PL1,,,,,,,,,True,
1030663,Yuto Tsunashima,2025-2026,2026-03-13,1500000,Royal Antwerp Football Club,BE1,,,,,,,,,True,
1030933,Ludvig Tidstrand,2025-2026,2026-03-30,200000,Mjällby Almänna Idrottsförening,SE1,,,,,,,,,True,
1030934,Tim Malmström,2023-2024,2023-12-08,25000,Mjällby Almänna Idrottsförening,SE1,,,,,,,,,True,
1031028,Oleksandr Vivdych,2025-2026,2025-12-18,300000,SK Poltava,UKR1,,,,,,,,,True,
1031395,Taiju Yoshida,2025-2026,2025-12-15,100000,Tokyo Verdy,JAP1,,,,,,,,,True,
1031525,Jefry Zapata,2025-2026,2026-03-17,1000000,Once Caldas,COL1,,,,,,,,,True,
1031575,Sebastián Castillo,2025-2026,2025-12-05,700000,TOV FK Metalist 1925 Kharkiv,UKR1,,,,,,,,,True,
1031798,Kilian Toscano,2025-2026,2025-12-05,150000,Independiente Santa Fe,COL1,,,,,,,,,True,
1031802,Juan Torres,2025-2026,2026-03-17,900000,Deportes Tolima,COL1,,,,,,,,,True,
1032334,Haydeer Abdulkareem,2025-2026,2025-12-29,300000,Al-Nassr Football Club,SA1,,,,,,,,,True,
1032405,Leander Alvheim,2025-2026,2025-12-15,400000,Kristiansund Ballklubb,NO1,,,,,,,,,True,
1032804,Sabah Kerjota,2025-2026,2025-12-10,250000,Heart of Midlothian Football Club,SC1,,,,,,,,,True,
1032923,Oskar Leśniak,2025-2026,2026-03-26,450000,Gliwicki Klub Sportowy Piast Spółka Akcyjna,PL1,,,,,,,,,True,
1033123,Eyder Restrepo,2025-2026,2025-12-05,200000,Llaneros FC,COL1,,,,,,,,,True,
1033394,Maksim Boldyrev,2025-2026,2026-03-25,1000000,Akron Togliatti,RU1,,,,,,,,,True,
1034026,Jan Ángulo,2025-2026,2026-03-17,650000,Deportes Tolima,COL1,,,,,,,,,True,
1034052,Mihail Gherasimencov,2025-2026,2025-11-18,150000,Vancouver Whitecaps FC,MLS1,,,,,,,,,True,
1034233,Andrej Pavlovic,2025-2026,2025-12-11,800000,Omladinski fudbalski klub Beograd,SER1,,,,,,,,,True,
1034428,,2025-2026,2026-03-23,75000,,,,,,,,,,,True,
1034443,Seloh Samuel Gbato,2025-2026,2025-12-16,75000,Football Club Seoul,RSK1,,,,,,,,,True,
1034718,Djordje Skoko,2025-2026,2025-12-11,600000,Fudbalski Klub Javor Matis Ivanjica,SER1,,,,,,,,,True,
1034738,Tomas Jelinek,2025-2026,2025-12-22,600000,FK Pardubice,TS1,,,,,,,,,True,
1035012,Kotaro Hayashi,2025-2026,2025-12-15,900000,Zelvia,JAP1,,,,,,,,,True,
1035765,Ilyas Ansah,2025-2026,2025-12-19,12000000,1. Fußballclub Union Berlin,L1,,,,,,,,,True,
1035880,Takuto Kimura,2025-2026,2025-12-15,200000,Yokohama Marinos,JAP1,,,,,,,,,True,
1035924,,2025-2026,2025-12-29,4000000,,,,,,,,,,,True,
1036405,Omar Fayed,2025-2026,2025-12-18,1000000,Futebol Clube de Arouca,PO1,,,,,,,,,True,
1036689,Aleksandar Stancic,2025-2026,2025-12-11,500000,Fudbalski klub TSC Bačka Topola,SER1,,,,,,,,,True,
1037572,Daniil Chevardin,2025-2026,2026-03-25,100000,"Футбольный клуб ""Локомотив"" Москва",RU1,,,,,,,,,True,
1037971,Dmitriy Pestryakov,2025-2026,2025-12-16,3000000,Akron Togliatti,RU1,,,,,,,,,True,
1038308,Michel Mboula,2025-2026,2025-12-15,1000000,Football Club de Metz,FR1,,,,,,,,,True,
1038342,Kirill Obonin,2025-2026,2025-11-18,150000,FK Baltika,RU1,,,,,,,,,True,
1038441,Luka Jovanovic,2025-2026,2026-01-13,900000,Adelaide United Football Club,AUS1,,,,,,,,,True,
1038443,Panashe Madanha,2025-2026,2026-01-13,125000,Adelaide United Football Club,AUS1,,,,,,,,,True,
1038445,Patrick Dulcea,2025-2026,2025-12-19,150000,Asociația Fotbal Club Unirea 04 Slobozia,RO1,,,,,,,,,True,
1038521,Alex Rahm,2025-2026,2025-11-19,75000,Örgryte IS,SE1,,,,,,,,,True,
1038785,Kufre Eta,2025-2026,2025-12-11,500000,Fudbalski Klub Vojvodina,SER1,,,,,,,,,True,
1039047,Haris Berbic,2025-2026,2025-12-17,350000,FC Slovan Liberec,TS1,,,,,,,,,True,
1039275,MyKhi Joyner,2025-2026,2025-12-11,250000,St. Louis City Soccer Club,MLS1,,,,,,,,,True,
1039953,Olger Escobar,2025-2026,2025-12-11,300000,Club de Foot Montréal,MLS1,,,,,,,,,True,
1040204,Nicolás Vallejo,2025-2026,2025-12-18,1800000,Club León Fútbol Club,MEX1,,,,,,,,,True,
1040558,Alin Chinteș,2025-2026,2025-12-19,100000,Asociația Sportivă Fotbal Club Universitatea Cluj,RO1,,,,,,,,,True,
1040566,David Barbu,2025-2026,2025-12-19,250000,U Craiova 1948 Club Sportiv SA,RO1,,,,,,,,,True,
1040607,Nicolás Valencia,2025-2026,2026-03-17,250000,Boyacá Chicó FC,COL1,,,,,,,,,True,
1041475,Ralph Orquin,2025-2026,2025-12-29,2500000,Club de Futbol América S. A. de C. V.,MEX1,,,,,,,,,True,
1041555,Yannis Lawson,2025-2026,2025-12-15,250000,Football Club de Metz,FR1,,,,,,,,,True,
1041630,Prosper Obah,2025-2026,2025-12-18,3000000,FC Shakhtar Donetsk,UKR1,,,,,,,,,True,
1041861,Moussa Yeo,2025-2026,2025-12-22,5000000,Fußballclub Red Bull Salzburg,A1,,,,,,,,,True,
1042472,Salim Musah,2025-2026,2026-03-24,500000,Sportverein Werder Bremen von 1899,L1,,,,,,,,,True,
1042882,Malte Heyde,2025-2026,2025-12-15,25000,Fodbold Club Nordsjælland,DK1,,,,,,,,,True,
1042884,Oliver Højer,2025-2026,2025-12-15,50000,Football Club København,DK1,,,,,,,,,True,
1042885,William Martin,2025-2026,2025-12-15,600000,Odense Boldklub,DK1,,,,,,,,,True,
1042945,Jonathan Shore,2025-2026,2025-12-11,1000000,New York City Football Club,MLS1,,,,,,,,,True,
1043547,Kahuan Vinícius,2024-2025,2025-06-17,325000,MFK Karvina,TS1,,,,,,,,,True,
1043574,Viktor Kun,2025-2026,2026-03-27,300000,Fotbal Club CFR 1907 Cluj SA,RO1,,,,,,,,,True,
1043646,Christian Ordóñez,2025-2026,2025-12-23,6500000,Parma Calcio 1913,IT1,,,,,,,,,True,
1044132,Ricardo Mathias,2025-2026,2026-03-30,8000000,Al-Ahli Saudi Football Club,SA1,,,,,,,,,True,
1044284,Kenan Busuladzic,2025-2026,2026-03-30,500000,Malmö Fotbollförening,SE1,,,,,,,,,True,
1045068,Alexandru Gheorghe,2025-2026,2026-03-27,100000,Fotbal Club Metaloglobus București SA,RO1,,,,,,,,,True,
1045159,Daniel Barat,2025-2026,2025-12-22,275000,1. FC Slovácko,TS1,,,,,,,,,True,
1045167,Filip Sancl,2025-2026,2025-12-22,600000,FC Baník Ostrava a.s.,TS1,,,,,,,,,True,
1045168,Jan Chytry,2025-2026,2025-12-22,500000,MFK Karvina,TS1,,,,,,,,,True,
1045282,Milan Kolarevic,2025-2026,2026-03-26,800000,Fudbalski Klub Vojvodina,SER1,,,,,,,,,True,
1045285,Aston Burns,2025-2026,2025-12-16,100000,Auckland Football Club,AUS1,,,,,,,,,True,
1045322,Zvonimir Katalinic,2025-2026,2025-12-22,150000,NK Slaven Belupo Koprivnica,KR1,,,,,,,,,True,
1045371,Strahinja Lukovic,2025-2026,2025-12-11,75000,Omladinski fudbalski klub Beograd,SER1,,,,,,,,,True,
1045375,Niko Sigur,2025-2026,2025-12-22,4000000,HNK Hajduk Split,KR1,,,,,,,,,True,
1045446,Dmytro Bogdanov,2025-2026,2025-12-19,600000,1. Fußballclub Union Berlin,L1,,,,,,,,,True,
1045505,Boubou Diallo,2025-2026,2025-12-22,200000,FK Dukla Praha a.s.,TS1,,,,,,,,,True,
1045530,Mirko Susak,2025-2026,2025-12-22,400000,NK Lokomotiva Zagreb,KR1,,,,,,,,,True,
1045599,Victor Hugo,2025-2026,2025-12-18,175000,Al-Taawoun Football Club,SA1,,,,,,,,,True,
1045733,Lazar Miladinovic,2025-2026,2026-03-26,750000,Fudbalski klub Napredak Kruševac,SER1,,,,,,,,,True,
1045821,Umut Keseci,2025-2026,2026-03-05,50000,Eyüp Spor Kulübü,TR1,,,,,,,,,True,
1045884,Christian Mba,2025-2026,2025-12-18,400000,TOV FK Metalist 1925 Kharkiv,UKR1,,,,,,,,,True,
1045925,Uros Filipovic,2025-2026,2026-03-26,250000,Fudbalski klub Radnik Surdulica,SER1,,,,,,,,,True,
1045948,Milos Bakic,2025-2026,2025-12-11,25000,Fudbalski Klub IMT Novi Beograd,SER1,,,,,,,,,True,
1045952,Jhojan Torres,2025-2026,2026-03-17,800000,Independiente Santa Fe,COL1,,,,,,,,,True,
1045990,Filip Thorvaldsen,2025-2026,2025-12-15,1200000,Vålerengens Idrettsforening,NO1,,,,,,,,,True,
1046001,Luka Savatovic,2025-2026,2025-12-22,200000,NK Lokomotiva Zagreb,KR1,,,,,,,,,True,
1046042,Cole Mrowka,2025-2026,2025-12-11,125000,Columbus Crew,MLS1,,,,,,,,,True,
1046338,Mateusz Głowiński,2025-2026,2026-03-26,25000,Miejski Klub Sportowy Korona Kielce Spółka Akcyjna,PL1,,,,,,,,,True,
1046464,Jude Terry,2025-2026,2026-02-25,75000,Los Angeles Football Club,MLS1,,,,,,,,,True,
1046572,Malthe Ladefoged,2025-2026,2025-12-15,25000,Fodbold Club Fredericia,DK1,,,,,,,,,True,
1046580,Adriano,2025-2026,2025-12-08,1000000,RKS Raków Częstochowa SA,PL1,,,,,,,,,True,
1046802,Alexis Steimbach,2025-2026,2026-03-18,1000000,Club de Gimnasia y Esgrima La Plata,ARG1,,,,,,,,,True,
1046867,Jan Ziolkowski,2025-2026,2026-03-24,12000000,Associazione Sportiva Roma,IT1,,,,,,,,,True,
1046875,,2025-2026,2025-12-08,250000,,,,,,,,,,,True,
1046884,Cyprian Popielec,2025-2026,2025-12-08,350000,Zagłębie Lubin Spółka Akcyjna,PL1,,,,,,,,,True,
1046963,Bryce Jamison,2025-2026,2025-11-25,450000,Colorado Rapids,MLS1,,,,,,,,,True,
1047257,Rio Cardines,2025-2026,2025-12-09,300000,Crystal Palace Football Club,GB1,,,,,,,,,True,
1047861,Watts,2025-2026,2025-12-18,200000,Clube Desportivo Nacional,PO1,,,,,,,,,True,
1048442,Bolu Ogungbayi,2025-2026,2025-12-22,200000,"FK Mladá Boleslav, a.s.",TS1,,,,,,,,,True,
1048444,Mohammed Marzuq Yahaya,2025-2026,2026-03-24,50000,FK Pardubice,TS1,,,,,,,,,True,
1048583,Marino Skelin,2025-2026,2025-12-22,100000,HNK Hajduk Split,KR1,,,,,,,,,True,
1048618,Philipp Maybach,2025-2026,2026-03-10,1500000,Fußballklub Austria Wien,A1,,,,,,,,,True,
1048807,Luka Curkovic,2025-2026,2025-12-22,50000,NK Slaven Belupo Koprivnica,KR1,,,,,,,,,True,
1049104,Zakaria Taifi,2025-2026,2025-12-11,200000,Orlando City Soccer Club,MLS1,,,,,,,,,True,
1049404,Thiago Espinosa,2025-2026,2025-12-18,1200000,Club de Futbol América S. A. de C. V.,MEX1,,,,,,,,,True,
1049764,Konstantinos Grozos,2025-2026,2025-12-12,50000,Athlitiki Enosi Larisas,GR1,,,,,,,,,True,
1049797,Kadir Gicic,2025-2026,2026-03-26,100000,Fudbalski Klub IMT Novi Beograd,SER1,,,,,,,,,True,
1049831,Maizon Rodríguez,2025-2026,2026-03-18,1200000,Club Atlético Unión,ARG1,,,,,,,,,True,
1049965,Gora Diouf,2025-2026,2026-03-13,2500000,Yellow-Red Koninklijke Voetbalclub Mechelen,BE1,,,,,,,,,True,
1050051,Fabricio Iacovich,2025-2026,2026-03-18,500000,Club Estudiantes de La Plata,ARG1,,,,,,,,,True,
1050131,Lucas Scicluna,2025-2026,2026-01-13,50000,Newcastle United Jets Football Club,AUS1,,,,,,,,,True,
1050373,Allen Obando,2025-2026,2025-12-11,1500000,NK Istra 1961,KR1,,,,,,,,,True,
1050404,Rok Storman,2025-2026,2026-03-24,1000000,MFK Karvina,TS1,,,,,,,,,True,
1050693,Iustin Doicaru,2025-2026,2025-12-19,100000,F.C.V. Farul Constanța SA,RO1,,,,,,,,,True,
1051322,Robert Santos,2025-2026,2025-11-24,1000000,Associação Chapecoense de Futebol,BRA1,,,,,,,,,True,
1051402,Hisham Al-Dubais,2025-2026,2025-12-18,175000,Al-Najma Sport Club,SA1,,,,,,,,,True,
1051639,Viktor Bender,2025-2026,2026-03-16,300000,Molde Fotballklubb,NO1,,,,,,,,,True,
1051640,Hjalte Boe Rasmussen,2025-2026,2025-12-15,50000,Fodbold Club Nordsjælland,DK1,,,,,,,,,True,
1051841,Gendry Cuervo,2025-2026,2025-12-05,400000,Envigado FC,COL1,,,,,,,,,True,
1052339,Rui Araki,2025-2026,2025-09-25,75000,Gamba Osaka,JAP1,,,,,,,,,True,
1052350,Nick Rothweiler,2025-2026,2025-12-19,250000,1. Fußballclub Heidenheim 1846,L1,,,,,,,,,True,
1052377,Juraj Badelj,2025-2026,2025-12-19,1000000,U Craiova 1948 Club Sportiv SA,RO1,,,,,,,,,True,
1052387,Myroslav Serdyuk,2025-2026,2025-12-18,400000,FK Kudrivka-1,UKR1,,,,,,,,,True,
1052394,Djordje Skocajic,2025-2026,2025-12-11,100000,Fudbalski klub Napredak Kruševac,SER1,,,,,,,,,True,
1052439,Kendry Páez,2025-2026,2026-03-18,9000000,Club Atlético River Plate,ARG1,,,,,,,,,True,
1052493,Artem Khmarin,2025-2026,2025-12-16,400000,FK Krasnodar,RU1,,,,,,,,,True,
1052494,Artem Sidorenko,2025-2026,2026-03-02,250000,FK Nizhny Novgorod,RU1,,,,,,,,,True,
1052798,Stefan Mladenovic,2025-2026,2025-12-11,600000,Fudbalski klub TSC Bačka Topola,SER1,,,,,,,,,True,
1052803,Sam de Laat,2025-2026,2025-12-02,75000,Nijmegen Eendracht Combinatie,NL1,,,,,,,,,True,
1052819,Léo Derik,2025-2026,2026-03-12,1000000,Clube Atlético Paranaense,BRA1,,,,,,,,,True,
1053160,Ibrahima Diaby,2025-2026,2026-03-13,1000000,Cercle Brugge Koninklijke Sportvereniging,BE1,,,,,,,,,True,
1053206,Oumar Camara,2025-2026,2026-03-19,5000000,Vitória Sport Clube,PO1,,,,,,,,,True,
1053536,Rogelio Cortéz,2025-2026,2025-12-29,600000,Impulsora del Deportivo Necaxa S.A. de C.V.,MEX1,,,,,,,,,True,
1053568,Joseph Jones,2025-2026,2026-03-23,600000,FK Kryvbas Kryvyi Rig,UKR1,,,,,,,,,True,
1053759,Johan Martínez,2025-2026,2026-03-17,1500000,Deportivo Cali,COL1,,,,,,,,,True,
1053933,Ruan,2025-2026,2026-03-05,2000000,Alanyaspor,TR1,,,,,,,,,True,
1054467,Cooper Sanchez,2025-2026,2026-03-16,400000,Atlanta United Football Club,MLS1,,,,,,,,,True,
1054470,Julian Hall,2025-2026,2025-12-11,1000000,Red Bull New York,MLS1,,,,,,,,,True,
1054471,Christopher Cupps,2025-2026,2025-12-11,100000,Chicago Fire Soccer Club,MLS1,,,,,,,,,True,
1054541,Luca Moisa,2025-2026,2026-02-25,300000,Real Salt Lake,MLS1,,,,,,,,,True,
1054907,Furkan Orak,2025-2026,2025-12-17,250000,Çaykur Rizespor Kulübü,TR1,,,,,,,,,True,
1054917,Kevin Cuesta,2025-2026,2026-03-17,500000,Once Caldas,COL1,,,,,,,,,True,
1054934,Maroan Sannadi,2025-2026,2025-12-12,5000000,Athletic Club Bilbao,ES1,,,,,,,,,True,
1055220,Fran González,2025-2026,2026-03-18,3000000,Real Madrid Club de Fútbol,ES1,,,,,,,,,True,
1055233,Jesper Tielemans,2025-2026,2026-03-11,50000,Football Club Volendam,NL1,,,,,,,,,True,
1055235,Key-Shawn Wong-A-Soij,2025-2026,2025-12-02,50000,Football Club Volendam,NL1,,,,,,,,,True,
1055320,Waldo Madrid,2025-2026,2025-12-22,150000,Querétaro Fútbol Club,MEX1,,,,,,,,,True,
1056184,Baba Salifu Apiiga,2025-2026,2025-11-19,150000,Idrottsföreningen  Brommapojkarna,SE1,,,,,,,,,True,
1056187,,2025-2026,2025-11-19,100000,,,,,,,,,,,True,
1056224,Dimitri Valkanis,2025-2026,2026-01-13,350000,Brisbane Roar FC,AUS1,,,,,,,,,True,
1056486,Noa Skoko,2025-2026,2025-12-22,50000,HNK Hajduk Split,KR1,,,,,,,,,True,
1056490,Roko Valincic,2025-2026,2025-12-30,50000,Hrvatski Nogometni Klub Rijeka,KR1,,,,,,,,,True,
1056494,Rajan Zlibanovic,2025-2026,2025-12-30,75000,Hrvatski Nogometni Klub Rijeka,KR1,,,,,,,,,True,
1056641,Sander Østraat,2025-2026,2025-12-15,50000,Hamarkameratene,NO1,,,,,,,,,True,
1056759,Andy Rojas,2025-2026,2025-12-11,1000000,Red Bull New York,MLS1,,,,,,,,,True,
1056807,Gustavo Caraballo,2025-2026,2025-12-11,250000,Orlando City Soccer Club,MLS1,,,,,,,,,True,
1056993,Estêvão,2025-2026,2025-12-09,80000000,Chelsea Football Club,GB1,,,,,,,,,True,
1057316,Franco Mastantuono,2025-2026,2026-03-16,45000000,Real Madrid Club de Fútbol,ES1,,,,,,,,,True,
1057525,Enrique Aguilar,2025-2026,2025-12-22,1000000,Fußballclub Red Bull Salzburg,A1,,,,,,,,,True,
1057849,Zakaria Hawsawi,2025-2026,2026-03-30,1000000,Al-Ahli Saudi Football Club,SA1,,,,,,,,,True,
1058034,Ali Al-Salem,2025-2026,2025-12-18,200000,Al-Khaleej Club (Saihat),SA1,,,,,,,,,True,
1058345,Abdulaziz Noor,2025-2026,2025-12-18,500000,Neom Sports Club,SA1,,,,,,,,,True,
1058359,Samuele Inácio,2025-2026,2026-02-28,3000000,Borussia Dortmund,L1,,,,,,,,,True,
1058514,Montrell Culbreath,2025-2026,2026-03-20,5000000,Bayer 04 Leverkusen Fußball,L1,,,,,,,,,True,
1058520,Otto Stange,2025-2026,2025-12-16,2500000,Hamburger Sport Verein,L1,,,,,,,,,True,
1058742,Jan Zíka,2025-2026,2025-12-22,850000,"FK Mladá Boleslav, a.s.",TS1,,,,,,,,,True,
1058791,Andreas Redkin,2025-2026,2025-11-19,200000,Allmänna Idrottsklubben,SE1,,,,,,,,,True,
1058851,Milos Soprenic,2025-2026,2026-03-26,100000,Fudbalski klub TSC Bačka Topola,SER1,,,,,,,,,True,
1059056,Ali Azaizeh,2025-2026,2026-01-23,200000,Al-Shabab Club,SA1,,,,,,,,,True,
1059172,Ahmed Ouattara Kossonou,2025-2026,2026-03-06,400000,Athlitiki Enosi Larisas,GR1,,,,,,,,,True,
1059224,Federico Laurelli,2025-2026,2025-11-26,25000,Club Atlético Aldosivi,ARG1,,,,,,,,,True,
1059814,Kelliano,2025-2026,2025-12-16,800000,Club Football Estrela da Amadora,PO1,Kelliano,2023-2024,2024-06-06,400000.0,RFK Akhmat Grozny,RU1,-400000.0,-0.5,True,
1060083,Georgios Kouraklis,2025-2026,2025-12-29,100000,Olympiakos Syndesmos Filathlon Peiraios,GR1,,,,,,,,,True,
1060279,Rubio España,2025-2026,2025-12-05,300000,Envigado FC,COL1,,,,,,,,,True,
1060671,Gun-hee Kim,2025-2026,2025-12-16,450000,Incheon United Football Club,RSK1,,,,,,,,,True,
1060759,Rodolfo Lippo,2025-2026,2025-12-29,175000,Football Club Lausanne-Sport,C1,,,,,,,,,True,
1060899,Hamed Al-Shanqity,2025-2026,2025-12-18,225000,Al-Ittihad Football Club,SA1,,,,,,,,,True,
1060901,Ahmed Al-Julaydan,2025-2026,2026-03-30,700000,Al-Ittihad Football Club,SA1,,,,,,,,,True,
1060930,Faisal Al-Subiani,2025-2026,2025-12-18,325000,Al-Shabab Club,SA1,,,,,,,,,True,
1060983,Emmanuel Tsimba,2025-2026,2025-12-29,500000,Grasshopper Club Zürich,C1,,,,,,,,,True,
1061025,Yaseen Al-Zubaidi,2025-2026,2025-12-18,125000,Al-Ahli Saudi Football Club,SA1,,,,,,,,,True,
1061048,Rhodri Smith,2025-2026,2025-12-29,800000,Fussballclub Winterthur,C1,,,,,,,,,True,
1061068,Joel Ruiz,2025-2026,2025-10-20,100000,FC St. Gallen 1879,C1,,,,,,,,,True,
1061122,Adrián Liso,2025-2026,2026-03-16,6000000,Getafe Club de Fútbol S. A. D. Team Dubai,ES1,,,,,,,,,True,
1061123,Pau Sans,2025-2026,2025-12-30,1500000,Klub Sportowy Cracovia Spółka Akcyjna,PL1,,,,,,,,,True,
1061283,Mateo Flores,2025-2026,2025-12-18,1000000,Futebol Clube de Arouca,PO1,,,,,,,,,True,
1061378,Jonatás Noro,2025-2026,2025-12-18,1000000,Sporting Clube de Braga,PO1,,,,,,,,,True,
1061462,Mohammed Abu Abd,2025-2026,2025-12-18,225000,Al-Okhdood Club,SA1,,,,,,,,,True,
1061515,Issei Kumatoriya,2025-2026,2025-12-15,100000,Tokyo Verdy,JAP1,,,,,,,,,True,
1061623,Nazar Kasarda,2025-2026,2025-12-18,50000,FC Rukh Lviv,UKR1,,,,,,,,,True,
1061629,Maksym Boyko,2025-2026,2026-03-23,200000,FC Rukh Lviv,UKR1,,,,,,,,,True,
1061721,Indrit Mavraj,2025-2026,2025-12-11,100000,Klub Sportowy Lechia Gdańsk,PL1,,,,,,,,,True,
1061763,Nikolai Skuseth,2025-2026,2025-12-15,300000,Sarpsborg 08 Fotballforening,NO1,,,,,,,,,True,
1061820,Lorenzo Venturino,2025-2026,2026-03-24,4500000,Associazione Sportiva Roma,IT1,,,,,,,,,True,
1061839,David Sotelo,2025-2026,2025-12-17,250000,Club Atlético Newell’s Old Boys,ARG1,,,,,,,,,True,
1061975,Mathias de Amorim,2025-2026,2025-12-18,6000000,Futebol Clube de Famalicão,PO1,,,,,,,,,True,
1063292,Deniz Gül,2025-2026,2025-12-18,6000000,Futebol Clube do Porto,PO1,,,,,,,,,True,
1063338,Carlos Espí,2025-2026,2026-03-16,2500000,Levante Unión Deportiva S.A.D.,ES1,,,,,,,,,True,
1063340,Kareem Tunde,2025-2026,2026-03-16,1000000,Levante Unión Deportiva S.A.D.,ES1,,,,,,,,,True,
1063475,Mouhamed Tidjane Traore,2025-2026,2026-03-24,400000,FK Dukla Praha a.s.,TS1,,,,,,,,,True,
1063481,Francisco Valenzuela,2025-2026,2026-03-05,50000,Dundee Football Club,SC1,,,,,,,,,True,
1063553,Pau Cabanes,2025-2026,2025-12-12,800000,Villarreal Club de Fútbol S.A.D.,ES1,,,,,,,,,True,
1063620,Keisuke Tsukui,2025-2026,2025-12-15,375000,Kashima Antlers FC,JAP1,,,,,,,,,True,
1063676,Joe Bevan,2025-2026,2025-12-17,75000,Dundee Football Club,SC1,,,,,,,,,True,
1063811,Miguelito,2025-2026,2026-03-12,5000000,Santos Futebol Clube,BRA1,,,,,,,,,True,
1063834,Patrik Dulay,2025-2026,2025-12-22,400000,FC Slovan Liberec,TS1,,,,,,,,,True,
1064105,Miguel Ángel Sierra,2025-2026,2026-03-18,300000,Sevilla Fútbol Club S.A.D.,ES1,,,,,,,,,True,
1064181,Kevin Vázquez,2025-2026,2025-12-17,325000,Club Sportivo Independiente Rivadavia,ARG1,,,,,,,,,True,
1064184,Ayoni Santos,2025-2026,2026-03-11,1300000,Sparta Rotterdam,NL1,,,,,,,,,True,
1064191,Tomás Avilés,2025-2026,2025-12-11,4500000,Club de Foot Montréal,MLS1,,,,,,,,,True,
1064246,Geovanni Pérez,2025-2026,2025-12-29,500000,Club Santos Laguna S. A. de C. V.,MEX1,,,,,,,,,True,
1064285,Francisco Méndez,2025-2026,2025-12-22,150000,Impulsora del Deportivo Necaxa S.A. de C.V.,MEX1,,,,,,,,,True,
1064377,Paul Okon-Engstler,2025-2026,2026-01-13,800000,Sydney Football Club,AUS1,,,,,,,,,True,
1064381,James Nieuwenhuizen,2025-2026,2026-01-13,50000,Melbourne City Football Club,AUS1,,,,,,,,,True,
1064464,Mateusz Dziewiatowski,2025-2026,2025-12-08,400000,Zagłębie Lubin Spółka Akcyjna,PL1,,,,,,,,,True,
1064471,Fer López,2025-2026,2025-12-09,16000000,Real Club Celta de Vigo S. A. D.,ES1,,,,,,,,,True,
1064506,Adam Boayar,2025-2026,2026-03-16,800000,Elche Club de Fútbol S.A.D.,ES1,,,,,,,,,True,
1064930,Freitas,2025-2026,2025-11-24,50000,Fluminense Football Club,BRA1,,,,,,,,,True,
1064936,Gonzalo Morales,2025-2026,2025-12-17,1000000,Club Atlético Barracas Central,ARG1,,,,,,,,,True,
1065039,Kenyel Michel,2025-2026,2025-12-30,1000000,Minnesota United FC,MLS1,,,,,,,,,True,
1065043,Pontus Dahbo,2025-2026,2025-11-19,2500000,BK Häcken,SE1,,,,,,,,,True,
1065143,Thibaud Sergeant,2025-2026,2025-12-10,50000,Sportvereniging Zulte Waregem,BE1,,,,,,,,,True,
1065144,Arnaud Dobbels,2025-2026,2025-12-10,50000,Sportvereniging Zulte Waregem,BE1,,,,,,,,,True,
1065319,Denis Bordun,2025-2026,2025-12-19,150000,SC Oţelul Galaţi,RO1,,,,,,,,,True,
1065383,Ariel Gamarra,2025-2026,2025-12-29,500000,Club de Futbol Puebla de La Franja,MEX1,,,,,,,,,True,
1065536,Ángel Saavedra,2025-2026,2025-12-29,200000,Mazatlán Futbol Club,MEX1,,,,,,,,,True,
1065761,Guilherme Neiva,2025-2026,2025-12-18,200000,AVS Futebol SAD,PO1,,,,,,,,,True,
1065802,Wesley Santos,2025-2026,2025-12-10,100000,Mirasol Futebol Clube,BRA1,,,,,,,,,True,
1065823,Majed Qasheesh,2025-2026,2025-12-18,250000,Al-Fateh Club,SA1,,,,,,,,,True,
1065825,Ahmed Al-Shamrani,2025-2026,2026-03-30,150000,Al-Hazem Sport Club,SA1,,,,,,,,,True,
1066142,Dominik Pech,2025-2026,2025-12-29,2000000,Berner Sport Club Young Boys,C1,,,,,,,,,True,
1066198,Ali Makki,2025-2026,2025-12-18,200000,Al-Shabab Club,SA1,,,,,,,,,True,
1066358,Kevin Picón,2025-2026,2026-03-26,800000,Club Santos Laguna S. A. de C. V.,MEX1,,,,,,,,,True,
1066835,Pachanga Kristensen,2025-2026,2025-12-15,25000,Sønderjyske Fodbold,DK1,,,,,,,,,True,
1066861,Arion Sulemani,2025-2026,2026-01-13,150000,Perth Glory Football Club,AUS1,,,,,,,,,True,
1066862,Emin Durakovic,2025-2026,2026-01-13,250000,Melbourne City Football Club,AUS1,,,,,,,,,True,
1066904,Jaurès Assoumou,2025-2026,2026-03-05,2000000,Samsunspor,TR1,,,,,,,,,True,
1066953,Mateo Chávez,2025-2026,2026-03-11,4000000,Alkmaar Zaanstreek,NL1,,,,,,,,,True,
1067259,Jeevan Badwal,2025-2026,2025-12-11,600000,Vancouver Whitecaps FC,MLS1,,,,,,,,,True,
1067266,Liam MacKenzie,2025-2026,2025-12-11,100000,Vancouver Whitecaps FC,MLS1,,,,,,,,,True,
1067293,Ramon Erdei,2025-2026,2025-12-19,10000,Asociația Futball Klub Csíkszereda Miercurea Ciuc,RO1,,,,,,,,,True,
1067605,Fernando González,2025-2026,2025-12-29,350000,Querétaro Fútbol Club,MEX1,,,,,,,,,True,
1067902,Sankara Karamoko,2025-2026,2025-12-11,600000,Fudbalski Klub IMT Novi Beograd,SER1,,,,,,,,,True,
1068088,Patricio Albornoz,2023-2024,2024-06-26,10000,Club Atlético Tucumán,ARG1,,,,,,,,,True,
1068089,Samuel Lucero,2025-2026,2026-03-18,250000,Club Social y Deportivo Defensa y Justicia,ARG1,,,,,,,,,True,
1068245,Umeh Emmanuel,2025-2026,2025-12-29,1500000,FC Zürich,C1,,,,,,,,,True,
1068257,Jakub Zielinski,2025-2026,2026-01-15,500000,Verein für Leibesübungen Wolfsburg,L1,,,,,,,,,True,
1068272,Cristian Caicedo,2025-2026,2025-12-16,100000,Rionegro Águilas,COL1,,,,,,,,,True,
1068860,Medin Gashi,2025-2026,2025-12-22,300000,HNK Gorica,KR1,,,,,,,,,True,
1069502,Måns Isaksson,2023-2024,2023-12-08,200000,Mjällby Almänna Idrottsförening,SE1,,,,,,,,,True,
1069503,Neo Jönsson,2025-2026,2026-03-30,200000,IK Sirius,SE1,,,,,,,,,True,
1069508,Bleon Kurtulus,2025-2026,2026-03-30,1200000,Malmö Fotbollförening,SE1,,,,,,,,,True,
1069801,Olwethu Makhanya,2025-2026,2025-12-11,2000000,Philadelphia Union,MLS1,,,,,,,,,True,
1070002,Michał Niedbała,2025-2026,2025-12-08,25000,Miejski Klub Sportowy Korona Kielce Spółka Akcyjna,PL1,,,,,,,,,True,
1070637,Aleksa Kuljanin,2025-2026,2025-12-11,1200000,Železničar Pančevo,SER1,,,,,,,,,True,
1070979,Wael Mohya,2025-2026,2026-03-20,10000000,Borussia Verein für Leibesübungen 1900 Mönchengladbach,L1,,,,,,,,,True,
1070983,Armando Güner,2025-2026,2026-03-05,500000,Galatasaray Spor Kulübü,TR1,,,,,,,,,True,
1071293,Jorge Rivaldo,2025-2026,2026-03-17,1000000,Rionegro Águilas,COL1,,,,,,,,,True,
1071300,Aboubacar Traore,2025-2026,2026-03-24,750000,MFK Karvina,TS1,,,,,,,,,True,
1071331,Brayan Murillo,2025-2026,2025-12-05,50000,Envigado FC,COL1,,,,,,,,,True,
1071430,Lassine Diarra,2025-2026,2025-12-15,50000,Olympique Lyonnais,FR1,,,,,,,,,True,
1071596,Dro Fernández,2025-2026,2025-12-12,10000000,Paris Saint-Germain Football Club,FR1,,,,,,,,,True,
1071651,Ousmane Sow,2025-2026,2025-12-08,1500000,Brøndby Idrætsforening,DK1,,,,,,,,,True,
1071742,Adem Arous,2025-2026,2026-03-05,1000000,Kasımpaşa A.Ş.,TR1,,,,,,,,,True,
1071956,Emmanuel Biumla,2025-2026,2025-12-15,3000000,Angers Sporting Club de l'Ouest,FR1,,,,,,,,,True,
1072185,Elohim Kaboré,2025-2026,2026-03-23,700000,Hammarby IF,SE1,,,,,,,,,True,
1072724,John Mellberg,2025-2026,2025-12-22,2000000,Fußballclub Red Bull Salzburg,A1,,,,,,,,,True,
1072725,Charlie Nildén,2025-2026,2025-11-19,50000,IK Sirius,SE1,,,,,,,,,True,
1072751,Viktor Dadason,2025-2026,2025-12-15,3000000,Football Club København,DK1,,,,,,,,,True,
1072837,Jan Harustak,2025-2026,2025-12-22,200000,"FK Mladá Boleslav, a.s.",TS1,,,,,,,,,True,
1073023,Radoslaw Zelezny,2025-2026,2025-12-23,200000,Associazione Sportiva Roma,IT1,,,,,,,,,True,
1073115,Yanis da Rocha,2025-2026,2025-12-18,200000,Sporting Clube de Braga,PO1,,,,,,,,,True,
1073176,Oumar Pona,2025-2026,2026-01-15,100000,Angers Sporting Club de l'Ouest,FR1,,,,,,,,,True,
1073177,Mauricio González,2025-2026,2025-12-05,900000,Minnesota United FC,MLS1,,,,,,,,,True,
1073295,Keelan Adams,2025-2026,2025-12-10,250000,Falkirk Football & Athletic Club,SC1,,,,,,,,,True,
1073378,Anisse Saidi,2025-2026,2025-12-11,300000,San Diego Football Club,MLS1,,,,,,,,,True,
1073397,Kenan Bilalovic,2025-2026,2025-12-10,500000,Aberdeen Football Club,SC1,,,,,,,,,True,
1073555,Lucas Palavecino,2025-2026,2025-12-17,25000,Club Atlético Banfield,ARG1,,,,,,,,,True,
1073573,Jae-sang Jeong,2025-2026,2025-12-16,125000,Ulsan Hyundai Football Club,RSK1,,,,,,,,,True,
1073602,Kayode Saliman,2025-2026,2025-12-11,400000,Fudbalski Klub Javor Matis Ivanjica,SER1,,,,,,,,,True,
1073625,Aleksa Damjanovic,2025-2026,2026-03-26,5000000,Fudbalski klub Crvena zvezda Beograd,SER1,,,,,,,,,True,
1073631,Filip Matijasevic,2025-2026,2026-03-26,3000000,Fudbalski klub Čukarički Beograd,SER1,,,,,,,,,True,
1073632,Vasilije Kostov,2025-2026,2026-03-26,18000000,Fudbalski klub Crvena zvezda Beograd,SER1,,,,,,,,,True,
1073633,Luka Zaric,2025-2026,2026-03-26,1500000,Fudbalski klub Crvena zvezda Beograd,SER1,,,,,,,,,True,
1073747,Dominik Sarapata,2025-2026,2025-12-15,3000000,Wisła Płock Spółka Akcyjna,PL1,,,,,,,,,True,
1073748,Kacper Potulski,2025-2026,2026-03-20,12000000,1. Fußball- und Sportverein Mainz 05,L1,,,,,,,,,True,
1073752,Kamil Jakóbczyk,2025-2026,2025-12-08,250000,KKS Lech Poznań Spółka Akcyjna,PL1,,,,,,,,,True,
1073910,Ionuț Cercel,2025-2026,2025-12-19,500000,SC Fotbal Club FCSB SA,RO1,,,,,,,,,True,
1074045,Maksym Korobov,2025-2026,2026-03-23,600000,Futbolniy Klub Dynamo Kyiv,UKR1,,,,,,,,,True,
1074496,Juanse Rodríguez,2025-2026,2025-12-18,1000000,Clube Desportivo de Tondela,PO1,,,,,,,,,True,
1074501,Cristhian Loor,2025-2026,2025-12-10,350000,S. A. F. Botafogo,BRA1,,,,,,,,,True,
1074505,Jair Collahuazo,2025-2026,2026-03-23,150000,FK Kudrivka-1,UKR1,,,,,,,,,True,
1074526,Viggo Gebel,2025-2026,2025-12-19,350000,RasenBallsport Leipzig,L1,,,,,,,,,True,
1074628,Arthur Avom,2025-2026,2026-03-27,15000000,Football Club Lorient-Bretagne Sud,FR1,,,,,,,,,True,
1074923,Andrés Aedo,2025-2026,2026-03-17,200000,Boyacá Chicó FC,COL1,,,,,,,,,True,
1074965,Maximiliano Porcel,2025-2026,2025-12-17,75000,Club Atlético Vélez Sársfield,ARG1,,,,,,,,,True,
1074966,Valentino Acuña,2025-2026,2025-12-17,1700000,Club Atlético Newell’s Old Boys,ARG1,,,,,,,,,True,
1074967,Gustavo Albarracín,2025-2026,2025-12-30,300000,Club Atlético Talleres,ARG1,,,,,,,,,True,
1074969,Ian Subiabre,2025-2026,2026-03-18,3500000,Club Atlético River Plate,ARG1,,,,,,,,,True,
1074990,Luca Reggiani,2025-2026,2026-03-20,5000000,Borussia Dortmund,L1,,,,,,,,,True,
1075007,Mamadou Ousmane Diagne,2025-2026,2025-11-19,650000,Västerås Sportklubb FK,SE1,,,,,,,,,True,
1075575,Marius Courcoul,2025-2026,2026-03-27,2500000,Angers Sporting Club de l'Ouest,FR1,,,,,,,,,True,
1075583,Seny Koumbassa,2025-2026,2026-03-27,1000000,Toulouse Football Club,FR1,,,,,,,,,True,
1075793,Dimitrios Chatsidis,2025-2026,2026-03-06,750000,Panthessalonikios Athlitikos Omilos Konstantinoupoliton,GR1,,,,,,,,,True,
1075884,João Aragão,2025-2026,2025-12-22,500000,Sporting Clube de Braga,PO1,,,,,,,,,True,
1076039,David Galiatsos,2025-2026,2025-12-12,250000,Panetolikos Agrinio,GR1,,,,,,,,,True,
1076179,Konstantinos Angelakis,2025-2026,2025-12-29,200000,Olympiakos Syndesmos Filathlon Peiraios,GR1,,,,,,,,,True,
1076199,Dimitrios Bataoulas,2025-2026,2025-12-29,200000,Panthessalonikios Athlitikos Omilos Konstantinoupoliton,GR1,,,,,,,,,True,
1076214,Anestis Mythou,2025-2026,2026-03-06,1000000,Panthessalonikios Athlitikos Omilos Konstantinoupoliton,GR1,,,,,,,,,True,
1076521,Damjan Djokanovic,2025-2026,2025-12-11,300000,Fudbalski Klub Vojvodina,SER1,,,,,,,,,True,
1077175,Honest Ahanor,2025-2026,2025-12-23,25000000,Atalanta Bergamasca Calcio S.p.a.,IT1,,,,,,,,,True,
1077355,Tristan Vidackovic,2025-2026,2026-01-13,50000,Western Sydney Wanderers,AUS1,,,,,,,,,True,
1077364,Konstantinos Lykourinos,2025-2026,2025-12-12,50000,Volou Neos Podosferikos Syllogos,GR1,,,,,,,,,True,
1077461,Giannis Bokos,2025-2026,2026-03-06,300000,Panathinaikos Athlitikos Omilos,GR1,,,,,,,,,True,
1077465,Thiago Romano,2025-2026,2026-03-06,200000,Omilos Filathlon Irakliou FC,GR1,,,,,,,,,True,
1077556,Argyrios Liatsikouras,2025-2026,2025-12-29,250000,Olympiakos Syndesmos Filathlon Peiraios,GR1,,,,,,,,,True,
1077560,Stavros Pnevmonidis,2025-2026,2025-12-12,1000000,APS Atromitos Athinon,GR1,,,,,,,,,True,
1078218,Simon Sloncik,2025-2026,2025-12-22,600000,MFK Karvina,TS1,,,,,,,,,True,
1078831,Matviy Panchenko,2025-2026,2025-12-18,200000,TOV FK Metalist 1925 Kharkiv,UKR1,,,,,,,,,True,
1079362,Eamonn McCarron,2025-2026,2026-01-13,150000,Wellington Phoenix Football Club,AUS1,,,,,,,,,True,
1079487,Diego Torres,2025-2026,2025-12-05,25000,Alianza FC,COL1,,,,,,,,,True,
1079530,Domagoj Begonja,2025-2026,2025-12-22,50000,NK Varazdin,KR1,,,,,,,,,True,
1080107,Timofey Marinkin,2025-2026,2026-03-25,600000,FK Dinamo Moskva,RU1,,,,,,,,,True,
1081496,Pablo Agudín,2025-2026,2026-03-18,800000,Real Oviedo S.A.D.,ES1,,,,,,,,,True,
1081995,Mohamadou Kanté,2025-2026,2025-12-17,300000,West Ham United Football Club,GB1,,,,,,,,,True,
1082114,Ante Kavelj,2025-2026,2025-12-22,650000,HNK Gorica,KR1,,,,,,,,,True,
1082543,Dyogo Alves,2025-2026,2025-12-10,400000,Clube de Regatas do Flamengo,BRA1,,,,,,,,,True,
1082581,Pedro Felipe,2025-2026,2025-12-17,700000,Unione Sportiva Sassuolo Calcio,IT1,,,,,,,,,True,
1082582,Gustavo Mancha,2025-2026,2025-12-12,1000000,Rio Ave Futebol Clube,PO1,,,,,,,,,True,
1082593,Vinicinho,2025-2026,2025-12-10,3500000,Red Bull Bragantino,BRA1,,,,,,,,,True,
1082597,Fabrício Yan,2025-2026,2026-03-23,200000,NK Veres Rivne,UKR1,,,,,,,,,True,
1082602,Wallace Yan,2025-2026,2025-12-10,6000000,Clube de Regatas do Flamengo,BRA1,,,,,,,,,True,
1082625,Patrick,2025-2026,2025-12-10,1500000,Clube Atlético Mineiro,BRA1,,,,,,,,,True,
1082631,Allan,2025-2026,2026-03-12,15000000,Sociedade Esportiva Palmeiras,BRA1,,,,,,,,,True,
1082700,Kayke,2025-2026,2026-03-12,1500000,Sport Club Corinthians Paulista,BRA1,,,,,,,,,True,
1082774,Amorim,2025-2026,2026-03-24,6500000,Genoa Cricket and Football Club,IT1,,,,,,,,,True,
1082820,Italo Vargas,2025-2026,2026-03-12,1000000,Associação Chapecoense de Futebol,BRA1,,,,,,,,,True,
1082832,Ryan,2025-2026,2025-12-18,400000,Chornomorets Odesa,UKR1,Ryan Carlos,2025-2026,2025-12-18,400000.0,Esporte Clube Bahia,BRA1,0.0,0.0,True,
1082993,Findlay Curtis,2025-2026,2026-03-05,900000,Kilmarnock Football Club,SC1,Findlay Curtis,2025-2026,2025-12-10,750000.0,Rangers Football Club,SC1,-150000.0,-0.16666666666666666,True,
1083068,Pablo Ruan,2025-2026,2025-12-18,500000,Clube Desportivo Nacional,PO1,,,,,,,,,True,
1083095,Tiago,2025-2026,2025-12-10,3000000,Orlando City Soccer Club,MLS1,,,,,,,,,True,
1083207,Jonathan Jesus,2025-2026,2026-03-12,3000000,Cruzeiro Esporte Clube,BRA1,,,,,,,,,True,
1083245,Murilo Rhikman,2025-2026,2025-12-10,250000,Cruzeiro Esporte Clube,BRA1,,,,,,,,,True,
1083247,Bruno Alves,2025-2026,2025-09-25,250000,Cruzeiro Esporte Clube,BRA1,,,,,,,,,True,
1083600,Nathan Fernandes,2025-2026,2025-12-10,4000000,S. A. F. Botafogo,BRA1,,,,,,,,,True,
1083635,Davi Schuindt,2025-2026,2025-09-05,250000,Fluminense Football Club,BRA1,,,,,,,,,True,
1083702,Niko Sepic,2025-2026,2025-12-30,250000,NK Istra 1961,KR1,,,,,,,,,True,
1083887,Pablo,2025-2026,2025-12-10,50000,Club de Regatas Vasco da Gama,BRA1,,,,,,,,,True,
1083966,Cauan Barros,2025-2026,2026-03-12,4000000,Club de Regatas Vasco da Gama,BRA1,,,,,,,,,True,
1083970,JP,2025-2026,2025-11-24,2000000,Club de Regatas Vasco da Gama,BRA1,,,,,,,,,True,
1083971,Lucas Eduardo,2025-2026,2025-11-24,50000,Club de Regatas Vasco da Gama,BRA1,,,,,,,,,True,
1084074,Talisson,2025-2026,2025-11-24,500000,Fotbal Club Rapid 1923 SA,RO1,,,,,,,,,True,
1084081,Gustavo Neves,2025-2026,2026-03-12,3500000,Red Bull Bragantino,BRA1,,,,,,,,,True,
1084629,David Antunes,2025-2026,2025-11-24,200000,Associação Chapecoense de Futebol,BRA1,,,,,,,,,True,
1084667,Isaac,2025-2026,2025-11-24,1200000,Clube Atlético Paranaense,BRA1,,,,,,,,,True,
1084816,Zé Guilherme,2025-2026,2025-12-10,400000,Esporte Clube Bahia,BRA1,,,,,,,,,True,
1085296,Miguel Freckleton,2025-2026,2025-12-10,200000,Saint Mirren Football Club,SC1,,,,,,,,,True,
1085546,Matt Evans,2025-2026,2025-07-04,50000,Los Angeles Football Club,MLS1,,,,,,,,,True,
1086258,Souza,2025-2026,2026-03-09,12000000,Tottenham Hotspur Football Club,GB1,,,,,,,,,True,
1086377,Kaick,2025-2026,2025-12-11,2500000,FC Dallas,MLS1,,,,,,,,,True,
1086619,Giovanni Leoni,2025-2026,2025-12-09,25000000,Liverpool Football Club,GB1,,,,,,,,,True,
1086701,Jussef Nasrawe,2025-2026,2025-12-29,400000,Sportvereinigung Ried 1912,A1,,,,,,,,,True,
1086814,Pablo Ortiz,2025-2026,2026-03-26,1000000,Club Tijuana Xoloitzcuintles de Caliente,MEX1,,,,,,,,,True,
1086815,Aldahir Pérez,2025-2026,2025-12-29,100000,Club Tijuana Xoloitzcuintles de Caliente,MEX1,,,,,,,,,True,
1086862,Fernando Ordóñez,2025-2026,2025-12-29,200000,Club Tigres UANL Sinergia Deportiva S.A. de C.V.,MEX1,,,,,,,,,True,
1086869,Bernardo Parra,2025-2026,2025-12-29,1500000,Querétaro Fútbol Club,MEX1,,,,,,,,,True,
1086870,Sebastián Fierro,2025-2026,2025-12-29,700000,Mazatlán Futbol Club,MEX1,,,,,,,,,True,
1086884,Gilberto Adame,2025-2026,2025-12-29,50000,Mazatlán Futbol Club,MEX1,,,,,,,,,True,
1086892,Ramiro Franco,2025-2026,2025-12-29,500000,Mazatlán Futbol Club,MEX1,,,,,,,,,True,
1087013,Benjamin Laturnus,2025-2026,2026-03-30,100000,Örgryte IS,SE1,,,,,,,,,True,
1087020,Woo-jin Choi,2025-2026,2025-12-16,325000,Jeonbuk Hyundai Motors,RSK1,,,,,,,,,True,
1087164,Oscar Kabwit,2025-2026,2026-03-17,2000000,FC Luzern,C1,,,,,,,,,True,
1087210,Paulo Ramírez,2025-2026,2026-03-26,1000000,Club de Futbol Rojinegros S.A. de C.V.,MEX1,,,,,,,,,True,
1087243,Óscar García,2025-2026,2025-12-29,2500000,Club León Fútbol Club,MEX1,,,,,,,,,True,
1087247,Sebastián Santos,2025-2026,2025-12-29,1500000,Mazatlán Futbol Club,MEX1,,,,,,,,,True,
1087253,Jorge Berlanga,2025-2026,2025-12-29,1500000,Promotora del Club Pachuca S. A. de C. V.,MEX1,,,,,,,,,True,
1087262,Emilio Rodríguez,2025-2026,2025-12-29,1000000,Club León Fútbol Club,MEX1,,,,,,,,,True,
1087293,Oswaldo Virgen,2025-2026,2025-12-29,1000000,"Deportivo Toluca Futbol Club, S. A. de C. V.",MEX1,,,,,,,,,True,
1087306,Pablo Monroy,2025-2026,2025-12-29,1200000,Club Universidad Nacional A. C.,MEX1,,,,,,,,,True,
1087316,Juan Pérez,2025-2026,2025-12-17,150000,Club de Gimnasia y Esgrima La Plata,ARG1,,,,,,,,,True,
1087334,Jordan Barrera,2025-2026,2026-03-12,2000000,S. A. F. Botafogo,BRA1,,,,,,,,,True,
1087349,Ramiro Árciga,2025-2026,2026-03-26,3500000,Mazatlán Futbol Club,MEX1,,,,,,,,,True,
1087352,Omar Moreno,2025-2026,2025-12-29,500000,Mazatlán Futbol Club,MEX1,,,,,,,,,True,
1087365,Emmanuel Echeverría,2025-2026,2025-12-29,1000000,Club Santos Laguna S. A. de C. V.,MEX1,,,,,,,,,True,
1087486,Myeong-kwan Seo,2025-2026,2025-12-16,400000,Ulsan Hyundai Football Club,RSK1,,,,,,,,,True,
1087982,Tobias van den Elshout,2025-2026,2026-03-11,600000,Feyenoord Rotterdam,NL1,,,,,,,,,True,
1088035,Tijmen Holla,2025-2026,2025-12-02,75000,Excelsior Rotterdam,NL1,,,,,,,,,True,
1088110,Anthony Bermont,2025-2026,2025-12-15,1000000,Racing Club de Lens,FR1,,,,,,,,,True,
1088199,Arsène Kouassi,2025-2026,2026-03-27,10000000,Football Club Lorient-Bretagne Sud,FR1,,,,,,,,,True,
1088311,Yassir Salah Rahmouni,2025-2026,2026-03-11,450000,Go Ahead Eagles,NL1,,,,,,,,,True,
1088718,Shak Mohammed,2025-2026,2025-12-11,150000,Nashville SC,MLS1,,,,,,,,,True,
1089004,Soumaïla Diabaté,2025-2026,2025-12-22,6000000,Fußballclub Red Bull Salzburg,A1,,,,,,,,,True,
1089144,Gabriel Carvalho,2025-2026,2025-12-18,12000000,Sport Club Internacional,BRA1,,,,,,,,,True,
1089156,Aboubacar Cisse,2025-2026,2025-12-11,125000,Fudbalski klub Čukarički Beograd,SER1,,,,,,,,,True,
1089204,J.C. Ngando,2025-2026,2025-12-11,800000,Vancouver Whitecaps FC,MLS1,,,,,,,,,True,
1089531,Brandon Cambridge,2025-2026,2025-12-11,200000,Fudbalski klub Čukarički Beograd,SER1,,,,,,,,,True,
1089572,Duncan McGuire,2025-2026,2025-12-11,2500000,Orlando City Soccer Club,MLS1,,,,,,,,,True,
1089573,Stephen Afrifa,2025-2026,2025-12-11,500000,Sporting Kansas City,MLS1,,,,,,,,,True,
1089609,,2025-2026,2025-11-24,800000,,,,,,,,,,,True,
1089809,Gonçalo Maia,2025-2026,2025-12-18,100000,Gil Vicente Futebol Clube,PO1,,,,,,,,,True,
1089955,JP Chermont,2025-2026,2025-12-10,3000000,Coritiba Foot Ball Club,BRA1,,,,,,,,,True,
1089958,Gabriel Bontempo,2025-2026,2026-03-12,6000000,Santos Futebol Clube,BRA1,,,,,,,,,True,
1090787,Sergi Solans,2025-2026,2026-03-03,150000,Real Salt Lake,MLS1,,,,,,,,,True,
1090819,Lucas Ronier,2025-2026,2026-03-12,4000000,Coritiba Foot Ball Club,BRA1,,,,,,,,,True,
1091022,,2025-2026,2025-11-24,650000,,,,,,,,,,,True,
1091562,Romelle Donovan,2025-2026,2025-12-09,3500000,Brentford Football Club,GB1,,,,,,,,,True,
1091608,Fernando,2025-2026,2026-03-19,300000,Clube Desportivo Santa Clara,PO1,,,,,,,,,True,
1091807,Luis Jiménez,2025-2026,2025-12-29,100000,Impulsora del Deportivo Necaxa S.A. de C.V.,MEX1,,,,,,,,,True,
1091863,Víctor Arteaga,2025-2026,2025-12-29,500000,"Deportivo Toluca Futbol Club, S. A. de C. V.",MEX1,,,,,,,,,True,
1092429,João Almeida,2025-2026,2025-11-24,400000,Coritiba Foot Ball Club,BRA1,,,,,,,,,True,
1092623,,2025-2026,2025-11-24,300000,,,,,,,,,,,True,
1092630,Naif Masoud,2025-2026,2026-03-30,375000,Al-Fateh Club,SA1,,,,,,,,,True,
1092670,Luke Supyk,2025-2026,2026-01-13,100000,Wellington Phoenix Football Club,AUS1,,,,,,,,,True,
1092674,Anaru Cassidy,2025-2026,2026-01-13,125000,Wellington Phoenix Football Club,AUS1,,,,,,,,,True,
1092678,Gabriel Sloane-Rodrigues,2025-2026,2026-01-13,100000,Wellington Phoenix Football Club,AUS1,,,,,,,,,True,
1092873,Muath Fagihy,2025-2026,2025-12-18,400000,Al-Okhdood Club,SA1,,,,,,,,,True,
1092876,Mobarak Al-Rajeh,2025-2026,2025-12-18,400000,Al-Shabab Club,SA1,,,,,,,,,True,
1092964,Anísio Cabral,2025-2026,2026-02-13,5000000,Sport Lisboa e Benfica,PO1,,,,,,,,,True,
1093277,Taha Habroune,2025-2026,2025-12-11,400000,Columbus Crew,MLS1,,,,,,,,,True,
1093464,Wilmer Andersson,2023-2024,2023-12-08,25000,Kalmar Fotbollförening,SE1,,,,,,,,,True,
1093626,Robinho,2025-2026,2025-12-18,500000,Club Football Estrela da Amadora,PO1,,,,,,,,,True,
1093749,Gustavo Talles,2024-2025,2024-11-27,50000,Associação Chapecoense de Futebol,BRA1,,,,,,,,,True,
1093809,Gui,2025-2026,2025-12-18,200000,Vitória Sport Clube,PO1,,,,,,,,,True,
1093823,Michael Parker,2025-2026,2026-03-30,75000,Örgryte IS,SE1,,,,,,,,,True,
1093864,Gilberto Junior,2025-2026,2026-03-12,1000000,Clube Atlético Paranaense,BRA1,,,,,,,,,True,
1094135,Reda Laalaoui,2025-2026,2026-03-13,600000,Koninklijke Voetbal Club Westerlo,BE1,,,,,,,,,True,
1094202,Tyson Pearce,2025-2026,2025-12-11,100000,St. Louis City Soccer Club,MLS1,,,,,,,,,True,
1094203,Adyn Torres,2025-2026,2025-12-11,100000,Atlanta United Football Club,MLS1,,,,,,,,,True,
1094366,Víctor Ríos,2025-2026,2025-12-29,2000000,Club de Futbol Rojinegros S.A. de C.V.,MEX1,,,,,,,,,True,
1094369,Sergio Hernández,2025-2026,2026-03-26,1000000,Club de Futbol Rojinegros S.A. de C.V.,MEX1,,,,,,,,,True,
1094383,Alán Bautista,2025-2026,2025-12-29,3000000,Promotora del Club Pachuca S. A. de C. V.,MEX1,,,,,,,,,True,
1094384,Owen González,2025-2026,2025-12-29,1200000,Club de Futbol Puebla de La Franja,MEX1,,,,,,,,,True,
1094408,Diego Sánchez,2025-2026,2025-12-29,500000,Club Tigres UANL Sinergia Deportiva S.A. de C.V.,MEX1,,,,,,,,,True,
1094582,Kparobo Arierhi,2025-2026,2025-12-15,150000,Lillestrøm Sportsklubb,NO1,,,,,,,,,True,
1095107,Noah Fernandez,2025-2026,2026-03-11,2000000,Eindhovense Voetbalvereniging Philips Sport Vereniging,NL1,,,,,,,,,True,
1095326,Iker Fimbres,2025-2026,2025-12-29,3800000,Club de Fútbol Monterrey Rayados A.C.,MEX1,,,,,,,,,True,
1095335,Jhonnatan Silva,2025-2026,2025-12-18,150000,FC Oleksandriya,UKR1,,,,,,,,,True,
1095547,Benassi,2025-2026,2025-11-24,50000,Coritiba Foot Ball Club,BRA1,,,,,,,,,True,
1095789,Diego Borges,2025-2026,2025-12-08,200000,Sporting Kansas City,MLS1,,,,,,,,,True,
1095864,Santiago López,2025-2026,2025-12-29,50000,Club Universidad Nacional A. C.,MEX1,,,,,,,,,True,
1096224,Renan Santana,2025-2026,2025-12-18,1000000,Futebol Clube de Famalicão,PO1,,,,,,,,,True,
1097031,Philip Bonde,2025-2026,2025-11-19,450000,Västerås Sportklubb FK,SE1,,,,,,,,,True,
1097113,Kaïl Boudache,2025-2026,2026-03-27,4000000,Olympique Gymnaste Club Nice Côte d'Azur,FR1,,,,,,,,,True,
1097263,Rafael Lobato,2025-2026,2025-12-18,1200000,Rio Ave Futebol Clube,PO1,,,,,,,,,True,
1097659,Pedro Martínez,2025-2026,2025-12-29,50000,Promotora del Club Pachuca S. A. de C. V.,MEX1,,,,,,,,,True,
1097847,Ángel Azuaje,2025-2026,2025-12-29,100000,Club Universidad Nacional A. C.,MEX1,,,,,,,,,True,
1097930,Julián Bazán,2025-2026,2026-03-17,750000,Red Bull New York,MLS1,,,,,,,,,True,
1098440,Lautaro Godoy,2025-2026,2025-12-17,325000,Club Atlético Tucumán,ARG1,,,,,,,,,True,
1098471,Martin Hellan,2025-2026,2025-12-15,300000,Sportsklubben Brann,NO1,,,,,,,,,True,
1098514,Javier Mena,2025-2026,2025-12-16,150000,Deportivo Pereira,COL1,,,,,,,,,True,
1098950,Simen Haram,2025-2026,2025-12-15,400000,Aalesunds Fotballklubb,NO1,,,,,,,,,True,
1098970,Kelvin Flórez,2025-2026,2026-03-17,800000,Deportes Tolima,COL1,,,,,,,,,True,
1099425,Jordan Lauton,2025-2026,2026-01-13,300000,Brisbane Roar FC,AUS1,,,,,,,,,True,
1099708,Panagiotis Kikianis,2025-2026,2026-01-13,750000,Adelaide United Football Club,AUS1,,,,,,,,,True,
1099720,Marcus Younis,2025-2026,2025-12-15,300000,Melbourne City Football Club,AUS1,,,,,,,,,True,
1099860,Cléo Mélières,2025-2026,2026-03-27,200000,Football Club de Metz,FR1,,,,,,,,,True,
1099924,Yael Trepy,2025-2026,2026-01-09,1500000,Cagliari Calcio,IT1,,,,,,,,,True,
1100071,Pablo,2025-2026,2026-03-12,200000,Esporte Clube Vitória,BRA1,,,,,,,,,True,
1100594,Franco Rossano,2025-2026,2026-03-26,2000000,Impulsora del Deportivo Necaxa S.A. de C.V.,MEX1,,,,,,,,,True,
1100641,Milan Lexa,2025-2026,2026-03-24,300000,FC Slovan Liberec,TS1,,,,,,,,,True,
1101364,Keegan Hughes,2025-2026,2025-12-11,125000,New England Revolution,MLS1,,,,,,,,,True,
1101447,Iván Román,2025-2026,2025-12-10,1500000,Clube Atlético Mineiro,BRA1,,,,,,,,,True,
1101703,Abdulaziz Al-Awairdhi,2025-2026,2025-12-18,100000,Al-Shabab Club,SA1,,,,,,,,,True,
1101719,Joseph Mangondo,2025-2026,2025-12-15,50000,Football Club de Metz,FR1,,,,,,,,,True,
1101761,Giovany Herbert,2025-2026,2026-03-23,300000,FK Kryvbas Kryvyi Rig,UKR1,,,,,,,,,True,
1102301,Heiler Mosquera,2025-2026,2025-12-05,25000,Envigado FC,COL1,,,,,,,,,True,
1102302,Daniel Zapata,2025-2026,2025-12-05,50000,Envigado FC,COL1,,,,,,,,,True,
1102425,Giannino Vianello,2025-2026,2025-12-02,150000,Sparta Rotterdam,NL1,,,,,,,,,True,
1102438,Fabián Charales,2025-2026,2026-03-17,400000,Rionegro Águilas,COL1,,,,,,,,,True,
1102540,Andrés Alarcón,2025-2026,2026-03-25,750000,Dinamo Makhachkala,RU1,,,,,,,,,True,
1103405,Manuel Tasso,2025-2026,2025-12-05,50000,Unión Magdalena,COL1,,,,,,,,,True,
1103406,Diego Barrera,2025-2026,2025-12-17,300000,Club Atlético Central Córdoba,ARG1,,,,,,,,,True,
1103445,Ismael Maiga,2025-2026,2025-12-11,250000,Fudbalski klub Čukarički Beograd,SER1,,,,,,,,,True,
1103652,Marius Louër,2025-2026,2026-03-27,800000,Angers Sporting Club de l'Ouest,FR1,,,,,,,,,True,
1103685,Royner Benítez,2025-2026,2025-12-05,200000,Rionegro Águilas,COL1,,,,,,,,,True,
1103745,Jorge Rodarte,2025-2026,2026-03-26,1500000,Club de Fútbol Cruz Azul S.A. de C.V.,MEX1,,,,,,,,,True,
1103930,Manuel Brondo,2025-2026,2025-12-17,25000,Asociación Atlética Argentinos Juniors,ARG1,,,,,,,,,True,
1103941,Alan Sosa,2025-2026,2025-12-17,350000,Club Atlético Aldosivi,ARG1,,,,,,,,,True,
1103988,Juan Pablo Ludueña,2025-2026,2026-03-18,350000,Club Atlético Unión,ARG1,,,,,,,,,True,
1104139,Victor Ekström,2025-2026,2026-03-30,50000,IK Sirius,SE1,,,,,,,,,True,
1104143,Benjamin Pauwels,2025-2026,2025-12-30,1000000,Football Club Volendam,NL1,,,,,,,,,True,
1104206,Agustín Albarracín,2025-2026,2026-03-24,2300000,Cagliari Calcio,IT1,,,,,,,,,True,
1104231,Rojendro Oudsten,2025-2026,2025-12-02,100000,Sportclub Telstar,NL1,,,,,,,,,True,
1104291,Isa Prins,2025-2026,2025-12-16,200000,Auckland Football Club,AUS1,,,,,,,,,True,
1104712,Peter Antoniou,2025-2026,2026-01-13,150000,Melbourne City Football Club,AUS1,,,,,,,,,True,
1104715,Zach De Jesus,2025-2026,2026-01-13,200000,Sydney Football Club,AUS1,,,,,,,,,True,
1104718,Mitch Glasson,2025-2026,2026-01-13,100000,Sydney Football Club,AUS1,,,,,,,,,True,
1104722,Andriano Lebib,2025-2026,2026-01-13,100000,Perth Glory Football Club,AUS1,,,,,,,,,True,
1104727,Sotiri Phillis,2025-2026,2026-01-13,75000,Adelaide United Football Club,AUS1,,,,,,,,,True,
1104730,Fabian Talladira,2025-2026,2026-01-13,150000,Adelaide United Football Club,AUS1,,,,,,,,,True,
1104816,Malick Fofana,2025-2026,2025-12-15,25000,Football Club Mito HollyHock,JAP1,,,,,,,,,True,
1105188,Julián Martínez,2025-2026,2025-12-18,500000,Futebol Clube de Alverca,PO1,,,,,,,,,True,
1105280,Juan Viveros,2025-2026,2026-03-17,400000,Alianza FC,COL1,,,,,,,,,True,
1105435,Joaquín Moxica,2025-2026,2025-12-29,50000,Club de Fútbol Monterrey Rayados A.C.,MEX1,,,,,,,,,True,
1105436,Israel Tello,2025-2026,2026-03-26,1000000,Impulsora del Deportivo Necaxa S.A. de C.V.,MEX1,,,,,,,,,True,
1105524,Daniel Aguilar,2023-2024,2023-07-12,10000,Clube Atlético Paranaense,BRA1,,,,,,,,,True,
1105547,Lucca Brughmans,2025-2026,2025-12-10,1000000,Koninklijke Racing Club Genk,BE1,,,,,,,,,True,
1105571,Juan Pertuz,2025-2026,2026-03-17,250000,Llaneros FC,COL1,,,,,,,,,True,
1105638,Tobias Bovone,2025-2026,2025-11-26,200000,Deportivo Pereira,COL1,,,,,,,,,True,
1105787,Evans Botchway,2025-2026,2025-11-19,175000,Idrottsföreningen  Brommapojkarna,SE1,,,,,,,,,True,
1105789,Joel Bertolissio,2025-2026,2026-01-13,250000,Newcastle United Jets Football Club,AUS1,,,,,,,,,True,
1105875,Rasmus Niklasson Petrovic,2025-2026,2026-03-30,350000,GAIS,SE1,,,,,,,,,True,
1105904,Aleksa Radonjic,2025-2026,2025-12-11,150000,Fudbalski Klub Javor Matis Ivanjica,SER1,,,,,,,,,True,
1105937,Nahuel Barboza,2025-2026,2026-03-18,150000,Club Atlético Gimnasia y Esgrima de Mendoza,ARG1,,,,,,,,,True,
1105946,Cristian Neicu,2025-2026,2025-12-19,50000,SC Oţelul Galaţi,RO1,,,,,,,,,True,
1106059,Kacper Plichta,2025-2026,2025-12-08,50000,Motor Lublin Spółka Akcyjna,PL1,,,,,,,,,True,
1106216,Damián Puebla,2025-2026,2025-12-17,2500000,FC Orenburg,RU1,,,,,,,,,True,
1106217,Santiago Fernández,2025-2026,2025-12-17,2500000,Club Atlético Talleres,ARG1,,,,,,,,,True,
1106358,Andrei Dumitru,2025-2026,2025-12-19,100000,Asociația Fotbal Club Botoșani,RO1,,,,,,,,,True,
1106575,Daniel Graskoski,2025-2026,2026-01-13,100000,Melbourne Victory FC,AUS1,,,,,,,,,True,
1106650,Tochukwu Raymond,2025-2026,2025-12-22,150000,RZ Pellets Wolfsberger Athletiksport Club,A1,,,,,,,,,True,
1106875,Mateo Zuleta,2025-2026,2025-12-05,800000,Once Caldas,COL1,,,,,,,,,True,
1106878,Juan Valencia,2025-2026,2025-12-05,300000,Internacional de Bogotá,COL1,,,,,,,,,True,
1106881,Kevin Tamayo,2025-2026,2026-03-17,400000,Once Caldas,COL1,,,,,,,,,True,
1106934,Ji-hun Joung,2025-2026,2025-12-16,225000,Gwangju Football Club,RSK1,,,,,,,,,True,
1107314,Taonsa Axel,2025-2026,2025-11-19,550000,Västerås Sportklubb FK,SE1,,,,,,,,,True,
1107315,Noa Mikic,2025-2026,2025-12-22,400000,GNK Dinamo Zagreb,KR1,,,,,,,,,True,
1107570,Mohamed Ouédraogo,2025-2026,2026-03-10,1000000,Sportclub Rheindorf Altach,A1,,,,,,,,,True,
1107973,Sabit Ngor,2025-2026,2026-01-13,300000,Central Coast Mariners Football Club,AUS1,,,,,,,,,True,
1108022,Deniz Zeitler,2025-2026,2026-03-19,2500000,Turn- und Sportgemeinschaft 1899 Hoffenheim Fußball-Spielbetriebs,L1,,,,,,,,,True,
1108127,Luciano Maidana,2025-2026,2026-03-06,150000,Athlitiki Enosi Kifisias,GR1,,,,,,,,,True,
1108130,Eugenio Raggio,2025-2026,2025-12-22,1200000,Club Atlético Platense,ARG1,,,,,,,,,True,
1108153,Santiago Salle,2025-2026,2026-03-18,600000,Club Atlético Sarmiento,ARG1,,,,,,,,,True,
1108159,Jerónimo Barrera,2025-2026,2025-12-05,150000,Fortaleza CEIF,COL1,,,,,,,,,True,
1108160,Santiago Cuero,2025-2026,2026-03-17,350000,Fortaleza CEIF,COL1,,,,,,,,,True,
1108238,Mihailo Todosijevic,2025-2026,2026-03-26,200000,Fudbalski Klub Mladost Lučani,SER1,,,,,,,,,True,
1108321,Adetunji Rasaq Adeshina,2025-2026,2025-12-22,600000,Linzer Athletik-Sport-Klub,A1,,,,,,,,,True,
1108415,Luciano Paredes,2025-2026,2026-03-18,350000,Club Atlético Gimnasia y Esgrima de Mendoza,ARG1,,,,,,,,,True,
1108459,Aleksandr Guboglo,2025-2026,2025-12-11,500000,Club de Foot Montréal,MLS1,,,,,,,,,True,
1108681,Andy Batioja,2025-2026,2026-03-17,50000,Fortaleza CEIF,COL1,,,,,,,,,True,
1108966,Jeh,2025-2026,2026-01-29,700000,Göztepe Sportif Yatırımlar A.Ş.,TR1,,,,,,,,,True,
1109205,Tiago Quintal,2025-2026,2026-01-13,350000,Sydney Football Club,AUS1,,,,,,,,,True,
1109206,Miguel Di Pizio,2025-2026,2026-01-13,350000,Central Coast Mariners Football Club,AUS1,,,,,,,,,True,
1109231,Efim Burkin,2025-2026,2026-03-25,300000,FK Krasnodar,RU1,,,,,,,,,True,
1109232,Daniil Kondakov,2025-2026,2026-03-25,700000,AO FK Zenit Sankt-Peterburg,RU1,,,,,,,,,True,
1109358,Lachlan Bayliss,2025-2026,2026-01-13,350000,Newcastle United Jets Football Club,AUS1,,,,,,,,,True,
1109643,Isak Sjong,2025-2026,2025-12-15,50000,Fotballklubben Bodø/Glimt,NO1,,,,,,,,,True,
1109644,Mohammed Harbush,2025-2026,2025-12-18,200000,Al-Shabab Club,SA1,,,,,,,,,True,
1109671,Karel Spacil,2025-2026,2025-12-22,3500000,"FC Viktoria Plzeň, a.s.",TS1,,,,,,,,,True,
1109823,Nathan Paull,2025-2026,2026-01-13,500000,Central Coast Mariners Football Club,AUS1,,,,,,,,,True,
1109825,Ben Gibson,2025-2026,2026-01-13,250000,Newcastle United Jets Football Club,AUS1,,,,,,,,,True,
1109827,Clayton Taylor,2025-2026,2026-01-13,450000,Newcastle United Jets Football Club,AUS1,,,,,,,,,True,
1109829,Gus Hoefsloot,2025-2026,2026-01-13,100000,Sydney Football Club,AUS1,,,,,,,,,True,
1109901,Ryota Kuboniwa,2025-2026,2025-12-15,125000,JEF United,JAP1,,,,,,,,,True,
1109953,Ariath Piol,2025-2026,2025-12-11,500000,Real Salt Lake,MLS1,,,,,,,,,True,
1109957,Frans Deli,2025-2026,2026-01-13,200000,Macarthur South West Sydney (A-League),AUS1,,,,,,,,,True,
1110143,Diego Mastrángelo,2025-2026,2025-12-17,75000,Club de Gimnasia y Esgrima La Plata,ARG1,,,,,,,,,True,
1110360,Bruno Damiani,2025-2026,2025-12-11,2500000,Philadelphia Union,MLS1,,,,,,,,,True,
1110406,Ibrahim Osman,2023-2024,2024-06-10,12000000,,,Ibrahim Osman,2023-2024,2024-06-10,12000000.0,Brighton and Hove Albion Football Club,GB1,0.0,0.0,True,Premier League
1110453,Markus Walker,2025-2026,2025-12-15,400000,Fodbold Club Nordsjælland,DK1,,,,,,,,,True,
1110580,Diego Crego,2025-2026,2025-11-26,350000,Club Sportivo Independiente Rivadavia,ARG1,,,,,,,,,True,
1110611,Alexander Warneryd,2025-2026,2025-12-15,1000000,Tromsø Idrettslag,NO1,,,,,,,,,True,
1110658,Leozinho,2025-2026,2026-03-12,750000,Clube Atlético Paranaense,BRA1,,,,,,,,,True,
1110715,Bailey Brandtman,2025-2026,2026-01-13,300000,Central Coast Mariners Football Club,AUS1,,,,,,,,,True,
1110729,Alex Robinson,2025-2026,2026-01-13,100000,Macarthur South West Sydney (A-League),AUS1,,,,,,,,,True,
1110867,Oliver Randazzo,2025-2026,2026-01-13,150000,Macarthur South West Sydney (A-League),AUS1,,,,,,,,,True,
1110879,Dylan Peraić-Cullen,2025-2026,2026-01-13,400000,Central Coast Mariners Football Club,AUS1,,,,,,,,,True,
1110883,Jesse Cameron,2025-2026,2026-01-13,50000,Western Sydney Wanderers,AUS1,,,,,,,,,True,
1111044,Mamour Ndiaye,2025-2026,2025-12-15,1200000,Sarpsborg 08 Fotballforening,NO1,,,,,,,,,True,
1111051,Mamadou Gning,2025-2026,2026-03-06,100000,Aris Thessalonikis,GR1,,,,,,,,,True,
1111077,Jaygo van Ommeren,2025-2026,2025-12-02,500000,Football Club Utrecht,NL1,,,,,,,,,True,
1111164,Max Nilsson,2025-2026,2025-11-19,800000,Fredrikstad Fotballklubb,NO1,,,,,,,,,True,
1111215,Karamba Gassama,2025-2026,2026-03-05,300000,Gaziantep Futbol Kulübü A.Ş.,TR1,,,,,,,,,True,
1111245,Jeison Mena,2025-2026,2026-03-17,350000,Boyacá Chicó FC,COL1,,,,,,,,,True,
1111587,Filip Beckman,2025-2026,2025-11-19,800000,GAIS,SE1,,,,,,,,,True,
1111589,El Hadji Malick Diouf,2025-2026,2025-12-09,28000000,West Ham United Football Club,GB1,,,,,,,,,True,
1111665,Mathews Banda,2025-2026,2026-01-23,250000,"Bohemians Praha 1905, a.s.",TS1,,,,,,,,,True,
1111684,John Paul Dembe,2025-2026,2025-11-19,350000,"SK Sigma Olomouc, a.s.",TS1,,,,,,,,,True,
1111695,Juan Romero,2025-2026,2025-12-16,10000,Unión Magdalena,COL1,,,,,,,,,True,
1111697,Keimer Sandoval,2025-2026,2025-12-11,100000,Deportivo Cali,COL1,,,,,,,,,True,
1111843,Mahmudu Bajo,2025-2026,2025-12-11,2200000,Fudbalski klub Crvena zvezda Beograd,SER1,,,,,,,,,True,
1111965,Zane Schreiber,2025-2026,2026-01-13,350000,Melbourne City Football Club,AUS1,,,,,,,,,True,
1111966,Will Kennedy,2025-2026,2026-01-13,150000,Sydney Football Club,AUS1,,,,,,,,,True,
1112013,Rikuto Ishio,2025-2026,2025-12-15,600000,JEF United,JAP1,,,,,,,,,True,
1112062,Ammar Al-Khaibari,2025-2026,2025-12-18,125000,Al-Fayha FC,SA1,,,,,,,,,True,
1112448,Vitor Vargas,2025-2026,2025-12-18,150000,Al-Najma Sport Club,SA1,,,,,,,,,True,
1112486,Jhoan Hernández,2025-2026,2025-12-05,150000,S. A. F. Botafogo,BRA1,,,,,,,,,True,
1112524,Emeka Adiele,2025-2026,2026-03-11,700000,Football Club Utrecht,NL1,,,,,,,,,True,
1112528,Hadji Issa Moustapha,2025-2026,2025-12-09,200000,HNK Gorica,KR1,,,,,,,,,True,
1112690,David Matei,2025-2026,2026-03-27,900000,U Craiova 1948 Club Sportiv SA,RO1,,,,,,,,,True,
1112735,Andrew Privett,2025-2026,2025-12-11,1200000,Charlotte Football Club,MLS1,,,,,,,,,True,
1112825,Sattam Al-Tumbukti,2025-2026,2025-12-18,150000,Al-Fateh Club,SA1,,,,,,,,,True,
1112869,Charbel Shamoon,2025-2026,2026-01-13,350000,Perth Glory Football Club,AUS1,,,,,,,,,True,
1112908,Jacob Devaney,2025-2026,2026-03-05,250000,Saint Mirren Football Club,SC1,,,,,,,,,True,
1113024,Vasilije Markovic,2025-2026,2026-03-10,800000,Fußballklub Austria Wien,A1,,,,,,,,,True,
1113057,Chris Rindov,2025-2026,2025-12-11,200000,Los Angeles Galaxy,MLS1,,,,,,,,,True,
1113088,Frano Vlasic,2025-2026,2025-12-22,50000,NK Slaven Belupo Koprivnica,KR1,,,,,,,,,True,
1113451,Kojo Peprah Oppong,2025-2026,2026-03-27,10000000,Olympique Gymnaste Club Nice Côte d'Azur,FR1,,,,,,,,,True,
1113558,Mykyta Minchev,2025-2026,2026-03-23,200000,SK Poltava,UKR1,,,,,,,,,True,
1113720,David Irimia,2025-2026,2025-12-19,250000,Fotbal Club Metaloglobus București SA,RO1,,,,,,,,,True,
1113721,Alexandru Irimia,2025-2026,2025-12-19,100000,Fotbal Club Metaloglobus București SA,RO1,,,,,,,,,True,
1115426,Ichika Maeda,2022-2023,2023-06-27,50000,Avispa Fukuoka,JAP1,,,,,,,,,True,
1115454,Isaac Walker,2023-2024,2023-12-18,25000,Charlotte Football Club,MLS1,,,,,,,,,True,
1115489,Felipinho,2025-2026,2025-11-24,1000000,Clube Atlético Paranaense,BRA1,,,,,,,,,True,
1115518,Mauricio Cardillo,2025-2026,2025-12-17,500000,Club Atlético San Lorenzo de Almagro,ARG1,,,,,,,,,True,
1115868,Tomás Adoryán,2025-2026,2025-12-17,350000,Club Atlético Banfield,ARG1,,,,,,,,,True,
1116031,,2025-2026,2025-12-22,400000,,,,,,,,,,,True,
1116049,Aleksa Trajkovic,2025-2026,2025-12-11,100000,Fudbalski Klub Spartak Ždrepčeva krv,SER1,,,,,,,,,True,
1116077,Jovan Vojnovic,2025-2026,2025-12-11,50000,Fudbalski klub Čukarički Beograd,SER1,,,,,,,,,True,
1116150,Vanja Tomic,2025-2026,2026-03-26,150000,FK Radnički 1923 Kragujevac,SER1,,,,,,,,,True,
1116191,Luis Engelns,2025-2026,2025-12-16,4000000,Turn- und Sportgemeinschaft 1899 Hoffenheim Fußball-Spielbetriebs,L1,,,,,,,,,True,
1116294,Justin Vidic,2025-2026,2026-01-13,300000,Brisbane Roar FC,AUS1,,,,,,,,,True,
1116387,Guilherme Luiz,2025-2026,2026-03-05,1500000,Göztepe Sportif Yatırımlar A.Ş.,TR1,,,,,,,,,True,
1116537,Kevyn Monteiro,2025-2026,2026-03-19,500000,Moreirense Futebol Clube,PO1,,,,,,,,,True,
1116605,Larson,2025-2026,2026-03-12,400000,Sociedade Esportiva Palmeiras,BRA1,,,,,,,,,True,
1116638,Kevyn,2025-2026,2025-12-18,200000,Clube Desportivo Nacional,PO1,,,,,,,,,True,
1117106,Artur Andreichyk,2025-2026,2025-12-29,100000,FC Oleksandriya,UKR1,,,,,,,,,True,
1117221,Tomás González,2025-2026,2026-03-18,450000,Asociación Atlética Estudiantes,ARG1,,,,,,,,,True,
1117557,Endre Osenbroch,2025-2026,2026-03-16,150000,Aalesunds Fotballklubb,NO1,,,,,,,,,True,
1117720,Philippe Ndinga,2025-2026,2025-11-19,200000,Philadelphia Union,MLS1,,,,,,,,,True,
1118034,Hammam Al-Hammami,2025-2026,2026-03-30,500000,Al-Shabab Club,SA1,,,,,,,,,True,
1118054,Abdullahi Bewene,2025-2026,2026-03-24,850000,FC Baník Ostrava a.s.,TS1,,,,,,,,,True,
1118085,Harry Politidis,2025-2026,2026-01-13,400000,Macarthur South West Sydney (A-League),AUS1,,,,,,,,,True,
1118088,Pavlos Kenourgiakis,2025-2026,2026-03-06,50000,Omilos Filathlon Irakliou FC,GR1,,,,,,,,,True,
1118150,Emmanuel Uchenna,2025-2026,2025-12-22,5000000,"AC Sparta Praha, a. s.",TS1,,,,,,,,,True,
1118293,Fynn Schenten,2025-2026,2026-03-20,1000000,1. Fußball-Club Köln,L1,,,,,,,,,True,
1118326,Amaury Morales,2025-2026,2026-03-26,2000000,Club de Fútbol Cruz Azul S.A. de C.V.,MEX1,,,,,,,,,True,
1118342,Arlen Banguero,2025-2026,2026-03-17,200000,Boyacá Chicó FC,COL1,,,,,,,,,True,
1118346,Samir Mayo,2025-2026,2026-03-17,500000,Internacional de Bogotá,COL1,,,,,,,,,True,
1118347,Juan Arizala,2025-2026,2026-03-24,3000000,Udinese Calcio,IT1,,,,,,,,,True,
1118503,Habib Coulibaly,2025-2026,2025-12-22,250000,Turn- und Sportverein Egger Glas Hartberg,A1,,,,,,,,,True,
1118587,Franco Rossi,2025-2026,2025-12-18,700000,"Deportivo Toluca Futbol Club, S. A. de C. V.",MEX1,,,,,,,,,True,
1118707,Lucas Meuli,2023-2024,2024-06-12,25000,Club Atlético Unión,ARG1,,,,,,,,,True,
1118712,Joaquín Mosqueira,2025-2026,2026-03-18,1500000,Club Atlético Tigre,ARG1,,,,,,,,,True,
1118715,Gabriel Obredor,2025-2026,2025-12-17,75000,Asociación de Fomento Deportivo Riestra Barrio Colón,ARG1,,,,,,,,,True,
1118865,Alexandru Bota,2025-2026,2025-12-19,100000,Asociația Fotbal Club Botoșani,RO1,,,,,,,,,True,
1118869,Mikołaj Molendowski,2025-2026,2025-12-08,25000,Radomiak S.A.,PL1,,,,,,,,,True,
1118873,Bartosz Mazurek,2025-2026,2026-03-26,3500000,Jagiellonia-Bialystok Sportowa Spólka Akcyjna,PL1,,,,,,,,,True,
1118874,Jan Leszczyński,2024-2025,2025-06-06,300000,Legia Warszawa Spółka Akcyjna,PL1,,,,,,,,,True,
1118893,Benjamin Dunbar,2024-2025,2025-06-03,50000,Melbourne City Football Club,AUS1,,,,,,,,,True,
1118925,Liam Bonetig,2025-2026,2026-01-13,400000,Melbourne City Football Club,AUS1,,,,,,,,,True,
1119008,Julio Fidelis,2025-2026,2025-09-05,300000,Fluminense Football Club,BRA1,,,,,,,,,True,
1119049,Gonzalo Escudero,2025-2026,2025-12-17,50000,Racing Club Asociación Civil de Avellaneda,ARG1,,,,,,,,,True,
1119146,Enri Mukba,2025-2026,2025-12-16,100000,FC Rubin Kazan,RU1,,,,,,,,,True,
1119364,Juan Ramirez,2025-2026,2026-03-17,450000,Llaneros FC,COL1,,,,,,,,,True,
1119391,Steeve Kango,2025-2026,2026-03-27,800000,Olympique Lyonnais,FR1,,,,,,,,,True,
1119456,Louis Leroux,2025-2026,2026-03-27,12000000,Football Club de Nantes,FR1,,,,,,,,,True,
1119752,John Montaño,2025-2026,2026-03-17,900000,Independiente Medellín,COL1,,,,,,,,,True,
1119880,Daren Mosengo,2025-2026,2026-03-27,300000,Le Havre Athletic Club,FR1,,,,,,,,,True,
1119881,Enzo Koffi,2025-2026,2026-03-27,1500000,Le Havre Athletic Club,FR1,,,,,,,,,True,
1120020,Valy Konaté,2025-2026,2025-12-10,250000,Cercle Brugge Koninklijke Sportvereniging,BE1,,,,,,,,,True,
1120134,Vetle Auklend,2025-2026,2025-12-15,250000,Viking Fotballklubb,NO1,,,,,,,,,True,
1120655,Juan Castaño,2025-2026,2026-03-17,150000,Once Caldas,COL1,,,,,,,,,True,
1120902,Gonzalo Requena,2025-2026,2025-12-17,1800000,PFK Krylya Sovetov Samara,RU1,,,,,,,,,True,
1121048,Renji Hidano,2025-2026,2025-12-15,75000,Urawa Red Diamonds,JAP1,,,,,,,,,True,
1121269,Yota Fujii,2024-2025,2025-06-26,125000,Fagiano Okayama Sports Club,JAP1,,,,,,,,,True,
1121271,,2025-2026,2026-02-23,50000,,,,,,,,,,,True,
1121298,Juma Bah,2025-2026,2026-03-27,10000000,Olympique Gymnaste Club Nice Côte d'Azur,FR1,,,,,,,,,True,
1121427,Anton Matkovic,2025-2026,2025-12-22,3000000,NK Osijek s.d.d.,KR1,,,,,,,,,True,
1121750,Aydan Hammond,2025-2026,2026-01-13,325000,Western Sydney Wanderers,AUS1,,,,,,,,,True,
1122196,Aaron Bibout,2025-2026,2026-03-13,2000000,Koninklijke Racing Club Genk,BE1,,,,,,,,,True,
1122320,Finn McKenlay,2025-2026,2026-01-13,200000,Auckland Football Club,AUS1,,,,,,,,,True,
1122556,Josef Kolarik,2025-2026,2025-12-22,1000000,"FK Mladá Boleslav, a.s.",TS1,,,,,,,,,True,
1122577,Masato Shigemi,2025-2026,2025-12-15,500000,Avispa Fukuoka,JAP1,,,,,,,,,True,
1122580,Yumeki Yokoyama,2025-2026,2025-12-15,700000,Cerezo Osaka,JAP1,,,,,,,,,True,
1122714,Jack Neeley,2025-2026,2025-12-11,50000,Charlotte Football Club,MLS1,,,,,,,,,True,
1123309,Nicolás Barros Schelotto,2025-2026,2026-03-18,4000000,Club de Gimnasia y Esgrima La Plata,ARG1,,,,,,,,,True,
1123346,Fabricio López,2025-2026,2025-12-17,400000,Club Atlético San Lorenzo de Almagro,ARG1,,,,,,,,,True,
1123368,David Martínez,2025-2026,2025-12-12,1200000,Volou Neos Podosferikos Syllogos,GR1,,,,,,,,,True,
1123521,Leart Kabashi,2024-2025,2025-06-10,100000,Grasshopper Club Zürich,C1,,,,,,,,,True,
1124136,Ángel Pérez,2025-2026,2026-03-16,1000000,Deportivo Alavés S. A. D.,ES1,,,,,,,,,True,
1124285,David Fernández,2024-2025,2025-06-30,300000,Club Social y Deportivo Defensa y Justicia,ARG1,,,,,,,,,True,
1124298,Riquelme Fillipi,2025-2026,2026-03-12,1000000,Sociedade Esportiva Palmeiras,BRA1,,,,,,,,,True,
1124490,Leon Bosnjak,2025-2026,2025-12-22,50000,NK Slaven Belupo Koprivnica,KR1,,,,,,,,,True,
1124661,Kaito Matsuzawa,2025-2026,2025-12-10,600000,Koninklijke Sint-Truidense Voetbalvereniging,BE1,,,,,,,,,True,
1125079,Shafiq Nandja,2025-2026,2025-12-15,175000,Hamburger Sport Verein,L1,,,,,,,,,True,
1125081,David Andersson,2025-2026,2026-03-30,650000,BK Häcken,SE1,,,,,,,,,True,
1125592,Elías Montiel,2025-2026,2025-12-29,5000000,Promotora del Club Pachuca S. A. de C. V.,MEX1,,,,,,,,,True,
1125601,Promise Meliga Jr.,2025-2026,2025-12-15,500000,Kristiansund Ballklubb,NO1,,,,,,,,,True,
1125610,Moctar Diop,2025-2026,2025-12-15,750000,Koninklijke Atletiek Associatie Gent,BE1,,,,,,,,,True,
1125653,Jordan Simpson,2025-2026,2026-03-30,200000,Idrottsföreningen  Brommapojkarna,SE1,,,,,,,,,True,
1125676,Kirill Stepanov,2025-2026,2026-03-25,250000,FK Baltika,RU1,,,,,,,,,True,
1125761,Marcel Regula,2025-2026,2026-03-26,7000000,Zagłębie Lubin Spółka Akcyjna,PL1,,,,,,,,,True,
1126111,Oscar Sjöstrand,2025-2026,2026-03-18,1000000,Malmö Fotbollförening,SE1,,,,,,,,,True,
1126113,Håkon Volden,2025-2026,2025-12-15,1000000,Rosenborg Ballklub,NO1,,,,,,,,,True,
1126191,Agustín Quiroga,2025-2026,2025-11-26,175000,Club Atlético Central Córdoba,ARG1,,,,,,,,,True,
1126223,Shimon Kobayashi,2025-2026,2025-12-15,100000,Sanfrecce Hiroshima,JAP1,,,,,,,,,True,
1126257,,2025-2026,2025-12-15,100000,,,,,,,,,,,True,
1126316,Kento Hamasaki,2025-2026,2025-12-15,150000,Rakuten Vissel Kobe,JAP1,,,,,,,,,True,
1126413,Sen Takagi,2025-2026,2025-12-15,450000,S-Pulse,JAP1,,,,,,,,,True,
1126458,Hiroto Noda,2025-2026,2025-12-15,50000,Kawasaki Frontale,JAP1,,,,,,,,,True,
1126741,Tomás Olmos,2025-2026,2025-12-18,200000,Asociación Atlética Estudiantes,ARG1,,,,,,,,,True,
1126889,Anton Kurochkin,2025-2026,2025-11-19,350000,Idrottsföreningen  Brommapojkarna,SE1,,,,,,,,,True,
1126894,Malcolm Jeng,2025-2026,2025-12-02,2000000,Feyenoord Rotterdam,NL1,,,,,,,,,True,
1127122,Matthew Grimaldi,2025-2026,2026-01-13,400000,Melbourne Victory FC,AUS1,,,,,,,,,True,
1127314,Mohammed Al-Abdullah,2025-2026,2025-12-18,25000,Al-Khaleej Club (Saihat),SA1,,,,,,,,,True,
1127597,Luis Gómez,2025-2026,2026-03-26,350000,Club Santos Laguna S. A. de C. V.,MEX1,,,,,,,,,True,
1127616,Owen Elding,2025-2026,2026-03-05,400000,Hibernian Football Club,SC1,,,,,,,,,True,
1127730,Thiago Fernández,2025-2026,2025-12-17,4500000,Real Oviedo S.A.D.,ES1,,,,,,,,,True,
1127943,Jhoiner Salas,2025-2026,2025-12-05,50000,Fortaleza CEIF,COL1,,,,,,,,,True,
1127950,Juan Viveros,2024-2025,2025-05-21,100000,Independiente Medellín,COL1,,,,,,,,,True,
1128218,Sergio Aponzá,2025-2026,2026-03-17,150000,Alianza FC,COL1,,,,,,,,,True,
1128512,Kimani Stewart-Baynes,2025-2026,2025-12-11,200000,Colorado Rapids,MLS1,,,,,,,,,True,
1128515,Ethan Schilte-Brown,2025-2026,2025-12-10,100000,Kilmarnock Football Club,SC1,,,,,,,,,True,
1128650,Hakim Karamoko,2025-2026,2025-11-25,50000,D.C. United,MLS1,,,,,,,,,True,
1128818,Shean Barbosa,2025-2026,2026-03-17,350000,Deportes Tolima,COL1,,,,,,,,,True,
1129198,Eivind Helland,2025-2026,2026-03-24,7000000,Bologna Football Club 1909,IT1,,,,,,,,,True,
1129217,Mohamed Al-Sarnukh,2025-2026,2026-01-19,75000,Al-Fateh Club,SA1,,,,,,,,,True,
1129222,Abdul Aziz Al-Fawaz,2025-2026,2025-12-18,150000,Al-Fateh Club,SA1,,,,,,,,,True,
1129395,Salim Laghzaoui,2025-2026,2025-12-15,900000,Fredrikstad Fotballklubb,NO1,,,,,,,,,True,
1129400,,2025-2026,2025-12-15,1500000,,,,,,,,,,,True,
1129770,Kalani Kossa-Rienzi,2025-2026,2025-12-11,800000,Seattle Sounders FC,MLS1,,,,,,,,,True,
1129892,Israel Isaac Ayuma,2025-2026,2025-12-22,300000,NK Istra 1961,KR1,,,,,,,,,True,
1129893,Charles Adah Agada,2025-2026,2025-12-22,50000,NK Istra 1961,KR1,,,,,,,,,True,
1129903,Salim Fago Lawal,2025-2026,2025-12-22,1800000,"FC Viktoria Plzeň, a.s.",TS1,,,,,,,,,True,
1129935,Momoh Kamara,2025-2026,2025-10-02,100000,Idrottsföreningen Elfsborg,SE1,,,,,,,,,True,
1129950,Andrej Vasovic,2025-2026,2025-12-29,400000,FC Luzern,C1,,,,,,,,,True,
1130046,,2025-2026,2026-03-17,1200000,,,,,,,,,,,True,
1130336,Yuri Casermeiro,2025-2026,2025-12-17,200000,Club Atlético Central Córdoba,ARG1,,,,,,,,,True,
1130616,Eid Al-Muwallad,2025-2026,2025-12-18,400000,Al-Ahli Saudi Football Club,SA1,,,,,,,,,True,
1130922,Kristian Lonebu,2025-2026,2025-12-15,600000,Aalesunds Fotballklubb,NO1,,,,,,,,,True,
1130945,Jacob Bartlett,2025-2026,2025-12-11,1000000,Sporting Kansas City,MLS1,,,,,,,,,True,
1131030,Kirill Danilov,2025-2026,2026-03-02,750000,PFK CSKA Moskva,RU1,,,,,,,,,True,
1131117,Mirza Catovic,2025-2026,2026-03-19,3000000,Verein für Bewegungsspiele Stuttgart 1893,L1,,,,,,,,,True,
1131419,Nahuel Arias,2025-2026,2025-12-17,350000,Club Atlético San Lorenzo de Almagro,ARG1,,,,,,,,,True,
1131420,Lucas Lavagnino,2023-2024,2024-06-12,150000,Club Atlético Independiente de Avellaneda,ARG1,,,,,,,,,True,
1131855,Saud Al-Rashid,2025-2026,2025-12-18,225000,Al-Hazem Sport Club,SA1,,,,,,,,,True,
1131858,Mohammed Sawaan,2025-2026,2025-12-18,350000,Al-Kholood Club,SA1,,,,,,,,,True,
1131860,Sultan Al-Shehri,2025-2026,2025-12-18,125000,Al-Kholood Club,SA1,,,,,,,,,True,
1131911,Soichiro Mori,2025-2026,2025-12-15,200000,Nagoya Grampus Eight,JAP1,,,,,,,,,True,
1132027,Tenshiro Takasaki,2024-2025,2024-12-10,50000,Zelvia,JAP1,,,,,,,,,True,
1132396,Tanner Rosborough,2025-2026,2026-02-25,250000,Red Bull New York,MLS1,,,,,,,,,True,
1132512,Joshua Inserra,2025-2026,2026-01-13,300000,Melbourne Victory FC,AUS1,,,,,,,,,True,
1132631,Baye Coulibaly,2025-2026,2025-12-11,1500000,Charlotte Football Club,MLS1,,,,,,,,,True,
1132762,,2025-2026,2025-12-22,1500000,,,,,,,,,,,True,
1132797,Jakub Żewłakow,2025-2026,2025-12-08,450000,Legia Warszawa Spółka Akcyjna,PL1,,,,,,,,,True,
1133013,Matija Subotic,2025-2026,2025-12-22,350000,NK Lokomotiva Zagreb,KR1,,,,,,,,,True,
1133563,Jeinner Fuentes,2025-2026,2025-12-05,50000,Deportes Tolima,COL1,,,,,,,,,True,
1133732,Abdou Aziz Fall,2025-2026,2025-12-17,100000,Fenerbahçe Spor Kulübü,TR1,,,,,,,,,True,
1133778,Souleymane Alio,2025-2026,2025-12-15,25000,Fodbold Club Nordsjælland,DK1,,,,,,,,,True,
1133929,Harouna Djibirin,2025-2026,2026-03-27,1500000,Angers Sporting Club de l'Ouest,FR1,,,,,,,,,True,
1133949,Yahaya Lawali,2025-2026,2026-03-24,75000,MFK Karvina,TS1,,,,,,,,,True,
1133950,Emmanuel Michael,2025-2026,2025-12-22,500000,Linzer Athletik-Sport-Klub,A1,,,,,,,,,True,
1133954,Umar Abubakar,2025-2026,2025-12-18,600000,Futebol Clube de Famalicão,PO1,,,,,,,,,True,
1133977,Issa Traoré,2025-2026,2025-12-29,800000,Bayer 04 Leverkusen Fußball,L1,,,,,,,,,True,
1134199,Daniel Banjaqui,2025-2026,2026-03-19,5000000,Sport Lisboa e Benfica,PO1,,,,,,,,,True,
1134201,Cardoso Varela,2025-2026,2025-12-22,1000000,GNK Dinamo Zagreb,KR1,,,,,,,,,True,
1134304,Joseph Liteta,2025-2026,2026-03-24,3500000,Cagliari Calcio,IT1,,,,,,,,,True,
1134718,Eun-chong Hwang,2025-2026,2025-12-16,25000,Gangwon Football Club,RSK1,,,,,,,,,True,
1135545,Miguel Nogueira,2025-2026,2026-03-19,1000000,Vitória Sport Clube,PO1,,,,,,,,,True,
1135708,Gustavo Cabral,2025-2026,2026-03-27,50000,Asociația Futball Klub Csíkszereda Miercurea Ciuc,RO1,,,,,,,,,True,
1135726,Freddy Molina,2025-2026,2025-12-05,200000,Unión Magdalena,COL1,,,,,,,,,True,
1135739,Ronald Donkor,2025-2026,2025-12-11,600000,Red Bull New York,MLS1,,,,,,,,,True,
1136224,Dion Gallapeni,2025-2026,2025-12-08,2500000,Wisła Płock Spółka Akcyjna,PL1,,,,,,,,,True,
1137026,Sammy Dudek,2025-2026,2025-12-08,200000,KKS Lech Poznań Spółka Akcyjna,PL1,,,,,,,,,True,
1137273,Raul Kumar,2025-2026,2025-12-22,350000,NK Istra 1961,KR1,,,,,,,,,True,
1137518,Henry Heroki Mochizuki,2025-2026,2025-12-15,750000,Zelvia,JAP1,,,,,,,,,True,
1137865,Luca Bombino,2025-2026,2025-12-11,2500000,San Diego Football Club,MLS1,,,,,,,,,True,
1137943,Antonio Rajic,2025-2026,2025-12-22,100000,GNK Dinamo Zagreb,KR1,,,,,,,,,True,
1138089,Santiago Beltrán,2025-2026,2026-03-18,1500000,Club Atlético River Plate,ARG1,,,,,,,,,True,
1138091,Samuel Kovacik,2025-2026,2026-03-26,400000,Legia Warszawa Spółka Akcyjna,PL1,,,,,,,,,True,
1138101,Hampus Skoglund,2025-2026,2025-11-19,2200000,Hammarby IF,SE1,,,,,,,,,True,
1138248,Adam Ilic,2025-2026,2025-12-08,150000,FC Thun,C1,,,,,,,,,True,
1138250,Jill Stiel,2025-2026,2026-01-26,150000,FC Zürich,C1,,,,,,,,,True,
1138255,Giacomo Koloto,2025-2026,2026-03-17,1000000,FC Basel 1893 AG,C1,,,,,,,,,True,
1138260,Olivier Mambwa,2025-2026,2025-12-29,1000000,Berner Sport Club Young Boys,C1,,,,,,,,,True,
1138268,Sandro Wyss,2025-2026,2025-12-29,500000,FC Luzern,C1,,,,,,,,,True,
1139402,Jeronimo Russo,2025-2026,2025-12-17,50000,Club Atlético Newell’s Old Boys,ARG1,,,,,,,,,True,
1140944,Saad Al-Sharfa,2025-2026,2025-12-18,125000,Al-Fateh Club,SA1,,,,,,,,,True,
1141364,Jemmes,2025-2026,2026-03-12,3000000,Fluminense Football Club,BRA1,,,,,,,,,True,
1141473,Maksim Voronov,2025-2026,2026-03-25,2000000,PFK CSKA Moskva,RU1,,,,,,,,,True,
1141848,Savo Radanovic,2025-2026,2025-12-11,400000,Fudbalski klub Crvena zvezda Beograd,SER1,,,,,,,,,True,
1142060,,2025-2026,2025-12-22,300000,,,,,,,,,,,True,
1142144,Tahsin Bülbül,2025-2026,2026-03-05,200000,Samsunspor,TR1,,,,,,,,,True,
1142382,Ibrahim Sabra,2025-2026,2025-12-17,400000,NK Lokomotiva Zagreb,KR1,,,,,,,,,True,
1142392,Harald Postl,2025-2026,2025-12-22,25000,Turn- und Sportverein Egger Glas Hartberg,A1,,,,,,,,,True,
1142432,Tomás Pérez,2025-2026,2025-11-26,150000,Racing Club Asociación Civil de Avellaneda,ARG1,,,,,,,,,True,
1142610,Blake Callinan,2025-2026,2025-12-16,75000,Auckland Football Club,AUS1,,,,,,,,,True,
1142631,Jerolldino Bergraaf,2025-2026,2025-12-02,400000,Excelsior Rotterdam,NL1,,,,,,,,,True,
1143166,Mohammed Suhluli,2025-2026,2025-12-18,175000,Al-Riyadh Saudi Club,SA1,,,,,,,,,True,
1143173,Mishal Al-Alaeli,2025-2026,2025-12-18,200000,Al-Taawoun Football Club,SA1,,,,,,,,,True,
1143410,Hayato Inamura,2025-2026,2025-12-10,300000,Tokyo Football Club,JAP1,,,,,,,,,True,
1143479,Dimitrios Berdos,2025-2026,2025-12-29,200000,Panthessalonikios Athlitikos Omilos Konstantinoupoliton,GR1,,,,,,,,,True,
1143504,Mohammed Sofo,2025-2026,2025-12-11,1000000,Red Bull New York,MLS1,,,,,,,,,True,
1143563,Yuta Arai,2025-2026,2025-12-15,375000,Tokyo Verdy,JAP1,,,,,,,,,True,
1144235,Osama Al-Bawardi,2025-2026,2025-12-18,250000,Al-Riyadh Saudi Club,SA1,,,,,,,,,True,
1144487,Harrison Shillington,2025-2026,2026-01-13,150000,Melbourne City Football Club,AUS1,,,,,,,,,True,
1144488,Franco Lino,2025-2026,2026-01-13,150000,Melbourne Victory FC,AUS1,,,,,,,,,True,
1144681,Julián Mavilla,2025-2026,2025-12-17,300000,Club Atlético Belgrano,ARG1,,,,,,,,,True,
1144706,Tomás Castro,2025-2026,2025-11-26,175000,Club Atlético Belgrano,ARG1,,,,,,,,,True,
1144775,Dean Bosnjak,2025-2026,2026-01-13,250000,Macarthur South West Sydney (A-League),AUS1,,,,,,,,,True,
1144781,Oscar Fryer,2025-2026,2026-01-13,75000,Newcastle United Jets Football Club,AUS1,,,,,,,,,True,
1145002,Ibrahim Diabaté,2025-2026,2025-12-10,50000,Sportvereniging Zulte Waregem,BE1,,,,,,,,,True,
1145037,Fahad Aqeel Al-Zubaidi,2025-2026,2025-12-18,150000,Al-Fateh Club,SA1,,,,,,,,,True,
1145045,Kimito Nono,2025-2026,2025-12-15,1000000,Kashima Antlers FC,JAP1,,,,,,,,,True,
1145063,Naif Asiri,2025-2026,2025-12-18,250000,Al-Okhdood Club,SA1,,,,,,,,,True,
1145064,Cyriaque Irié,2025-2026,2025-12-19,8000000,Sport-Club Freiburg,L1,,,,,,,,,True,
1145209,Nathan Amanatidis,2025-2026,2026-01-13,200000,Brisbane Roar FC,AUS1,,,,,,,,,True,
1145210,Richard Nkomo,2025-2026,2026-01-13,75000,Newcastle United Jets Football Club,AUS1,,,,,,,,,True,
1145212,Nathan Barrie,2025-2026,2026-01-13,100000,Western Sydney Wanderers,AUS1,,,,,,,,,True,
1145213,Giovanni De Abreu,2025-2026,2026-01-13,150000,Perth Glory Football Club,AUS1,,,,,,,,,True,
1145311,Farhah Al-Shamrani,2025-2026,2025-12-18,500000,Al-Ittihad Football Club,SA1,,,,,,,,,True,
1145312,Talal Haji,2025-2026,2025-12-18,900000,Al-Ittihad Football Club,SA1,,,,,,,,,True,
1145392,Valentín Fenoglio,2025-2026,2025-11-26,200000,Asociación Atlética Estudiantes,ARG1,,,,,,,,,True,
1145742,Sultan Tunkar,2025-2026,2025-12-18,275000,Al-Hazem Sport Club,SA1,,,,,,,,,True,
1145832,Luka Vidic,2025-2026,2025-12-11,50000,Železničar Pančevo,SER1,,,,,,,,,True,
1146228,Justin Janssen,2025-2026,2025-12-15,850000,Fodbold Club Nordsjælland,DK1,,,,,,,,,True,
1146453,Givaro Rahajaän,2025-2026,2025-12-02,100000,Prins Hendrik Ende Desespereert Nimmer Combinatie Zwolle,NL1,,,,,,,,,True,
1146650,Abel Walatee,2025-2026,2026-01-13,350000,Sydney Football Club,AUS1,,,,,,,,,True,
1146988,Keita Kosugi,2025-2026,2026-03-20,6000000,Eintracht Frankfurt Fußball AG,L1,,,,,,,,,True,
1148082,Kornel Lisman,2025-2026,2026-03-26,600000,KKS Lech Poznań Spółka Akcyjna,PL1,,,,,,,,,True,
1149096,Emmanuel Godwin,2025-2026,2026-03-24,500000,FK Pardubice,TS1,,,,,,,,,True,
1149306,Neymar Uribe,2025-2026,2025-12-05,200000,Envigado FC,COL1,,,,,,,,,True,
1149308,Didier Palacios,2025-2026,2025-12-05,400000,Envigado FC,COL1,,,,,,,,,True,
1149559,Valentín Fascendini,2025-2026,2025-12-17,2000000,Club Atlético Unión,ARG1,,,,,,,,,True,
1149569,Julián Ceballos,2025-2026,2025-11-26,450000,Club Atlético Gimnasia y Esgrima de Mendoza,ARG1,,,,,,,,,True,
1149614,Hiroto Asada,2025-2026,2025-12-15,50000,Yokohama Marinos,JAP1,,,,,,,,,True,
1149925,Facinet Conte,2025-2026,2025-12-29,600000,Berner Sport Club Young Boys,C1,,,,,,,,,True,
1150073,Jesús Díaz,2025-2026,2026-03-26,500000,Zagłębie Lubin Spółka Akcyjna,PL1,,,,,,,,,True,
1150105,Pharell Hensel,2025-2026,2026-03-20,3000000,Verein für Leibesübungen Wolfsburg,L1,,,,,,,,,True,
1150206,Dylan Aquino,2025-2026,2025-12-17,2200000,Club Atlético Lanús,ARG1,,,,,,,,,True,
1150261,Adrian Skogmar,2025-2026,2025-11-19,600000,Malmö Fotbollförening,SE1,,,,,,,,,True,
1150372,Patricio Salas,2025-2026,2025-12-29,50000,Club de Futbol América S. A. de C. V.,MEX1,,,,,,,,,True,
1150517,Matías Gómez,2025-2026,2025-12-17,100000,Club Atlético Talleres,ARG1,,,,,,,,,True,
1150520,Isak Brusberg,2025-2026,2026-03-26,500000,RKS Raków Częstochowa SA,PL1,,,,,,,,,True,
1150565,Eduardo Navarro,2025-2026,2026-03-26,1000000,Club de Futbol Puebla de La Franja,MEX1,,,,,,,,,True,
1150567,José Pachuca,2025-2026,2025-12-29,800000,Club de Futbol Puebla de La Franja,MEX1,,,,,,,,,True,
1150822,Eric Klein,2025-2026,2025-12-11,50000,New England Revolution,MLS1,,,,,,,,,True,
1151605,Puso Dithejane,2025-2026,2025-12-12,800000,Chicago Fire Soccer Club,MLS1,,,,,,,,,True,
1151843,Kiichi Yamazaki,2025-2026,2025-12-15,250000,Football Club Mito HollyHock,JAP1,,,,,,,,,True,
1151870,Lovre Kulusic,2025-2026,2025-12-10,500000,HNK Vukovar 1991,KR1,,,,,,,,,True,
1151887,Vladislav Pospelov,2025-2026,2025-12-16,100000,FK Baltika,RU1,,,,,,,,,True,
1151929,Gessime Yassine,2025-2026,2026-03-27,10000000,Racing Club de Strasbourg Alsace,FR1,,,,,,,,,True,
1152155,Owen Presthus,2025-2026,2025-11-25,25000,Columbus Crew,MLS1,,,,,,,,,True,
1152232,Nick Schmidt,2025-2026,2025-12-19,125000,Fußball-Club St. Pauli von 1910,L1,,,,,,,,,True,
1152491,Jalal Abdullai,2025-2026,2025-12-15,2000000,Molde Fotballklubb,NO1,,,,,,,,,True,
1152597,Darius Randell,2025-2026,2025-12-11,100000,Minnesota United FC,MLS1,,,,,,,,,True,
1153297,Adrien Llukes,2025-2026,2026-03-17,500000,FC Sion,C1,,,,,,,,,True,
1153358,Shion Shinkawa,2025-2026,2025-12-15,700000,Koninklijke Sint-Truidense Voetbalvereniging,BE1,,,,,,,,,True,
1153544,Cyrill May,2025-2026,2025-12-29,5000000,FC St. Gallen 1879,C1,,,,,,,,,True,
1153553,Nino Weibel,2025-2026,2026-03-17,300000,FC St. Gallen 1879,C1,,,,,,,,,True,
1153628,Yannik Wagner,2025-2026,2025-12-19,800000,1. Fußballclub Heidenheim 1846,L1,,,,,,,,,True,
1153662,Artur Musak,2025-2026,2025-12-22,350000,FC Baník Ostrava a.s.,TS1,,,,,,,,,True,
1153735,Tomás Fernández,2025-2026,2025-12-17,25000,Club Atlético Tigre,ARG1,,,,,,,,,True,
1153793,Luka Vicelich,2025-2026,2025-12-16,50000,Auckland Football Club,AUS1,,,,,,,,,True,
1153920,Takeshi Ushizawa,2025-2026,2025-12-15,200000,Football Club Mito HollyHock,JAP1,,,,,,,,,True,
1153962,Sebastián Viveros,2025-2026,2026-03-17,250000,Millonarios FC,COL1,,,,,,,,,True,
1154123,Mateo Levy,2025-2026,2026-03-26,1000000,Club de Fútbol Cruz Azul S.A. de C.V.,MEX1,,,,,,,,,True,
1154451,Yun-ho Kim,2025-2026,2025-12-16,50000,Gwangju Football Club,RSK1,,,,,,,,,True,
1154480,Seok-jin Han,2025-2026,2025-12-16,75000,Jeonbuk Hyundai Motors,RSK1,,,,,,,,,True,
1154874,Kayne Razmovski,2025-2026,2026-01-12,50000,Melbourne Victory FC,AUS1,,,,,,,,,True,
1154876,Kasey Bos,2025-2026,2025-12-19,450000,1. Fußball- und Sportverein Mainz 05,L1,,,,,,,,,True,
1154996,Jeong-beom Son,2025-2026,2026-03-09,100000,Football Club Seoul,RSK1,,,,,,,,,True,
1155207,Joel Anasmo,2025-2026,2026-01-13,50000,Perth Glory Football Club,AUS1,,,,,,,,,True,
1155608,Amady Camara,2025-2026,2025-12-15,1200000,Football Club de Nantes,FR1,,,,,,,,,True,
1155715,Mohamed Sanogo,2025-2026,2025-12-22,175000,Linzer Athletik-Sport-Klub,A1,,,,,,,,,True,
1155723,Gilberto Mora,2025-2026,2025-12-29,10000000,Club Tijuana Xoloitzcuintles de Caliente,MEX1,,,,,,,,,True,
1156272,Koki Kumasaka,2025-2026,2025-12-15,550000,Hitachi Kashiwa Reysol,JAP1,,,,,,,,,True,
1156640,Aleks Stojakovic,2025-2026,2025-12-22,900000,NK Lokomotiva Zagreb,KR1,,,,,,,,,True,
1157122,Gustavo Charrupí,2025-2026,2025-12-05,700000,Atlético Bucaramanga,COL1,,,,,,,,,True,
1157296,Javier Vallejos,2023-2024,2023-12-19,25000,Club Atlético Central Córdoba,ARG1,,,,,,,,,True,
1157482,Stjepan Davidovic,2025-2026,2026-03-26,650000,Miejski Klub Sportowy Korona Kielce Spółka Akcyjna,PL1,,,,,,,,,True,
1157676,Adonija Ouanda,2025-2026,2026-03-24,350000,1. FC Slovácko,TS1,,,,,,,,,True,
1158001,Luighi,2025-2026,2025-12-10,5000000,Sociedade Esportiva Palmeiras,BRA1,,,,,,,,,True,
1158287,Jacob Brazete,2025-2026,2026-01-13,250000,Brisbane Roar FC,AUS1,,,,,,,,,True,
1158288,Wataru Kamijo,2025-2026,2026-01-13,200000,Sydney Football Club,AUS1,,,,,,,,,True,
1158577,Matei Goga,2024-2025,2025-06-16,150000,U Craiova 1948 Club Sportiv SA,RO1,,,,,,,,,True,
1158631,Yong-hyuk Kim,2025-2026,2026-03-18,150000,Gwangju Football Club,RSK1,,,,,,,,,True,
1158702,Joseph Lacey,2025-2026,2026-01-13,50000,Sydney Football Club,AUS1,,,,,,,,,True,
1158799,Rafael Profini,2025-2026,2026-03-18,1500000,Club Atlético Unión,ARG1,,,,,,,,,True,
1159156,Ahmad Abu Rasen,2025-2026,2025-12-18,25000,Al-Hilal Saudi Football Club,SA1,,,,,,,,,True,
1159169,Nikola Grujic,2025-2026,2025-12-11,50000,Fudbalski Klub Spartak Ždrepčeva krv,SER1,,,,,,,,,True,
1159175,Mathew Gbomadu,2025-2026,2025-12-09,200000,Club Football Estrela da Amadora,PO1,,,,,,,,,True,
1159253,Sal Olivas,2025-2026,2025-12-11,100000,Philadelphia Union,MLS1,,,,,,,,,True,
1159650,Lautaro Vargas,2025-2026,2025-12-17,3000000,Club Atlético Unión,ARG1,,,,,,,,,True,
1159661,Eddy Doué,2025-2026,2026-03-19,300000,Club Football Estrela da Amadora,PO1,,,,,,,,,True,
1159864,Mariano Troilo,2025-2026,2026-03-24,7500000,Parma Calcio 1913,IT1,,,,,,,,,True,
1160106,Javier Ruiz,2025-2026,2025-12-17,3500000,Impulsora del Deportivo Necaxa S.A. de C.V.,MEX1,,,,,,,,,True,
1160184,Abdoul Ayinde,2025-2026,2025-12-18,400000,Koninklijke Atletiek Associatie Gent,BE1,,,,,,,,,True,
1160214,Adriano Manole,2025-2026,2025-12-19,25000,Asociația Clubul Sportiv Campionii Fotbal Club Argeș,RO1,,,,,,,,,True,
1160366,Arseniy Dmitriev,2025-2026,2025-12-16,400000,Akron Togliatti,RU1,,,,,,,,,True,
1160504,Burak Gültekin,2025-2026,2026-01-05,150000,Kasımpaşa A.Ş.,TR1,,,,,,,,,True,
1160724,Kazbek Mukailov,2025-2026,2025-12-16,600000,FK Krasnodar,RU1,,,,,,,,,True,
1160854,Elías Báez,2025-2026,2025-12-17,3300000,Atlanta United Football Club,MLS1,,,,,,,,,True,
1161034,Mohammed Mansour,2025-2026,2025-12-18,75000,Al-Najma Sport Club,SA1,,,,,,,,,True,
1161049,Ioan Bârstan,2025-2026,2025-12-19,25000,Asociația Fotbal Club Hermannstadt,RO1,,,,,,,,,True,
1161121,Murad Al-Hawsawi,2025-2026,2026-03-30,1500000,Al-Hilal Saudi Football Club,SA1,,,,,,,,,True,
1161126,Abdulrahman Al-Khaibre,2025-2026,2025-12-18,175000,Damac Football Club,SA1,,,,,,,,,True,
1161128,Ammar Al-Harfi,2025-2026,2025-12-18,100000,Al-Riyadh Saudi Club,SA1,,,,,,,,,True,
1161129,Ahmed Omar,2025-2026,2025-12-18,50000,Damac Football Club,SA1,,,,,,,,,True,
1161144,,2025-2026,2025-12-18,50000,,,,,,,,,,,True,
1161178,Min-gyu Baek,2025-2026,2025-12-16,125000,Incheon United Football Club,RSK1,,,,,,,,,True,
1161179,Seung-gu Choi,2025-2026,2025-12-16,275000,Incheon United Football Club,RSK1,,,,,,,,,True,
1161829,Lucas Svenningsen,2025-2026,2025-12-15,100000,Lillestrøm Sportsklubb,NO1,,,,,,,,,True,
1162012,Oskar Pietuszewski,2025-2026,2026-03-19,20000000,Futebol Clube do Porto,PO1,,,,,,,,,True,
1162160,Maher Carrizo,2025-2026,2025-12-17,10000000,AFC Ajax Amsterdam,NL1,,,,,,,,,True,
1162205,Dylan Borso,2025-2026,2026-03-08,100000,Chicago Fire Soccer Club,MLS1,,,,,,,,,True,
1162282,Yevgen Morozov,2025-2026,2025-12-29,100000,FC Zürich,C1,,,,,,,,,True,
1162654,Noam Obougou,2025-2026,2026-03-27,1000000,Le Havre Athletic Club,FR1,,,,,,,,,True,
1163079,Filip Halabrin,2025-2026,2025-12-11,400000,Omladinski fudbalski klub Beograd,SER1,,,,,,,,,True,
1163170,Raul Iancu,2023-2024,2024-05-30,10000,Asociația Fotbal Club Unirea 04 Slobozia,RO1,,,,,,,,,True,
1163687,Keshim Al-Qahtani,2025-2026,2025-12-18,150000,Al-Taawoun Football Club,SA1,,,,,,,,,True,
1163767,Pascal Mozie,2025-2026,2025-12-08,300000,Legia Warszawa Spółka Akcyjna,PL1,,,,,,,,,True,
1163952,Alexandru Soare,2023-2024,2024-05-30,25000,Fotbal Club Metaloglobus București SA,RO1,,,,,,,,,True,
1164513,Mohammed Waleed Al-Dossary,2025-2026,2025-12-18,250000,Al-Taawoun Football Club,SA1,,,,,,,,,True,
1165714,Jun-seo Jin,2025-2026,2025-12-16,75000,Gangwon Football Club,RSK1,,,,,,,,,True,
1165893,Steeven Assengue,2025-2026,2025-12-10,150000,Royal Standard Club de Liège,BE1,,,,,,,,,True,
1166017,Tobias Boledovic,2025-2026,2025-12-22,350000,FK Pardubice,TS1,,,,,,,,,True,
1166036,Arseniy Vavshko,2025-2026,2025-12-18,50000,Epicentr Dunaivtsi,UKR1,,,,,,,,,True,
1166097,Joel Canchimbo,2025-2026,2026-03-17,2000000,Junior FC,COL1,,,,,,,,,True,
1166473,Raphaël Le Guen,2025-2026,2025-12-15,50000,Stade brestois 29,FR1,,,,,,,,,True,
1166999,Andrija Milicevic,2025-2026,2026-03-26,100000,Fudbalski klub Radnik Surdulica,SER1,,,,,,,,,True,
1167022,Axel Kouame,2025-2026,2025-11-19,900000,Allmänna Idrottsklubben,SE1,,,,,,,,,True,
1167425,Jakub Pira,2025-2026,2025-12-22,1500000,FC Baník Ostrava a.s.,TS1,,,,,,,,,True,
1167442,Emmanuel Ojukwu,2025-2026,2025-12-22,75000,Turn- und Sportverein Egger Glas Hartberg,A1,,,,,,,,,True,
1167645,Wilfred George Igor,2025-2026,2025-12-15,1000000,Kristiansund Ballklubb,NO1,,,,,,,,,True,
1167696,Ifeanyi Ndukwe,2025-2026,2026-03-10,3000000,Fußballklub Austria Wien,A1,,,,,,,,,True,
1167746,Ignat Pushkutsa,2025-2026,2025-12-18,50000,NK Veres Rivne,UKR1,,,,,,,,,True,
1168219,Said El Mala,2025-2026,2026-03-20,35000000,1. Fußball-Club Köln,L1,,,,,,,,,True,
1168222,Malek El Mala,2025-2026,2025-12-19,250000,1. Fußball-Club Köln,L1,,,,,,,,,True,
1168260,Bastien Donio,2025-2026,2025-12-08,400000,Klub Sportowy Górnik Zabrze Sportowa Spółka Akcyjna,PL1,,,,,,,,,True,
1168398,Umut İslamoğlu,2025-2026,2025-12-17,50000,Gençlerbirliği Spor Kulübü,TR1,,,,,,,,,True,
1168791,Quinn MacNicol,2025-2026,2026-01-13,175000,Brisbane Roar FC,AUS1,,,,,,,,,True,
1168837,Abdalellah Hawsawi,2025-2026,2025-12-18,300000,Al-Taawoun Football Club,SA1,,,,,,,,,True,
1168839,Sattam Al-Roqi,2025-2026,2025-12-18,100000,Al-Fayha FC,SA1,,,,,,,,,True,
1168993,Fahad Al-Abdulrazzaq,2025-2026,2025-12-18,175000,Al-Najma Sport Club,SA1,,,,,,,,,True,
1169016,Abdulelah Al-Khaibri,2025-2026,2025-12-18,375000,Al-Riyadh Saudi Club,SA1,,,,,,,,,True,
1169025,Nawaf Al-Hawsawi,2025-2026,2025-12-18,75000,Al-Najma Sport Club,SA1,,,,,,,,,True,
1169084,Stefan Petrovic,2025-2026,2026-03-25,300000,Fudbalski Klub Partizan Beograd,SER1,,,,,,,,,True,
1169184,Mohammed Mahzari,2025-2026,2026-03-30,400000,Al-Taawoun Football Club,SA1,,,,,,,,,True,
1169185,Mohammed Abdulrahman,2025-2026,2025-12-18,500000,Al-Ahli Saudi Football Club,SA1,,,,,,,,,True,
1169198,Abdulaziz Al-Hatila,2025-2026,2025-12-18,125000,Al-Okhdood Club,SA1,,,,,,,,,True,
1169411,Luca Weinhandl,2025-2026,2026-03-10,2000000,Sportklub Puntigamer Sturm Graz,A1,,,,,,,,,True,
1169430,Davorin Tosic,2025-2026,2026-03-26,50000,Železničar Pančevo,SER1,,,,,,,,,True,
1169455,Vasilije Novicic,2025-2026,2025-12-11,3500000,Fudbalski Klub IMT Novi Beograd,SER1,,,,,,,,,True,
1169535,Jagos Djurkovic,2025-2026,2026-03-26,100000,Fudbalski Klub Mladost Lučani,SER1,,,,,,,,,True,
1169537,Aleksa Milosevic,2025-2026,2026-03-26,350000,Fudbalski Klub Mladost Lučani,SER1,,,,,,,,,True,
1169747,Will McKay,2025-2026,2026-01-13,125000,Macarthur South West Sydney (A-League),AUS1,,,,,,,,,True,
1169749,William Freney,2025-2026,2026-01-13,350000,Perth Glory Football Club,AUS1,,,,,,,,,True,
1169835,Oscar Faulds,2024-2025,2025-06-19,100000,Auckland Football Club,AUS1,,,,,,,,,True,
1170032,Khaled Al-Shammari,2024-2025,2025-06-24,175000,Al-Najma Sport Club,SA1,,,,,,,,,True,
1170033,Rayan Enad,2025-2026,2025-12-18,175000,Al-Fayha FC,SA1,,,,,,,,,True,
1170153,Dimitrije Nikolic,2025-2026,2026-03-26,50000,FK Radnički 1923 Kragujevac,SER1,,,,,,,,,True,
1170286,Darryl Bakola,2025-2026,2026-03-24,8000000,Unione Sportiva Sassuolo Calcio,IT1,,,,,,,,,True,
1170351,Lucas Bernabéu,2023-2024,2023-12-19,25000,Club Atlético Central Córdoba,ARG1,,,,,,,,,True,
1170805,Matteo Mantini,2025-2026,2025-12-29,350000,Grasshopper Club Zürich,C1,,,,,,,,,True,
1171460,César Garza,2025-2026,2026-03-26,3500000,Club Universidad Nacional A. C.,MEX1,,,,,,,,,True,
1171600,Alamara Djabi,2025-2026,2025-12-15,200000,Fodbold Club Midtjylland,DK1,,,,,,,,,True,
1172146,Khalid Al-Subaie,2025-2026,2025-12-18,175000,Al-Najma Sport Club,SA1,,,,,,,,,True,
1172166,Franz-Ethan Meichtry,2025-2026,2026-03-17,3000000,FC Thun,C1,,,,,,,,,True,
1172422,Filip Öhman,2025-2026,2025-11-19,1000000,BK Häcken,SE1,,,,,,,,,True,
1172424,Elvis van der Laan,2025-2026,2025-12-02,100000,Football Club Groningen,NL1,,,,,,,,,True,
1172431,Kevin Filling,2025-2026,2026-03-30,2000000,Allmänna Idrottsklubben,SE1,,,,,,,,,True,
1172437,Kennedy Okpaleke,2025-2026,2025-12-15,300000,Fredrikstad Fotballklubb,NO1,,,,,,,,,True,
1172441,Benjamin Brantlind,2025-2026,2026-03-30,200000,Idrottsföreningen Kamraterna Göteborg,SE1,,,,,,,,,True,
1172620,Bruno Durdov,2025-2026,2025-12-22,3000000,HNK Hajduk Split,KR1,,,,,,,,,True,
1173444,Jeremías Lucco,2025-2026,2025-12-17,175000,Club Atlético Belgrano,ARG1,,,,,,,,,True,
1173591,Zane Helweh,2025-2026,2026-01-13,150000,Macarthur South West Sydney (A-League),AUS1,,,,,,,,,True,
1173619,Andrej Milanovic,2025-2026,2026-03-26,150000,Fudbalski Klub IMT Novi Beograd,SER1,,,,,,,,,True,
1173786,Saud Salem,2025-2026,2025-12-18,100000,Al-Okhdood Club,SA1,,,,,,,,,True,
1173794,Mohammed Al-Shwirekh,2025-2026,2025-12-18,550000,Al-Shabab Club,SA1,,,,,,,,,True,
1173837,Milos Jovicic,2025-2026,2025-12-22,50000,NK Osijek s.d.d.,KR1,,,,,,,,,True,
1173856,Ivan Katic,2025-2026,2025-12-22,500000,NK Lokomotiva Zagreb,KR1,,,,,,,,,True,
1174032,Tidiane Devernois,2025-2026,2026-03-27,300000,Association de la Jeunesse auxerroise,FR1,,,,,,,,,True,
1174506,Cheick Mamadou Diabaté,2025-2026,2026-03-10,800000,RZ Pellets Wolfsberger Athletiksport Club,A1,,,,,,,,,True,
1174744,Emmanuel Fully,2025-2026,2025-12-22,500000,"FK Teplice, a.s.",TS1,,,,,,,,,True,
1174823,Leandro Lescano,2025-2026,2025-12-17,200000,Club Atlético Huracán,ARG1,,,,,,,,,True,
1174877,,2025-2026,2025-12-22,50000,,,,,,,,,,,True,
1174943,Jabes Saralegui,2025-2026,2025-12-17,3000000,Club Atlético Tigre,ARG1,,,,,,,,,True,
1175045,Luca Blondeau,2025-2026,2025-12-02,75000,Football Club Volendam,NL1,,,,,,,,,True,
1175048,Robin van Cruijsen,2025-2026,2026-03-11,1500000,Football Club Volendam,NL1,,,,,,,,,True,
1175086,Samukele Kabini,2025-2026,2025-12-15,2000000,Molde Fotballklubb,NO1,,,,,,,,,True,
1175220,Álvaro Augusto,2025-2026,2025-12-11,200000,FC Dallas,MLS1,,,,,,,,,True,
1175410,Matías Pérez,2025-2026,2025-12-23,500000,Unione Sportiva Lecce,IT1,,,,,,,,,True,
1175609,Kerem Kayaarası,2025-2026,2025-12-17,50000,Antalyaspor,TR1,,,,,,,,,True,
1175703,Josen Escobar,2025-2026,2025-12-05,1500000,CD América de Cali,COL1,,,,,,,,,True,
1176215,Bahmed Deuff,2025-2026,2026-03-27,1500000,Football Club de Nantes,FR1,,,,,,,,,True,
1176271,,2025-2026,2026-03-27,200000,,,,,,,,,,,True,
1176295,Pape Moussa Fall,2025-2026,2026-03-13,1500000,RAAL La Louvière,BE1,,,,,,,,,True,
1176364,Amidou Traoré,2025-2026,2025-12-15,100000,Damac Football Club,SA1,,,,,,,,,True,
1176435,Ivan Denysov,2025-2026,2026-03-23,100000,FC Rukh Lviv,UKR1,,,,,,,,,True,
1176547,Oliver Lavale,2025-2026,2026-01-18,125000,Western United FC,AUS1,,,,,,,,,True,
1177033,Bright Ede,2025-2026,2026-03-26,1000000,Motor Lublin Spółka Akcyjna,PL1,,,,,,,,,True,
1177190,Ye-chan Lee,2025-2026,2025-12-16,50000,Bucheon Football Club 1995,RSK1,,,,,,,,,True,
1177475,Jamie Atangana,2025-2026,2025-12-29,500000,Servette Football Club 1890 SA,C1,,,,,,,,,True,
1177478,Malek Ishuayed,2025-2026,2026-03-17,500000,Servette Football Club 1890 SA,C1,,,,,,,,,True,
1177723,Harry Hilvenius,2025-2026,2025-11-19,100000,BK Häcken,SE1,,,,,,,,,True,
1177725,Abdulrahman Al-Shammari,2025-2026,2025-12-18,100000,Al-Riyadh Saudi Club,SA1,,,,,,,,,True,
1177907,Ethan Bruchez,2025-2026,2025-12-29,300000,Football Club Lausanne-Sport,C1,,,,,,,,,True,
1178065,Deivid Hoxha,2025-2026,2026-03-06,50000,Panetolikos Agrinio,GR1,,,,,,,,,True,
1178314,Abdullah Abdo,2025-2026,2025-12-18,75000,Al-Ahli Saudi Football Club,SA1,,,,,,,,,True,
1178475,Mohamed Bamba,2025-2026,2026-03-19,2500000,Gil Vicente Futebol Clube,PO1,,,,,,,,,True,
1178488,Idrissa Gueye,2025-2026,2025-12-23,4000000,Udinese Calcio,IT1,,,,,,,,,True,
1178489,Alpha Touré,2025-2026,2026-03-27,5000000,Football Club de Metz,FR1,,,,,,,,,True,
1178536,Ville Nilsson,2023-2024,2023-12-08,25000,Kalmar Fotbollförening,SE1,,,,,,,,,True,
1178695,Kenny Quetant,2025-2026,2026-03-27,2000000,Le Havre Athletic Club,FR1,,,,,,,,,True,
1178758,Malick Yalcouyé,2025-2026,2025-12-03,14000000,Sportklub Puntigamer Sturm Graz,A1,Malick Yalcouyé,2025-2026,2025-12-03,14000000.0,Brighton and Hove Albion Football Club,GB1,0.0,0.0,True,Premier League
1178961,Siebe Van Keymolen,2025-2026,2025-12-10,100000,Sportvereniging Zulte Waregem,BE1,,,,,,,,,True,
1179514,Ousmane Condé,2025-2026,2026-03-24,350000,MFK Karvina,TS1,,,,,,,,,True,
1179658,Peter Itodo,2025-2026,2025-12-18,1200000,TOV FK Metalist 1925 Kharkiv,UKR1,,,,,,,,,True,
1179859,Jhon Aponzá,2025-2026,2025-12-05,200000,Deportivo Cali,COL1,,,,,,,,,True,
1179908,Awan Lual,2025-2026,2026-01-13,50000,Western Sydney Wanderers,AUS1,,,,,,,,,True,
1180021,Erick Belé,2025-2026,2026-03-12,1000000,Sociedade Esportiva Palmeiras,BRA1,,,,,,,,,True,
1180062,Mehdi Al-Aboud,2025-2026,2025-12-18,75000,Al-Fateh Club,SA1,,,,,,,,,True,
1180065,Ziyad Al-Ghamdi,2025-2026,2025-12-18,100000,Al-Ettifaq Football Club,SA1,,,,,,,,,True,
1180070,Awad Aman,2025-2026,2025-12-18,75000,Al-Nassr Football Club,SA1,,,,,,,,,True,
1180074,Saad Haqawi,2025-2026,2025-12-18,150000,Al-Nassr Football Club,SA1,,,,,,,,,True,
1180570,Nasser Al-Haleel,2025-2026,2025-12-18,150000,Al-Najma Sport Club,SA1,,,,,,,,,True,
1180586,Nawaf Al-Osaimi,2025-2026,2025-12-18,25000,Al-Shabab Club,SA1,,,,,,,,,True,
1180693,Thamer Al-Khaibri,2025-2026,2026-03-30,250000,Al-Khaleej Club (Saihat),SA1,,,,,,,,,True,
1181090,Saif Rajab,2025-2026,2025-12-18,150000,Al-Taawoun Football Club,SA1,,,,,,,,,True,
1181093,Abdulaziz Al-Dwehe,2025-2026,2025-12-18,75000,Al-Hazem Sport Club,SA1,,,,,,,,,True,
1181852,Mohammed Abu Al-Shamat,2025-2026,2026-03-30,1400000,Al-Qadsiah Saudi Football Club,SA1,,,,,,,,,True,
1182161,Valentino Simoni,2025-2026,2026-03-18,350000,Club Atlético Gimnasia y Esgrima de Mendoza,ARG1,,,,,,,,,True,
1182320,Tristan Brown,2025-2026,2025-12-11,150000,Columbus Crew,MLS1,,,,,,,,,True,
1182625,Illyès Benachour,2025-2026,2025-12-10,100000,Koninklijke Sint-Truidense Voetbalvereniging,BE1,,,,,,,,,True,
1182665,Néiser Villarreal,2025-2026,2025-12-05,2200000,Cruzeiro Esporte Clube,BRA1,,,,,,,,,True,
1182738,Abdoulaye Faye,2025-2026,2025-12-15,3000000,Football Club Lorient-Bretagne Sud,FR1,,,,,,,,,True,
1183281,Abdulmalik Al-Harbi,2025-2026,2025-12-18,75000,Al-Kholood Club,SA1,,,,,,,,,True,
1183410,Charlie Pavey,2025-2026,2026-03-30,400000,Allmänna Idrottsklubben,SE1,,,,,,,,,True,
1183452,Austin Ludwik,2025-2026,2026-01-13,150000,Brisbane Roar FC,AUS1,,,,,,,,,True,
1183555,Jayden Smith,2025-2026,2026-01-13,100000,Wellington Phoenix Football Club,AUS1,,,,,,,,,True,
1183854,Medin Memeti,2025-2026,2026-01-13,300000,Melbourne City Football Club,AUS1,,,,,,,,,True,
1183855,Benjamin Mazzeo,2025-2026,2026-01-13,250000,Melbourne City Football Club,AUS1,,,,,,,,,True,
1184570,Agustín Módica,2025-2026,2025-12-17,1000000,Club Atlético Gimnasia y Esgrima de Mendoza,ARG1,,,,,,,,,True,
1184662,Ejike Opara,2025-2026,2025-12-11,1000000,Vitória Sport Clube,PO1,,,,,,,,,True,
1184675,Jovan Ciric,2025-2026,2026-03-26,1000000,Fudbalski Klub Mladost Lučani,SER1,,,,,,,,,True,
1184726,August De Wannemacker,2025-2026,2025-12-18,1000000,Koninklijke Racing Club Genk,BE1,,,,,,,,,True,
1184983,Ahmed Saeed,2025-2026,2026-03-30,200000,Djurgårdens Idrottsförening,SE1,,,,,,,,,True,
1184986,Love Arrhov,2025-2026,2025-11-19,5000000,Eintracht Frankfurt Fußball AG,L1,,,,,,,,,True,
1185707,Muhanad Al-Saad,2025-2026,2025-12-29,500000,Neom Sports Club,SA1,,,,,,,,,True,
1185717,,2023-2024,2024-06-04,25000,,,,,,,,,,,True,
1186148,Javier Mena,2025-2026,2025-12-05,800000,Rionegro Águilas,COL1,,,,,,,,,True,
1186213,Luca Raffin,2025-2026,2026-03-18,50000,Club Atlético Rosario Central,ARG1,,,,,,,,,True,
1186235,Jorge Cestero,2025-2026,2026-03-18,7500000,Real Madrid Club de Fútbol,ES1,,,,,,,,,True,
1186815,Osama Al-Thumayri,2024-2025,2024-12-13,10000,Al-Fayha FC,SA1,,,,,,,,,True,
1186816,Abdulraouf Al-Duqayl,2025-2026,2025-12-18,50000,Al-Fayha FC,SA1,,,,,,,,,True,
1186946,Bayron Duarte,2025-2026,2025-12-05,350000,Querétaro Fútbol Club,MEX1,,,,,,,,,True,
1187629,Max Dowman,2025-2026,2025-12-31,20000000,Arsenal Football Club,GB1,,,,,,,,,True,
1187942,Khalis Merah,2025-2026,2026-03-27,10000000,Olympique Lyonnais,FR1,,,,,,,,,True,
1188077,Francis Nwokeabia,2025-2026,2025-12-11,100000,Fudbalski Klub Spartak Ždrepčeva krv,SER1,,,,,,,,,True,
1188906,Ayman Fallatah,2025-2026,2025-12-18,250000,Neom Sports Club,SA1,,,,,,,,,True,
1188907,Abdulkarim Darisi,2025-2026,2025-12-18,175000,Al-Hilal Saudi Football Club,SA1,,,,,,,,,True,
1188908,Abdulrahman Al-Anazi,2025-2026,2025-12-18,100000,Al-Fayha FC,SA1,,,,,,,,,True,
1189172,Ruud Nijstad,2025-2026,2026-03-11,8000000,Football Club Twente,NL1,,,,,,,,,True,
1189915,Mikkel Bro Hansen,2025-2026,2025-12-15,800000,Fotballklubben Bodø/Glimt,NO1,,,,,,,,,True,
1189987,Haakon Haugen,2025-2026,2025-12-15,200000,Kristiansund Ballklubb,NO1,,,,,,,,,True,
1190006,Dominik Chong Qui,2025-2026,2025-12-11,100000,Atlanta United Football Club,MLS1,,,,,,,,,True,
1190204,Jhon Martínez,2025-2026,2025-12-05,50000,Fortaleza CEIF,COL1,,,,,,,,,True,
1190215,,2025-2026,2025-12-16,250000,,,,,,,,,,,True,
1190390,Sheyko Studer,2025-2026,2025-12-17,4500000,Club Sportivo Independiente Rivadavia,ARG1,,,,,,,,,True,
1190454,Faris Al-Ghamdi,2025-2026,2026-03-30,250000,Al-Ettifaq Football Club,SA1,,,,,,,,,True,
1191154,Ibrahima Ba,2025-2026,2026-03-19,3000000,Futebol Clube de Famalicão,PO1,,,,,,,,,True,
1191520,Nils Zätterström,2025-2026,2025-12-03,3000000,Genoa Cricket and Football Club,IT1,,,,,,,,,True,
1191586,Benjamin Örn,2025-2026,2025-11-19,300000,Randers Fodbold Club,DK1,,,,,,,,,True,
1193174,Mamadou Fall,2025-2026,2025-12-11,50000,Omladinski fudbalski klub Beograd,SER1,,,,,,,,,True,
1193298,Tahiel Jiménez,2025-2026,2025-12-29,750000,Club Santos Laguna S. A. de C. V.,MEX1,,,,,,,,,True,
1193579,Thiago Gigena,2025-2026,2025-12-17,25000,Club Atlético Newell’s Old Boys,ARG1,,,,,,,,,True,
1193709,Min-soo Kim,2024-2025,2025-06-03,50000,Foundation Coorperation Hana Financial Group Inc. Football Club,RSK1,,,,,,,,,True,
1193791,Giorgi Kavlashvili,2025-2026,2025-12-10,100000,Royale Union Saint-Gilloise,BE1,,,,,,,,,True,
1193844,Adri Mehmeti,2025-2026,2026-02-25,1000000,Red Bull New York,MLS1,,,,,,,,,True,
1193865,Pedro Cobra,2025-2026,2025-09-25,600000,Clube Atlético Mineiro,BRA1,,,,,,,,,True,
1193868,João Souza,2025-2026,2025-09-25,800000,Clube de Regatas do Flamengo,BRA1,,,,,,,,,True,
1194058,Artem Akatov,2024-2025,2025-06-06,50000,Motor Lublin Spółka Akcyjna,PL1,,,,,,,,,True,
1194136,Shunsuke Saito,2025-2026,2025-12-15,1000000,Koninklijke Voetbal Club Westerlo,BE1,,,,,,,,,True,
1194398,Khaled Al-Rammah,2025-2026,2025-12-18,100000,Al-Fayha FC,SA1,,,,,,,,,True,
1194813,Enzo Kana-Biyik,2025-2026,2025-12-29,500000,Football Club Lausanne-Sport,C1,,,,,,,,,True,
1195407,Sallieu Bah,2025-2026,2026-03-23,200000,FC Zorya Lugansk,UKR1,,,,,,,,,True,
1195422,Zach Lisolajski,2025-2026,2026-01-13,150000,Perth Glory Football Club,AUS1,,,,,,,,,True,
1195798,Mathias Ferrante,2025-2026,2025-12-23,200000,Società Sportiva Calcio Napoli,IT1,,,,,,,,,True,
1196804,Anass Bouziane,2025-2026,2025-12-02,25000,Football Club Volendam,NL1,,,,,,,,,True,
1196897,Mauro Villar,2025-2026,2025-12-18,250000,Club Atlético Huracán,ARG1,,,,,,,,,True,
1197308,Santino Barbi,2025-2026,2025-12-17,200000,Club Atlético Talleres,ARG1,,,,,,,,,True,
1197773,Mateo Mendía,2025-2026,2025-12-17,100000,Club Atlético Platense,ARG1,,,,,,,,,True,
1197922,Santiago Segovia,2025-2026,2025-12-17,250000,Club Atlético Rosario Central,ARG1,,,,,,,,,True,
1198369,Kevin Coronel,2025-2026,2025-12-17,200000,Asociación Atlética Argentinos Juniors,ARG1,,,,,,,,,True,
1199583,Emilio Aristizábal,2025-2026,2025-12-05,1200000,Toronto FC,MLS1,,,,,,,,,True,
1199647,Stefan Baltic,2025-2026,2026-03-26,100000,Fudbalski Klub IMT Novi Beograd,SER1,,,,,,,,,True,
1200278,Afolabi Soliu,2025-2026,2026-03-24,1500000,FC Slovan Liberec,TS1,,,,,,,,,True,
1200289,Hamidou Makalou,2025-2026,2026-03-27,1000000,Stade brestois 29,FR1,,,,,,,,,True,
1200303,Nathan Walker,2025-2026,2026-01-13,250000,Wellington Phoenix Football Club,AUS1,,,,,,,,,True,
1200339,Iván González,2025-2026,2025-12-29,50000,Mazatlán Futbol Club,MEX1,,,,,,,,,True,
1200400,Davis Opoku,2025-2026,2025-12-10,500000,Oud-Heverlee Leuven,BE1,,,,,,,,,True,
1200423,Rémi Himbert,2025-2026,2026-03-27,10000000,Olympique Lyonnais,FR1,,,,,,,,,True,
1200427,Alexis Vossah,2025-2026,2026-03-27,15000000,Toulouse Football Club,FR1,,,,,,,,,True,
1201822,Lucas Silva,2025-2026,2025-12-29,2500000,FC Luzern,C1,,,,,,,,,True,
1202035,Simón García,2025-2026,2026-03-17,1500000,Atlético Nacional,COL1,,,,,,,,,True,
1202094,Nehuén Benedetti,2023-2024,2024-06-12,25000,Red Bull New York,MLS1,,,,,,,,,True,
1202387,Ryan Francisco,2025-2026,2026-03-12,5000000,São Paulo Futebol Clube,BRA1,,,,,,,,,True,
1202417,Allan Oyirwoth,2025-2026,2025-12-11,400000,New England Revolution,MLS1,,,,,,,,,True,
1202523,Gabriel Dumitru,2025-2026,2025-12-19,125000,Fotbal Club Metaloglobus București SA,RO1,,,,,,,,,True,
1203744,Tobías Leiva,2025-2026,2025-12-17,500000,Asociación Atlética Estudiantes,ARG1,,,,,,,,,True,
1203749,Daniel Zabala,2025-2026,2025-12-17,150000,Club Atlético Huracán,ARG1,,,,,,,,,True,
1203752,Joaquín Flores,2025-2026,2026-03-18,50000,Club Atlético Central Córdoba,ARG1,,,,,,,,,True,
1203753,Alexis González,2025-2026,2025-12-10,75000,Club Atlético Sarmiento,ARG1,,,,,,,,,True,
1204043,Ola Visted,2025-2026,2025-12-15,400000,Viking Fotballklubb,NO1,,,,,,,,,True,
1206877,Hugo Sochurek,2025-2026,2026-03-24,1000000,"AC Sparta Praha, a. s.",TS1,,,,,,,,,True,
1207586,Nicolás Dubersarsky,2025-2026,2025-12-11,1500000,Austin FC,MLS1,,,,,,,,,True,
1207708,Diego Besio,2025-2026,2026-03-17,500000,FC St. Gallen 1879,C1,,,,,,,,,True,
1208196,Abdulaziz Al-Othman,2025-2026,2025-12-18,250000,Al-Shabab Club,SA1,,,,,,,,,True,
1208836,Krys Kouassi,2025-2026,2025-12-10,200000,Cercle Brugge Koninklijke Sportvereniging,BE1,,,,,,,,,True,
1209519,Victor Ntino-Emo Gidado,2025-2026,2025-12-10,400000,Gaziantep Futbol Kulübü A.Ş.,TR1,,,,,,,,,True,
1210104,Ernis Qestaj,2025-2026,2025-12-22,50000,NK Slaven Belupo Koprivnica,KR1,,,,,,,,,True,
1210116,Abdoulaye Camara,2025-2026,2025-12-23,1500000,Udinese Calcio,IT1,,,,,,,,,True,
1210202,,2025-2026,2025-12-05,450000,,,,,,,,,,,True,
1210697,Alejandro Villarreal,2025-2026,2025-12-17,25000,Club Atlético Aldosivi,ARG1,,,,,,,,,True,
1211585,Kacper Minuczyc,2025-2026,2025-12-08,50000,Miejski Klub Sportowy Korona Kielce Spółka Akcyjna,PL1,,,,,,,,,True,
1211641,Jalal Al-Salem,2025-2026,2025-12-18,75000,Al-Ettifaq Football Club,SA1,,,,,,,,,True,
1211645,Awad Dahal,2025-2026,2025-12-18,200000,Al-Ettifaq Football Club,SA1,,,,,,,,,True,
1212045,Jakub Ligocki,2025-2026,2026-03-26,25000,Zagłębie Lubin Spółka Akcyjna,PL1,,,,,,,,,True,
1213079,Giovanni Cantizano,2025-2026,2025-12-17,250000,Club Atlético Rosario Central,ARG1,,,,,,,,,True,
1213080,Mateo Silvetti,2025-2026,2025-12-11,6000000,Club Internacional de Fútbol Miami,MLS1,,,,,,,,,True,
1213131,Mohammed Al-Dowaish,2025-2026,2025-12-18,75000,Al-Fayha FC,SA1,,,,,,,,,True,
1213302,Yoon-sung Lee,2025-2026,2025-12-15,25000,Gwangju Football Club,RSK1,,,,,,,,,True,
1213680,Harald Woxen,2025-2026,2025-12-15,800000,Lillestrøm Sportsklubb,NO1,,,,,,,,,True,
1213681,Alexander Røssing-Lelesiit,2025-2026,2025-12-19,5000000,Hamburger Sport Verein,L1,,,,,,,,,True,
1213685,Joachim Nysveen,2025-2026,2025-12-15,250000,Fredrikstad Fotballklubb,NO1,,,,,,,,,True,
1214798,Matías Valenti,2025-2026,2025-12-17,200000,Asociación Atlética Estudiantes,ARG1,,,,,,,,,True,
1214806,Logan Farrington,2025-2026,2025-12-11,1000000,FC Dallas,MLS1,,,,,,,,,True,
1214848,Jacob Murrell,2025-2026,2025-12-11,350000,D.C. United,MLS1,,,,,,,,,True,
1214849,Jason Shokalook,2025-2026,2026-03-08,100000,Chicago Fire Soccer Club,MLS1,,,,,,,,,True,
1214898,Tyrese Spicer,2025-2026,2025-12-11,600000,Orlando City Soccer Club,MLS1,,,,,,,,,True,
1214906,Malachi Jones,2025-2026,2025-12-11,200000,New York City Football Club,MLS1,,,,,,,,,True,
1214947,Wyatt Meyer,2025-2026,2025-12-11,250000,Sporting Kansas City,MLS1,,,,,,,,,True,
1214952,Jamar Ricketts,2025-2026,2025-12-11,400000,San Jose Earthquakes,MLS1,,,,,,,,,True,
1214953,Tyger Smalls,2025-2026,2025-12-11,300000,Charlotte Football Club,MLS1,,,,,,,,,True,
1214955,Hosei Kijima,2025-2026,2025-12-11,600000,D.C. United,MLS1,,,,,,,,,True,
1218459,Nawaf Al-Gulaymish,2025-2026,2025-12-18,225000,Neom Sports Club,SA1,,,,,,,,,True,
1218658,Samy Jr. Merheg,2025-2026,2025-12-05,1000000,Sporting Clube de Braga,PO1,,,,,,,,,True,
1219185,Jae-seok Yoon,2025-2026,2025-12-16,325000,Gimcheon Sangmu Football Club,RSK1,,,,,,,,,True,
1219689,Landerson,2025-2026,2025-12-18,1000000,Moreirense Futebol Clube,PO1,,,,,,,,,True,
1219749,Riquelme,2025-2026,2025-12-10,6000000,Fluminense Football Club,BRA1,,,,,,,,,True,
1219990,Elton Hedström,2025-2026,2025-11-19,100000,Idrottsföreningen  Brommapojkarna,SE1,,,,,,,,,True,
1220008,Allex,2025-2026,2026-03-12,1000000,Sport Club Internacional,BRA1,,,,,,,,,True,
1220010,Yago Noal,2025-2026,2025-09-05,500000,Sport Club Internacional,BRA1,,,,,,,,,True,
1220061,Tevis,2025-2026,2025-11-24,1000000,Yokohama Marinos,JAP1,,,,,,,,,True,
1220141,Mateus Xavier,2025-2026,2025-12-10,400000,Santos Futebol Clube,BRA1,,,,,,,,,True,
1220180,Mateus Iseppe,2025-2026,2026-03-12,400000,Clube Atlético Mineiro,BRA1,,,,,,,,,True,
1220226,Mohamed Bawa,2023-2024,2024-06-13,25000,GAIS,SE1,,,,,,,,,True,
1220232,Lucas Sanabria,2025-2026,2025-12-11,3500000,Los Angeles Galaxy,MLS1,,,,,,,,,True,
1220468,Luiz Gustavo,2025-2026,2026-03-12,600000,Esporte Clube Bahia,BRA1,,,,,,,,,True,
1220614,Ruan Pablo,2025-2026,2026-03-12,8000000,Esporte Clube Bahia,BRA1,,,,,,,,,True,
1220764,Ju-yeong Park,2025-2026,2025-12-16,100000,Jeonbuk Hyundai Motors,RSK1,,,,,,,,,True,
1221003,Kevin Prieto,2025-2026,2025-12-18,500000,Casa Pia Atlético Clube,PO1,,,,,,,,,True,
1221014,Agustín Massaccesi,2025-2026,2025-11-26,250000,Instituto Atlético Central Córdoba,ARG1,,,,,,,,,True,
1221317,Riquelme,2025-2026,2025-12-10,2000000,Grêmio Foot-Ball Porto Alegrense,BRA1,,,,,,,,,True,
1221548,Carbone,2025-2026,2026-03-17,400000,FC Lugano,C1,,,,,,,,,True,
1221818,André,2025-2026,2026-03-12,16000000,Sport Club Corinthians Paulista,BRA1,,,,,,,,,True,
1222308,Davi Gomes,2025-2026,2025-09-05,400000,Red Bull Bragantino,BRA1,,,,,,,,,True,
1223290,Nicolás Rengifo,2025-2026,2025-12-16,150000,Deportivo Pereira,COL1,,,,,,,,,True,
1223303,Yakub İlçin,2025-2026,2025-12-17,300000,Antalyaspor,TR1,,,,,,,,,True,
1223311,Jayden Hibbert,2025-2026,2025-12-11,500000,Atlanta United Football Club,MLS1,,,,,,,,,True,
1223490,Dereck Moncada,2025-2026,2026-03-17,1400000,Internacional de Bogotá,COL1,,,,,,,,,True,
1223800,Blessing Asumang,2025-2026,2025-11-19,350000,GAIS,SE1,,,,,,,,,True,
1223857,Kaio Eduardo,2025-2026,2025-12-29,400000,FC Basel 1893 AG,C1,,,,,,,,,True,
1224924,Juan Cortazzo,2025-2026,2025-12-17,50000,Club de Gimnasia y Esgrima La Plata,ARG1,,,,,,,,,True,
1225290,Thiago Santamaría,2025-2026,2025-12-22,1000000,Club Atlético Sarmiento,ARG1,,,,,,,,,True,
1225292,Gonzalo Siri,2025-2026,2025-12-17,300000,Asociación Atlética Argentinos Juniors,ARG1,,,,,,,,,True,
1225293,Lucas Gómez,2025-2026,2025-12-17,100000,Asociación Atlética Argentinos Juniors,ARG1,,,,,,,,,True,
1225538,Ignacio Campo,2025-2026,2026-03-18,75000,Club Atlético Huracán,ARG1,,,,,,,,,True,
1225755,Diego Tarzia,2025-2026,2026-03-12,2000000,Esporte Clube Vitória,BRA1,,,,,,,,,True,
1225789,Lautaro Carrera,2025-2026,2025-11-26,50000,Club Atlético Gimnasia y Esgrima de Mendoza,ARG1,,,,,,,,,True,
1225803,Luke Brooke-Smith,2025-2026,2026-01-13,150000,Wellington Phoenix Football Club,AUS1,,,,,,,,,True,
1225900,Ehije Ukaki,2025-2026,2025-12-03,700000,APS Atromitos Athinon,GR1,,,,,,,,,True,
1226344,Osmar Giménez,2025-2026,2025-12-02,750000,Club Atlético Sarmiento,ARG1,,,,,,,,,True,
1226425,Travis Takahashi,2025-2026,2025-12-15,400000,Cerezo Osaka,JAP1,,,,,,,,,True,
1226559,Faisal Al-Sobhi,2025-2026,2026-03-30,100000,Al-Riyadh Saudi Club,SA1,,,,,,,,,True,
1226709,Jai Rose,2025-2026,2026-01-13,100000,Western Sydney Wanderers,AUS1,,,,,,,,,True,
1226712,Mathias Macallister,2025-2026,2026-01-13,100000,Sydney Football Club,AUS1,,,,,,,,,True,
1227013,Dong-hyun Kim,2025-2026,2025-12-16,125000,Bucheon Football Club 1995,RSK1,,,,,,,,,True,
1227014,Yoo-sung Kim,2024-2025,2025-06-03,50000,Gangwon Football Club,RSK1,,,,,,,,,True,
1227015,Min-ha Shin,2025-2026,2025-12-16,600000,Gangwon Football Club,RSK1,,,,,,,,,True,
1227022,Jeong-hun Park,2025-2026,2025-12-16,100000,Football Club Anyang,RSK1,,,,,,,,,True,
1227023,Min-ho Kim,2025-2026,2025-12-16,25000,Football Club Anyang,RSK1,,,,,,,,,True,
1227106,Elías Legendre Quiñónez,2025-2026,2026-03-27,1500000,Stade Rennais Football Club,FR1,,,,,,,,,True,
1227286,Jeremías Lázaro,2025-2026,2025-12-17,200000,Instituto Atlético Central Córdoba,ARG1,,,,,,,,,True,
1227611,Jeremías Vallejos,2025-2026,2025-12-17,75000,Club Atlético Sarmiento,ARG1,,,,,,,,,True,
1227723,Gaoussou Diakité,2025-2026,2025-12-29,3000000,Football Club Lausanne-Sport,C1,,,,,,,,,True,
1228194,Álvaro Montoro,2025-2026,2025-12-10,10000000,S. A. F. Botafogo,BRA1,,,,,,,,,True,
1228198,Federico Medina,2025-2026,2025-12-18,300000,Club Atlético Banfield,ARG1,,,,,,,,,True,
1228231,Juan Rodríguez,2025-2026,2025-12-23,5000000,Cagliari Calcio,IT1,,,,,,,,,True,
1228234,Yu Hashimoto,2025-2026,2025-12-15,300000,Avispa Fukuoka,JAP1,,,,,,,,,True,
1228317,Stephan Zagadou,2025-2026,2026-03-27,4000000,Le Havre Athletic Club,FR1,,,,,,,,,True,
1228661,Gabriel Mec,2025-2026,2026-03-12,12000000,Grêmio Foot-Ball Porto Alegrense,BRA1,,,,,,,,,True,
1228946,Adama Dramé,2025-2026,2025-12-22,250000,RZ Pellets Wolfsberger Athletiksport Club,A1,,,,,,,,,True,
1229028,Josué Reinatti,2025-2026,2025-12-17,75000,Club Atlético Newell’s Old Boys,ARG1,,,,,,,,,True,
1229554,Luca Stancu,2025-2026,2026-03-27,250000,Asociația Fotbal Club Hermannstadt,RO1,,,,,,,,,True,
1229783,Ludvig Richtnér,2025-2026,2025-11-19,25000,Idrottsföreningen Elfsborg,SE1,,,,,,,,,True,
1229808,Abdoulie Manneh,2025-2026,2025-11-19,2500000,Mjällby Almänna Idrottsförening,SE1,,,,,,,,,True,
1229830,Taisei Inoue,2025-2026,2025-12-15,500000,Yokohama Marinos,JAP1,,,,,,,,,True,
1229951,David Paraschiv,2025-2026,2025-12-19,100000,Fotbal Club Petrolul Ploiești,RO1,,,,,,,,,True,
1230822,Jhonny Jordán,2025-2026,2025-12-05,150000,Boyacá Chicó FC,COL1,,,,,,,,,True,
1231128,Tiago Serrago,2025-2026,2025-12-17,1700000,Club Atlético Tigre,ARG1,,,,,,,,,True,
1231221,Juan Cruz Meza,2025-2026,2025-12-17,300000,Club Atlético River Plate,ARG1,,,,,,,,,True,
1231224,Álex Verón,2025-2026,2025-12-17,50000,Club Atlético Vélez Sársfield,ARG1,,,,,,,,,True,
1231230,Thomás De Martis,2025-2026,2025-12-17,125000,Club Atlético Lanús,ARG1,,,,,,,,,True,
1231353,Bas Evers,2025-2026,2026-03-13,100000,Koninklijke Atletiek Associatie Gent,BE1,,,,,,,,,True,
1231993,Adrian Lahdo,2025-2026,2026-03-24,10000000,Calcio Como,IT1,,,,,,,,,True,
1232057,Paco Cortés,2025-2026,2026-03-16,1000000,Levante Unión Deportiva S.A.D.,ES1,,,,,,,,,True,
1232511,Juan Iribarren,2025-2026,2025-12-17,75000,Club Atlético Banfield,ARG1,,,,,,,,,True,
1232512,Lautaro Gómez,2025-2026,2026-03-18,400000,Club Atlético Banfield,ARG1,,,,,,,,,True,
1232652,Xavier Stella,2025-2026,2026-01-13,100000,Melbourne Victory FC,AUS1,,,,,,,,,True,
1232655,Joshua Damevski,2025-2026,2026-01-13,100000,Macarthur South West Sydney (A-League),AUS1,,,,,,,,,True,
1232953,JD Gunn,2025-2026,2025-07-04,75000,New England Revolution,MLS1,,,,,,,,,True,
1233166,Wisdom Aondowase Sule,2025-2026,2025-12-10,250000,HNK Gorica,KR1,,,,,,,,,True,
1233280,Berkay Muratoğlu,2025-2026,2025-12-17,50000,Kasımpaşa A.Ş.,TR1,,,,,,,,,True,
1233473,Arthur Dias,2025-2026,2025-11-24,600000,Clube Atlético Paranaense,BRA1,,,,,,,,,True,
1233701,José Neto,2025-2026,2025-12-18,3000000,Sport Lisboa e Benfica,PO1,,,,,,,,,True,
1233873,Ryota Hariu,2025-2026,2025-12-15,50000,S-Pulse,JAP1,,,,,,,,,True,
1233996,Gaoussou Diarra,2025-2026,2025-12-02,2000000,Feyenoord Rotterdam,NL1,,,,,,,,,True,
1234055,Mamadou Dieng,2025-2026,2025-12-11,250000,Minnesota United FC,MLS1,,,,,,,,,True,
1234222,Kavian Rahmani,2025-2026,2026-01-13,350000,Melbourne City Football Club,AUS1,,,,,,,,,True,
1234443,Luke Vickery,2025-2026,2026-01-13,250000,Macarthur South West Sydney (A-League),AUS1,,,,,,,,,True,
1234622,Majed Dawran,2025-2026,2025-12-18,200000,Al-Najma Sport Club,SA1,,,,,,,,,True,
1234664,Luka Vrzic,2025-2026,2025-12-22,450000,HNK Gorica,KR1,,,,,,,,,True,
1234665,Kieran Sargeant,2025-2026,2025-11-25,150000,San Diego Football Club,MLS1,,,,,,,,,True,
1234988,Julián Vignolo,2025-2026,2026-03-27,2000000,Toulouse Football Club,FR1,,,,,,,,,True,
1235120,Ethan Hoard,2025-2026,2026-03-26,500000,Omladinski fudbalski klub Beograd,SER1,,,,,,,,,True,
1235121,Efe Lucky,2025-2026,2025-12-15,200000,Lillestrøm Sportsklubb,NO1,,,,,,,,,True,
1235196,Eder López,2025-2026,2026-03-26,150000,Fútbol Club Juárez,MEX1,,,,,,,,,True,
1235479,Sultan Al-Essa,2025-2026,2025-12-18,75000,Al-Najma Sport Club,SA1,,,,,,,,,True,
1235583,Suleman Sani,2025-2026,2026-03-20,5000000,RasenBallsport Leipzig,L1,,,,,,,,,True,
1235860,Bruno Cabrera,2025-2026,2025-12-17,200000,Club Atlético Lanús,ARG1,,,,,,,,,True,
1235966,Zakarias Råvik,2025-2026,2026-03-30,100000,Kalmar Fotbollförening,SE1,,,,,,,,,True,
1236047,Elias Pihlström,2025-2026,2026-03-17,600000,FC Lugano,C1,,,,,,,,,True,
1236200,Peter Kareem,2025-2026,2025-12-22,500000,"Bohemians Praha 1905, a.s.",TS1,,,,,,,,,True,
1236495,Brendan McSorley,2025-2026,2025-12-11,400000,St. Louis City Soccer Club,MLS1,,,,,,,,,True,
1236525,Mohau Nkota,2025-2026,2025-12-18,800000,Al-Ettifaq Football Club,SA1,,,,,,,,,True,
1236527,Ryan Schewe,2025-2026,2025-12-11,50000,Sporting Kansas City,MLS1,,,,,,,,,True,
1236677,Milton Delgado,2025-2026,2026-03-18,7000000,Club Atlético Boca Juniors,ARG1,,,,,,,,,True,
1236679,Santiago Dalmasso,2025-2026,2025-09-24,50000,Club Atlético Platense,ARG1,,,,,,,,,True,
1236684,Iker Zufiaurre,2025-2026,2026-03-18,200000,Club Atlético Boca Juniors,ARG1,,,,,,,,,True,
1236853,Edmund Baidoo,2025-2026,2026-03-10,8000000,Fußballclub Red Bull Salzburg,A1,,,,,,,,,True,
1237914,Amlani Tatu,2025-2026,2026-01-13,100000,Adelaide United Football Club,AUS1,,,,,,,,,True,
1238031,Sabri Dahal,2025-2026,2026-03-30,1000000,Al-Fayha FC,SA1,,,,,,,,,True,
1238239,Hugo Andersson Mella,2024-2025,2025-06-18,50000,IK Sirius,SE1,,,,,,,,,True,
1238281,Arthur De Lima,2025-2026,2026-01-13,250000,Central Coast Mariners Football Club,AUS1,,,,,,,,,True,
1238634,Youssoupha Sanyang,2025-2026,2025-12-22,3000000,Östers IF,SE1,,,,,,,,,True,
1238749,Valentín Moreno,2025-2026,2026-03-18,500000,Club Atlético Tigre,ARG1,,,,,,,,,True,
1238844,Ji-hun Kim,2025-2026,2025-12-16,75000,Football Club Anyang,RSK1,,,,,,,,,True,
1239586,Jonathan Robinson,2025-2026,2025-12-16,125000,Auckland Football Club,AUS1,,,,,,,,,True,
1240378,Facundo Sánchez,2025-2026,2025-12-17,50000,Club Atlético Lanús,ARG1,,,,,,,,,True,
1240380,Jonathan De Irastorza,2025-2026,2025-12-17,175000,Club Atlético Independiente de Avellaneda,ARG1,,,,,,,,,True,
1240381,Lautaro Millán,2025-2026,2025-12-17,2500000,Club Atlético Independiente de Avellaneda,ARG1,,,,,,,,,True,
1240382,Alan Forneris,2025-2026,2026-03-18,600000,Racing Club Asociación Civil de Avellaneda,ARG1,,,,,,,,,True,
1240383,Benjamín Bosch,2025-2026,2025-12-17,25000,Club Atlético Platense,ARG1,,,,,,,,,True,
1240471,Paul Ndubuisi,2025-2026,2026-03-24,225000,1. FC Slovácko,TS1,,,,,,,,,True,
1240763,Caleb Yirenkyi,2025-2026,2025-12-15,6000000,Fodbold Club Nordsjælland,DK1,,,,,,,,,True,
1241022,Román Gómez,2025-2026,2025-12-17,1500000,Esporte Clube Bahia,BRA1,,,,,,,,,True,
1241202,Foster Apetorgbor,2024-2025,2025-01-21,25000,Sandefjord Fotball,NO1,,,,,,,,,True,
1241207,Tylel Tati,2025-2026,2026-03-27,25000000,Football Club de Nantes,FR1,,,,,,,,,True,
1241211,Rudy Matondo,2025-2026,2026-03-27,15000000,Paris Football Club,FR1,,,,,,,,,True,
1241373,Bruno Caicedo,2025-2026,2025-12-22,800000,Vancouver Whitecaps FC,MLS1,,,,,,,,,True,
1241426,Mateusz Tabisz,2025-2026,2026-03-26,100000,Klub Sportowy Cracovia Spółka Akcyjna,PL1,,,,,,,,,True,
1241453,Jerónimo Gómez Mattar,2025-2026,2025-12-17,750000,Club Atlético Newell’s Old Boys,ARG1,,,,,,,,,True,
1241698,René Mitongo,2025-2026,2026-03-13,1000000,Royal Standard Club de Liège,BE1,,,,,,,,,True,
1241886,Ryan White,2025-2026,2026-01-13,275000,Adelaide United Football Club,AUS1,,,,,,,,,True,
1242126,Aiden Hezarkhani,2025-2026,2025-12-11,50000,Real Salt Lake,MLS1,,,,,,,,,True,
1242803,Hyun-woo Chae,2025-2026,2025-12-16,250000,Football Club Anyang,RSK1,,,,,,,,,True,
1243089,Denis Popenkov,2025-2026,2025-12-16,100000,Akron Togliatti,RU1,,,,,,,,,True,
1243241,Fabián Chaverra,2025-2026,2025-12-05,150000,Internacional de Bogotá,COL1,,,,,,,,,True,
1243330,David Djokic,2025-2026,2025-12-11,50000,Fudbalski Klub Mladost Lučani,SER1,,,,,,,,,True,
1243736,Yusuf Can Karademir,2025-2026,2025-12-17,50000,Alanyaspor,TR1,,,,,,,,,True,
1243945,Dimitrije Minic,2025-2026,2026-03-26,150000,Fudbalski Klub Spartak Ždrepčeva krv,SER1,,,,,,,,,True,
1244035,Eldar Guseynov,2025-2026,2026-03-25,300000,FK Krasnodar,RU1,,,,,,,,,True,
1244173,Marzouq Tambakti,2025-2026,2025-12-18,250000,Al-Riyadh Saudi Club,SA1,,,,,,,,,True,
1244174,Jesús Hernández,2025-2026,2026-03-30,75000,Degerfors IF,SE1,,,,,,,,,True,
1244188,Clever Ferreira,2025-2026,2025-12-17,700000,Club Atlético Tucumán,ARG1,,,,,,,,,True,
1245251,Zakaria Kassary,2025-2026,2025-11-28,150000,Futebol Clube de Alverca,PO1,,,,,,,,,True,
1245543,Ahmed Hadzimujovic,2025-2026,2026-03-26,1500000,Fudbalski Klub Novi Pazar,SER1,,,,,,,,,True,
1245606,Yutaro Tsukada,2025-2026,2025-12-11,200000,Orlando City Soccer Club,MLS1,,,,,,,,,True,
1245665,Ian James,2025-2026,2025-12-11,200000,Sporting Kansas City,MLS1,,,,,,,,,True,
1245667,Colin Guske,2025-2026,2025-12-11,200000,Orlando City Soccer Club,MLS1,,,,,,,,,True,
1245677,Majed Abdullah,2025-2026,2025-12-18,150000,Al-Shabab Club,SA1,,,,,,,,,True,
1245678,Beau Leroux,2025-2026,2025-12-11,2000000,San Jose Earthquakes,MLS1,,,,,,,,,True,
1245829,Salif Tietietta,2025-2026,2025-12-22,100000,Sportclub Rheindorf Altach,A1,,,,,,,,,True,
1245971,Christian Tchouante,2025-2026,2025-11-19,250000,Mjällby Almänna Idrottsförening,SE1,,,,,,,,,True,
1246034,Christopher Applewhite,2025-2026,2025-12-11,150000,Nashville SC,MLS1,,,,,,,,,True,
1246384,Taylor Calheira,2025-2026,2025-11-25,300000,Sporting Kansas City,MLS1,,,,,,,,,True,
1246471,Ștefan Chirilă,2025-2026,2025-12-11,100000,Football Club Cincinnati,MLS1,,,,,,,,,True,
1246704,Morrison Agyemang,2025-2026,2026-03-03,250000,Charlotte Football Club,MLS1,,,,,,,,,True,
1247237,Ivan Belikov,2025-2026,2025-12-16,800000,FK Baltika,RU1,,,,,,,,,True,
1247255,Leo Cavallius,2025-2026,2025-11-19,300000,Idrottsföreningen  Brommapojkarna,SE1,,,,,,,,,True,
1247587,Michée Ndembi,2025-2026,2025-12-22,250000,Koninklijke Voetbal Club Westerlo,BE1,,,,,,,,,True,
1248011,Jhoan Pinto,2025-2026,2025-12-05,25000,Unión Magdalena,COL1,,,,,,,,,True,
1248012,Gabriel Arrieta,2025-2026,2025-12-05,25000,Unión Magdalena,COL1,,,,,,,,,True,
1248014,Dilan Ortíz,2025-2026,2025-12-05,50000,Unión Magdalena,COL1,,,,,,,,,True,
1248019,Nilzo Ramírez,2025-2026,2025-12-05,50000,Envigado FC,COL1,,,,,,,,,True,
1248145,Răzvan Gligor,2025-2026,2025-12-09,50000,Fotbal Club CFR 1907 Cluj SA,RO1,,,,,,,,,True,
1248998,Mohammed Al-Sahihi,2025-2026,2026-01-19,75000,Al-Fateh Club,SA1,,,,,,,,,True,
1249161,Simun Butic,2025-2026,2025-12-22,200000,HNK Vukovar 1991,KR1,,,,,,,,,True,
1249173,Vladimir Ignatenko,2025-2026,2025-12-16,400000,PFK Krylya Sovetov Samara,RU1,,,,,,,,,True,
1249779,Santiago González,2025-2026,2025-12-17,2500000,Club Atlético Tigre,ARG1,,,,,,,,,True,
1250374,Daniel Herrera,2025-2026,2025-12-17,1000000,Club Atlético San Lorenzo de Almagro,ARG1,,,,,,,,,True,
1250976,Mamadou Thierno Barry,2025-2026,2025-12-10,1500000,Royale Union Saint-Gilloise,BE1,,,,,,,,,True,
1251566,Alex Nunes,2025-2026,2026-01-13,50000,Newcastle United Jets Football Club,AUS1,,,,,,,,,True,
1251935,Thiaguinho Santos,2025-2026,2025-12-16,300000,Bucheon Football Club 1995,RSK1,,,,,,,,,True,
1253294,Mateo Aguiar,2025-2026,2026-03-18,250000,Club Social y Deportivo Defensa y Justicia,ARG1,,,,,,,,,True,
1253317,Santiago Sosa,2025-2026,2026-03-18,1500000,Club Social y Deportivo Defensa y Justicia,ARG1,,,,,,,,,True,
1253577,Markus Wæhler,2025-2026,2025-12-15,150000,Lillestrøm Sportsklubb,NO1,,,,,,,,,True,
1253652,Lukas Hjelleset Gausdal,2025-2026,2025-12-15,250000,Idrettsklubben Start,NO1,,,,,,,,,True,
1253757,Niklas Fuglestad,2025-2026,2025-12-15,600000,Viking Fotballklubb,NO1,,,,,,,,,True,
1253807,Luis Benedetti,2025-2026,2025-12-10,4000000,Sociedade Esportiva Palmeiras,BRA1,,,,,,,,,True,
1253814,Kaique Kenji,2025-2026,2026-03-12,3000000,Cruzeiro Esporte Clube,BRA1,,,,,,,,,True,
1253844,Vinicius Lira,2025-2026,2026-03-12,4000000,Santos Futebol Clube,BRA1,,,,,,,,,True,
1253920,Guilherme Bahia,2025-2026,2026-03-23,100000,NK Veres Rivne,UKR1,,,,,,,,,True,
1253921,Luis Otávio,2025-2026,2025-12-10,2500000,Orlando City Soccer Club,MLS1,,,,,,,,,True,
1253930,Guga,2025-2026,2025-12-18,100000,Al-Qadsiah Saudi Football Club,SA1,,,,,,,,,True,
1253999,Tomás Guiacobini,2025-2026,2025-12-17,150000,Club Atlético Sarmiento,ARG1,,,,,,,,,True,
1254786,Gabin Bernardeau,2025-2026,2026-03-27,1500000,Olympique Gymnaste Club Nice Côte d'Azur,FR1,,,,,,,,,True,
1254833,Sebastián Ramírez,2025-2026,2025-12-05,200000,Fortaleza CEIF,COL1,,,,,,,,,True,
1255019,Pantaleo Creti,2025-2026,2025-12-29,300000,Grasshopper Club Zürich,C1,,,,,,,,,True,
1255087,Kanji Kuwayama,2025-2026,2025-12-15,200000,Zelvia,JAP1,,,,,,,,,True,
1255660,Łukasz Trepka,2025-2026,2025-12-08,25000,GKS GieKSa Katowice Spółka Akcyjna,PL1,,,,,,,,,True,
1255744,Lushendry Martes,2025-2026,2026-03-11,1500000,Sparta Rotterdam,NL1,,,,,,,,,True,
1255754,Noah Tolf,2025-2026,2025-11-19,1000000,Idrottsföreningen Kamraterna Göteborg,SE1,,,,,,,,,True,
1256182,Bendik Berntsen,2025-2026,2025-12-15,400000,Sandefjord Fotball,NO1,,,,,,,,,True,
1256870,Massiré Sylla,2025-2026,2025-12-15,600000,Royale Union Saint-Gilloise,BE1,,,,,,,,,True,
1257132,Dieguinho,2025-2026,2026-03-12,4000000,Sport Club Corinthians Paulista,BRA1,,,,,,,,,True,
1257133,Gui Negão,2025-2026,2025-12-10,8000000,Sport Club Corinthians Paulista,BRA1,,,,,,,,,True,
1257409,Kenji Mboma Dem,2025-2026,2025-12-11,100000,Football Club Cincinnati,MLS1,,,,,,,,,True,
1257746,Juan Quiceno,2025-2026,2026-03-17,300000,Boyacá Chicó FC,COL1,,,,,,,,,True,
1258105,Cristian Iguarán,2025-2026,2025-12-05,150000,Unión Magdalena,COL1,,,,,,,,,True,
1258292,Yoshan Valois,2025-2026,2025-12-05,900000,Club Atlético Lanús,ARG1,,,,,,,,,True,
1259181,Kamilcan Sever,2025-2026,2026-03-30,50000,Idrottsföreningen  Brommapojkarna,SE1,,,,,,,,,True,
1259706,Henrique Menke,2025-2026,2025-12-23,300000,Calcio Como,IT1,,,,,,,,,True,
1259753,Arsen Zalypka,2025-2026,2026-03-23,200000,FC Rukh Lviv,UKR1,,,,,,,,,True,
1259945,Aleksander Borgersen,2025-2026,2025-12-15,300000,Rosenborg Ballklub,NO1,,,,,,,,,True,
1260202,Roger,2025-2026,2026-03-12,400000,Grêmio Foot-Ball Porto Alegrense,BRA1,,,,,,,,,True,
1260503,Konrad Golonka,2025-2026,2025-12-08,25000,Klub Sportowy Cracovia Spółka Akcyjna,PL1,,,,,,,,,True,
1260851,Santiago Sandoval,2025-2026,2026-03-26,2000000,Club Deportivo Guadalajara S. A. de C. V.,MEX1,,,,,,,,,True,
1261143,Ali Osman Kalın,2025-2026,2025-12-17,50000,Gaziantep Futbol Kulübü A.Ş.,TR1,,,,,,,,,True,
1261395,Lautaro Rivero,2025-2026,2025-12-17,7000000,Club Atlético River Plate,ARG1,,,,,,,,,True,
1261642,Deivison,2025-2026,2025-12-18,200000,Clube Desportivo Nacional,PO1,,,,,,,,,True,
1261862,Tarık Buğra Kalpaklı,2025-2026,2025-12-17,200000,Fatih Karagümrük Sportif Faaliyetler San. Tic. A.Ş.,TR1,,,,,,,,,True,
1262359,Fedir Zadorozhnyi,2025-2026,2026-03-23,100000,FC Zorya Lugansk,UKR1,,,,,,,,,True,
1262805,Maki Kitahara,2025-2026,2025-12-15,175000,Tokyo Football Club,JAP1,,,,,,,,,True,
1263453,Nazareno Roselli,2025-2026,2025-11-26,150000,Club Social y Deportivo Defensa y Justicia,ARG1,,,,,,,,,True,
1263525,Agustín Seyral,2025-2026,2025-12-17,25000,Club Atlético Sarmiento,ARG1,,,,,,,,,True,
1263857,Adrian Dragoș,2025-2026,2025-12-19,50000,Asociația Fotbal Club UTA Arad,RO1,,,,,,,,,True,
1263865,Michal Kroupa,2025-2026,2025-12-22,400000,FK Dukla Praha a.s.,TS1,,,,,,,,,True,
1264058,Blerton Isufi,2025-2026,2025-12-15,500000,Molde Fotballklubb,NO1,,,,,,,,,True,
1264273,Juan Velázquez,2025-2026,2025-12-17,2000000,Club Atlético Belgrano,ARG1,,,,,,,,,True,
1264276,Ángelo Marchese,2025-2026,2025-12-17,50000,Club Atlético Tigre,ARG1,,,,,,,,,True,
1264666,Xander Dierckx,2025-2026,2026-03-13,2000000,Royal Antwerp Football Club,BE1,,,,,,,,,True,
1264865,Daniel Sandu,2025-2026,2025-12-19,200000,SC Oţelul Galaţi,RO1,,,,,,,,,True,
1265841,Giovanni Baroni,2025-2026,2026-03-18,1500000,Club Atlético Talleres,ARG1,,,,,,,,,True,
1266095,Hayata Yamamoto,2025-2026,2025-12-15,600000,Football Club Mito HollyHock,JAP1,,,,,,,,,True,
1266615,Bayron Caicedo,2025-2026,2025-12-16,200000,Internacional de Bogotá,COL1,,,,,,,,,True,
1266698,Sami Adam,2025-2026,2026-03-23,100000,FK Kryvbas Kryvyi Rig,UKR1,,,,,,,,,True,
1267429,Levy Nene,2025-2026,2025-12-15,750000,Fodbold Club Nordsjælland,DK1,,,,,,,,,True,
1268048,Luis Pacheco,2025-2026,2026-03-12,500000,Sociedade Esportiva Palmeiras,BRA1,,,,,,,,,True,
1268075,Sota Nakamura,2025-2026,2025-12-15,800000,Sanfrecce Hiroshima,JAP1,,,,,,,,,True,
1268078,Stephen Acquah,2025-2026,2025-12-15,500000,Fodbold Club Nordsjælland,DK1,,,,,,,,,True,
1268653,Franco Minerva,2025-2026,2025-12-17,450000,Club Atlético Platense,ARG1,,,,,,,,,True,
1268764,Davinchi,2025-2026,2025-12-12,1000000,Getafe Club de Fútbol S. A. D. Team Dubai,ES1,,,,,,,,,True,
1269378,Lucca,2025-2026,2026-03-12,3000000,São Paulo Futebol Clube,BRA1,,,,,,,,,True,
1269429,Diego Porcel,2025-2026,2025-12-17,800000,Asociación Atlética Argentinos Juniors,ARG1,,,,,,,,,True,
1269453,Amine Ouahabi,2025-2026,2025-12-10,100000,Yellow-Red Koninklijke Voetbalclub Mechelen,BE1,,,,,,,,,True,
1269454,Ian Struyf,2025-2026,2025-12-10,400000,Yellow-Red Koninklijke Voetbalclub Mechelen,BE1,,,,,,,,,True,
1270605,Alisson Souza,2025-2026,2026-03-19,100000,Club Football Estrela da Amadora,PO1,,,,,,,,,True,
1270723,Joel Godoy,2025-2026,2025-12-17,700000,Club Atlético Sarmiento,ARG1,,,,,,,,,True,
1271301,Jeremías Gallard,2025-2026,2025-12-18,50000,Club Atlético Talleres,ARG1,,,,,,,,,True,
1271373,Niko Farkas,2025-2026,2025-12-22,50000,NK Osijek s.d.d.,KR1,,,,,,,,,True,
1271537,Haine Eames,2025-2026,2026-01-13,350000,Central Coast Mariners Football Club,AUS1,,,,,,,,,True,
1272445,Emir El-Kathemi,2025-2026,2025-11-20,25000,Idrottsföreningen  Brommapojkarna,SE1,,,,,,,,,True,
1273494,Ramiro Hernandes,2025-2026,2025-12-17,25000,Club Atlético Belgrano,ARG1,,,,,,,,,True,
1273787,Besian Kutleshi,2025-2026,2026-01-13,275000,Melbourne City Football Club,AUS1,,,,,,,,,True,
1273793,Anthony Didulica,2025-2026,2026-03-24,50000,Perth Glory Football Club,AUS1,,,,,,,,,True,
1273932,Mauro Pérez,2025-2026,2025-11-06,200000,Club Atlético San Lorenzo de Almagro,ARG1,,,,,,,,,True,
1273983,Matthew Dos Santos,2025-2026,2026-02-25,500000,Red Bull New York,MLS1,,,,,,,,,True,
1273985,Rayan Elloumi,2025-2026,2025-12-11,300000,Vancouver Whitecaps FC,MLS1,,,,,,,,,True,
1274269,Bismark Edjeodji,2025-2026,2025-12-15,500000,Vejle Boldklub,DK1,,,,,,,,,True,
1274489,Royer Caicedo,2025-2026,2026-03-13,1500000,Cercle Brugge Koninklijke Sportvereniging,BE1,,,,,,,,,True,
1275068,Kauã Prates,2025-2026,2026-03-12,10000000,Cruzeiro Esporte Clube,BRA1,,,,,,,,,True,
1275071,Cauan Baptistella,2025-2026,2026-03-23,1000000,TOV FK Metalist 1925 Kharkiv,UKR1,,,,,,,,,True,
1277081,Stjepan Kucis,2025-2026,2025-12-22,50000,HNK Gorica,KR1,,,,,,,,,True,
1277230,Nobuteru Nakagawa,2025-2026,2025-12-15,500000,Hitachi Kashiwa Reysol,JAP1,,,,,,,,,True,
1277268,Dominik Thaqi,2025-2026,2025-12-22,400000,Hrvatski Nogometni Klub Rijeka,KR1,,,,,,,,,True,
1279526,Christ Inao Oulaï,2025-2026,2026-03-05,17000000,Trabzonspor Kulübü,TR1,,,,,,,,,True,
1279774,Finn Sundstrom,2025-2026,2025-11-25,200000,Philadelphia Union,MLS1,,,,,,,,,True,
1279908,Wallace Davi,2025-2026,2026-03-12,1000000,S. A. F. Botafogo,BRA1,,,,,,,,,True,
1279984,Lucas Herrington,2025-2026,2026-01-13,750000,Colorado Rapids,MLS1,,,,,,,,,True,
1280147,Geiner Martínez,2025-2026,2025-12-18,700000,Philadelphia Union,MLS1,,,,,,,,,True,
1280274,Valentín Dávila,2025-2026,2026-03-18,500000,Club Atlético Talleres,ARG1,,,,,,,,,True,
1280281,Abdoulie Ceesay,2025-2026,2025-12-19,800000,Fußball-Club St. Pauli von 1910,L1,,,,,,,,,True,
1280388,Yosuke Uchida,2025-2026,2025-12-15,125000,Tokyo Verdy,JAP1,,,,,,,,,True,
1281099,Nana Kwame Boakye,2025-2026,2026-03-16,2000000,Sportsklubben Brann,NO1,,,,,,,,,True,
1281438,Ousman Ceesay,2024-2025,2024-11-11,25000,1. FC Slovácko,TS1,,,,,,,,,True,
1281453,Emmanuel Chukwu,2025-2026,2025-12-22,250000,RZ Pellets Wolfsberger Athletiksport Club,A1,,,,,,,,,True,
1281969,Santiago Daniele,2025-2026,2025-12-17,75000,Club Atlético Banfield,ARG1,,,,,,,,,True,
1282208,Bae-hyeon Gong,2025-2026,2026-03-18,150000,Gwangju Football Club,RSK1,,,,,,,,,True,
1282666,David de Ornelas,2025-2026,2025-12-15,100000,Hamarkameratene,NO1,,,,,,,,,True,
1282681,Martín García,2025-2026,2025-12-17,75000,Club Atlético Aldosivi,ARG1,,,,,,,,,True,
1282698,Teo Rodríguez Pagano,2025-2026,2025-12-17,200000,Club Atlético San Lorenzo de Almagro,ARG1,,,,,,,,,True,
1282860,Modou Kéba Cissé,2025-2026,2025-12-22,5500000,Linzer Athletik-Sport-Klub,A1,,,,,,,,,True,
1283226,Bartosz Borowski,2025-2026,2025-12-08,200000,Wisła Płock Spółka Akcyjna,PL1,,,,,,,,,True,
1283311,Mikel Amondarain,2025-2026,2025-12-17,1500000,Club Estudiantes de La Plata,ARG1,,,,,,,,,True,
1283879,Jorge Martínez,2025-2026,2026-03-17,150000,Deportivo Pereira,COL1,,,,,,,,,True,
1283981,Fabricio Corbalán,2025-2026,2025-12-17,100000,Club de Gimnasia y Esgrima La Plata,ARG1,,,,,,,,,True,
1283982,Jeremías Merlo,2025-2026,2026-03-18,800000,Club de Gimnasia y Esgrima La Plata,ARG1,,,,,,,,,True,
1283988,Wilson Eisner,2025-2026,2026-02-04,100000,San Diego Football Club,MLS1,,,,,,,,,True,
1283997,Diego León,2025-2026,2025-12-09,4000000,Manchester United Football Club,GB1,,,,,,,,,True,
1284784,Abdoul Karim Traoré,2025-2026,2025-12-10,700000,Oud-Heverlee Leuven,BE1,,,,,,,,,True,
1285174,Hyllarion Goore,2025-2026,2026-03-13,4000000,Koninklijke Atletiek Associatie Gent,BE1,,,,,,,,,True,
1285237,Jano Gordon,2025-2026,2025-12-17,1200000,Club Atlético Vélez Sársfield,ARG1,,,,,,,,,True,
1285238,Thiago Silvero,2025-2026,2025-12-17,300000,Club Atlético Vélez Sársfield,ARG1,,,,,,,,,True,
1285240,Felipe Bussio,2025-2026,2026-03-18,400000,Club Atlético Platense,ARG1,,,,,,,,,True,
1285798,Tiaguinho,2025-2026,2026-03-12,500000,Grêmio Foot-Ball Porto Alegrense,BRA1,,,,,,,,,True,
1286283,Christian Bracco,2025-2026,2026-01-13,75000,Newcastle United Jets Football Club,AUS1,,,,,,,,,True,
1286427,Luis Miguel Mina,2025-2026,2025-12-05,100000,CD América de Cali,COL1,,,,,,,,,True,
1287033,Mark Țuțu,2025-2026,2025-12-19,550000,Asociația Fotbal Club UTA Arad,RO1,,,,,,,,,True,
1287394,Austin Harrison,2025-2026,2025-12-22,150000,RZ Pellets Wolfsberger Athletiksport Club,A1,,,,,,,,,True,
1288575,Kotatsu Kawakami,2024-2025,2025-06-26,75000,Football Club Mito HollyHock,JAP1,,,,,,,,,True,
1288949,Abdoulaye Kanté,2025-2026,2025-12-15,150000,Fußballklub Austria Wien,A1,,,,,,,,,True,
1289190,Mohamed Bangoura,2025-2026,2025-12-29,350000,FC Zürich,C1,,,,,,,,,True,
1289575,Lawrence Wong,2025-2026,2026-01-13,175000,Melbourne City Football Club,AUS1,,,,,,,,,True,
1289687,Harry Crawford,2025-2026,2026-01-13,125000,Adelaide United Football Club,AUS1,,,,,,,,,True,
1289853,Anyelo Saldana,2025-2026,2026-03-17,150000,Boyacá Chicó FC,COL1,,,,,,,,,True,
1289854,Jhon Rentería,2025-2026,2026-03-18,500000,Club Atlético Sarmiento,ARG1,,,,,,,,,True,
1289929,Santiago Lencina,2025-2026,2025-12-17,2500000,Club Atlético River Plate,ARG1,,,,,,,,,True,
1290521,,2025-2026,2025-12-17,650000,,,,,,,,,,,True,
1290658,Leo Östman,2025-2026,2025-11-19,600000,Idrottsföreningen Elfsborg,SE1,,,,,,,,,True,
1290890,Yuriy Kokodynyak,2025-2026,2025-12-18,100000,FK Karpaty Lviv,UKR1,,,,,,,,,True,
1291030,Álvaro Busso,2025-2026,2025-09-24,100000,Club Atlético Vélez Sársfield,ARG1,,,,,,,,,True,
1291054,Leonel Jaime,2025-2026,2025-12-17,300000,Club Atlético River Plate,ARG1,,,,,,,,,True,
1291055,Tomás Nasif,2025-2026,2025-12-17,700000,Club Atlético Platense,ARG1,,,,,,,,,True,
1291336,Konrad Ciszek,2025-2026,2026-03-26,150000,Miejski Klub Sportowy Korona Kielce Spółka Akcyjna,PL1,,,,,,,,,True,
1291830,Ludvig Arvidsson,2025-2026,2025-11-19,100000,Halmstads BK,SE1,,,,,,,,,True,
1291835,Dmytro Sebro,2025-2026,2026-03-23,100000,FC Rukh Lviv,UKR1,,,,,,,,,True,
1292347,Gonzalo Zelarayán,2025-2026,2025-12-17,25000,Club Atlético Belgrano,ARG1,,,,,,,,,True,
1292706,Jean Unjanque,2025-2026,2025-12-22,350000,Querétaro Fútbol Club,MEX1,,,,,,,,,True,
1292977,Oskar Kubiak,2025-2026,2026-03-26,500000,Morski Związkowy Klub Sportowy Arka Gdynia Spółka Akcyjna,PL1,,,,,,,,,True,
1293298,Matviy Bodnar,2025-2026,2026-03-23,150000,FK Kryvbas Kryvyi Rig,UKR1,,,,,,,,,True,
1293692,Nazar Prokopenko,2025-2026,2026-03-23,50000,FC Oleksandriya,UKR1,,,,,,,,,True,
1293765,Lautaro Gutiérrez,2025-2026,2026-03-18,200000,Club Atlético Belgrano,ARG1,,,,,,,,,True,
1293854,Diego Velasquez,2025-2026,2026-03-24,200000,FK Dukla Praha a.s.,TS1,,,,,,,,,True,
1294453,Agustín Medina,2025-2026,2025-12-17,4500000,Club Atlético Lanús,ARG1,,,,,,,,,True,
1295762,Francesco Fiorelli,2025-2026,2026-03-17,100000,Alianza FC,COL1,,,,,,,,,True,
1295872,Ignacio Rossi,2025-2026,2025-11-26,25000,Instituto Atlético Central Córdoba,ARG1,,,,,,,,,True,
1295877,Lorenzo Albarracín,2025-2026,2025-12-17,25000,Instituto Atlético Central Córdoba,ARG1,,,,,,,,,True,
1296330,Timoteo Chamorro,2025-2026,2026-03-18,25000,Club Atlético Talleres,ARG1,,,,,,,,,True,
1296331,Emiliano Chiavassa,2025-2026,2025-12-17,25000,Club Atlético Talleres,ARG1,,,,,,,,,True,
1296393,Agustín Ladstatter,2025-2026,2025-12-17,300000,Club Atlético San Lorenzo de Almagro,ARG1,,,,,,,,,True,
1296399,Juan Rattalino,2025-2026,2025-12-17,200000,Club Atlético San Lorenzo de Almagro,ARG1,,,,,,,,,True,
1296404,Facundo Gulli,2025-2026,2026-03-18,1200000,Club Atlético San Lorenzo de Almagro,ARG1,,,,,,,,,True,
1296408,Branco Salinardi,2025-2026,2025-12-17,300000,Club Atlético San Lorenzo de Almagro,ARG1,,,,,,,,,True,
1296409,Ignacio Perruzzi,2025-2026,2025-12-17,2500000,Club Atlético San Lorenzo de Almagro,ARG1,,,,,,,,,True,
1297673,Believe Munongo,2025-2026,2026-03-27,10000000,Football Club de Metz,FR1,,,,,,,,,True,
1297988,Gaspar Duarte,2025-2026,2026-03-18,1000000,Club Atlético Rosario Central,ARG1,,,,,,,,,True,
1297993,Ignacio Ovando,2025-2026,2026-03-18,3500000,Club Atlético Rosario Central,ARG1,,,,,,,,,True,
1298369,Joaquín Tobio Burgos,2025-2026,2025-12-17,1800000,Club Estudiantes de La Plata,ARG1,,,,,,,,,True,
1298374,Fabricio Pérez,2025-2026,2026-03-18,2000000,Club Estudiantes de La Plata,ARG1,,,,,,,,,True,
1298432,Saad Al-Qarni,2025-2026,2025-12-18,50000,Al-Okhdood Club,SA1,,,,,,,,,True,
1298505,Enzo Taborda,2025-2026,2025-12-17,50000,Club Atlético Barracas Central,ARG1,,,,,,,,,True,
1298516,Mateo Pérez Curci,2025-2026,2025-12-17,50000,Club Atlético Independiente de Avellaneda,ARG1,,,,,,,,,True,
1298534,Joel Medina,2025-2026,2025-12-17,50000,Club Atlético Independiente de Avellaneda,ARG1,,,,,,,,,True,
1298557,Ashley Hay,2025-2026,2025-12-10,100000,Dundee Football Club,SC1,,,,,,,,,True,
1299227,Will Dobson,2025-2026,2026-01-13,350000,Newcastle United Jets Football Club,AUS1,,,,,,,,,True,
1299718,Seymour Reid,2025-2026,2025-12-11,200000,New York City Football Club,MLS1,,,,,,,,,True,
1299761,Thaiel Peralta,2025-2026,2026-03-18,1000000,Club Atlético Huracán,ARG1,,,,,,,,,True,
1300650,Oriyomi Lebi,2025-2026,2025-12-11,100000,Fudbalski Klub IMT Novi Beograd,SER1,,,,,,,,,True,
1300865,Djordje Petrovic,2025-2026,2026-03-26,750000,Fudbalski Klub Radnički Niš,SER1,,,,,,,,,True,
1300866,Issiaka Dembele,2025-2026,2025-12-11,100000,Omladinski fudbalski klub Beograd,SER1,,,,,,,,,True,
1300966,Branimir Mlacic,2025-2026,2025-12-22,4000000,Udinese Calcio,IT1,,,,,,,,,True,
1301353,Nicolás Bolcato,2025-2026,2026-03-18,700000,Club Sportivo Independiente Rivadavia,ARG1,,,,,,,,,True,
1301391,Santiago Esquivel,2025-2026,2025-12-17,500000,Club Atlético Banfield,ARG1,,,,,,,,,True,
1301427,Lisandro Piñero,2025-2026,2025-12-17,300000,Club Atlético Banfield,ARG1,,,,,,,,,True,
1301433,Mateo Borrell,2025-2026,2025-12-18,100000,Al-Ittihad Football Club,SA1,,,,,,,,,True,
1301775,Jan Virgili,2025-2026,2026-03-16,15000000,Real Club Deportivo Mallorca S.A.D.,ES1,,,,,,,,,True,
1303481,Frode Aronsson,2025-2026,2026-03-30,100000,Idrottsföreningen Elfsborg,SE1,,,,,,,,,True,
1303665,Erblin Sadikaj,2025-2026,2026-03-17,100000,FC Luzern,C1,,,,,,,,,True,
1303880,Skima Togbe,2025-2026,2026-03-26,900000,Fudbalski Klub Novi Pazar,SER1,,,,,,,,,True,
1304031,Taha Emre İnce,2025-2026,2025-12-17,100000,Trabzonspor Kulübü,TR1,,,,,,,,,True,
1304045,Devrim Şahin,2025-2026,2026-03-05,400000,Beşiktaş Jimnastik Kulübü,TR1,,,,,,,,,True,
1304362,,2024-2025,2025-06-24,100000,,,,,,,,,,,True,
1304529,Petar Djokovic,2025-2026,2025-12-11,75000,Fudbalski Klub Javor Matis Ivanjica,SER1,,,,,,,,,True,
1304982,Efraim Bödő,2025-2026,2026-03-27,350000,Asociația Futball Klub Csíkszereda Miercurea Ciuc,RO1,,,,,,,,,True,
1305075,Douglas Owusu,2025-2026,2026-03-26,2500000,Fudbalski klub Crvena zvezda Beograd,SER1,,,,,,,,,True,
1305136,Jawad Al-Hassan,2025-2026,2025-12-18,50000,Damac Football Club,SA1,,,,,,,,,True,
1305235,Josué Tiendrébéogo,2025-2026,2026-03-26,400000,Fudbalski Klub IMT Novi Beograd,SER1,,,,,,,,,True,
1305311,John Auta,2025-2026,2025-12-22,650000,"FK Teplice, a.s.",TS1,,,,,,,,,True,
1305326,Facundo Di Biasi,2025-2026,2025-12-17,400000,Club de Gimnasia y Esgrima La Plata,ARG1,,,,,,,,,True,
1305339,Santiago Villarreal,2025-2026,2025-09-24,50000,Club de Gimnasia y Esgrima La Plata,ARG1,,,,,,,,,True,
1305372,Jorge de Asís,2025-2026,2025-12-17,50000,Club de Gimnasia y Esgrima La Plata,ARG1,,,,,,,,,True,
1305470,Mohamed Touré,2025-2026,2026-03-24,750000,"FC Viktoria Plzeň, a.s.",TS1,,,,,,,,,True,
1305778,Santiago Grella,2025-2026,2026-03-18,25000,Club Atlético Unión,ARG1,,,,,,,,,True,
1305931,Ghassan Hawsawi,2025-2026,2025-12-18,125000,Al-Okhdood Club,SA1,,,,,,,,,True,
1305935,Santino Andino,2025-2026,2026-03-06,6000000,Panathinaikos Athlitikos Omilos,GR1,,,,,,,,,True,
1306264,Stefan Tomovic,2025-2026,2026-03-26,200000,Fudbalski klub TSC Bačka Topola,SER1,,,,,,,,,True,
1306829,Iván Guaraz,2025-2026,2026-03-18,250000,Club Atlético Barracas Central,ARG1,,,,,,,,,True,
1306860,Abdul Hanan Sani Brown,2025-2026,2025-12-15,50000,Avispa Fukuoka,JAP1,,,,,,,,,True,
1306974,Heon-jae Lee,2025-2026,2025-12-16,25000,Football Club Pohang Steelers,RSK1,,,,,,,,,True,
1307004,Nathan Mbala,2025-2026,2026-03-27,3000000,Football Club de Metz,FR1,,,,,,,,,True,
1308212,Athanasios Papathanasiou-Gerofokas,2025-2026,2026-03-06,50000,Volou Neos Podosferikos Syllogos,GR1,,,,,,,,,True,
1308524,Mory Kera,2025-2026,2025-12-10,150000,Royal Charleroi Sporting Club,BE1,,,,,,,,,True,
1308893,Sung-jun Yoon,2024-2025,2025-05-29,50000,Kyoto Purple Sanga,JAP1,,,,,,,,,True,
1309324,Uchenna Ogundu,2025-2026,2026-03-20,4000000,Fußball-Club Augsburg 1907,L1,,,,,,,,,True,
1309585,Ezekiel Alladoh,2025-2026,2025-11-19,3500000,Philadelphia Union,MLS1,,,,,,,,,True,
1310437,Joseph Opoku,2025-2026,2026-03-13,3000000,Sportvereniging Zulte Waregem,BE1,,,,,,,,,True,
1310744,Facundo Jainikoski,2025-2026,2026-03-18,350000,Asociación Atlética Argentinos Juniors,ARG1,,,,,,,,,True,
1311107,Stanley Wilson,2025-2026,2026-03-30,200000,Allmänna Idrottsklubben,SE1,,,,,,,,,True,
1311363,Kenta Itakura,2025-2026,2025-12-15,600000,Football Club Mito HollyHock,JAP1,,,,,,,,,True,
1311425,Luca Ramirez,2025-2026,2025-12-18,75000,Al-Riyadh Saudi Club,SA1,,,,,,,,,True,
1311874,Mazou Bambara,2025-2026,2025-12-22,100000,Wattener Sportgemeinschaft Swarovski Tirol,A1,,,,,,,,,True,
1312171,Daniel Nunoo,2025-2026,2026-03-10,500000,Sportklub Rapid,A1,,,,,,,,,True,
1312698,Selton Sánchez,2025-2026,2025-12-12,3000000,Athletic Club Bilbao,ES1,,,,,,,,,True,
1314350,Kenay Myrie,2025-2026,2025-12-30,800000,Football Club København,DK1,,,,,,,,,True,
1314671,Bernard Nguene,2025-2026,2026-03-13,800000,Royal Standard Club de Liège,BE1,,,,,,,,,True,
1315396,Jefferson Ramos,2025-2026,2025-12-18,50000,Al-Fateh Club,SA1,,,,,,,,,True,
1315402,Wesley Delgado,2025-2026,2025-12-18,100000,Al-Fateh Club,SA1,,,,,,,,,True,
1315458,Fallou Cham,2025-2026,2025-12-23,1000000,Verona Hellas Football Club,IT1,,,,,,,,,True,
1317563,Ilyas Akhmedov,2025-2026,2026-03-25,200000,Dinamo Makhachkala,RU1,,,,,,,,,True,
1317564,Gadzhi Budunov,2025-2026,2025-12-16,100000,Dinamo Makhachkala,RU1,,,,,,,,,True,
1318194,Naoufal Bohamdi-Kamoni,2025-2026,2026-03-13,300000,Koninklijke Voetbal Club Westerlo,BE1,,,,,,,,,True,
1318427,Majed Khalifa,2025-2026,2025-12-18,125000,Al-Kholood Club,SA1,,,,,,,,,True,
1320139,Elkin Rivero,2025-2026,2026-03-17,550000,Atlético Nacional,COL1,,,,,,,,,True,
1320347,Bogdan Levytskyi,2025-2026,2025-12-18,100000,FC Rukh Lviv,UKR1,,,,,,,,,True,
1321322,Davy Gui,2025-2026,2025-12-18,600000,Futebol Clube de Alverca,PO1,,,,,,,,,True,
1321410,Joey Garuccio,2025-2026,2026-01-13,100000,Adelaide United Football Club,AUS1,,,,,,,,,True,
1321938,Rufai Mohammed,2025-2026,2026-03-30,350000,Idrottsföreningen Elfsborg,SE1,,,,,,,,,True,
1322090,Jocelin Ta Bi,2025-2026,2026-03-09,3000000,Sunderland Association Football Club,GB1,,,,,,,,,True,
1322217,Manuel Fernández,2025-2026,2025-12-17,50000,Club Atlético Tigre,ARG1,,,,,,,,,True,
1322290,Alan Daian Laprida,2025-2026,2026-03-18,100000,Club Atlético Central Córdoba,ARG1,,,,,,,,,True,
1322306,Misael Aguirre,2025-2026,2026-03-18,200000,Club Atlético Unión,ARG1,,,,,,,,,True,
1322355,Tomás Aranda,2025-2026,2026-03-18,800000,Club Atlético Boca Juniors,ARG1,,,,,,,,,True,
1322606,Brandon Oviedo,2025-2026,2025-12-17,200000,Club Atlético Banfield,ARG1,,,,,,,,,True,
1322673,Álvaro Ocampo,2025-2026,2026-03-18,25000,Club Atlético Belgrano,ARG1,,,,,,,,,True,
1324003,Joaquín Freitas,2025-2026,2026-03-18,500000,Club Atlético River Plate,ARG1,,,,,,,,,True,
1324736,Tiziano Perrotta,2025-2026,2026-03-18,400000,Club Atlético Banfield,ARG1,,,,,,,,,True,
1324746,Carlos Sarabia,2025-2026,2026-03-17,550000,Millonarios FC,COL1,,,,,,,,,True,
1324788,Andrés Vargas,2025-2026,2025-12-05,50000,Envigado FC,COL1,,,,,,,,,True,
1325371,Zachary Zalewski,2025-2026,2026-03-26,25000,Jagiellonia-Bialystok Sportowa Spólka Akcyjna,PL1,,,,,,,,,True,
1326883,Aboubacar Bah,2025-2026,2025-12-18,300000,Al-Hazem Sport Club,SA1,,,,,,,,,True,
1326934,Niall Thom,2025-2026,2026-03-24,75000,Brisbane Roar FC,AUS1,,,,,,,,,True,
1326936,Noah Maieroni,2025-2026,2026-01-13,125000,Brisbane Roar FC,AUS1,,,,,,,,,True,
1327411,Luciano Vallejo,2025-2026,2026-03-18,50000,Club Atlético Tucumán,ARG1,,,,,,,,,True,
1327450,Gabriel Abeldaño,2025-2026,2026-03-18,250000,Club Atlético Tucumán,ARG1,,,,,,,,,True,
1328021,Dell,2025-2026,2026-03-12,4000000,Esporte Clube Bahia,BRA1,,,,,,,,,True,
1328380,Luca Regiardo,2025-2026,2025-12-17,500000,Club Atlético Newell’s Old Boys,ARG1,,,,,,,,,True,
1329718,Henrique Oliveira,2025-2026,2026-01-13,75000,Macarthur South West Sydney (A-League),AUS1,,,,,,,,,True,
1330788,Wilson Lindberg Uhrström,2025-2026,2025-11-19,150000,Hammarby IF,SE1,,,,,,,,,True,
1331433,Jean Galindo,2025-2026,2025-12-05,50000,Deportivo Cali,COL1,,,,,,,,,True,
1331450,Hugo López,2025-2026,2026-03-18,1000000,Villarreal Club de Fútbol S.A.D.,ES1,,,,,,,,,True,
1332184,Jerry Afriyie,2025-2026,2025-12-10,1000000,RAAL La Louvière,BE1,,,,,,,,,True,
1334905,Akol Akon,2025-2026,2026-01-13,100000,Sydney Football Club,AUS1,,,,,,,,,True,
1334978,Faycal Konate,2025-2026,2025-11-10,150000,MFK Karvina,TS1,,,,,,,,,True,
1335777,Simão Pedro,2025-2026,2026-03-26,300000,Železničar Pančevo,SER1,,,,,,,,,True,
1335803,Cristian Sima,2025-2026,2025-12-19,350000,F.C.V. Farul Constanța SA,RO1,,,,,,,,,True,
1336426,James Durrington,2025-2026,2026-02-23,100000,Brisbane Roar FC,AUS1,,,,,,,,,True,
1338121,Linus Alperud,2025-2026,2025-12-15,500000,Lillestrøm Sportsklubb,NO1,,,,,,,,,True,
1339250,Ibraheem Mahfus Ajasa,2025-2026,2025-12-16,200000,FK Rostov,RU1,,,,,,,,,True,
1341188,Owen Graham-Roache,2025-2026,2025-12-11,150000,Club de Foot Montréal,MLS1,,,,,,,,,True,
1341558,Bautista Gerez,2025-2026,2026-03-18,25000,Club Atlético Central Córdoba,ARG1,,,,,,,,,True,
1341717,Marcus Reed,2025-2026,2026-03-16,100000,Aalesunds Fotballklubb,NO1,,,,,,,,,True,
1342148,Romeo Arrhenius Leandersson,2025-2026,2025-11-19,600000,Mjällby Almänna Idrottsförening,SE1,,,,,,,,,True,
1342677,Gonzalo Gelini,2025-2026,2026-03-18,250000,Club Atlético Boca Juniors,ARG1,,,,,,,,,True,
1343067,Joel Sebastián Romero,2025-2026,2026-03-17,550000,CD América de Cali,COL1,,,,,,,,,True,
1346738,Thomas Goos,2025-2026,2025-12-02,50000,Nooit Opgeven Altijd Doorzetten Aangenaam Door Vermaak En Nuttig Door Ontspanning Combinatie Breda,NL1,,,,,,,,,True,
1346771,Volodymyr Yasinskyi,2025-2026,2026-03-23,100000,FC Rukh Lviv,UKR1,,,,,,,,,True,
1346805,Denis Țăroi,2025-2026,2025-12-19,150000,Asociația Fotbal Club UTA Arad,RO1,,,,,,,,,True,
1346952,Gage Guerra,2025-2026,2025-12-11,200000,Portland Timbers,MLS1,,,,,,,,,True,
1347762,Jadiel Pereira da Gama,2025-2026,2025-12-15,1500000,Prins Hendrik Ende Desespereert Nimmer Combinatie Zwolle,NL1,,,,,,,,,True,
1350595,Matei Popa,2025-2026,2026-03-27,250000,SC Fotbal Club FCSB SA,RO1,,,,,,,,,True,
1350967,Abdulmalik Al-Marwani,2025-2026,2025-12-18,50000,Al-Taawoun Football Club,SA1,,,,,,,,,True,
1352333,Daniel Normann,2025-2026,2025-12-16,150000,Auckland Football Club,AUS1,,,,,,,,,True,
1352334,Jesús Barea,2025-2026,2025-12-11,150000,Real Salt Lake,MLS1,,,,,,,,,True,
1353562,Thomas Lopes,2025-2026,2026-01-19,100000,Servette Football Club 1890 SA,C1,,,,,,,,,True,
1355285,Arthur Borghi,2025-2026,2026-01-03,50000,Verona Hellas Football Club,IT1,,,,,,,,,True,
1355385,Robinho Junior,2025-2026,2025-12-10,5000000,Santos Futebol Clube,BRA1,,,,,,,,,True,
1355429,Raykkonen,2025-2026,2026-03-12,1000000,Sport Club Internacional,BRA1,,,,,,,,,True,
1355577,Tae-hwan Kim,2025-2026,2025-12-16,25000,Gangwon Football Club,RSK1,,,,,,,,,True,
1355579,Seung-bin Jung,2025-2026,2025-12-16,25000,Gangwon Football Club,RSK1,,,,,,,,,True,
1355954,Manu Duah,2025-2026,2025-12-11,1000000,San Diego Football Club,MLS1,,,,,,,,,True,
1356043,Max Floriani,2025-2026,2025-12-11,400000,San Jose Earthquakes,MLS1,,,,,,,,,True,
1356044,Dean Boltz,2025-2026,2025-11-25,50000,Chicago Fire Soccer Club,MLS1,,,,,,,,,True,
1356045,Alex Harris,2025-2026,2025-12-11,75000,Colorado Rapids,MLS1,,,,,,,,,True,
1356499,Oliver Dragicevic,2025-2026,2026-01-13,100000,Melbourne Victory FC,AUS1,,,,,,,,,True,
1360186,Barney Stewart,2025-2026,2026-03-05,500000,Falkirk Football & Athletic Club,SC1,,,,,,,,,True,
1362141,Daniel Bengtsson,2025-2026,2025-11-19,25000,GAIS,SE1,,,,,,,,,True,
1362423,Eriki,2025-2026,2025-12-09,225000,FK Karpaty Lviv,UKR1,,,,,,,,,True,
1363192,Richardson Rivas,2025-2026,2026-03-17,300000,Fortaleza CEIF,COL1,,,,,,,,,True,
1363814,Precious Benjamin,2025-2026,2026-03-10,250000,Sportclub Rheindorf Altach,A1,,,,,,,,,True,
1364134,Allen Rojas,2025-2026,2026-03-26,700000,Club de Fútbol Monterrey Rayados A.C.,MEX1,,,,,,,,,True,
1364195,Odera Samuel Adindu,2025-2026,2026-03-30,350000,IK Sirius,SE1,,,,,,,,,True,
1364454,Christian Kofane,2025-2026,2026-03-20,40000000,Bayer 04 Leverkusen Fußball,L1,,,,,,,,,True,
1365255,Franciszek Lewandowski,2025-2026,2025-12-08,25000,Motor Lublin Spółka Akcyjna,PL1,,,,,,,,,True,
1365590,Reid Roberts,2025-2026,2025-12-11,500000,San Jose Earthquakes,MLS1,,,,,,,,,True,
1366177,Jin-woong Choi,2025-2026,2025-12-16,100000,Jeonbuk Hyundai Motors,RSK1,,,,,,,,,True,
1366181,,2025-2026,2025-12-16,150000,,,,,,,,,,,True,
1366193,Jun-yeong Kim,2025-2026,2025-12-16,100000,Jeonbuk Hyundai Motors,RSK1,,,,,,,,,True,
1366314,Abraham Ojo,2025-2026,2025-12-08,250000,RKS Raków Częstochowa SA,PL1,,,,,,,,,True,
1368527,Oskar Cotton,2025-2026,2025-11-19,100000,Idrottsföreningen  Brommapojkarna,SE1,,,,,,,,,True,
1369134,,2025-2026,2025-12-05,650000,,,,,,,,,,,True,
1369904,Mohammed Al-Saedi,2025-2026,2025-12-18,25000,Al-Hazem Sport Club,SA1,,,,,,,,,True,
1370143,Frey Berrío,2025-2026,2025-12-05,300000,Envigado FC,COL1,,,,,,,,,True,
1370951,Ali Abdulraouf,2025-2026,2025-12-30,75000,Al-Khaleej Club (Saihat),SA1,,,,,,,,,True,
1371221,Cheikh Mbacke Diop,2025-2026,2025-12-22,1000000,NK Lokomotiva Zagreb,KR1,,,,,,,,,True,
1371326,Diego Díaz,2025-2026,2025-12-17,175000,Club Atlético Unión,ARG1,,,,,,,,,True,
1371519,Alexandro Maidana,2025-2026,2025-12-02,1500000,Club Atlético Talleres,ARG1,,,,,,,,,True,
1371667,,2025-2026,2026-03-17,1200000,,,,,,,,,,,True,
1371974,Ian Pilcher,2025-2026,2025-12-11,500000,San Diego Football Club,MLS1,,,,,,,,,True,
1372149,Gibril Sosseh,2025-2026,2026-03-24,450000,"Bohemians Praha 1905, a.s.",TS1,,,,,,,,,True,
1372495,Muhammed Kadıoğlu,2025-2026,2025-12-17,100000,Fatih Karagümrük Sportif Faaliyetler San. Tic. A.Ş.,TR1,,,,,,,,,True,
1372515,,2025-2026,2026-03-24,2000000,,,,,,,,,,,True,
1372673,Ian Smith,2025-2026,2025-12-11,500000,Portland Timbers,MLS1,,,,,,,,,True,
1373100,Alaat Abdul-Rahman,2025-2026,2026-01-13,50000,Western Sydney Wanderers,AUS1,,,,,,,,,True,
1373497,Cherno Saho,2025-2026,2025-12-30,250000,Hrvatski Nogometni Klub Rijeka,KR1,,,,,,,,,True,
1373697,Rodrigo Parra,2025-2026,2025-12-29,75000,Club Universidad Nacional A. C.,MEX1,,,,,,,,,True,
1375227,Thiago Pitarch,2025-2026,2026-03-16,20000000,Real Madrid Club de Fútbol,ES1,,,,,,,,,True,
1375323,Elian Peralta,2025-2026,2025-12-05,150000,Boyacá Chicó FC,COL1,,,,,,,,,True,
1375572,Eli Jones,2025-2026,2025-12-16,75000,Auckland Football Club,AUS1,,,,,,,,,True,
1375842,Lóránd Bencze,2025-2026,2025-12-19,10000,Asociația Futball Klub Csíkszereda Miercurea Ciuc,RO1,,,,,,,,,True,
1376274,Musab Abdi Mohamud,2025-2026,2025-11-19,10000,Västerås Sportklubb FK,SE1,,,,,,,,,True,
1376508,Sonosuke Sato,2025-2026,2025-12-15,100000,Avispa Fukuoka,JAP1,,,,,,,,,True,
1376943,Blake Gillingham,2025-2026,2025-12-11,150000,Houston Dynamo,MLS1,,,,,,,,,True,
1377296,Rinsei Ohata,2025-2026,2025-12-15,50000,S-Pulse,JAP1,,,,,,,,,True,
1377531,Talal Al-Shbely,2025-2026,2025-12-18,50000,Al-Riyadh Saudi Club,SA1,,,,,,,,,True,
1377781,Nico Cavallo,2025-2026,2025-12-11,600000,New York City Football Club,MLS1,,,,,,,,,True,
1377839,Mateusz Kopczyński,2025-2026,2025-12-08,25000,Gliwicki Klub Sportowy Piast Spółka Akcyjna,PL1,,,,,,,,,True,
1377866,Facundo Guch,2025-2026,2026-03-18,1200000,Club Atlético Newell’s Old Boys,ARG1,,,,,,,,,True,
1377910,Kieran Chandler,2025-2026,2025-12-11,50000,Minnesota United FC,MLS1,,,,,,,,,True,
1378149,Ignacio Alastra,2025-2026,2025-12-17,50000,Club Atlético Talleres,ARG1,,,,,,,,,True,
1378320,Mbekezeli Mbokazi,2025-2026,2026-01-23,2500000,Chicago Fire Soccer Club,MLS1,,,,,,,,,True,
1379347,Matías Arias,2025-2026,2025-12-17,50000,Club Atlético Vélez Sársfield,ARG1,,,,,,,,,True,
1379348,Dilan Godoy,2025-2026,2025-12-17,300000,Club Atlético Vélez Sársfield,ARG1,,,,,,,,,True,
1379813,Hamidou Kante,2025-2026,2025-12-22,1000000,FC Baník Ostrava a.s.,TS1,,,,,,,,,True,
1380108,Haruto Hidaka,2025-2026,2025-12-15,50000,S-Pulse,JAP1,,,,,,,,,True,
1380311,Prince Amoako Junior,2025-2026,2025-12-15,5000000,Fodbold Club Nordsjælland,DK1,,,,,,,,,True,
1380482,Cyril Edudzi,2025-2026,2025-12-19,250000,Randers Fodbold Club,DK1,,,,,,,,,True,
1380821,Charly Villegas,2025-2026,2026-03-17,150000,Alianza FC,COL1,,,,,,,,,True,
1380977,Samba Konaté,2025-2026,2025-12-06,1000000,RasenBallsport Leipzig,L1,,,,,,,,,True,
1381052,Marvin Illary,2025-2026,2026-03-30,50000,Halmstads BK,SE1,,,,,,,,,True,
1381202,Victor Samuel,2025-2026,2025-12-22,200000,FK Pardubice,TS1,,,,,,,,,True,
1381205,Mamadou Billo Diop,2025-2026,2026-03-15,100000,Colorado Rapids,MLS1,,,,,,,,,True,
1381448,Malik Henry,2025-2026,2025-12-11,200000,Toronto FC,MLS1,,,,,,,,,True,
1381483,Toumani Diakite,2025-2026,2026-03-24,1700000,FC Slovan Liberec,TS1,,,,,,,,,True,
1381733,Cesar Ruvalcaba,2025-2026,2025-12-11,200000,Columbus Crew,MLS1,,,,,,,,,True,
1382108,Stas Korzeniowski,2025-2026,2026-02-25,250000,Philadelphia Union,MLS1,,,,,,,,,True,
1382681,Terry Benjamin,2025-2026,2025-12-15,50000,Idrettsklubben Start,NO1,,,,,,,,,True,
1382710,Mauro Lenaerts,2025-2026,2025-12-18,400000,Yellow-Red Koninklijke Voetbalclub Mechelen,BE1,,,,,,,,,True,
1383742,Luis Marimón,2025-2026,2026-03-17,300000,Llaneros FC,COL1,,,,,,,,,True,
1384266,Tobías Andrada,2025-2026,2026-03-18,3000000,Club Atlético Vélez Sársfield,ARG1,,,,,,,,,True,
1384394,Ryan Ogam,2025-2026,2026-03-10,150000,RZ Pellets Wolfsberger Athletiksport Club,A1,,,,,,,,,True,
1384705,Joshua Torquato,2025-2026,2025-12-11,200000,FC Dallas,MLS1,,,,,,,,,True,
1384865,Ibrahim Adewale,2025-2026,2026-03-30,200000,Mjällby Almänna Idrottsförening,SE1,,,,,,,,,True,
1384911,Samu Becerra,2025-2026,2025-12-12,300000,Rayo Vallecano de Madrid S. A. D.,ES1,,,,,,,,,True,
1385275,Abubacarr Sedi Kinteh,2025-2026,2025-12-15,5000000,Tromsø Idrettslag,NO1,,,,,,,,,True,
1385364,Kévin Arévalo,2025-2026,2025-12-18,500000,Akron Togliatti,RU1,,,,,,,,,True,
1388409,Kauã Moraes,2025-2026,2026-03-12,500000,Cruzeiro Esporte Clube,BRA1,,,,,,,,,True,
1389839,Yuto Baigorria,2025-2026,2025-12-15,250000,Fagiano Okayama Sports Club,JAP1,,,,,,,,,True,
1390489,David Isso,2025-2026,2026-03-30,200000,Idrottsföreningen  Brommapojkarna,SE1,,,,,,,,,True,
1391809,Kleber Díaz,2025-2026,2025-12-05,50000,Unión Magdalena,COL1,,,,,,,,,True,
1396324,Ibrahim Yusuf Omosanya,2025-2026,2025-12-11,25000,FK Radnički 1923 Kragujevac,SER1,,,,,,,,,True,
1398416,Deivid Castro,2025-2026,2025-12-05,50000,Internacional de Bogotá,COL1,,,,,,,,,True,
1398532,Hikaru Maeda,2025-2026,2025-12-15,50000,Avispa Fukuoka,JAP1,,,,,,,,,True,
1401774,Ousseynou Fall Seck,2025-2026,2025-12-15,25000,Randers Fodbold Club,DK1,,,,,,,,,True,
1401779,Jules Ahoka,2025-2026,2025-12-10,200000,Royal Antwerp Football Club,BE1,,,,,,,,,True,
1402952,Luca Rafaelli,2025-2026,2026-03-18,400000,Instituto Atlético Central Córdoba,ARG1,,,,,,,,,True,
1403601,Brody Burkitt,2025-2026,2026-01-26,175000,Adelaide United Football Club,AUS1,,,,,,,,,True,
1404854,Sebastian Despotovski,2025-2026,2026-01-13,250000,Perth Glory Football Club,AUS1,,,,,,,,,True,
1404902,Diaa Eddine Mechid,2025-2026,2025-12-19,125000,Dinamo Makhachkala,RU1,,,,,,,,,True,
1406422,Amad Keita,2025-2026,2025-12-30,25000,NK Lokomotiva Zagreb,KR1,,,,,,,,,True,
1406511,Halam Loboa,2025-2026,2026-03-17,2200000,Independiente Medellín,COL1,,,,,,,,,True,
1406665,Jesús Peñaloza,2025-2026,2025-12-05,250000,Unión Magdalena,COL1,,,,,,,,,True,
1408382,Riley Foxe,2025-2026,2026-01-13,50000,Perth Glory Football Club,AUS1,,,,,,,,,True,
1409754,Pepijn Reulen,2025-2026,2025-12-02,300000,Nooit Opgeven Altijd Doorzetten Aangenaam Door Vermaak En Nuttig Door Ontspanning Combinatie Breda,NL1,,,,,,,,,True,
1410674,Mamady Cissé,2025-2026,2026-03-12,1000000,Clube Atlético Mineiro,BRA1,,,,,,,,,True,
1411382,Zsombor Deáky,2025-2026,2025-12-09,75000,Asociația Futball Klub Csíkszereda Miercurea Ciuc,RO1,,,,,,,,,True,
1411391,Néider Parra,2025-2026,2025-12-16,100000,Atlético Nacional,COL1,,,,,,,,,True,
1415104,Hervin Goyes,2025-2026,2026-03-17,50000,Asociación Deportivo Pasto,COL1,,,,,,,,,True,
1415109,Patrick Preciado,2025-2026,2026-03-17,150000,Asociación Deportivo Pasto,COL1,,,,,,,,,True,
1416741,Jean Batoum,2025-2026,2025-12-22,350000,Klub Sportowy Cracovia Spółka Akcyjna,PL1,,,,,,,,,True,
1417090,Alagie Wally,2025-2026,2025-12-18,150000,NK Veres Rivne,UKR1,,,,,,,,,True,
1420029,Finlay Neat,2025-2026,2025-11-19,50000,IK Sirius,SE1,,,,,,,,,True,
1420635,Matías Orozco,2025-2026,2026-03-17,500000,Deportivo Cali,COL1,,,,,,,,,True,
1420778,Gerónimo Mancilla,2025-2026,2026-03-17,200000,Independiente Medellín,COL1,,,,,,,,,True,
1421433,Zadok Yohanna,2025-2026,2026-03-30,500000,Allmänna Idrottsklubben,SE1,,,,,,,,,True,
1421514,Yannick Geiger,2025-2026,2025-11-19,600000,Allmänna Idrottsklubben,SE1,,,,,,,,,True,
1421609,Aleksa Mitic,2025-2026,2025-12-11,200000,Fudbalski Klub IMT Novi Beograd,SER1,,,,,,,,,True,
1422277,,2025-2026,2026-03-24,1500000,,,,,,,,,,,True,
1428280,Natan Ława,2025-2026,2026-03-26,50000,Morski Klub Sportowy Pogoń Szczecin,PL1,,,,,,,,,True,
1428464,Abdoulaye Camara,2025-2026,2025-12-15,300000,Vejle Boldklub,DK1,,,,,,,,,True,
1429020,Franco Domínguez,2025-2026,2025-12-17,50000,Club Estudiantes de La Plata,ARG1,,,,,,,,,True,
1429538,Beckham Baker,2025-2026,2026-01-13,150000,Melbourne City Football Club,AUS1,,,,,,,,,True,
1430787,Ryan Adewusi,2025-2026,2025-12-10,100000,FC Verbroedering Denderhoutem Denderleeuw Eendracht Hekelgem,BE1,,,,,,,,,True,
1430854,Luka Mikulic,2025-2026,2026-03-17,700000,Grasshopper Club Zürich,C1,,,,,,,,,True,
1431808,Vinko Stanisic,2025-2026,2026-01-13,50000,Adelaide United Football Club,AUS1,,,,,,,,,True,
1432451,Xavier Bertoncello,2025-2026,2026-01-13,250000,Newcastle United Jets Football Club,AUS1,,,,,,,,,True,
1432453,Max Cooper,2025-2026,2026-01-13,300000,Newcastle United Jets Football Club,AUS1,,,,,,,,,True,
1432633,Ebrima Ceesay,2025-2026,2025-12-17,50000,Samsunspor,TR1,,,,,,,,,True,
1433420,Hayato Hirao,2025-2026,2025-12-15,75000,Tokyo Verdy,JAP1,,,,,,,,,True,
1433563,Abdulmalik Mohammed,2025-2026,2025-12-11,150000,Fudbalski Klub Partizan Beograd,SER1,,,,,,,,,True,
1434004,Emmanuel Quarshie,2025-2026,2025-12-11,100000,Fudbalski klub Radnik Surdulica,SER1,,,,,,,,,True,
1434659,Gleyfer Medina,2025-2026,2025-12-05,150000,Atlético Bucaramanga,COL1,,,,,,,,,True,
1435998,Novak Stevanovic,2025-2026,2026-03-25,50000,Fudbalski klub Napredak Kruševac,SER1,,,,,,,,,True,
1436267,Courage Otokwefor,2025-2026,2026-03-30,100000,Idrottsföreningen  Brommapojkarna,SE1,,,,,,,,,True,
1436657,Moussa Diallo,2025-2026,2025-11-19,150000,Västerås Sportklubb FK,SE1,,,,,,,,,True,
1436659,Gideon Yiriyon,2025-2026,2026-03-30,250000,Degerfors IF,SE1,,,,,,,,,True,
1437503,Ayaz Özcan,2025-2026,2025-12-17,50000,Gençlerbirliği Spor Kulübü,TR1,,,,,,,,,True,
1437532,Samuel Martín,2025-2026,2026-03-17,250000,Millonarios FC,COL1,,,,,,,,,True,
1439392,Sumaila Wasiu,2025-2026,2025-12-18,250000,Železničar Pančevo,SER1,,,,,,,,,True,
1439518,Juan Rengifo,2025-2026,2026-03-17,2500000,Atlético Nacional,COL1,,,,,,,,,True,
1445469,Marlon Ebietomere,2025-2026,2026-03-30,50000,Örgryte IS,SE1,,,,,,,,,True,
1447744,Tutti,2025-2026,2026-03-23,100000,FC Rukh Lviv,UKR1,,,,,,,,,True,
1448027,Gabrijel Sivalec,2025-2026,2025-12-22,350000,NK Slaven Belupo Koprivnica,KR1,,,,,,,,,True,
1451255,Sultan Al-Anzi,2025-2026,2025-12-18,75000,Al-Shabab Club,SA1,,,,,,,,,True,
1451603,Moustapha Sémbène,2025-2026,2026-01-19,100000,Al-Taawoun Football Club,SA1,,,,,,,,,True,
1453066,Carlos Macià,2025-2026,2026-03-18,3000000,Villarreal Club de Fútbol S.A.D.,ES1,,,,,,,,,True,
1455935,Darius Bota,2025-2026,2026-03-27,50000,Asociația Futball Klub Csíkszereda Miercurea Ciuc,RO1,,,,,,,,,True,
1456741,Gilbert Mendy,2025-2026,2025-12-17,50000,Eyüp Spor Kulübü,TR1,,,,,,,,,True,
1457367,Ali Badra Diabaté,2025-2026,2026-01-29,100000,Samsunspor,TR1,,,,,,,,,True,
1457761,Theodor Lundbergh,2025-2026,2026-03-30,200000,Malmö Fotbollförening,SE1,,,,,,,,,True,
1457962,,2025-2026,2026-03-24,1800000,,,,,,,,,,,True,
1458907,Christ Sadia,2025-2026,2025-12-17,100000,Eyüp Spor Kulübü,TR1,,,,,,,,,True,
1458978,Bachir Gueye,2025-2026,2025-12-17,100000,Antalyaspor,TR1,,,,,,,,,True,
1464878,Kadir Barría,2025-2026,2026-03-12,1000000,S. A. F. Botafogo,BRA1,,,,,,,,,True,
1472451,,2025-2026,2025-12-18,50000,,,,,,,,,,,True,
1474871,Muhammet Akmelek,2025-2026,2026-03-05,50000,Gaziantep Futbol Kulübü A.Ş.,TR1,,,,,,,,,True,
1474898,Abdulaziz Al-Suwailem,2025-2026,2026-03-30,250000,Al-Fateh Club,SA1,,,,,,,,,True,
1475207,Miguel Aguirre,2025-2026,2026-03-17,100000,Deportivo Pereira,COL1,,,,,,,,,True,
1476385,Sil Blokhuis,2025-2026,2025-12-02,50000,Heracles Almelo,NL1,,,,,,,,,True,
1477176,Abdoul Rahim Sawadogo,2025-2026,2026-03-26,75000,Železničar Pančevo,SER1,,,,,,,,,True,
1484878,Emmett Shaw,2025-2026,2026-01-13,50000,Brisbane Roar FC,AUS1,,,,,,,,,True,
1485898,Fawaz Al-Hamad,2025-2026,2026-01-19,75000,Al-Fateh Club,SA1,,,,,,,,,True,
1486200,Abdoulie Mboge,2025-2026,2025-12-18,50000,Al-Khaleej Club (Saihat),SA1,,,,,,,,,True,
1490070,Bailey Ferguson,2025-2026,2026-03-02,100000,Auckland Football Club,AUS1,,,,,,,,,True,
1491276,Losika Ratshukudu,2025-2026,2025-12-20,25000,NK Slaven Belupo Koprivnica,KR1,,,,,,,,,True,
1492790,Nikola Marković,2025-2026,2026-03-03,100000,D.C. United,MLS1,,,,,,,,,True,
1492796,Ricky Louis,2025-2026,2026-03-08,75000,FC Dallas,MLS1,,,,,,,,,True,
1492798,Kwaku Agyabeng,2025-2026,2026-02-25,250000,Sporting Kansas City,MLS1,,,,,,,,,True,
1497653,Bara Sapoko Ndiaye,2025-2026,2026-01-04,300000,FC Bayern München,L1,,,,,,,,,True,
1498276,Ahmed Traore,2025-2026,2026-03-05,250000,Fatih Karagümrük Sportif Faaliyetler San. Tic. A.Ş.,TR1,,,,,,,,,True,
1500143,Moussa Kone,2025-2026,2026-01-29,100000,Fatih Karagümrük Sportif Faaliyetler San. Tic. A.Ş.,TR1,,,,,,,,,True,
1500420,Bruninho,2025-2026,2026-03-12,2000000,Clube Atlético Paranaense,BRA1,,,,,,,,,True,
1501088,Agustin Resch,2025-2026,2026-03-03,100000,Houston Dynamo,MLS1,,,,,,,,,True,
1501596,Sultan Harun,2025-2026,2026-03-30,200000,Al-Riyadh Saudi Club,SA1,,,,,,,,,True,
1501794,,2025-2026,2026-03-30,300000,,,,,,,,,,,True,
1504946,Charles-Emile Brunet,2025-2026,2026-02-25,75000,Nashville SC,MLS1,,,,,,,,,True,
1507276,Ahmed Al-Siyahi,2025-2026,2026-02-20,125000,Al-Riyadh Saudi Club,SA1,,,,,,,,,True,
1507561,Mouhamadou Sall,2025-2026,2026-03-13,100000,Sportvereniging Zulte Waregem,BE1,,,,,,,,,True,
1510255,Miguel Silva,2025-2026,2026-03-19,100000,Moreirense Futebol Clube,PO1,,,,,,,,,True,
1516761,,2025-2026,2026-03-26,50000,,,,,,,,,,,True,
1516901,Bryan Zamblé,2025-2026,2026-02-25,500000,San Diego Football Club,MLS1,,,,,,,,,True,
1519157,,2025-2026,2026-03-30,100000,,,,,,,,,,,True,
